frame_idx,gps_dist,log_gps,log_semantic,log_corridor,corridor_dist,corridor_heading_misalign,correct_hits,incorrect_hits,no_hits,weight,gps_weight_used,corridor_weight_used,num_background_used,num_observations,semantic_model_used,semantic_classes_mode,gps_enabled,semantic_enabled,corridor_enabled,background_enabled,dynamic_gps_enabled,pose_smoothing_enabled,detection_drop_rate,detections_raw,detections_kept,detections_dropped,pose_backend_used,diagnostics_level,gnss_robust_mode,raw_best_x,raw_best_y,raw_best_theta,raw_weighted_x,raw_weighted_y,raw_weighted_theta,smoothed_x,smoothed_y,smoothed_theta,ess,max_weight,particle_count,gnss_innovation,gnss_robust_scale,gnss_row_gate_scale,gnss_row_gate_reason,row_likelihood_mode,row_mixture_top_k,row_hypothesis_id,row_hypothesis_second_id,row_hypothesis_score,row_hypothesis_second_score,row_hypothesis_prob,row_hypothesis_second_prob,row_hypothesis_entropy,row_hypothesis_gap,row_marginal_logscore,row_switch_event,row_switch_count,headland_flag,delayed_correction_status,delayed_correction_applied,delayed_correction_m,semantic_penalty_cap,smoother_status
0,0.023799695074558258,-0.00023406013497151434,0.0,-0.03352411091327667,0.3808453381061554,0.017793595790863037,0,0,0,0.018818095326423645,0.5415162454873647,0.3,116,127,wall,both,1,0,1,1,1,1,0.0,4,4,0,alpha,standard,huber,10.04302771686377,9.753938251980792,7.769742909509189,10.04302771686377,9.753938251980792,7.769742909509189,10.04302771686377,9.753938251980792,7.769742909509189,82.52086641619917,0.018818095326423645,100,3.0245251655578613,0.9918912344201515,1.0,disabled,single,3,row_1,row_2,-0.03352411091327667,-1.8146355152130127,0.854659794997512,0.1439681486048703,0.42230345103048084,1.781111404299736,0.1235276789032499,0,0,0,disabled,0,0.0,50.0,alpha
4,1.8989810943603516,-1.4901360273361206,0.0,-0.05868339538574219,0.40187662839889526,0.07472878694534302,0,0,0,0.008610984310507774,0.48231511254019294,0.3,120,161,wall,both,1,0,1,1,1,1,0.0,3,3,0,alpha,standard,huber,10.660985226000236,6.476854398197542,-1.7961348656646234,10.660985226000236,6.476854398197542,-1.7961348656646234,10.49555216347487,9.285622573612322,3.061005081199056,203.26622762541248,0.008610984310507774,250,6.8521058559417725,0.43782160741118203,1.0,disabled,single,3,row_1,row_2,-0.05868339538574219,-1.8912307024002075,0.8609130477584862,0.1377507926781654,0.4108391529214574,1.8325473070144653,0.09107837409602224,0,0,0,disabled,0,0.0,50.0,alpha
8,1.015436053276062,-0.4260786771774292,0.0,-0.006996162235736847,0.1774025708436966,0.0007758736610412598,0,0,0,0.008003531023859978,0.5154639175257733,0.3,120,141,wall,both,1,0,1,1,1,1,0.0,3,3,0,alpha,standard,huber,10.74803588496353,4.935759106110419,-1.341814607805648,10.64428959098314,7.5543660688176875,-1.6077396617836044,9.880904771491508,8.389678766718202,-2.408074311698334,193.936892330879,0.008003531023859978,250,5.074277400970459,0.5912171848204925,1.0,disabled,single,3,row_1,row_2,-0.006996162235736847,-1.5690345764160156,0.8249935253258925,0.17300787678903984,0.4746621047476669,1.5620384141802788,0.1853835785323431,0,0,0,disabled,0,0.0,50.0,alpha
12,0.614062488079071,-0.15581518411636353,0.0,-0.1213686391711235,0.46680769324302673,0.13368380069732666,0,0,0,0.007976244203746319,0.5434782608695653,0.3,115,126,wall,both,1,0,1,1,1,1,0.0,3,3,0,alpha,standard,huber,11.024875842391502,5.020520364882884,-1.8254360039717226,10.605414194025794,5.6499913215630615,-1.6452725287974237,9.986143808606233,6.618560148410386,-2.025809509084027,167.34638472286198,0.007976244203746319,250,2.606102705001831,1.0,1.0,disabled,single,3,row_1,row_2,-0.06929612904787064,-1.9388444423675537,0.8654638251123343,0.1334487172918381,0.4012421154545397,1.869548313319683,0.07519357271104571,0,0,0,disabled,0,0.0,50.0,alpha
16,0.3329586088657379,-0.0458105094730854,0.0,-0.004870553035289049,0.13729266822338104,0.012924671173095703,0,0,0,0.008028635755181313,0.5263157894736842,0.3,120,135,wall,both,1,0,1,1,1,1,0.0,6,6,0,alpha,standard,huber,10.216630102365155,5.8586350790671,-1.2461374734867463,10.396099377263969,5.426056563289095,-1.642780414257428,10.134757902222447,5.805583569579534,-1.833732006764234,180.9588195743555,0.008028636686503887,250,1.6376469731330872,1.0,1.0,disabled,single,3,row_1,row_2,-0.004870553035289049,-1.2342921495437622,0.7705327979986346,0.22535132401885508,0.5592600629677299,1.2294215965084732,0.2558025049302265,0,0,0,disabled,0,0.0,50.0,alpha
20,6.116321086883545,-11.44542407989502,0.0,-0.07846134901046753,0.5934292674064636,0.007068753242492676,0,0,0,0.009916082955896854,0.5357142857142857,0.3,104,130,wall,both,1,0,1,1,1,1,0.0,3,3,0,alpha,standard,huber,10.924693124257766,6.055752251734737,-1.288117027480336,10.703238495550618,5.090141990280655,-1.5054147470813626,10.363642144394571,5.100834314479265,-1.6677304515971445,187.50016604307373,0.009916082955896854,250,7.113948583602905,0.4217067307619801,1.0,disabled,single,3,row_1,row_2,-0.07846134901046753,-2.1183676719665527,0.8841014924314815,0.11496934683067526,0.3640823365581544,2.039906322956085,0.04472206348138821,0,0,0,disabled,0,0.0,50.0,alpha
24,1.5237925052642822,-0.9594808220863342,0.0,-0.12898603081703186,0.4200913608074188,0.14830172061920166,0,0,0,0.010605513118207455,0.5474452554744526,0.3,91,124,wall,both,1,0,1,1,1,1,0.0,4,4,0,alpha,standard,huber,10.85770171335789,5.452224873401963,-1.8539979723704065,10.684555088511502,4.692270517069898,-1.4603020078492683,10.50766084641527,4.542066297113661,-1.5574270466099545,185.6786289992845,0.010605513118207455,250,2.523348569869995,1.0,1.0,disabled,single,3,row_1,row_2,-0.08113172650337219,-1.9155274629592896,0.8611280773157981,0.13753074760464012,0.4104681391480333,1.8343957364559174,0.06838030497237313,0,0,0,disabled,0,0.0,50.0,alpha
28,2.7828240394592285,-3.200045347213745,0.0,-0.16271209716796875,0.845373272895813,0.03090977668762207,0,0,0,0.007124661467969418,0.49342105263157904,0.3,120,154,wall,both,1,0,1,1,1,1,0.0,5,5,0,alpha,standard,huber,11.492103975248613,4.483014751303694,-1.7325399429554038,11.065630755977246,3.9660819326636565,-1.37426461904321,10.819233927266403,3.8745192000746806,-1.4624250369836118,214.28135646714125,0.007124661467969418,250,3.6026636362075806,0.8327172067492854,1.0,disabled,single,3,row_1,row_2,-0.16271209716796875,-2.4665279388427734,0.9087232574379768,0.09076055354462317,0.30866792666148835,2.3038158416748047,-0.06699741874688253,0,0,0,disabled,0,0.0,50.0,alpha
32,3.4269936084747314,-4.777670383453369,0.0,-0.4747050404548645,1.4610891342163086,0.008703172206878662,0,0,0,0.0065239910036325455,0.5016722408026756,0.3,120,149,wall,both,1,0,1,1,1,1,0.0,5,5,0,alpha,standard,huber,12.41356588150704,2.641187018000559,-1.2559681619651348,11.455893364645657,3.36007283647104,-1.2853559648634383,11.199361465787355,3.316155272258425,-1.369863662558315,221.72866007974616,0.006523991469293833,250,4.635353088378906,0.6471998880778188,1.0,disabled,single,3,row_1,row_2,-0.4747050404548645,-3.395245313644409,0.9487066826109246,0.051139612732966376,0.20335241406063395,2.9205402731895447,-0.4220494318131509,0,0,0,disabled,0,0.0,50.0,alpha
36,0.01166811678558588,-5.6258246331708506e-05,0.0,-0.015410439111292362,0.2633214294910431,0.0006922483444213867,0,0,0,0.010703190229833126,0.5882352941176471,0.3,96,105,wall,both,1,0,1,1,1,1,0.0,4,4,0,alpha,standard,huber,10.94310265947089,1.11997261786067,-1.3396051806389102,11.475462774257492,2.306015510194089,-1.35334787843632,11.435464478282292,2.3469551060525813,-1.3489795872422308,189.5208834316777,0.010703190229833126,250,1.7082502841949463,1.0,1.0,disabled,single,3,row_1,row_2,-0.015410439111292362,-1.0787972211837769,0.7392569340410442,0.2552539052026575,0.6004560118117254,1.0633867820724845,0.28669930134992627,0,0,0,disabled,0,0.0,50.0,alpha
40,0.44932830333709717,-0.08342806994915009,0.0,-0.293258398771286,1.1461999416351318,0.017905116081237793,0,0,0,0.007279030978679657,0.6578947368421053,0.3,78,78,wall,both,1,0,1,1,1,1,0.0,2,2,0,alpha,standard,huber,12.187872859056482,2.1298268497237727,-1.1984779665509406,11.843474914957097,1.9399524339877638,-1.2432614870362884,11.705131742496892,1.9224120723855247,-1.292888295977559,207.09271590180558,0.007279030978679657,250,1.205665647983551,1.0,1.0,disabled,single,3,row_1,row_2,-0.293258398771286,-2.8881781101226807,0.9302490115042872,0.06944482783867106,0.2549618591649068,2.5949197113513947,-0.22095542440234894,0,0,0,disabled,0,0.0,50.0,alpha
44,0.664991557598114,-0.1827329695224762,0.0,-0.009158983826637268,0.20301514863967896,0.00012302398681640625,0,0,0,0.010336099192500114,0.663716814159292,0.3,61,76,wall,both,1,0,1,1,1,1,0.0,4,4,0,alpha,standard,huber,10.905572729110528,1.6441911344179267,-1.3723120921484835,11.637858039256542,1.599236992945491,-1.3669341219250646,11.711880278852561,1.591316693944592,-1.32795456696291,180.64737973844547,0.010336099192500114,250,1.6941697001457214,1.0,1.0,disabled,single,3,row_1,row_2,-0.009158983826637268,-1.135377287864685,0.751446267694984,0.24366184977609698,0.5847998111095256,1.1262183040380478,0.2765965885919311,0,0,0,disabled,0,0.0,50.0,alpha
48,0.5144495964050293,-0.10936297476291656,0.0,-0.008202017284929752,0.19176991283893585,0.00269472599029541,0,0,0,0.017867103219032288,0.6147540983606558,0.3,79,94,wall,both,1,0,1,1,1,1,0.0,3,3,0,alpha,standard,huber,11.316752682023228,-0.3329003009574103,-1.2451435367095773,11.602431812532581,0.9874102915114071,-1.4166216703264545,11.686668068810796,1.1179485357099113,-1.3705148575522472,167.16653530770583,0.017867103219032288,250,2.182098388671875,1.0,1.0,disabled,single,3,row_1,row_2,-0.008202017284929752,-1.1447117328643799,0.7537549026484299,0.2419080116593282,0.5799889330295875,1.1365097155794501,0.2744860093341064,0,0,0,disabled,0,0.0,50.0,alpha
52,1.1920830011367798,-0.5872156620025635,0.0,-0.005048752762377262,0.0059208134189248085,0.03514307737350464,0,0,0,0.009947167709469795,0.5747126436781609,0.3,96,111,wall,both,1,0,1,1,1,1,0.0,3,3,0,alpha,standard,huber,11.58311843615651,-0.6217679176428579,-1.0526753670597575,11.734149847968698,0.4084047200495968,-1.3566213575244945,11.752060117786428,0.5342192741326391,-1.3614620592571012,191.80056199866013,0.009947167709469795,250,1.8241320252418518,1.0,1.0,disabled,single,3,row_1,row_2,-0.005048752762377262,-1.3701142072677612,0.794302506707937,0.2028362341222048,0.5232736593270397,1.365065454505384,0.22524214671515466,0,0,0,disabled,0,0.0,50.0,alpha
56,2.4509103298187256,-2.482215404510498,0.0,-0.15807798504829407,0.8429358601570129,0.006641030311584473,0,0,0,0.01365477405488491,0.6355932203389831,0.3,71,86,wall,both,1,0,1,1,1,1,0.0,3,3,0,alpha,standard,huber,12.019347817237435,1.3803776373336962,-1.492128361614124,11.936866745623194,0.39182810136750773,-1.2932405546040369,11.877929717892492,0.34187096213139306,-1.326098167581489,175.76260379587964,0.01365477405488491,229,3.378352403640747,0.88800682746033,1.0,disabled,single,3,row_1,row_2,-0.15807798504829407,-2.4352526664733887,0.9064361896908085,0.09297642387875875,0.3142705537495878,2.2771746814250946,-0.059843341826244095,0,0,0,disabled,0,0.0,50.0,alpha
60,2.728783369064331,-3.0769662857055664,0.0,-0.5594065189361572,1.5828156471252441,0.02558612823486328,0,0,0,0.017593659460544586,0.5882352941176471,0.3,105,105,wall,both,1,0,1,1,1,1,0.0,1,1,0,alpha,standard,huber,13.207858617542003,-0.6113283781649854,-1.262286678125752,12.226223120412659,-0.06512906128603571,-1.1825722866060762,12.111810236879961,-0.05145766950874962,-1.257263171718095,187.95572849658893,0.017593661323189735,240,3.988861560821533,0.7520942891239699,1.0,disabled,single,3,row_1,row_2,-0.5567447543144226,-3.686396837234497,0.9580076998537029,0.04189656038230795,0.1749029778827168,3.1296520829200745,-0.5138452906964234,0,0,0,disabled,0,0.0,50.0,alpha
64,1.9817832708358765,-1.6229194402694702,0.0,-0.14371243119239807,0.8018175959587097,0.014373302459716797,0,0,0,0.023945029824972153,0.5928853754940712,0.3,98,103,wall,both,1,0,1,1,1,1,0.0,2,2,0,alpha,standard,huber,12.091963574879724,0.7974317091032077,-1.5465685768576978,12.297917310314073,-0.11241624905240474,-1.2129011563912098,12.271453588024464,-0.2616646529846851,-1.2436671829805837,146.4002458570105,0.02394503355026245,250,3.259299397468567,0.9204432100745455,1.0,disabled,single,3,row_1,row_2,-0.14371243119239807,-2.362884044647217,0.9014008499195216,0.09798147593080488,0.32574315176742763,2.2191716134548187,-0.03990720535467332,0,0,0,disabled,0,0.0,50.0,alpha
68,0.3594178855419159,-0.05338067188858986,0.0,-0.050632037222385406,0.400179386138916,0.060711801052093506,0,0,0,0.009990858845412731,0.5859375,0.3,93,106,wall,both,1,0,1,1,1,1,0.0,2,2,0,alpha,standard,huber,11.287510844123203,-1.4384869916512806,-1.8392311765019522,12.238826404002715,-1.1205130394493157,-1.3905087204165392,12.408622863027098,-1.191163391232072,-1.3111428542053254,181.11476353455674,0.009990858845412731,250,1.8228455781936646,1.0,1.0,disabled,single,3,row_1,row_2,-0.050632037222385406,-0.9762716889381409,0.7114934442779579,0.2819490982050247,0.6321055914008449,0.9256396517157555,0.28975703821753857,0,0,0,disabled,0,0.0,50.0,alpha
72,0.5097191333770752,-0.10736099630594254,0.0,-0.345988005399704,1.2219462394714355,0.05893385410308838,0,0,0,0.007035679183900356,0.5357142857142857,0.3,117,130,wall,both,1,0,1,1,1,1,0.0,1,1,0,alpha,standard,huber,12.873634640146689,-0.93301118559676,-1.143957251135275,12.688657679036037,-1.4466154462762015,-1.2206222171559382,12.618493677738595,-1.5419069128819354,-1.265006111572429,200.31783235241633,0.007035679183900356,250,1.2205926775932312,1.0,1.0,disabled,single,3,row_1,row_2,-0.34400516748428345,-3.0506551265716553,0.9372070240434031,0.06256801732696765,0.23607577155586643,2.706649959087372,-0.27915408981897244,0,0,0,disabled,0,0.0,50.0,alpha
76,2.257474184036255,-2.105863571166992,0.0,-0.5922067761421204,1.6324577331542969,0.0008202195167541504,0,0,0,0.010234368033707142,0.5555555555555556,0.3,105,120,wall,both,1,0,1,1,1,1,0.0,2,2,0,alpha,standard,huber,13.62739634751827,-2.769363577496231,-1.3576130190488311,12.888768998204966,-2.141895542708202,-1.2382646916729776,12.846533370041307,-2.1233744732698447,-1.2523811456867302,203.254679266481,0.010234368965029716,250,3.2197492122650146,0.9317495873815506,1.0,disabled,single,3,row_1,row_2,-0.5922067761421204,-3.8449783325195312,0.9626878991143506,0.03722414874920022,0.15992567998561727,3.252771556377411,-0.5541807641280712,0,0,0,disabled,0,0.0,50.0,alpha
80,2.7985167503356934,-3.2362380027770996,0.0,-0.5727381706237793,1.6048210859298706,0.01009303331375122,0,0,0,0.01173371635377407,0.5300353356890459,0.3,120,133,wall,both,1,0,1,1,1,1,0.0,1,1,0,alpha,standard,huber,13.71494343167809,-3.432159653725547,-1.2559209964937548,13.146099888404233,-2.72070176632004,-1.2420401810879442,13.08486094962679,-2.675080977893507,-1.2524203090582149,207.93384149321463,0.01173371635377407,250,3.93155300617218,0.7630572436109276,1.0,disabled,single,3,row_1,row_2,-0.5727381706237793,-3.7749593257904053,0.960830164169701,0.03907865890603391,0.16594067127863577,3.202221155166626,-0.5327805567623403,0,0,0,disabled,0,0.0,50.0,alpha
84,2.972503185272217,-3.65114688873291,0.0,-1.8813577890396118,2.860910177230835,0.12375539541244507,0,0,0,0.007652581203728914,0.5319148936170213,0.3,120,132,wall,both,1,0,1,1,1,1,0.0,2,2,0,alpha,standard,huber,14.7757362538295,-2.2037117675351237,-0.8953347465208492,13.53004802825245,-2.977523051533155,-1.1466218479705614,13.389343230437458,-3.02234508365499,-1.1995879928252446,223.3048341703498,0.007652581203728914,250,4.563786029815674,0.6573489599207101,1.0,disabled,single,3,row_1,row_2,-1.865083932876587,-6.519816875457764,0.9905675844132728,0.00942669119010233,0.05342495621058467,4.654732942581177,-1.8556067503285092,0,0,1,disabled,0,0.0,50.0,alpha
88,0.46667858958244324,-0.08999541401863098,0.0,-0.6685355305671692,1.6913840770721436,0.08965277671813965,0,0,0,0.007252069190144539,0.5,0.3,0,0,wall,both,1,0,1,1,1,1,0.0,0,0,0,alpha,standard,huber,14.016491627980548,-4.58202684205472,-0.9549107778067167,13.893704467028448,-3.728197868402318,-1.128031790925301,13.782580368655822,-3.7081550963276975,-1.1566364640130269,210.76776969273482,0.007252069190144539,250,1.3335650563240051,1.0,1.0,disabled,single,3,row_1,row_2,-0.6685355305671692,-3.941746473312378,0.9634243014115945,0.03649893111962976,0.15745455175498485,3.2732109427452087,-0.6312741700961852,0,0,0,disabled,0,0.0,50.0,alpha
92,0.5613945126533508,-0.13023297488689423,0.0,-0.10362289100885391,0.6269595623016357,0.0631401538848877,0,0,0,0.007895196788012981,0.5,0.3,0,0,wall,both,1,0,1,1,1,1,0.0,0,0,0,alpha,standard,huber,12.398501018080434,-6.914233237536235,-1.7142203768396602,14.427514333251233,-6.800546900294151,-1.353493318548482,14.71614346849076,-6.725776834814795,-1.2881367036348805,200.27507810191815,0.007895196788012981,250,3.329541802406311,0.901024879108547,1.0,disabled,single,3,row_1,row_2,-0.10362289100885391,-1.1007184982299805,0.7264747225265358,0.2680324570812132,0.6136366950222646,0.9970956072211266,0.215928699062354,0,0,0,disabled,0,0.0,50.0,alpha
96,0.5980345606803894,-0.14778733253479004,0.0,-1.4885915517807007,2.587383508682251,0.01495581865310669,0,0,0,0.006570361088961363,0.5,0.3,0,0,wall,both,1,0,1,1,1,1,0.0,0,0,0,alpha,standard,huber,14.350061844009549,-8.293578496314588,-1.530130384441096,14.412853709865933,-7.769542948111642,-1.6475518628311185,14.657919072691552,-7.673716941318119,-1.583618786074217,205.3938535566228,0.00657036155462265,250,1.8198389410972595,1.0,1.0,disabled,single,3,row_1,row_2,-1.4885915517807007,-4.356656074523926,0.94609417333909,0.05374644849634867,0.2109462558580421,2.868064522743225,-1.4331783858800096,0,0,1,disabled,0,0.0,50.0,alpha
100,0.4830644428730011,-0.09642614424228668,0.0,-0.9462719559669495,2.0333359241485596,0.08208847045898438,0,0,0,0.009051916189491749,0.5,0.3,0,0,wall,both,1,0,1,1,1,1,0.0,0,0,0,alpha,standard,huber,13.769475530670466,-8.040009385183597,-1.764975947846482,14.099842488449795,-8.277027583763765,-1.7409510663603989,14.348037132256172,-8.23479631047309,-1.684876347351287,192.23759512636505,0.009051916189491749,250,1.3291693925857544,1.0,1.0,disabled,single,3,row_1,row_2,-0.9462719559669495,-3.2308034896850586,0.9071306620211068,0.09236563238569995,0.31225678171820476,2.284531533718109,-0.848803176284573,0,0,0,disabled,0,0.0,50.0,alpha
104,2.179561138153076,-1.9630111455917358,0.0,-0.9962261915206909,2.1110897064208984,0.0378534197807312,0,0,0,0.01709330640733242,0.5555555555555556,0.3,120,120,wall,both,1,0,1,1,1,1,0.0,3,3,0,alpha,standard,huber,11.669618666227148,-8.272742370674669,2.07182611176776,13.340065115195305,-9.30982603514287,2.961743119271359,13.728126857052708,-9.397952134060787,3.0801370609501824,174.68868934282528,0.01709330454468727,250,4.235582590103149,0.7082850909364373,1.0,disabled,single,3,row_2,row_1,-0.9962261915206909,-1.0507481098175049,0.4984115347172738,0.4719646989376831,0.8056850128138249,0.054521918296813965,-0.2998970232377183,1,1,0,disabled,0,0.0,50.0,alpha
108,1.0683445930480957,-0.47163644433021545,0.0,-0.7191148400306702,1.7880373001098633,0.04604387283325195,0,0,0,0.007995197549462318,0.5474452554744526,0.3,120,124,wall,both,1,0,1,1,1,1,0.0,4,4,0,alpha,standard,huber,11.036629371981117,-8.338752461503248,2.100438444421382,12.43211979393219,-9.088018310378104,2.2816890860321535,12.815229985074023,-9.215176193645528,2.427229360220424,195.60938395585805,0.007995197549462318,250,2.336927652359009,1.0,1.0,disabled,single,3,row_2,row_1,-0.7191148400306702,-1.4770550727844238,0.6285826207269105,0.2945731159164808,0.8490591815486906,0.7579402327537537,-0.25482703744295576,0,1,0,disabled,0,0.0,50.0,alpha
112,1.281481146812439,-0.6785925626754761,0.0,-0.21589349210262299,0.9856573343276978,0.00013965368270874023,0,0,0,0.008400354534387589,0.5338078291814947,0.3,120,131,wall,both,1,0,1,1,1,1,0.0,13,13,0,alpha,standard,huber,10.229710471088278,-7.7452473457272175,1.8125147340134262,11.637631154068028,-8.479426427250614,1.5393319185544505,11.931729491730508,-8.606022909671406,1.6004649966406967,200.08536331418455,0.008400354534387589,250,2.352211356163025,1.0,1.0,disabled,single,3,row_2,row_3,-0.21589349210262299,-1.5211516618728638,0.671878727036645,0.18214802646884048,0.8582783332888799,1.3052581697702408,0.18178392836154,0,1,0,disabled,0,0.0,50.0,alpha
116,2.250910520553589,-2.0936355590820312,0.0,-0.7702748775482178,1.861348032951355,0.00939267873764038,0,0,0,0.011039252392947674,0.4854368932038835,0.3,120,159,wall,both,1,0,1,1,1,1,0.0,13,13,0,alpha,standard,huber,10.308800610973204,-8.618119180099256,1.9329694247270348,11.22876298697927,-7.869280321906697,1.5229420571341437,11.534692213273614,-7.85018712150652,1.4779231245603741,179.60676156843576,0.011039253324270248,250,3.9399977922439575,0.7614217464551933,1.0,disabled,single,3,row_2,row_3,-0.7702748775482178,-2.0010199546813965,0.6696347483480094,0.19558348761347746,0.8578016258684492,1.2307450771331787,-0.36925201058247825,0,1,0,disabled,0,0.0,50.0,alpha
120,2.387255907058716,-2.354954957962036,0.0,-0.15995043516159058,0.7780624032020569,0.07891905307769775,0,0,0,0.009283888153731823,0.4746835443037975,0.3,120,166,wall,both,1,0,1,1,1,1,0.0,10,10,0,alpha,standard,huber,12.832810522788968,-7.097858366245664,1.3846795255942634,11.490599925218241,-7.264692443720369,1.4219828961816932,11.532351683731015,-7.292928219934199,1.4107142957625243,217.18953129032457,0.009283889085054398,250,3.9682620763778687,0.7559984553082557,1.0,disabled,single,3,row_1,row_2,-0.15995043516159058,-1.5976189374923706,0.8060734859468529,0.19142697602384448,0.5052264050121887,1.43766850233078,0.05562993183864989,1,2,0,disabled,0,0.0,50.0,alpha
124,0.28368014097213745,-0.03325389325618744,0.0,-0.0360635407269001,0.39547789096832275,0.017897069454193115,0,0,0,0.007682471536099911,0.5415162454873647,0.3,120,127,wall,both,1,0,1,1,1,1,0.0,7,7,0,alpha,standard,huber,10.050047347079564,-7.127310937468391,1.9852788525953402,11.144491807402831,-6.700810017152538,1.5289502676799769,11.361072173458322,-6.70687378259458,1.4498677572400824,200.85805666884167,0.007682471536099911,250,2.042067050933838,1.0,1.0,disabled,single,3,row_2,row_3,-0.0360635407269001,-1.2564796209335327,0.6687149002098594,0.1973426841441138,0.8586100704502315,1.2204160802066326,0.36633392708994145,1,3,0,disabled,0,0.0,50.0,alpha
128,1.034679889678955,-0.44238120317459106,0.0,-0.04388170316815376,0.4438428282737732,0.0050650835037231445,0,0,0,0.009944701567292213,0.5474452554744526,0.3,119,124,wall,both,1,0,1,1,1,1,0.0,7,7,0,alpha,standard,huber,12.582462932396096,-6.779289522267942,1.6839368462839115,11.4838148289715,-6.355541692395071,1.475607359086589,11.449785678221248,-6.339144917081286,1.4592415432942163,198.1513688972837,0.009944702498614788,250,2.490289330482483,1.0,1.0,disabled,single,3,row_1,row_2,-0.04388170316815376,-1.2648221254348755,0.7693919212403034,0.22693419099038756,0.5588624580559883,1.2209404222667217,0.21827308562850328,1,4,0,disabled,0,0.0,50.0,alpha
132,1.5441313982009888,-0.9852651953697205,0.0,-0.09063328802585602,0.6356999278068542,0.01426088809967041,0,0,0,0.014264710247516632,0.5244755244755245,0.3,120,136,wall,both,1,0,1,1,1,1,0.0,10,10,0,alpha,standard,huber,10.600260753535494,-7.251524901358831,1.6267166837821163,11.104335393665338,-6.184687165885813,1.6006761379378487,11.282638633726954,-6.050205976963834,1.5259699307605104,174.88641531701262,0.014264710247516632,250,3.2429347038269043,0.9250880063850119,1.0,disabled,single,3,row_2,row_1,-0.09063328802585602,-1.1207290887832642,0.6578158013018081,0.23482232260314612,0.8553368118297155,1.0300958007574081,0.32819703605199907,1,5,0,disabled,0,0.0,50.0,alpha
136,2.644460678100586,-2.8897407054901123,0.0,-0.023722998797893524,0.2645045518875122,0.044755518436431885,0,0,0,0.00973384641110897,0.5050505050505051,0.3,120,147,wall,both,1,0,1,1,1,1,0.0,8,8,0,alpha,standard,huber,10.0906530679942,-4.996804966393611,1.4680480959138782,10.660880646189568,-5.90565960824411,1.6834359180636118,10.94851060247813,-5.795951057095698,1.6021298545901184,198.33409794412043,0.009733847342431545,250,4.083425998687744,0.7346772051125904,1.0,disabled,single,3,row_2,row_1,-0.023722998797893524,-1.1247259378433228,0.662654441816577,0.2203573862738417,0.8569944018597799,1.1010029390454292,0.3877786297689116,0,5,0,disabled,0,0.0,50.0,alpha
140,0.8526877164840698,-0.3004447817802429,0.0,-0.045340344309806824,0.44386473298072815,0.019543886184692383,0,0,0,0.010473823174834251,0.5119453924914675,0.3,108,143,wall,both,1,0,1,1,1,1,0.0,13,13,0,alpha,standard,huber,10.149400404434592,-4.367025135204146,1.5612499460981066,10.763102456910747,-5.253725051570456,1.7255931605505819,10.840053888065004,-5.290915926466338,1.7015593662268662,197.00101471733814,0.010473824106156826,250,2.391250252723694,1.0,1.0,disabled,single,3,row_2,row_1,-0.045340344309806824,-0.9517794251441956,0.6457436755042035,0.2608547025402217,0.854393006718837,0.9064390808343887,0.39201229677577304,0,5,0,disabled,0,0.0,50.0,alpha
144,0.8663659691810608,-0.31016114354133606,0.0,-0.013689572922885418,0.21669833362102509,0.028237104415893555,0,0,0,0.00944926030933857,0.5244755244755245,0.3,94,136,wall,both,1,0,1,1,1,1,0.0,11,11,0,alpha,standard,huber,10.287927312107472,-6.186315696006518,2.0340079481155353,10.477545709042364,-4.992338967880771,1.789836950404943,10.614105440219863,-4.924674061728846,1.7542881797853447,206.11497316963957,0.00944926030933857,250,2.5196053981781006,1.0,1.0,disabled,single,3,row_2,row_1,-0.013689572922885418,-1.156898021697998,0.6646025726870035,0.21187167359578946,0.8586412118658422,1.1432084487751126,0.3948764791155498,0,5,0,disabled,0,0.0,50.0,alpha
148,0.4047298729419708,-0.06768854707479477,0.0,-0.04299820214509964,0.43765732645988464,0.010298371315002441,0,0,0,0.008290449157357216,0.4531722054380664,0.3,120,181,wall,both,1,0,1,1,1,1,0.0,8,8,0,alpha,standard,huber,10.334059242251056,-5.33060909622386,1.6247200925358554,10.388379801280093,-4.231553037626012,1.833138047100084,10.416459896379067,-4.147419598976754,1.820796890884358,210.26029254305388,0.008290449157357216,250,1.8074637651443481,1.0,1.0,disabled,single,3,row_2,row_1,-0.04299820214509964,-0.948978841304779,0.6452206731492184,0.2607629476426205,0.8554962192144764,0.9059806391596794,0.39516468964049917,0,5,0,disabled,0,0.0,50.0,alpha
152,2.6734795570373535,-2.953509569168091,0.0,-0.07303988933563232,0.5454756617546082,0.04117244482040405,0,0,0,0.010855870321393013,0.4587155963302753,0.3,120,177,wall,both,1,0,1,1,1,1,0.0,7,7,0,alpha,standard,huber,12.397230344238622,-2.141970448045275,1.4927355582524884,10.589266538803377,-3.1676090114295583,1.7202684822570036,10.402394026486085,-3.181217260899352,1.7458769516589783,202.04341990815976,0.010855871252715588,250,5.2967188358306885,0.5663883798599832,1.0,disabled,single,3,row_1,row_2,-0.07303988933563232,-2.0846893787384033,0.8811686819689675,0.11787203474226825,0.3701684386088834,2.011649489402771,0.053466315557593014,1,6,0,disabled,0,0.0,50.0,alpha
156,0.9414877891540527,-0.3662807047367096,0.0,-0.004311639815568924,0.13865594565868378,0.003103494644165039,0,0,0,0.008839553222060204,0.5172413793103449,0.3,120,140,wall,both,1,0,1,1,1,1,0.0,5,5,0,alpha,standard,huber,11.782910764160029,-0.8866914020033738,1.573802937531232,10.998493323743322,-1.8277018970635395,1.667891382367383,10.633438776765345,-1.8895007647409399,1.71757892462234,198.18093602315733,0.008839553222060204,250,2.494096517562866,1.0,1.0,disabled,single,3,row_1,row_2,-0.004311639815568924,-1.5292651653289795,0.8195245030394346,0.17835407719995697,0.48364919118969146,1.5249535255134106,0.1947193414425722,0,6,0,disabled,0,0.0,50.0,alpha
160,1.5595757961273193,-1.005073070526123,0.0,-0.07325726747512817,0.5689586997032166,0.017988920211791992,0,0,0,0.00955130998045206,0.5136986301369862,0.3,120,142,wall,both,1,0,1,1,1,1,0.0,11,11,0,alpha,standard,huber,11.101277614507277,-1.2325240285893633,1.8425715288099962,11.174217914256513,-0.34599104639050693,1.639507412370849,10.824296566969384,-0.3197474116764807,1.6957208383110016,201.83892180984884,0.00955130998045206,250,2.7349575757980347,1.0,1.0,disabled,single,3,row_1,row_2,-0.07325726747512817,-0.8128694891929626,0.6709171621215025,0.32022806762646105,0.6742748914599139,0.7396122217178345,0.3258523365208221,0,6,0,disabled,0,0.0,50.0,alpha
164,0.9201856255531311,-0.3498932123184204,0.0,-0.11293455213308334,0.7099061012268066,0.015191435813903809,0,0,0,0.007070417050272226,0.49019607843137253,0.3,120,156,wall,both,1,0,1,1,1,1,0.0,12,12,0,alpha,standard,huber,12.189472584246115,-0.10622168857723413,1.9975477374880697,11.402183429636871,0.566380784885308,1.6587702693909714,11.089511783298759,0.5866643828969815,1.6841149824353874,208.47827938011525,0.007070417050272226,250,2.1375415325164795,1.0,1.0,disabled,single,3,row_1,row_2,-0.11293455213308334,-2.2353334426879883,0.8924443858883846,0.10686488809097665,0.3455493447136355,2.122398890554905,0.0008565278668796472,0,6,0,disabled,0,0.0,50.0,alpha
168,3.025099992752075,-3.7812399864196777,0.0,-0.09992118179798126,0.6558769941329956,0.03255873918533325,0,0,0,0.018112799152731895,0.46439628482972134,0.3,120,173,wall,both,1,0,1,1,1,1,0.0,11,11,0,alpha,standard,huber,8.089416089608498,0.7940406038802046,2.0361275323093206,10.713702004187585,1.242154454484929,1.78833903318179,10.841487840124216,1.3103325243229782,1.7330312620976391,181.3983476396633,0.018112799152731895,250,5.934928894042969,0.5054820459620287,1.0,disabled,single,3,row_2,row_3,-0.09992118179798126,-0.7556341290473938,0.6081938664028912,0.3156963213408507,0.8624480321547167,0.6557129472494125,0.39734040682750316,1,7,0,disabled,0,0.0,50.0,alpha
172,0.34208807349205017,-0.04835712909698486,0.0,-0.0015827319584786892,0.0839141458272934,0.002096235752105713,0,0,0,0.008178705349564552,0.5084745762711864,0.3,84,145,wall,both,1,0,1,1,1,1,0.0,12,12,0,alpha,standard,huber,10.955823363685496,2.969109625501859,1.6774381631861184,10.915374280051626,2.4432552277688098,1.6751286505022696,10.801926258253832,2.42343476882823,1.700250831636751,182.71326295443907,0.008178705349564552,250,1.1997569799423218,1.0,1.0,disabled,single,3,row_1,row_2,-0.0015827319584786892,-1.4327049255371094,0.8048853863901884,0.19240022286026057,0.507854289269873,1.4311221935786307,0.2154726568967296,1,8,0,disabled,0,0.0,50.0,alpha
176,0.5056816935539246,-0.10566692799329758,0.0,-0.09419432282447815,0.6510337591171265,0.0012663602828979492,0,0,0,0.007579386699944735,0.5102040816326531,0.3,83,144,wall,both,1,0,1,1,1,1,0.0,6,6,0,alpha,standard,huber,9.042062434348171,2.87190946200423,1.8439395710625615,10.399734054148665,3.6174206506740387,1.7474413248822562,10.501625204401133,3.687699589492243,1.71658786388962,201.4390448582865,0.007579386699944735,250,1.7419479489326477,1.0,1.0,disabled,single,3,row_2,row_1,-0.09419432282447815,-0.7348892688751221,0.6074003236442361,0.32005509069442367,0.8577811550395305,0.6406949460506439,0.40437287071072914,1,9,0,disabled,0,0.0,50.0,alpha
180,2.2927541732788086,-2.172199010848999,0.0,-0.03191296011209488,0.168819397687912,0.07916444540023804,0,0,0,0.015953296795487404,0.5,0.3,120,150,wall,both,1,0,1,1,1,1,0.0,6,6,0,alpha,standard,huber,8.610394366653544,2.594877215647125,2.1941870665777543,10.054999596430541,3.8399703844291952,1.816555781532788,10.224694717082665,3.9845227754034864,1.7550760145358115,191.93970838929945,0.015953296795487404,250,3.8432637453079224,0.7805865532030095,1.0,disabled,single,3,row_2,row_1,-0.03191296011209488,-1.2075086832046509,0.6631459524515088,0.20467009339483574,0.8645558154160121,1.175595723092556,0.3788472134671055,0,9,0,disabled,0,0.0,50.0,alpha
184,0.44798994064331055,-0.08293181657791138,0.0,-0.00996391847729683,0.21148352324962616,0.0024732351303100586,0,0,0,0.008241302333772182,0.4587155963302753,0.3,120,177,wall,both,1,0,1,1,1,1,0.0,6,6,0,alpha,standard,huber,10.913164391388388,3.963474400925415,1.671853246367493,10.362381847123986,4.333218754481194,1.719196277543159,10.26283392149183,4.377967827210515,1.7348732115101893,190.75893662980192,0.008241302333772182,250,1.4978662729263306,1.0,1.0,disabled,single,3,row_1,row_2,-0.00996391847729683,-1.6407943964004517,0.8345181958554266,0.1633710623010016,0.459953085125829,1.6308304779231548,0.17093681314045345,1,10,0,disabled,0,0.0,50.0,alpha
188,0.47797954082489014,-0.09440679848194122,0.0,-0.028764137998223305,0.3580152094364166,0.008294761180877686,0,0,0,0.008872867561876774,0.5190311418685121,0.3,120,139,wall,both,1,0,1,1,1,1,0.0,3,3,0,alpha,standard,huber,8.456489320139314,4.594333441519238,1.9778398047889336,9.914487381183928,4.961885971800854,1.7782065811836054,10.015825375363118,5.033842397976764,1.7409503816981307,205.2915518284581,0.008872867561876774,250,1.5668624639511108,1.0,1.0,disabled,single,3,row_2,row_1,-0.028764137998223305,-1.0016270875930786,0.6503120219615238,0.24581748554849503,0.8599801369252014,0.9728629495948553,0.401538859486631,1,11,0,disabled,0,0.0,50.0,alpha
192,0.1417175680398941,-0.008299119770526886,0.0,-0.00022692076163366437,0.031847525388002396,0.0006119608879089355,0,0,0,0.01062131579965353,0.47619047619047616,0.3,120,165,wall,both,1,0,1,1,1,1,0.0,3,3,0,alpha,standard,huber,8.0931007935542,4.447050170464191,1.8839371819148223,9.484746180409026,5.3466384449578355,1.8536470198200885,9.681805004074192,5.449902639866181,1.7967788377661442,196.4386293954803,0.010621316730976105,250,2.1441802978515625,1.0,1.0,disabled,single,3,row_2,row_3,-0.00022692076163366437,-1.3998734951019287,0.6699009472348179,0.16525393439079966,0.8630557357883006,1.399646574340295,0.40039849671292704,0,11,0,disabled,0,0.0,50.0,alpha
196,1.1206929683685303,-0.5189887285232544,0.0,-0.023616457358002663,0.28514352440834045,0.036869049072265625,0,0,0,0.008056705817580223,0.4531722054380664,0.3,120,181,wall,both,1,0,1,1,1,1,0.0,4,4,0,alpha,standard,huber,9.915267389255563,6.77583500716458,1.4621153208550677,9.56198101058201,6.022426794592359,1.8156189254560233,9.56032343605754,6.006531052298449,1.8069234712083055,207.51623908869405,0.008056705817580223,250,2.1515876054763794,1.0,1.0,disabled,single,3,row_1,row_2,-0.023616457358002663,-1.093540906906128,0.740700255296553,0.25408569198464664,0.5978538327895169,1.0699244495481253,0.27654279193564685,1,12,0,disabled,0,0.0,50.0,alpha
200,0.22831857204437256,-0.021541062742471695,0.0,-0.007402160204946995,0.16217383742332458,0.0195351243019104,0,0,0,0.00831823330372572,0.48231511254019294,0.3,120,161,wall,both,1,0,1,1,1,1,0.0,3,3,0,alpha,standard,huber,9.946942336598859,7.30017150181224,1.5491672022196763,9.83486083166488,6.713894517086063,1.6898532030938518,9.657612312055448,6.618786148565022,1.7470273437232775,188.73696945144022,0.00831823330372572,250,1.1268922686576843,1.0,1.0,disabled,single,3,row_1,row_2,-0.007402160204946995,-1.2033265829086304,0.7646233831465722,0.23124065858912743,0.5665065410507615,1.1959244227036834,0.26096971578714356,0,12,0,disabled,0,0.0,50.0,alpha
204,0.35962048172950745,-0.05344086512923241,0.0,-0.0023142900317907333,0.10197405517101288,0.0009214878082275391,0,0,0,0.00910351611673832,0.47770700636942676,0.3,120,164,wall,both,1,0,1,1,1,1,0.0,4,4,0,alpha,standard,huber,9.88839511782127,7.971833365567094,1.7042194349566238,9.91924975864723,7.250385787127911,1.6687607128249276,9.768218867331692,7.153128778648239,1.7056946216874849,199.23183159982392,0.009103515185415745,250,1.3167139887809753,1.0,1.0,disabled,single,3,row_1,row_2,-0.0023142900317907333,-1.2508639097213745,0.7741633496933292,0.2221234431921133,0.5531326282499791,1.2485496196895838,0.25365809151230534,0,12,0,disabled,0,0.0,50.0,alpha
208,2.5411300659179688,-2.668323278427124,0.0,-0.014622884802520275,0.25077110528945923,0.012601792812347412,0,0,0,0.011070544831454754,0.46875,0.3,120,170,wall,both,1,0,1,1,1,1,0.0,3,3,0,alpha,standard,huber,9.93974526419536,6.835567609896938,1.90607581457797,9.839016510983969,7.516274560851249,1.7016243895374688,9.780315222820288,7.550632614995619,1.7134922707671194,204.07858072817643,0.011070544831454754,250,3.38273549079895,0.8868562168576314,1.0,disabled,single,3,row_1,row_2,-0.014622884802520275,-1.1228053569793701,0.748120255598582,0.24699825266999653,0.5884748960862566,1.1081824721768498,0.2755686596103525,0,12,0,disabled,0,0.0,50.0,alpha
212,0.69898521900177,-0.2018927037715912,0.0,-0.014012005180120468,0.2510986328125,0.00043654441833496094,0,0,0,0.00864385161548853,0.46439628482972134,0.3,120,173,wall,both,1,0,1,1,1,1,0.0,2,2,0,alpha,standard,huber,9.629311366723462,8.530315364853317,1.8018790940659475,9.921060099715303,7.939936591620456,1.651804005262936,9.841203253334417,7.879745085907571,1.6737564584741644,197.5534510946536,0.00864385161548853,250,1.4586750864982605,1.0,1.0,disabled,single,3,row_1,row_2,-0.014012005180120468,-1.096037745475769,0.7431528183519481,0.2518606505941533,0.594326690147,1.0820257402956486,0.2828415727740857,0,12,0,disabled,0,0.0,50.0,alpha
216,2.0053040981292725,-1.6616712808609009,0.0,-0.013861197978258133,0.17432230710983276,0.04173153638839722,0,0,0,0.01577066071331501,0.528169014084507,0.3,120,134,wall,both,1,0,1,1,1,1,0.0,2,2,0,alpha,standard,huber,9.906200067013327,7.459545477680912,1.4572384609889166,9.907253994392159,8.233961504950221,1.641650266056409,9.8537685407328,8.304542389431552,1.647472645549895,179.17267642150503,0.01577066071331501,250,3.0127941370010376,0.9957533982013875,1.0,disabled,single,3,row_1,row_2,-0.013861197978258133,-1.1916755437850952,0.7613067619670011,0.23444523814898469,0.5708929851204763,1.177814345806837,0.2588577005992768,0,12,0,disabled,0,0.0,50.0,alpha
220,3.144537925720215,-4.077366828918457,0.0,-0.01647532358765602,0.24707649648189545,0.02669823169708252,0,0,0,0.012621711008250713,0.5,0.3,0,0,wall,both,1,0,1,1,1,1,0.0,0,0,0,alpha,standard,huber,10.175066611436426,8.347799770023846,1.5407357674103332,9.959280502812348,9.088961171914047,1.6160059132414408,9.878002322583244,9.175893891597092,1.6305598993940098,201.33856312673436,0.012621711008250713,250,4.070540904998779,0.7370027890681274,1.0,disabled,single,3,row_1,row_2,-0.015621943399310112,-1.6459331512451172,0.8346729273711604,0.16348622508149724,0.4585088814730931,1.630311207845807,0.1650933912150367,0,12,0,disabled,0,0.0,50.0,alpha
224,0.39480894804000854,-0.06441079080104828,0.0,-0.05685492977499962,0.4887779653072357,0.030372142791748047,0,0,0,0.009029632434248924,0.5,0.3,0,0,wall,both,1,0,1,1,1,1,0.0,0,0,0,alpha,standard,huber,9.28572946915603,10.624188506468496,1.4283926292265843,9.71059392518486,10.106472249960888,1.6573454284493538,9.761396685571437,10.097690922912479,1.6316288369912328,189.65438318241158,0.00902963150292635,250,1.4479901194572449,1.0,1.0,disabled,single,3,row_1,row_2,-0.05685492977499962,-1.1551369428634644,0.7465063651369298,0.2489176528930183,0.5890456354819135,1.0982820130884647,0.23549620562401652,0,12,0,disabled,0,0.0,50.0,alpha
228,0.753720760345459,-0.23474998772144318,0.0,-0.06205141916871071,0.5278781652450562,0.0056002140045166016,0,0,0,0.006727918982505798,0.5,0.3,0,0,wall,both,1,0,1,1,1,1,0.0,0,0,0,alpha,standard,huber,9.114874622236746,9.891246615993472,1.7813657937454899,9.466789717113121,10.289505058787027,1.6978658662675314,9.592206746795199,10.320679766822556,1.6631213393557935,215.52128637923104,0.006727918051183224,250,1.5570149421691895,1.0,1.0,disabled,single,3,row_1,row_2,-0.06205141916871071,-0.8480257391929626,0.6814475939085473,0.310518981019353,0.6632691685971592,0.7859743200242519,0.3214845097869225,0,12,0,disabled,0,0.0,50.0,alpha
232,0.9029755592346191,-0.3369276225566864,0.0,-0.22364220023155212,0.8300813436508179,0.13144659996032715,0,0,0,0.008681390434503555,0.5,0.3,0,0,wall,both,1,0,1,1,1,1,0.0,0,0,0,alpha,standard,huber,7.964509901107599,10.006231300361714,2.219511563480827,9.204391108519541,10.58313803377077,1.7616665830542286,9.361438036189623,10.653717880096272,1.7173440673341318,212.13897536688802,0.008681390434503555,250,2.4948906898498535,1.0,1.0,disabled,single,3,row_2,row_1,-0.22364220023155212,-0.6973743438720703,0.582928294087824,0.3629743027518989,0.8402482558221054,0.4737321436405182,0.31604889466812236,1,13,0,disabled,0,0.0,50.0,alpha
236,1.9115208387374878,-1.5098809003829956,0.0,-0.7329607605934143,0.6726259589195251,0.39362841844558716,0,0,0,0.046830546110868454,0.6302521008403361,0.3,88,88,wall,both,1,0,1,1,1,1,0.0,1,1,0,alpha,standard,huber,7.940431172497502,9.071750341238264,2.6894408977653628,8.943989020151518,10.590555274497063,1.9194889904732948,9.110532399172495,10.763340385562172,1.8602653519259853,130.5749892741486,0.046830546110868454,250,3.7867047786712646,0.7922455473417404,1.0,disabled,single,3,row_2,row_1,-0.7329607605934143,-1.3447645902633667,0.6043428781750931,0.327778438019984,0.8525609558397877,0.6118038296699524,-0.2293471975751037,0,13,0,disabled,0,0.0,50.0,alpha
240,0.15229445695877075,-0.009584132581949234,0.0,-0.1590120494365692,0.8344067335128784,0.0324321985244751,0,0,0,0.008052265271544456,0.6329113924050632,0.3,87,87,wall,both,1,0,1,1,1,1,0.0,1,1,0,alpha,standard,huber,8.888538779034498,10.679884172271175,1.930862670872438,8.85872349411093,11.00375571365646,2.017508118711044,8.914503553793363,11.088742959522303,1.9898443355790132,191.58567757874653,0.008052265271544456,250,0.7600694596767426,1.0,1.0,disabled,single,3,row_1,row_2,-0.1590120494365692,-0.8309404253959656,0.6556076520163431,0.33483375088123407,0.6875919692335236,0.6719283759593964,0.26318071096801177,1,14,0,disabled,0,0.0,50.0,alpha
244,1.6420303583145142,-1.1141586303710938,0.0,-0.2639915347099304,1.0862674713134766,0.020850181579589844,0,0,0,0.014068271033465862,0.6329113924050632,0.3,87,87,wall,both,1,0,1,1,1,1,0.0,2,2,0,alpha,standard,huber,7.498330754691603,10.86650693501832,1.9055542956024283,8.424531885602137,11.259254022076213,2.079344121057343,8.57406208788085,11.341823730280531,2.0388683801347813,179.70813805687936,0.014068271964788437,250,2.8227280378341675,1.0,1.0,disabled,single,3,row_2,row_1,-0.2639915347099304,-1.0740400552749634,0.634620779088777,0.282302474762434,0.8523232153951696,0.810048520565033,0.19073612205882934,1,15,0,disabled,0,0.0,50.0,alpha
248,0.8156896233558655,-0.27493783831596375,0.0,-0.3497116267681122,1.2539385557174683,0.008542537689208984,0,0,0,0.014280262403190136,0.6726457399103138,0.3,73,73,wall,both,1,0,1,1,1,1,0.0,2,2,0,alpha,standard,huber,9.817236631811035,11.492352455922946,1.8062875540243546,8.731797313157667,11.643455420634542,1.9344016602749587,8.581734911084196,11.66415013554726,2.0165335862935283,163.95133789495523,0.014280262403190136,250,2.335396409034729,1.0,1.0,disabled,single,3,row_1,row_2,-0.3497116267681122,-2.187786102294922,0.8616981591267951,0.13711645076876544,0.4086908189801955,1.8380744755268097,-0.20086139370214856,1,16,0,disabled,0,0.0,50.0,alpha
252,5.186573505401611,-9.140265464782715,0.0,-1.1561973094940186,2.2491769790649414,0.08857172727584839,0,0,0,0.012013801373541355,0.5,0.3,0,0,wall,both,1,0,1,1,1,1,0.0,0,0,0,alpha,standard,huber,10.182041670743665,12.430618974583348,2.0995386393379265,8.8075613601506,12.420222239263442,2.3762713464619094,8.54454191348707,12.417776943126121,2.4835308168301466,186.81508904549517,0.012013801373541355,250,7.03201150894165,0.42662046218003324,1.0,disabled,single,3,row_1,row_2,-1.1561973094940186,-3.5603957176208496,0.9167779305113226,0.08281977531975515,0.28911548960754097,2.404198408126831,-1.0693073038782104,0,16,0,disabled,0,0.0,50.0,alpha
256,2.6247966289520264,-2.8469245433807373,0.0,-2.789454460144043,3.4617834091186523,0.17594659328460693,0,0,0,0.01101668644696474,0.5,0.3,0,0,wall,both,1,0,1,1,1,1,0.0,0,0,0,alpha,standard,huber,8.443630121799064,13.51644096070159,2.2777514512496237,8.720748714241298,12.951576331821059,2.5627571244880505,8.479798094302643,12.836328543748099,2.7042577561344903,191.65957301392365,0.011016687378287315,250,3.49748957157135,0.857758097232056,1.0,disabled,single,3,row_1,row_2,-2.789454460144043,-3.4861748218536377,0.6612382013741189,0.3294398468472548,0.6828963426244371,0.6967203617095947,-2.375813321262743,0,16,1,disabled,0,0.0,50.0,alpha
260,1.099070429801941,-0.49915531277656555,0.0,-2.531437397003174,3.299825668334961,0.16542315483093262,0,0,0,0.012710646726191044,0.6550218340611353,0.3,68,79,wall,both,1,0,1,1,1,1,0.0,12,12,0,alpha,standard,huber,8.239288012990386,13.258997238315064,-2.0495404658634486,7.634801488865442,13.752406244960259,-2.1537068343522723,7.325688112777774,13.662467810139493,-2.077587085802347,187.24073861849854,0.012710646726191044,250,2.3294217586517334,1.0,1.0,disabled,single,3,row_1,row_2,-2.531437397003174,-2.9969217777252197,0.6060990809138542,0.38052774499348047,0.7288440419469385,0.4654843807220459,-2.0307255905835513,0,16,1,disabled,0,0.0,50.0,alpha
264,3.662010908126831,-5.360357284545898,0.0,-0.8879515528678894,1.9967985153198242,0.021610379219055176,0,0,0,0.014302374795079231,0.5928853754940712,0.3,83,103,wall,both,1,0,1,1,1,1,0.0,11,11,0,alpha,standard,huber,6.355057692270539,11.667900068734037,-1.2323294576928006,7.076371761165607,12.861839610916363,-1.5595418336305942,7.0779722846855595,13.022912613414212,-1.6268978785275687,174.95249555255054,0.01430237665772438,250,5.350180387496948,0.5607287572977578,1.0,disabled,single,3,row_2,row_3,-0.8879515528678894,-1.7897138595581055,0.6434349526758212,0.26114051434548546,0.8585373254121075,0.9017623066902161,-0.4470172121697803,1,17,0,disabled,0,0.0,50.0,alpha
268,2.4349517822265625,-2.449995994567871,0.0,-0.9302390217781067,1.8858848810195923,0.18513113260269165,0,0,0,0.015243688598275185,0.5208333333333334,0.3,91,138,wall,both,1,0,1,1,1,1,0.0,13,13,0,alpha,standard,huber,5.794894662778668,11.146623038333283,-0.8223082646014896,6.754300404939476,11.994363161669208,-1.1282212596938135,6.887759957289189,12.240104137615106,-1.2165553018353912,168.13747055550368,0.015243688598275185,250,4.239407777786255,0.7076460103034834,1.0,disabled,single,3,row_2,row_3,-0.9302390217781067,-1.076595425605774,0.5167291436370912,0.44637635134024467,0.8229479099018246,0.14635640382766724,-0.2700025798990989,0,17,0,disabled,0,0.0,50.0,alpha
272,0.8540630340576172,-0.30141472816467285,0.0,-0.43787920475006104,1.35239577293396,0.08776623010635376,0,0,0,0.008962785825133324,0.5244755244755245,0.3,120,136,wall,both,1,0,1,1,1,1,0.0,9,9,0,alpha,standard,huber,5.078909093168136,10.691150517566117,-1.8241473365841614,6.9768175629923626,10.801830418180797,-1.1727655136985669,7.135823191191323,10.91076562762639,-1.1890909220711803,204.25452986415405,0.008962786756455898,250,2.8989866971969604,1.0,1.0,disabled,single,3,row_3,row_2,-0.43787920475006104,-1.1386092901229858,0.6183992062938721,0.3068638391184871,0.8535808977502772,0.7007300853729248,0.042741860443076596,1,18,0,disabled,0,0.0,50.0,alpha
276,3.2748429775238037,-4.400436878204346,0.0,-0.06610942631959915,0.5452074408531189,0.003624260425567627,0,0,0,0.010329777374863625,0.5172413793103449,0.3,120,140,wall,both,1,0,1,1,1,1,0.0,10,10,0,alpha,standard,huber,6.642888804195919,9.524742690721286,-1.3554375300771573,6.8953188737030535,10.146220531984767,-1.3127115383660495,7.101459240575251,10.246330878164526,-1.2569508193044536,183.41358932372108,0.010329777374863625,250,4.345771789550781,0.6903261711103582,1.0,disabled,single,3,row_2,row_3,-0.06610942631959915,-0.8914737105369568,0.6337340299655586,0.27762327564609296,0.8596278345683956,0.8253642842173576,0.39001649734004257,1,19,0,disabled,0,0.0,50.0,alpha
280,0.54165118932724,-0.12123388797044754,0.0,-0.07291325181722641,0.5714439749717712,0.009220123291015625,0,0,0,0.007483860477805138,0.5190311418685121,0.3,120,139,wall,both,1,0,1,1,1,1,0.0,10,10,0,alpha,standard,huber,6.702843185445363,8.915257148302263,-1.2355590930750164,6.891885973518093,9.578734109075963,-1.371880617921755,7.048965828845987,9.68575420774278,-1.3193720981733195,197.73681931789014,0.007483860477805138,250,1.4553558230400085,1.0,1.0,disabled,single,3,row_2,row_3,-0.07291325181722641,-0.8501721620559692,0.6260432588152771,0.28776971569704873,0.8629076198738164,0.7772589102387428,0.39542255491357026,0,19,0,disabled,0,0.0,50.0,alpha
284,0.7933646440505981,-0.2600939869880676,0.0,-0.08584478497505188,0.6049637198448181,0.03326159715652466,0,0,0,0.007402149960398674,0.49180327868852464,0.3,120,155,wall,both,1,0,1,1,1,1,0.0,13,13,0,alpha,standard,huber,8.00150385121342,8.427749370081447,-1.1128172429987657,7.339654181523246,8.81374131034101,-1.2498073878624167,7.294242373824003,8.873677688402225,-1.2793416472120362,201.13156349833528,0.007402149960398674,250,1.8303712010383606,1.0,1.0,disabled,single,3,row_2,row_1,-0.08584478497505188,-0.7785407900810242,0.6164159423399963,0.30834705841532506,0.8556684767044899,0.6926960051059723,0.39798852726807354,0,19,0,disabled,0,0.0,50.0,alpha
288,1.603641390800476,-1.0626717805862427,0.0,-0.08291146159172058,0.6106494665145874,0.0033716559410095215,0,0,0,0.01629599742591381,0.47021943573667707,0.3,120,169,wall,both,1,0,1,1,1,1,0.0,9,9,0,alpha,standard,huber,5.399528029763974,8.573349488463792,-1.4580508374627523,7.287329112003299,8.307603555612008,-1.3344330772108461,7.3574452021478205,8.338984791353816,-1.3126283550544067,202.48303711290998,0.01629599742591381,250,3.8173437118530273,0.7858867910387168,1.0,disabled,single,3,row_3,row_2,-0.08291146159172058,-0.816405713558197,0.6210749852685602,0.29825760873016843,0.8597253282914029,0.7334942519664764,0.393391993521804,1,20,0,disabled,0,0.0,50.0,alpha
292,4.0637736320495605,-6.356463432312012,0.0,-0.06555692106485367,0.5430303812026978,0.002599775791168213,0,0,0,0.017331859096884727,0.45454545454545453,0.3,120,180,wall,both,1,0,1,1,1,1,0.0,15,15,0,alpha,standard,huber,5.3721261082889535,8.362997110880197,-1.448034083058729,7.096973641265034,7.941280336285439,-1.3548626843388183,7.2591859604559055,7.94983161264547,-1.3286115770545377,192.24080138015438,0.017331859096884727,250,6.1575164794921875,0.48720941470341156,1.0,disabled,single,3,row_3,row_2,-0.06555692106485367,-0.8757897019386292,0.631377038150807,0.28080779395704863,0.8606020065033892,0.8102327808737755,0.39429514901975393,0,20,0,disabled,0,0.0,50.0,alpha
296,2.5545854568481445,-2.696655750274658,0.0,-0.01624668389558792,0.27038875222206116,3.5762786865234375e-07,0,0,0,0.011093422770500183,0.45454545454545453,0.3,112,180,wall,both,1,0,1,1,1,1,0.0,14,14,0,alpha,standard,huber,5.23200202223524,7.66499981983345,-1.3750618224417315,6.888996532444178,7.500102160605787,-1.3273050057719724,7.104342168207506,7.505096711102603,-1.3172493179193088,203.21902392584033,0.011093422770500183,250,4.225830793380737,0.7099195747967818,1.0,disabled,single,3,row_3,row_2,-0.01624668389558792,-1.1357613801956177,0.6618113753034568,0.21604049943014034,0.8610345317588476,1.1195146963000298,0.3965280113160273,0,20,0,disabled,0,0.0,50.0,alpha
300,2.890172004699707,-3.4516918659210205,0.0,-0.14469081163406372,0.8059986233711243,0.008960902690887451,0,0,0,0.011344456113874912,0.4746835443037975,0.3,109,166,wall,both,1,0,1,1,1,1,0.0,15,15,0,alpha,standard,huber,6.933420581521143,6.3017588964024265,-1.5488037100981196,6.6463119213346475,7.090902674423701,-1.3582605506036534,6.888998892435987,7.136147481428836,-1.3327345496604506,198.84156072466433,0.011344456113874912,250,3.707903265953064,0.8090825959638115,1.0,disabled,single,3,row_2,row_3,-0.14469081163406372,-0.6517075300216675,0.5867248214150961,0.35337831730996466,0.8490486254211422,0.5070167183876038,0.38850854548468716,1,21,0,disabled,0,0.0,50.0,alpha
304,0.9951279759407043,-0.40920647978782654,0.0,-0.11448236554861069,0.7177538871765137,1.52587890625e-05,0,0,0,0.008047227747738361,0.46439628482972134,0.3,114,173,wall,both,1,0,1,1,1,1,0.0,14,14,0,alpha,standard,huber,7.054051173794029,6.114610114032835,-1.4066648909329065,6.861197761254482,6.71254874802035,-1.350223340800891,6.90145405762855,6.788829592892508,-1.3382989285309357,211.98494943361476,0.008047227747738361,250,1.8432573080062866,1.0,1.0,disabled,single,3,row_2,row_3,-0.11448236554861069,-0.717361330986023,0.6024611006528539,0.3296871368516734,0.853661359177504,0.6028789654374123,0.39224981338478937,0,21,0,disabled,0,0.0,50.0,alpha
308,0.7101686000823975,-0.20840473473072052,0.0,-0.19893743097782135,0.946159839630127,2.580881118774414e-05,0,0,0,0.007699107751250267,0.49180327868852464,0.3,108,155,wall,both,1,0,1,1,1,1,0.0,11,11,0,alpha,standard,huber,6.918780734029829,5.551499855561859,-1.4083257386619044,6.840227536501342,6.273006071203218,-1.3616647127351205,6.907976999929736,6.335358681873052,-1.3446872876769143,211.9105831699565,0.007699106819927692,250,1.501205325126648,1.0,1.0,disabled,single,3,row_2,row_3,-0.19893743097782135,-0.5392516851425171,0.5557504012195502,0.3954423535168645,0.8407313940836828,0.34031425416469574,0.3884985732177598,0,21,0,disabled,0,0.0,50.0,alpha
312,0.23211954534053802,-0.022264249622821808,0.0,-0.04099433869123459,0.4294995963573456,0.0005006194114685059,0,0,0,0.008650979027152061,0.5172413793103449,0.3,120,140,wall,both,1,0,1,1,1,1,0.0,11,11,0,alpha,standard,huber,7.2905512262254595,6.4543531956284195,-1.44647524568317,7.076399798057154,5.942485850659232,-1.3064986292044831,7.0398296210244435,5.948788256004624,-1.3213076949933764,203.41163845362507,0.008650979958474636,250,0.9199330806732178,1.0,1.0,disabled,single,3,row_2,row_3,-0.04099433869123459,-0.9701552987098694,0.645010008381006,0.2547047098390686,0.8618067871073217,0.9291609600186348,0.3974951067457387,0,21,0,disabled,0,0.0,50.0,alpha
316,2.019482135772705,-1.6852513551712036,0.0,-0.024335399270057678,0.00029813742730766535,0.07721507549285889,0,0,0,0.010731539689004421,0.5357142857142857,0.3,120,130,wall,both,1,0,1,1,1,1,0.0,15,15,0,alpha,standard,huber,5.343147157915321,5.498176042033612,-1.7768215731469275,6.964990388521393,5.443767110535739,-1.3144471514379132,7.048714950819215,5.474608096511515,-1.3020091188215328,206.77506860237742,0.010731539689004421,250,3.0451533794403076,0.9851720508578761,1.0,disabled,single,3,row_3,row_2,-0.024335399270057678,-1.4178404808044434,0.6696310128360016,0.16620496440381535,0.8634276667968311,1.3935050815343857,0.37669304614338994,1,22,0,disabled,0,0.0,50.0,alpha
320,0.5055407285690308,-0.1056080311536789,0.0,-0.102818563580513,0.6657000780105591,0.03260570764541626,0,0,0,0.007561890408396721,0.5154639175257733,0.3,120,141,wall,both,1,0,1,1,1,1,0.0,11,11,0,alpha,standard,huber,6.124892614483096,4.954915887791117,-1.1252075149470082,6.966524257809262,4.460743792054709,-1.3308668467265419,7.135078989840933,4.439336909462273,-1.3053549253242906,210.66324622829546,0.007561890408396721,250,1.30083566904068,1.0,1.0,disabled,single,3,row_3,row_2,-0.102818563580513,-0.7495362758636475,0.6096194760542634,0.3192955747772881,0.8541730941660569,0.6467177122831345,0.3921017626316308,0,22,0,disabled,0,0.0,50.0,alpha
324,1.3551766872406006,-0.75888592004776,0.0,-0.04091186448931694,0.4286959171295166,0.004194796085357666,0,0,0,0.00906330905854702,0.5136986301369862,0.3,120,142,wall,both,1,0,1,1,1,1,0.0,6,6,0,alpha,standard,huber,5.275174545048855,3.5328584868359947,-1.4738793133215353,6.773743984867855,3.6145065031700083,-1.4794261213871227,7.02798882765061,3.6485755613979767,-1.3896180829660885,200.9230711293318,0.009063309989869595,250,2.381797194480896,1.0,1.0,disabled,single,3,row_3,row_4,-0.04091186448931694,-0.9569187760353088,0.6434300331545469,0.2574450710382334,0.862169893759938,0.9160069115459919,0.4000301219545828,0,22,0,disabled,0,0.0,50.0,alpha
328,3.190603494644165,-4.191579341888428,0.0,-0.003352940548211336,0.11772428452968597,0.008180737495422363,0,0,0,0.010513372719287872,0.49019607843137253,0.3,120,156,wall,both,1,0,1,1,1,1,0.0,9,9,0,alpha,standard,huber,8.850582317400058,0.9333703460360467,-1.2333443861526447,7.309116419409446,1.757786803253514,-1.4199338130937094,7.334830071078375,1.777681977722469,-1.3964334606450608,208.51967050701722,0.010513372719287872,250,5.3408284187316895,0.5617106120612696,1.0,disabled,single,3,row_2,row_1,-0.003352940548211336,-1.230897068977356,0.6607338760581898,0.19360248727847665,0.8723105788830017,1.2275441284291446,0.4110511877320402,1,23,0,disabled,0,0.0,50.0,alpha
332,0.32273221015930176,-0.043039701879024506,0.0,-0.023218989372253418,0.0035096502397209406,0.07541871070861816,0,0,0,0.00750381126999855,0.5016722408026756,0.3,102,149,wall,both,1,0,1,1,1,1,0.0,11,11,0,alpha,standard,huber,6.237598959464565,0.6730744655287606,-1.7689169598067545,6.88624222690342,1.1122942352756753,-1.4959868459713126,7.138814727453141,1.12385327121215,-1.4449870258051276,201.48025057531444,0.00750381126999855,250,1.7298231720924377,1.0,1.0,disabled,single,3,row_3,row_2,-0.023218989372253418,-1.4086374044418335,0.6680954446456805,0.1671702291487835,0.8655689863368952,1.38541841506958,0.38010524507367666,1,24,0,disabled,0,0.0,50.0,alpha
336,1.0894330739974976,-0.49043983221054077,0.0,-0.021743183955550194,0.31151536107063293,0.006609976291656494,0,0,0,0.008005786687135696,0.5154639175257733,0.3,120,141,wall,both,1,0,1,1,1,1,0.0,5,5,0,alpha,standard,huber,5.973133249628264,0.42020441896240124,-1.493097568398549,6.648979896147715,-0.39292804857442576,-1.575571178037934,6.9604585811200455,-0.4302922908589214,-1.524014310598786,209.58578766257148,0.008005786687135696,250,2.5473928451538086,1.0,1.0,disabled,single,3,row_3,row_4,-0.021743183955550194,-1.0841399431228638,0.6563748236575091,0.2268604893372264,0.8636416836305956,1.0623967591673136,0.3992800917297932,0,24,0,disabled,0,0.0,50.0,alpha
340,2.149543523788452,-1.9093129634857178,0.0,-0.07337768375873566,0.4703371822834015,0.07702916860580444,0,0,0,0.01253646332770586,0.5,0.3,101,150,wall,both,1,0,1,1,1,1,0.0,7,7,0,alpha,standard,huber,8.762700583765628,-1.8185862039995393,-1.8764010003958507,7.197458311560829,-0.9488757609925658,-1.496736668788711,7.0996347279710825,-0.9040440909158634,-1.5098940029580703,189.17367437968278,0.01253646332770586,250,4.41492223739624,0.679513667214508,1.0,disabled,single,3,row_2,row_3,-0.07337768375873566,-0.979066789150238,0.6425995746998777,0.25977936625920034,0.8614727462978962,0.9056891053915024,0.3688558103845676,1,25,0,disabled,0,0.0,50.0,alpha
344,0.4402787387371063,-0.0801013931632042,0.0,-0.03211982920765877,0.3793962299823761,0.005704641342163086,0,0,0,0.0071284775622189045,0.5300353356890459,0.3,120,133,wall,both,1,0,1,1,1,1,0.0,5,5,0,alpha,standard,huber,8.934525935405375,-2.303919786732911,-1.5057259890015406,7.539307310320347,-1.9061044312950899,-1.4780496847863707,7.3669998317782435,-1.8741036990078939,-1.5114681650553465,214.20563622875542,0.0071284775622189045,250,1.716916263103485,1.0,1.0,disabled,single,3,row_2,row_3,-0.03211982920765877,-1.0101070404052734,0.6491295962379426,0.24411640265769996,0.8635678239026361,0.9779872111976147,0.40000306696809956,0,25,0,disabled,0,0.0,50.0,alpha
348,0.5605210065841675,-0.12982802093029022,0.0,-0.0912073403596878,0.6406416296958923,0.0007858872413635254,0,0,0,0.006366949062794447,0.5,0.3,120,150,wall,both,1,0,1,1,1,1,0.0,3,3,0,alpha,standard,huber,7.522362462224303,-2.877644148963452,-1.353890210169086,7.579314295574705,-2.462588606549793,-1.498041272674082,7.497654714035738,-2.4314812631965763,-1.500173992195403,212.78094921946453,0.006366949062794447,250,1.162807822227478,1.0,1.0,disabled,single,3,row_3,row_2,-0.0912073403596878,-0.7761761546134949,0.6148539893331026,0.30995155455771334,0.8566842647465206,0.6849688142538071,0.39516311472203686,1,26,0,disabled,0,0.0,50.0,alpha
352,0.6301243305206299,-0.16407300531864166,0.0,-0.031509943306446075,0.3672262728214264,0.019437670707702637,0,0,0,0.008452541194856167,0.4885993485342019,0.3,120,157,wall,both,1,0,1,1,1,1,0.0,6,6,0,alpha,standard,huber,9.878354954203111,-3.3550811450338216,-1.1848237314706276,8.08747373055912,-3.1462115207775856,-1.4409826231781948,7.8447545771184926,-3.145467986100098,-1.4712931327377432,212.31768318659576,0.008452542126178741,250,2.689139485359192,1.0,1.0,disabled,single,3,row_2,row_1,-0.031509943306446075,-1.0403046607971191,0.654413494114266,0.2386372671029778,0.8584781440314609,1.008794717490673,0.3925059300094954,1,27,0,disabled,0,0.0,50.0,alpha
356,0.40925368666648865,-0.06921015679836273,0.0,-0.00129978870972991,0.04725592955946922,0.014030933380126953,0,0,0,0.008217565715312958,0.5050505050505051,0.3,115,147,wall,both,1,0,1,1,1,1,0.0,5,5,0,alpha,standard,huber,6.824577415216366,-2.883578166282408,-1.2258246878378247,7.746838330180696,-3.7920152409967818,-1.5168222224626924,7.825543533904431,-3.848077789622997,-1.4928655067215288,206.23283145045036,0.008217565715312958,250,2.125354290008545,1.0,1.0,disabled,single,3,row_3,row_4,-0.00129978870972991,-1.3374104499816895,0.6681234465515533,0.17562697672847202,0.8649729046863832,1.3361106612719595,0.40198253358234376,1,28,0,disabled,0,0.0,50.0,alpha
360,0.38112735748291016,-0.060023996978998184,0.0,-0.02085631527006626,0.27764374017715454,0.03021407127380371,0,0,0,0.008736456744372845,0.5033557046979865,0.3,120,148,wall,both,1,0,1,1,1,1,0.0,3,3,0,alpha,standard,huber,9.19272616218863,-3.196086841999781,-1.1524162541904508,8.132043264131877,-4.225221381321873,-1.3945964490436986,8.011234156254401,-4.274689720312456,-1.4470185973625689,205.64030750669434,0.008736456744372845,250,1.7016641497612,1.0,1.0,disabled,single,3,row_2,row_3,-0.02085631527006626,-1.1071981191635132,0.6604648472583536,0.22287299882746475,0.8591803434698557,1.086341803893447,0.3939550625765172,1,29,0,disabled,0,0.0,50.0,alpha
364,2.1965649127960205,-1.993759274482727,0.0,-0.03152424097061157,0.3467347025871277,0.034319937229156494,0,0,0,0.00836076121777296,0.5084745762711864,0.3,120,145,wall,both,1,0,1,1,1,1,0.0,3,3,0,alpha,standard,huber,6.892063142220373,-5.084626909834315,-1.672925812091981,7.896907423550106,-4.504912617445239,-1.4445206934913224,7.960929193082897,-4.502384253713604,-1.4456075075106327,207.44396815780522,0.00836076121777296,250,3.6587073802948,0.819961720950276,1.0,disabled,single,3,row_3,row_4,-0.03152424097061157,-1.0018870830535889,0.6497551939609134,0.24622181710312357,0.8606525387800851,0.9703628420829773,0.39963537073824623,1,30,0,disabled,0,0.0,50.0,alpha
368,2.346635103225708,-2.275494337081909,0.0,-0.047906544059515,0.44725653529167175,0.029088199138641357,0,0,0,0.00823670718818903,0.5,0.3,0,0,wall,both,1,0,1,1,1,1,0.0,0,0,0,alpha,standard,huber,6.926157872054371,-5.756499773198081,-1.6089714048073087,7.439182231379275,-5.165449145315048,-1.5679067402721527,7.704990227177754,-5.113574647409045,-1.5074232745668612,197.19078079645928,0.00823670718818903,250,3.32011878490448,0.9035821289407,1.0,disabled,single,3,row_3,row_4,-0.047906544059515,-0.9088934659957886,0.6383074026875262,0.26984104617446725,0.8593325699229551,0.8609869219362736,0.40102874522272836,0,30,0,disabled,0,0.0,50.0,alpha
372,2.01785945892334,-1.682544231414795,0.0,-0.08046892285346985,0.21788237988948822,0.1308826208114624,0,0,0,0.012012059800326824,0.5,0.3,0,0,wall,both,1,0,1,1,1,1,0.0,0,0,0,alpha,standard,huber,9.49654682435451,-4.476196566399634,-0.8649314664816665,7.706833772622968,-5.422535715038176,-1.4156836527421928,7.721665148163179,-5.530295826328463,-1.4623289299362472,190.6069916649178,0.012012059800326824,250,3.4274450540542603,0.8752875546323803,1.0,disabled,single,3,row_2,row_3,-0.08046892285346985,-1.2708618640899658,0.6682421658358777,0.20321360969576432,0.8568981176879293,1.190392941236496,0.32263572458145956,1,31,0,disabled,0,0.0,50.0,alpha
376,1.7123943567276,-1.2116918563842773,0.0,-0.033507172018289566,0.3297438323497772,0.047848284244537354,0,0,0,0.011776117607951164,0.5,0.3,0,0,wall,both,1,0,1,1,1,1,0.0,0,0,0,alpha,standard,huber,7.6391830509227425,-5.367273042140162,-1.056589131986022,7.946545679341474,-6.323334465593705,-1.3648682145927051,7.908184726221773,-6.543494567193123,-1.425524361950079,186.450020101682,0.011776117607951164,250,3.0684759616851807,0.9776840481919323,1.0,disabled,single,3,row_3,row_2,-0.033507172018289566,-1.0974031686782837,0.6554397304025078,0.22619791765050962,0.8656837364475098,1.0638959966599941,0.3889417524532891,1,32,0,disabled,0,0.0,50.0,alpha
380,1.835351824760437,-1.3919488191604614,0.0,-0.10213533788919449,0.6597226858139038,0.03642916679382324,0,0,0,0.008570305071771145,0.5,0.3,0,0,wall,both,1,0,1,1,1,1,0.0,0,0,0,alpha,standard,huber,10.59806528399113,-5.518118485692133,-1.1024843815974128,8.326550104143031,-6.373862982725969,-1.301424811917565,8.153189317549797,-6.552065741885091,-1.3637828913443235,211.37748457860698,0.008570305071771145,250,3.3090624809265137,0.9066011951397248,1.0,disabled,single,3,row_2,row_1,-0.10213533788919449,-0.7601843476295471,0.6129065670520436,0.3174002181560385,0.8499283562872415,0.6580490097403526,0.38740743593840504,1,33,0,disabled,0,0.0,50.0,alpha
384,0.4055527448654175,-0.06796406209468842,0.0,-0.024602944031357765,0.33259886503219604,0.002228856086730957,0,0,0,0.008113761432468891,0.5,0.3,0,0,wall,both,1,0,1,1,1,1,0.0,0,0,0,alpha,standard,huber,10.226335721440162,-7.0914337217882135,-1.2790115643221236,8.783730894379023,-6.717058129435924,-1.265016416618346,8.535850550434619,-6.813571452676776,-1.3157599360838377,216.36190040839614,0.008113762363791466,250,2.3480550050735474,1.0,1.0,disabled,single,3,row_2,row_1,-0.024602944031357765,-1.433162808418274,0.6732886638026113,0.16461580334774167,0.8582744743378303,1.4085598643869162,0.3709781763115035,0,33,0,disabled,0,0.0,50.0,alpha
388,1.294692039489746,-0.6926559805870056,0.0,-0.21841178834438324,0.9891034960746765,0.01569986343383789,0,0,0,0.006969185080379248,0.5,0.3,0,0,wall,both,1,0,1,1,1,1,0.0,0,0,0,alpha,standard,huber,10.108422403508778,-7.7452670013132225,-1.1683580954830908,9.191549013676422,-7.337425242562739,-1.2699027357344166,8.958840221669345,-7.340863477506234,-1.2949144053269592,216.30080003408668,0.006969185080379248,250,2.260690212249756,1.0,1.0,disabled,single,3,row_2,row_3,-0.21841178834438324,-1.3883790969848633,0.6663781912102977,0.20682852232702878,0.8582685321361403,1.16996730864048,0.1874861265957004,0,33,0,disabled,0,0.0,50.0,alpha
392,1.3763667345046997,-0.7828038930892944,0.0,-0.1290280669927597,0.7589301466941833,0.015913546085357666,0,0,0,0.007291688583791256,0.5,0.3,0,0,wall,both,1,0,1,1,1,1,0.0,0,0,0,alpha,standard,huber,10.832092909762526,-7.175566388312765,-1.1671515458006494,9.621916657930061,-7.56259123589346,-1.184961918283894,9.363224200095111,-7.603017915600484,-1.2414731070306253,212.84381265631373,0.007291688583791256,250,2.7048059701919556,1.0,1.0,disabled,single,3,row_2,row_1,-0.1290280669927597,-0.8924527168273926,0.6289245228202783,0.29312132568619725,0.8502797950750823,0.7634246498346329,0.33471595800522536,0,33,0,disabled,0,0.0,50.0,alpha
396,0.7999759316444397,-0.264446884393692,0.0,-0.12923160195350647,0.7454654574394226,0.03749591112136841,0,0,0,0.007786907721310854,0.5,0.3,0,0,wall,both,1,0,1,1,1,1,0.0,0,0,0,alpha,standard,huber,10.671301500789715,-7.3352175659960075,-1.0710810085232523,10.24930233821814,-7.643469033287382,-1.122184360829669,9.887094792249746,-7.732144158866356,-1.1758131731579882,186.48686703669208,0.007786907721310854,250,1.4669727087020874,1.0,1.0,disabled,single,3,row_2,row_1,-0.12923160195350647,-1.0985732078552246,0.6527328914062944,0.24760293420087973,0.8539041417314306,0.9693416059017181,0.2973556798177078,0,33,0,disabled,0,0.0,50.0,alpha
400,1.8640272617340088,-1.4357842206954956,0.0,-0.09990878403186798,0.43447408080101013,0.11916500329971313,0,0,0,0.012184481136500835,0.5,0.3,0,0,wall,both,1,0,1,1,1,1,0.0,0,0,0,alpha,standard,huber,10.304113336808067,-7.181187961098425,-1.838963795362492,10.403325029480158,-7.685136424179947,-1.259392627885663,10.223681654581409,-7.832606131882391,-1.2960854058149371,192.6045504336765,0.012184481136500835,250,2.683082342147827,1.0,1.0,disabled,single,3,row_2,row_1,-0.09990878403186798,-1.4353103637695312,0.6712267935215495,0.17656789797105396,0.8602911741715262,1.3354015797376633,0.2987394217597569,0,33,0,disabled,0,0.0,50.0,alpha
404,3.262674331665039,-4.370266914367676,0.0,-0.5211542844772339,1.2602932453155518,0.2029939889907837,0,0,0,0.014227652922272682,0.5,0.3,0,0,wall,both,1,0,1,1,1,1,0.0,0,0,0,alpha,standard,huber,8.497358110524432,-8.136450494434385,-2.0185995355132986,10.071833129716481,-8.286968954557182,-1.8419967853008834,10.219068326746509,-8.362467105795183,-1.8482962079896954,176.73298974868737,0.014227652922272682,250,5.514296531677246,0.5440403835314802,1.0,disabled,single,3,row_3,row_2,-0.5211542844772339,-1.2567102909088135,0.6232015398181012,0.298662435975785,0.8548113685714446,0.7355560064315796,-0.04826897087352067,1,34,0,disabled,0,0.0,50.0,alpha
408,0.3357313871383667,-0.04657667875289917,0.0,-0.32552096247673035,1.2102982997894287,0.0011049509048461914,0,0,0,0.009492380544543266,0.5,0.3,0,0,wall,both,1,0,1,1,1,1,0.0,0,0,0,alpha,standard,huber,10.670692992833292,-7.873867257775723,-1.2987771087183677,10.315827136350793,-8.384522348687437,-2.0310061669457005,10.240716656038979,-8.485424523128831,-2.081721082477787,198.62527199376072,0.009492380544543266,250,1.419856071472168,1.0,1.0,disabled,single,3,row_2,row_1,-0.32552096247673035,-1.3948897123336792,0.661103290618681,0.2269072496103983,0.8553305922018789,1.0693687498569489,0.08832422468819828,1,35,0,disabled,0,0.0,50.0,alpha
412,0.9383577108383179,-0.3638492822647095,0.0,-0.3337553143501282,1.224166750907898,0.013433694839477539,0,0,0,0.009391507133841515,0.5,0.3,0,0,wall,both,1,0,1,1,1,1,0.0,0,0,0,alpha,standard,huber,12.686601314196722,-7.564684701132287,-1.5210608391202136,10.622655900533644,-8.371183091315274,-2.103467682701158,10.432674589830057,-8.454895532783258,-2.14238388911716,205.32359918795376,0.009391507133841515,250,2.919190764427185,1.0,1.0,disabled,single,3,row_1,row_2,-0.3337553143501282,-1.5222036838531494,0.7634868523608968,0.2326296106321318,0.5668371959236695,1.1884483695030212,-0.06389593965692425,1,36,0,disabled,0,0.0,50.0,alpha
416,0.3976234197616577,-0.06533239036798477,0.0,-0.4953448176383972,1.3602302074432373,0.14361387491226196,0,0,0,0.009209145791828632,0.5,0.3,0,0,wall,both,1,0,1,1,1,1,0.0,0,0,0,alpha,standard,huber,10.004415154864587,-8.106667176805747,2.338369071173803,10.546084459106599,-8.381369166122717,-2.2256761847731283,10.461387288165977,-8.466791499565439,-2.2678691177892745,196.25199461920462,0.009209146723151207,250,1.1762199997901917,1.0,1.0,disabled,single,3,row_2,row_3,-0.4953448176383972,-1.4960546493530273,0.6555840766750536,0.24100477020801533,0.8543857018873303,1.0007098317146301,-0.07311609705991334,1,37,0,disabled,0,0.0,50.0,alpha
420,1.2421445846557617,-0.6375715732574463,0.0,-3.911698818206787,2.233124256134033,0.8287703394889832,0,0,0,0.0145468944683671,0.5555555555555556,0.3,120,120,wall,both,1,0,1,1,1,1,0.0,1,1,0,alpha,standard,huber,8.356081252273656,-9.308253376604124,-3.112998893644551,10.008003559428262,-8.652542118208643,-2.549234842834395,10.12450663164994,-8.673480727874212,-2.59382515169236,178.62722444298333,0.0145468944683671,250,3.362652063369751,0.892152962442884,1.0,disabled,single,3,row_3,row_2,-3.911698818206787,-4.839949131011963,0.6463443788068732,0.2554641644015645,0.858590795091393,0.9282503128051758,-3.4752759950913434,1,38,0,disabled,0,0.0,50.0,alpha
424,0.4832454323768616,-0.09649841487407684,0.0,-0.23356951773166656,0.9658191800117493,0.08023959398269653,0,0,0,0.013227416202425957,0.6097560975609756,0.3,96,96,wall,both,1,0,1,1,1,1,0.0,3,3,0,alpha,standard,huber,9.691854019693086,-7.583343004336639,1.392475405433931,9.914675130246396,-8.442357276911661,-2.934368063219483,9.950924416023124,-8.581851706848274,-2.85587141448333,176.59276536336475,0.013227416202425957,250,1.7133269309997559,1.0,1.0,disabled,single,3,row_2,row_3,-0.23356951773166656,-0.9605153799057007,0.6218035367084761,0.3005692940672619,0.8551480692939916,0.7269458621740341,0.24156157578661147,1,39,0,disabled,0,0.0,50.0,alpha
428,0.11568070948123932,-0.005529763177037239,0.0,-0.3443816602230072,1.2448725700378418,0.000726163387298584,0,0,0,0.007814155891537666,0.5555555555555556,0.3,120,120,wall,both,1,0,1,1,1,1,0.0,3,3,0,alpha,standard,huber,10.053998167517548,-7.99677038387811,1.833914119724743,9.866213252252443,-8.380713691690653,2.878080863877562,9.761042935752855,-8.513318613382634,3.01272124343783,198.16643507636925,0.007814156822860241,250,0.8880700469017029,1.0,1.0,disabled,single,3,row_2,row_3,-0.3443816602230072,-1.405572772026062,0.6591158988727166,0.22808269899041322,0.8580202231941755,1.0611911118030548,0.07247422889653704,0,39,0,disabled,0,0.0,50.0,alpha
432,2.021374464035034,-1.688410997390747,0.0,-0.6532629728317261,1.7119547128677368,0.022005677223205566,0,0,0,0.014736059121787548,0.5535055350553506,0.3,113,121,wall,both,1,0,1,1,1,1,0.0,3,3,0,alpha,standard,huber,7.985769323872326,-8.865060497821254,1.9816431257089544,8.974158632014047,-8.471271376906985,2.2552326772461018,8.977065686902161,-8.444681945010556,2.2299826670398497,171.20404342541238,0.014736059121787548,250,3.4307796955108643,0.874436794622944,1.0,disabled,single,3,row_3,row_4,-0.6532629728317261,-2.058915615081787,0.6724299378916615,0.16488450881121872,0.8594913047142749,1.405652642250061,-0.2564056183245683,1,40,0,disabled,0,0.0,50.0,alpha
436,2.211097002029419,-2.0202271938323975,0.0,-0.3172997534275055,1.1717042922973633,0.054700613021850586,0,0,0,0.008139664307236671,0.5319148936170213,0.3,105,132,wall,both,1,0,1,1,1,1,0.0,5,5,0,alpha,standard,huber,6.949090036095935,-8.101475133191217,2.103752943055233,7.937799614872751,-7.860684486450442,1.874277303969396,8.090892909733057,-7.7174745211858795,1.806605310345721,201.1198105896328,0.008139664307236671,250,3.7643322944641113,0.7969540851672019,1.0,disabled,single,3,row_3,row_4,-0.3172997534275055,-0.7365900278091431,0.5730496795154596,0.37678779059581385,0.8369474002261863,0.4192902743816376,0.2394831118731222,0,40,0,disabled,0,0.0,50.0,alpha
440,1.8543763160705566,-1.4209551811218262,0.0,-0.03692854940891266,0.40764907002449036,0.00019627809524536133,0,0,0,0.014667727053165436,0.5357142857142857,0.3,120,130,wall,both,1,0,1,1,1,1,0.0,7,7,0,alpha,standard,huber,6.970809134738428,-5.776881483713247,1.7545944851715873,7.554600410918143,-6.550405725314329,1.8129017320319725,7.677423684529357,-6.582375712662193,1.8126433477917452,165.22832911783217,0.014667725190520287,250,3.311320185661316,0.9059830616775161,1.0,disabled,single,3,row_3,row_4,-0.03692854940891266,-0.9420934319496155,0.643111964651297,0.26012283326262176,0.8601668254400626,0.9051648825407028,0.4045078919540996,0,40,0,disabled,0,0.0,50.0,alpha
444,0.18727242946624756,-0.014492133632302284,0.0,-0.019439956173300743,0.28025826811790466,0.022055983543395996,0,0,0,0.008162387646734715,0.48231511254019294,0.3,120,161,wall,both,1,0,1,1,1,1,0.0,6,6,0,alpha,standard,huber,7.066460740423251,-5.610146008545867,1.5639914488987339,7.330795441715434,-5.849644506584104,1.7806205797169403,7.414583242923538,-5.886701641033823,1.7867490501357697,190.07749042603157,0.008162387646734715,250,1.086371660232544,1.0,1.0,disabled,single,3,row_3,row_4,-0.019439956173300743,-1.0625883340835571,0.6553389050557544,0.23090448408732508,0.8626686190871459,1.0431483779102564,0.40316280868631094,0,40,0,disabled,0,0.0,50.0,alpha
448,0.763714611530304,-0.24101653695106506,0.0,-0.03938698023557663,0.27247047424316406,0.0748855471611023,0,0,0,0.00932993646711111,0.4983388704318937,0.3,120,151,wall,both,1,0,1,1,1,1,0.0,8,8,0,alpha,standard,huber,5.360572915026103,-6.84763385159464,2.1543367284302715,6.928785148473619,-5.643469989633539,1.875543959948727,7.095706425280881,-5.517308502562059,1.821897261353957,216.20727223926232,0.009329937398433685,250,3.117760181427002,0.9622292368320956,1.0,disabled,single,3,row_4,row_3,-0.03938698023557663,-1.0974220037460327,0.6564194420745596,0.2278676446592312,0.8628887346607474,1.058035023510456,0.3815683207210032,1,41,0,disabled,0,0.0,50.0,alpha
452,0.9750480651855469,-0.39285898208618164,0.0,-0.08561743795871735,0.6195297241210938,0.008919954299926758,0,0,0,0.0087147057056427,0.47021943573667707,0.3,120,169,wall,both,1,0,1,1,1,1,0.0,7,7,0,alpha,standard,huber,6.774989626009965,-5.876315841896406,1.9080731946166924,6.352020085979053,-4.906063685760901,1.9042137438704279,6.561249963661188,-4.692150532321234,1.8575204654211088,210.08189406518807,0.008714704774320126,250,2.254886269569397,1.0,1.0,disabled,single,3,row_3,row_4,-0.08561743795871735,-0.7590646147727966,0.6140798306338251,0.3131485755556185,0.8537265670050083,0.6734471768140793,0.40201290400886297,1,42,0,disabled,0,0.0,50.0,alpha
456,0.09803777933120728,-0.003971655387431383,0.0,-0.012334456667304039,0.21184122562408447,0.02405524253845215,0,0,0,0.007564598694443703,0.47318611987381703,0.3,120,167,wall,both,1,0,1,1,1,1,0.0,10,10,0,alpha,standard,huber,6.840701806582933,-3.9241403824428964,1.9511970563257464,6.553187343952726,-4.08434504981086,1.8382003689182123,6.480980522149672,-4.100657788095874,1.8645538643792037,191.82425517618015,0.00756459916010499,250,0.9535511434078217,1.0,1.0,disabled,single,3,row_3,row_4,-0.012334456667304039,-1.164383053779602,0.6620153396225292,0.20918941432958188,0.8643090897725552,1.152048597112298,0.4001320950110425,0,42,0,disabled,0,0.0,50.0,alpha
460,1.4361529350280762,-0.8522873520851135,0.0,-0.08004963397979736,0.5832909345626831,0.032994210720062256,0,0,0,0.009235236793756485,0.4807692307692307,0.3,120,162,wall,both,1,0,1,1,1,1,0.0,9,9,0,alpha,standard,huber,7.615540762122293,-3.7348949646806044,1.9890076516571167,6.790116896755103,-3.655932266919655,1.760819696896365,6.604151944745233,-3.701175760250408,1.8088922040280355,186.84717361872154,0.00923523772507906,250,2.5781302452087402,1.0,1.0,disabled,single,3,row_3,row_2,-0.08004963397979736,-0.8277257084846497,0.6234817056179656,0.29519712359340994,0.8587918352815055,0.7476760745048523,0.39238622174340554,0,42,0,disabled,0,0.0,50.0,alpha
464,2.1276490688323975,-1.87061607837677,0.0,-0.11784563213586807,0.6792461276054382,0.06126058101654053,0,0,0,0.008199114352464676,0.5300353356890459,0.3,120,133,wall,both,1,0,1,1,1,1,0.0,9,9,0,alpha,standard,huber,7.645481688042186,-3.345998634530042,1.396212271841689,6.987384607338104,-3.1621610756729717,1.7371309179464183,6.769428229660448,-3.2172361190432666,1.7784366942521803,201.17437297757934,0.008199114352464676,250,3.1129045486450195,0.963730160407853,1.0,disabled,single,3,row_3,row_2,-0.11784563213586807,-0.7567698359489441,0.608050986477156,0.32096578670450177,0.8550281994958184,0.638924203813076,0.3796509090586718,0,42,0,disabled,0,0.0,50.0,alpha
468,1.0210545063018799,-0.4308067560195923,0.0,-0.0023554679937660694,0.10036969184875488,0.0053490400314331055,0,0,0,0.013877522200345993,0.5415162454873647,0.3,120,127,wall,both,1,0,1,1,1,1,0.0,6,6,0,alpha,standard,huber,6.557572373193926,-1.6490607962463688,1.863379785087921,6.844003642953817,-2.6208723535710168,1.7759395583374684,6.770520893118507,-2.6997334336181655,1.783077486313564,193.1829449414945,0.013877522200345993,250,2.1721795797348022,1.0,1.0,disabled,single,3,row_3,row_4,-0.0023554679937660694,-1.2696762084960938,0.6705264626412183,0.18881022847092255,0.8586482760990541,1.2673207405023277,0.3973366420190148,0,42,0,disabled,0,0.0,50.0,alpha
472,0.2929401993751526,-0.03546031564474106,0.0,-0.009070691652595997,0.20203465223312378,7.748603820800781e-05,0,0,0,0.008412876166403294,0.539568345323741,0.3,120,128,wall,both,1,0,1,1,1,1,0.0,8,8,0,alpha,standard,huber,6.850446479588619,-1.5705894215046374,1.7723505564089352,6.907774731239522,-2.1374737189762905,1.7291333525201702,6.817090508370814,-2.256308758171101,1.7605919617636658,202.25157209525293,0.008412876166403294,250,1.1629612445831299,1.0,1.0,disabled,single,3,row_3,row_2,-0.009070691652595997,-1.2302955389022827,0.6682851315168744,0.19705641904027577,0.8594097965527696,1.2212248472496867,0.39396966127656974,0,42,0,disabled,0,0.0,50.0,alpha
476,2.7970008850097656,-3.2327332496643066,0.0,-0.11443285644054413,0.6528225541114807,0.06952023506164551,0,0,0,0.010294264182448387,0.5263157894736842,0.3,120,135,wall,both,1,0,1,1,1,1,0.0,9,9,0,alpha,standard,huber,6.179428796311186,-2.7164314366584374,2.123130530245799,6.670485283876856,-1.7731810203414997,1.7890358196717708,6.689556730705759,-1.7464501883333217,1.7801840778412226,197.70438300224706,0.010294264182448387,250,4.053394079208374,0.7401204870230379,1.0,disabled,single,3,row_3,row_4,-0.11443285644054413,-0.7775609493255615,0.6120426752309582,0.3153470940177641,0.8548517366669581,0.6631280928850174,0.3765204116908044,0,42,0,disabled,0,0.0,50.0,alpha
480,4.510262489318848,-7.463460922241211,0.0,-1.1637420654296875,0.5035406947135925,0.520876407623291,0,0,0,0.008567065931856632,0.5415162454873647,0.3,120,127,wall,both,1,0,1,1,1,1,0.0,7,7,0,alpha,standard,huber,4.487220199282278,-1.092635406130192,2.797013491806526,6.2230192308894825,-1.2370579647499655,1.9027555279193331,6.369941754193916,-1.169726250198125,1.8481642571378512,208.7330773569559,0.008567065931856632,250,6.314727306365967,0.47507989727056893,1.0,disabled,single,3,row_4,row_3,-0.8241996765136719,-1.91312575340271,0.6834386637258766,0.2300302533861398,0.8099323175883202,1.088926076889038,-0.443581311155084,1,43,0,disabled,0,0.0,50.0,alpha
484,0.1689150482416153,-0.011790203861892223,0.0,-0.060312606394290924,0.5089380741119385,0.02597111463546753,0,0,0,0.008289559744298458,0.5319148936170213,0.3,120,132,wall,both,1,0,1,1,1,1,0.0,8,8,0,alpha,standard,huber,6.107306886738776,-1.469947800365308,1.5314977391786186,6.091273845703493,-1.0591812842805048,1.8541951744959613,6.179241116135572,-0.9774463683947195,1.8441323951241433,198.08061770120122,0.008289559744298458,250,0.8380481004714966,1.0,1.0,disabled,single,3,row_3,row_4,-0.060312606394290924,-0.8858821392059326,0.6370289644157331,0.2790094331343504,0.8514262965253989,0.8255695328116417,0.3906275480090165,1,44,0,disabled,0,0.0,50.0,alpha
488,0.9549552202224731,-0.376834511756897,0.0,-0.015514963306486607,0.25858867168426514,0.012671589851379395,0,0,0,0.016160840168595314,0.5357142857142857,0.3,120,130,wall,both,1,0,1,1,1,1,0.0,11,11,0,alpha,standard,huber,6.865662716815697,-1.3492391970243474,1.6005382768995497,6.186968236490819,-0.7462922339924956,1.7632410543565766,6.131532054125712,-0.6649775102317474,1.8164098019424264,186.83322751564805,0.016160842031240463,250,1.9670339822769165,1.0,1.0,disabled,single,3,row_3,row_2,-0.015514963306486607,-1.1710118055343628,0.6655710850251573,0.20958902812944308,0.8582230044762076,1.1554968422278762,0.3915948690816964,0,44,0,disabled,0,0.0,50.0,alpha
492,0.89125657081604,-0.32823896408081055,0.0,-0.014832369051873684,0.2434430569410324,0.02018183469772339,0,0,0,0.008493704721331596,0.49342105263157904,0.3,120,154,wall,both,1,0,1,1,1,1,0.0,9,9,0,alpha,standard,huber,4.155538304975472,-0.6549420402069426,1.9271197512554998,5.793628379418969,0.35995962029901696,1.7991720523604273,5.810729385807619,0.4371077741740464,1.7854895665009503,211.8582884391565,0.008493703790009022,250,1.516454815864563,1.0,1.0,disabled,single,3,row_4,row_3,-0.014832369051873684,-1.1623746156692505,0.6610095715224362,0.2098149755410949,0.8656499305681911,1.1475422466173768,0.39915458981664464,1,45,0,disabled,0,0.0,50.0,alpha
496,1.780306100845337,-1.3097065687179565,0.0,-0.030141601338982582,0.19732530415058136,0.07255876064300537,0,0,0,0.008172987960278988,0.49342105263157904,0.3,120,154,wall,both,1,0,1,1,1,1,0.0,5,5,0,alpha,standard,huber,3.5131795208663372,2.620534155052471,2.1493897968269575,4.98609927860177,2.540549877180445,1.8235266503384204,5.130388173370376,2.6340864785266636,1.7914804514999467,219.45346172717427,0.008172987960278988,250,3.2664891481399536,0.9184172559423008,1.0,disabled,single,3,row_4,row_3,-0.030141601338982582,-1.2313685417175293,0.6639166505874099,0.19972265416913906,0.865349841426633,1.2012269403785467,0.3794570622695765,0,45,0,disabled,0,0.0,50.0,alpha
500,0.9352325797080994,-0.36142975091934204,0.0,-0.10433927178382874,0.6852201819419861,1.1920928955078125e-07,0,0,0,0.007978178560733795,0.5263157894736842,0.3,120,135,wall,both,1,0,1,1,1,1,0.0,3,3,0,alpha,standard,huber,3.675571942174426,4.479807169509722,1.7603542846651328,4.0831558342020315,4.899159831717489,1.8778242306882609,4.301315262416262,5.008064090212411,1.8424315318549862,199.57597855753886,0.007978178560733795,250,1.9402366280555725,1.0,1.0,disabled,single,3,row_4,row_3,-0.10433927178382874,-0.7436059713363647,0.6065383804345373,0.32005770532178657,0.8596032105600412,0.639266699552536,0.3956479989787602,0,45,0,disabled,0,0.0,50.0,alpha
504,2.4217169284820557,-2.4234349727630615,0.0,-0.05007278546690941,0.05541028082370758,0.11000305414199829,0,0,0,0.011876104399561882,0.5136986301369862,0.3,120,142,wall,both,1,0,1,1,1,1,0.0,3,3,0,alpha,standard,huber,5.33829162191099,5.227781985104573,2.2337786240335076,4.497187014395363,5.707019225490757,1.7922859126186683,4.324051900288196,5.697648873218499,1.8252738527438526,197.88259908964255,0.011876105330884457,250,3.5968518257141113,0.834062715220243,1.0,disabled,single,3,row_3,row_4,-0.05007278546690941,-1.3932092189788818,0.6699598318786231,0.1748767298143834,0.8623844027383183,1.3431364335119724,0.3504647353473996,1,46,0,disabled,0,0.0,50.0,alpha
508,2.518954277038574,-2.6219546794891357,0.0,-0.14492493867874146,0.613032877445221,0.12266165018081665,0,0,0,0.013177335262298584,0.5102040816326531,0.3,103,144,wall,both,1,0,1,1,1,1,0.0,6,6,0,alpha,standard,huber,3.3274977314860266,5.956958972584015,2.2327209779337043,3.955074210212922,6.672791581383906,1.8335682415252894,3.9820032177748286,6.768779094668465,1.827934553378741,182.5523056632652,0.013177335262298584,250,3.5314067602157593,0.8495198100081534,1.0,disabled,single,3,row_4,row_3,-0.14492493867874146,-0.8621683716773987,0.617544940256327,0.30142113623702715,0.8627662620189103,0.7172434329986572,0.3370784967063951,1,47,0,disabled,0,0.0,50.0,alpha
512,3.1760551929473877,-4.155508995056152,0.0,-0.06794259697198868,0.5506892204284668,0.01162707805633545,0,0,0,0.008383835665881634,0.48701298701298706,0.3,118,158,wall,both,1,0,1,1,1,1,0.0,4,4,0,alpha,standard,huber,3.1695778516124307,6.538878293070072,1.8848530908270584,3.8797968818185993,7.253068113824256,1.8878136450993117,3.839870349926767,7.361877952463934,1.8843905255443634,211.0414693998454,0.008383835665881634,250,3.832217574119568,0.7828365540255721,1.0,disabled,single,3,row_4,row_3,-0.06794259697198868,-0.854515552520752,0.6290336356328964,0.2864636850864828,0.8585259405590688,0.7865729555487633,0.39562795196535244,0,47,0,disabled,0,0.0,50.0,alpha
516,1.1983736753463745,-0.5934295058250427,0.0,-0.021402603015303612,0.29650554060935974,0.021380484104156494,0,0,0,0.007118007633835077,0.5,0.3,0,0,wall,both,1,0,1,1,1,1,0.0,0,0,0,alpha,standard,huber,5.0805798078881805,8.566981575605784,1.9728401036661056,3.845606067605675,8.520164853968891,1.8288727391072532,3.660952737232657,8.56037581888406,1.8598251148482952,212.71134374278037,0.007118008099496365,250,3.087973475456238,0.9715109355195352,1.0,disabled,single,3,row_3,row_2,-0.021402603015303612,-1.1073439121246338,0.6573247001675607,0.2219022131841684,0.8651715168160443,1.0859413091093302,0.3981745631779386,1,48,0,disabled,0,0.0,50.0,alpha
520,0.3278945982456207,-0.04442762956023216,0.0,-0.0021366968285292387,0.09738203883171082,0.0026795268058776855,0,0,0,0.007482971530407667,0.5,0.3,0,0,wall,both,1,0,1,1,1,1,0.0,0,0,0,alpha,standard,huber,2.3024758033367063,7.769780656980837,1.8164316982238393,3.0325109607006047,8.45288603923408,1.904697862767041,3.2928121353327944,8.576915483937423,1.8823321003528815,201.1700831090929,0.0074829719960689545,250,1.91208416223526,1.0,1.0,disabled,single,3,row_4,row_5,-0.0021366968285292387,-1.3016619682312012,0.6666308972233366,0.18176438198362388,0.866246684100354,1.299525271402672,0.4033820668840664,1,49,0,disabled,0,0.0,50.0,alpha
524,1.5276743173599243,-0.9643755555152893,0.0,-0.017804015427827835,0.2344285100698471,0.03701210021972656,0,0,0,0.009671629406511784,0.5,0.3,0,0,wall,both,1,0,1,1,1,1,0.0,0,0,0,alpha,standard,huber,2.510648530314996,8.48659755305175,1.4871747459780504,2.446380010176691,8.943489042794123,1.9094618417466513,2.7165332155081687,9.122424695776866,1.8965544579366522,196.9504161561185,0.009671629406511784,250,2.4090945720672607,1.0,1.0,disabled,single,3,row_4,row_3,-0.017804015427827835,-1.1240981817245483,0.6579017081215763,0.21762238329872358,0.8666994477182468,1.1062941662967205,0.4008957231417022,0,49,0,disabled,0,0.0,50.0,alpha
528,0.5043248534202576,-0.10510064661502838,0.0,-0.12073477357625961,0.7367430925369263,0.005300641059875488,0,0,0,0.009176629595458508,0.5,0.3,0,0,wall,both,1,0,1,1,1,1,0.0,0,0,0,alpha,standard,huber,4.383923830239185,10.110051279438823,1.8425455024432553,2.733418617382648,9.480277221685796,1.8329018164301363,2.6692824694111907,9.486617849553454,1.8650790117826173,199.46418729573978,0.009176629595458508,250,2.7223867177963257,1.0,1.0,disabled,single,3,row_3,row_4,-0.12073477357625961,-1.3606579303741455,0.6704459455836514,0.1940313850532193,0.8570704117223333,1.239923156797886,0.27907742400457236,1,50,0,disabled,0,0.0,50.0,alpha
532,0.23203039169311523,-0.022247150540351868,0.0,-0.1863279491662979,0.9156366586685181,0.0021548867225646973,0,0,0,0.007449319586157799,0.5,0.3,0,0,wall,both,1,0,1,1,1,1,0.0,0,0,0,alpha,standard,huber,2.25451149565649,9.908506154049604,1.825755199101338,2.377209970223786,9.765396955780325,1.8033939011756306,2.457032227598739,9.810231045991724,1.8342857781886828,185.70839064997347,0.007449320517480373,250,0.9517158567905426,1.0,1.0,disabled,single,3,row_4,row_3,-0.1863279491662979,-1.3077739477157593,0.6629594916036651,0.21599772843684914,0.8591128800931576,1.1214459985494614,0.22471344013358036,1,51,0,disabled,0,0.0,50.0,alpha
536,0.9806522727012634,-0.39738795161247253,0.0,-0.9729916453361511,2.0911483764648438,0.01740020513534546,0,0,0,0.009593830443918705,0.5,0.3,0,0,wall,both,1,0,1,1,1,1,0.0,0,0,0,alpha,standard,huber,2.1906182232490727,11.087475997900832,1.5732746222805085,2.2450748861217185,10.142355004312638,1.8094371842256112,2.3082573770352313,10.11225770215539,1.8211768023868533,207.8741133072297,0.009593830443918705,250,2.1727784872055054,1.0,1.0,disabled,single,3,row_4,row_3,-0.9729916453361511,-1.9440478086471558,0.6548874567839768,0.24799466550108204,0.8494617809593491,0.9710561633110046,-0.5496997655223737,0,51,0,disabled,0,0.0,50.0,alpha
540,0.4018086791038513,-0.06671496480703354,0.0,-0.22356967628002167,0.9892390966415405,0.03867250680923462,0,0,0,0.009256022050976753,0.5,0.3,0,0,wall,both,1,0,1,1,1,1,0.0,0,0,0,alpha,standard,huber,1.4164634718191584,9.632239333361879,2.03910880890135,1.9074580820854552,10.283930056365675,1.9092470161126576,2.0511097927315616,10.350209726866419,1.8668223963617372,196.83182840546846,0.009256022050976753,250,1.4686419367790222,1.0,1.0,disabled,single,3,row_4,row_5,-0.22356967628002167,-0.9469942450523376,0.6215639223032132,0.3015133182657367,0.8543639207749562,0.723424568772316,0.2519468453858125,0,51,0,disabled,0,0.0,50.0,alpha
544,1.38380765914917,-0.7912907600402832,0.0,-0.9812615513801575,2.098637819290161,0.024909138679504395,0,0,0,0.006715487688779831,0.5,0.3,0,0,wall,both,1,0,1,1,1,1,0.0,0,0,0,alpha,standard,huber,1.000363228663398,10.735986418141968,1.9837608099440214,1.6918167763018075,10.55294174007592,1.934749862548952,1.8198640733343643,10.571994143928691,1.9122657073743188,221.69946232717217,0.006715488154441118,250,2.122088313102722,1.0,1.0,disabled,single,3,row_4,row_5,-0.9812615513801575,-1.5109349489212036,0.5933257351062254,0.34934855578860885,0.84102222520049,0.5296733975410461,-0.45924982093330047,0,51,0,disabled,0,0.0,50.0,alpha
548,1.3084516525268555,-0.7074568867683411,0.0,-0.30754876136779785,1.1196552515029907,0.08423995971679688,0,0,0,0.014146091416478157,0.5,0.3,0,0,wall,both,1,0,1,1,1,1,0.0,0,0,0,alpha,standard,huber,2.275010178743926,10.111506065163317,1.3466943245816374,1.6753788452099587,10.613211867743804,1.9737095707630659,1.7010982528008056,10.705243357919585,1.979105543958994,183.16831841936246,0.014146092347800732,250,2.1755908727645874,1.0,1.0,disabled,single,3,row_4,row_3,-0.30754876136779785,-1.3634917736053467,0.6584917241673786,0.22906571814057625,0.8584269544695876,1.0559430122375488,0.11025456421327523,0,51,0,disabled,0,0.0,50.0,alpha
552,0.1446959376335144,-0.008651616983115673,0.0,-0.6750276684761047,1.7146892547607422,0.07284528017044067,0,0,0,0.008229819126427174,0.6550218340611353,0.3,79,79,wall,both,1,0,1,1,1,1,0.0,1,1,0,alpha,standard,huber,1.6844944134363056,10.63963986323715,2.1441449249195257,1.484386786932871,10.846381782913214,2.0855837366567815,1.5220377690851947,10.92125613939632,2.0839435343498263,186.36735400550876,0.008229819126427174,250,0.5802105963230133,1.0,1.0,disabled,single,3,row_4,row_5,-0.6750276684761047,-1.9296698570251465,0.6735729093084049,0.19208808748444134,0.8527461926066785,1.2546421885490417,-0.2798686338407702,0,51,0,disabled,0,0.0,50.0,alpha
556,1.852864146232605,-1.4186387062072754,0.0,-2.2269911766052246,3.1640090942382812,0.023917436599731445,0,0,0,0.018043650314211845,0.5,0.3,0,0,wall,both,1,0,1,1,1,1,0.0,0,0,0,alpha,standard,huber,2.9296163513200626,12.083959523050996,1.9586878501428533,1.5035028606397214,11.827730605612281,2.4266914804891164,1.2760283117424036,11.838301788777924,2.5511200101982494,145.71183288519785,0.018043648451566696,246,3.8600330352783203,0.7771954210189008,1.0,disabled,single,3,row_3,row_4,-2.2269911766052246,-2.2468228340148926,0.4907807433264356,0.4811436236397638,0.8016267430215039,0.01983165740966797,-1.515233374413909,1,52,1,disabled,0,0.0,50.0,alpha
560,3.8540260791778564,-5.836428642272949,0.0,-2.4273738861083984,3.128005266189575,0.24899685382843018,0,0,0,0.024642376229166985,0.641025641025641,0.3,83,84,wall,both,1,0,1,1,1,1,0.0,3,3,0,alpha,standard,huber,2.532240247111922,12.103847129881315,2.4813114099853886,1.1490191452088065,12.17311478590632,-3.067612380614861,0.874052308326918,12.245049821538167,-2.9762671887105965,135.5796356768921,0.024642376229166985,250,4.7278666496276855,0.6345356631909758,1.0,disabled,single,3,row_4,row_3,-2.4273738861083984,-2.8654227256774902,0.5799227412406114,0.37422081975794125,0.8251425623876258,0.4380488395690918,-1.882513497036618,1,53,1,disabled,0,0.0,50.0,alpha
564,0.8173201084136963,-0.2760380804538727,0.0,-7.194893836975098,4.462464809417725,0.823750376701355,0,0,0,0.008280264213681221,0.5555555555555556,0.3,120,120,wall,both,1,0,1,1,1,1,0.0,2,2,0,alpha,standard,huber,0.4017817862243024,13.091733610716481,-2.7751191184603474,0.7468830599505462,12.345306942156714,-2.6036753224295985,0.5829023052009826,12.26328322436919,-2.5282394759424163,206.58408141052848,0.008280264213681221,250,2.150269627571106,1.0,1.0,disabled,single,3,row_4,row_5,-7.194893836975098,-7.547002792358398,0.5578911976222009,0.3923110427845278,0.8420485994656981,0.3521089553833008,-6.611302515021822,0,53,1,disabled,0,0.0,50.0,alpha
568,1.8762825727462769,-1.454725742340088,0.0,-1.1025059223175049,1.6952780485153198,0.337108850479126,0,0,0,0.011421355418860912,0.5859375,0.3,99,106,wall,both,1,0,1,1,1,1,0.0,10,10,0,alpha,standard,huber,-0.3988923202975788,10.156952569906203,-0.5475681363968379,0.00784022630755316,11.549048607625986,-1.4931672319094735,-0.04657533034233082,11.649990468092877,-1.564312423798774,179.7855710131875,0.011421356350183487,250,3.1757556200027466,0.944657070306123,1.0,disabled,single,3,row_5,row_4,-1.1025059223175049,-2.2098939418792725,0.6473661583855863,0.21390330079360628,0.8854147167735749,1.1073880195617676,-0.6676627103465915,1,54,0,disabled,0,0.0,50.0,alpha
572,0.9496923089027405,-0.372692346572876,0.0,-0.27438274025917053,1.0683567523956299,0.07128560543060303,0,0,0,0.009229941293597221,0.5597014925373135,0.3,104,118,wall,both,1,0,1,1,1,1,0.0,12,12,0,alpha,standard,huber,-0.8616191815671826,9.360455002696513,-1.0138250950477095,-0.16337214302308534,10.886788912027455,-1.1530321587025296,-0.11016675078630248,11.130472187385834,-1.2865522304292032,191.51760755750738,0.009229941293597221,250,2.1793372631073,1.0,1.0,disabled,single,3,row_5,row_6,-0.27438274025917053,-1.1800847053527832,0.6385502452214852,0.2581390517167536,0.8705282098482326,0.9057019650936127,0.17417217375213384,0,54,0,disabled,0,0.0,50.0,alpha
576,0.12727145850658417,-0.006693398579955101,0.0,-0.5968533754348755,1.6376101970672607,0.014891207218170166,0,0,0,0.007576483767479658,0.5859375,0.3,96,106,wall,both,1,0,1,1,1,1,0.0,12,12,0,alpha,standard,huber,0.17118151823122607,10.041036860880256,-1.220900157278862,0.06617904262890889,10.290416065940125,-0.9337010703310719,0.04418858975719625,10.472089539731241,-1.0632015222374203,193.9201100919489,0.007576483767479658,250,0.7684773802757263,1.0,1.0,disabled,single,3,row_5,row_4,-0.5968533754348755,-1.1348317861557007,0.5885547684671868,0.34367332727150784,0.8614646027967373,0.5379784107208252,-0.0667680833380222,0,54,0,disabled,0,0.0,50.0,alpha
580,3.0572876930236816,-3.861044406890869,0.0,-0.7245235443115234,1.19130539894104,0.31660741567611694,0,0,0,0.011778775602579117,0.5813953488372093,0.3,88,108,wall,both,1,0,1,1,1,1,0.0,10,10,0,alpha,standard,huber,0.4971067784760477,9.371288262240467,-0.5752940541090528,0.35104772769880954,9.83018750788815,-0.7984269602342575,0.2839308399869449,9.991447127576144,-0.9165607508268252,188.5582477583258,0.011778775602579117,250,3.6626055240631104,0.8190890283679666,1.0,disabled,single,3,row_5,row_4,-0.7245235443115234,-1.04291570186615,0.549311189757952,0.39952364643412663,0.8477413139728269,0.31839215755462646,-0.12543337641158658,0,54,0,disabled,0,0.0,50.0,alpha
584,0.42545464634895325,-0.07479821145534515,0.0,-0.2552722096443176,1.071770191192627,0.0013550519943237305,0,0,0,0.010487237945199013,0.5119453924914675,0.3,120,143,wall,both,1,0,1,1,1,1,0.0,12,12,0,alpha,standard,huber,-0.5514631247591998,9.502155444842524,-1.3416266819415053,0.44186465359500193,9.475568672611654,-0.8805792134008347,0.4837567705809608,9.560418436739361,-0.884173911655302,190.81273428042618,0.010487237945199013,250,1.6782683730125427,1.0,1.0,disabled,single,3,row_5,row_6,-0.2552722096443176,-1.5279711484909058,0.6604881297513435,0.18498601235795667,0.8746746254500586,1.2726989388465881,0.15950391714731144,0,54,0,disabled,0,0.0,50.0,alpha
588,0.17948181927204132,-0.013311456888914108,0.0,-0.10531087219715118,0.6796395778656006,0.02554863691329956,0,0,0,0.008182838559150696,0.5376344086021506,0.3,120,129,wall,both,1,0,1,1,1,1,0.0,13,13,0,alpha,standard,huber,0.4601963465203227,8.203024493476018,-1.167159614219447,0.6566972825235573,8.808243236714565,-1.0169039172476448,0.7711521235070871,8.912143233402169,-0.9476358467983994,195.8447532338838,0.008182838559150696,250,0.9886448085308075,1.0,1.0,disabled,single,3,row_5,row_4,-0.10531087219715118,-0.7485798597335815,0.6078832796264324,0.3194861429094752,0.8575986156142376,0.6432689875364304,0.3924615175468741,0,54,0,disabled,0,0.0,50.0,alpha
592,1.6064844131469727,-1.0664430856704712,0.0,-0.0013925126986578107,0.04641614481806755,0.014962196350097656,0,0,0,0.011416246183216572,0.5050505050505051,0.3,120,147,wall,both,1,0,1,1,1,1,0.0,13,13,0,alpha,standard,huber,2.2448360390000515,8.874819467237119,-1.2082945530572236,1.1212343091663728,8.47011622937863,-0.9780915449620965,1.1121953353445035,8.462405517080121,-0.9555948917572907,210.68720746624334,0.011416247114539146,250,3.1320751905441284,0.9578314112819293,1.0,disabled,single,3,row_4,row_3,-0.0013925126986578107,-1.3264431953430176,0.6665236498710023,0.17715497952810452,0.8671102421690946,1.3250506826443598,0.4042871436168239,1,55,0,disabled,0,0.0,50.0,alpha
596,5.561983108520508,-10.071032524108887,0.0,-0.29593920707702637,0.21117764711380005,0.2647207975387573,0,0,0,0.009004577994346619,0.5154639175257733,0.3,113,141,wall,both,1,0,1,1,1,1,0.0,10,10,0,alpha,standard,huber,2.184007976739209,7.786775830466277,-0.653664807199692,1.4504884246428982,8.005081849840497,-0.9899449171072733,1.4279819353399343,8.0273097386732,-0.9637398786565052,201.1353043076932,0.009004577994346619,250,6.232993125915527,0.4813096917316667,1.0,disabled,single,3,row_4,row_5,-0.29593920707702637,-1.47377610206604,0.660005392417293,0.2032447891228503,0.8701536756637642,1.1778368949890137,0.11956806658878472,0,55,0,disabled,0,0.0,50.0,alpha
600,0.2967259883880615,-0.036382775753736496,0.0,-0.01033727265894413,0.17389947175979614,0.029768705368041992,0,0,0,0.00786764919757843,0.5033557046979865,0.3,118,148,wall,both,1,0,1,1,1,1,0.0,12,12,0,alpha,standard,huber,2.0910511931924622,8.50665333382251,-1.1368854128007797,1.9523085994270022,7.71724814938333,-0.9441951371314928,1.8625913656440276,7.646235914955429,-0.947760909871544,201.16813722401653,0.007867648266255856,250,1.252104938030243,1.0,1.0,disabled,single,3,row_4,row_5,-0.01033727265894413,-1.2196069955825806,0.6630182180553897,0.1978546648171748,0.8674475564906767,1.2092697229236364,0.400615538301592,0,55,0,disabled,0,0.0,50.0,alpha
604,0.16222183406352997,-0.010874348692595959,0.0,-0.03371391072869301,0.3615606725215912,0.033802330493927,0,0,0,0.008241623640060425,0.48701298701298706,0.3,110,158,wall,both,1,0,1,1,1,1,0.0,14,14,0,alpha,standard,huber,2.7305616644182207,7.986634728290028,-1.1376356161459347,2.5398831200978362,7.519767582908845,-0.9452971965618624,2.3674376958649885,7.392495172532893,-0.9512780357157009,183.24986411856074,0.008241623640060425,250,0.8130932748317719,1.0,1.0,disabled,single,3,row_4,row_3,-0.03371391072869301,-1.003345012664795,0.6483194340754515,0.24585758038939506,0.8635793201483875,0.9696311019361019,0.39965783954284756,0,55,0,disabled,0,0.0,50.0,alpha
608,0.8579525947570801,-0.30416640639305115,0.0,-0.008378514088690281,0.03897808864712715,0.044384896755218506,0,0,0,0.008250767365098,0.49668874172185423,0.3,113,152,wall,both,1,0,1,1,1,1,0.0,15,15,0,alpha,standard,huber,2.5044091157742203,7.405015717464776,-1.0993268810272756,2.694997329808625,7.006711909798437,-1.0232903246929739,2.7173481815521896,6.942292837646098,-0.9873949559856943,203.38740144966943,0.008250767365098,250,1.508584439754486,1.0,1.0,disabled,single,3,row_4,row_3,-0.008378514088690281,-1.346235990524292,0.668460045631146,0.17540878270637375,0.8645090633581534,1.3378574764356017,0.39440013733107737,0,55,0,disabled,0,0.0,50.0,alpha
612,2.031435012817383,-1.7052595615386963,0.0,-0.11718481034040451,0.638671875,0.08063679933547974,0,0,0,0.0088526401668787,0.5,0.3,106,150,wall,both,1,0,1,1,1,1,0.0,14,14,0,alpha,standard,huber,3.1681974847599195,7.088784525391381,-0.9940451543124662,3.082627073196641,6.440340886075865,-1.0414219590724747,3.125068674924279,6.352879349416481,-1.0141353164766942,212.57441085938848,0.0088526401668787,250,2.862797498703003,1.0,1.0,disabled,single,3,row_4,row_3,-0.11718481034040451,-0.7948898077011108,0.6146395927103989,0.31210231618830814,0.8540559402533628,0.6777049973607063,0.36953440072997773,0,55,0,disabled,0,0.0,50.0,alpha
616,0.0702546164393425,-0.002039550105109811,0.0,-0.01772884838283062,0.28245308995246887,6.192922592163086e-05,0,0,0,0.007913119159638882,0.5208333333333334,0.3,101,138,wall,both,1,0,1,1,1,1,0.0,14,14,0,alpha,standard,huber,3.0987702408828715,5.346294457162315,-1.3919126290949402,3.3454277979505163,5.437011038381738,-1.1945747267195208,3.5059382528597896,5.431879073153025,-1.1245474146905377,191.19350863896616,0.007913120090961456,250,0.8973214328289032,1.0,1.0,disabled,single,3,row_4,row_3,-0.01772884838283062,-1.1075721979141235,0.6557013060566178,0.22049213153180466,0.8687354844984032,1.089843349531293,0.40432107148084284,0,55,0,disabled,0,0.0,50.0,alpha
620,4.090390205383301,-6.422455310821533,0.0,-0.011108087375760078,0.223534494638443,0.0010096430778503418,0,0,0,0.01285629440099001,0.5208333333333334,0.3,106,138,wall,both,1,0,1,1,1,1,0.0,12,12,0,alpha,standard,huber,2.9522862195210293,3.5019745004121554,-1.311630657993886,3.1865709743140807,4.476574292126029,-1.3154580338214097,3.4792830717423597,4.595037346715708,-1.22012515794272,175.0190043029019,0.012856296263635159,250,5.527739763259888,0.542717300105098,1.0,disabled,single,3,row_4,row_5,-0.011108087375760078,-1.1493204832077026,0.659477742300168,0.2112908935420505,0.8674279219426796,1.1382123958319426,0.4051989693738476,0,55,0,disabled,0,0.0,50.0,alpha
624,3.924760341644287,-6.0118021965026855,0.0,-0.16353733837604523,0.8561473488807678,0.01262962818145752,0,0,0,0.007268697954714298,0.5263157894736842,0.3,120,135,wall,both,1,0,1,1,1,1,0.0,6,6,0,alpha,standard,huber,2.3805820566070164,3.0669904505993113,-1.2719399275634062,2.997907932476183,3.8293019393791425,-1.3835203889042849,3.2928397742103304,3.9597895866990385,-1.3070287605254947,210.67037047438583,0.0072686984203755856,250,5.106607437133789,0.5874741767273627,1.0,disabled,single,3,row_4,row_5,-0.16353733837604523,-0.594833493232727,0.5728777642100918,0.37217948077274154,0.8464092158023973,0.4312961548566818,0.393545572634455,0,55,0,disabled,0,0.0,50.0,alpha
628,1.0962731838226318,-0.49661773443222046,0.0,-0.1877703219652176,0.898716390132904,0.045049190521240234,0,0,0,0.007425274699926376,0.5190311418685121,0.3,118,139,wall,both,1,0,1,1,1,1,0.0,7,7,0,alpha,standard,huber,2.204511075538987,3.7630397570806493,-1.657873032088405,2.792770885498132,3.173737798676533,-1.4506617838633693,3.0906322459978917,3.257778752274717,-1.3785553276617537,208.80831107528192,0.007425275165587664,250,2.0992822647094727,1.0,1.0,disabled,single,3,row_4,row_5,-0.1877703219652176,-0.5608522891998291,0.5619109321830674,0.38693680550962173,0.8433593403996764,0.3730819672346115,0.38864160334311293,0,55,0,disabled,0,0.0,50.0,alpha
632,1.8483814001083374,-1.4117825031280518,0.0,-0.19978076219558716,0.8927698731422424,0.07451170682907104,0,0,0,0.011309966444969177,0.5434782608695653,0.3,110,126,wall,both,1,0,1,1,1,1,0.0,13,13,0,alpha,standard,huber,1.8068003996599509,2.052819594042758,-1.7813496280916294,2.654881881578028,2.7923460232303317,-1.5084668484267711,2.8730907907198238,2.888141411162577,-1.443641449919284,209.80706252981565,0.011309966444969177,250,3.2539952993392944,0.9219435567743854,1.0,disabled,single,3,row_5,row_4,-0.19978076219558716,-0.5864693522453308,0.5647616335879024,0.38364404809946756,0.8431671015552064,0.38668859004974365,0.37157076211469986,1,56,0,disabled,0,0.0,50.0,alpha
636,2.898780584335327,-3.4722847938537598,0.0,-0.10472756624221802,0.5845599174499512,0.0839882493019104,0,0,0,0.010562819428741932,0.5172413793103449,0.3,120,140,wall,both,1,0,1,1,1,1,0.0,10,10,0,alpha,standard,huber,1.573991876389591,1.6060162249953849,-1.8056493652208416,2.5009154417285617,2.2383449287661907,-1.5772022201502685,2.6907196052760955,2.3561253157923048,-1.5064946079560289,207.7633879443895,0.010562819428741932,250,3.9154378175735474,0.7661978403884199,1.0,disabled,single,3,row_5,row_4,-0.10472756624221802,-0.8376869559288025,0.6215824403597244,0.2986610026747351,0.8581564240002336,0.7329593896865845,0.3707591631850371,0,56,0,disabled,0,0.0,50.0,alpha
640,0.2468966841697693,-0.025189245119690895,0.0,-0.166371151804924,0.8652181625366211,0.0019198060035705566,0,0,0,0.006564340554177761,0.5154639175257733,0.3,120,141,wall,both,1,0,1,1,1,1,0.0,12,12,0,alpha,standard,huber,2.4776679428410167,2.379799306233039,-1.4374621484148493,2.424874412279597,1.9130665839753198,-1.5761462298341102,2.5576211330162972,1.9087423711632723,-1.5375150159510251,217.68116894472257,0.006564340554177761,250,0.8519988656044006,1.0,1.0,disabled,single,3,row_4,row_5,-0.166371151804924,-0.5766826868057251,0.569725427770942,0.377980650102892,0.8425827954021825,0.4103115350008011,0.396229588071077,1,57,0,disabled,0,0.0,50.0,alpha
644,1.0716527700424194,-0.4745618402957916,0.0,-0.1510257124900818,0.8039454221725464,0.042571306228637695,0,0,0,0.009283280000090599,0.5208333333333334,0.3,102,138,wall,both,1,0,1,1,1,1,0.0,13,13,0,alpha,standard,huber,1.973425959029149,0.6256945760931594,-1.685207130777053,2.3358896892241012,1.2777311826361615,-1.5497316831411443,2.4424507570398752,1.3579858894183818,-1.539963516797201,205.72992186319965,0.009283280000090599,250,1.958784282207489,1.0,1.0,disabled,single,3,row_5,row_4,-0.1510257124900818,-0.6442300081253052,0.5843138364976109,0.3568208853309303,0.8484094531246292,0.4932042956352234,0.3862913367437706,1,58,0,disabled,0,0.0,50.0,alpha
648,1.884246587753296,-1.4671013355255127,0.0,-0.09220033884048462,0.13276566565036774,0.14706939458847046,0,0,0,0.011026831343770027,0.5244755244755245,0.3,120,136,wall,both,1,0,1,1,1,1,0.0,6,6,0,alpha,standard,huber,1.2590203969007718,0.8053413548859857,-1.9415925591711642,2.0707413628683367,0.2796736700984242,-1.6199547397644818,2.253258263911475,0.27054334870473806,-1.5774605386231049,201.23916750060985,0.011026831343770027,250,2.9542243480682373,1.0,1.0,disabled,single,3,row_5,row_4,-0.09220033884048462,-1.3298238515853882,0.6664291497089013,0.19331293858131737,0.8636551507328092,1.2376235127449036,0.3136211081854994,0,58,0,disabled,0,0.0,50.0,alpha
652,0.5272623896598816,-0.11487836390733719,0.0,-0.014587725512683392,0.25584274530410767,0.0032099485397338867,0,0,0,0.008616485632956028,0.5263157894736842,0.3,120,135,wall,both,1,0,1,1,1,1,0.0,5,5,0,alpha,standard,huber,3.4913611976129753,0.29960388667597837,-1.3145172293024217,2.2668352953511697,-0.2358490562522934,-1.5474417334896706,2.258970054803868,-0.2714020370710707,-1.563950621311012,215.18557174507234,0.008616485632956028,250,2.0819724798202515,1.0,1.0,disabled,single,3,row_4,row_5,-0.014587725512683392,-1.1149673461914062,0.6591651583359813,0.21933374116133109,0.8635960686403089,1.1003796206787229,0.40219343073708613,1,59,0,disabled,0,0.0,50.0,alpha
656,0.6730108261108398,-0.18716676533222198,0.0,-0.02596016228199005,0.2984139621257782,0.038883328437805176,0,0,0,0.007343780715018511,0.5376344086021506,0.3,120,129,wall,both,1,0,1,1,1,1,0.0,4,4,0,alpha,standard,huber,1.2919224447271676,-1.7837260838827043,-1.6689660756403515,1.8277733575015827,-1.4745596314703235,-1.5941895823487764,2.025497402369269,-1.4715015631715376,-1.559517007549953,199.6048240571311,0.007343780715018511,250,1.7746992111206055,1.0,1.0,disabled,single,3,row_5,row_6,-0.02596016228199005,-1.0981062650680542,0.653467635602538,0.2236644425451262,0.8705980187750324,1.0721461027860641,0.39950210957145904,1,60,0,disabled,0,0.0,50.0,alpha
660,0.5916875600814819,-0.14466701447963715,0.0,-0.06899875402450562,0.4681546986103058,0.07051360607147217,0,0,0,0.00819062814116478,0.4672897196261683,0.3,120,171,wall,both,1,0,1,1,1,1,0.0,5,5,0,alpha,standard,huber,1.4962111407730077,-3.865888536879279,-1.781657740063422,1.6448678911633392,-2.9950455599774832,-1.5791497780643224,1.8234098316888603,-2.9529605778905017,-1.5644043112267372,203.61236086297436,0.00819062814116478,250,1.8750041127204895,1.0,1.0,disabled,single,3,row_5,row_6,-0.06899875402450562,-0.9228293895721436,0.6351491878570715,0.2704343248857041,0.8647719174002199,0.8538306355476379,0.3848966121521746,0,60,0,disabled,0,0.0,50.0,alpha
664,1.4499585628509521,-0.8687520027160645,0.0,-0.016483915969729424,0.2261161059141159,0.03542453050613403,0,0,0,0.013151749968528748,0.49342105263157904,0.3,120,154,wall,both,1,0,1,1,1,1,0.0,3,3,0,alpha,standard,huber,4.235698195031945,-3.6333305057387277,-1.133579128708492,2.2097373823340294,-4.304773588225352,-1.3682760568338843,2.0398999224123324,-4.323784624947898,-1.4243191540019606,188.2488739951425,0.013151749968528748,250,4.11727499961853,0.7286372662204864,1.0,disabled,single,3,row_4,row_5,-0.016483915969729424,-1.15238356590271,0.6601539179689748,0.21199726357898055,0.8659696395255725,1.1358996499329805,0.39879834613703713,1,61,0,disabled,0,0.0,50.0,alpha
668,0.8848121762275696,-0.3235093355178833,0.0,-0.0011636647395789623,0.0169402826577425,0.016415655612945557,0,0,0,0.008594099432229996,0.49342105263157904,0.3,120,154,wall,both,1,0,1,1,1,1,0.0,3,3,0,alpha,standard,huber,2.411406712846993,-6.26032019694821,-1.2224294663353126,2.1761528853927796,-5.39984296772083,-1.3635468400597628,2.1765500190447438,-5.333900227633761,-1.383049843512476,194.73237595400718,0.008594099432229996,250,2.0669078826904297,1.0,1.0,disabled,single,3,row_5,row_6,-0.0011636647395789623,-1.3920530080795288,0.6683927140505034,0.16633212669844777,0.8651620251308918,1.3908893433399498,0.40171571816346113,1,62,0,disabled,0,0.0,50.0,alpha
672,0.1876295953989029,-0.014547465369105339,0.0,-0.008876812644302845,0.19630873203277588,0.00875711441040039,0,0,0,0.007913698442280293,0.5,0.3,0,0,wall,both,1,0,1,1,1,1,0.0,0,0,0,alpha,standard,huber,2.664871505954561,-6.685075696156854,-1.2714338826736342,2.629836633915933,-7.098345052149771,-1.344317623507178,2.576972397867643,-7.09975269267454,-1.35213223802249,184.3412136225843,0.007913698442280293,250,0.969892293214798,1.0,1.0,disabled,single,3,row_5,row_4,-0.008876812644302845,-1.2182443141937256,0.6634625545077267,0.19796790355946575,0.8667125866721066,1.2093675015494227,0.4014060504690471,0,62,0,disabled,0,0.0,50.0,alpha
676,2.9476003646850586,-3.590226411819458,0.0,-0.05681241676211357,0.4722367823123932,0.042160630226135254,0,0,0,0.01122142281383276,0.5,0.3,0,0,wall,both,1,0,1,1,1,1,0.0,0,0,0,alpha,standard,huber,-0.2927132013676676,-7.846569439273919,-1.6528556620646708,2.5352850742601225,-8.238706482206066,-1.4141284735352277,2.6630281052056013,-8.216615334694868,-1.375764917954729,211.68952930973163,0.01122142281383276,250,4.389575242996216,0.683437424791077,1.0,disabled,single,3,row_6,row_7,-0.05642523989081383,-0.9648492932319641,0.6397792252394063,0.25793280439985616,0.8684722017426915,0.9084240533411503,0.3902068828136152,1,63,0,disabled,0,0.0,50.0,alpha
680,3.3443386554718018,-4.57274055480957,0.0,-0.02998473308980465,0.008384045213460922,0.08568799495697021,0,0,0,0.025376539677381516,0.5,0.3,0,0,wall,both,1,0,1,1,1,1,0.0,0,0,0,alpha,standard,huber,5.206721633175001,-7.482653013548961,-0.9765010302615371,3.069167626441558,-8.505243712869314,-1.3215168822488252,2.9297566165985973,-8.594816441113796,-1.3425788647643162,169.98068114343792,0.025376539677381516,250,5.241351842880249,0.5723714205668413,1.0,disabled,single,3,row_4,row_3,-0.02998473308980465,-1.38906729221344,0.6618158683718021,0.17001808498734336,0.8742299754736937,1.3590825591236353,0.38278317309813814,1,64,0,disabled,0,0.0,50.0,alpha
684,3.617889165878296,-5.250964641571045,0.0,-1.3346233367919922,2.44851016998291,0.02402597665786743,0,0,0,0.008725150488317013,0.5,0.3,0,0,wall,both,1,0,1,1,1,1,0.0,0,0,0,alpha,standard,huber,2.676076104404328,-10.466787747647079,-1.0712176238535198,3.0317747225844967,-9.406526655387552,-1.287103888637644,3.0660788134717727,-9.386606657453697,-1.2838807428578238,217.6225555169658,0.008725150488317013,250,4.845739364624023,0.6191005694407106,1.0,disabled,single,3,row_5,row_6,-1.3346233367919922,-2.0695714950561523,0.6159997284360988,0.2953905456738662,0.8734201863253891,0.7349481582641602,-0.8501145804927887,1,65,0,disabled,0,0.0,50.0,alpha
688,0.07875755429267883,-0.002563120797276497,0.0,-0.4846779704093933,1.3291889429092407,0.15018904209136963,0,0,0,0.010417726822197437,0.5,0.3,0,0,wall,both,1,0,1,1,1,1,0.0,0,0,0,alpha,standard,huber,4.459020822059904,-8.690960278018386,-0.8383219276757243,3.506834530601635,-9.553818681493311,-1.2041921442970063,3.3539607181624236,-9.632666527291317,-1.2365991681624056,188.92015036727702,0.010417726822197437,250,1.768947958946228,1.0,1.0,disabled,single,3,row_4,row_5,-0.4846779704093933,-0.7799881100654602,0.5448869311140095,0.40555973214917407,0.8457484202283845,0.2953101396560669,0.12249900127936941,1,66,0,disabled,0,0.0,50.0,alpha
692,2.6002161502838135,-2.7938530445098877,0.0,-0.5123969316482544,1.5168471336364746,0.016434669494628906,0,0,0,0.012314732186496258,0.5,0.3,0,0,wall,both,1,0,1,1,1,1,0.0,0,0,0,alpha,standard,huber,4.804316300044073,-9.059678059892581,-1.2119432534963122,4.218661510077823,-9.991955501456648,-1.463542212967497,3.9392448451254003,-10.146208597320754,-1.541902019753431,182.47364221870245,0.012314733117818832,250,4.222343921661377,0.7105058364879908,1.0,disabled,single,3,row_4,row_5,-0.5123969316482544,-1.1654952764511108,0.6088267536425263,0.31685219574289325,0.8594647117972437,0.6530983448028564,-0.016175403127359267,0,66,0,disabled,0,0.0,50.0,alpha
696,0.7444482445716858,-0.22900959849357605,0.0,-2.0468590259552,3.0294322967529297,0.04264640808105469,0,0,0,0.006400971207767725,0.5,0.3,0,0,wall,both,1,0,1,1,1,1,0.0,0,0,0,alpha,standard,huber,3.5734870159478067,-10.939102982160335,-1.5839639128099374,3.9324938801916156,-10.651385166384713,-1.6487326668587878,3.9434286433838714,-10.697280162477785,-1.6679433585439,216.7559389030336,0.006400971207767725,250,1.5021519660949707,1.0,1.0,disabled,single,3,row_5,row_4,-2.0468590259552,-3.0799379348754883,0.6407523159017976,0.22804981015315887,0.8887772202426772,1.033078908920288,-1.6017467265716911,1,67,1,disabled,0,0.0,50.0,alpha
700,1.7878772020339966,-1.32086980342865,0.0,-2.8161678314208984,3.5251872539520264,0.11568498611450195,0,0,0,0.00954113993793726,0.5,0.3,0,0,wall,both,1,0,1,1,1,1,0.0,0,0,0,alpha,standard,huber,5.638891175432852,-11.100851583204724,-1.8792631472316244,4.288164750013172,-10.96816572227725,-1.963072693092743,4.116014933234833,-11.020899393212474,-2.0102857914291334,202.69309564366145,0.00954113993793726,250,3.097363829612732,0.9685655819048854,1.0,disabled,single,3,row_4,row_5,-2.8161678314208984,-4.061686992645264,0.6698259207128544,0.1927701791143655,0.8584969413190896,1.2455191612243652,-2.4154304112331926,1,68,1,disabled,0,0.0,50.0,alpha
704,1.3726238012313843,-0.7785521149635315,0.0,-4.099759101867676,4.269664287567139,0.10916447639465332,0,0,0,0.00952941458672285,0.5555555555555556,0.3,120,120,wall,both,1,0,1,1,1,1,0.0,1,1,0,alpha,standard,huber,4.040281608865394,-12.09426962315202,-1.7624818071230197,4.067857221144054,-11.562913135018022,-2.5697941483944815,3.983538727777286,-11.544441149054254,-2.6257622779990193,207.61927218827736,0.00952941458672285,250,2.250510573387146,1.0,1.0,disabled,single,3,row_5,row_4,-4.099759101867676,-4.814542770385742,0.6042097603559571,0.29563859765509115,0.8951476303731564,0.7147836685180664,-3.5959252458882967,1,69,1,disabled,0,0.0,50.0,alpha
708,2.407336711883545,-2.3947396278381348,0.0,-4.015824317932129,3.765324115753174,0.4604148268699646,0,0,0,0.011946143582463264,0.5597014925373135,0.3,118,118,wall,both,1,0,1,1,1,1,0.0,2,2,0,alpha,standard,huber,5.276588309181906,-11.365607484092036,-2.394343317676169,4.122995786697576,-11.661707899910802,-2.9960695736127625,3.902393068632975,-11.698443202938012,-3.0375092176010954,190.09528520708062,0.011946143582463264,250,4.069421768188477,0.7372054731342004,1.0,disabled,single,3,row_4,row_5,-4.015824317932129,-5.123073101043701,0.6879100150373498,0.2273314885297983,0.8032815066646684,1.1072487831115723,-3.6417270762324283,1,70,1,disabled,0,0.0,50.0,alpha
712,1.0169777870178223,-0.4273734986782074,0.0,-1.5240386724472046,2.618670701980591,0.0063378214836120605,0,0,0,0.011727163568139076,0.5555555555555556,0.3,120,120,wall,both,1,0,1,1,1,1,0.0,3,3,0,alpha,standard,huber,2.875193686091966,-10.636156565832405,1.7380805410324935,3.5152252461843885,-11.413036308600931,2.791848053994801,3.5592705671128346,-11.555068155689158,2.885659722528829,176.4415686185538,0.011727163568139076,250,2.493796467781067,1.0,1.0,disabled,single,3,row_5,row_6,-1.5240386724472046,-2.4265995025634766,0.6328154184506691,0.25662553279039546,0.8820811767784884,0.902560830116272,-1.0664621750620538,1,71,1,disabled,0,0.0,50.0,alpha
716,0.5708605051040649,-0.13466186821460724,0.0,-3.412806749343872,3.917642593383789,0.02298945188522339,0,0,0,0.006679994985461235,0.5376344086021506,0.3,120,129,wall,both,1,0,1,1,1,1,0.0,3,3,0,alpha,standard,huber,3.9915079248984275,-11.740188018060149,2.0655660765402963,3.074015539486785,-11.260688591420262,2.0831698806060435,2.964929945413073,-11.307475022011346,2.104010100179144,222.6555509647407,0.00667999591678381,250,1.962813675403595,1.0,1.0,disabled,single,3,row_5,row_4,-3.412806749343872,-4.153043270111084,0.612936624328465,0.292371432705448,0.8827675088361938,0.7402365207672119,-2.9233130148659034,0,71,1,disabled,0,0.0,50.0,alpha
720,1.346020221710205,-0.7486655116081238,0.0,-0.4508974850177765,1.2955540418624878,0.13815587759017944,0,0,0,0.010545462369918823,0.5617977528089888,0.3,104,117,wall,both,1,0,1,1,1,1,0.0,4,4,0,alpha,standard,huber,3.5079431649848143,-9.080444157501082,1.3188244806952376,2.8098450809475777,-10.221792930902305,1.5654629583484378,2.6931080728606087,-10.394335212618884,1.67136973133249,184.45952928443566,0.010545462369918823,250,3.0901676416397095,0.9708211164906689,1.0,disabled,single,3,row_5,row_4,-0.4508974850177765,-1.171054482460022,0.6118669985382649,0.2977808873782161,0.8785149033462282,0.7201569974422455,0.04034285771991736,0,71,0,disabled,0,0.0,50.0,alpha
724,1.7973370552062988,-1.334884524345398,0.0,-1.943508505821228,2.9473862648010254,0.05653339624404907,0,0,0,0.0067203463986516,0.5555555555555556,0.3,120,120,wall,both,1,0,1,1,1,1,0.0,2,2,0,alpha,standard,huber,2.5651496474426323,-10.96052980748933,2.1885850406061484,2.607603371981731,-9.652498870922972,1.6449409505780677,2.608705914225526,-9.615964158142948,1.625461509081818,224.39707063327882,0.0067203473299741745,250,3.4269250631332397,0.8754203680360312,1.0,disabled,single,3,row_5,row_6,-1.943508505821228,-2.458073139190674,0.584044233557175,0.3491187384006677,0.8623066401522425,0.5145646333694458,-1.4057299491914308,0,71,1,disabled,0,0.0,50.0,alpha
728,0.21396785974502563,-0.01891828328371048,0.0,-0.21572460234165192,0.9852705001831055,0.0003872513771057129,0,0,0,0.008065457455813885,0.5494505494505495,0.3,120,123,wall,both,1,0,1,1,1,1,0.0,3,3,0,alpha,standard,huber,3.2016701825118643,-8.902525778852928,1.8785565255360943,2.798314660428089,-8.858561310386268,1.5231668605113304,2.6945988783501535,-8.863282441709652,1.5510984781079635,195.36465123593925,0.008065457455813885,250,1.2229053974151611,1.0,1.0,disabled,single,3,row_5,row_4,-0.21572460234165192,-1.2815781831741333,0.652246369173808,0.2246556480045792,0.8720416595508635,1.0658535808324814,0.21160831925653,0,71,0,disabled,0,0.0,50.0,alpha
732,0.5352879166603088,-0.11840213090181351,0.0,-0.22881461679935455,1.0139336585998535,0.009345650672912598,0,0,0,0.0073874229565262794,0.4983388704318937,0.3,120,151,wall,both,1,0,1,1,1,1,0.0,4,4,0,alpha,standard,huber,1.8173412293186622,-8.383300872566101,1.9875493331511436,2.5406013046805276,-8.605412116191708,1.6312032847277587,2.6128271465074078,-8.57288144104387,1.5755756364184013,199.06089298992197,0.007387422025203705,250,1.599233627319336,1.0,1.0,disabled,single,3,row_5,row_6,-0.22881461679935455,-0.5132229328155518,0.5446653529600471,0.409838532429411,0.8370913267481199,0.2844083160161972,0.37876908737991066,0,71,0,disabled,0,0.0,50.0,alpha
736,0.04799318686127663,-0.0009517958969809115,0.0,-0.025171922519803047,0.3158087432384491,0.027149498462677002,0,0,0,0.007968680933117867,0.49180327868852464,0.3,120,155,wall,both,1,0,1,1,1,1,0.0,4,4,0,alpha,standard,huber,3.0134120545380028,-8.213442567942673,1.6171742600743695,2.6607460026059795,-8.199817190003898,1.5687955350638596,2.6384046288298446,-8.204935647957285,1.5545923573639344,193.66395191496017,0.007968680933117867,250,0.8058613538742065,1.0,1.0,disabled,single,3,row_5,row_4,-0.025171922519803047,-1.1651073694229126,0.6590150306742355,0.21077914848011012,0.8684292123755191,1.1399354469031096,0.39183701391304976,0,71,0,disabled,0,0.0,50.0,alpha
740,2.271146059036255,-2.1314480304718018,0.0,-0.05309302732348442,0.4793357253074646,0.02232682704925537,0,0,0,0.012393102049827576,0.49342105263157904,0.3,120,154,wall,both,1,0,1,1,1,1,0.0,4,4,0,alpha,standard,huber,2.0471752695783016,-7.085519733837355,1.5260111217638732,2.4443170318071643,-7.7227214253956555,1.5939534612549904,2.534295565373961,-7.7768636600387655,1.552754024469806,183.16322780024936,0.01239310298115015,250,3.327133297920227,0.9016771290393696,1.0,disabled,single,3,row_5,row_6,-0.05309302732348442,-0.8707776665687561,0.6332760344123378,0.2795613481978076,0.8582967751918995,0.8176846392452717,0.4037558512455862,0,71,0,disabled,0,0.0,50.0,alpha
744,0.22937721014022827,-0.02174128219485283,0.0,-0.19367296993732452,0.9261060953140259,0.0274658203125,0,0,0,0.009210719726979733,0.5119453924914675,0.3,120,143,wall,both,1,0,1,1,1,1,0.0,4,4,0,alpha,standard,huber,4.196786900594483,-7.144674971307092,1.5131861699751088,2.7528486432817454,-7.198230261589084,1.5125392707942336,2.658483240121174,-7.237853573443431,1.5428105153374645,205.30777248429368,0.009210719726979733,250,1.8770752549171448,1.0,1.0,disabled,single,3,row_4,row_5,-0.19367296993732452,-0.593433678150177,0.5672360740396355,0.3803207079974099,0.843886619555652,0.3997607082128525,0.37330673563837946,1,72,0,disabled,0,0.0,50.0,alpha
748,0.638929545879364,-0.168690487742424,0.0,-0.0022507247049361467,0.1005743145942688,0.0008434653282165527,0,0,0,0.009578281082212925,0.49180327868852464,0.3,120,155,wall,both,1,0,1,1,1,1,0.0,3,3,0,alpha,standard,huber,2.287410617323255,-6.231683477842986,1.7787954214695159,2.590288221009669,-6.729213451173962,1.6021778850735644,2.6271075073538075,-6.739064551677938,1.572799371766786,190.58974392803847,0.0095782820135355,250,1.597956120967865,1.0,1.0,disabled,single,3,row_5,row_6,-0.0022507247049361467,-1.2663488388061523,0.6669115901414095,0.1883984951371183,0.8643475029536623,1.2640981141012162,0.40284706566053663,1,73,0,disabled,0,0.0,50.0,alpha
752,2.718707323074341,-3.0542848110198975,0.0,-0.02587880566716194,0.21489869058132172,0.061854541301727295,0,0,0,0.0102975033223629,0.47619047619047616,0.3,120,165,wall,both,1,0,1,1,1,1,0.0,3,3,0,alpha,standard,huber,2.3695772573032046,-7.40741962137432,1.3841587304365,2.5929688882800055,-6.610950613255422,1.6293820674078587,2.6080401302474616,-6.523255060848383,1.6034827377267096,200.4018626445075,0.010297504253685474,250,3.613028407096863,0.8303283733134434,1.0,disabled,single,3,row_5,row_6,-0.02587880566716194,-1.1148169040679932,0.6580605972641328,0.22148589805460783,0.8641767408392672,1.0889380984008312,0.39257945312338294,0,73,0,disabled,0,0.0,50.0,alpha
756,2.1966488361358643,-1.9939115047454834,0.0,-0.26210182905197144,1.0860193967819214,0.0010464191436767578,0,0,0,0.009460116736590862,0.43604651162790703,0.3,120,194,wall,both,1,0,1,1,1,1,0.0,12,12,0,alpha,standard,huber,0.8023995713765129,-5.377767141525584,1.7946640517766985,2.2776869700913567,-5.716194832527158,1.7827673198209146,2.4140059798923525,-5.70198215938467,1.719898828824241,202.3079119902052,0.009460116736590862,250,4.013237953186035,0.7475260712159756,1.0,disabled,single,3,row_6,row_5,-0.26210182905197144,-0.4422822892665863,0.524179063273876,0.43775215302232756,0.8246293663622732,0.18018046021461487,0.38382010017829804,1,74,0,disabled,0,0.0,50.0,alpha
760,0.14363263547420502,-0.008524931035935879,0.0,-0.004275922197848558,0.1387142688035965,8.940696716308594e-06,0,0,0,0.007669392041862011,0.44910179640718567,0.3,120,184,wall,both,1,0,1,1,1,1,0.0,9,9,0,alpha,standard,huber,2.018052565290583,-4.953646915744408,1.7555638641276818,2.1952544113808043,-5.409411957959051,1.7979279546955775,2.278490595212711,-5.439868370172581,1.7605677499475831,200.60199119347632,0.007669392041862011,250,0.875996857881546,1.0,1.0,disabled,single,3,row_5,row_6,-0.004275922197848558,-1.2351555824279785,0.664560784271138,0.19407538914874733,0.8663138197979063,1.23087966023013,0.40435300911823224,1,75,0,disabled,0,0.0,50.0,alpha
764,2.500424861907959,-2.5835225582122803,0.0,-0.007129529491066933,0.17828692495822906,0.004018843173980713,0,0,0,0.008851801045238972,0.4398826979472141,0.3,120,191,wall,both,1,0,1,1,1,1,0.0,9,9,0,alpha,standard,huber,1.8167430311576198,-4.023640262533893,1.6480301730719003,1.9303561415655002,-4.529922946516553,1.8223999890228795,2.0210215864508267,-4.595822317392893,1.797813916545147,205.13485609140946,0.008851801045238972,250,3.1949234008789062,0.9389896481320072,1.0,disabled,single,3,row_5,row_6,-0.007129529491066933,-1.1856591701507568,0.6610383660428184,0.20342191881600122,0.8684512330214531,1.17852964065969,0.40681386889894144,0,75,0,disabled,0,0.0,50.0,alpha
768,0.2860700786113739,-0.033816564828157425,0.0,-0.05820798873901367,0.5014679431915283,0.023870646953582764,0,0,0,0.007118090987205505,0.4573170731707317,0.3,120,178,wall,both,1,0,1,1,1,1,0.0,9,9,0,alpha,standard,huber,1.4529717167112364,-3.8097612299813255,1.9566481712864476,1.4869640303072371,-3.5765139629137175,1.8959652513803291,1.619050240866303,-3.566631892818024,1.852410696456074,197.57002285594731,0.007118090987205505,250,0.7090004086494446,1.0,1.0,disabled,single,3,row_5,row_6,-0.05820798873901367,-0.8773168325424194,0.6312161700097899,0.27825544071180985,0.8638331484787543,0.8191088438034058,0.401898903153359,0,75,0,disabled,0,0.0,50.0,alpha
772,1.5401674509048462,-0.9802131652832031,0.0,-0.00011102584539912641,0.011430303566157818,0.004481971263885498,0,0,0,0.010314220562577248,0.5033557046979865,0.3,120,148,wall,both,1,0,1,1,1,1,0.0,5,5,0,alpha,standard,huber,1.6082057320416383,-1.9064949198312258,1.683813708012723,1.3384924334568309,-2.5203072809846256,1.7993755713638777,1.34296019950584,-2.570199378627879,1.8312278867240561,197.36026061502062,0.010314221493899822,250,2.41554856300354,1.0,1.0,disabled,single,3,row_5,row_4,-0.00011102584539912641,-1.3555364608764648,0.6639430193759978,0.17118946003055605,0.8712628688737031,1.3554254350310657,0.40944792153532705,0,75,0,disabled,0,0.0,50.0,alpha
776,3.355044364929199,-4.599283695220947,0.0,-0.07026539742946625,0.5457475185394287,0.03161120414733887,0,0,0,0.014008411206305027,0.5208333333333334,0.3,120,138,wall,both,1,0,1,1,1,1,0.0,7,7,0,alpha,standard,huber,-0.38722127531005623,-1.8785523768374377,1.9843410358698925,0.9915735502581473,-1.8022156727190477,1.866840804519786,1.0595544177924134,-1.809539522170221,1.860775956958367,202.096667800227,0.014008411206305027,250,4.702537775039673,0.6379534080350243,1.0,disabled,single,3,row_6,row_5,-0.07026539742946625,-0.8627853393554688,0.6318049011610986,0.2860197040906494,0.8534661367098109,0.7925199419260025,0.3889092357581451,1,76,0,disabled,0,0.0,50.0,alpha
780,0.8683274388313293,-0.31156718730926514,0.0,-0.06658080220222473,0.5322621464729309,0.029799699783325195,0,0,0,0.00910074170678854,0.5050505050505051,0.3,120,147,wall,both,1,0,1,1,1,1,0.0,5,5,0,alpha,standard,huber,2.081316367429479,-1.4832800060450566,1.5076648071953844,1.1051205801238706,-1.004356432451776,1.7466236408368239,0.9765114369326778,-1.004397352917658,1.8179998635241867,195.00584248747123,0.00910074170678854,250,2.2664366960525513,1.0,1.0,disabled,single,3,row_5,row_4,-0.06658080220222473,-0.8333383202552795,0.6249212423380486,0.2902864260209893,0.862074892105985,0.7667575180530548,0.4035488472428447,1,77,0,disabled,0,0.0,50.0,alpha
784,1.129691243171692,-0.5273563265800476,0.0,-0.13272696733474731,0.387215793132782,0.15606063604354858,0,0,0,0.010200194083154202,0.4885993485342019,0.3,120,157,wall,both,1,0,1,1,1,1,0.0,5,5,0,alpha,standard,huber,-1.4448404452575776,-1.1885783886551542,2.2984446665928555,0.7227166586757235,-0.5583347319520372,1.8002268391572662,0.7749294381428757,-0.5134075713047296,1.7925222363340012,216.2696422082845,0.010200194083154202,250,3.44161319732666,0.8716842445659809,1.0,disabled,single,3,row_6,row_7,-0.12314501404762268,-1.124776840209961,0.6531814463017757,0.23990023039297523,0.8596917137502511,1.0016318261623383,0.30275530855610366,1,78,0,disabled,0,0.0,50.0,alpha
788,1.8144958019256592,-1.3604938983917236,0.0,-0.05131044238805771,0.47955670952796936,0.007086336612701416,0,0,0,0.006833352148532867,0.48387096774193555,0.3,120,160,wall,both,1,0,1,1,1,1,0.0,7,7,0,alpha,standard,huber,1.8066984350617374,-0.2775456090205995,1.6301031772574532,0.9657063057874806,-0.22215747038659145,1.7048994922588891,0.8551662898384167,-0.2436952432962427,1.7470076040386893,205.457944682645,0.006833352614194155,250,2.91174852848053,1.0,1.0,disabled,single,3,row_5,row_4,-0.05131044238805771,-0.9029741287231445,0.6350881389491553,0.2709949278869689,0.8642964477903063,0.8516636863350868,0.4026810458386912,1,79,0,disabled,0,0.0,50.0,alpha
792,0.6325328946113586,-0.165329709649086,0.0,-0.04370264708995819,0.36941322684288025,0.057247936725616455,0,0,0,0.008395279757678509,0.5067567567567568,0.3,120,146,wall,both,1,0,1,1,1,1,0.0,5,5,0,alpha,standard,huber,0.775166290979732,0.6588114971021446,1.409214820019633,0.8861020379224889,0.17682792698142014,1.7421476860365683,0.8466061150399373,0.1312245310986775,1.743975114244945,201.95622370361096,0.008395279757678509,250,1.3235660195350647,1.0,1.0,disabled,single,3,row_5,row_6,-0.04370264708995819,-1.0366984605789185,0.6508615803288667,0.2411215540258973,0.8628903085792192,0.9929958134889603,0.3857556385147087,0,79,0,disabled,0,0.0,50.0,alpha
796,0.08796670287847519,-0.0031975789461284876,0.0,-0.0065193744376301765,0.13548099994659424,0.024452269077301025,0,0,0,0.008978668600320816,0.5033557046979865,0.3,119,148,wall,both,1,0,1,1,1,1,0.0,8,8,0,alpha,standard,huber,0.9107529850315378,1.2259116881084675,1.527119763599167,0.9873076168760597,0.6331554912831476,1.6832285611002242,0.8987865808653916,0.5513739397934118,1.7146394073952882,186.66577028024489,0.008978668600320816,250,0.8594978749752045,1.0,1.0,disabled,single,3,row_5,row_6,-0.0065193744376301765,-1.259767770767212,0.6656833526269103,0.1901029399477018,0.865764809788969,1.2532483963295817,0.4004217935707862,0,79,0,disabled,0,0.0,50.0,alpha
800,0.8557099103927612,-0.30257827043533325,0.0,-0.22582942247390747,0.9129867553710938,0.09973126649856567,0,0,0,0.010742239654064178,0.49668874172185423,0.3,120,152,wall,both,1,0,1,1,1,1,0.0,5,5,0,alpha,standard,huber,-0.42299157631773926,0.37898354736737194,2.2177029210471613,0.7770878440898256,0.9077373735974726,1.7405887313332626,0.8067945191301431,0.9203727352736053,1.7276694253102525,196.43328896819241,0.010742239654064178,235,2.3572278022766113,1.0,1.0,disabled,single,3,row_6,row_5,-0.22582942247390747,-0.6150023937225342,0.566003168880586,0.3835333984982413,0.8404042489768054,0.3891729712486267,0.3433261795917689,1,80,0,disabled,0,0.0,50.0,alpha
804,3.1301660537719727,-4.041734218597412,0.0,-0.18891622126102448,0.9220131039619446,0.000897526741027832,0,0,0,0.016754643991589546,0.5263157894736842,0.3,120,135,wall,both,1,0,1,1,1,1,0.0,6,6,0,alpha,standard,huber,-0.5096473113661038,0.8888538147430389,1.7831559942718567,0.5136427913951825,1.3000793999243987,1.8160840787874364,0.6091007431344657,1.3597209537142254,1.7790369561200787,190.12166700169124,0.016754645854234695,240,4.388987302780151,0.6835289767413285,1.0,disabled,single,3,row_6,row_5,-0.18891622126102448,-0.564003050327301,0.5626361399190892,0.38666021202393774,0.8421784882229595,0.37508682906627655,0.3862059264034061,0,80,0,disabled,0,0.0,50.0,alpha
808,0.4293834865093231,-0.07618602365255356,0.0,-0.018618883565068245,0.2893105149269104,0.0021436214447021484,0,0,0,0.008284087292850018,0.48387096774193555,0.3,113,160,wall,both,1,0,1,1,1,1,0.0,6,6,0,alpha,standard,huber,1.127137415333556,2.4236158361532394,1.8115845858394177,0.6857168681722873,1.8170330922463664,1.665332919223763,0.6095286120631234,1.8086408461709478,1.7102972216341943,196.74342910993485,0.008284088224172592,250,1.3069241046905518,1.0,1.0,disabled,single,3,row_5,row_4,-0.018618883565068245,-1.0629825592041016,0.6528683395079781,0.2297546060838398,0.8677443115331236,1.0443636756390333,0.4077609105001564,1,81,0,disabled,0,0.0,50.0,alpha
812,0.16924399137496948,-0.011836168356239796,0.0,-0.031887467950582504,0.3784348964691162,0.003908753395080566,0,0,0,0.007073502521961927,0.5136986301369862,0.3,120,142,wall,both,1,0,1,1,1,1,0.0,4,4,0,alpha,standard,huber,0.433273916800186,2.512400249072636,1.8345411296313978,0.44416734111383593,2.4994132209083566,1.7529366881567674,0.47415882589690117,2.5049260632827455,1.7460842555344698,196.36644461736745,0.007073502521961927,250,0.5345466732978821,1.0,1.0,disabled,single,3,row_5,row_6,-0.031887467950582504,-1.0017623901367188,0.6466692610818471,0.24517201180053133,0.8671197251093444,0.9698749221861362,0.40403283566810066,0,81,0,disabled,0,0.0,50.0,alpha
816,1.8714340925216675,-1.4472171068191528,0.0,-0.05179204046726227,0.48260655999183655,0.0029056668281555176,0,0,0,0.00908181257545948,0.5244755244755245,0.3,120,136,wall,both,1,0,1,1,1,1,0.0,4,4,0,alpha,standard,huber,-0.013870930537603299,4.3930708457205645,1.8352105193988573,0.010168798239490755,3.9076249389768973,1.7605142455771898,0.10567951207710884,3.9160560738744343,1.7247151945157313,174.04924303935815,0.00908181257545948,202,2.383480668067932,1.0,1.0,disabled,single,3,row_5,row_6,-0.05179204046726227,-0.9103583693504333,0.6348409320576879,0.26902602925018093,0.8668222076559451,0.8585663288831711,0.4025887716992778,0,81,0,disabled,0,0.0,50.0,alpha
820,2.292677879333496,-2.1720545291900635,0.0,-0.23596085608005524,1.018473744392395,0.03654855489730835,0,0,0,0.010718141682446003,0.49504950495049505,0.3,120,153,wall,both,1,0,1,1,1,1,0.0,4,4,0,alpha,standard,huber,-0.5792679024375165,4.497586242440003,2.030155477596834,-0.3612864740195164,5.161409895108014,1.7696505791320325,-0.2519193250587599,5.2505020959626325,1.7325702445544735,200.8104763528113,0.010718140751123428,250,3.228663921356201,0.9291769205696235,1.0,disabled,single,3,row_5,row_6,-0.23596085608005524,-0.49837526679039,0.5395752818527969,0.41503709604468436,0.8382436840561712,0.2624144107103348,0.3810121078964429,0,81,0,disabled,0,0.0,50.0,alpha
824,3.4074714183807373,-4.7292680740356445,0.0,-0.041023965924978256,0.2113909274339676,0.08728092908859253,0,0,0,0.012533548288047314,0.5434782608695653,0.3,120,126,wall,both,1,0,1,1,1,1,0.0,2,2,0,alpha,standard,huber,-2.57756001898174,5.954476939319147,2.1608517998912893,-1.3280631937523846,6.9299694439101325,1.9037732843459372,-0.9933538209162855,7.09060176069308,1.824629525928204,199.7076942198244,0.012533548288047314,250,4.731051206588745,0.6341085456488021,1.0,disabled,single,3,row_6,row_7,-0.041023965924978256,-1.1705092191696167,0.6554040252730494,0.21182630540122963,0.8737429310316339,1.1294852532446384,0.38147943510692683,1,82,0,disabled,0,0.0,50.0,alpha
828,3.370596170425415,-4.637842178344727,0.0,-0.15682639181613922,0.8400706648826599,4.285573959350586e-05,0,0,0,0.008694217540323734,0.5,0.3,0,0,wall,both,1,0,1,1,1,1,0.0,0,0,0,alpha,standard,huber,-0.4861961113825396,9.279727621914041,1.7386466279162818,-1.5708744322556691,8.465225615427904,1.9047503452419274,-1.4810420025352982,8.502129825842221,1.899867489146133,204.7457822985774,0.008694217540323734,250,4.317978858947754,0.6947694970259926,1.0,disabled,single,3,row_5,row_6,-0.15682639181613922,-1.4593228101730347,0.6621547178841538,0.18000827518607943,0.8730443916805711,1.3024964183568954,0.2554296457196328,1,83,0,disabled,0,0.0,50.0,alpha
832,4.3268866539001465,-7.008809566497803,0.0,-0.0016962019726634026,0.05800265818834305,0.015244722366333008,0,0,0,0.01459786668419838,0.5,0.3,0,0,wall,both,1,0,1,1,1,1,0.0,0,0,0,alpha,standard,huber,-2.770828135052404,7.936244062228658,1.9329962432482315,-2.24100454936422,8.707868860886283,2.007504832417466,-1.9828071451508489,8.860641600900102,1.958311495554315,178.23393574216715,0.014597867615520954,250,5.369537591934204,0.558707327891031,1.0,disabled,single,3,row_6,row_7,-0.0016962019726634026,-1.3210341930389404,0.6650025627338314,0.17776330235390542,0.8692345166809836,1.319337991066277,0.4062681826259602,1,84,0,disabled,0,0.0,50.0,alpha
836,0.44012483954429626,-0.08004540950059891,0.0,-0.30494269728660583,1.14632248878479,0.056284546852111816,0,0,0,0.012939202599227428,0.5,0.3,0,0,wall,both,1,0,1,1,1,1,0.0,0,0,0,alpha,standard,huber,-2.003959628236068,8.931716762492616,2.0952685890133758,-2.4320581844423286,9.56453224368385,1.9824253588563494,-2.406454731713277,9.680362944739679,1.969885711256179,188.30371785776867,0.012939203530550003,250,1.7956772446632385,1.0,1.0,disabled,single,3,row_6,row_5,-0.30494269728660583,-0.7252601981163025,0.5705701617173614,0.374772300829501,0.8468444245063949,0.42031750082969666,0.25617643710265425,0,84,0,disabled,0,0.0,50.0,alpha
840,1.1099193096160889,-0.5090581774711609,0.0,-0.34231406450271606,1.2042465209960938,0.07007908821105957,0,0,0,0.015052027069032192,0.5,0.3,0,0,wall,both,1,0,1,1,1,1,0.0,0,0,0,alpha,standard,huber,-2.1765918730027605,9.115024423523895,2.134759799052249,-2.7971574620629083,9.762463755294421,2.1854098631321452,-2.700750405605697,9.913816614623148,2.150600819873091,179.13783170747809,0.015052028000354767,250,2.3346580266952515,1.0,1.0,disabled,single,3,row_6,row_5,-0.34231406450271606,-0.9174964427947998,0.5973315432379713,0.33606007202067817,0.8546937421596237,0.5751823782920837,0.1729689064285772,0,84,0,disabled,0,0.0,50.0,alpha
844,1.1255639791488647,-0.5235100388526917,0.0,-1.325774073600769,1.816591739654541,0.38098251819610596,0,0,0,0.008814235217869282,0.5,0.3,0,0,wall,both,1,0,1,1,1,1,0.0,0,0,0,alpha,standard,huber,-3.970356821801061,9.376717171101848,2.661466680699119,-3.5255080015898987,9.983973197988732,2.574335428450418,-3.306301578564071,10.184403092657679,2.5371103023936232,190.42371279001617,0.008814235217869282,250,2.0613616704940796,1.0,1.0,disabled,single,3,row_6,row_7,-1.325774073600769,-1.6955840587615967,0.5642182830134086,0.38979899860812905,0.8317523855480149,0.36980998516082764,-0.7534599978607261,0,84,0,disabled,0,0.0,50.0,alpha
848,0.33793237805366516,-0.0471893772482872,0.0,-2.7351410388946533,3.306762218475342,0.2734541893005371,0,0,0,0.010042744688689709,0.6382978723404256,0.3,85,85,wall,both,1,0,1,1,1,1,0.0,3,3,0,alpha,standard,huber,-3.686069723006522,11.213278956842988,2.5156763552405934,-4.14318580701683,10.752101715922464,-2.963191533504961,-4.16819070108537,10.774039398578907,-2.946268652058757,189.48601315802705,0.010042743757367134,250,1.365942120552063,1.0,1.0,disabled,single,3,row_6,row_7,-2.7351410388946533,-3.7231862545013428,0.6534820546572255,0.24329382194569438,0.8563165902785617,0.9880452156066895,-2.309700832243554,0,84,1,disabled,0,0.0,50.0,alpha
852,1.0976362228393555,-0.49785342812538147,0.0,-7.36905574798584,4.811622619628906,0.7381982207298279,0,0,0,0.018140846863389015,0.5681818181818182,0.3,114,114,wall,both,1,0,1,1,1,1,0.0,1,1,0,alpha,standard,huber,-2.7284480160940894,12.858528643058795,3.0640691227122563,-4.421822313123381,11.034032693492046,-2.553707001808412,-4.5630177140837755,10.866519645898641,-2.47622140987463,179.03687145673663,0.018140846863389015,250,4.249188423156738,0.706017173456217,1.0,disabled,single,3,row_6,row_5,-7.36905574798584,-7.907050132751465,0.600184975204533,0.35045892677592494,0.8223625618554513,0.537994384765625,-6.8585383687151875,0,84,1,disabled,0,0.0,50.0,alpha
856,0.82065349817276,-0.27829429507255554,0.0,-3.340709686279297,3.8695809841156006,0.056933701038360596,0,0,0,0.006158560514450073,0.5376344086021506,0.3,119,129,wall,both,1,0,1,1,1,1,0.0,5,5,0,alpha,standard,huber,-4.252746172256684,11.605466382599253,-1.7224955338459078,-4.736074558682933,10.908349910357318,-2.083159750415087,-4.8440914731456814,10.743647606760806,-2.0394087319614824,227.42161087409804,0.006158560514450073,250,1.9268315434455872,1.0,1.0,disabled,single,3,row_6,row_7,-3.340709686279297,-3.7189011573791504,0.5623416848062568,0.3852599010256091,0.8457013048042218,0.3781914710998535,-2.765064052528145,0,84,1,disabled,0,0.0,50.0,alpha
860,0.5542238354682922,-0.12692730128765106,0.0,-0.528255045413971,1.5269356966018677,0.04983454942703247,0,0,0,0.018279405310750008,0.5535055350553506,0.3,112,121,wall,both,1,0,1,1,1,1,0.0,9,9,0,alpha,standard,huber,-2.7257037618065065,9.573827815630688,-1.0664014156311676,-4.679081947106732,10.195959530112876,-1.5321261356901452,-4.846543085002695,10.258296497116175,-1.5973362461857528,156.66661370497243,0.018279407173395157,250,2.4125051498413086,1.0,1.0,disabled,single,3,row_6,row_5,-0.528255045413971,-1.6163429021835327,0.6562160101939792,0.2210529270601468,0.8675482224749165,1.0880878567695618,-0.10698978500618533,0,84,0,disabled,0,0.0,50.0,alpha
864,0.791365921497345,-0.2587851583957672,0.0,-0.4506258964538574,1.3932417631149292,0.06870222091674805,0,0,0,0.00996149331331253,0.5791505791505792,0.3,96,109,wall,both,1,0,1,1,1,1,0.0,8,8,0,alpha,standard,huber,-2.689436427782336,9.439476238907945,-1.0105945737041582,-4.2568130578386985,9.940907942291167,-1.2648020792604553,-4.5250096479925475,9.977575112902256,-1.3315986343734456,184.00422916288835,0.009961494244635105,250,2.2242355346679688,1.0,1.0,disabled,single,3,row_6,row_5,-0.4506258964538574,-1.5249793529510498,0.6556210459239196,0.22390670994198197,0.866826964716346,1.0743534564971924,-0.02845356560149409,0,84,0,disabled,0,0.0,50.0,alpha
868,2.9753003120422363,-3.6580216884613037,0.0,-0.6737143993377686,1.7411798238754272,0.0006341338157653809,0,0,0,0.011797787621617317,0.551470588235294,0.3,120,122,wall,both,1,0,1,1,1,1,0.0,5,5,0,alpha,standard,huber,-6.000369453853006,9.167950249081969,-1.4555245106804244,-4.517913678741847,9.478339971092742,-1.1341891579347567,-4.4712013657767145,9.498353096694196,-1.1169044831115564,198.33443618690308,0.011797787621617317,250,4.764039754867554,0.6297176670145994,1.0,disabled,single,3,row_7,row_8,-0.6737143993377686,-1.4532161951065063,0.6261979361672847,0.28719594480474187,0.863291063051193,0.7795017957687378,-0.20562563343810558,1,85,0,disabled,0,0.0,50.0,alpha
872,2.511899471282959,-2.6072888374328613,0.0,-0.017731983214616776,0.2819155156612396,0.004158079624176025,0,0,0,0.012134324759244919,0.5415162454873647,0.3,78,127,wall,both,1,0,1,1,1,1,0.0,8,8,0,alpha,standard,huber,-5.203168129170428,7.909296496994352,-1.3286864497509967,-4.801814025987594,8.951098252844176,-1.0276048240232638,-4.582756273072674,9.053302209552808,-0.9722521432409592,188.6667157683327,0.012134324759244919,250,4.061654567718506,0.7386152490277248,1.0,disabled,single,3,row_7,row_6,-0.017731983214616776,-1.3604066371917725,0.664856622835903,0.17362481901341217,0.8698464145174369,1.3426746539771557,0.39045188311575413,0,85,0,disabled,0,0.0,50.0,alpha
876,1.7027463912963867,-1.1980764865875244,0.0,-0.09046606719493866,0.6060806512832642,0.046528518199920654,0,0,0,0.016364598646759987,0.5172413793103449,0.3,107,140,wall,both,1,0,1,1,1,1,0.0,11,11,0,alpha,standard,huber,-3.2181385437781964,7.353241152930056,-1.0771836297701887,-4.298334913815702,8.340865199690576,-0.9246011920735652,-4.329090144054074,8.51888980940305,-0.9084949262973159,161.58155189942102,0.016364600509405136,250,3.81450617313385,0.7864713973015586,1.0,disabled,single,3,row_6,row_7,-0.09046606719493866,-0.8214753270149231,0.6206887973947827,0.2988137785346159,0.8597855050587584,0.7310092598199844,0.386459386871398,1,86,0,disabled,0,0.0,50.0,alpha
880,1.741226077079773,-1.252838134765625,0.0,-0.23905989527702332,1.037166953086853,0.001719057559967041,0,0,0,0.008891724050045013,0.5338078291814947,0.3,94,131,wall,both,1,0,1,1,1,1,0.0,11,11,0,alpha,standard,huber,-6.208298459535538,7.815320229274328,-1.4785548724995918,-4.553435146569557,7.886120779711827,-1.0958983886465417,-4.278342545286189,7.947556325059013,-0.9616993390388764,192.73844950936862,0.008891724050045013,250,3.9787877798080444,0.7539984955278852,1.0,disabled,single,3,row_7,row_8,-0.23905989527702332,-0.5397223234176636,0.5476451514266801,0.4054368448948449,0.8393155035954386,0.30066242814064026,0.36306784039063644,1,87,0,disabled,0,0.0,50.0,alpha
884,3.1085753440856934,-3.9882030487060547,0.0,-0.01694982498884201,0.27617761492729187,8.589029312133789e-05,0,0,0,0.011130494996905327,0.49504950495049505,0.3,120,153,wall,both,1,0,1,1,1,1,0.0,11,11,0,alpha,standard,huber,-5.275705771236668,7.889734786451734,-1.4330172107732864,-4.651768387984653,7.217974186983659,-1.1901367153595546,-4.233306192900647,7.187299151194782,-1.065810079317528,192.73780601506232,0.011130494996905327,250,4.208816051483154,0.7127895263901646,1.0,disabled,single,3,row_7,row_8,-0.01694982498884201,-1.3491623401641846,0.6647744840567728,0.17542916553506957,0.8698136619049095,1.3322125151753426,0.3913575925713532,0,87,0,disabled,0,0.0,50.0,alpha
888,0.2819322347640991,-0.03284536302089691,0.0,-0.14311186969280243,0.6776927709579468,0.10028880834579468,0,0,0,0.008914757519960403,0.5084745762711864,0.3,120,145,wall,both,1,0,1,1,1,1,0.0,12,12,0,alpha,standard,huber,-3.99774762101466,4.860025322508158,-0.9395615493258465,-4.26134757623157,6.14523177445864,-1.217105571553445,-4.030924699382779,6.220156340225399,-1.1541617473698964,198.41843873269667,0.008914757519960403,250,1.8177127838134766,1.0,1.0,disabled,single,3,row_7,row_6,-0.14311186969280243,-0.7631158232688904,0.6060837328772759,0.32603808379902716,0.8514879728287355,0.620003953576088,0.35762525970022707,0,87,0,disabled,0,0.0,50.0,alpha
892,0.3927000164985657,-0.06372451037168503,0.0,-0.04982428252696991,0.454355388879776,0.031104683876037598,0,0,0,0.008044135756790638,0.5033557046979865,0.3,116,148,wall,both,1,0,1,1,1,1,0.0,11,11,0,alpha,standard,huber,-2.8413068828677805,6.05557104358393,-1.1515780873688262,-3.436729787428538,5.094046577796665,-1.2723758554945015,-3.4253410835362765,4.970852583314672,-1.2817654197007218,204.19754976882263,0.008044135756790638,250,1.8776481747627258,1.0,1.0,disabled,single,3,row_6,row_7,-0.04982428252696991,-0.920497477054596,0.6359751715507795,0.26626347594169186,0.867495086522599,0.870673194527626,0.4027714723192355,1,88,0,disabled,0,0.0,50.0,alpha
896,2.3971962928771973,-2.374607563018799,0.0,-0.014460929669439793,0.24724292755126953,0.014655709266662598,0,0,0,0.015108674764633179,0.5136986301369862,0.3,120,142,wall,both,1,0,1,1,1,1,0.0,10,10,0,alpha,standard,huber,-4.44758584896068,4.928099917743889,-1.5626661698472872,-3.713727732878976,4.342618591430214,-1.3674784841363694,-3.4756914380569506,4.261242841888169,-1.323378515740832,181.28419158456953,0.015108674764633179,250,3.6704667806625366,0.8173347367711323,1.0,disabled,single,3,row_7,row_6,-0.014460929669439793,-1.1083511114120483,0.659351033744578,0.2208239742045416,0.8623848143047051,1.0938901817426085,0.4020382802364857,1,89,0,disabled,0,0.0,50.0,alpha
900,3.3485374450683594,-4.583150863647461,0.0,-0.21776588261127472,0.9899172186851501,0.000750422477722168,0,0,0,0.02683568000793457,0.49668874172185423,0.3,120,152,wall,both,1,0,1,1,1,1,0.0,10,10,0,alpha,standard,huber,-2.7148349771054945,2.469955468366642,-1.4369064100989735,-3.78796287481692,3.8970948121165803,-1.429478161832681,-3.625741263261845,3.975054652740673,-1.3764896543288796,168.93730816932202,0.02683568000793457,250,5.164828300476074,0.5808518358148462,1.0,disabled,single,3,row_6,row_7,-0.21776588261127472,-0.5022161602973938,0.5446796512802249,0.409832093734128,0.8370699827427563,0.2844502776861191,0.38979157034340506,1,90,0,disabled,0,0.0,50.0,alpha
904,1.2496964931488037,-0.6453476548194885,0.0,-0.026290476322174072,0.33323541283607483,0.01988309621810913,0,0,0,0.006795286666601896,0.48701298701298706,0.3,120,158,wall,both,1,0,1,1,1,1,0.0,12,12,0,alpha,standard,huber,-4.773795085054254,3.4760318755520894,-1.5906666856597813,-4.105897498634887,3.2112355226495093,-1.5159089818306186,-3.8249662184350957,3.22535847539406,-1.4462331748061523,203.06797047695426,0.006795286666601896,250,2.2085191011428833,1.0,1.0,disabled,single,3,row_7,row_8,-0.026290476322174072,-1.0761325359344482,0.6560682315407,0.22961930350671897,0.8622959916009236,1.0498420596122742,0.39520000762972496,1,91,0,disabled,0,0.0,50.0,alpha
908,3.3717312812805176,-4.640656471252441,0.0,-0.030761579051613808,0.37205782532691956,6.908178329467773e-05,0,0,0,0.011369749903678894,0.5050505050505051,0.3,120,147,wall,both,1,0,1,1,1,1,0.0,13,13,0,alpha,standard,huber,-3.8462849474765264,2.360463890818911,-1.3877239498127953,-4.1966258870572055,3.0246353640664188,-1.521654472957743,-4.029379036177256,3.1149607641638575,-1.4839438238819473,194.33179839008562,0.011369750835001469,250,4.199760913848877,0.7143263775105344,1.0,disabled,single,3,row_7,row_6,-0.030761579051613808,-1.00192129611969,0.647252350783073,0.24507800154123366,0.8661525696016009,0.9711597170680761,0.40425744935016406,0,91,0,disabled,0,0.0,50.0,alpha
912,0.3854949474334717,-0.06140758842229843,0.0,-0.02896137721836567,0.36099720001220703,0.0006265640258789062,0,0,0,0.008917677216231823,0.5050505050505051,0.3,120,147,wall,both,1,0,1,1,1,1,0.0,9,9,0,alpha,standard,huber,-3.7964854304976328,1.9609787107613152,-1.4329006748316446,-4.001939975267612,2.41072742498962,-1.4628162133308795,-3.9952806455467367,2.509341756891245,-1.4757139149016447,190.82832259075332,0.008917677216231823,250,1.1145982146263123,1.0,1.0,disabled,single,3,row_7,row_6,-0.02896137721836567,-1.0181301832199097,0.6485275126196236,0.24117808966674922,0.8670088771193124,0.989168806001544,0.4040894738962035,0,91,0,disabled,0,0.0,50.0,alpha
916,1.0016213655471802,-0.41456419229507446,0.0,-0.12429139763116837,0.13051261007785797,0.17182552814483643,0,0,0,0.009730379097163677,0.5226480836236934,0.3,120,137,wall,both,1,0,1,1,1,1,0.0,5,5,0,alpha,standard,huber,-1.5836281075819798,2.5026929129532958,-0.8154128800825258,-3.747620285870605,1.9457219643277255,-1.3911351561181173,-3.83833210440737,1.9819308653897512,-1.4382788783996798,215.92114921909655,0.009730379097163677,250,2.346656560897827,1.0,1.0,disabled,single,3,row_6,row_5,-0.11521551758050919,-1.3533388376235962,0.6616380066880001,0.19182725790461116,0.8714371705095777,1.238123320043087,0.29782117271578024,1,92,0,disabled,0,0.0,50.0,alpha
920,2.319244861602783,-2.222684621810913,0.0,-0.0039187767542898655,0.10217905789613724,0.0197906494140625,0,0,0,0.011065104976296425,0.5154639175257733,0.3,120,141,wall,both,1,0,1,1,1,1,0.0,9,9,0,alpha,standard,huber,-3.81461907693027,0.5013254695499758,-1.5677160499178369,-3.648346303976604,0.9646190786106505,-1.3390240465845105,-3.688496382424203,1.0822443929549879,-1.3463270890823322,194.47368979891195,0.011065104976296425,250,3.0498645305633545,0.9836502473917608,1.0,disabled,single,3,row_7,row_6,-0.0039187767542898655,-1.2817288637161255,0.6633462761412126,0.18483934708469318,0.8705190562195151,1.2778100869618356,0.4065393615970987,1,93,0,disabled,0,0.0,50.0,alpha
924,0.7211672067642212,-0.21490997076034546,0.0,-0.0669039785861969,0.5486934781074524,0.00042897462844848633,0,0,0,0.0065855407156050205,0.49504950495049505,0.3,120,153,wall,both,1,0,1,1,1,1,0.0,7,7,0,alpha,standard,huber,-3.2235269821374803,-0.2583203121124815,-1.3839055696267393,-3.2942149230799185,0.16700154336298728,-1.2464309480243685,-3.396204551511473,0.2484558603576033,-1.2811678087277516,216.88850355363743,0.0065855407156050205,250,1.360188066959381,1.0,1.0,disabled,single,3,row_7,row_6,-0.0669039785861969,-0.8520175218582153,0.6249869148453581,0.2850364794072496,0.8682015148805214,0.7851135432720184,0.4031205871261321,0,93,0,disabled,0,0.0,50.0,alpha
928,1.0850449800491333,-0.4864969551563263,0.0,-0.12027615308761597,0.7356137037277222,0.0025039315223693848,0,0,0,0.009723843075335026,0.47318611987381703,0.3,120,167,wall,both,1,0,1,1,1,1,0.0,7,7,0,alpha,standard,huber,-1.689984641803986,-1.8507875617272858,-1.3385784432555117,-2.909490145820674,-0.981436625018004,-1.3039067503337594,-2.999472755575097,-0.8609893432656006,-1.2867630374517351,198.1290630546749,0.009723843075335026,250,2.435921311378479,1.0,1.0,disabled,single,3,row_6,row_7,-0.12027615308761597,-0.720546543598175,0.6032989858305036,0.33100798994684677,0.8497057062914176,0.6002703905105591,0.3850662214860098,1,94,0,disabled,0,0.0,50.0,alpha
932,0.22870376706123352,-0.02161380648612976,0.0,-0.09027157723903656,0.6373270153999329,0.0014075636863708496,0,0,0,0.007335266564041376,0.5016722408026756,0.3,120,149,wall,both,1,0,1,1,1,1,0.0,5,5,0,alpha,standard,huber,-1.782206314720128,-0.7338062756404002,-1.321235255165368,-2.6009079237432142,-1.616389661280975,-1.2336911394923251,-2.682464727066618,-1.6114666776429776,-1.2593664584324178,218.44153779936065,0.007335267495363951,250,1.4563116431236267,1.0,1.0,disabled,single,3,row_6,row_7,-0.09027157723903656,-0.8002067804336548,0.6191270854106795,0.3044099631871829,0.8554786552064846,0.7099352031946182,0.3891731425210829,0,94,0,disabled,0,0.0,50.0,alpha
936,0.8636142015457153,-0.30819401144981384,0.0,-0.14156021177768707,0.7981359362602234,3.68952751159668e-05,0,0,0,0.012081779539585114,0.5376344086021506,0.3,120,129,wall,both,1,0,1,1,1,1,0.0,3,3,0,alpha,standard,huber,-1.5198680154480344,-3.029206007563528,-1.3317980467284485,-2.3856177228243975,-2.2394187565654247,-1.2419193486394795,-2.459491826154193,-2.1423207666146356,-1.2322827322847676,186.0655604800317,0.012081779539585114,250,2.176668882369995,1.0,1.0,disabled,single,3,row_6,row_7,-0.14156021177768707,-0.633424699306488,0.5836488787756965,0.3568926654291642,0.8498029444133728,0.49186448752880096,0.39689550016357,0,94,0,disabled,0,0.0,50.0,alpha
940,1.33489990234375,-0.7363461852073669,0.0,-0.20391754806041718,0.5581464171409607,0.1816558837890625,0,0,0,0.009749623946845531,0.4885993485342019,0.3,120,157,wall,both,1,0,1,1,1,1,0.0,5,5,0,alpha,standard,huber,-5.011270669217058,-4.088058869090651,-2.024327755543219,-2.499011169552036,-3.326634930616957,-1.3493073672366933,-2.3171836290329866,-3.2596406683707935,-1.2759205687573192,204.12748832597268,0.009749623946845531,250,3.980013370513916,0.7537663119992553,1.0,disabled,single,3,row_8,row_7,-0.20391754806041718,-0.9049819707870483,0.6116433370450933,0.30340996393533065,0.8720113113057348,0.7010644227266312,0.2876884008992401,1,95,0,disabled,0,0.0,50.0,alpha
944,2.7372913360595703,-3.0961835384368896,0.0,-0.03970212861895561,0.38745906949043274,0.03941541910171509,0,0,0,0.013378229923546314,0.4885993485342019,0.3,120,157,wall,both,1,0,1,1,1,1,0.0,4,4,0,alpha,standard,huber,-3.5467998759651627,-3.4889075859212753,-1.0028822861488114,-2.7291997669955905,-3.96177076542139,-1.4130984340431576,-2.443063046372499,-3.9774531166824643,-1.3443170886160616,182.44022081954452,0.013378228060901165,250,3.8510749340057373,0.7790032786714741,1.0,disabled,single,3,row_7,row_8,-0.03970212861895561,-0.9956526756286621,0.646088942609366,0.24838665613508082,0.8654731455098617,0.9559505470097065,0.3971159740000421,1,96,0,disabled,0,0.0,50.0,alpha
948,1.14164137840271,-0.538572371006012,0.0,-0.041536975651979446,0.4165310859680176,0.027028679847717285,0,0,0,0.010281628929078579,0.49668874172185423,0.3,120,152,wall,both,1,0,1,1,1,1,0.0,2,2,0,alpha,standard,huber,-5.713205118505478,-5.7609532595036965,-1.6298203710748915,-3.127086428880589,-4.828858929583774,-1.4872521485255041,-2.74049457510328,-4.787610765367328,-1.406309303379633,200.09886214101127,0.010281629860401154,250,2.970600962638855,1.0,1.0,disabled,single,3,row_8,row_9,-0.041536975651979446,-0.9960863590240479,0.643888477171494,0.24788778294648114,0.8698489484393807,0.9545493833720684,0.3986927643157757,1,97,0,disabled,0,0.0,50.0,alpha
952,0.6694415211677551,-0.18518675863742828,0.0,-0.15585441887378693,0.0887116938829422,0.19430869817733765,0,0,0,0.006964150816202164,0.4716981132075471,0.3,120,168,wall,both,1,0,1,1,1,1,0.0,2,2,0,alpha,standard,huber,-0.514714056466939,-4.637316627540221,-0.7806581179420071,-2.655808689594636,-5.13186069174737,-1.3614405214035519,-2.6580159303864876,-5.19323908370796,-1.382476318704507,199.51687691347405,0.006964150816202164,250,1.9213769435882568,1.0,1.0,disabled,single,3,row_6,row_7,-0.15585441887378693,-1.476684808731079,0.6677456263578766,0.17823036737800702,0.8651822941846201,1.3208303898572922,0.2479935579594581,1,98,0,disabled,0,0.0,50.0,alpha
956,2.234741449356079,-2.0636651515960693,0.0,-0.06605039536952972,0.5437833666801453,0.009116291999816895,0,0,0,0.012012355029582977,0.4854368932038835,0.3,120,159,wall,both,1,0,1,1,1,1,0.0,2,2,0,alpha,standard,huber,0.053123223398430064,-4.177209578184411,-1.279481536336255,-2.324975197080887,-5.260701482721737,-1.2950850643475968,-2.4474799847396183,-5.373925053245679,-1.337140804092016,213.23455131987987,0.012012355029582977,250,3.552678942680359,0.8444331864496081,1.0,disabled,single,3,row_6,row_5,-0.06605039536952972,-0.8391100764274597,0.6288638490948252,0.2902826478514633,0.8540991523560802,0.77305968105793,0.3977901064712296,0,98,0,disabled,0,0.0,50.0,alpha
960,0.546301543712616,-0.12332453578710556,0.0,-0.12021307647228241,0.7307538986206055,0.019462883472442627,0,0,0,0.005951633211225271,0.46875,0.3,120,170,wall,both,1,0,1,1,1,1,0.0,3,3,0,alpha,standard,huber,-2.046111621953116,-5.786605288313471,-1.1681257677518626,-2.226662271421686,-5.542277007486211,-1.3263750514216908,-2.2972309354569203,-5.587522791208119,-1.3387185504627848,217.44747684205123,0.005951634142547846,250,1.083052933216095,1.0,1.0,disabled,single,3,row_7,row_6,-0.12021307647228241,-0.7144855260848999,0.5996795462371383,0.33100152192330706,0.8576328316609555,0.5942724496126175,0.39114677957513455,1,99,0,disabled,0,0.0,50.0,alpha
964,0.22945590317249298,-0.021756203845143318,0.0,-0.0077254814095795155,0.1676931381225586,0.019018709659576416,0,0,0,0.007321332581341267,0.46439628482972134,0.3,120,173,wall,both,1,0,1,1,1,1,0.0,2,2,0,alpha,standard,huber,-2.904587272154509,-6.071236508210249,-1.5610857227068873,-2.372085150924067,-5.975962451543733,-1.3112332866470078,-2.297091393198043,-5.975955326095702,-1.2970427466996433,198.23589512683034,0.007321332581341267,250,1.146808385848999,1.0,1.0,disabled,single,3,row_7,row_8,-0.0077254814095795155,-1.183264970779419,0.6616000426670586,0.20420445428355827,0.8672350772571209,1.1755394893698394,0.4053685893723606,0,99,0,disabled,0,0.0,50.0,alpha
968,0.6772297620773315,-0.1895207315683365,0.0,-0.09854155778884888,0.4765130579471588,0.10853695869445801,0,0,0,0.00914051104336977,0.47318611987381703,0.3,120,167,wall,both,1,0,1,1,1,1,0.0,3,3,0,alpha,standard,huber,-0.6746347848410011,-5.992219343139995,-0.9224481547915886,-2.116926649023447,-6.216341500235336,-1.310250923805365,-2.1571127911326817,-6.253778446299879,-1.3329151715493115,215.75029095230073,0.00914051104336977,250,2.1822088956832886,1.0,1.0,disabled,single,3,row_6,row_7,-0.09854155778884888,-0.9553608894348145,0.6361457561569898,0.2700503388443259,0.8632733425276254,0.8568193316459656,0.35378600776258545,1,100,0,disabled,0,0.0,50.0,alpha
972,4.3159990310668945,-6.981815814971924,0.0,-0.1364159733057022,0.7796350717544556,0.01813572645187378,0,0,0,0.01566961407661438,0.48387096774193555,0.3,120,160,wall,both,1,0,1,1,1,1,0.0,2,2,0,alpha,standard,huber,-2.0154261275756276,-5.694087014967076,-1.5564831356170366,-2.1314129390580137,-6.406391432608758,-1.3214593690775573,-2.102227742892036,-6.505776676075866,-1.332911321982004,176.3036172485962,0.01566961407661438,250,5.236199378967285,0.5729346388241767,1.0,disabled,single,3,row_7,row_6,-0.1364159733057022,-0.6760627627372742,0.5904578763112208,0.3442098526096321,0.8564319810609096,0.539646789431572,0.3904410082122789,1,101,0,disabled,0,0.0,50.0,alpha
976,1.0726391077041626,-0.4754358232021332,0.0,-0.021940456703305244,0.31421178579330444,0.00040477514266967773,0,0,0,0.011237004771828651,0.5319148936170213,0.3,120,132,wall,both,1,0,1,1,1,1,0.0,1,1,0,alpha,standard,huber,-2.0783642498999275,-7.873309754710804,-1.3755304361839849,-1.9365443071229953,-7.038279462467156,-1.3162036641445116,-1.9558730816106245,-7.026423070331131,-1.322160714265958,197.18559824369723,0.011237004771828651,250,2.051952838897705,1.0,1.0,disabled,single,3,row_7,row_6,-0.021940456703305244,-1.0996017456054688,0.659535842037522,0.22449984776340992,0.8597291643828664,1.0776612889021635,0.3942785043085762,0,101,0,disabled,0,0.0,50.0,alpha
980,0.9418999552726746,-0.36660146713256836,0.0,-0.019314609467983246,0.29083251953125,0.011268317699432373,0,0,0,0.010890376754105091,0.5,0.3,0,0,wall,both,1,0,1,1,1,1,0.0,0,0,0,alpha,standard,huber,-1.9395219903021523,-9.17696023768405,-1.461763411094141,-1.767432139527369,-8.386971565958019,-1.3377627056246737,-1.7093352022965838,-8.337550683515722,-1.3089539539298742,198.70809843887415,0.010890377685427666,250,1.9243712425231934,1.0,1.0,disabled,single,3,row_7,row_6,-0.019314609467983246,-1.2141187191009521,0.661217531995381,0.20019237342632293,0.869418720473048,1.194804109632969,0.39435778849930075,0,101,0,disabled,0,0.0,50.0,alpha
984,0.7093290090560913,-0.20791226625442505,0.0,-0.05371954292058945,0.13237103819847107,0.11048668622970581,0,0,0,0.009032085537910461,0.5,0.3,0,0,wall,both,1,0,1,1,1,1,0.0,0,0,0,alpha,standard,huber,0.41300955503802445,-8.356064255622522,-0.9248158892323488,-1.2947741666127386,-8.826547136592445,-1.2440578806308475,-1.4100902492333467,-8.872310830714106,-1.2770638963326493,219.66166047445589,0.009032085537910461,250,2.3380348682403564,1.0,1.0,disabled,single,3,row_6,row_5,-0.05371954292058945,-1.2475088834762573,0.6556169683290298,0.19869825910916417,0.8785114743369533,1.1937893405556679,0.3684590073897905,1,102,0,disabled,0,0.0,50.0,alpha
988,1.4630615711212158,-0.8845244646072388,0.0,-0.33242785930633545,0.6111652255058289,0.24720150232315063,0,0,0,0.01301315613090992,0.5,0.3,0,0,wall,both,1,0,1,1,1,1,0.0,0,0,0,alpha,standard,huber,-0.2966502315677565,-8.615597481733657,-0.6808404372170278,-0.952690018281257,-9.67303240892403,-1.1845829185654584,-1.0111132443107684,-9.80003193183395,-1.2226941162945413,189.71666193726588,0.01301315613090992,250,2.586391806602478,1.0,1.0,disabled,single,3,row_6,row_7,-0.33242785930633545,-0.9365417957305908,0.5918351402120882,0.3234725251357806,0.884600515462926,0.6041139364242554,0.1920993029458491,0,102,0,disabled,0,0.0,50.0,alpha
992,0.5864669680595398,-0.14212541282176971,0.0,-0.20941384136676788,0.9703379273414612,0.00662684440612793,0,0,0,0.010149993933737278,0.5,0.3,0,0,wall,both,1,0,1,1,1,1,0.0,0,0,0,alpha,standard,huber,0.6842363373142348,-9.44642221377177,-1.2841453404782341,-0.027654598546257608,-10.615678060113847,-1.425459746030546,-0.27257528448505886,-10.79326934464425,-1.5192019482655335,189.8434656560749,0.010149993933737278,250,1.5303178429603577,1.0,1.0,disabled,single,3,row_6,row_5,-0.20941384136676788,-1.4133530855178833,0.6673918421148484,0.2002242720832754,0.8595894228073122,1.2039392441511154,0.19496409475480886,0,102,0,disabled,0,0.0,50.0,alpha
996,1.2449445724487305,-0.6404491662979126,0.0,-4.014110565185547,3.7956254482269287,0.44619321823120117,0,0,0,0.008994157426059246,0.625,0.3,90,90,wall,both,1,0,1,1,1,1,0.0,1,1,0,alpha,standard,huber,-0.524375506102523,-12.402447114279433,-2.2953671178591306,-0.24401956069824118,-11.823116478999768,-2.6021778664138875,-0.2313235338724765,-11.854379293285762,-2.618023225122459,200.9232452390625,0.008994157426059246,250,2.2174168825149536,1.0,1.0,disabled,single,3,row_7,row_6,-4.014110565185547,-4.028146743774414,0.4840385564739049,0.477291963805365,0.830012248810537,0.014036178588867188,-3.288519851883349,1,103,1,disabled,0,0.0,50.0,alpha
1000,0.7932066321372986,-0.259990394115448,0.0,-2.632676124572754,3.439772844314575,0.028581976890563965,0,0,0,0.007122635375708342,0.5263157894736842,0.3,120,135,wall,both,1,0,1,1,1,1,0.0,4,4,0,alpha,standard,huber,-2.4880623013966217,-12.391775525680993,2.0697557317911697,-1.4976752010933994,-12.296361773273318,2.4793435584553043,-1.2515263545249231,-12.284350702258244,2.533591818954438,196.6281537216019,0.007122635841369629,250,2.0111156702041626,1.0,1.0,disabled,single,3,row_7,row_8,-2.632676124572754,-2.997281074523926,0.5601930731150462,0.38903781425551864,0.8432151957115567,0.3646049499511719,-2.053202343318839,0,103,1,disabled,0,0.0,50.0,alpha
1004,0.44949963688850403,-0.08349170535802841,0.0,-0.6392335891723633,1.0259686708450317,0.31512439250946045,0,0,0,0.009829218499362469,0.5357142857142857,0.3,120,130,wall,both,1,0,1,1,1,1,0.0,3,3,0,alpha,standard,huber,-1.602198194572068,-9.841088099122896,1.0137293076339855,-2.387862634389058,-11.221310498538925,1.6759256389641688,-2.409046813946718,-11.329061954952632,1.7579267743991496,199.46100745906801,0.009829219430685043,250,2.244394540786743,1.0,1.0,disabled,single,3,row_7,row_6,-0.6392335891723633,-1.4478191137313843,0.6220763447720167,0.2771273925697561,0.8822189732767785,0.808585524559021,-0.1645411361883946,0,103,0,disabled,0,0.0,50.0,alpha
1008,2.7553539276123047,-3.1371798515319824,0.0,-0.4466170370578766,0.66370689868927,0.2922978401184082,0,0,0,0.014669732190668583,0.5263157894736842,0.3,120,135,wall,both,1,0,1,1,1,1,0.0,4,4,0,alpha,standard,huber,-1.7587373491560567,-9.510364673698126,1.0455368388013415,-2.314469540614393,-10.714818759139904,1.4871327297404129,-2.3787301937584195,-10.876618408378103,1.5772234332589186,187.779559066239,0.014669730328023434,250,4.3571271896362305,0.6885270659841503,1.0,disabled,single,3,row_7,row_6,-0.4466170370578766,-1.3796945810317993,0.6351984219259557,0.24984978607657465,0.8834484975197677,0.9330775439739227,0.007200816367916085,0,103,0,disabled,0,0.0,50.0,alpha
1012,0.8718791007995605,-0.3141211271286011,0.0,-0.7165727615356445,1.659316897392273,0.16017699241638184,0,0,0,0.01080203615128994,0.5357142857142857,0.3,120,130,wall,both,1,0,1,1,1,1,0.0,7,7,0,alpha,standard,huber,-0.28314691899814326,-10.099006804219865,1.1684198061379654,-1.9378547473962255,-10.225739157273562,1.40118205825872,-2.137300843760152,-10.35493269092939,1.4956613744832268,195.99341351468462,0.01080203615128994,250,2.664185404777527,1.0,1.0,disabled,single,3,row_6,row_7,-0.7165727615356445,-1.2341936826705933,0.5962838766917895,0.35534741179470575,0.8224692878295803,0.5176209211349487,-0.19953433939664977,1,104,0,disabled,0,0.0,50.0,alpha
1016,1.9029234647750854,-1.496329665184021,0.0,-0.6601168513298035,1.7162853479385376,0.03681224584579468,0,0,0,0.015289361588656902,0.5,0.3,120,150,wall,both,1,0,1,1,1,1,0.0,5,5,0,alpha,standard,huber,-3.6480248737602845,-10.817438924420339,2.1091746499272865,-2.216575355395759,-9.845286728077156,1.5872710646167234,-2.1622795469092604,-9.827242912635654,1.5455523894173213,183.28316996235313,0.015289361588656902,250,3.909918427467346,0.7672794345081141,1.0,disabled,single,3,row_8,row_7,-0.6601168513298035,-1.2683438062667847,0.6020465595878305,0.32770303883661595,0.8576550596177563,0.6082269549369812,-0.15269635617381117,1,105,0,disabled,0,0.0,50.0,alpha
1020,0.7248305082321167,-0.21709886193275452,0.0,-0.18742413818836212,0.9180476665496826,0.005701541900634766,0,0,0,0.007995271123945713,0.47318611987381703,0.3,120,167,wall,both,1,0,1,1,1,1,0.0,8,8,0,alpha,standard,huber,-3.8579835180569644,-8.614990572360703,1.9438330131754995,-2.5704601227036807,-8.855064015731855,1.6780947199582783,-2.3746410356762158,-8.811825155865748,1.5953865949020836,200.6587398510794,0.007995271123945713,250,2.066087245941162,1.0,1.0,disabled,single,3,row_8,row_7,-0.18742413818836212,-0.5459755063056946,0.5585034291360513,0.39021949569354847,0.8448587810222284,0.35855136811733246,0.3950703823999643,0,105,0,disabled,0,0.0,50.0,alpha
1024,1.4230626821517944,-0.8368212580680847,0.0,-0.12957140803337097,0.5888046026229858,0.1134442687034607,0,0,0,0.009110432118177414,0.4587155963302753,0.3,120,177,wall,both,1,0,1,1,1,1,0.0,8,8,0,alpha,standard,huber,-0.33027844343339396,-8.290346129852285,1.2613088599197306,-2.338208869173047,-8.03332662781348,1.58850406816098,-2.362496168243119,-8.062742174849742,1.5838030083277497,215.3678693356655,0.009110432118177414,250,3.3776347637176514,0.8881955006579808,1.0,disabled,single,3,row_6,row_7,-0.12957140803337097,-0.9258376359939575,0.629657332676247,0.28398162264241417,0.8602727234180747,0.7962662279605865,0.33300811592627544,1,106,0,disabled,0,0.0,50.0,alpha
1028,2.529906749725342,-2.6448051929473877,0.0,-0.12230375409126282,0.04504457861185074,0.17278295755386353,0,0,0,0.01840372569859028,0.49668874172185423,0.3,107,152,wall,both,1,0,1,1,1,1,0.0,7,7,0,alpha,standard,huber,-4.878313027686066,-8.456325361733755,2.353049054110766,-2.7572774505158186,-7.567003733649241,1.7636570556608657,-2.5832451952602185,-7.51183537635732,1.6774626952017453,186.00282626998933,0.01840372569859028,250,5.202158451080322,0.576683703161136,1.0,disabled,single,3,row_8,row_9,-0.08378724753856659,-1.4155309200286865,0.6660434858845543,0.17584647092280498,0.8679550545230934,1.33174367249012,0.3226130689137972,1,107,0,disabled,0,0.0,50.0,alpha
1032,2.0118823051452637,-1.6725910902023315,0.0,-0.0936388224363327,0.3606634736061096,0.1259344220161438,0,0,0,0.011582558043301105,0.47619047619047616,0.3,120,165,wall,both,1,0,1,1,1,1,0.0,9,9,0,alpha,standard,huber,-5.208898180473592,-8.405987702417212,2.2636764778202245,-3.2153942150927524,-7.45163799062898,1.9020625484937517,-2.9435657389388172,-7.360689481218663,1.8028659686679323,205.94790216710413,0.011582558043301105,250,4.296849250793457,0.698186002091188,1.0,disabled,single,3,row_8,row_9,-0.09091895073652267,-1.0750672817230225,0.6488580102047158,0.24251548872140521,0.865360565399558,0.9841483309864998,0.3416224179051391,0,107,0,disabled,0,0.0,50.0,alpha
1036,0.1831686794757843,-0.013863952830433846,0.0,-0.030628612264990807,0.3582969605922699,0.02268505096435547,0,0,0,0.008672274649143219,0.4573170731707317,0.3,120,178,wall,both,1,0,1,1,1,1,0.0,10,10,0,alpha,standard,huber,-4.730223716856536,-7.021976965523035,1.5098074684116378,-3.7893313070646304,-7.261894520987518,2.0383239325563736,-3.4456662773117364,-7.150088292199534,1.9243829870328817,209.69902909362213,0.008672274649143219,250,1.3799760341644287,1.0,1.0,disabled,single,3,row_8,row_7,-0.030628612264990807,-1.0310051441192627,0.6539147582570158,0.24047123371312767,0.8578940336150617,1.0003765318542719,0.3941496628113712,0,107,0,disabled,0,0.0,50.0,alpha
1040,0.16145431995391846,-0.010771693661808968,0.0,-0.013897938653826714,0.23649705946445465,0.018970251083374023,0,0,0,0.008714547380805016,0.4531722054380664,0.3,104,181,wall,both,1,0,1,1,1,1,0.0,7,7,0,alpha,standard,huber,-4.715108813807527,-7.799844341102581,1.9514815364381972,-4.199751382986049,-7.017310083523784,2.080636373735646,-3.926214834365155,-6.898783299164393,2.0084277173031033,207.10588828516427,0.00871454831212759,250,1.5438719391822815,1.0,1.0,disabled,single,3,row_8,row_7,-0.013897938653826714,-1.1509783267974854,0.6631836135316106,0.21271888540378153,0.8605673248200456,1.1370803881436586,0.39680544499762416,0,107,0,disabled,0,0.0,50.0,alpha
1044,1.4168974161148071,-0.8295861482620239,0.0,-0.0703362226486206,0.42797040939331055,0.085207998752594,0,0,0,0.008264047093689442,0.45454545454545453,0.3,120,180,wall,both,1,0,1,1,1,1,0.0,6,6,0,alpha,standard,huber,-5.433023207501421,-7.577018763814904,2.1721928583956966,-4.70003806865239,-6.67452067285293,2.0728927839169375,-4.469388568111332,-6.5241598957518825,2.0423272033008137,212.9200475040644,0.008264048025012016,250,2.6174951791763306,1.0,1.0,disabled,single,3,row_8,row_9,-0.0703362226486206,-1.0032870769500732,0.6474154290118048,0.25468750400925116,0.8573125973081777,0.9329508543014526,0.364430882855037,0,107,0,disabled,0,0.0,50.0,alpha
1048,0.16874724626541138,-0.01176679041236639,0.0,-0.0032139760442078114,0.11811160296201706,0.0052825212478637695,0,0,0,0.00799524411559105,0.5244755244755245,0.3,120,136,wall,both,1,0,1,1,1,1,0.0,8,8,0,alpha,standard,huber,-3.1407443933436894,-4.51105609296565,1.841836819244035,-4.845066800676281,-5.431717926005284,1.9637738149188235,-4.9282253863822705,-5.428676467510131,2.0056592222450274,203.2039020015282,0.007995245046913624,250,2.862294554710388,1.0,1.0,disabled,single,3,row_7,row_8,-0.0032139760442078114,-1.210115671157837,0.6637734436145292,0.19854965039110195,0.8660143671142224,1.206901695113629,0.4066004110589555,1,108,0,disabled,0,0.0,50.0,alpha
1052,5.444408416748047,-9.779524803161621,0.0,-0.0006290395394898951,0.0013217937666922808,0.012410461902618408,0,0,0,0.008039243519306183,0.4746835443037975,0.3,120,166,wall,both,1,0,1,1,1,1,0.0,9,9,0,alpha,standard,huber,-3.101812669846655,-3.989205585520854,1.8326355698891597,-4.53615437057314,-4.653950883797641,1.8601496299040636,-4.8416226360020245,-4.724793184337196,1.9349396149426106,211.7066555897998,0.008039243519306183,250,7.13716721534729,0.4203348344633147,1.0,disabled,single,3,row_7,row_8,-0.0006290395394898951,-1.34406578540802,0.666727068445543,0.17398063911499687,0.8671557008100909,1.3434367458685301,0.4047454700045338,0,108,0,disabled,0,0.0,50.0,alpha
1056,0.4319675862789154,-0.07710578292608261,0.0,-0.08819547295570374,0.5943024754524231,0.048768460750579834,0,0,0,0.010522431693971157,0.5102040816326531,0.3,120,144,wall,both,1,0,1,1,1,1,0.0,6,6,0,alpha,standard,huber,-4.869579318282142,-4.721569308375191,2.0583938927320258,-4.659365368200117,-4.128732478949198,1.8596976824411344,-4.840030554142315,-4.138132942370063,1.8996140382671403,196.10681578842923,0.010522432625293732,250,1.5856065154075623,1.0,1.0,disabled,single,3,row_8,row_7,-0.08819547295570374,-0.7774129509925842,0.6150212145143212,0.30872140995541986,0.8580652299667869,0.6892174780368805,0.39790304366962137,1,109,0,disabled,0,0.0,50.0,alpha
1060,2.6739866733551025,-2.954630136489868,0.0,-0.0007464693044312298,0.011146689765155315,0.013271033763885498,0,0,0,0.011797831393778324,0.5016722408026756,0.3,120,149,wall,both,1,0,1,1,1,1,0.0,8,8,0,alpha,standard,huber,-6.045785646928293,-1.4651839204401247,1.9138052593252084,-5.132575029144425,-1.872787705972463,1.8731533177372175,-5.325963671688378,-1.9395861988656482,1.9050836064100736,192.17530831797166,0.011797831393778324,250,3.5213987827301025,0.8519341844248984,1.0,disabled,single,3,row_8,row_7,-0.0007464693044312298,-1.311242938041687,0.6653994156588768,0.1794489949164451,0.868433431406669,1.3104964687372558,0.4066213242739423,0,109,0,disabled,0,0.0,50.0,alpha
1064,0.43552348017692566,-0.07838045060634613,0.0,-0.02047647349536419,0.3032645583152771,0.003084421157836914,0,0,0,0.008100800216197968,0.5190311418685121,0.3,120,139,wall,both,1,0,1,1,1,1,0.0,5,5,0,alpha,standard,huber,-3.3684631628395216,-0.9100589789303218,1.649832962070798,-4.933447067990221,-1.20607402616703,1.8476099432242112,-5.201026280986487,-1.2743032996946884,1.8859654947806153,205.6634682163375,0.008100800216197968,250,2.3034368753433228,1.0,1.0,disabled,single,3,row_7,row_6,-0.02047647349536419,-1.1027764081954956,0.6535183584891748,0.22142206809462106,0.8718258047882151,1.0822999347001314,0.4049081802552259,1,110,0,disabled,0,0.0,50.0,alpha
1068,1.7026573419570923,-1.197951316833496,0.0,-0.006089748814702034,0.10065165162086487,0.030666351318359375,0,0,0,0.009761572815477848,0.551470588235294,0.3,120,122,wall,both,1,0,1,1,1,1,0.0,3,3,0,alpha,standard,huber,-6.184114256473655,-0.2525518153381189,1.5422271265890544,-5.548882217755977,-0.6719210212462463,1.874764676844438,-5.473974473964046,-0.6926302597845055,1.8824974357680482,196.4937279948307,0.009761572815477848,250,2.8202407360076904,1.0,1.0,disabled,single,3,row_8,row_7,-0.006089748814702034,-1.251584529876709,0.6667026396855682,0.19187600342120478,0.8636797161237133,1.245494781062007,0.39932140122087295,1,111,0,disabled,0,0.0,50.0,alpha
1072,0.4051636755466461,-0.06783372163772583,0.0,-0.0065304310992360115,0.1628449261188507,0.012496888637542725,0,0,0,0.008541863411664963,0.5555555555555556,0.3,120,120,wall,both,1,0,1,1,1,1,0.0,4,4,0,alpha,standard,huber,-3.683135178512444,0.16231569495918946,1.9314159736788978,-4.997644769848593,-0.49182991622364647,1.8200435650258404,-5.2119931367005465,-0.582190070826033,1.8512705003969447,199.10805677477597,0.008541863411664963,250,2.255901336669922,1.0,1.0,disabled,single,3,row_7,row_6,-0.0065304310992360115,-1.2061405181884766,0.6591292974148695,0.19860335219917943,0.8732081093444677,1.1996100870892406,0.4103051301750926,1,112,0,disabled,0,0.0,50.0,alpha
1076,0.2405441850423813,-0.023909712210297585,0.0,-0.2340017557144165,1.0261188745498657,0.0021878480911254883,0,0,0,0.008464857004582882,0.5555555555555556,0.3,120,120,wall,both,1,0,1,1,1,1,0.0,4,4,0,alpha,standard,huber,-5.066113866798278,0.9872400554455958,1.839317985193123,-5.2208287020208415,0.13268965791757564,1.8395356403042074,-5.285662865034214,0.04986175743152735,1.8504781095091385,201.3628829651438,0.008464857004582882,250,1.2800778150558472,1.0,1.0,disabled,single,3,row_7,row_8,-0.2340017557144165,-0.47499096393585205,0.5369461708604497,0.42195920585771196,0.8291590714933039,0.24098920822143555,0.3878556742666027,0,112,0,disabled,0,0.0,50.0,alpha
1080,0.47749510407447815,-0.094215527176857,0.0,-0.0001037267065839842,0.02159990556538105,0.00010800361633300781,0,0,0,0.01081297267228365,0.5190311418685121,0.3,120,139,wall,both,1,0,1,1,1,1,0.0,3,3,0,alpha,standard,huber,-4.073490324529285,1.3621460890427068,1.7878551790490391,-5.026182335954492,0.5674731553413835,1.8073023273007938,-5.187207754658498,0.4886485353836412,1.8322431973715432,195.37230097383085,0.01081297267228365,250,2.129266381263733,1.0,1.0,disabled,single,3,row_7,row_8,-0.0001037267065839842,-1.399823784828186,0.6697147690816051,0.1651958675314523,0.8633167074488759,1.399720058121602,0.4007996483227347,0,112,0,disabled,0,0.0,50.0,alpha
1084,0.6547325849533081,-0.1771383285522461,0.0,-4.8654044803697616e-05,0.008734767325222492,0.0027868151664733887,0,0,0,0.00979322288185358,0.5084745762711864,0.3,120,145,wall,both,1,0,1,1,1,1,0.0,5,5,0,alpha,standard,huber,-4.147949151534643,1.9351463308686037,1.5986159256126573,-4.915971424883846,1.228135846179616,1.767003598406337,-5.109589511821995,1.162815686524478,1.796219133777882,200.49071189275156,0.00979322288185358,250,1.8345848321914673,1.0,1.0,disabled,single,3,row_7,row_6,-4.8654044803697616e-05,-1.3798202276229858,0.6655111132620658,0.16746657234079665,0.8691618679203426,1.3797715735781821,0.407151288125043,0,112,0,disabled,0,0.0,50.0,alpha
1088,0.3896844983100891,-0.06274959444999695,0.0,-0.21034657955169678,0.4508987069129944,0.2011612057685852,0,0,0,0.008791388012468815,0.5067567567567568,0.3,120,146,wall,both,1,0,1,1,1,1,0.0,3,3,0,alpha,standard,huber,-3.523265091682805,0.8163324532468953,1.1277227814592816,-4.775702328583675,2.238671052408164,1.6423224213028003,-5.049835231700616,2.2947571021275284,1.7261227555712662,203.17452050152195,0.008791388012468815,250,2.672371506690979,1.0,1.0,disabled,single,3,row_7,row_6,-0.21034657955169678,-1.07878577709198,0.6361166430751379,0.2669183349609164,0.8665699495684543,0.8684391975402832,0.24202675184469924,0,112,0,disabled,0,0.0,50.0,alpha
1092,1.7998334169387817,-1.3385952711105347,0.0,-0.1952754408121109,0.9373781681060791,0.0018314719200134277,0,0,0,0.009828930720686913,0.49342105263157904,0.3,120,154,wall,both,1,0,1,1,1,1,0.0,4,4,0,alpha,standard,huber,-6.13545619517016,3.907961564804121,1.6909623288303202,-5.105854057174333,3.1791956452349472,1.7082240423801034,-5.134955567349696,3.128032459372105,1.723678900142943,201.65608209674525,0.009828930720686913,250,3.1199967861175537,0.961539452011143,1.0,disabled,single,3,row_8,row_7,-0.1952754408121109,-0.5658292770385742,0.5635232247267182,0.3890293192246843,0.8351158311316033,0.3705538362264633,0.37827129040780605,1,113,0,disabled,0,0.0,50.0,alpha
1096,2.0725555419921875,-1.7749943733215332,0.0,-0.08685988187789917,0.13464082777500153,0.14245593547821045,0,0,0,0.010798021219670773,0.47770700636942676,0.3,120,164,wall,both,1,0,1,1,1,1,0.0,4,4,0,alpha,standard,huber,-7.298682327643111,4.310085731800922,2.291814257540466,-5.66492717890517,3.8972478112106477,1.8116576690910795,-5.475400551148139,3.8688516270489286,1.7778500304669382,196.84835409638032,0.010798022150993347,250,3.833520293235779,0.7825705280061984,1.0,disabled,single,3,row_8,row_9,-0.08685988187789917,-1.3567779064178467,0.6724742048450219,0.18886750341666017,0.8555724455396456,1.2699180245399475,0.3099316434716706,0,113,0,disabled,0,0.0,50.0,alpha
1100,0.4818439781665802,-0.0959395170211792,0.0,-0.007672953885048628,0.16183604300022125,0.021305501461029053,0,0,0,0.008655697107315063,0.5434782608695653,0.3,98,126,wall,both,1,0,1,1,1,1,0.0,4,4,0,alpha,standard,huber,-4.731428974584531,4.201274161525438,1.9571347749834622,-5.595115496791953,4.960867028074166,1.7725872034121282,-5.649194125696777,4.983352244407775,1.7772468740758827,205.44645205752056,0.008655697107315063,250,1.8545717597007751,1.0,1.0,disabled,single,3,row_7,row_8,-0.007672953885048628,-1.2513376474380493,0.6657817688058916,0.19196196411303865,0.8650782765345008,1.2436646935530007,0.39912038271933553,1,114,0,disabled,0,0.0,50.0,alpha
1104,2.22890305519104,-2.05289626121521,0.0,-0.03881072252988815,0.41045281291007996,0.01833820343017578,0,0,0,0.010839932598173618,0.5067567567567568,0.3,120,146,wall,both,1,0,1,1,1,1,0.0,2,2,0,alpha,standard,huber,-7.805454263308375,5.681664800492067,1.9058528042761047,-6.3932013907382625,5.34228562422862,1.8491857791049415,-6.099484612857484,5.376943813518501,1.8138686823028305,188.47143884440575,0.010839932598173618,250,4.365483522415161,0.6872090994264661,1.0,disabled,single,3,row_8,row_9,-0.03881072252988815,-0.9913679361343384,0.6475979556012935,0.24981305329471437,0.8614707019570076,0.9525572136044502,0.3956744915387214,1,115,0,disabled,0,0.0,50.0,alpha
1108,1.362221598625183,-0.7667965888977051,0.0,-0.03851640224456787,0.416303426027298,0.0009118318557739258,0,0,0,0.006340829189866781,0.5,0.3,0,0,wall,both,1,0,1,1,1,1,0.0,0,0,0,alpha,standard,huber,-7.924240596009338,6.451161402374506,1.714818565602977,-7.125661643422073,6.069138754716881,1.86171979877193,-6.759150037454415,6.141834362764501,1.8310537173759833,219.71619132946347,0.006340829189866781,250,2.593783378601074,1.0,1.0,disabled,single,3,row_8,row_9,-0.03851640224456787,-1.003067135810852,0.6471215299197056,0.24665321921262884,0.8650767917888297,0.9645507335662842,0.3967047638328276,0,115,0,disabled,0,0.0,50.0,alpha
1112,2.9446117877960205,-3.582949638366699,0.0,-0.03593716025352478,0.4021264612674713,0.0007925033569335938,0,0,0,0.012011049315333366,0.5,0.3,0,0,wall,both,1,0,1,1,1,1,0.0,0,0,0,alpha,standard,huber,-5.567960175214469,7.76010089919205,1.6818671634597848,-6.913158862780463,6.675292527825656,1.8007482017870036,-6.880257647733037,6.571936104759887,1.8239015600352708,190.47373618650013,0.012011049315333366,250,3.973291754722595,0.7550414581144828,1.0,disabled,single,3,row_7,row_8,-0.03593716025352478,-1.025085210800171,0.6483174275184057,0.24110496621908173,0.8674378557458073,0.9891480505466461,0.39743768503575777,1,116,0,disabled,0,0.0,50.0,alpha
1116,1.1657730340957642,-0.5615813136100769,0.0,-0.016249457374215126,0.27041181921958923,5.245208740234375e-06,0,0,0,0.0075904387049376965,0.5,0.3,0,0,wall,both,1,0,1,1,1,1,0.0,0,0,0,alpha,standard,huber,-5.2159310611209655,7.896765951397921,1.7249148153391074,-6.416148052976213,7.348465433474027,1.747548093911332,-6.688936039719638,7.246226590007447,1.8090367357189283,204.81235191001895,0.0075904387049376965,250,2.675808072090149,1.0,1.0,disabled,single,3,row_7,row_6,-0.016249457374215126,-1.3752491474151611,0.6649719476396098,0.17084302726913078,0.8698399897094518,1.358999690040946,0.39176096584242465,0,116,0,disabled,0,0.0,50.0,alpha
1120,0.7815921902656555,-0.25243237614631653,0.0,-0.034169748425483704,0.389568954706192,0.01043468713760376,0,0,0,0.008743876591324806,0.5555555555555556,0.3,120,120,wall,both,1,0,1,1,1,1,0.0,2,2,0,alpha,standard,huber,-5.510897316034728,7.158317696078498,1.8662701556814323,-6.270841327961657,7.765592781567035,1.7587989135422188,-6.517406848184645,7.772447439818832,1.787018238827077,205.20165243663124,0.00874387752264738,250,1.7888479232788086,1.0,1.0,disabled,single,3,row_7,row_8,-0.034169748425483704,-0.9674614667892456,0.6435337554860527,0.2530742093669991,0.8660196711595972,0.9332917183637619,0.4066110488184619,0,116,0,disabled,0,0.0,50.0,alpha
1124,1.5256952047348022,-0.9618784785270691,0.0,-0.03414998948574066,0.28292083740234375,0.06331497430801392,0,0,0,0.011812730692327023,0.5791505791505792,0.3,109,109,wall,both,1,0,1,1,1,1,0.0,3,3,0,alpha,standard,huber,-7.855676536310094,6.806730751006207,2.1152817596403066,-6.800648482075301,7.969489498722026,1.791578837863844,-6.715725648763015,8.074468607019906,1.7877577182613127,195.6055429778847,0.011812730692327023,250,3.402077555656433,0.8818141123832046,1.0,disabled,single,3,row_8,row_9,-0.03414998948574066,-1.1420646905899048,0.6596192984093019,0.21783723313018277,0.8637023069495599,1.1079147011041641,0.3819424414928909,1,117,0,disabled,0,0.0,50.0,alpha
1128,1.4760931730270386,-0.9003517031669617,0.0,-0.5723807215690613,1.6031140089035034,0.017676234245300293,0,0,0,0.010810770094394684,0.7352941176470589,0.3,54,54,wall,both,1,0,1,1,1,1,0.0,3,3,0,alpha,standard,huber,-5.140635925609992,9.230184325870457,1.9099825388215734,-6.4141711684265905,9.594838912762707,1.8345099436245857,-6.722033483805543,9.691700270246901,1.9089822484021122,180.22171619119575,0.010810771025717258,250,2.9022305011749268,1.0,1.0,disabled,single,3,row_7,row_6,-0.5723807215690613,-1.600083827972412,0.6513114491786193,0.2330574146360394,0.8681591429148166,1.0277031064033508,-0.14361338694779863,1,118,0,disabled,0,0.0,50.0,alpha
1132,3.8557589054107666,-5.840724945068359,0.0,-1.7906755208969116,2.8381152153015137,0.01307755708694458,0,0,0,0.01105098333209753,0.5357142857142857,0.3,120,130,wall,both,1,0,1,1,1,1,0.0,3,3,0,alpha,standard,huber,-9.441222339154498,9.55032333030388,-1.622625564311762,-6.980555564222,10.969752517218732,-2.1153141179965225,-7.129481506363568,11.148860047360476,-2.093684960803035,194.15049374124544,0.01105098333209753,250,4.598877668380737,0.652333072616019,1.0,disabled,single,3,row_9,row_8,-1.7906755208969116,-1.9398483037948608,0.5196698105372115,0.4476541050482036,0.8117394847771138,0.14917278289794922,-1.1361138720691013,1,119,1,disabled,0,0.0,50.0,alpha
1136,0.6228422522544861,-0.16030268371105194,0.0,-0.26837825775146484,0.7586280703544617,0.18552356958389282,0,0,0,0.009252547286450863,0.5703422053231939,0.3,98,113,wall,both,1,0,1,1,1,1,0.0,8,8,0,alpha,standard,huber,-9.498005779346032,7.252285899886808,-0.8417533782233075,-8.500474012919685,8.753600745893127,-1.1301459540452117,-8.406666152067146,8.923876666851388,-1.2043784903275214,188.19263917671185,0.009252547286450863,250,2.1429014205932617,1.0,1.0,disabled,single,3,row_9,row_8,-0.26837825775146484,-0.8485656976699829,0.5959150574514492,0.333589333460828,0.8616777254630263,0.5801874399185181,0.24927888537702847,0,119,0,disabled,0,0.0,50.0,alpha
1140,3.085114002227783,-3.93003511428833,0.0,-0.05946701765060425,0.5165932774543762,0.006317079067230225,0,0,0,0.009275081567466259,0.5454545454545454,0.3,120,125,wall,both,1,0,1,1,1,1,0.0,2,2,0,alpha,standard,huber,-8.129457039239632,6.997142573982215,-1.2716056189761933,-8.148451593718349,7.530695827464253,-0.9925019683124604,-8.098641326348691,7.725033672990991,-1.0595278891299005,200.94571784265898,0.009275080636143684,250,3.950277805328369,0.759440259101125,1.0,disabled,single,3,row_8,row_9,-0.05946701765060425,-0.8730002045631409,0.6303787436970596,0.27944000888881937,0.8641255544580223,0.8135331869125366,0.4019674421110177,1,120,0,disabled,0,0.0,50.0,alpha
1144,4.195394992828369,-6.682797908782959,0.0,-0.00784087274223566,0.18700924515724182,0.0041179656982421875,0,0,0,0.010805390775203705,0.5016722408026756,0.3,120,149,wall,both,1,0,1,1,1,1,0.0,7,7,0,alpha,standard,huber,-9.93835845757217,6.885025186815302,-1.3699402124511466,-8.055800413535902,6.648236845217623,-1.0749961322997554,-7.888959647405655,6.801047085914932,-1.0661013437254336,200.27339292461872,0.01080539170652628,250,6.20316481590271,0.4836240997996807,1.0,disabled,single,3,row_9,row_8,-0.00784087274223566,-1.1933904886245728,0.662985676758969,0.20259395826913543,0.8656926063092247,1.185549615882337,0.4031610199691981,1,121,0,disabled,0,0.0,50.0,alpha
1148,1.6849671602249146,-1.1731878519058228,0.0,-0.07017993927001953,0.43306875228881836,0.08356499671936035,0,0,0,0.008222288452088833,0.47619047619047616,0.3,120,165,wall,both,1,0,1,1,1,1,0.0,7,7,0,alpha,standard,huber,-7.7203273856743975,4.957509074249579,-0.9783814127836492,-7.859201633335811,5.950561825567972,-1.0908606124359217,-7.738584938595258,6.090694549969044,-1.0871418914738094,217.2513434876715,0.008222289383411407,250,3.201821208000183,0.9369667464579516,1.0,disabled,single,3,row_8,row_9,-0.07017993927001953,-0.9764552712440491,0.6443200645603029,0.26032224445162294,0.8576699582505716,0.9062753319740295,0.3693797424098493,1,122,0,disabled,0,0.0,50.0,alpha
1152,0.8012868165969849,-0.2653142809867859,0.0,-0.05110324174165726,0.4668225646018982,0.025604307651519775,0,0,0,0.01279529556632042,0.49180327868852464,0.3,120,155,wall,both,1,0,1,1,1,1,0.0,7,7,0,alpha,standard,huber,-9.409568950865744,5.3107739133590375,-1.6159576858153573,-7.7713222927477625,4.895108162331245,-1.2123581516509252,-7.504443955722978,4.95308490856268,-1.1339274822429894,193.7358124281373,0.01279529556632042,250,2.9396541118621826,1.0,1.0,disabled,single,3,row_9,row_8,-0.05110324174165726,-0.936156690120697,0.6423096964228205,0.26507614707924615,0.8566504781820249,0.8850534483790398,0.39158145668274147,1,123,0,disabled,0,0.0,50.0,alpha
1156,2.4261856079101562,-2.432386875152588,0.0,-0.009843944571912289,0.01787455938756466,0.04893231391906738,0,0,0,0.013213768601417542,0.45454545454545453,0.3,120,180,wall,both,1,0,1,1,1,1,0.0,11,11,0,alpha,standard,huber,-4.788428365658968,5.517741659571717,-1.0605361983250106,-7.356460440257521,4.698353844292921,-1.176660128987474,-7.336200839576536,4.626988319904553,-1.166861322312507,208.76484021187431,0.013213768601417542,250,4.954525709152222,0.6055070002882952,1.0,disabled,single,3,row_7,row_6,-0.009843944571912289,-1.3621766567230225,0.669593696758308,0.17318119105245627,0.8631007701499475,1.3523327121511102,0.3912402287226531,1,124,0,disabled,0,0.0,50.0,alpha
1160,1.426182508468628,-0.8404944539070129,0.0,-0.015410376712679863,0.2291841357946396,0.030262649059295654,0,0,0,0.011898967437446117,0.49019607843137253,0.3,120,156,wall,both,1,0,1,1,1,1,0.0,5,5,0,alpha,standard,huber,-9.231446630049915,2.860280610642869,-1.1323924524836047,-7.744837862451456,4.081593383464011,-1.3347407818899573,-7.468965953903778,4.111820415376105,-1.251959144428363,195.61137719006499,0.011898968368768692,250,3.948216199874878,0.7598368093659796,1.0,disabled,single,3,row_9,row_8,-0.015410376712679863,-1.1766250133514404,0.6651778743277565,0.2082709442133118,0.8595480628816149,1.1612146366387606,0.3922904171879369,1,125,0,disabled,0,0.0,50.0,alpha
1164,1.0040912628173828,-0.4166112542152405,0.0,-0.07070250064134598,0.5640578269958496,4.5359134674072266e-05,0,0,0,0.007775497622787952,0.5376344086021506,0.3,120,129,wall,both,1,0,1,1,1,1,0.0,6,6,0,alpha,standard,huber,-6.225303319355274,2.3595470623244044,-1.303802234546871,-7.2052672389233114,3.457378376777589,-1.2027001088980858,-7.2322015030602955,3.47399080949529,-1.205092285526362,207.20485983156811,0.007775497622787952,250,2.6267064809799194,1.0,1.0,disabled,single,3,row_8,row_7,-0.07070250064134598,-0.8555720448493958,0.6287148032873064,0.2868066217281634,0.8587470088039826,0.7848695442080498,0.39337503736082446,1,126,0,disabled,0,0.0,50.0,alpha
1168,0.4757685959339142,-0.09353543817996979,0.0,-0.0006917464197613299,0.021719403564929962,0.011991441249847412,0,0,0,0.0072584571316838264,0.5033557046979865,0.3,120,148,wall,both,1,0,1,1,1,1,0.0,7,7,0,alpha,standard,huber,-9.373566192306306,2.275832734141385,-1.2240167057213818,-7.397194321648786,2.356964619584127,-1.3318018989542868,-7.145263514117219,2.3956135361588258,-1.2620690086842277,212.56105964922537,0.0072584571316838264,250,2.3121286630630493,1.0,1.0,disabled,single,3,row_9,row_10,-0.0006917464197613299,-1.3817659616470337,0.6714958544055105,0.16875258144442304,0.8606926228668939,1.3810742152272724,0.3975556902510361,1,127,0,disabled,0,0.0,50.0,alpha
1172,0.5716773271560669,-0.13504751026630402,0.0,-0.09635213017463684,0.658464252948761,0.0007153749465942383,0,0,0,0.007055551744997501,0.5319148936170213,0.3,120,132,wall,both,1,0,1,1,1,1,0.0,2,2,0,alpha,standard,huber,-7.166591032892013,0.6638606424031626,-1.313246005157719,-7.636979227263041,1.5268189037536533,-1.3954293429386582,-7.331457250250747,1.6536079293526411,-1.3277275453894812,206.12278604039,0.007055551744997501,250,1.9166125059127808,1.0,1.0,disabled,single,3,row_8,row_9,-0.09635213017463684,-0.7510913610458374,0.6093122778327024,0.31658497118111867,0.858830446125844,0.6547392308712006,0.39907224103770533,1,128,0,disabled,0,0.0,50.0,alpha
1176,0.43555334210395813,-0.07839120179414749,0.0,-0.0969836562871933,0.6606258153915405,1.633167266845703e-05,0,0,0,0.007183167152106762,0.49504950495049505,0.3,120,153,wall,both,1,0,1,1,1,1,0.0,4,4,0,alpha,standard,huber,-8.441700907407325,1.4111229214004017,-1.4772421420078357,-7.904283516052079,1.2715241046202952,-1.434876059012326,-7.611434147668229,1.3020039641553267,-1.3759789940516673,202.02529365718203,0.007183167152106762,250,1.178132951259613,1.0,1.0,disabled,single,3,row_9,row_8,-0.0969836562871933,-0.7374559044837952,0.6087111411763152,0.3208172320339044,0.8538322213413255,0.6404722481966019,0.39942778413221514,1,129,0,disabled,0,0.0,50.0,alpha
1180,2.0162501335144043,-1.6798614263534546,0.0,-0.06280947476625443,0.4941442608833313,0.045761942863464355,0,0,0,0.014124496839940548,0.5434782608695653,0.3,120,126,wall,both,1,0,1,1,1,1,0.0,4,4,0,alpha,standard,huber,-6.804780529913706,-0.20232066622153277,-1.0473789335521366,-7.54563646043375,0.6374002083137631,-1.3884309192004785,-7.543852598157043,0.7773759204187267,-1.3757433288373158,177.98541831305752,0.014124497771263123,250,3.565394401550293,0.841421638710026,1.0,disabled,single,3,row_8,row_9,-0.06280947476625443,-0.9420210123062134,0.6394696454765343,0.26545029658664443,0.8617180632225516,0.879211537539959,0.38430665034928047,1,130,0,disabled,0,0.0,50.0,alpha
1184,0.7369773983955383,-0.22443623840808868,0.0,-0.0181515384465456,0.2644834518432617,0.02527165412902832,0,0,0,0.009756605140864849,0.5136986301369862,0.3,120,142,wall,both,1,0,1,1,1,1,0.0,4,4,0,alpha,standard,huber,-8.3757437377572,-1.4911532158036047,-1.161253594194492,-7.572201841886416,-0.23172739258862057,-1.4073993649684977,-7.505750291010588,-0.0494119660323883,-1.3808406068111543,206.4441948449549,0.009756605140864849,250,2.0082473754882812,1.0,1.0,disabled,single,3,row_9,row_8,-0.0181515384465456,-1.1639506816864014,0.6675594910313803,0.2122636996964716,0.8534012344564517,1.1457991432398558,0.3859752290919516,1,131,0,disabled,0,0.0,50.0,alpha
1188,1.068091630935669,-0.47141313552856445,0.0,-0.02429948002099991,0.33067587018013,0.0002478361129760742,0,0,0,0.011964903213083744,0.5244755244755245,0.3,120,136,wall,both,1,0,1,1,1,1,0.0,5,5,0,alpha,standard,huber,-6.1634766636871205,0.710394922493004,-1.3288097509343562,-7.281845565025849,-0.3744454965032798,-1.360439217301176,-7.349564705502001,-0.4000081116808098,-1.3610477637426062,185.1271390375569,0.011964903213083744,250,2.4379196166992188,1.0,1.0,disabled,single,3,row_8,row_7,-0.02429948002099991,-1.0336662530899048,0.6508839496682669,0.23721445099782068,0.8658867299609945,1.0093667730689049,0.4051244373620955,1,132,0,disabled,0,0.0,50.0,alpha
1192,0.4426235556602478,-0.08095686137676239,0.0,-0.009826351888477802,0.019896579906344414,0.04884570837020874,0,0,0,0.008462739177048206,0.5190311418685121,0.3,120,139,wall,both,1,0,1,1,1,1,0.0,2,2,0,alpha,standard,huber,-6.338157995173119,0.06670687655388402,-1.0372311959330904,-6.943206415194135,-0.7855876597852598,-1.3066366009745551,-7.068459985551767,-0.8826883289755603,-1.3308082609847471,204.4861622773808,0.008462739177048206,250,1.6080080270767212,1.0,1.0,disabled,single,3,row_8,row_7,-0.009826351888477802,-1.3538156747817993,0.6688210691607107,0.17443064997668573,0.8640938631205419,1.3439893228933215,0.39241236288768966,0,132,0,disabled,0,0.0,50.0,alpha
1196,0.382144570350647,-0.06034482643008232,0.0,-0.11794251203536987,0.7285177111625671,0.000420987606048584,0,0,0,0.007472761441022158,0.5555555555555556,0.3,120,120,wall,both,1,0,1,1,1,1,0.0,4,4,0,alpha,standard,huber,-6.901016367703088,-0.8964921307300052,-1.3618682206480903,-6.855078328497026,-1.2937684845703021,-1.349627791286906,-6.881501331544763,-1.39320247840899,-1.3388006947456959,214.18813848262363,0.007472761441022158,250,1.3001031875610352,1.0,1.0,disabled,single,3,row_8,row_9,-0.11794251203536987,-0.7386770844459534,0.603898629068964,0.3246253599406867,0.8583880976709497,0.6207345724105835,0.3864064157647087,0,132,0,disabled,0,0.0,50.0,alpha
1200,0.1956092119216919,-0.015811141580343246,0.0,-0.18058088421821594,0.7501063942909241,0.11665600538253784,0,0,0,0.010679633356630802,0.5208333333333334,0.3,120,138,wall,both,1,0,1,1,1,1,0.0,4,4,0,alpha,standard,huber,-7.604372719192017,-3.1581385186390376,-1.9031449753533272,-7.134167927082155,-2.07840891841594,-1.4718038857032205,-6.963460177241344,-2.011369425786032,-1.4039551228786016,193.7119626441947,0.010679633356630802,250,1.782774806022644,1.0,1.0,disabled,single,3,row_9,row_8,-0.18058088421821594,-0.7967020273208618,0.6064653231107637,0.32751256089963127,0.8483095998722505,0.6161211431026459,0.3195268434294567,1,133,0,disabled,0,0.0,50.0,alpha
1204,1.76975679397583,-1.2942310571670532,0.0,-0.04016830772161484,0.3999501168727875,0.03364962339401245,0,0,0,0.01146525889635086,0.5208333333333334,0.3,120,138,wall,both,1,0,1,1,1,1,0.0,7,7,0,alpha,standard,huber,-5.54584216409832,-2.054816984434771,-1.1388942355782872,-6.5552475794703,-2.959887559048399,-1.3872301756391128,-6.661512715757831,-2.9928373683615206,-1.3964471404195928,194.418614530657,0.01146525889635086,250,3.484950304031372,0.8608444133420255,1.0,disabled,single,3,row_8,row_7,-0.04016830772161484,-0.9222930073738098,0.6399524322111009,0.26487794878521154,0.8613847028078369,0.882124699652195,0.40619312233917465,1,134,0,disabled,0,0.0,50.0,alpha
1208,0.19105376303195953,-0.015083282254636288,0.0,-0.021981505677103996,0.22674593329429626,0.05085545778274536,0,0,0,0.008024392649531364,0.4807692307692307,0.3,120,162,wall,both,1,0,1,1,1,1,0.0,3,3,0,alpha,standard,huber,-5.321093972472992,-4.249199912151267,-1.0917666145773048,-5.64228892907785,-4.674569859158732,-1.2770752683661302,-5.954039816362407,-4.751796552867576,-1.3240754056010269,189.79265314945025,0.008024392649531364,250,1.4068174362182617,1.0,1.0,disabled,single,3,row_8,row_7,-0.021981505677103996,-1.122809648513794,0.6564846012023232,0.2183438458484225,0.8686511438858711,1.10082814283669,0.3988745357362506,0,134,0,disabled,0,0.0,50.0,alpha
1212,1.729950189590454,-1.2366644144058228,0.0,-0.1560198962688446,0.8365957736968994,0.010937035083770752,0,0,0,0.009318627417087555,0.49019607843137253,0.3,120,156,wall,both,1,0,1,1,1,1,0.0,4,4,0,alpha,standard,huber,-6.912107251856797,-6.334097132728885,-1.5642739776496621,-5.848146314358349,-5.606150866737902,-1.412623239412221,-5.813848089194069,-5.547082190011002,-1.370424136157369,196.48425828442058,0.009318627417087555,250,3.0998986959457397,0.9677735610920466,1.0,disabled,single,3,row_9,row_8,-0.1560198962688446,-0.6380458474159241,0.5827380180544611,0.35985881195797187,0.8465186273363705,0.48202595114707947,0.38399766604791274,1,135,0,disabled,0,0.0,50.0,alpha
1216,0.47144758701324463,-0.09184414893388748,0.0,-0.037714678794145584,0.4107178747653961,0.007477164268493652,0,0,0,0.00853901356458664,0.4807692307692307,0.3,120,162,wall,both,1,0,1,1,1,1,0.0,2,2,0,alpha,standard,huber,-5.856577770549308,-4.911754707421837,-1.2744270640787274,-5.769885113530861,-5.818662381925128,-1.3654133024884012,-5.7575289130163325,-5.854698106943113,-1.3688030227257395,203.64116029429277,0.00853901356458664,250,1.6819778084754944,1.0,1.0,disabled,single,3,row_8,row_9,-0.037714678794145584,-0.9959518909454346,0.6445013213490114,0.24721036650850278,0.869316237042614,0.958237212151289,0.40156372761843623,1,136,0,disabled,0,0.0,50.0,alpha
1220,0.8109799027442932,-0.2717720568180084,0.0,-0.008472440764307976,0.19525794684886932,0.00013136863708496094,0,0,0,0.008575080893933773,0.44776119402985076,0.3,120,185,wall,both,1,0,1,1,1,1,0.0,3,3,0,alpha,standard,huber,-5.553450018928217,-5.391687425736244,-1.3805800400109747,-5.445884884100815,-6.189021220954116,-1.2784589325142146,-5.533167231313422,-6.29717476121431,-1.3106866068246792,204.25171136700118,0.008575080893933773,250,1.8807806372642517,1.0,1.0,disabled,single,3,row_8,row_9,-0.008472440764307976,-1.210769772529602,0.660606601958157,0.19851430738240558,0.8709643244545533,1.202297331765294,0.40612433142952054,0,136,0,disabled,0,0.0,50.0,alpha
1224,0.18709029257297516,-0.014463958330452442,0.0,-0.0001386438962072134,0.02484794519841671,0.0005938410758972168,0,0,0,0.007629716768860817,0.4531722054380664,0.3,120,181,wall,both,1,0,1,1,1,1,0.0,3,3,0,alpha,standard,huber,-5.0458889086272345,-7.4543449944640825,-1.350738355717379,-5.2068782562713185,-6.7873071383342225,-1.3077392355025055,-5.30824912478362,-6.737557428058958,-1.3015562570132522,205.4316956175343,0.007629717700183392,250,1.2112072706222534,1.0,1.0,disabled,single,3,row_8,row_9,-0.0001386438962072134,-1.3898543119430542,0.6725322296427529,0.1675588055228506,0.8592648301536683,1.389715668046847,0.3965665996389723,0,136,0,disabled,0,0.0,50.0,alpha
1228,0.8771119117736816,-0.3179030418395996,0.0,-0.008604290895164013,0.14792388677597046,0.030277490615844727,0,0,0,0.009539284743368626,0.5,0.3,0,0,wall,both,1,0,1,1,1,1,0.0,0,0,0,alpha,standard,huber,-7.559046838013463,-6.655284532250433,-1.6629446087048219,-5.2961431325560415,-7.141247829940113,-1.3780384547868345,-5.247002226704661,-7.1574148239476765,-1.336484603734657,209.88094730052126,0.0095392856746912,250,2.008388876914978,1.0,1.0,disabled,single,3,row_9,row_8,-0.008604290895164013,-1.2645459175109863,0.6677527036258416,0.19018100455511625,0.8625588365578022,1.2559416266158223,0.3952330872457334,1,137,0,disabled,0,0.0,50.0,alpha
1232,2.0105676651000977,-1.6704058647155762,0.0,-0.0001546400599181652,0.02160310186445713,0.00353240966796875,0,0,0,0.014452864415943623,0.5,0.3,0,0,wall,both,1,0,1,1,1,1,0.0,0,0,0,alpha,standard,huber,-7.62418094837689,-7.057793669238282,-1.5003174526463734,-5.449300172581158,-7.658961441105957,-1.4322608123500378,-5.310892709069895,-7.631732842870608,-1.382107653207277,207.83412742579807,0.014452864415943623,250,3.192681908607483,0.9396488863835725,1.0,disabled,single,3,row_9,row_10,-0.0001546400599181652,-1.3945854902267456,0.66877661952373,0.16583930082317952,0.8646278725156387,1.3944308501668274,0.4021505366088992,0,137,0,disabled,0,0.0,50.0,alpha
1236,0.6387121081352234,-0.1685756891965866,0.0,-0.26539281010627747,1.0308502912521362,0.08465057611465454,0,0,0,0.008464577607810497,0.5,0.3,0,0,wall,both,1,0,1,1,1,1,0.0,0,0,0,alpha,standard,huber,-6.12718514789527,-9.310795090582973,-1.6924912601919042,-5.403952902502092,-8.366145028352964,-1.4468612304195887,-5.315714261843363,-8.278440589748243,-1.4033677607797392,212.1493529044625,0.008464577607810497,250,1.974865198135376,1.0,1.0,disabled,single,3,row_9,row_8,-0.26539281010627747,-0.49183952808380127,0.5330827151981544,0.4250598073230653,0.831834500122294,0.2264467179775238,0.3636858687613924,0,137,0,disabled,0,0.0,50.0,alpha
1240,0.38786545395851135,-0.06216512620449066,0.0,-0.1389327198266983,0.703692615032196,0.084134042263031,0,0,0,0.007810950744897127,0.5,0.3,0,0,wall,both,1,0,1,1,1,1,0.0,0,0,0,alpha,standard,huber,-6.555411569849705,-9.023676314122875,-1.6912066613766998,-5.580978567374315,-9.131694145708618,-1.4933076121727993,-5.403119527978582,-9.093803247528113,-1.4437326103805785,219.27782575684856,0.007810950744897127,250,1.5810469388961792,1.0,1.0,disabled,single,3,row_9,row_8,-0.12305435538291931,-0.7272369861602783,0.6002018153025697,0.32802286841147343,0.8611060979702866,0.604182630777359,0.3874349661014075,0,137,0,disabled,0,0.0,50.0,alpha
1244,2.610971689224243,-2.817013740539551,0.0,-0.20240262150764465,0.4791566729545593,0.19258421659469604,0,0,0,0.00994357280433178,0.5,0.3,0,0,wall,both,1,0,1,1,1,1,0.0,0,0,0,alpha,standard,huber,-7.573687113010069,-9.744107484833865,-1.9091075480243023,-5.833983586793865,-10.35202702321315,-1.6032060031543052,-5.563453279065488,-10.385750323441917,-1.5217716476153424,210.7207939760248,0.009943573735654354,250,4.381986856460571,0.6846209489599353,1.0,disabled,single,3,row_9,row_10,-0.18840284645557404,-0.9989302158355713,0.6245373487367277,0.2776839965845972,0.8771260567990649,0.8105273693799973,0.28234129892580456,0,137,0,disabled,0,0.0,50.0,alpha
1248,0.18815863132476807,-0.014629615470767021,0.0,-0.7112125158309937,1.5945883989334106,0.18923664093017578,0,0,0,0.008640209212899208,0.5,0.3,0,0,wall,both,1,0,1,1,1,1,0.0,0,0,0,alpha,standard,huber,-4.903931611369343,-10.953557774080243,-1.9299368412839477,-5.370237802359686,-11.633612539845869,-2.376128049403751,-5.426918981208507,-11.688938031747313,-2.4236483210735904,201.27554873248496,0.008640210144221783,250,1.7166986465454102,1.0,1.0,disabled,single,3,row_8,row_9,-0.7112125158309937,-1.490828514099121,0.6272491180661034,0.28764520135790556,0.8606586417330936,0.7796159982681274,-0.24480101606188215,1,138,0,disabled,0,0.0,50.0,alpha
1252,0.7446161508560181,-0.2291128933429718,0.0,-0.7470701932907104,1.7121230363845825,0.15308701992034912,0,0,0,0.010083969682455063,0.5,0.3,0,0,wall,both,1,0,1,1,1,1,0.0,0,0,0,alpha,standard,huber,-6.283897604336724,-11.336694671044878,2.4241664456760414,-6.023301637186327,-11.96200447349587,2.9970010844919885,-6.026241230087275,-12.076098452279561,3.0031331042267837,199.4562362542952,0.010083969682455063,250,1.8400512337684631,1.0,1.0,disabled,single,3,row_9,row_8,-0.7470701932907104,-1.5890933275222778,0.6462983184552106,0.2784498736382986,0.8327784115532789,0.8420231342315674,-0.31057610477179587,1,139,0,disabled,0,0.0,50.0,alpha
1256,0.7385344505310059,-0.2253856062889099,0.0,-0.20878851413726807,0.9378291368484497,0.05716657638549805,0,0,0,0.010124411433935165,0.5474452554744526,0.3,115,124,wall,both,1,0,1,1,1,1,0.0,2,2,0,alpha,standard,huber,-6.86067667184835,-10.725260637012816,1.523758946819334,-6.767877760286019,-11.639182419305506,1.9802122914323272,-6.8195180361953724,-11.782091929488654,2.02232495768902,188.44040952023468,0.010124411433935165,250,1.7593700885772705,1.0,1.0,disabled,single,3,row_9,row_8,-0.20878851413726807,-1.5438460111618042,0.6714619783219976,0.17669054963037803,0.8599234734323756,1.3350574970245361,0.18950937249211275,0,139,0,disabled,0,0.0,50.0,alpha
1260,0.2020181566476822,-0.016864188015460968,0.0,-0.09099224954843521,0.17462077736854553,0.14364176988601685,0,0,0,0.009288043715059757,0.5415162454873647,0.3,120,127,wall,both,1,0,1,1,1,1,0.0,7,7,0,alpha,standard,huber,-7.475599872938404,-8.938984145462816,1.227413780897514,-7.503095156230483,-9.656465116796754,1.2034288492689862,-7.579655694019573,-9.820798503221594,1.265481614654007,194.2606448958298,0.009288044646382332,250,1.2761588096618652,1.0,1.0,disabled,single,3,row_9,row_10,-0.09099224954843521,-1.2248835563659668,0.6553862460516873,0.21088931948533626,0.8742035313590479,1.1338913068175316,0.3315382789679378,0,139,0,disabled,0,0.0,50.0,alpha
1264,0.6798403263092041,-0.19098466634750366,0.0,-0.008726494386792183,0.19509458541870117,0.008107542991638184,0,0,0,0.00936561543494463,0.5050505050505051,0.3,120,147,wall,both,1,0,1,1,1,1,0.0,8,8,0,alpha,standard,huber,-7.10865044688678,-9.99491100577023,1.7360981626836498,-7.04532011707874,-8.787593832169716,1.2375544421501876,-7.1182142560511545,-8.720894869142318,1.2423202298983238,199.72803501019652,0.00936561543494463,250,1.789242148399353,1.0,1.0,disabled,single,3,row_9,row_10,-0.008726494386792183,-1.365301489830017,0.6724792300791687,0.17319120768825658,0.8588856487420146,1.356574995443225,0.38805755823693244,0,139,0,disabled,0,0.0,50.0,alpha
1268,0.6638892889022827,-0.1821276843547821,0.0,-0.23319154977798462,0.7190852165222168,0.17023396492004395,0,0,0,0.008446933701634407,0.4504504504504505,0.3,120,183,wall,both,1,0,1,1,1,1,0.0,11,11,0,alpha,standard,huber,-5.778184204782398,-7.295775773697928,1.1311068014405432,-6.676596677323721,-8.18125826109794,1.2293263877802532,-6.79947341107094,-8.201541788286324,1.2271918721903532,218.88844557976307,0.008446933701634407,250,2.207438826560974,1.0,1.0,disabled,single,3,row_8,row_9,-0.23319154977798462,-0.8471362590789795,0.6065942080641809,0.3282959006105158,0.846761948861493,0.6139447093009949,0.26670368219146307,1,140,0,disabled,0,0.0,50.0,alpha
1272,3.336235761642456,-4.552650451660156,0.0,-0.04083549976348877,0.24264413118362427,0.08245736360549927,0,0,0,0.010838541202247143,0.43859649122807015,0.3,120,192,wall,both,1,0,1,1,1,1,0.0,9,9,0,alpha,standard,huber,-7.0433489547128225,-8.971497757855541,1.3610941072989853,-6.818265759750165,-7.975442729017269,1.2930346318438661,-6.741746428099988,-7.886960250459365,1.242112682095331,200.15568890389056,0.010838541202247143,250,4.476188898086548,0.6702130022444809,1.0,disabled,single,3,row_9,row_8,-0.04083549976348877,-1.1673099994659424,0.6553812737089102,0.21245764776076023,0.8734819876276525,1.1264744997024536,0.3817026156707812,1,141,0,disabled,0,0.0,50.0,alpha
1276,2.677783727645874,-2.963027238845825,0.0,-0.1826745867729187,0.8636655807495117,0.06437522172927856,0,0,0,0.011065417900681496,0.45592705167173253,0.3,120,179,wall,both,1,0,1,1,1,1,0.0,10,10,0,alpha,standard,huber,-8.51546474245458,-7.087734164210698,1.3645809491317165,-6.994857783864447,-7.38833115306343,1.3878220933027978,-6.805537179727032,-7.3915752733524664,1.312492973933395,192.528468736414,0.011065417900681496,250,4.065896272659302,0.7378446961800745,1.0,disabled,single,3,row_9,row_10,-0.1826745867729187,-0.6076678037643433,0.5730005205108044,0.37461296816799705,0.8413976003998173,0.42499321699142456,0.3741940670990721,0,141,0,disabled,0,0.0,50.0,alpha
1280,1.1504343748092651,-0.5469005107879639,0.0,-0.166865274310112,0.8664299249649048,0.0032410621643066406,0,0,0,0.010730711743235588,0.5494505494505495,0.3,120,123,wall,both,1,0,1,1,1,1,0.0,4,4,0,alpha,standard,huber,-9.27921082878712,-7.1165720685736344,1.8324106342397144,-7.43593625487105,-6.441587571846457,1.558899480478045,-7.010561245378438,-6.332774701391517,1.4248950704360759,184.7278100993679,0.010730710811913013,250,3.092026948928833,0.9702373393088589,1.0,disabled,single,3,row_10,row_9,-0.166865274310112,-0.5853135585784912,0.5939380956434149,0.39085115649110813,0.7402751123757034,0.4184482842683792,0.354114906828781,1,142,0,disabled,0,0.0,50.0,alpha
1284,0.7674174308776855,-0.24335931241512299,0.0,-0.11156388372182846,0.7081564664840698,0.005481541156768799,0,0,0,0.007881437428295612,0.5415162454873647,0.3,120,127,wall,both,1,0,1,1,1,1,0.0,11,11,0,alpha,standard,huber,-9.607598841751374,-6.166641577950362,1.6363441090687907,-7.905923561801487,-6.022611060336505,1.6597023415163237,-7.4690717353618306,-5.931222867910421,1.535908148532089,201.29943815759395,0.007881437428295612,250,3.0359386205673218,0.988162270368758,1.0,disabled,single,3,row_10,row_9,-0.11156388372182846,-0.7142457365989685,0.6390045669097817,0.3497538944504842,0.7040531450342271,0.60268185287714,0.3362797939446485,0,142,0,disabled,0,0.0,50.0,alpha
1288,1.363858699798584,-0.7686406970024109,0.0,-0.09485350549221039,0.6449025273323059,0.024407029151916504,0,0,0,0.007011903449892998,0.46583850931677023,0.3,120,172,wall,both,1,0,1,1,1,1,0.0,8,8,0,alpha,standard,huber,-9.664079639680278,-6.2114265727215034,1.9624874717277017,-8.410678053466087,-5.509562401204568,1.7310871138234365,-7.976784926277923,-5.407917000881297,1.629406714958928,219.53633664810826,0.007011903915554285,250,3.1978633403778076,0.938126392744966,1.0,disabled,single,3,row_10,row_9,-0.09485350549221039,-0.7678409814834595,0.655542850432539,0.33444625555822305,0.6892332028519508,0.6729874759912491,0.32743810181627037,0,142,0,disabled,0,0.0,50.0,alpha
1292,1.8245797157287598,-1.3756574392318726,0.0,-0.12199868261814117,0.47918519377708435,0.13186442852020264,0,0,0,0.00836083386093378,0.5084745762711864,0.3,120,145,wall,both,1,0,1,1,1,1,0.0,8,8,0,alpha,standard,huber,-10.96020341156492,-5.298251569006314,2.253562801133958,-9.216787011207074,-4.454807927791183,1.857876664448032,-8.694440313763657,-4.276077436452405,1.7341773244865113,210.41499777814425,0.00836083386093378,250,3.3085230588912964,0.9067490075179696,1.0,disabled,single,3,row_10,row_9,-0.12199868261814117,-2.04833984375,0.8718970631313653,0.12701817785610808,0.3890205462462462,1.9263411611318588,0.015085226290796533,0,142,0,disabled,0,0.0,50.0,alpha
1296,0.3793415427207947,-0.05946281552314758,0.0,-0.002933558076620102,0.11067892611026764,0.007196307182312012,0,0,0,0.0068488167598843575,0.44510385756676557,0.3,120,187,wall,both,1,0,1,1,1,1,0.0,8,8,0,alpha,standard,huber,-8.370415536432146,-2.4002717526898465,1.846335952656597,-9.001502980473402,-2.8462566912645935,1.7078947754544,-8.977247532070862,-2.798608615011914,1.7351373948599385,214.3571842508064,0.0068488167598843575,250,2.026261568069458,1.0,1.0,disabled,single,3,row_9,row_8,-0.002933558076620102,-1.3254257440567017,0.6744116088901628,0.1797107177042831,0.8549299294833633,1.3224921859800816,0.39098110070919967,1,143,0,disabled,0,0.0,50.0,alpha
1300,1.9332062005996704,-1.5443332195281982,0.0,-0.0017652271781116724,0.08912213146686554,0.00020444393157958984,0,0,0,0.007381940260529518,0.43352601156069365,0.3,120,196,wall,both,1,0,1,1,1,1,0.0,7,7,0,alpha,standard,huber,-11.065867437173512,-1.7991374484389746,1.7744218439610142,-9.590932342456636,-1.83565320319402,1.8008919117993005,-9.39605021315852,-1.7788864464181104,1.7806326020923526,217.209481682617,0.0073819407261908054,250,3.8087350130081177,0.7876630927995741,1.0,disabled,single,3,row_10,row_9,-0.0017652271781116724,-1.3192654848098755,0.7862969682714374,0.2105733999450898,0.5351469014921268,1.3175002576317638,0.23865550850337228,1,144,0,disabled,0,0.0,50.0,alpha
1304,1.9988776445388794,-1.6510379314422607,0.0,-0.07540752738714218,0.26920759677886963,0.12053674459457397,0,0,0,0.01076846569776535,0.5226480836236934,0.3,120,137,wall,both,1,0,1,1,1,1,0.0,4,4,0,alpha,standard,huber,-6.347058957687325,-1.3754555140901497,1.2546440305212103,-9.286453185239148,-0.8234506345011106,1.743766809176285,-9.429839683249,-0.811704179622148,1.769044191571398,206.90512650951143,0.01076846569776535,250,4.792475461959839,0.6259812958485503,1.0,disabled,single,3,row_8,row_9,-0.07540752738714218,-1.2165875434875488,0.6580017694625582,0.2101933043813945,0.8703431709992655,1.1411800161004066,0.34314013112046954,1,145,0,disabled,0,0.0,50.0,alpha
1308,0.7010017037391663,-0.20305925607681274,0.0,-0.007894366979598999,0.1882927268743515,0.0019591450691223145,0,0,0,0.006519978865981102,0.4531722054380664,0.3,120,181,wall,both,1,0,1,1,1,1,0.0,9,9,0,alpha,standard,huber,-11.796532637849591,0.9120123799466127,1.7814589285164084,-10.140590696555051,1.0160736323254602,1.8673408130833398,-10.000402008053102,1.087855831774862,1.8383155808759648,221.75362795403237,0.006519978865981102,250,3.2904715538024902,0.9117234265505747,1.0,disabled,single,3,row_10,row_9,-0.007894366979598999,-1.6093547344207764,0.8304795059872452,0.16742623807820461,0.4664080364162849,1.6014603674411774,0.1778576599698043,1,146,0,disabled,0,0.0,50.0,alpha
1312,0.2217615693807602,-0.020321568474173546,0.0,-0.0027238349430263042,0.06647329777479172,0.02065831422805786,0,0,0,0.008243571035563946,0.5033557046979865,0.3,120,148,wall,both,1,0,1,1,1,1,0.0,2,2,0,alpha,standard,huber,-11.996450875493554,2.3665895272075654,1.9628086853155047,-11.419878912891509,1.8619616471781981,1.971935508523948,-10.915374106651086,2.0034538305212553,1.9248972712872137,176.10496596920785,0.008243571035563946,250,1.8407317996025085,1.0,1.0,disabled,single,3,row_10,row_9,-0.0027238349430263042,-1.4799467325210571,0.8121340223809941,0.18538643441226646,0.49630748624348997,1.4772228975780308,0.20536606530370502,0,146,0,disabled,0,0.0,50.0,alpha
1316,1.1024701595306396,-0.5022481679916382,0.0,-0.009214148856699467,0.19860263168811798,0.010488748550415039,0,0,0,0.00844902265816927,0.4983388704318937,0.3,120,151,wall,both,1,0,1,1,1,1,0.0,3,3,0,alpha,standard,huber,-9.379409143751829,3.5013756764838977,1.873270036085665,-10.790967091139173,2.7708613598205636,1.9253857970715633,-10.948575421026531,2.7004262212567895,1.9301831883374287,200.21960170261843,0.008449023589491844,250,3.8183271884918213,0.7856843722145646,1.0,disabled,single,3,row_9,row_8,-0.009214148856699467,-1.2033640146255493,0.667447157993932,0.2022107271424502,0.8586524288982125,1.1941498657688498,0.3950809070387067,1,147,0,disabled,0,0.0,50.0,alpha
1320,0.5532079339027405,-0.1264623999595642,0.0,-0.013426385819911957,0.146723672747612,0.046015143394470215,0,0,0,0.00973778311163187,0.5244755244755245,0.3,120,136,wall,both,1,0,1,1,1,1,0.0,2,2,0,alpha,standard,huber,-7.1645103100327345,5.141270167063958,1.4469536532604579,-10.315226393512932,3.967720567305693,1.841385736468046,-10.780230846117869,3.8765330016734563,1.8902112554774453,197.33855667456987,0.00973778311163187,250,4.441127300262451,0.6755041675618515,1.0,disabled,single,3,row_8,row_7,-0.009919248521327972,-1.2756445407867432,0.6692472137133919,0.18875091330685542,0.8606559530651914,1.2657252922654152,0.3916825113661497,1,148,0,disabled,0,0.0,50.0,alpha
1324,1.7771110534667969,-1.3050098419189453,0.0,-0.0015482455492019653,0.07570403069257736,0.008203268051147461,0,0,0,0.008890965022146702,0.5300353356890459,0.3,120,133,wall,both,1,0,1,1,1,1,0.0,1,1,0,alpha,standard,huber,-7.251120379489947,4.377691702645315,1.6233183050348154,-9.701544300433866,4.727438060848493,1.768492700823962,-10.296891242186897,4.6769306364450305,1.8335424275028744,200.5807008954574,0.008890964090824127,250,3.643621563911438,0.8233566377237848,1.0,disabled,single,3,row_8,row_9,-0.0015482455492019653,-1.3209813833236694,0.6721492981856548,0.1796566174276189,0.8583828731861751,1.3194331377744675,0.395726547666738,0,148,0,disabled,0,0.0,50.0,alpha
1328,2.648408889770508,-2.898375988006592,0.0,-0.08685874938964844,0.5982046127319336,0.042397141456604004,0,0,0,0.013492871075868607,0.5226480836236934,0.3,120,137,wall,both,1,0,1,1,1,1,0.0,1,1,0,alpha,standard,huber,-10.293788718060416,4.178756603604412,2.0205403357538465,-10.209388364139775,5.032116402539083,1.8620147964027876,-10.321035346652337,5.140982899172016,1.8527001948984392,184.4768326908212,0.013492871075868607,250,4.299009323120117,0.697835192835235,1.0,disabled,single,3,row_9,row_10,-0.08685874938964844,-0.8541251420974731,0.6282606096646078,0.29168914731297346,0.8535310577185578,0.7672663927078247,0.3779414656637769,1,149,0,disabled,0,0.0,50.0,alpha
1332,1.4337401390075684,-0.8494260311126709,0.0,-0.003900007577612996,0.12529432773590088,0.010039746761322021,0,0,0,0.012305301614105701,0.5555555555555556,0.3,120,120,wall,both,1,0,1,1,1,1,0.0,2,2,0,alpha,standard,huber,-10.176846580437612,6.887807451232613,1.5390482706626543,-10.268278249751377,5.661729285542576,1.8360911858669429,-10.340388968325314,5.594407317862886,1.8459040530388116,184.75671770820654,0.012305301614105701,250,3.5362274646759033,0.8483617159720667,1.0,disabled,single,3,row_9,row_10,-0.003900007577612996,-1.3410983085632324,0.6676486094788844,0.1753113788302699,0.8656972990408527,1.3371983009856194,0.40009326998639644,0,149,0,disabled,0,0.0,50.0,alpha
1336,0.7646584510803223,-0.24161262810230255,0.0,-0.022384319454431534,0.2997835874557495,0.02431511878967285,0,0,0,0.007572686765342951,0.5555555555555556,0.3,120,120,wall,both,1,0,1,1,1,1,0.0,2,2,0,alpha,standard,huber,-7.793530088781202,6.374197038959206,1.4930759684799115,-9.729578843756677,6.112207791142992,1.7597522130802525,-10.043753754132691,6.0184651647074805,1.8050580495462833,195.49152696565116,0.007572686765342951,250,2.1013253927230835,1.0,1.0,disabled,single,3,row_8,row_9,-0.022384319454431534,-1.1222991943359375,0.6580851798618705,0.21907617507790741,0.865566132163766,1.099914874881506,0.3960365839030483,1,150,0,disabled,0,0.0,50.0,alpha
1340,0.009683641605079174,-3.8749138184357435e-05,0.0,-0.015008785761892796,0.13623476028442383,0.05163979530334473,0,0,0,0.011588078923523426,0.5,0.3,0,0,wall,both,1,0,1,1,1,1,0.0,0,0,0,alpha,standard,huber,-10.052896755834013,5.475147846025007,1.429643100314788,-10.117033082332403,6.731736640091634,1.7931083678911135,-10.1585115486225,6.722753883005705,1.8037898680848725,190.2110197771822,0.011588079854846,250,1.8107203245162964,1.0,1.0,disabled,single,3,row_9,row_10,-0.015008785761892796,-1.2534846067428589,0.6675298008575538,0.19346724347570504,0.861883733612804,1.238475820980966,0.3891624584629381,1,151,0,disabled,0,0.0,50.0,alpha
1344,1.1688408851623535,-0.5645409226417542,0.0,-0.11149545758962631,0.2779529392719269,0.1520201563835144,0,0,0,0.013747788034379482,0.6329113924050632,0.3,87,87,wall,both,1,0,1,1,1,1,0.0,3,3,0,alpha,standard,huber,-12.807184354714549,6.366397957883073,2.273535489480464,-11.031483531193778,7.6826142503689345,1.9556723453187088,-10.777010039535238,7.8337449717821315,1.8917237367756092,181.2240770906268,0.013747788034379482,250,4.007254600524902,0.7486422249305138,1.0,disabled,single,3,row_10,row_9,-0.11149545758962631,-1.7848021984100342,0.8403313603049235,0.15766768361382702,0.4498715034359776,1.6733067408204079,0.06246353078709105,1,152,0,disabled,0,0.0,50.0,alpha
1348,1.7677394151687622,-1.2912821769714355,0.0,-0.3524019718170166,1.2238047122955322,0.06926149129867554,0,0,0,0.020540932193398476,0.641025641025641,0.3,84,84,wall,both,1,0,1,1,1,1,0.0,3,3,0,alpha,standard,huber,-8.159526295755052,8.31842508316818,2.131895173677079,-10.497293913189258,8.232755894485148,2.1205181298050606,-10.708268581404583,8.309210463412889,2.186174036626891,156.0172512756159,0.020540932193398476,250,4.827082633972168,0.6214934003587429,1.0,disabled,single,3,row_8,row_9,-0.3524019718170166,-1.3962962627410889,0.654891748711042,0.23057487843800986,0.8636819387825418,1.0438942909240723,0.07088335433176551,1,153,0,disabled,0,0.0,50.0,alpha
1352,2.5675363540649414,-2.724067211151123,0.0,-2.4254202842712402,3.1775760650634766,0.21095728874206543,0,0,0,0.009619006887078285,0.6944444444444444,0.3,66,66,wall,both,1,0,1,1,1,1,0.0,2,2,0,alpha,standard,huber,-11.380094680518951,9.697464588593139,2.3424161734701245,-10.847870130813167,8.534329149901652,2.3457851104726406,-10.833701205677816,8.50184462633745,2.3723820994062015,205.76219775687315,0.009619006887078285,250,4.169853210449219,0.7194497860217985,1.0,disabled,single,3,row_9,row_10,-2.4254202842712402,-3.07975435256958,0.611847020952078,0.31803079483735713,0.8512730733510059,0.6543340682983398,-1.9341472907902018,1,154,1,disabled,0,0.0,50.0,alpha
1356,1.7535399198532104,-1.2706208229064941,0.0,-2.1189157962799072,3.025362253189087,0.14427173137664795,0,0,0,0.009130282327532768,0.6521739130434783,0.3,58,80,wall,both,1,0,1,1,1,1,0.0,1,1,0,alpha,standard,huber,-12.185818546220956,9.262447548888819,2.258741001040164,-11.50046461278841,8.965806622874593,2.7561199786810837,-11.33563143352433,8.887925975213394,2.7597574810283927,193.27305286685896,0.009130282327532768,250,2.7369563579559326,1.0,1.0,disabled,single,3,row_10,row_9,-2.1189157962799072,-2.4341893196105957,0.5679020833581029,0.4143352762435195,0.7579801192750673,0.3152735233306885,-1.5531095327042799,1,155,1,disabled,0,0.0,50.0,alpha
1360,0.3224116861820221,-0.042954254895448685,0.0,-1.5630786418914795,2.363571882247925,0.2807167172431946,0,0,0,0.008071478456258774,0.5,0.3,0,0,wall,both,1,0,1,1,1,1,0.0,0,0,0,alpha,standard,huber,-12.336220630733253,8.612991659112062,-2.194717642536544,-12.098059172985892,9.183960916882281,-2.869218306273426,-11.989441997526793,9.144896929344245,-2.9047377084074943,202.02141251418684,0.008071478456258774,250,0.9092637598514557,1.0,1.0,disabled,single,3,row_10,row_9,-1.5630786418914795,-2.1216437816619873,0.6298867898561537,0.36031367258955166,0.7042713141193332,0.5585651397705078,-1.1008634675061595,0,155,0,disabled,0,0.0,50.0,alpha
1364,0.43903765082359314,-0.07965043932199478,0.0,-0.06517551094293594,0.5415567755699158,0.0005750060081481934,0,0,0,0.012357578612864017,0.5,0.3,0,0,wall,both,1,0,1,1,1,1,0.0,0,0,0,alpha,standard,huber,-12.029053862252653,6.404508781064662,-1.3927777127541001,-12.529817903948473,8.75069603405134,-2.052598499257049,-12.534468070522994,8.868266357434594,-2.16496038551639,193.08845891854708,0.012357578612864017,250,2.6443477869033813,1.0,1.0,disabled,single,3,row_10,row_9,-0.06517551094293594,-0.854169487953186,0.6815794823835006,0.3096426516377639,0.6658514420237557,0.7889939770102501,0.31816689511405644,0,155,0,disabled,0,0.0,50.0,alpha
1368,3.097719430923462,-3.9612882137298584,0.0,-1.9242908954620361,2.9425601959228516,0.005939960479736328,0,0,0,0.008674245327711105,0.5,0.3,0,0,wall,both,1,0,1,1,1,1,0.0,0,0,0,alpha,standard,huber,-15.470501682058915,6.624797600070199,-1.3176422105824352,-13.688943508009732,6.826966998559675,-0.9557400561247397,-13.732954036788737,6.911446224212762,-1.01459773435435,207.58408850481726,0.008674245327711105,250,5.02345871925354,0.5971980994890677,1.0,disabled,single,3,row_10,row_9,-1.9242908954620361,-6.417904853820801,0.988935844137276,0.01105646695679365,0.06089977008479951,4.493613958358765,-1.9131650765720845,0,155,1,disabled,0,0.0,50.0,alpha
1372,2.8801610469818115,-3.427821159362793,0.0,-0.8161250352859497,0.3962198495864868,0.43749672174453735,0,0,0,0.01111441757529974,0.5,0.3,0,0,wall,both,1,0,1,1,1,1,0.0,0,0,0,alpha,standard,huber,-12.793299827044994,5.0879039381865105,-0.479563614436207,-13.330294655228148,6.14229656714867,-0.7955812890167393,-13.449910306243183,6.389355862136499,-0.8862622677898946,177.57998658882946,0.01111441757529974,250,4.443507194519043,0.6751423748566057,1.0,disabled,single,3,row_10,row_9,-0.7888452410697937,-2.4788265228271484,0.8430956392958434,0.15557051802288516,0.4421881130585247,1.6899812817573547,-0.6181703647764172,0,155,0,disabled,0,0.0,50.0,alpha
1376,1.8864933252334595,-1.470602035522461,0.0,-0.21480149030685425,0.9506098031997681,0.05854189395904541,0,0,0,0.00861237570643425,0.5,0.3,0,0,wall,both,1,0,1,1,1,1,0.0,0,0,0,alpha,standard,huber,-13.33607992992782,4.95713611175252,-1.109082987408359,-13.199536339172807,5.827994487777172,-0.7628588993962865,-13.237934443035048,5.989610698077735,-0.789415983634771,205.8381810405601,0.00861237570643425,250,3.005637764930725,0.9981242699980332,1.0,disabled,single,3,row_10,row_9,-0.21480149030685425,-2.664989948272705,0.9202151177255093,0.07939369907446776,0.28071416599765536,2.450188457965851,-0.13165367765000668,0,155,0,disabled,0,0.0,50.0,alpha
1380,2.8863790035247803,-3.4426379203796387,0.0,-1.6628527641296387,2.725383996963501,0.054780781269073486,0,0,0,0.025128010660409927,0.5,0.3,0,0,wall,both,1,0,1,1,1,1,0.0,0,0,0,alpha,standard,huber,-15.256888168187077,6.58244863337546,-1.7592221572297566,-13.558978269208366,5.808441805708122,-0.8898516086273466,-13.331804486846492,5.806596482054033,-0.8066143627571365,145.86361809323697,0.025128010660409927,250,5.279320955276489,0.5682548997142538,1.0,disabled,single,3,row_10,row_9,-1.6628527641296387,-5.929145812988281,0.9861487655234722,0.01383932492875635,0.07312554005294143,4.266293048858643,-1.6489047061820767,0,155,1,disabled,0,0.0,50.0,alpha
1384,2.1941404342651367,-1.9893605709075928,0.0,-0.29622524976730347,1.1532453298568726,0.012862563133239746,0,0,0,0.010911166667938232,0.5,0.3,0,0,wall,both,1,0,1,1,1,1,0.0,0,0,0,alpha,standard,huber,-13.48412176577448,4.4840701152039495,-1.2923867024059683,-13.288986130079088,5.32321410514893,-0.8893110316140079,-13.227252494275952,5.456222132265592,-0.8353707722811512,185.33948137351902,0.010911167599260807,250,3.4129661321640015,0.8790008115603072,1.0,disabled,single,3,row_10,row_9,-0.29622524976730347,-3.0259463787078857,0.9385280019725137,0.06122720173633782,0.23259574395126387,2.7297211289405823,-0.2327826633112242,0,155,0,disabled,0,0.0,50.0,alpha
1388,1.7390527725219727,-1.2497127056121826,0.0,-0.2545062303543091,1.0687531232833862,0.012875020503997803,0,0,0,0.009402175433933735,0.5555555555555556,0.3,120,120,wall,both,1,0,1,1,1,1,0.0,1,1,0,alpha,standard,huber,-13.351764602771334,4.084776331757944,-1.2923088181095705,-13.207605350626558,4.901233976043382,-1.0470776865205962,-13.138386690806282,5.064699478128498,-0.9463460911763786,193.06856476832826,0.009402175433933735,250,2.7903499603271484,1.0,1.0,disabled,single,3,row_10,row_9,-0.2545062303543091,-2.9314777851104736,0.9353873478285156,0.06432762492064549,0.24130539984407645,2.6769715547561646,-0.1877116706247752,0,155,0,disabled,0,0.0,50.0,alpha
1392,0.25855502486228943,-0.027624256908893585,0.0,-0.07934940606355667,0.584358274936676,0.02914118766784668,0,0,0,0.008374630473554134,0.5555555555555556,0.3,120,120,wall,both,1,0,1,1,1,1,0.0,1,1,0,alpha,standard,huber,-12.82824013790224,3.8968026481730345,-1.1301236885976982,-12.922442509483313,4.377276954415857,-1.0907591754138262,-12.951655762947468,4.592310924655253,-1.0143943162718996,181.66239000567506,0.008374630473554134,250,1.0371381640434265,1.0,1.0,disabled,single,3,row_10,row_9,-0.07934940606355667,-2.2051901817321777,0.8926732804286183,0.10652501826849962,0.3456139868032304,2.125840775668621,0.03418522636904757,0,155,0,disabled,0,0.0,50.0,alpha
1396,4.1191253662109375,-6.493699550628662,0.0,-0.3613375127315521,0.14436334371566772,0.29562312364578247,0,0,0,0.025182511657476425,0.5,0.3,0,0,wall,both,1,0,1,1,1,1,0.0,0,0,0,alpha,standard,huber,-12.475907451533175,4.54922670603249,-0.6636981770711152,-12.21930892121732,3.118207934629363,-1.096969589641022,-12.148437458678927,3.1377268514278236,-1.070545214795478,156.15831776576638,0.025182511657476425,218,5.8478920459747314,0.5130053661070888,1.0,disabled,single,3,row_10,row_9,-0.2796686291694641,-1.862829327583313,0.8279213273884295,0.1699930300027324,0.47044358245097373,1.5831606984138489,-0.09083148482698833,0,155,0,disabled,0,0.0,50.0,alpha
1400,3.003840208053589,-3.728529214859009,0.0,-0.4224308133125305,1.2133674621582031,0.15277153253555298,0,0,0,0.0094901816919446,0.5555555555555556,0.3,120,120,wall,both,1,0,1,1,1,1,0.0,4,4,0,alpha,standard,huber,-10.567495202499844,2.1729731549120936,-0.8189857820989368,-11.559564991504068,2.255815368782894,-1.0051160435694868,-11.613250327389222,2.2661109138771365,-1.0064420625720927,198.2399610607056,0.0094901816919446,250,4.21081805229187,0.71245063613403,1.0,disabled,single,3,row_9,row_10,-0.4224308133125305,-0.4736068844795227,0.4969758941714709,0.4721824469659522,0.8091079930671563,0.05117607116699219,0.276782943422367,1,156,0,disabled,0,0.0,50.0,alpha
1404,0.8772853016853333,-0.3180287182331085,0.0,-0.26798802614212036,1.095340609550476,0.018335819244384766,0,0,0,0.007961823605000973,0.551470588235294,0.3,120,122,wall,both,1,0,1,1,1,1,0.0,2,2,0,alpha,standard,huber,-11.006635253725836,3.359324731334809,-1.180339241323877,-11.233789824029062,2.167832927688706,-0.989833509986838,-11.318971189031787,2.076873911176458,-0.991506512807395,218.6997457947834,0.007961823605000973,250,2.445018172264099,1.0,1.0,disabled,single,3,row_10,row_9,-0.26798802614212036,-0.4578850269317627,0.5354644903895086,0.4428528623760649,0.7782451929768902,0.18989700078964233,0.35663267628159656,1,157,0,disabled,0,0.0,50.0,alpha
1408,0.7133020758628845,-0.21024787425994873,0.0,-0.12137757986783981,0.7338942885398865,0.020339250564575195,0,0,0,0.008554607629776001,0.528169014084507,0.3,88,134,wall,both,1,0,1,1,1,1,0.0,2,2,0,alpha,standard,huber,-12.444598861612398,1.202574079518151,-1.4995590681857953,-11.35554383131763,1.3429570281383514,-1.1071404081611012,-11.195033152847532,1.4530069331015383,-1.0418814435448764,191.65921844489458,0.008554607629776001,250,2.155622959136963,1.0,1.0,disabled,single,3,row_10,row_9,-0.12121149897575378,-2.3345232009887695,0.9008577140435977,0.09849793889982458,0.32708151349132936,2.2133117020130157,-0.016803545090870023,0,157,0,disabled,0,0.0,50.0,alpha
1412,2.6892104148864746,-2.9883687496185303,0.0,-0.2832409739494324,0.9680478572845459,0.135547935962677,0,0,0,0.04260740056633949,0.5454545454545454,0.3,120,125,wall,both,1,0,1,1,1,1,0.0,1,1,0,alpha,standard,huber,-10.52616429949213,3.28404249469445,-0.886548886615008,-11.063562726331714,1.268683711626485,-1.1085101703557758,-10.99038891837343,1.1252057423028612,-1.0680403739624218,113.6971957728328,0.04260740056633949,250,4.241528511047363,0.7072921924693625,1.0,disabled,single,3,row_9,row_10,-0.2737574279308319,-0.5894668102264404,0.552121987827161,0.40264675214366064,0.8342733559619259,0.3157093822956085,0.3202288367489331,1,158,0,disabled,0,0.0,50.0,alpha
1416,3.367003917694092,-4.628934860229492,0.0,-0.16829261183738708,0.7846052646636963,0.0878373384475708,0,0,0,0.00943937711417675,0.5474452554744526,0.3,120,124,wall,both,1,0,1,1,1,1,0.0,1,1,0,alpha,standard,huber,-11.017660271538047,1.7771477985079427,-1.804666330679021,-10.977092686059795,1.150253076397456,-1.1966479357805881,-10.8844113134313,0.9595543782854915,-1.1350320605583466,195.5926226874583,0.00943937711417675,250,4.209227800369263,0.7127198009423057,1.0,disabled,single,3,row_10,row_9,-0.16829261183738708,-0.6981345415115356,0.6213137324169944,0.3657661628372782,0.7197576007285226,0.5298419296741486,0.3076265076040978,1,159,0,disabled,0,0.0,50.0,alpha
1420,3.4821388721466064,-4.914394378662109,0.0,-0.060357701033353806,0.5211451649665833,0.0009725689888000488,0,0,0,0.008724834769964218,0.5555555555555556,0.3,120,120,wall,both,1,0,1,1,1,1,0.0,1,1,0,alpha,standard,huber,-12.04030021864244,0.3937276829202588,-1.4970555958114042,-11.228624922459343,0.5146523004847242,-1.3105061925979644,-10.99981863767406,0.5561220305727266,-1.2176894643076215,193.4990013340154,0.008724835701286793,250,4.6136415004730225,0.6502455814333253,1.0,disabled,single,3,row_10,row_9,-0.060357701033353806,-2.0364129543304443,0.8773088812718309,0.12160813648792428,0.3784534277222971,1.9760552532970905,0.07053844545085583,0,159,0,disabled,0,0.0,50.0,alpha
1424,1.4092994928359985,-0.8207128643989563,0.0,-0.08775132149457932,0.6280396580696106,0.004933834075927734,0,0,0,0.00651559978723526,0.5154639175257733,0.3,120,141,wall,both,1,0,1,1,1,1,0.0,1,1,0,alpha,standard,huber,-11.883464464811249,-1.310030371524907,-1.504691488919911,-11.31709639269107,-0.8441675022451807,-1.4323040421305995,-10.982412197895453,-0.734746653641146,-1.3205262901084969,205.61340893069575,0.006515600252896547,250,2.5607571601867676,1.0,1.0,disabled,single,3,row_10,row_9,-0.08775132149457932,-2.206911087036133,0.8921028408232834,0.10717056736705619,0.3464536421448928,2.1191597655415535,0.026422539150422322,0,159,0,disabled,0,0.0,50.0,alpha
1428,3.742766857147217,-5.5605788230896,0.0,-0.21975791454315186,0.9944398403167725,3.4332275390625e-05,0,0,0,0.0060941907577216625,0.5263157894736842,0.3,120,135,wall,both,1,0,1,1,1,1,0.0,3,3,0,alpha,standard,huber,-12.243808601559607,-1.37667698963289,-1.3970296346713669,-11.620487008375063,-1.413388205038168,-1.511986061703943,-11.282609382158315,-1.3065053320407207,-1.416054819139743,222.49482309998993,0.0060941907577216625,250,4.623132228851318,0.6489107063125019,1.0,disabled,single,3,row_10,row_9,-0.21975791454315186,-2.749833106994629,0.9259169828013762,0.07375209390679102,0.2661954663609581,2.530075192451477,-0.14278721478586548,0,159,0,disabled,0,0.0,50.0,alpha
1432,2.6801536083221436,-2.9682741165161133,0.0,-0.14410051703453064,0.8052422404289246,0.0014231204986572266,0,0,0,0.011525282636284828,0.4885993485342019,0.3,119,157,wall,both,1,0,1,1,1,1,0.0,3,3,0,alpha,standard,huber,-12.160895383653802,-0.724590559480734,-1.351957819363991,-11.817807459692522,-1.921377398037065,-1.5836937326792266,-11.532001534878841,-1.9329547894808472,-1.496688504262937,209.26024438369976,0.011525282636284828,250,3.7295877933502197,0.8043784370350364,1.0,disabled,single,3,row_10,row_9,-0.14410051703453064,-2.4521961212158203,0.909051282875332,0.09040557222986399,0.3080501188679597,2.3080956041812897,-0.04874674744304999,0,159,0,disabled,0,0.0,50.0,alpha
1436,3.075831174850464,-3.9070193767547607,0.0,-1.2035925388336182,2.306455612182617,0.0724571943283081,0,0,0,0.007380825001746416,0.5597014925373135,0.3,85,118,wall,both,1,0,1,1,1,1,0.0,2,2,0,alpha,standard,huber,-13.43068168799809,-2.1852889251818017,-1.770404523663447,-12.095704894405,-2.5989485411035442,-1.6690929630117153,-11.820389489393214,-2.5908433371285398,-1.5884537317457115,224.63110676144345,0.0073808240704238415,250,4.718148469924927,0.6358426444447465,1.0,disabled,single,3,row_10,row_9,-1.2035925388336182,-5.210254192352295,0.9821138231546187,0.017868610276863494,0.08983357174090145,4.006661653518677,-1.1855444710150451,0,159,0,disabled,0,0.0,50.0,alpha
1440,0.11550085246562958,-0.005512581672519445,0.0,-0.018684586510062218,0.28996649384498596,5.888938903808594e-05,0,0,0,0.00850249920040369,0.5263157894736842,0.3,120,135,wall,both,1,0,1,1,1,1,0.0,1,1,0,alpha,standard,huber,-11.134039827506118,-3.4695514747989993,-1.3888799249720125,-11.741596224427557,-3.1669505557626096,-1.446743111370044,-11.781114520363761,-3.1376854005160757,-1.5136747651921163,188.55025002141468,0.008502500131726265,250,1.3026927709579468,1.0,1.0,disabled,single,3,row_10,row_9,-0.018684586510062218,-1.7238576412200928,0.8449434883921558,0.15356081734611607,0.43981103430520674,1.7051730547100306,0.1498009449937294,0,159,0,disabled,0,0.0,50.0,alpha
1444,0.14799471199512482,-0.00905059278011322,0.0,-0.17901186645030975,0.8960443139076233,0.012029469013214111,0,0,0,0.00789081584662199,0.5136986301369862,0.3,120,142,wall,both,1,0,1,1,1,1,0.0,2,2,0,alpha,standard,huber,-11.610754551616536,-4.190884983705172,-1.2227593271317814,-11.611048553955365,-4.12274645939297,-1.443852884935729,-11.66255264867289,-4.117103478579915,-1.4902392568701415,197.91781731646032,0.00789081584662199,250,0.9708163738250732,1.0,1.0,disabled,single,3,row_10,row_9,-0.17901186645030975,-2.5251731872558594,0.9122380229989222,0.08733398049793063,0.3000343366943822,2.3461613208055496,-0.08715753362090191,0,159,0,disabled,0,0.0,50.0,alpha
1448,0.9785782694816589,-0.3957088589668274,0.0,-0.049701035022735596,0.35006967186927795,0.07419335842132568,0,0,0,0.00799577683210373,0.5454545454545454,0.3,120,125,wall,both,1,0,1,1,1,1,0.0,1,1,0,alpha,standard,huber,-10.142350163978724,-5.161192837891492,-1.79502496528889,-11.02698450709072,-4.937061170915973,-1.3310981056965832,-11.280069252305475,-4.975861610902399,-1.41907282246156,194.34564017939405,0.00799577683210373,250,2.4269330501556396,1.0,1.0,disabled,single,3,row_10,row_9,-0.049701035022735596,-1.046960711479187,0.7263025980343172,0.26792498998811054,0.6148882383883354,0.9972596764564514,0.27008751427214417,0,159,0,disabled,0,0.0,50.0,alpha
1452,2.1583681106567383,-1.925022006034851,0.0,-0.43121370673179626,1.3912405967712402,0.016352057456970215,0,0,0,0.005786392837762833,0.5016722408026756,0.3,120,149,wall,both,1,0,1,1,1,1,0.0,1,1,0,alpha,standard,huber,-11.861882323501487,-5.435868154350091,-1.5884829262858338,-11.063629470753925,-5.872870173195994,-1.3419914204092074,-11.098958348161641,-5.8751653869532765,-1.3692993518368408,226.524935109942,0.00578639330342412,250,3.226269006729126,0.9298666644792515,1.0,disabled,single,3,row_10,row_9,-0.43121370673179626,-3.3749210834503174,0.9498189647282942,0.05002705836113361,0.20009268771397043,2.943707376718521,-0.3797298307408248,0,159,0,disabled,0,0.0,50.0,alpha
1456,3.0005788803100586,-3.7204434871673584,0.0,-0.33156296610832214,1.221483588218689,0.0007766485214233398,0,0,0,0.007189413066953421,0.46583850931677023,0.3,120,172,wall,both,1,0,1,1,1,1,0.0,1,1,0,alpha,standard,huber,-11.48805479407276,-6.617356195771759,-1.3610810575501338,-10.697891400673758,-7.457192548584343,-1.3239252046266698,-10.720771422585628,-7.516812503694568,-1.3274808313084454,227.24247823126913,0.007189413066953421,250,4.470070123672485,0.6711304111567904,1.0,disabled,single,3,row_10,row_9,-0.33156296610832214,-3.0789544582366943,0.9395583358228418,0.06022083671199465,0.22964077055884205,2.747391492128372,-0.2692175964659326,0,159,0,disabled,0,0.0,50.0,alpha
1460,1.5465322732925415,-0.9883314371109009,0.0,-8.597240447998047,5.711297988891602,0.5748083591461182,0,0,0,0.010862668976187706,0.5,0.3,0,0,wall,both,1,0,1,1,1,1,0.0,0,0,0,alpha,standard,huber,-15.99104927189812,-6.9239574851896535,-2.532118960078747,-11.033706517028033,-8.12954857334756,-1.4262035073794264,-10.808510329060482,-8.193720520387995,-1.371990770604758,223.20735334199165,0.010862668976187706,250,7.0345618724823,0.4264657919543444,1.0,disabled,single,3,row_10,row_9,-8.597240447998047,-16.158540725708008,0.9994800617669529,0.0005199279305148429,0.004451594117425818,7.561300277709961,-8.596720374550246,0,159,1,disabled,0,0.0,50.0,alpha
1464,2.2640280723571777,-2.1181087493896484,0.0,-1.033108115196228,2.1559832096099854,0.006274998188018799,0,0,0,0.006101686041802168,0.5555555555555556,0.3,120,120,wall,both,1,0,1,1,1,1,0.0,1,1,0,alpha,standard,huber,-11.808357106126104,-9.935470006646808,-1.5215763595188896,-11.121500823060668,-9.668495812664117,-1.4830305112138569,-10.845319280369464,-9.676599364456436,-1.4184690222408354,218.15355516222186,0.006101686041802168,250,3.633932590484619,0.8255519125080748,1.0,disabled,single,3,row_10,row_9,-1.033108115196228,-4.7414422035217285,0.9760351198510338,0.02393075569677621,0.1133501060510243,3.7083340883255005,-1.0088514054337225,0,159,0,disabled,0,0.0,50.0,alpha
1468,1.3519303798675537,-0.7552544474601746,0.0,-0.006887455005198717,0.17542824149131775,0.0034489035606384277,0,0,0,0.00982500147074461,0.5,0.3,0,0,wall,both,1,0,1,1,1,1,0.0,0,0,0,alpha,standard,huber,-9.489731364964243,-9.668448743286174,-1.326414546868055,-10.348033257297985,-10.556801848762317,-1.3166774670524453,-10.509688661692138,-10.565379258902208,-1.3468325189590695,184.51835429604068,0.00982500147074461,250,3.0506380796432495,0.9834008235912497,1.0,disabled,single,3,row_10,row_9,-0.006887455005198717,-1.1705883741378784,0.7585394712252522,0.23691322073153173,0.5753245117168192,1.1637009191326797,0.2694729880119828,0,159,0,disabled,0,0.0,50.0,alpha
1472,0.25784534215927124,-0.02747281827032566,0.0,-0.2020958960056305,0.9526419043540955,0.01018381118774414,0,0,0,0.00700158067047596,0.5,0.3,0,0,wall,both,1,0,1,1,1,1,0.0,0,0,0,alpha,standard,huber,-10.472088495800717,-10.553069410400262,-1.2666545154238624,-10.519916978041786,-10.62351806346649,-1.3921094975182824,-10.515314235684444,-10.597355601412563,-1.3694710082386758,189.61654180180255,0.00700158067047596,250,0.949088454246521,1.0,1.0,disabled,single,3,row_10,row_9,-0.2020958960056305,-2.7031219005584717,0.9238369667837079,0.07575539088426295,0.27183527256115825,2.501026004552841,-0.12287623022252726,0,159,0,disabled,0,0.0,50.0,alpha
1476,1.625088095664978,-1.0912857055664062,0.0,-1.0257337093353271,2.102903366088867,0.10266649723052979,0,0,0,0.006743628066033125,0.5,0.3,0,0,wall,both,1,0,1,1,1,1,0.0,0,0,0,alpha,standard,huber,-11.53356870735291,-10.997868486373306,-1.8665973010885322,-10.658248494329243,-11.398207587527024,-1.398999120308075,-10.52414683348424,-11.379737963534303,-1.3719371251395687,221.2425465828275,0.006743628066033125,250,2.767963409423828,1.0,1.0,disabled,single,3,row_10,row_9,-1.0257337093353271,-4.88417911529541,0.9793035648902957,0.02066406631521841,0.10097874162708495,3.858445405960083,-1.0048201013166458,0,159,0,disabled,0,0.0,50.0,alpha
1480,0.6995753645896912,-0.20223376154899597,0.0,-0.13923394680023193,0.7909723520278931,0.007060050964355469,0,0,0,0.012743096798658371,0.5,0.3,0,0,wall,both,1,0,1,1,1,1,0.0,0,0,0,alpha,standard,huber,-10.326573928048994,-10.479334108789901,-1.5283892905991505,-10.50255406867415,-11.242587146332827,-1.331156247134286,-10.50061959871336,-11.362120922280397,-1.3499420643460331,173.90639000764375,0.012743096798658371,250,1.7823036313056946,1.0,1.0,disabled,single,3,row_10,row_9,-0.13923394680023193,-2.4638712406158447,0.9103761739838148,0.08905201153279843,0.30512688698051244,2.324637293815613,-0.04533655991603433,0,159,0,disabled,0,0.0,50.0,alpha
1484,0.11454319208860397,-0.005421546753495932,0.0,-0.24274849891662598,1.04500412940979,0.004268229007720947,0,0,0,0.00801153015345335,0.5,0.3,0,0,wall,both,1,0,1,1,1,1,0.0,0,0,0,alpha,standard,huber,-10.190055659812458,-11.074774495581366,-1.3170655280003964,-10.17221120075886,-11.663703986614,-1.2233388454719638,-10.256173953113628,-11.812251365088159,-1.2804439802127852,197.58594025217903,0.008011531084775925,250,1.0529547929763794,1.0,1.0,disabled,single,3,row_10,row_9,-0.24274849891662598,-2.542205810546875,0.9082945325569483,0.09111399268346043,0.31003879038912086,2.299457311630249,-0.14656192100028403,0,159,0,disabled,0,0.0,50.0,alpha
1488,0.25819656252861023,-0.027547713369131088,0.0,-1.0352672338485718,2.1571223735809326,0.017345011234283447,0,0,0,0.00628165528178215,0.5,0.3,0,0,wall,both,1,0,1,1,1,1,0.0,0,0,0,alpha,standard,huber,-10.53747029583215,-12.160157327610285,-1.596014104098139,-10.271892618454292,-11.729985919660226,-1.2739662683011277,-10.2621159623367,-11.77605251845124,-1.2770799911046995,223.90923449819724,0.006281654350459576,250,1.014036238193512,1.0,1.0,disabled,single,3,row_10,row_9,-1.0352672338485718,-3.936554193496704,0.9477302874154276,0.05208010401850071,0.20639952106472445,2.9012869596481323,-0.9815819096959262,0,159,0,disabled,0,0.0,50.0,alpha
1492,3.5512828826904297,-5.085825443267822,0.0,-0.2899084985256195,1.0660096406936646,0.09569847583770752,0,0,0,0.014818781055510044,0.5,0.3,0,0,wall,both,1,0,1,1,1,1,0.0,0,0,0,alpha,standard,huber,-10.10664243130658,-11.153729244029712,-0.9684356800217975,-10.214641920784427,-11.547563578319753,-1.264942675805761,-10.23581791361529,-11.651002932974402,-1.2710061780478368,121.11454988116247,0.014818781055510044,169,4.179966926574707,0.717709028013378,1.0,disabled,single,3,row_10,row_9,-0.2899084985256195,-2.482574701309204,0.8989588049940432,0.10034066108610405,0.33154547116526867,2.1926662027835846,-0.18339042982174575,0,159,0,disabled,0,0.0,50.0,alpha
1496,2.2464208602905273,-2.085292100906372,0.0,-0.4725164771080017,1.458191990852356,8.493661880493164e-05,0,0,0,0.032410819083452225,0.5,0.3,0,0,wall,both,1,0,1,1,1,1,0.0,0,0,0,alpha,standard,huber,-9.08049737061099,-11.600368392583206,-1.4225248929576306,-10.070363759475361,-11.611193876476985,-1.2006992423071114,-10.14481812883833,-11.629107951900824,-1.235852710177474,97.54073910339388,0.032410819083452225,122,3.391009211540222,0.8846923770629856,1.0,disabled,single,3,row_10,row_9,-0.4725164771080017,-1.6271742582321167,0.756776875429021,0.23850986697189072,0.578021261472203,1.154657781124115,-0.1938296596739451,0,159,0,disabled,0,0.0,50.0,alpha
1500,1.5132465362548828,-0.9462459087371826,0.0,-0.4732966125011444,1.4593737125396729,0.0018527507781982422,0,0,0,0.02239774540066719,0.5,0.3,0,0,wall,both,1,0,1,1,1,1,0.0,0,0,0,alpha,standard,huber,-10.737394880865525,-11.113066819175383,-1.3486090903079313,-10.192502875201937,-11.546942878259074,-1.1786167378221846,-10.170962681492963,-11.584152920578788,-1.2072337966997575,82.34159562987875,0.02239774540066719,97,2.1428189277648926,1.0,1.0,disabled,single,3,row_10,row_9,-0.4732966125011444,-3.3935508728027344,0.9486664944780393,0.05115207447003428,0.2036284351133741,2.92025426030159,-0.42059864199474695,0,159,0,disabled,0,0.0,50.0,alpha
1504,0.8979367613792419,-0.3331778645515442,0.0,-0.9373047947883606,2.0533618927001953,0.009264230728149414,0,0,0,0.02407575398683548,0.5,0.3,0,0,wall,both,1,0,1,1,1,1,0.0,0,0,0,alpha,standard,huber,-9.814381388566193,-12.268542284135313,-1.273267060594465,-10.097702570052492,-11.766052825330606,-1.1870624918779114,-10.1305012720941,-11.684640335746593,-1.197145303030832,66.94957444961047,0.02407575398683548,80,1.395114004611969,1.0,1.0,disabled,single,3,row_10,row_9,-0.9373047947883606,-3.038971424102783,0.8903055535543021,0.10884208748161128,0.3508653530012679,2.1016666293144226,-0.821114238212403,0,159,0,disabled,0,0.0,50.0,alpha
1508,2.2645957469940186,-2.119171142578125,0.0,-0.2687601149082184,1.0997365713119507,4.2557716369628906e-05,0,0,0,0.06253314763307571,0.5,0.3,0,0,wall,both,1,0,1,1,1,1,0.0,0,0,0,alpha,standard,huber,-10.346651468971393,-11.013829075934222,-1.400262617277116,-10.19766899328951,-11.377115817503132,-1.1657111047277888,-10.167443518751575,-11.51550185071269,-1.1814282038793102,33.319876609892056,0.06253314763307571,80,3.1207233667373657,0.961315582142233,1.0,disabled,single,3,row_10,row_9,-0.2687601149082184,-2.7326366901397705,0.9211704209465539,0.07839565327795035,0.27859153457360775,2.463876575231552,-0.1866498940936958,0,159,0,disabled,0,0.0,50.0,alpha
1512,6.3029937744140625,-11.908248901367188,0.0,-0.2712935209274292,1.1049072742462158,0.0002015829086303711,0,0,0,0.027631763368844986,0.5,0.3,0,0,wall,both,1,0,1,1,1,1,0.0,0,0,0,alpha,standard,huber,-10.361440365230415,-11.006399148469189,-1.389411874743546,-10.273175158246758,-11.24314687958446,-1.1626379316642284,-10.225595920473925,-11.365706616592163,-1.172033067771769,60.10471692303268,0.027631763368844986,80,6.514431715011597,0.46051599452442177,1.0,disabled,single,3,row_10,row_9,-0.2712935209274292,-2.750286102294922,0.9222669080150745,0.07731145151265582,0.2758177234564616,2.4789925813674927,-0.19037291169405912,0,159,0,disabled,0,0.0,50.0,alpha
1516,4.148282051086426,-6.565988540649414,0.0,-1.052540898323059,2.176316261291504,0.002110302448272705,0,0,0,0.0800633355975151,0.5,0.3,0,0,wall,both,1,0,1,1,1,1,0.0,0,0,0,alpha,standard,huber,-10.665586432577763,-12.113099153865436,-1.4744694261128093,-10.310918118836971,-11.269494765283653,-1.2254480995872405,-10.2725231295736,-11.312790098372483,-1.1987405836795046,53.358185116369526,0.0800633355975151,80,4.791118860244751,0.6261585419833953,1.0,disabled,single,3,row_10,row_9,-1.052540898323059,-4.081092357635498,0.9537072073702569,0.046145767942171574,0.18844390887586393,3.028551459312439,-1.0051423331691811,0,159,0,disabled,0,0.0,50.0,alpha
1520,1.6366972923278809,-1.1069329977035522,0.0,-1.0699924230575562,2.1942968368530273,0.0012153983116149902,0,0,0,0.05130186304450035,0.5,0.3,0,0,wall,both,1,0,1,1,1,1,0.0,0,0,0,alpha,standard,huber,-10.668180074688086,-12.132355116073295,-1.4587990005875853,-10.452230745188755,-11.659499703486166,-1.4083460819880746,-10.371362318161935,-11.503480381185009,-1.3035433328337893,32.00203021756246,0.05130186304450035,80,2.645787000656128,1.0,1.0,disabled,single,3,row_10,row_9,-1.0699924230575562,-4.104644775390625,0.9539767296360855,0.04587805629558765,0.18761641030930146,3.034652352333069,-1.022876422811201,0,159,0,disabled,0,0.0,50.0,alpha
1524,1.1173256635665894,-0.5158746838569641,0.0,-0.9956298470497131,2.1165213584899902,0.006045877933502197,0,0,0,0.0154509786516428,0.5,0.3,0,0,wall,both,1,0,1,1,1,1,0.0,0,0,0,alpha,standard,huber,-10.668553889874131,-12.041914988414163,-1.5195092867361126,-10.50934515155772,-11.771369204626755,-1.4242475537562356,-10.447252876529618,-11.650819234077968,-1.363895443295012,76.54636550722415,0.0154509786516428,80,1.2498905062675476,1.0,1.0,disabled,single,3,row_10,row_9,-0.9956298470497131,-4.0159687995910645,0.9533417631873766,0.046508472721956365,0.18956490701355988,3.0203389525413513,-0.9478480256785112,0,159,0,disabled,0,0.0,50.0,alpha
1528,1.4569343328475952,-0.8771312236785889,0.0,-1.0792328119277954,2.2036101818084717,0.005945980548858643,0,0,0,0.021017322316765785,0.5,0.3,0,0,wall,both,1,0,1,1,1,1,0.0,0,0,0,alpha,standard,huber,-10.749351715019241,-12.094438264546136,-1.5185959918606748,-10.548511512363621,-11.831380549285484,-1.4726378999374279,-10.50294512623832,-11.750127957442103,-1.4182666716162198,70.48450811904122,0.021017322316765785,80,1.5989364385604858,1.0,1.0,disabled,single,3,row_10,row_9,-1.0792328119277954,-4.199934005737305,0.9576204601423345,0.04225616778685138,0.1762776760488637,3.1207011938095093,-1.0359290530245944,0,159,0,disabled,0,0.0,50.0,alpha
1532,2.3867526054382324,-2.353961944580078,0.0,-0.3527020215988159,1.1649738550186157,0.11190152168273926,0,0,0,0.049105651676654816,0.5,0.3,0,0,wall,both,1,0,1,1,1,1,0.0,0,0,0,alpha,standard,huber,-10.074118263381012,-11.282263340463581,-0.9318865867157786,-10.339674673176685,-11.360645957728027,-1.3541091747384653,-10.41314637705442,-11.53591285759936,-1.3861879231773424,25.061391629447154,0.049105651676654816,80,3.0849517583847046,0.9724625326299476,1.0,disabled,single,3,row_10,row_9,-0.3527020215988159,-2.524390459060669,0.8970307579462442,0.10224804897422629,0.33585521097984405,2.171688437461853,-0.24403689388273747,0,159,0,disabled,0,0.0,50.0,alpha
1536,1.9873974323272705,-1.6321275234222412,0.0,-0.3439592123031616,1.1566262245178223,0.10693496465682983,0,0,0,0.0307609923183918,0.5,0.3,0,0,wall,both,1,0,1,1,1,1,0.0,0,0,0,alpha,standard,huber,-10.06176383689237,-11.278826173004184,-0.9428070105227029,-10.28168934189019,-11.322693760152674,-1.3028855435975328,-10.340845007714094,-11.418642354003683,-1.3445367333874374,62.97244183433177,0.0307609923183918,80,2.2073135375976562,1.0,1.0,disabled,single,3,row_10,row_9,-0.3439592123031616,-2.503877878189087,0.8959289656524654,0.10333152044127579,0.3383320985043782,2.1599186658859253,-0.2340650637474463,0,159,0,disabled,0,0.0,50.0,alpha
1540,3.613149642944336,-5.239213943481445,0.0,-0.2561495304107666,1.0735859870910645,0.002164304256439209,0,0,0,0.03999102860689163,0.5,0.3,0,0,wall,both,1,0,1,1,1,1,0.0,0,0,0,alpha,standard,huber,-10.315289871444055,-11.007755780152895,-1.3436869790247676,-10.308612183133135,-11.1222871723891,-1.243494331486069,-10.323116954194568,-11.255647004115662,-1.294015532436753,42.92502760534703,0.03999103233218193,80,3.8903955221176147,0.7711298203343202,1.0,disabled,single,3,row_10,row_9,-0.2561495304107666,-2.683506488800049,0.918462629723977,0.08107253592848664,0.2853735690333421,2.4273569583892822,-0.1710954690546635,0,159,0,disabled,0,0.0,50.0,alpha
1544,1.8902487754821777,-1.4764630794525146,0.0,-0.3083440065383911,1.1214476823806763,0.08409816026687622,0,0,0,0.03949515148997307,0.5,0.3,0,0,wall,both,1,0,1,1,1,1,0.0,0,0,0,alpha,standard,huber,-10.05698423045985,-11.24221776371904,-0.9964439565261736,-10.218435079911906,-11.156426122116972,-1.160103405350607,-10.265541923339104,-11.201075519016381,-1.2270594688936798,52.946667276048586,0.03949515521526337,80,2.0705684423446655,1.0,1.0,disabled,single,3,row_10,row_9,-0.3083440065383911,-2.467536449432373,0.8958520443056879,0.10339771129199282,0.338551145863914,2.159192442893982,-0.1983639977727536,0,159,0,disabled,0,0.0,50.0,alpha
1548,3.962278127670288,-6.104821681976318,0.0,-0.3446345925331116,1.181748867034912,0.09166330099105835,0,0,0,0.018965335562825203,0.5,0.3,0,0,wall,both,1,0,1,1,1,1,0.0,0,0,0,alpha,standard,huber,-9.988502648104008,-11.336544543188582,-0.977984754927463,-10.176997918449619,-11.191248409730328,-1.105571875244701,-10.216842720649886,-11.195670608909051,-1.1663156720691903,75.18037660178862,0.018965335562825203,80,4.166081190109253,0.7201011845670071,1.0,disabled,single,3,row_10,row_9,-0.3446345925331116,-2.4411203861236572,0.8898133967940807,0.10934696377606236,0.35183661661390786,2.0964857935905457,-0.22789108777055686,0,159,0,disabled,0,0.0,50.0,alpha
1552,1.4042896032333374,-0.8148881793022156,0.0,-0.31008046865463257,1.1812442541122437,0.001145780086517334,0,0,0,0.022614533081650734,0.5,0.3,0,0,wall,both,1,0,1,1,1,1,0.0,0,0,0,alpha,standard,huber,-10.431490470740707,-11.043835324964244,-1.457366651729264,-10.23319964511602,-11.162350709287471,-1.22235875195017,-10.225836819680957,-11.177349825302418,-1.1943372120096798,70.15552869233109,0.022614533081650734,80,1.5583736300468445,1.0,1.0,disabled,single,3,row_10,row_9,-0.31008046865463257,-2.875495195388794,0.9282696308418453,0.07137213409079683,0.26034784934936367,2.5654147267341614,-0.23564743073320724,0,159,0,disabled,0,0.0,50.0,alpha
1556,5.10567569732666,-8.939691543579102,0.0,-0.2897128462791443,1.097922682762146,0.0731467604637146,0,0,0,0.042045798152685165,0.5,0.3,0,0,wall,both,1,0,1,1,1,1,0.0,0,0,0,alpha,standard,huber,-10.004048896129024,-11.240184122304267,-1.024637415536593,-10.186283440269154,-11.155243677363316,-1.1837799524738915,-10.204082461004464,-11.165191443935912,-1.1890585822417854,56.35416228216003,0.042045798152685165,80,5.321897506713867,0.563708714084654,1.0,disabled,single,3,row_10,row_9,-0.2897128462791443,-2.3940463066101074,0.8905788259710913,0.10858552998786693,0.35020945450989627,2.104333460330963,-0.1738291848863618,0,159,0,disabled,0,0.0,50.0,alpha
1560,3.8108561038970947,-5.729395389556885,0.0,-0.3715929090976715,1.2927809953689575,0.006942868232727051,0,0,0,0.06004006788134575,0.5,0.3,0,0,wall,both,1,0,1,1,1,1,0.0,0,0,0,alpha,standard,huber,-10.284626935401592,-11.310462263469338,-1.2915851984851194,-10.222038104396981,-11.21141809941492,-1.246917939371472,-10.213958064870347,-11.190616104449367,-1.2179882608066286,39.03590333678321,0.06004006788134575,80,4.000860929489136,0.7498386104570413,1.0,disabled,single,3,row_10,row_9,-0.3715929090976715,-2.8210811614990234,0.9201142516128983,0.07944060189771668,0.28124443262195087,2.449488252401352,-0.2883354789838699,0,159,0,disabled,0,0.0,50.0,alpha
1564,1.123427391052246,-0.5215244293212891,0.0,-0.29686805605888367,1.154525637626648,0.012730538845062256,0,0,0,0.030023915693163872,0.5,0.3,0,0,wall,both,1,0,1,1,1,1,0.0,0,0,0,alpha,standard,huber,-10.405922646990758,-11.03188700475527,-1.2497563405050287,-10.283280867808243,-11.118101824223515,-1.2748766648405052,-10.25208560648619,-11.15073325032515,-1.2464324628235668,59.033958103438074,0.03002391941845417,80,1.2912338376045227,1.0,1.0,disabled,single,3,row_10,row_9,-0.29686805605888367,-2.8296797275543213,0.926057927696814,0.07356174474369605,0.2661021997328545,2.5328116714954376,-0.22004956667433073,0,159,0,disabled,0,0.0,50.0,alpha
1568,5.507984638214111,-9.937152862548828,0.0,-0.31148484349250793,1.183044672012329,0.010660052299499512,0,0,0,0.030942369252443314,0.5,0.3,0,0,wall,both,1,0,1,1,1,1,0.0,0,0,0,alpha,standard,huber,-10.437991451323853,-11.03958801682144,-1.263347282812227,-10.299807041291539,-11.118354236034573,-1.2897707576411912,-10.278332395629132,-11.132924792465333,-1.2681016102323788,70.11672099317038,0.030942369252443314,80,5.63458251953125,0.5324263136800372,1.0,disabled,single,3,row_10,row_9,-0.31148484349250793,-2.881882905960083,0.9286029843619542,0.0710428507686844,0.25947026594195866,2.570398062467575,-0.23741085392039937,0,159,0,disabled,0,0.0,50.0,alpha
