frame_idx,gps_dist,log_gps,log_semantic,log_corridor,corridor_dist,corridor_heading_misalign,correct_hits,incorrect_hits,no_hits,weight,gps_weight_used,corridor_weight_used,num_background_used,num_observations,semantic_model_used,semantic_classes_mode,gps_enabled,semantic_enabled,corridor_enabled,background_enabled,dynamic_gps_enabled,pose_smoothing_enabled,detection_drop_rate,detections_raw,detections_kept,detections_dropped,pose_backend_used,diagnostics_level,gnss_robust_mode,raw_best_x,raw_best_y,raw_best_theta,raw_weighted_x,raw_weighted_y,raw_weighted_theta,smoothed_x,smoothed_y,smoothed_theta,ess,max_weight,particle_count,gnss_innovation,gnss_robust_scale,gnss_row_gate_scale,gnss_row_gate_reason,row_likelihood_mode,row_mixture_top_k,row_hypothesis_id,row_hypothesis_second_id,row_hypothesis_score,row_hypothesis_second_score,row_hypothesis_prob,row_hypothesis_second_prob,row_hypothesis_entropy,row_hypothesis_gap,row_marginal_logscore,row_switch_event,row_switch_count,headland_flag,delayed_correction_status,delayed_correction_applied,delayed_correction_m,semantic_penalty_cap,smoother_status
0,1.7406724691390991,-1.2520415782928467,-35.389347076416016,-0.17359717190265656,0.8837993144989014,0.0021643638610839844,52,0,74,0.05584888532757759,0.5434782608695653,0.3,120,126,wall,both,1,1,1,1,1,1,0.0,4,4,0,alpha,full,huber,-10.448468194865633,-10.371636708399182,-4.485278416439554,-10.448468194865633,-10.371636708399182,-4.485278416439554,-10.448468194865633,-10.371636708399182,-4.485278416439554,45.555470187238,0.05584888905286789,100,2.0980101823806763,1.0,1.0,disabled,single,3,row_10,row_9,-0.17359717190265656,-2.5881786346435547,0.9174974241655983,0.08202862811880716,0.2877572936797413,2.414581462740898,-0.08749166539636474,0,0,0,disabled,0,0.0,50.0,alpha
4,0.3583354353904724,-0.05305962637066841,-35.12803268432617,-1.1875734329223633,2.154721975326538,0.19539541006088257,49,0,76,0.009781935252249241,0.5454545454545454,0.3,120,125,wall,both,1,1,1,1,1,1,0.0,3,3,0,alpha,full,huber,-11.915205293030624,-9.394338829837025,2.410133762065028,-11.915205293030624,-9.394338829837025,2.410133762065028,-11.181836743948129,-9.882987769118103,2.10402032640253,172.41147377246602,0.009781935252249241,250,2.645891785621643,1.0,1.0,disabled,single,3,row_10,row_9,-1.1875734329223633,-4.896024227142334,0.9760389931140214,0.02392805795436823,0.11332801897898714,3.7084507942199707,-1.163320691516348,0,0,0,disabled,0,0.0,50.0,alpha
8,1.252157211303711,-0.647891640663147,-45.85002517700195,-0.7170705199241638,1.7294856309890747,0.11328005790710449,25,0,100,0.009620717726647854,0.5454545454545454,0.3,120,125,wall,both,1,1,1,1,1,1,0.0,3,3,0,alpha,full,huber,-9.769162794436745,-11.947727834923372,1.251506261460265,-10.553481419949176,-10.69130709506723,2.1469084322979475,-10.867659081948652,-10.287147432092667,2.1254643793502392,196.2959661707225,0.009620718657970428,250,3.2616106271743774,0.9197909692239942,1.0,disabled,single,3,row_10,row_9,-0.7170705199241638,-2.790403127670288,0.887399659735256,0.11160466473322839,0.3576166688326838,2.0733326077461243,-0.5976106964466634,0,0,0,disabled,0,0.0,50.0,alpha
12,1.490064024925232,-0.9174755811691284,-45.219688415527344,-0.7131277918815613,1.7123922109603882,0.12275820970535278,28,0,101,0.025297963991761208,0.5376344086021506,0.3,120,129,wall,both,1,1,1,1,1,1,0.0,4,4,0,alpha,full,huber,-9.76180873899554,-11.931344359964852,1.2313909722089118,-10.465479457690698,-10.933652222946858,1.9205266200043705,-10.666569269819675,-10.610399827519762,2.0229954996773047,68.33894424562445,0.025297963991761208,80,3.146241784095764,0.9535185805378926,1.0,disabled,single,3,row_10,row_9,-0.7131277918815613,-2.7839443683624268,0.8871362956624687,0.1118526134319747,0.3582350268434395,2.0708165764808655,-0.5933711425506089,0,0,0,disabled,0,0.0,50.0,alpha
16,2.4114127159118652,-2.40285587310791,-34.55973434448242,-0.14978158473968506,0.820774495601654,0.004342496395111084,61,0,65,0.02568747289478779,0.5434782608695653,0.3,120,126,wall,both,1,1,1,1,1,1,0.0,4,4,0,alpha,full,huber,-10.388924861083703,-10.345149255247387,1.8253283610518833,-10.41492499486133,-10.35369810114453,1.9107539895912768,-10.540747132340503,-10.482048964332147,1.966874744634291,48.412681208836645,0.02568747289478779,80,2.6020314693450928,1.0,1.0,disabled,single,3,row_10,row_9,-0.14978158473968506,-2.491025924682617,0.911739455852213,0.08771649139241539,0.30180583519305926,2.341244339942932,-0.057380570643751905,0,0,0,disabled,0,0.0,50.0,alpha
20,3.331092119216919,-4.539897918701172,-33.947330474853516,-0.12756505608558655,0.7570321559906006,0.007173001766204834,59,0,66,0.03362615779042244,0.5454545454545454,0.3,120,125,wall,both,1,1,1,1,1,1,0.0,2,2,0,alpha,full,huber,-10.327275356794607,-10.327137998851377,1.8519479720586176,-10.2535658981916,-10.344312442265618,1.6961586164665763,-10.397156515266051,-10.413180703298883,1.8315166805504335,50.84614769068292,0.03362615779042244,80,3.4546165466308594,0.8684031815125104,1.0,disabled,single,3,row_10,row_9,-0.12756505608558655,-2.3963723182678223,0.9056951571883777,0.09368101145508738,0.31613851260990194,2.2688072621822357,-0.028512555432823244,0,0,0,disabled,0,0.0,50.0,alpha
24,1.6854321956634521,-1.1738355159759521,-35.58103942871094,-0.12259833514690399,0.7415147423744202,0.01003175973892212,59,0,65,0.03742434084415436,0.5474452554744526,0.3,120,124,wall,both,1,1,1,1,1,1,0.0,6,6,0,alpha,full,huber,-10.313223040237512,-10.316875774188768,1.8738659733588836,-10.19694284716571,-10.345484379080492,1.6648006408718745,-10.299214258073093,-10.371219222300702,1.7485808136141525,61.97797425780701,0.03742434084415436,80,1.772796630859375,1.0,1.0,disabled,single,3,row_10,row_9,-0.12259833514690399,-2.3724730014801025,0.9040553504458302,0.09529867628206509,0.3199541274586498,2.2498746663331985,-0.021733643051844553,0,0,0,disabled,0,0.0,50.0,alpha
28,6.596182346343994,-12.635163307189941,-37.325584411621094,-0.18579863011837006,0.9141970276832581,0.004287302494049072,48,0,77,0.045143041759729385,0.5454545454545454,0.3,120,125,wall,both,1,1,1,1,1,1,0.0,4,4,0,alpha,full,huber,-10.437788334190529,-10.534824634099593,1.8247337543039164,-10.396897209554002,-10.397980428179746,1.8156938229113637,-10.350672997151197,-10.370033705285751,1.782771844417562,55.68127888412419,0.045143041759729385,80,6.772220134735107,0.44298619068993744,1.0,disabled,single,3,row_10,row_9,-0.18579863011837006,-2.644378423690796,0.9207795559733903,0.0787785586215685,0.27959485195176237,2.458579793572426,-0.10326400583586194,0,0,0,disabled,0,0.0,50.0,alpha
32,2.8930504322052,-3.4585704803466797,-40.49391174316406,-0.1959417164325714,0.9367890954017639,0.015056610107421875,46,0,81,0.03914301469922066,0.5415162454873647,0.3,120,127,wall,both,1,1,1,1,1,1,0.0,4,4,0,alpha,full,huber,-10.439900596144682,-10.591913162416814,1.905851212928921,-10.422715255114461,-10.361916258813359,1.8411488925441233,-10.39781823094625,-10.31428510649835,1.8101930015581917,57.59919151296096,0.03914301469922066,80,3.176076292991638,0.9445616928723753,1.0,disabled,single,3,row_10,row_9,-0.1959417164325714,-2.6728134155273438,0.922110236241779,0.07746243269371339,0.2762355689581267,2.4768716990947723,-0.11485121594441085,0,0,0,disabled,0,0.0,50.0,alpha
36,0.04889032244682312,-0.0009877122938632965,-40.423458099365234,-0.13617821037769318,0.7823876142501831,0.006046772003173828,48,32,80,0.04940206557512283,0.48387096774193555,0.3,120,160,wall,both,1,1,1,1,1,1,0.0,4,4,0,alpha,full,huber,-10.43812524706081,-9.803767050110622,1.8421272088137508,-10.484059848971912,-10.061278565658725,1.869496881912018,-10.466636055457371,-10.082499570206586,1.8375891869661318,44.99960887744882,0.04940206557512283,80,0.35230201482772827,1.0,1.0,disabled,single,3,row_10,row_9,-0.13617821037769318,-2.3470945358276367,0.9006386418570732,0.09871015101254488,0.3276006001647997,2.2109163254499435,-0.03152704513477722,0,0,0,disabled,0,0.0,50.0,alpha
40,0.6504400372505188,-0.17482323944568634,-42.929298400878906,-0.046419914811849594,0.446234792470932,0.023056507110595703,73,33,50,0.03834724426269531,0.49019607843137253,0.3,120,156,wall,both,1,1,1,1,1,1,0.0,5,5,0,alpha,full,huber,-10.120983879576139,-9.659761512806572,1.9472553331765265,-10.469054198824473,-9.828604586849059,1.848929831071776,-10.495420131644316,-9.85465871046884,1.8449119308707544,52.3524821019703,0.03834724426269531,80,1.0235658288002014,1.0,1.0,disabled,single,3,row_10,row_9,-0.046419914811849594,-1.8826600313186646,0.8613656441542312,0.1373151942957043,0.40993003484505447,1.836240116506815,0.10281627607652116,0,0,0,disabled,0,0.0,50.0,alpha
44,1.4949297904968262,-0.9234773516654968,-31.780799865722656,-0.22972889244556427,1.0167455673217773,0.0006822347640991211,75,1,55,0.027733253315091133,0.5338078291814947,0.3,120,131,wall,both,1,1,1,1,1,1,0.0,4,4,0,alpha,full,huber,-10.663722652538404,-9.876550328164196,1.7690421799252114,-10.574121826183609,-9.653259512613127,1.853973485645853,-10.5629230083894,-9.653843091247676,1.8624153951010332,65.50348934380449,0.027733253315091133,80,1.8065943717956543,1.0,1.0,disabled,single,3,row_10,row_9,-0.22972889244556427,-2.7002124786376953,0.9216817030779272,0.0779226254806412,0.2771296941938734,2.470483586192131,-0.14817355298893933,0,0,0,disabled,0,0.0,50.0,alpha
48,2.758068323135376,-3.1433639526367188,-35.15415573120117,-0.20374014973640442,0.9574806690216064,0.001829385757446289,52,0,78,0.03023892641067505,0.5357142857142857,0.3,120,130,wall,both,1,1,1,1,1,1,0.0,3,3,0,alpha,full,huber,-10.574935647202853,-10.053188883149305,1.7925987601666336,-10.704410358338428,-9.522872508202735,1.887439112495157,-10.663407257536841,-9.489280970520682,1.8854324300993355,65.55474653506673,0.03023892641067505,80,3.075985312461853,0.9752972447059448,1.0,disabled,single,3,row_10,row_9,-0.20374014973640442,-2.633636951446533,0.918676462051768,0.08088571272354889,0.284714075611454,2.429896801710129,-0.11891887677363978,0,0,0,disabled,0,0.0,50.0,alpha
52,3.2735774517059326,-4.397299289703369,-38.428585052490234,-0.15603482723236084,0.8055131435394287,0.053871870040893555,64,0,72,0.030649356544017792,0.5244755244755245,0.3,120,136,wall,both,1,1,1,1,1,1,0.0,4,4,0,alpha,full,huber,-10.44769977504633,-9.888921549521514,2.061836509710199,-10.75375210378963,-9.378048142066053,1.8598873713403052,-10.740683793511943,-9.33501833405901,1.8770633934619871,62.1141590276135,0.030649356544017792,80,3.6747443675994873,0.816383318102679,1.0,disabled,single,3,row_10,row_9,-0.15603482723236084,-2.3895304203033447,0.9026568017420457,0.09672257445764529,0.32296191987709216,2.233495593070984,-0.053621964908379005,0,0,0,disabled,0,0.0,50.0,alpha
56,4.928539276123047,-8.500511169433594,-30.683868408203125,-0.276367723941803,1.1151782274246216,0.0013269782066345215,66,0,73,0.04526030272245407,0.5190311418685121,0.3,120,139,wall,both,1,1,1,1,1,1,0.0,3,3,0,alpha,full,huber,-10.800976312287228,-9.650002828717895,1.7228244838575772,-10.786269588243464,-9.29896790420813,1.837233808810667,-10.794833096783716,-9.217831903574059,1.8596179859713686,56.87447598839774,0.04526030272245407,80,5.37995719909668,0.5576252540640498,1.0,disabled,single,3,row_10,row_9,-0.276367723941803,-2.8400492668151855,0.9281849820679662,0.07148942267730209,0.2603905634708579,2.5636815428733826,-0.20184349200642313,0,0,0,disabled,0,0.0,50.0,alpha
60,2.1375441551208496,-1.8880559206008911,-29.315885543823242,-0.1931486874818802,0.930188775062561,0.014605104923248291,83,0,53,0.03492910787463188,0.5244755244755245,0.3,120,136,wall,both,1,1,1,1,1,1,0.0,5,5,0,alpha,full,huber,-10.675191925016795,-9.3442784881328,1.945465153363366,-10.80924892725877,-9.240089132409496,1.842676831775099,-10.830939624997788,-9.131701350609891,1.8532696235581714,62.032510562156965,0.03492910787463188,80,2.3307236433029175,1.0,1.0,disabled,single,3,row_10,row_9,-0.1931486874818802,-2.5564706325531006,0.9135524177613618,0.08597175485068108,0.29719073296672727,2.3633219450712204,-0.10273416391005552,0,0,0,disabled,0,0.0,50.0,alpha
64,5.089082717895508,-8.898551940917969,-33.757591247558594,-0.28650161623954773,1.1354494094848633,0.0008080005645751953,61,18,60,0.024161024019122124,0.5190311418685121,0.3,120,139,wall,both,1,1,1,1,1,1,0.0,4,4,0,alpha,full,huber,-10.875401094654663,-9.389711762889638,1.7341451024189052,-10.920362679631072,-9.087966368095737,1.8524237188664139,-10.906461541303337,-9.003676812748292,1.8533134042233668,66.62926234216295,0.024161024019122124,80,5.2546820640563965,0.5709194130927352,1.0,disabled,single,3,row_10,row_9,-0.28650161623954773,-2.8742051124572754,0.9297797244187911,0.06991248226065036,0.2561867834802396,2.5877034962177277,-0.21369403988636138,0,0,0,disabled,0,0.0,50.0,alpha
68,2.9718635082244873,-3.649575710296631,-32.55808639526367,-0.19093738496303558,0.9147728681564331,0.03492903709411621,90,0,45,0.034873973578214645,0.5263157894736842,0.3,120,135,wall,both,1,1,1,1,1,1,0.0,7,7,0,alpha,full,huber,-10.69346095546424,-9.179506614184104,2.0394290491793896,-10.919873937847054,-8.90605373400507,1.8888500000330801,-10.947818084183456,-8.835497201432812,1.8715054625333938,58.65913140428959,0.034873977303504944,80,3.4027292728424072,0.8816452204832638,1.0,disabled,single,3,row_10,row_9,-0.19093738496303558,-2.538706064224243,0.912311882371064,0.08720077588478313,0.300172630232772,2.3477686792612076,-0.09916401387872961,0,0,0,disabled,0,0.0,50.0,alpha
72,2.559666633605957,-2.7073938846588135,-29.89580535888672,-0.2992614209651947,1.1342684030532837,0.05720788240432739,96,0,36,0.03753039985895157,0.5319148936170213,0.3,120,132,wall,both,1,1,1,1,1,1,0.0,4,4,0,alpha,full,huber,-11.150753691335742,-8.003646699351716,2.091764838402515,-11.03020542097839,-8.570922703933544,1.9934232256971454,-11.02460545993505,-8.588433532404888,1.9362274130220198,62.485567867782414,0.03753039985895157,80,2.8755578994750977,1.0,1.0,disabled,single,3,row_10,row_9,-0.2992614209651947,-2.9116642475128174,0.9313890394638197,0.06832489780702207,0.25188411109938585,2.6124028265476227,-0.2281832046542982,0,0,0,disabled,0,0.0,50.0,alpha
76,2.01231050491333,-1.673303246498108,-32.44001770019531,-0.11304803192615509,0.7067708969116211,0.0223696231842041,96,10,29,0.045158807188272476,0.5263157894736842,0.3,120,135,wall,both,1,1,1,1,1,1,0.0,5,5,0,alpha,full,huber,-10.640519384825666,-8.407035237346285,1.986259535080773,-10.976042266556306,-8.299394977476366,1.9758272797358276,-11.046488663047473,-8.323258613171863,1.9610891269114843,50.945000699336994,0.045158807188272476,80,2.456634759902954,1.0,1.0,disabled,single,3,row_10,row_9,-0.11304803192615509,-2.237621307373047,0.8926159155906382,0.10665327018109023,0.34538603047342414,2.124573275446892,0.0005508644230489135,0,0,0,disabled,0,0.0,50.0,alpha
80,3.663771629333496,-5.364723205566406,-28.63995361328125,-0.25215452909469604,1.0652207136154175,6.556510925292969e-05,84,7,41,0.053851254284381866,0.5319148936170213,0.3,120,132,wall,both,1,1,1,1,1,1,0.0,5,5,0,alpha,full,huber,-11.175548277236638,-7.484818910192368,1.7633301062088105,-11.115646726084064,-7.796947550434627,1.9436233205247908,-11.130465352678412,-7.940030182580119,1.9539251572528755,47.81306630471429,0.053851254284381866,80,4.223680734634399,0.7102809583593395,1.0,disabled,single,3,row_10,row_9,-0.25215452909469604,-2.8055601119995117,0.9275043743030391,0.07217487024724667,0.26210576914062805,2.5534055829048157,-0.17689676081271954,0,0,0,disabled,0,0.0,50.0,alpha
84,2.4092564582824707,-2.3985607624053955,-27.71000099182129,-0.3233679533004761,1.2062983512878418,3.1054019927978516e-05,94,7,35,0.031177755445241928,0.5244755244755245,0.3,120,136,wall,both,1,1,1,1,1,1,0.0,5,5,0,alpha,full,huber,-11.374138094890528,-7.183504142900452,1.759758462190704,-11.280161112372301,-7.622779913239366,1.9619778563615047,-11.253847173350362,-7.660986953033767,1.9588635027774295,64.11729781990908,0.031177757307887077,80,2.4294859170913696,1.0,1.0,disabled,single,3,row_10,row_9,-0.3233679533004761,-3.0471696853637695,0.9382000603663897,0.06156918354108005,0.23341198307093194,2.7238017320632935,-0.25957588455546776,0,0,0,disabled,0,0.0,50.0,alpha
88,2.2410900592803955,-2.075407028198242,-31.970245361328125,-0.13850311934947968,0.7266177535057068,0.07202810049057007,102,0,25,0.043274641036987305,0.5415162454873647,0.3,120,127,wall,both,1,1,1,1,1,1,0.0,6,6,0,alpha,full,huber,-10.95788115111632,-6.78044307022026,2.1229599648224973,-11.278220907799128,-7.24204994196606,1.8563243253390789,-11.314126595622984,-7.3338744341268605,1.9010929839681117,53.048616185914575,0.0432746447622776,80,2.924881935119629,1.0,1.0,disabled,single,3,row_10,row_9,-0.13850311934947968,-2.3358609676361084,0.8994375991300779,0.0999241931348416,0.3301823665087119,2.1973578482866287,-0.03251751851114332,0,0,0,disabled,0,0.0,50.0,alpha
92,1.9096096754074097,-1.5068632364273071,-29.000219345092773,-0.4627895653247833,1.4417139291763306,0.014783084392547607,80,0,46,0.03921816870570183,0.5434782608695653,0.3,120,126,wall,both,1,1,1,1,1,1,0.0,7,7,0,alpha,full,huber,-11.511299596884468,-7.741531124879708,1.9240380184529506,-11.34890845288272,-7.1699179010055865,1.888733221049374,-11.373736767933778,-7.128756426807228,1.9006254023534002,58.39164618059225,0.03921816870570183,80,2.6997921466827393,1.0,1.0,disabled,single,3,row_10,row_9,-0.4627895653247833,-3.424067974090576,0.9506567257707873,0.04919906539507454,0.19756249442928805,2.961278408765793,-0.41218732239120437,0,0,0,disabled,0,0.0,50.0,alpha
96,1.467956304550171,-0.8904528021812439,-29.3549861907959,-0.29698967933654785,1.1560508012771606,9.483098983764648e-05,78,15,45,0.026207903400063515,0.5208333333333334,0.3,120,138,wall,both,1,1,1,1,1,1,0.0,7,7,0,alpha,full,huber,-11.315079673167464,-7.2270649627478,1.7381058371921831,-11.443490233180222,-7.008735204887826,1.989136030518936,-11.450346311854435,-6.9468390716021915,1.949009740652759,71.72063709746567,0.026207903400063515,87,1.7421114444732666,1.0,1.0,disabled,single,3,row_10,row_9,-0.29698967933654785,-2.962758779525757,0.9347347904116885,0.06500692107119581,0.24290227887299828,2.665769100189209,-0.22949724278927214,0,0,0,disabled,0,0.0,50.0,alpha
100,4.682443618774414,-7.890356063842773,-33.06886291503906,-0.2120271474123001,0.9767863154411316,0.0007607340812683105,87,23,37,0.04193470627069473,0.5050505050505051,0.3,120,147,wall,both,1,1,1,1,1,1,0.0,8,8,0,alpha,full,huber,-11.119174348965128,-7.301682154556432,1.7908854412717403,-11.51048727860137,-6.95439095434857,2.0151095298504513,-11.52852410719311,-6.829542385640072,1.9838686799494685,70.93705417114309,0.04193470627069473,112,5.348144292831421,0.5609422326209782,1.0,disabled,single,3,row_10,row_9,-0.2120271474123001,-2.6746551990509033,0.9211271511362412,0.07848990617648263,0.2784300273274926,2.462628051638603,-0.12986995285045644,0,0,0,disabled,0,0.0,50.0,alpha
104,1.423315167427063,-0.8371182084083557,-26.34569549560547,-1.286786437034607,2.0150563716888428,0.30690979957580566,86,10,39,0.026744335889816284,0.5263157894736842,0.3,120,135,wall,both,1,1,1,1,1,1,0.0,5,5,0,alpha,full,huber,-12.196692954834857,-7.178998319325967,2.5461256627713524,-11.717308969672137,-6.875341866385248,2.1163066659995535,-11.674901371890805,-6.733833506737842,2.0516874953165996,96.595678146297,0.026744335889816284,127,1.9835411310195923,1.0,1.0,disabled,single,3,row_10,row_9,-1.267890453338623,-4.9163103103637695,0.9745910457376128,0.02537077917801105,0.11868797589192324,3.6484198570251465,-1.2421531170955433,0,0,0,disabled,0,0.0,50.0,alpha
108,4.6722798347473145,-7.865157127380371,-32.723358154296875,-0.27297964692115784,1.1083356142044067,0.00016099214553833008,75,8,49,0.015155933797359467,0.5319148936170213,0.3,120,132,wall,both,1,1,1,1,1,1,0.0,7,7,0,alpha,full,huber,-11.445005115682081,-6.200074365475108,1.7231508122564918,-11.692490780218824,-6.609351609515011,2.067566024629992,-11.74142489029131,-6.5609467132436645,2.0731515297644076,142.65901968732456,0.015155931934714317,185,5.1484150886535645,0.5827035987466529,1.0,disabled,single,3,row_10,row_9,-0.27297964692115784,-2.8946640491485596,0.9319801134136814,0.06773662848133936,0.2503218891586203,2.6216844022274017,-0.20253584485799522,0,0,0,disabled,0,0.0,50.0,alpha
112,2.6037778854370117,-2.8015122413635254,-29.699188232421875,-0.36080360412597656,1.2742120027542114,5.0008296966552734e-05,69,0,51,0.01997000351548195,0.5555555555555556,0.3,120,120,wall,both,1,1,1,1,1,1,0.0,5,5,0,alpha,full,huber,-11.495656021503029,-6.884282251877864,1.75109451276,-11.746690732886659,-6.572766866932605,2.059962085562929,-11.798491926355272,-6.467771190657167,2.0668577504111436,139.71666817783864,0.019970005378127098,213,3.189810037612915,0.9404948773203564,1.0,disabled,single,3,row_10,row_9,-0.36080360412597656,-3.1667673587799072,0.9428120278492916,0.05699155927130984,0.22046947481860676,2.8059637546539307,-0.3019152537074797,0,0,0,disabled,0,0.0,50.0,alpha
116,0.5194607377052307,-0.11150391399860382,-29.61385154724121,-0.3863241672515869,1.3181647062301636,0.007001996040344238,69,0,52,0.01584031991660595,0.5535055350553506,0.3,120,121,wall,both,1,1,1,1,1,1,0.0,5,5,0,alpha,full,huber,-11.585455650530525,-6.621427390390781,1.8595040585391631,-11.779910162890815,-6.435220768847526,2.0438111364300773,-11.850876250631794,-6.337535756384137,2.0579674610635106,156.11522156087665,0.01584031991660595,218,1.0111015439033508,1.0,1.0,disabled,single,3,row_10,row_9,-0.3863241672515869,-3.2411766052246094,0.9453996845768536,0.05442128505591443,0.213046846446013,2.8548524379730225,-0.33017667298864634,0,0,0,disabled,0,0.0,50.0,alpha
120,3.676616668701172,-5.396570205688477,-30.905441284179688,-0.21857087314128876,0.9917504191398621,3.814697265625e-06,67,0,53,0.011745569296181202,0.5555555555555556,0.3,120,120,wall,both,1,1,1,1,1,1,0.0,6,6,0,alpha,full,huber,-11.357793184448003,-6.019313895565362,1.7438655028135814,-11.669424608055827,-6.154508862164265,1.9442829728967272,-11.813628347535367,-6.145074850541995,2.0028286439288436,170.85688252024832,0.011745570227503777,235,4.248163223266602,0.706187555028351,1.0,disabled,single,3,row_10,row_9,-0.21857087314128876,-2.7106926441192627,0.9232508134856233,0.07638445171406669,0.2730719382633014,2.492121770977974,-0.13871652900231976,0,0,0,disabled,0,0.0,50.0,alpha
124,3.2948403358459473,-4.450017929077148,-30.969980239868164,-0.2539008855819702,1.0689029693603516,0.0001576542854309082,76,0,49,0.014384969137609005,0.5454545454545454,0.3,120,125,wall,both,1,1,1,1,1,1,0.0,7,7,0,alpha,full,huber,-11.434844363323824,-6.026487624096958,1.7233394850875285,-11.635009577023407,-5.93139975056086,1.8965810008600559,-11.785391193112517,-5.9057834533413445,1.950356657311251,143.43380507686862,0.014384969137609005,207,3.64241623878479,0.8236290976456009,1.0,disabled,single,3,row_10,row_9,-0.2539008855819702,-2.8317766189575195,0.9291369180332401,0.07055414129697046,0.25785324082959205,2.5778757333755493,-0.18040171672109134,0,0,0,disabled,0,0.0,50.0,alpha
128,1.560369610786438,-1.0060964822769165,-38.270111083984375,-0.4798086881637573,1.4693031311035156,0.003955364227294922,64,16,56,0.025124210864305496,0.5244755244755245,0.3,120,136,wall,both,1,1,1,1,1,1,0.0,4,4,0,alpha,full,huber,-12.030909766805163,-4.927607360443447,1.8876696946117306,-11.535476981776755,-5.574302050225707,1.8210368508475956,-11.708345283533395,-5.619935367283731,1.8858860422204433,102.32514323871513,0.025124210864305496,143,2.2004244327545166,1.0,1.0,disabled,single,3,row_10,row_9,-0.4798086881637573,-3.50951886177063,0.9537753442399561,0.04609562217796439,0.18813294439000622,3.0297101736068726,-0.4324815646801273,0,0,0,disabled,0,0.0,50.0,alpha
132,2.39849591255188,-2.377182960510254,-34.19053649902344,-0.6089912056922913,1.653038501739502,0.020770609378814697,76,0,49,0.03608106076717377,0.5454545454545454,0.3,120,125,wall,both,1,1,1,1,1,1,0.0,9,9,0,alpha,full,huber,-12.073752526268802,-5.757843021300238,1.945267394355069,-11.689769141219989,-5.410722174608989,1.8406444915105387,-11.739465211250678,-5.391358341327235,1.8630624245060465,63.08411999590333,0.03608106076717377,87,3.0668160915374756,0.9782132056363448,1.0,disabled,single,3,row_10,row_9,-0.6089912056922913,-3.8361802101135254,0.961761008904118,0.03815195432795274,0.16292318707479642,3.227189004421234,-0.5700019150190447,0,0,0,disabled,0,0.0,50.0,alpha
136,3.670307159423828,-5.380927085876465,-42.04421615600586,-0.6240199208259583,1.6599313020706177,0.0535740852355957,72,0,75,0.032777946442365646,0.5050505050505051,0.3,120,147,wall,both,1,1,1,1,1,1,0.0,8,8,0,alpha,full,huber,-12.072951520093676,-5.803167137899446,2.069910868541035,-11.786056432246314,-5.268192559756729,1.8830791084953502,-11.800041574496142,-5.205870701277126,1.8734417138251844,62.15539932946406,0.032777946442365646,80,4.416776180267334,0.6792284411881653,1.0,disabled,single,3,row_10,row_9,-0.6240199208259583,-3.8588712215423584,0.9620424576247928,0.037871819386926506,0.16200582500391641,3.2348513007164,-0.5853232262807253,0,0,0,disabled,0,0.0,50.0,alpha
140,1.9536504745483398,-1.5771695375442505,-45.372928619384766,-0.06230592355132103,0.496520459651947,0.04292577505111694,68,0,73,0.048326510936021805,0.5154639175257733,0.3,120,141,wall,both,1,1,1,1,1,1,0.0,6,6,0,alpha,full,huber,-11.084571495032804,-4.702256157609249,2.092760953717508,-11.61483232517219,-4.848737373241653,1.869776630968834,-11.746120896245378,-4.903411200584018,1.8719248378110045,44.478784309338785,0.0483265146613121,80,2.738002061843872,1.0,1.0,disabled,single,3,row_10,row_9,-0.06230592355132103,-2.00723934173584,0.8739850277140367,0.12497701327131927,0.38475549538878834,1.9449334181845188,0.0723861106839854,0,0,0,disabled,0,0.0,50.0,alpha
144,2.1251866817474365,-1.866288661956787,-44.509891510009766,-0.06471797823905945,0.513397216796875,0.038802266120910645,48,26,72,0.026348520070314407,0.5067567567567568,0.3,120,146,wall,both,1,1,1,1,1,1,0.0,7,7,0,alpha,full,huber,-11.185955942339117,-4.339824401229462,1.5192136203066777,-11.634672988134156,-4.4982907836093915,1.824667658623506,-11.728708739948544,-4.577492632920453,1.8486317141267126,70.71033506625074,0.026348520070314407,80,2.722976326942444,1.0,1.0,disabled,single,3,row_10,row_9,-0.06471797823905945,-1.992004632949829,0.8720877627033886,0.1269258946470132,0.38817977903022627,1.9272866547107697,0.0721472365964454,0,0,0,disabled,0,0.0,50.0,alpha
148,0.8479502201080322,-0.2971155345439911,-41.923675537109375,-0.14640869200229645,0.8116788864135742,0.0009483695030212402,50,15,70,0.021323619410395622,0.5263157894736842,0.3,120,135,wall,both,1,1,1,1,1,1,0.0,8,8,0,alpha,full,huber,-11.597158578242444,-3.8201747972457074,1.7200126775734415,-11.647541257887246,-4.135338190505228,1.8142528338827104,-11.723836182257832,-4.231206231551857,1.8314979845947743,97.2167607742641,0.02132362127304077,117,1.3466955423355103,1.0,1.0,disabled,single,3,row_10,row_9,-0.14640869200229645,-2.4156548976898193,0.9058415255215896,0.09365503284154228,0.3151906043201393,2.269246205687523,-0.04751778712060148,0,0,0,disabled,0,0.0,50.0,alpha
152,0.10627546161413193,-0.004667138215154409,-43.66312789916992,-0.18006104230880737,0.09887542575597763,0.2087646722793579,108,12,12,0.014220288954675198,0.5319148936170213,0.3,120,132,wall,both,1,1,1,1,1,1,0.0,7,7,0,alpha,full,huber,-10.633863439392835,-4.002333469962025,1.1055978667443442,-11.593823681676678,-3.90607725639403,1.7781786396042516,-11.69238614670606,-3.942856093114412,1.8036785654069742,135.88510105883117,0.014220288954675198,164,1.1753785014152527,1.0,1.0,disabled,single,3,row_10,row_9,-0.18006104230880737,-1.3966026306152344,0.7688106840140313,0.22776244234822968,0.5585433477772639,1.216541588306427,0.08284948211324855,0,0,0,disabled,0,0.0,50.0,alpha
156,1.2273818254470825,-0.6225066781044006,-40.10232162475586,-0.24268342554569244,0.22824007272720337,0.23795217275619507,106,0,14,0.04131082445383072,0.5555555555555556,0.3,120,120,wall,both,1,1,1,1,1,1,0.0,6,6,0,alpha,full,huber,-10.555583986711186,-3.728113447794034,1.0592411547001275,-11.465269565449344,-3.7136603671166464,1.6769515315138728,-11.608720047739261,-3.7022295753102004,1.740103833716903,86.00524689800731,0.04131082445383072,143,2.419011354446411,1.0,1.0,disabled,single,3,row_10,row_9,-0.24268342554569244,-1.3163121938705444,0.7420151665478907,0.2535956107702822,0.5931708063503961,1.073628768324852,0.05570217038646308,0,0,0,disabled,0,0.0,50.0,alpha
160,1.5853487253189087,-1.0385664701461792,-42.29240417480469,-0.16725073754787445,0.5288755297660828,0.16046124696731567,113,3,10,0.027784060686826706,0.5434782608695653,0.3,120,126,wall,both,1,1,1,1,1,1,0.0,5,5,0,alpha,full,huber,-10.313921249211917,-3.3969263961513794,1.1892049439740529,-11.169863069853808,-3.554039552648768,1.5184231112683968,-11.411139717754615,-3.500325703472159,1.6289301791670763,81.77266390046293,0.027784060686826706,143,2.820258140563965,1.0,1.0,disabled,single,3,row_10,row_9,-0.16725073754787445,-0.9378578066825867,0.678388131369533,0.3139119461026795,0.6644226292580627,0.7706070691347122,0.22078495214272675,0,0,0,disabled,0,0.0,50.0,alpha
164,2.6265065670013428,-2.850635051727295,-38.71990966796875,-0.16616342961788177,0.8645913004875183,0.003439664840698242,62,6,66,0.020939331501722336,0.528169014084507,0.3,120,134,wall,both,1,1,1,1,1,1,0.0,3,3,0,alpha,full,huber,-11.64472197573296,-3.852692396498088,1.6806017979566548,-11.414615563749816,-3.338109791764544,1.6194883712536485,-11.420462245109055,-3.288896808062522,1.624198814525533,107.79475297612932,0.020939331501722336,148,3.392035961151123,0.8844245858118551,1.0,disabled,single,3,row_10,row_9,-0.16616342961788177,-2.492495536804199,0.9106245360194043,0.08892546618250105,0.3039204513787349,2.3263321071863174,-0.072538818066242,0,0,0,disabled,0,0.0,50.0,alpha
168,0.33936572074890137,-0.04759053513407707,-37.664031982421875,-0.1809232085943222,0.9022601246833801,0.0021015405654907227,55,1,72,0.010403369553387165,0.539568345323741,0.3,120,128,wall,both,1,1,1,1,1,1,0.0,5,5,0,alpha,full,huber,-11.73983497012511,-3.5620479672715097,1.6987252246073963,-11.572805175012324,-3.186102922149157,1.6462931300117771,-11.503528351732104,-3.108515493547838,1.6353107257085266,166.0430314076843,0.010403369553387165,207,0.6295228004455566,1.0,1.0,disabled,single,3,row_10,row_9,-0.1809232085943222,-2.5658886432647705,0.9152994309926097,0.08429190413669733,0.29268978425642694,2.3849654346704483,-0.09241918834054885,0,0,0,disabled,0,0.0,50.0,alpha
172,2.9323861598968506,-3.5532596111297607,-37.781185150146484,-0.29359203577041626,1.1492904424667358,0.004012703895568848,52,4,79,0.013694331049919128,0.5263157894736842,0.3,120,135,wall,both,1,1,1,1,1,1,0.0,4,4,0,alpha,full,huber,-12.001683209374525,-3.5100155615082183,1.6739529840323044,-11.761826899924404,-3.0559079145871335,1.724589002560031,-11.64106435832219,-2.952394269345935,1.6801820267318028,179.46866964444234,0.013694331049919128,250,3.5801299810409546,0.8379584025962441,1.0,disabled,single,3,row_10,row_9,-0.29359203577041626,-2.958364963531494,0.9346930629025962,0.06506880657223872,0.24290123964467109,2.664772927761078,-0.2260549572124578,0,0,0,disabled,0,0.0,50.0,alpha
176,1.297919750213623,-0.6961139440536499,-39.97529602050781,-0.139240562915802,0.7909832000732422,0.007108569145202637,53,15,80,0.011480034328997135,0.5033557046979865,0.3,120,148,wall,both,1,1,1,1,1,1,0.0,5,5,0,alpha,full,huber,-11.692901257845426,-3.22164999369598,1.6442611593733307,-11.796719848991573,-2.9369249077594075,1.6856305535335494,-11.73305315659455,-2.815716520585638,1.6833960690501621,164.68362338104578,0.011480034328997135,207,1.7239903211593628,1.0,1.0,disabled,single,3,row_10,row_9,-0.139240562915802,-2.4184746742248535,0.906679242428345,0.0928100219899185,0.3133234724430098,2.2792341113090515,-0.04127402478478673,0,0,0,disabled,0,0.0,50.0,alpha
180,1.4153153896331787,-0.8277345299720764,-46.92451095581055,-0.007606614381074905,0.14012455940246582,0.02818882465362549,120,6,14,0.0258173830807209,0.5172413793103449,0.3,120,140,wall,both,1,1,1,1,1,1,0.0,4,4,0,alpha,full,huber,-10.96455426640612,-2.0656851380169234,1.9922024514232204,-11.780886011910647,-2.602857917986998,1.6460307777384593,-11.771494285449606,-2.580838750635575,1.6652287873974334,119.91597340356779,0.0258173830807209,153,2.4617011547088623,1.0,1.0,disabled,single,3,row_10,row_9,-0.007606614381074905,-1.2680622339248657,0.7763979940432282,0.2201280996607884,0.5493434101884705,1.2604556195437908,0.24548339697359906,0,0,0,disabled,0,0.0,50.0,alpha
184,3.8004097938537598,-5.703495979309082,-36.48305892944336,-0.4252273738384247,1.3833001852035522,0.00045287609100341797,54,21,74,0.028832240030169487,0.5016722408026756,0.3,120,149,wall,both,1,1,1,1,1,1,0.0,4,4,0,alpha,full,huber,-12.352450965583925,-2.9344773053804336,1.7936643931017642,-12.024151766464321,-2.443625036318624,1.6838913002545646,-11.910103671148228,-2.3825718251312757,1.6748421003811185,85.75986686227782,0.028832241892814636,117,4.554248332977295,0.6587256075337419,1.0,disabled,single,3,row_10,row_9,-0.4252273738384247,-3.3905069828033447,0.9508495902413763,0.049012544791344995,0.19695385407300986,2.96527960896492,-0.37482798531519,0,0,0,disabled,0,0.0,50.0,alpha
188,2.5994749069213867,-2.7922604084014893,-40.21195602416992,-0.05021597445011139,0.4582819640636444,0.029467999935150146,128,0,22,0.06413246691226959,0.5,0.3,120,150,wall,both,1,1,1,1,1,1,0.0,4,4,0,alpha,full,huber,-10.743825983787268,-1.5111726428443442,1.997568758089458,-11.925801718772004,-2.1743183697870085,1.6670983924190512,-11.931407556330715,-2.149595324307361,1.6709267382582862,58.436683910299635,0.06413246691226959,80,3.813554525375366,0.7866676561297393,1.0,disabled,single,3,row_10,row_9,-0.05021597445011139,-0.9531081914901733,0.7069467452509307,0.286593008668018,0.6358952533035771,0.902892217040062,0.2965839664358433,0,0,0,disabled,0,0.0,50.0,alpha
192,1.356469750404358,-0.7603347897529602,-39.68171691894531,-0.04081779718399048,0.30183470249176025,0.07099467515945435,128,0,22,0.036390744149684906,0.5,0.3,120,150,wall,both,1,1,1,1,1,1,0.0,3,3,0,alpha,full,huber,-10.94748316040295,-1.2694865148020769,2.115358369130796,-11.907190840992243,-1.7258024330873847,1.6966274779127222,-11.932310979448072,-1.808185120579283,1.6837582240678808,67.49367718990615,0.036390744149684906,117,2.1293041706085205,1.0,1.0,disabled,single,3,row_10,row_9,-0.037308335304260254,-1.1151074171066284,0.7424542398489891,0.25268967558336763,0.5945675286198536,1.0777990818023682,0.26048570473322963,0,0,0,disabled,0,0.0,50.0,alpha
196,1.4055858850479126,-0.816393256187439,-38.10654830932617,-0.20173035562038422,0.9516351222991943,0.010887384414672852,67,0,67,0.028196770697832108,0.528169014084507,0.3,120,134,wall,both,1,1,1,1,1,1,0.0,1,1,0,alpha,full,huber,-12.058356456665543,-2.1550727447897637,1.6065042743793487,-12.01919707510529,-1.6294067608332876,1.68766763596611,-11.990405733097113,-1.5896432565011969,1.6853237963826455,63.52220142534113,0.028196772560477257,80,2.089095950126648,1.0,1.0,disabled,single,3,row_10,row_9,-0.20173035562038422,-2.6877269744873047,0.9228298262139402,0.0768187098512589,0.2740485929828501,2.4859966188669205,-0.1214199238437164,0,0,0,disabled,0,0.0,50.0,alpha
200,1.2621233463287354,-0.6582460403442383,-35.56300735473633,-0.25739872455596924,1.0762406587600708,0.00012224912643432617,50,13,70,0.028346462175250053,0.5300353356890459,0.3,120,133,wall,both,1,1,1,1,1,1,0.0,2,2,0,alpha,full,huber,-12.218677732999575,-1.9739825139572689,1.7698392698638798,-12.184621419872597,-1.5602256269348018,1.710856356051264,-12.10232568451549,-1.4461680403080328,1.6981025814928277,63.99125149847399,0.028346464037895203,87,1.7704863548278809,1.0,1.0,disabled,single,3,row_10,row_9,-0.25739872455596924,-2.882984161376953,0.932240733828253,0.06749176852134929,0.24955137793530385,2.625585436820984,-0.1872345250051966,0,0,0,disabled,0,0.0,50.0,alpha
204,2.891266345977783,-3.454306125640869,-34.20863342285156,-0.3935120105743408,1.330715537071228,0.0001156926155090332,49,12,75,0.038071148097515106,0.5244755244755245,0.3,120,136,wall,both,1,1,1,1,1,1,0.0,3,3,0,alpha,full,huber,-12.497353718137784,-1.8669101507847752,1.7694120418394883,-12.360626662514616,-1.4008980073966435,1.7406892589877858,-12.248006952502873,-1.294384787912113,1.7197853045239464,59.09922055695236,0.038071148097515106,80,3.4071171283721924,0.8805097937543758,1.0,disabled,single,3,row_10,row_9,-0.3935120105743408,-3.3045177459716797,0.9482427203636692,0.051604287918227604,0.2047010743849397,2.911005735397339,-0.3403672352149706,0,0,0,disabled,0,0.0,50.0,alpha
208,2.5845139026641846,-2.760211706161499,-41.018985748291016,-0.11185602843761444,0.7088702917098999,0.006822943687438965,61,0,73,0.021226495504379272,0.528169014084507,0.3,120,134,wall,both,1,1,1,1,1,1,0.0,2,2,0,alpha,full,huber,-11.892844752641636,-1.7162590450629327,1.6373191122265407,-12.310617433122056,-1.322198316254489,1.7392540204423117,-12.29813027079889,-1.1829223312567647,1.730170505739391,104.82346319085192,0.02122649736702442,138,3.2825305461883545,0.9139290427879105,1.0,disabled,single,3,row_10,row_9,-0.11185602843761444,-2.3248376846313477,0.9008763416845998,0.09853249047852358,0.32677055325140775,2.212981656193733,-0.007468752011697194,0,0,0,disabled,0,0.0,50.0,alpha
212,3.067288875579834,-3.8858399391174316,-30.310596466064453,-0.3728841245174408,1.295277714729309,0.003570854663848877,62,0,75,0.022403664886951447,0.5226480836236934,0.3,120,137,wall,both,1,1,1,1,1,1,0.0,3,3,0,alpha,full,huber,-12.722408795389132,-0.3372349724065761,1.8208119935130096,-12.509366011117853,-1.0156754019563166,1.7847571482786335,-12.423626495259528,-0.9756291197886375,1.758385308335992,106.80716766874566,0.022403664886951447,148,3.481146812438965,0.8617849696198641,1.0,disabled,single,3,row_10,row_9,-0.3728841245174408,-3.2205474376678467,0.9450060252106188,0.05479111195553705,0.21430407901646742,2.847663313150406,-0.3163201488929736,0,0,0,disabled,0,0.0,50.0,alpha
216,0.43671923875808716,-0.07881144434213638,-27.700950622558594,-0.40334847569465637,1.3472439050674438,0.00032716989517211914,57,0,63,0.015506034716963768,0.5555555555555556,0.3,120,120,wall,both,1,1,1,1,1,1,0.0,1,1,0,alpha,full,huber,-12.7532684675016,-0.4679318855886406,1.7618587740340796,-12.674047205659855,-0.6881449117494118,1.8153085989696118,-12.572238998881861,-0.7086015338466519,1.7873696805164112,126.446406828195,0.015506034716963768,169,0.7484331130981445,1.0,1.0,disabled,single,3,row_10,row_9,-0.40334847569465637,-3.311276912689209,0.9480678583047979,0.051753788810191985,0.2053554984681228,2.9079284369945526,-0.350019276896073,0,0,0,disabled,0,0.0,50.0,alpha
220,2.324286699295044,-2.232358932495117,-39.75800704956055,-0.16031941771507263,0.8458715677261353,0.017981290817260742,54,0,66,0.020940730348229408,0.5555555555555556,0.3,120,120,wall,both,1,1,1,1,1,1,0.0,1,1,0,alpha,full,huber,-12.232710503776573,-0.541227702231573,1.9262012089290987,-12.615436191318663,-0.4521483294733511,1.7365506325694393,-12.621605863166124,-0.45416939356309255,1.762598082543386,83.33735174739397,0.020940730348229408,112,2.8268144130706787,1.0,1.0,disabled,single,3,row_10,row_9,-0.16031941771507263,-2.5105552673339844,0.9124853672082246,0.08700244309160143,0.2998933492145004,2.3502358496189117,-0.06873618812481297,0,0,0,disabled,0,0.0,50.0,alpha
224,0.5733497738838196,-0.1358388215303421,-33.319305419921875,-0.3852151036262512,1.316602110862732,0.001208484172821045,51,7,69,0.042259179055690765,0.5415162454873647,0.3,120,127,wall,both,1,1,1,1,1,1,0.0,1,1,0,alpha,full,huber,-12.931629013135327,0.7810934549579565,1.7948979003319092,-12.733542455482766,0.1167160270939005,1.6906181642377704,-12.720834791832246,0.05404936621728115,1.7273346990036673,60.13154385161633,0.042259179055690765,80,1.318903923034668,1.0,1.0,disabled,single,3,row_10,row_9,-0.3852151036262512,-3.2330939769744873,0.9450274110445203,0.054780542121241345,0.2141823283848635,2.847878873348236,-0.3286737581134974,0,0,0,disabled,0,0.0,50.0,alpha
228,2.652557849884033,-2.9074642658233643,-40.10512161254883,-0.35404497385025024,1.2582471370697021,0.023352444171905518,47,0,83,0.03961174562573433,0.5357142857142857,0.3,120,130,wall,both,1,1,1,1,1,1,0.0,1,1,0,alpha,full,huber,-12.704969552606094,-0.21686395721817742,1.9528140042238418,-12.756028944259056,0.23983735083643395,1.727500182174166,-12.758692564097514,0.2753140171202136,1.7282606368764677,56.366234067827705,0.03961174562573433,80,3.2666563987731934,0.9183702335901207,1.0,disabled,single,3,row_10,row_9,-0.35404497385025024,-3.1579480171203613,0.9426769591548212,0.05710094197720481,0.2209923981712055,2.803903043270111,-0.29501335163792985,0,0,0,disabled,0,0.0,50.0,alpha
232,1.5843687057495117,-1.0372827053070068,-35.77500534057617,-0.3557263910770416,1.2652045488357544,0.0011938214302062988,54,35,66,0.021411560475826263,0.49180327868852464,0.3,120,155,wall,both,1,1,1,1,1,1,0.0,1,1,0,alpha,full,huber,-13.056811470641094,1.5275791415814102,1.808060652121327,-12.84823397574503,1.938174032467041,1.6812938418654222,-12.940723343615895,1.9712176252660547,1.7067576015470998,69.67652721477747,0.021411560475826263,80,1.6585450768470764,1.0,1.0,disabled,single,3,row_10,row_9,-0.3557263910770416,-3.1753036975860596,0.9435366876661169,0.056264171222114426,0.21844661690036357,2.819577306509018,-0.29760636079629377,0,0,0,disabled,0,0.0,50.0,alpha
236,4.068634510040283,-6.368515968322754,-39.420143127441406,-0.46399158239364624,1.0361305475234985,0.23500680923461914,70,25,30,0.043341465294361115,0.5454545454545454,0.3,100,125,wall,both,1,1,1,1,1,1,0.0,1,1,0,alpha,full,huber,-11.033675090161033,3.1936273351535944,1.0696956945533227,-12.604092581540796,3.1150303111055804,1.5385702761851099,-12.856003540600778,3.15417914641856,1.6240899747844084,64.31938043503787,0.04334146901965141,97,5.6454691886901855,0.5313995878340866,1.0,disabled,single,3,row_10,row_9,-0.4593210816383362,-0.6675915718078613,0.5410535571139163,0.4393286561700884,0.7708100030262389,0.20827049016952515,0.15491592688344236,0,0,0,disabled,0,0.0,50.0,alpha
240,1.4758251905441284,-0.9000248312950134,0.0,-0.28614863753318787,1.1346430778503418,0.0037183165550231934,0,0,0,0.009814535267651081,0.5,0.3,0,0,wall,both,1,1,1,1,1,1,0.0,0,0,0,alpha,full,huber,-13.35249167776796,3.7126454595875695,1.6831986130631833,-12.769287974181623,3.902570726241522,1.6102415578079154,-12.83511477524397,3.9495835119437954,1.6188045723272904,131.3241615367322,0.009814535267651081,148,2.323637366294861,1.0,1.0,disabled,single,3,row_10,row_9,-0.28614863753318787,-3.0293424129486084,0.9392969086461668,0.060457331421193534,0.23049698694414741,2.7431937754154205,-0.2235249844209764,0,0,0,disabled,0,0.0,50.0,alpha
244,2.9238994121551514,-3.532722234725952,0.0,-0.3987180292606354,1.3394360542297363,0.0027826428413391113,0,0,0,0.005521357525140047,0.5,0.3,0,0,wall,both,1,1,1,1,1,1,0.0,0,0,0,alpha,full,huber,-13.641403537875636,4.228908813873336,1.763260860343152,-13.043123638807643,4.360302373076063,1.6794737135011506,-12.950033977995762,4.382120256239871,1.6500280749352765,220.85283612812137,0.005521357990801334,240,3.6561129093170166,0.8205435867024188,1.0,disabled,single,3,row_10,row_9,-0.3987180292606354,-3.364102363586426,0.9508329027486996,0.049006552119335814,0.19713477895698964,2.9653843343257904,-0.3483010904967705,0,0,0,disabled,0,0.0,50.0,alpha
248,0.5277248024940491,-0.11507994681596756,-39.040069580078125,-1.8758624792099,2.9049291610717773,0.012274026870727539,28,0,69,0.020053083077073097,0.6072874493927126,0.3,97,97,wall,both,1,1,1,1,1,1,0.0,4,4,0,alpha,full,huber,-14.891896651928036,7.978949344579908,1.5580623811092238,-14.09796756974294,8.104881649181467,1.3321221184041019,-13.67762733066387,8.178393890216757,1.257768823208222,131.44024955629442,0.020053083077073097,250,1.4206608533859253,1.0,1.0,disabled,single,3,row_10,row_9,-1.8758624792099,-5.419175148010254,0.9718494572720449,0.0281033347679753,0.12860215602527775,3.543312668800354,-1.8473081133434088,0,0,1,disabled,0,0.0,50.0,alpha
252,1.0541749000549316,-0.45920857787132263,0.0,-2.655862331390381,3.362584352493286,0.18730825185775757,0,0,0,0.0085268784314394,0.5,0.3,0,0,wall,both,1,1,1,1,1,1,0.0,0,0,0,alpha,full,huber,-15.39072693950286,8.059584295183045,1.0928616205647135,-14.410523345341975,8.913611322858866,0.9917380927159273,-13.892211471290768,9.015197706016593,0.8953150383541217,208.170022718897,0.0085268784314394,250,2.798340082168579,1.0,1.0,disabled,single,3,row_10,row_9,-2.655862331390381,-6.696012020111084,0.982693688616679,0.017290336716336147,0.08748951805521973,4.040149688720703,-2.6384045152635602,0,0,1,disabled,0,0.0,50.0,alpha
256,2.1786012649536133,-1.96128249168396,-49.91938781738281,-1.9546411037445068,1.8539848327636719,0.540136456489563,3,0,117,0.03878069296479225,0.5555555555555556,0.3,120,120,wall,both,1,1,1,1,1,1,0.0,1,1,0,alpha,full,huber,-9.13273934065256,8.371710120495536,-0.3677688156985921,-13.263488961281919,9.382694911970066,0.4093781071822319,-13.385861538732973,9.438568263767657,0.4493163038463148,82.4091652049265,0.03878069296479225,250,3.946230411529541,0.7602191679520339,1.0,disabled,single,3,row_8,row_9,-1.7083781957626343,-1.9546411037445068,0.544608209185238,0.4257293202877561,0.7988532133841586,0.24626290798187256,-1.1006895706950863,1,1,0,disabled,0,0.0,50.0,alpha
260,4.658511638641357,-7.831020355224609,-49.99349594116211,-4.359354019165039,4.223320484161377,0.3113629221916199,2,0,131,0.033033426851034164,0.5300353356890459,0.3,120,133,wall,both,1,1,1,1,1,1,0.0,3,3,0,alpha,full,huber,-12.197800374419149,10.46772161400671,-0.6155028532583611,-12.355504677872734,9.866509372449592,-0.8631595150013879,-12.417378423145216,9.871127827974316,-0.8581592231843245,106.40997843889973,0.03303343057632446,250,5.388054847717285,0.5567872051768341,1.0,disabled,single,3,row_10,row_9,-4.359354019165039,-4.44722318649292,0.5078330337339828,0.4651144723900101,0.7977997973711589,0.08786916732788086,-3.681751459984326,1,2,1,disabled,0,0.0,50.0,alpha
264,3.925779342651367,-6.014328956604004,-49.451087951660156,-0.38978639245033264,1.3237017393112183,0.010042667388916016,29,9,122,0.01795310154557228,0.48387096774193555,0.3,120,160,wall,both,1,1,1,1,1,1,0.0,8,8,0,alpha,full,huber,-10.353482225075872,8.088556209280922,-1.602565323197057,-11.362097901620261,8.838948898243796,-1.6985625670729014,-11.589310753522415,9.007371536894242,-1.5834727352941502,127.62823229275669,0.01795310154557228,250,5.61453652381897,0.5343272747933645,1.0,disabled,single,3,row_9,row_8,-0.38978639245033264,-1.8061386346817017,0.6745625399285373,0.16364707864426203,0.8564710878335067,1.416352242231369,0.0039044947544875086,1,3,0,disabled,0,0.0,50.0,alpha
268,2.8740792274475098,-3.413360118865967,-42.35904312133789,-0.28486037254333496,1.0584102869033813,0.09381026029586792,29,0,104,0.024149075150489807,0.5300353356890459,0.3,88,133,wall,both,1,1,1,1,1,1,0.0,10,10,0,alpha,full,huber,-13.246380294743012,7.05687440201697,-1.8633029645982535,-11.868910222701421,7.711530666671224,-1.8329247215976794,-11.735270069589792,7.873568089709588,-1.7639317609627476,137.17155768164335,0.024149075150489807,250,4.8406431674957275,0.6197523544277338,1.0,disabled,single,3,row_10,row_9,-0.28486037254333496,-2.243107557296753,0.8754427389425978,0.12352981710779419,0.3818602877626333,1.958247184753418,-0.15183483931334063,1,4,0,disabled,0,0.0,50.0,alpha
272,2.1279067993164062,-1.8710691928863525,-32.474918365478516,-0.19819585978984833,0.9424508213996887,0.014131247997283936,71,5,75,0.012662283144891262,0.4983388704318937,0.3,120,151,wall,both,1,1,1,1,1,1,0.0,8,8,0,alpha,full,huber,-11.927238944832027,6.965895811028444,-1.2583783153881507,-12.12719496615734,7.070688825690857,-1.791066687542927,-11.981252433934081,7.216367891233858,-1.7894257338501336,185.38909428737983,0.012662283144891262,250,2.0163625478744507,1.0,1.0,disabled,single,3,row_10,row_9,-0.19819585978984833,-0.7512661218643188,0.6267345320377867,0.3604858824827998,0.7163530040666609,0.5530702620744705,0.26903636209499204,0,4,0,disabled,0,0.0,50.0,alpha
276,0.9753385782241821,-0.39309313893318176,-34.78114700317383,-0.1985674649477005,0.9452712535858154,0.0009290575981140137,55,9,75,0.011959639377892017,0.5190311418685121,0.3,113,139,wall,both,1,1,1,1,1,1,0.0,8,8,0,alpha,full,huber,-13.381927365396063,5.389788474165312,-1.4960587243454706,-12.360927732339935,6.314636959039021,-1.7131805589075049,-12.2483911410935,6.41758270443325,-1.7558188130813077,198.60802099041226,0.011959639377892017,250,2.745164394378662,1.0,1.0,disabled,single,3,row_10,row_9,-0.1985674649477005,-2.6082334518432617,0.9171899515297239,0.08240520549761138,0.2881373474484814,2.409665986895561,-0.1121267812958894,0,4,0,disabled,0,0.0,50.0,alpha
280,4.213757514953613,-6.7283244132995605,-30.664749145507812,-0.30764299631118774,1.1765776872634888,0.0017832517623901367,95,19,45,0.014038141816854477,0.4854368932038835,0.3,105,159,wall,both,1,1,1,1,1,1,0.0,7,7,0,alpha,full,huber,-11.238429726798392,5.3321094347419,-1.51267847626253,-11.89126325134388,5.425947082458623,-1.564009536439525,-12.147605230858773,5.506202058095022,-1.664584232434108,163.85389265324804,0.014038141816854477,250,4.714331150054932,0.6363575032197396,1.0,disabled,single,3,row_10,row_9,-0.30764299631118774,-0.3922061324119568,0.5079529583543995,0.46676490034639656,0.7926913113443135,0.08456313610076904,0.36972344104483423,0,4,0,disabled,0,0.0,50.0,alpha
284,2.236191511154175,-2.0663440227508545,-20.707183837890625,-0.27350789308547974,1.1094059944152832,0.0004621744155883789,137,15,23,0.01314399391412735,0.46153846153846145,0.3,120,175,wall,both,1,1,1,1,1,1,0.0,6,6,0,alpha,full,huber,-11.233827833789723,4.721920661484351,-1.422545012740874,-12.031946056157267,4.635193433037537,-1.546619223800566,-12.118566201549163,4.764623175053579,-1.6102401997770528,182.55549717905623,0.01314399391412735,250,2.3213592767715454,1.0,1.0,disabled,single,3,row_10,row_9,-0.27350789308547974,-0.45683637261390686,0.533564831562429,0.4441898695011486,0.7802906702950987,0.18332847952842712,0.3546668013337746,0,4,0,disabled,0,0.0,50.0,alpha
288,1.2070298194885254,-0.6020334959030151,-29.460607528686523,-0.10641412436962128,0.6919996738433838,4.5418739318847656e-05,99,13,21,0.00956759788095951,0.5300353356890459,0.3,120,133,wall,both,1,1,1,1,1,1,0.0,5,5,0,alpha,full,huber,-11.559078782943754,4.0597519898483565,-1.3625987480584962,-12.092696386799517,3.639686480991087,-1.5480115876979312,-12.12673387651827,3.6674295163239874,-1.5796702163660488,204.484478247572,0.00956759788095951,250,1.4942153692245483,1.0,1.0,disabled,single,3,row_10,row_9,-0.10641412436962128,-0.7741885781288147,0.6541106135736112,0.3354597628414286,0.6916545821964923,0.6677744537591934,0.318064683552239,0,4,0,disabled,0,0.0,50.0,alpha
292,3.597409248352051,-5.200188159942627,-17.505178451538086,-0.233621746301651,1.0251132249832153,0.004898548126220703,113,5,12,0.010341731831431389,0.5357142857142857,0.3,120,130,wall,both,1,1,1,1,1,1,0.0,4,4,0,alpha,full,huber,-11.006769713680029,3.0041172808322205,-1.2833795058116646,-11.54933740321824,3.0664085747931042,-1.3642841440259343,-11.841208284255313,3.0094026392987443,-1.410258242419537,176.80190905082463,0.010341731831431389,250,4.714885950088501,0.6362826231128005,1.0,disabled,single,3,row_10,row_9,-0.23358702659606934,-0.49123820662498474,0.5531396270081068,0.4275021337925992,0.7671895969802189,0.2576511800289154,0.3585577926650766,0,4,0,disabled,0,0.0,50.0,alpha
296,2.3202178478240967,-2.2245500087738037,-27.397865295410156,-0.21640323102474213,0.9867627024650574,0.0024896860122680664,118,2,9,0.009445914067327976,0.5376344086021506,0.3,120,129,wall,both,1,1,1,1,1,1,0.0,5,5,0,alpha,full,huber,-10.394819277653378,2.4725455414559265,-1.4496153413611323,-11.027875325169237,2.7095824106348814,-1.3087143330743038,-11.400857648469126,2.6514778146428424,-1.356282814972652,178.98031842645187,0.009445914067327976,250,3.163420081138611,0.9483406955298233,1.0,disabled,single,3,row_9,row_10,-0.21640323102474213,-0.5179534554481506,0.5494810253946417,0.40643500144156525,0.8325600859927376,0.3015502244234085,0.38237780538390764,1,5,0,disabled,0,0.0,50.0,alpha
300,1.6047368049621582,-1.0641241073608398,-13.870240211486816,-0.2134733498096466,0.9800718426704407,0.0022042393684387207,121,7,5,0.017742197960615158,0.5300353356890459,0.3,120,133,wall,both,1,1,1,1,1,1,0.0,1,1,0,alpha,full,huber,-10.874744459243477,2.071244472796681,-1.3159916558096036,-10.91281865393643,2.313610229766776,-1.3384669108353604,-11.12236059822805,2.3242925303931106,-1.3496189662861455,140.23492340990884,0.017742197960615158,191,1.9820548295974731,1.0,1.0,disabled,single,3,row_10,row_9,-0.2134733498096466,-0.5231940746307373,0.5663545791447674,0.4155070668256931,0.7596436342215119,0.3097207248210907,0.35506158219645656,1,6,0,disabled,0,0.0,50.0,alpha
304,1.4579511880874634,-0.8783560395240784,-19.081703186035156,-0.11792414635419846,0.7214038372039795,0.02360612154006958,116,6,4,0.031464241445064545,0.5434782608695653,0.3,120,126,wall,both,1,1,1,1,1,1,0.0,2,2,0,alpha,full,huber,-10.81510506344188,0.6136057637803369,-1.235234252147904,-10.69368440804375,0.9213977983486459,-1.368419490668775,-10.758487968172904,0.9578215653615867,-1.356216151764871,77.4659252980682,0.031464241445064545,112,1.991693377494812,1.0,1.0,disabled,single,3,row_10,row_9,-0.11792414635419846,-0.7121787071228027,0.6363883401582687,0.3512697384574363,0.7093517656766026,0.5942545607686043,0.33402215789363693,0,6,0,disabled,0,0.0,50.0,alpha
308,1.6812517642974854,-1.1680196523666382,-39.62885284423828,-0.06425350159406662,0.5266736149787903,0.0252988338470459,72,0,58,0.021640295162796974,0.5357142857142857,0.3,120,130,wall,both,1,1,1,1,1,1,0.0,4,4,0,alpha,full,huber,-11.94178727406415,-0.3454521978923692,-1.6307307446697987,-10.807125301219868,0.16436886365050335,-1.4055582498872803,-10.710413190109602,0.22891677104482153,-1.380022393798473,103.3158127158338,0.021640295162796974,127,3.1452605724334717,0.9538160450976294,1.0,disabled,single,3,row_10,row_9,-0.06425350159406662,-2.0564987659454346,0.8790794247120024,0.1198966338850182,0.37466047370855554,1.992245264351368,0.0646265257508023,0,6,0,disabled,0,0.0,50.0,alpha
312,5.075741767883301,-8.86547565460205,-27.88479232788086,-0.2795678675174713,1.088351845741272,0.06327837705612183,113,21,8,0.025982676073908806,0.5136986301369862,0.3,120,142,wall,both,1,1,1,1,1,1,0.0,5,5,0,alpha,full,huber,-10.109889815814716,0.5746182225332187,-1.1138736565859584,-10.61404147193582,-0.014563814788456832,-1.3174463487089412,-10.62840192640899,-0.06797350120838253,-1.344624852353587,104.59131809992604,0.025982672348618507,148,5.794387578964233,0.5177423772774724,1.0,disabled,single,3,row_9,row_10,-0.27335041761398315,-0.4595201015472412,0.5244958145898697,0.435401138686223,0.8294806604899894,0.18616968393325806,0.3719674133732316,1,7,0,disabled,0,0.0,50.0,alpha
316,0.5224957466125488,-0.11281067132949829,-29.266233444213867,-0.2455143928527832,1.0388656854629517,0.03731358051300049,117,38,7,0.013672061264514923,0.4807692307692307,0.3,120,162,wall,both,1,1,1,1,1,1,0.0,8,8,0,alpha,full,huber,-10.037051567761399,0.3717244091900665,-1.1207283832754635,-10.335523428706185,-0.3549255113528706,-1.2854396551850327,-10.434505155719387,-0.4176892284786965,-1.3105071890127273,133.0148822590079,0.013672061264514923,175,1.4903191328048706,1.0,1.0,disabled,single,3,row_9,row_10,-0.2455143928527832,-0.48774176836013794,0.5362376110589057,0.4208809402995753,0.8334512572860502,0.24222737550735474,0.3776635190744595,0,7,0,disabled,0,0.0,50.0,alpha
320,3.297884464263916,-4.4575653076171875,-43.58515548706055,-0.012349190190434456,0.06459518522024155,0.052899718284606934,104,29,44,0.023559460416436195,0.4587155963302753,0.3,98,177,wall,both,1,1,1,1,1,1,0.0,7,7,0,alpha,full,huber,-11.067029610408252,-1.92735779600638,-1.7141108151349733,-10.361840191025994,-1.1174350955031191,-1.3789178216953915,-10.311451586203654,-1.093175903846678,-1.3500280916513885,94.69045509019237,0.023559460416436195,133,4.588566780090332,0.6537989188730824,1.0,disabled,single,3,row_10,row_9,-0.012349190190434456,-1.35761559009552,0.790987972775211,0.2060288819615366,0.5282831078473755,1.3452663999050856,0.22212332622787617,1,8,0,disabled,0,0.0,50.0,alpha
324,1.6515825986862183,-1.1271591186523438,-17.708765029907227,-0.251059353351593,1.0626779794692993,0.005125224590301514,134,17,3,0.02563696913421154,0.49342105263157904,0.3,120,154,wall,both,1,1,1,1,1,1,0.0,8,8,0,alpha,full,huber,-10.046114133399623,-1.9586718859268073,-1.2861036265689951,-9.983453946878647,-2.0700719569625736,-1.311105811148089,-10.026763526774399,-2.119391952026115,-1.322855800032184,74.64934207945673,0.02563697099685669,102,1.9488846063613892,1.0,1.0,disabled,single,3,row_10,row_9,-0.251059353351593,-0.47591570019721985,0.5451049495168188,0.43533767625395375,0.7697450000746153,0.22485634684562683,0.3557175815853537,0,8,0,disabled,0,0.0,50.0,alpha
328,3.0803632736206055,-3.9182560443878174,-10.381213188171387,-0.25499987602233887,1.0710521936416626,0.0043447017669677734,125,0,0,0.08525709807872772,0.5454545454545454,0.3,120,125,wall,both,1,1,1,1,1,1,0.0,5,5,0,alpha,full,huber,-9.312758507913514,-3.8951960242581043,-1.3575972815980926,-9.512926382750603,-3.315404367702638,-1.2917029861939322,-9.634099042758503,-3.2536267830091763,-1.3287928696318965,53.16604922566566,0.08525709807872772,133,3.9795055389404297,0.7538625014199051,1.0,disabled,single,3,row_9,row_10,-0.25499987602233887,-0.4429418742656708,0.5268523361464316,0.43658291611253225,0.820435972258627,0.1879419982433319,0.38583509074656275,1,9,0,disabled,0,0.0,50.0,alpha
332,1.1940735578536987,-0.5891783833503723,-42.02385330200195,-0.06192551180720329,0.09242566674947739,0.12127101421356201,112,4,21,0.018855685368180275,0.5226480836236934,0.3,120,137,wall,both,1,1,1,1,1,1,0.0,3,3,0,alpha,full,huber,-8.224197897900318,-3.4508520096894806,-0.9176941877134643,-9.260306092344981,-3.97024411271188,-1.266556324053152,-9.369170937063537,-3.928056239631225,-1.3016377842292184,99.50865055663316,0.018855685368180275,127,2.572984457015991,1.0,1.0,disabled,single,3,row_9,row_8,-0.017221352085471153,-1.4098246097564697,0.6781326755226292,0.1684669684666873,0.8510176555906703,1.3926032576709986,0.37119097148885044,0,9,0,disabled,0,0.0,50.0,alpha
336,3.8425989151000977,-5.808096408843994,-17.597515106201172,-0.23866209387779236,1.0362473726272583,0.003048539161682129,137,10,2,0.017064642161130905,0.5016722408026756,0.3,120,149,wall,both,1,1,1,1,1,1,0.0,3,3,0,alpha,full,huber,-9.005934780012185,-5.201929500731811,-1.3224708430117065,-9.022724659596609,-4.728039199936411,-1.2930507928187946,-9.110114774660266,-4.639203294113151,-1.303162112279643,116.91069697110784,0.017064642161130905,148,4.286281585693359,0.6999073532670655,1.0,disabled,single,3,row_9,row_10,-0.23866209387779236,-0.4767255485057831,0.5365472369649499,0.4228811414578036,0.8280326259554691,0.23806345462799072,0.38393858037646855,0,9,0,disabled,0,0.0,50.0,alpha
340,1.6837208271026611,-1.1714528799057007,-32.46432876586914,-0.1488160640001297,0.7826092839241028,0.055802762508392334,130,26,19,0.016779130324721336,0.46153846153846145,0.3,120,175,wall,both,1,1,1,1,1,1,0.0,3,3,0,alpha,full,huber,-7.214218139942165,-4.888853215278293,-1.0649272098910685,-8.541967865461995,-5.7442955337991375,-1.2795411676420427,-8.688686334853966,-5.692655946587858,-1.299873544056595,122.71285425817793,0.016779130324721336,143,2.7458667755126953,1.0,1.0,disabled,single,3,row_9,row_8,-0.1488160640001297,-0.687964916229248,0.5925483303794714,0.3456005359514716,0.8494181025167318,0.5391488522291183,0.3745067750386828,0,9,0,disabled,0,0.0,50.0,alpha
344,3.335819721221924,-4.551619529724121,-45.36444854736328,-0.01594902202486992,0.21755895018577576,0.036476731300354004,97,37,45,0.014650304801762104,0.45592705167173253,0.3,120,179,wall,both,1,1,1,1,1,1,0.0,4,4,0,alpha,full,huber,-10.022420275584361,-6.649166554952556,-1.6714231061489329,-8.685101557750153,-6.286622639993381,-1.3614943593304494,-8.63467141567444,-6.177657950989369,-1.3360698830537643,151.61670969183666,0.014650305733084679,207,4.781829833984375,0.6273748970904519,1.0,disabled,single,3,row_10,row_9,-0.01594902202486992,-1.1638742685317993,0.7557732034666479,0.23980260104247333,0.5780326564450721,1.1479252465069294,0.264064921199847,1,10,0,disabled,0,0.0,50.0,alpha
348,1.3516813516616821,-0.754976212978363,-23.773324966430664,-0.2486554980278015,1.057800531387329,0.0006475448608398438,117,59,14,0.01582949608564377,0.4411764705882353,0.3,120,190,wall,both,1,1,1,1,1,1,0.0,4,4,0,alpha,full,huber,-8.869440029741206,-6.123267046378585,-1.3645848480023892,-8.74042489033787,-6.711727134649602,-1.3840928029728568,-8.627765358304629,-6.694689086270486,-1.3669389492160422,165.085688510101,0.01582949608564377,229,2.033393383026123,1.0,1.0,disabled,single,3,row_9,row_10,-0.2486554980278015,-0.4627164304256439,0.5317187431085605,0.4292561121339075,0.8254576785328345,0.2140609323978424,0.38298510977974165,1,11,0,disabled,0,0.0,50.0,alpha
352,2.065528631210327,-1.7629786729812622,-22.44856834411621,-0.25195595622062683,1.0647867918014526,0.0012972354888916016,125,24,45,0.011786193586885929,0.43604651162790703,0.3,120,194,wall,both,1,1,1,1,1,1,0.0,2,2,0,alpha,full,huber,-8.613581761082141,-7.764443203170085,-1.3652982619419392,-8.49404403235572,-7.367981545242129,-1.3340735396233097,-8.488913666782384,-7.379573833378556,-1.3584724328796833,183.68928596738834,0.011786193586885929,246,1.874241292476654,1.0,1.0,disabled,single,3,row_9,row_10,-0.25195595622062683,-0.4383595883846283,0.5254868521111355,0.43612178950535885,0.825175506324743,0.18640363216400146,0.39147415252698925,0,11,0,disabled,0,0.0,50.0,alpha
356,2.9756197929382324,-3.6588070392608643,-24.642902374267578,-0.2762613594532013,1.1148959398269653,0.0031569600105285645,133,9,49,0.023318510502576828,0.4398826979472141,0.3,120,191,wall,both,1,1,1,1,1,1,0.0,2,2,0,alpha,full,huber,-8.551173920051317,-8.36289234491541,-1.2920772792133266,-8.436842335996056,-8.050292931556637,-1.3475532977670373,-8.401758737382952,-7.998453256746729,-1.3442373475503928,132.5206595382572,0.02331850863993168,213,3.4639475345611572,0.8660639256420106,1.0,disabled,single,3,row_9,row_10,-0.2762613594532013,-0.4040509760379791,0.5129024781522773,0.45137393017444416,0.8205279060606784,0.12778961658477783,0.3914081934973501,0,11,0,disabled,0,0.0,50.0,alpha
360,2.0172648429870605,-1.6815526485443115,-32.33517074584961,-0.14356209337711334,0.7987560629844666,0.020893573760986328,101,5,38,0.013896500691771507,0.5102040816326531,0.3,120,144,wall,both,1,1,1,1,1,1,0.0,1,1,0,alpha,full,huber,-9.22919200224639,-7.76554423257372,-1.5944921924237974,-8.640924751435396,-8.213308078158041,-1.4552457447441696,-8.492010935710297,-8.233120130736795,-1.3988562565548823,157.32820047894643,0.013896500691771507,229,3.05448579788208,0.9821620392146333,1.0,disabled,single,3,row_10,row_9,-0.14356209337711334,-0.6231784820556641,0.6090718279712666,0.37702813608939595,0.7291907054448393,0.4796163886785507,0.3522569807263975,1,12,0,disabled,0,0.0,50.0,alpha
364,1.0518463850021362,-0.4571821689605713,0.0,-0.18150658905506134,0.8858433961868286,0.04177975654602051,0,0,0,0.011130663566291332,0.5,0.3,0,0,wall,both,1,1,1,1,1,1,0.0,0,0,0,alpha,full,huber,-8.81683213411353,-9.380469943800907,-1.6995738151427844,-8.661775837460944,-8.748365112191856,-1.484600406698378,-8.543616191709486,-8.68237112214262,-1.43974592539457,200.38004445298992,0.011130664497613907,250,1.8932875990867615,1.0,1.0,disabled,single,3,row_10,row_9,-0.18150658905506134,-0.5640439391136169,0.5843973883447426,0.3986340630521897,0.7497219070480029,0.3825373500585556,0.35566747901201834,0,12,0,disabled,0,0.0,50.0,alpha
368,3.5848124027252197,-5.168956756591797,0.0,-0.00844445452094078,0.14710475504398346,0.029844999313354492,0,0,0,0.018807047978043556,0.5,0.3,0,0,wall,both,1,1,1,1,1,1,0.0,0,0,0,alpha,full,huber,-7.51405646830965,-8.60950103507111,-1.1266310570611693,-8.366474062964064,-9.048031912257507,-1.3902682571488658,-8.429448911255939,-9.05939791939291,-1.4113618992415233,172.1457363978031,0.018807047978043556,250,4.712069988250732,0.6366628694990359,1.0,disabled,single,3,row_9,row_10,-0.00844445452094078,-1.1935217380523682,0.6608668624234445,0.2020419032281033,0.8692697388395709,1.1850772835314274,0.40575842331833967,1,13,0,disabled,0,0.0,50.0,alpha
372,1.0648856163024902,-0.46858733892440796,0.0,-0.019872039556503296,0.27808862924575806,0.02565699815750122,0,0,0,0.010382411070168018,0.5,0.3,0,0,wall,both,1,1,1,1,1,1,0.0,0,0,0,alpha,full,huber,-9.438028779439247,-9.360821546272442,-1.59425899762834,-8.453522491115557,-9.8507877970803,-1.4461155289631455,-8.370089798414073,-9.89909940512072,-1.4241045622569113,211.34039039664952,0.010382410138845444,250,2.129692554473877,1.0,1.0,disabled,single,3,row_10,row_9,-0.018853120505809784,-1.0602443218231201,0.7349835597847006,0.25942222066882464,0.6053564080010851,1.0413912013173103,0.28905402715351286,1,14,0,disabled,0,0.0,50.0,alpha
376,2.037775993347168,-1.7159219980239868,0.0,-0.0019209282472729683,0.019692886620759964,0.021201729774475098,0,0,0,0.009802965447306633,0.5,0.3,0,0,wall,both,1,1,1,1,1,1,0.0,0,0,0,alpha,full,huber,-7.05667652695896,-9.827120609613509,-1.0717836005389882,-8.176797511209966,-10.282159972472098,-1.3279111511912933,-8.235663360763597,-10.346328522272248,-1.3735286913287792,201.7789864391822,0.009802965447306633,250,3.4160791635513306,0.8781997888132143,1.0,disabled,single,3,row_9,row_8,-0.0019209282472729683,-1.3772884607315063,0.6731680004154751,0.17014098130346914,0.8581782227791714,1.3753675324842334,0.39383942309598485,1,15,0,disabled,0,0.0,50.0,alpha
380,0.5511168837547302,-0.12550820410251617,0.0,-0.001967395655810833,0.04787491261959076,0.018900394439697266,0,0,0,0.009061542339622974,0.5,0.3,0,0,wall,both,1,1,1,1,1,1,0.0,0,0,0,alpha,full,huber,-7.174325358650319,-9.574617009936054,-1.0833380863517208,-7.7392669800886456,-10.632045004483977,-1.240349874640259,-7.930086761320417,-10.77626977359116,-1.3031190627625253,190.37594579797963,0.009061543270945549,250,1.3239940404891968,1.0,1.0,disabled,single,3,row_9,row_10,-0.001967395655810833,-1.373525619506836,0.6694935959661095,0.16985809884998973,0.8634979305083866,1.371558223851025,0.3992662836387425,0,15,0,disabled,0,0.0,50.0,alpha
384,0.5930959582328796,-0.14535653591156006,0.0,-0.01862182840704918,0.2876347601413727,0.007612764835357666,0,0,0,0.01056902576237917,0.5,0.3,0,0,wall,both,1,1,1,1,1,1,0.0,0,0,0,alpha,full,huber,-7.029946428404953,-10.094213974518066,-1.1545998897246381,-7.327586072912673,-10.82016764117502,-1.1163948159598192,-7.57735029827883,-10.985946736760553,-1.2080302926140816,192.58927830470049,0.01056902576237917,250,1.7255826592445374,1.0,1.0,disabled,single,3,row_9,row_8,-0.01862182840704918,-1.4248076677322388,0.6737329259757475,0.16511594775786256,0.8576304716879046,1.4061858393251896,0.3762996704529558,0,15,0,disabled,0,0.0,50.0,alpha
388,0.8312946557998657,-0.28555819392204285,0.0,-0.6970267295837402,1.7710371017456055,0.0016152262687683105,0,0,0,0.0066999029368162155,0.5,0.3,0,0,wall,both,1,1,1,1,1,1,0.0,0,0,0,alpha,full,huber,-6.476740811206182,-11.481877831665285,-1.3349149477972797,-6.871720266726415,-11.20853897604537,-1.0539795630532782,-7.1441111782946844,-11.309128305072836,-1.1293277696929724,209.442086454524,0.0066999029368162155,250,1.5145094990730286,1.0,1.0,disabled,single,3,row_9,row_8,-0.6970267295837402,-1.7576953172683716,0.6606160513360049,0.22872129800790705,0.8548994195094167,1.0606685876846313,-0.2824442613799688,0,15,0,disabled,0,0.0,50.0,alpha
392,0.9499296545982361,-0.37287867069244385,0.0,-0.3366420865058899,1.2155570983886719,0.0450703501701355,0,0,0,0.012920210137963295,0.5,0.3,0,0,wall,both,1,1,1,1,1,1,0.0,0,0,0,alpha,full,huber,-6.27480422148521,-10.740476736521531,-0.976696328848905,-6.401872120284998,-11.370115218500061,-1.060973378605095,-6.660354889949936,-11.577968196527284,-1.16368107943202,179.73547875361106,0.012920210137963295,250,1.8448445796966553,1.0,1.0,disabled,single,3,row_9,row_8,-0.3366420865058899,-1.042130470275879,0.6222385384484904,0.3073032784915721,0.8447100022600289,0.705488383769989,0.1377896709265275,0,15,0,disabled,0,0.0,50.0,alpha
396,0.304214209318161,-0.038242265582084656,0.0,-0.6896700263023376,1.76167631149292,0.0007924437522888184,0,0,0,0.010477735660970211,0.5,0.3,0,0,wall,both,1,1,1,1,1,1,0.0,0,0,0,alpha,full,huber,-7.27323157438066,-11.55559116728297,-1.2382570556514092,-6.477747121856668,-11.760948133039193,-0.9626873678518286,-6.488706960454455,-11.85578229668993,-0.9595971369500385,197.35966135324477,0.010477735660970211,250,1.3078567385673523,1.0,1.0,disabled,single,3,row_9,row_10,-0.6896700263023376,-1.5705711841583252,0.6420176812482458,0.2660580947735342,0.8561789521891179,0.8809011578559875,-0.2465305915160365,0,15,0,disabled,0,0.0,50.0,alpha
400,1.4219748973846436,-0.8355424404144287,0.0,-1.587377905845642,2.6726503372192383,0.0027681589126586914,0,0,0,0.01031377725303173,0.5,0.3,0,0,wall,both,1,1,1,1,1,1,0.0,0,0,0,alpha,full,huber,-8.171282295932983,-12.502607116892904,-1.3350680504892236,-6.56970955386589,-12.445091841828859,-0.4512381381485542,-6.329281924029031,-12.435758618594914,-0.3672055804055172,196.79667508765795,0.010313778184354305,250,2.8589166402816772,1.0,1.0,disabled,single,3,row_10,row_9,-1.587377905845642,-1.8913811445236206,0.5646223537330483,0.41661138987052027,0.7621315354697501,0.3040032386779785,-1.0157797340582813,1,16,1,disabled,0,0.0,50.0,alpha
404,0.4219530522823334,-0.0735720619559288,-45.839969635009766,-2.133972406387329,1.164360523223877,0.6700828075408936,11,3,76,0.02651830017566681,0.625,0.3,74,90,wall,both,1,1,1,1,1,1,0.0,6,6,0,alpha,full,huber,-4.355772420292503,-10.527216331303794,3.0715775578887765,-4.619443456557736,-12.201707681514574,2.371528761657709,-4.701819869540791,-12.61589315817929,2.216716874613317,81.09925455232755,0.02651830017566681,250,2.68489408493042,1.0,1.0,disabled,single,3,row_8,row_9,-2.133972406387329,-3.4319918155670166,0.6539097029263854,0.17856449702456662,0.8847081680615843,1.2980194091796875,-1.7091864004101,1,17,0,disabled,0,0.0,50.0,alpha
408,0.9105464816093445,-0.3426012098789215,-38.04615783691406,-0.0890815332531929,0.541110098361969,0.07670485973358154,47,11,88,0.03273007273674011,0.5067567567567568,0.3,117,146,wall,both,1,1,1,1,1,1,0.0,6,6,0,alpha,full,huber,-5.129212130715548,-9.49957482043285,2.2312205166589605,-5.775738247836593,-10.43261070310031,2.338364396944822,-5.8754719125480195,-10.679593373189903,2.2844928910441222,111.73458932967714,0.03273007273674011,250,2.0210201740264893,1.0,1.0,disabled,single,3,row_8,row_9,-0.0890815332531929,-0.8627029657363892,0.6244875434652385,0.28810066504512405,0.8655826553081959,0.7736214324831963,0.38174236277499274,0,17,0,disabled,0,0.0,50.0,alpha
412,3.4089291095733643,-4.732882499694824,-28.169025421142578,-0.29943037033081055,1.159590482711792,0.012317419052124023,79,4,52,0.013141701929271221,0.5263157894736842,0.3,120,135,wall,both,1,1,1,1,1,1,0.0,5,5,0,alpha,full,huber,-5.937053955670607,-10.118792055653424,1.7064062592594365,-5.869688538574812,-9.639135618551173,2.2855354114586715,-6.128124959264101,-9.864270268653783,2.3420076123588087,176.33477413072507,0.013141701929271221,250,3.4693797826766968,0.864707869394869,1.0,disabled,single,3,row_9,row_8,-0.29943037033081055,-0.5169004797935486,0.5332016595928872,0.4289882766299738,0.8222053998343903,0.21747010946273804,0.3294252078368245,1,18,0,disabled,0,0.0,50.0,alpha
416,2.293882369995117,-2.174337387084961,-25.478792190551758,-0.3642328381538391,1.2802493572235107,0.0007123351097106934,81,5,55,0.03598785027861595,0.5154639175257733,0.3,120,141,wall,both,1,1,1,1,1,1,0.0,7,7,0,alpha,full,huber,-5.798130421966061,-10.05571034628298,1.8257755931072586,-6.100646403938049,-9.585437225263657,2.223978643091946,-6.250849727971078,-9.584461713680366,2.328723447428919,128.35829870688596,0.03598785027861595,250,2.9124019145965576,1.0,1.0,disabled,single,3,row_9,row_8,-0.3642328381538391,-0.4186636805534363,0.49826727791473774,0.47187107084934676,0.8063504384422857,0.05443084239959717,0.3323858051369597,0,18,0,disabled,0,0.0,50.0,alpha
420,1.5874779224395752,-1.0413578748703003,-35.12969207763672,-0.10180820524692535,0.610858678817749,0.0680232048034668,88,0,49,0.01480857189744711,0.5226480836236934,0.3,120,137,wall,both,1,1,1,1,1,1,0.0,3,3,0,alpha,full,huber,-7.790141188580735,-9.482312837696565,2.2344908828638186,-6.700054804396363,-9.111746715308328,2.189936157347629,-6.742560721903888,-9.065901819799414,2.2690888626245824,187.57210477244772,0.014808573760092258,250,3.1437032222747803,0.9542885533034519,1.0,disabled,single,3,row_9,row_10,-0.10180820524692535,-0.8501256704330444,0.6249568637074053,0.29570583636000963,0.8551046354368037,0.7483174651861191,0.36826444444881806,0,18,0,disabled,0,0.0,50.0,alpha
424,0.8723981380462646,-0.3144952654838562,-38.31904983520508,-0.19344674050807953,0.932507336139679,0.007155239582061768,115,36,24,0.013336628675460815,0.46153846153846145,0.3,120,175,wall,both,1,1,1,1,1,1,0.0,7,7,0,alpha,full,huber,-5.84399491382913,-8.122309339246911,1.8760867854548318,-6.510578856084898,-8.27956339042337,2.0009116619740315,-6.866417778942266,-8.386986248015223,2.1457516705288304,166.19651989030024,0.013336628675460815,250,1.8678418397903442,1.0,1.0,disabled,single,3,row_8,row_9,-0.19344674050807953,-0.5593492984771729,0.5614946679521353,0.3894360706820053,0.8392485754468912,0.3659025579690933,0.3837062604187681,1,19,0,disabled,0,0.0,50.0,alpha
428,0.3297833800315857,-0.04494094103574753,-36.22496032714844,-0.24468721449375153,1.049329400062561,0.00012248754501342773,122,23,17,0.009335064329206944,0.4807692307692307,0.3,120,162,wall,both,1,1,1,1,1,1,0.0,6,6,0,alpha,full,huber,-6.470167676938409,-7.734434355273283,1.7856857726260467,-6.468272361440377,-7.664079494985435,1.9263799454109054,-6.844592818668584,-7.75199483355834,2.0529319197097475,182.61536096218097,0.009335064329206944,250,0.7017910778522491,1.0,1.0,disabled,single,3,row_9,row_8,-0.24468721449375153,-0.4843597412109375,0.5350185430554554,0.42099833529036945,0.8362472366244862,0.23967252671718597,0.38076665827628087,1,20,0,disabled,0,0.0,50.0,alpha
432,1.2599667310714722,-0.6559984087944031,-30.554149627685547,-0.3092813789844513,1.1796035766601562,0.00405275821685791,142,22,9,0.017164135351777077,0.46439628482972134,0.3,120,173,wall,both,1,1,1,1,1,1,0.0,6,6,0,alpha,full,huber,-6.514791201242351,-6.656119278807686,1.815413836182465,-6.602881601858233,-7.191227604652669,1.9382710063101187,-6.799155546048061,-7.327498359086833,1.9999234163522202,177.15020205846403,0.017164135351777077,250,1.8329453468322754,1.0,1.0,disabled,single,3,row_9,row_8,-0.3092813789844513,-0.4050939083099365,0.5057926410242433,0.45958056376563133,0.8185137861216529,0.09581252932548523,0.372347115048675,0,20,0,disabled,0,0.0,50.0,alpha
436,0.15852244198322296,-0.010384035296738148,-28.81178092956543,-0.2739867866039276,1.1084587574005127,0.015228569507598877,132,11,12,0.012447119690477848,0.49180327868852464,0.3,120,155,wall,both,1,1,1,1,1,1,0.0,4,4,0,alpha,full,huber,-6.537524540104542,-6.97235471908998,1.900094348533985,-6.744963742423884,-6.5919085903589405,1.903158486249685,-6.920579734825477,-6.6351154660660505,1.960453887396901,178.0465139078123,0.012447119690477848,250,0.6611862480640411,1.0,1.0,disabled,single,3,row_9,row_8,-0.2739867866039276,-0.4494093656539917,0.5224192639463359,0.4383632366392666,0.8277313652164184,0.1754225790500641,0.37529803924149086,0,20,0,disabled,0,0.0,50.0,alpha
440,0.1708713173866272,-0.012064879760146141,-19.13723373413086,-0.2151561826467514,0.9839599132537842,0.0011818408966064453,148,0,0,0.01184496097266674,0.5033557046979865,0.3,120,148,wall,both,1,1,1,1,1,1,0.0,6,6,0,alpha,full,huber,-6.908409240633724,-5.4793985227936055,1.7896409527678383,-6.96621333566509,-5.545480153667114,1.7640950830595883,-7.1303073647162964,-5.635144508364241,1.8142245084160225,155.43616970088132,0.01184496097266674,207,0.5546092391014099,1.0,1.0,disabled,single,3,row_9,row_8,-0.2151561826467514,-0.5304136872291565,0.5515546541326402,0.40241481313597954,0.836192516354299,0.3152575045824051,0.37985816167685504,0,20,0,disabled,0,0.0,50.0,alpha
444,1.1615339517593384,-0.5575045943260193,-15.872570037841797,-0.1763542741537094,0.8906109929084778,0.004703104496002197,141,7,2,0.032047905027866364,0.5,0.3,120,150,wall,both,1,1,1,1,1,1,0.0,6,6,0,alpha,full,huber,-7.216305974574757,-4.01852253771288,1.7773298380627836,-7.267981279957672,-4.4516165639175025,1.7715956276877782,-7.321660386532156,-4.550066822707783,1.7615985842767081,62.08748412773954,0.032047905027866364,80,1.764790952205658,1.0,1.0,disabled,single,3,row_9,row_8,-0.1763542741537094,-0.5698044300079346,0.5673796748123804,0.3828252214861032,0.8385062882826713,0.39345015585422516,0.390372304716047,0,20,0,disabled,0,0.0,50.0,alpha
448,2.974013566970825,-3.654858350753784,-29.85159683227539,-0.06347952038049698,0.5343392491340637,0.0027548670768737793,114,13,29,0.02242448553442955,0.49019607843137253,0.3,120,156,wall,both,1,1,1,1,1,1,0.0,4,4,0,alpha,full,huber,-7.721294131588653,-3.6032511535094516,1.95149052620879,-7.46378898393186,-4.075741090723261,1.7947173967468788,-7.426668256488309,-4.137168839178578,1.7773786219670802,66.24904536915733,0.0224244873970747,80,3.3179707527160645,0.9041671019987816,1.0,disabled,single,3,row_9,row_8,-0.06347952038049698,-0.8975516557693481,0.6356959884666566,0.2760683025518281,0.857535536159112,0.8340721353888512,0.3895553150981644,0,20,0,disabled,0,0.0,50.0,alpha
452,0.026663856580853462,-0.0002937856479547918,-30.265562057495117,-0.14544548094272614,0.8090077042579651,0.0007800459861755371,111,43,13,0.03034721128642559,0.47318611987381703,0.3,120,167,wall,both,1,1,1,1,1,1,0.0,5,5,0,alpha,full,huber,-7.40780234378474,-3.683528521722077,1.83774519490356,-7.4377963908708,-3.703605974823917,1.7773772973599418,-7.462147111620812,-3.7776451551592745,1.7734796543447438,57.05296369908925,0.03034721128642559,80,0.3459331542253494,1.0,1.0,disabled,single,3,row_9,row_8,-0.14544548094272614,-0.6564542651176453,0.5880834349853951,0.35278543874807433,0.8469936859312001,0.5110087841749191,0.3854409639734372,0,20,0,disabled,0,0.0,50.0,alpha
456,0.20215409994125366,-0.016886893659830093,-28.659719467163086,-0.27676889300346375,1.1153054237365723,0.009197771549224854,106,55,15,0.03438934311270714,0.4601226993865031,0.3,120,176,wall,both,1,1,1,1,1,1,0.0,6,6,0,alpha,full,huber,-7.201225201203048,-3.3210716031278493,1.7415116925298921,-7.436658211581831,-3.1094521938221726,1.7141912973721163,-7.508242271933283,-3.1572317143441753,1.7370564622668638,56.80133443394603,0.03438933938741684,80,0.465618297457695,1.0,1.0,disabled,single,3,row_9,row_8,-0.27676889300346375,-0.46560415625572205,0.5257233700210209,0.43525840910648744,0.8266487517220559,0.1888352632522583,0.3662112240890164,0,20,0,disabled,0,0.0,50.0,alpha
460,5.521447658538818,-9.970531463623047,-25.531782150268555,-0.34030255675315857,1.2374392747879028,0.0023976564407348633,121,22,20,0.04027262330055237,0.47923322683706066,0.3,120,163,wall,both,1,1,1,1,1,1,0.0,4,4,0,alpha,full,huber,-7.271930031191451,-2.132120380882223,1.6570326909510884,-7.436459151091752,-2.4278703799407175,1.6980264994990786,-7.517952340067062,-2.5208041724006978,1.7127546797640028,59.777661409599276,0.04027262330055237,80,5.908787965774536,0.5077183370560757,1.0,disabled,single,3,row_9,row_8,-0.34030255675315857,-0.38371583819389343,0.49512233828848784,0.4740873553249156,0.809055394638975,0.04341328144073486,0.36264784213878676,0,20,0,disabled,0,0.0,50.0,alpha
464,1.9495158195495605,-1.5705008506774902,-26.400815963745117,-0.35276201367378235,1.2597696781158447,0.00472027063369751,131,38,22,0.033376194536685944,0.4398826979472141,0.3,120,191,wall,both,1,1,1,1,1,1,0.0,7,7,0,alpha,full,huber,-7.244367092012382,-1.9775323808084058,1.653505984036956,-7.298954017913529,-1.8265275680186221,1.6358704663727508,-7.449850039746962,-1.884014668488514,1.668393986013477,56.17905539057043,0.033376194536685944,80,2.1199870109558105,1.0,1.0,disabled,single,3,row_8,row_9,-0.35276201367378235,-0.36903318762779236,0.4871734751803586,0.47931073232005805,0.8166424441361639,0.01627117395401001,0.36637299378483124,1,21,0,disabled,0,0.0,50.0,alpha
468,0.6960369944572449,-0.20019318163394928,-25.617841720581055,-0.35317328572273254,1.2606663703918457,6.175041198730469e-05,134,45,12,0.0377989187836647,0.4398826979472141,0.3,120,191,wall,both,1,1,1,1,1,1,0.0,10,10,0,alpha,full,huber,-7.192594960043187,-2.2776987990336,1.7314300068642474,-7.265419188228911,-1.6628564992804375,1.6831343516847717,-7.370239325479151,-1.6446961763820038,1.6811494963503613,60.170778096394876,0.0377989187836647,80,1.4498681426048279,1.0,1.0,disabled,single,3,row_8,row_9,-0.35317328572273254,-0.37167805433273315,0.48770427880670597,0.47876241271824227,0.8166797982606331,0.01850476861000061,0.3648727571418473,0,21,0,disabled,0,0.0,50.0,alpha
472,1.5605831146240234,-1.0063717365264893,-18.563159942626953,-0.3445211946964264,1.2451286315917969,2.2649765014648438e-06,115,7,10,0.04342055320739746,0.5319148936170213,0.3,120,132,wall,both,1,1,1,1,1,1,0.0,8,8,0,alpha,full,huber,-7.271651346251816,-1.7456962153781581,1.7485733204039153,-7.187412529795338,-1.2539199273014612,1.7624167549086374,-7.31099537263805,-1.1589787899001458,1.755084430390939,58.15345317142627,0.04342055320739746,80,2.165741205215454,1.0,1.0,disabled,single,3,row_8,row_9,-0.3445211946964264,-0.37743815779685974,0.4909377654604855,0.47504066270760803,0.8178893556747175,0.03291696310043335,0.3669167151143675,0,21,0,disabled,0,0.0,50.0,alpha
476,2.2540223598480225,-2.099428415298462,-22.541765213012695,-0.14335155487060547,0.8022964596748352,0.008737921714782715,130,6,5,0.02526788040995598,0.5154639175257733,0.3,120,141,wall,both,1,1,1,1,1,1,0.0,4,4,0,alpha,full,huber,-7.122049491956245,-0.1954908491756263,1.9228116455436206,-7.137812827254406,-0.7556179684615474,1.738074953061295,-7.269104485197678,-0.7174934476746659,1.7727202966215643,68.92962603949566,0.02526788040995598,80,2.603582262992859,1.0,1.0,disabled,single,3,row_8,row_9,-0.14335155487060547,-0.6674149632453918,0.5889050793635325,0.3486963920297031,0.8522967158870719,0.5240634083747864,0.3861387090266416,0,21,0,disabled,0,0.0,50.0,alpha
480,6.186789035797119,-11.620139122009277,-33.624603271484375,-0.11227000504732132,0.7107052803039551,0.0024809837341308594,109,0,11,0.054076727479696274,0.5555555555555556,0.3,120,120,wall,both,1,1,1,1,1,1,0.0,3,3,0,alpha,full,huber,-8.117490829987347,-0.42958285785353034,1.6763719132925718,-7.465070725818183,-0.4284186762514482,1.826960332910419,-7.402830242133829,-0.39835802180973995,1.8114971886543465,46.63805839561822,0.05407673120498657,80,7.051009893417358,0.4254709673291939,1.0,disabled,single,3,row_9,row_8,-0.11227000504732132,-0.7401720285415649,0.6084234412917694,0.3247218811168249,0.848416231145668,0.6279020234942436,0.38461418488401145,1,22,0,disabled,0,0.0,50.0,alpha
484,4.690946102142334,-7.911436557769775,-22.886581420898438,-0.17712374031543732,0.8867857456207275,0.02409994602203369,154,17,9,0.03167607635259628,0.45454545454545453,0.3,120,180,wall,both,1,1,1,1,1,1,0.0,5,5,0,alpha,full,huber,-7.233477874085961,-0.08418308364300842,2.0105069020633124,-7.32131869621549,-0.11663348081098812,1.8253823285309707,-7.404521562889391,-0.0845667535190612,1.82094381156495,61.49044489754455,0.03167608007788658,80,4.96979284286499,0.6036468912999113,1.0,disabled,single,3,row_8,row_9,-0.17712374031543732,-0.6036904454231262,0.5717861774001713,0.37323132461693764,0.8469535046841737,0.4265667051076889,0.38186643290738653,1,23,0,disabled,0,0.0,50.0,alpha
488,0.4639785885810852,-0.08895708620548248,-26.458398818969727,-0.17448559403419495,0.8832831978797913,0.01649242639541626,154,14,4,0.016323963180184364,0.46583850931677023,0.3,120,172,wall,both,1,1,1,1,1,1,0.0,8,8,0,alpha,full,huber,-7.424146257154885,0.7923100373824696,1.9723865116220223,-7.422368875085243,0.4549636270906246,1.7887511410222208,-7.485915917174433,0.46884217038179954,1.804224504476787,111.50693568457574,0.016323963180184364,133,0.8142321705818176,1.0,1.0,disabled,single,3,row_8,row_9,-0.17448559403419495,-0.576723575592041,0.5671497193526348,0.3793219597973349,0.8460585691710989,0.40223798155784607,0.39264636078100157,0,23,0,disabled,0,0.0,50.0,alpha
492,2.1561381816864014,-1.921046257019043,-22.70726776123047,-0.3158544898033142,1.1921974420547485,0.0007529854774475098,118,12,14,0.021991228684782982,0.5102040816326531,0.3,120,144,wall,both,1,1,1,1,1,1,0.0,5,5,0,alpha,full,huber,-7.682497738261185,0.5251636303457325,1.829327967501996,-7.492370941542852,1.1604171183206873,1.7343556564508305,-7.590719280417976,1.241845427736897,1.7463221535502305,114.25015246421266,0.021991228684782982,148,2.7716034650802612,1.0,1.0,disabled,single,3,row_8,row_9,-0.3158544898033142,-0.3791792094707489,0.49849008207559126,0.46790204759521364,0.8164358430439715,0.06332471966743469,0.3803170955102724,0,23,0,disabled,0,0.0,50.0,alpha
496,2.2990810871124268,-2.1842041015625,-24.54488754272461,-0.2929235100746155,1.1480774879455566,0.0020038485527038574,116,16,17,0.014442456886172295,0.5016722408026756,0.3,120,149,wall,both,1,1,1,1,1,1,0.0,4,4,0,alpha,full,huber,-7.889178378054095,1.9546297590646247,1.7649489734581376,-7.857604609074515,2.316718684454454,1.8331321150759416,-7.837079874239306,2.4159741105509034,1.8033777788858796,137.13387162324256,0.014442458748817444,175,2.962062120437622,1.0,1.0,disabled,single,3,row_8,row_9,-0.2929235100746155,-0.40463024377822876,0.5098966149894937,0.45600385150347955,0.8167226466293396,0.11170673370361328,0.3806237794456314,0,23,0,disabled,0,0.0,50.0,alpha
500,2.5196831226348877,-2.6234724521636963,-35.742977142333984,-0.18297319114208221,0.907391369342804,0.001050412654876709,108,48,22,0.014952740631997585,0.4573170731707317,0.3,120,178,wall,both,1,1,1,1,1,1,0.0,4,4,0,alpha,full,huber,-7.8582414918687045,3.074566649075305,1.797908259870888,-8.003938495782513,3.417585587079854,1.8080271358941262,-8.06258782322925,3.516601875709186,1.821785442911553,140.836787854006,0.014952740631997585,185,3.0435900688171387,0.9856780749603118,1.0,disabled,single,3,row_8,row_9,-0.18297319114208221,-0.5818042159080505,0.568920359214718,0.3818047809454944,0.8368328058468948,0.3988310247659683,0.38104162974063494,0,23,0,disabled,0,0.0,50.0,alpha
504,2.119241714477539,-1.8558619022369385,-29.055566787719727,-0.22369126975536346,1.0032718181610107,0.0017508268356323242,131,34,19,0.01838129572570324,0.44910179640718567,0.3,120,184,wall,both,1,1,1,1,1,1,0.0,3,3,0,alpha,full,huber,-8.036694193127746,3.516421074462948,1.8106778600514017,-8.14103607924481,3.936781063805384,1.8009906435869834,-8.189006765344317,4.066770426752008,1.8076355111302647,170.9489537142743,0.01838129758834839,250,2.761799693107605,1.0,1.0,disabled,single,3,row_8,row_9,-0.22369126975536346,-0.5182271599769592,0.548682016379124,0.40870073066445956,0.8295114014078306,0.29453589022159576,0.37654494065954514,0,23,0,disabled,0,0.0,50.0,alpha
508,0.49483996629714966,-0.10118454694747925,-31.20806121826172,-0.23462799191474915,1.0247838497161865,0.01752948760986328,120,3,23,0.013168226927518845,0.5067567567567568,0.3,119,146,wall,both,1,1,1,1,1,1,0.0,2,2,0,alpha,full,huber,-6.307988838999873,5.353213193529115,1.5265327899265007,-8.016230918150267,4.774619624435159,1.699440827416526,-8.194127774394413,4.799819378773325,1.7576915697410689,181.2744182738696,0.013168226927518845,250,1.7410590052604675,1.0,1.0,disabled,single,3,row_8,row_7,-0.23462799191474915,-0.5064566135406494,0.5429769662666114,0.41374021547373724,0.8326305266679466,0.27182862162590027,0.37606038743168624,0,23,0,disabled,0,0.0,50.0,alpha
512,3.3753204345703125,-4.64955472946167,-35.79704666137695,-0.13779062032699585,0.766059398651123,0.04252225160598755,107,15,20,0.01217864453792572,0.5136986301369862,0.3,115,142,wall,both,1,1,1,1,1,1,0.0,1,1,0,alpha,full,huber,-6.520577650243087,5.062741457933678,1.4588269259501923,-7.925770565122216,5.100683634323637,1.6643845062762017,-8.102075502822633,5.173021748527619,1.7118756116562146,188.37307782966164,0.012178642675280571,250,4.006417274475098,0.7487986883226102,1.0,disabled,single,3,row_8,row_7,-0.13779062032699585,-0.7021920084953308,0.5969320664002414,0.33947555013335207,0.8499554707816389,0.564401388168335,0.3781613433616833,0,23,0,disabled,0,0.0,50.0,alpha
516,1.3960022926330566,-0.8052985072135925,0.0,-0.1445513814687729,0.8004336357116699,0.02308368682861328,0,0,0,0.011755100451409817,0.5,0.3,0,0,wall,both,1,1,1,1,1,1,0.0,0,0,0,alpha,full,huber,-9.234614868660477,6.253699098644546,1.8961504737043784,-8.364008504107282,5.829630311365175,1.733559937897207,-8.287742735645882,5.886480662954336,1.7244441493389644,192.2878970485368,0.011755100451409817,250,2.5203089714050293,1.0,1.0,disabled,single,3,row_9,row_8,-0.1445513814687729,-0.6736065745353699,0.5900763170547471,0.3476501598715057,0.8514649606977377,0.529055193066597,0.38295201803846124,1,24,0,disabled,0,0.0,50.0,alpha
520,1.5707553625106812,-1.0195341110229492,-27.7004451751709,-0.26085853576660156,1.0829144716262817,0.00794607400894165,95,0,25,0.009541712701320648,0.5555555555555556,0.3,120,120,wall,both,1,1,1,1,1,1,0.0,1,1,0,alpha,full,huber,-8.9249638114863,6.082870914383786,1.878561466861135,-8.715221621795067,6.397773326448657,1.7976631421047555,-8.551387665340119,6.464371392235947,1.7616699884935034,196.6138710120564,0.009541712701320648,250,2.0248117446899414,1.0,1.0,disabled,single,3,row_9,row_8,-0.26085853576660156,-0.4752241373062134,0.5307044795954428,0.4283067862770024,0.830332570527467,0.21436560153961182,0.3726914124988203,0,24,0,disabled,0,0.0,50.0,alpha
524,2.474426507949829,-2.5300772190093994,-31.007505416870117,-0.11962729692459106,0.6928777098655701,0.056311845779418945,89,0,29,0.014366327784955502,0.5597014925373135,0.3,118,118,wall,both,1,1,1,1,1,1,0.0,4,4,0,alpha,full,huber,-9.334478503753086,6.178169617730416,2.0180587982218494,-8.750931766885301,6.568546358223723,1.767114293701693,-8.688348122899985,6.708919586373259,1.7603508321272932,169.1896371832255,0.014366328716278076,246,3.1815028190612793,0.9429506024719372,1.0,disabled,single,3,row_9,row_8,-0.11340107768774033,-0.7674307227134705,0.6102088027333121,0.3172758399667101,0.8559198023592004,0.6540296450257301,0.3805530031353628,0,24,0,disabled,0,0.0,50.0,alpha
528,1.3953168392181396,-0.8045079112052917,-32.018184661865234,-0.05457550659775734,0.4879394471645355,0.020213842391967773,80,0,28,0.014087445102632046,0.5813953488372093,0.3,108,108,wall,both,1,1,1,1,1,1,0.0,4,4,0,alpha,full,huber,-8.106701985179017,7.031045052088989,1.5561193405024527,-8.605041775155923,6.928957891458014,1.5822040745087194,-8.683860933695069,7.012654940888538,1.6336971242575533,160.95182453085593,0.014087445102632046,224,2.122260570526123,1.0,1.0,disabled,single,3,row_8,row_9,-0.05457550659775734,-0.8953908085823059,0.6333145583812687,0.27318573979789884,0.8653525675005691,0.8408153019845486,0.40221254099852405,1,25,0,disabled,0,0.0,50.0,alpha
532,3.5525922775268555,-5.089071750640869,-30.794469833374023,-0.12865768373012543,0.27928176522254944,0.16515010595321655,85,0,9,0.019148891791701317,0.6147540983606558,0.3,94,94,wall,both,1,1,1,1,1,1,0.0,1,1,0,alpha,full,huber,-7.873677468227989,6.921610180442704,1.1745895272709594,-8.411795663053562,7.3038981679812025,1.3035329738570507,-8.566228483425352,7.450417712391436,1.3676084461014728,149.91050858308444,0.019148891791701317,240,4.549006223678589,0.6594846989622333,1.0,disabled,single,3,row_8,row_9,-0.12865768373012543,-1.1658588647842407,0.6468181916674574,0.229261683052412,0.8782496049191728,1.0372011810541153,0.30703234229915893,0,25,0,disabled,0,0.0,50.0,alpha
536,0.2910996377468109,-0.03501611575484276,0.0,-0.9683301448822021,1.2653924226760864,0.3873802423477173,0,0,0,0.009609404951334,0.5,0.3,0,0,wall,both,1,1,1,1,1,1,0.0,0,0,0,alpha,full,huber,-7.49903982398652,8.465746179162952,0.8461005053280926,-7.855009128478269,8.33618308387458,0.5790312558098598,-8.094612367258549,8.456353533148187,0.6557419370103923,172.74407848524692,0.009609404020011425,218,0.9220377802848816,1.0,1.0,disabled,single,3,row_8,row_7,-0.9683301448822021,-1.8700385093688965,0.6219206486958803,0.2524224683868029,0.9035119285099995,0.9017083644866943,-0.49338737605701066,0,25,0,disabled,0,0.0,50.0,alpha
540,0.5469796657562256,-0.12363089621067047,-42.124202728271484,-0.92258220911026,0.5452001094818115,0.45809322595596313,19,0,63,0.01419104728847742,0.646551724137931,0.3,82,82,wall,both,1,1,1,1,1,1,0.0,1,1,0,alpha,full,huber,-5.696646646342813,7.344644666471611,-0.421818552734055,-7.177253279189807,8.412911984010226,0.13738227218025445,-7.431267659557197,8.592082587003066,0.22680671180427536,177.2727450753381,0.014191045425832272,250,1.9256963729858398,1.0,1.0,disabled,single,3,row_7,row_8,-0.8717958927154541,-1.5838298797607422,0.6114700443971515,0.30001485190968735,0.8765825839217725,0.7120339870452881,-0.3799065805750308,1,26,0,disabled,0,0.0,50.0,alpha
544,3.6123950481414795,-5.237342834472656,-34.25367736816406,-4.635857582092285,2.02336049079895,0.9554529190063477,29,0,62,0.022162441164255142,0.6224066390041494,0.3,91,91,wall,both,1,1,1,1,1,1,0.0,2,2,0,alpha,full,huber,-7.572935174775833,9.230771121170152,0.23129141096985828,-6.924820590783552,8.753019477781754,-0.08980232313345128,-6.925878438046237,8.7307452026101,-0.11633965765990695,127.03360893419136,0.022162441164255142,207,4.720480442047119,0.6355285307990806,1.0,disabled,single,3,row_8,row_7,-4.635857582092285,-5.2870564460754395,0.5540702723289189,0.2889034820190902,0.9765884011681384,0.6511988639831543,-4.045393827172299,1,27,0,disabled,0,0.0,50.0,alpha
548,1.30385422706604,-0.7024941444396973,-33.33358383178711,-4.600249290466309,2.177866220474243,0.9321081638336182,32,0,63,0.011894636787474155,0.6122448979591837,0.3,95,95,wall,both,1,1,1,1,1,1,0.0,2,2,0,alpha,full,huber,-7.561080018630231,9.384947191604995,0.11878551239404533,-6.890801440780962,8.958242184580378,-0.19934315188067867,-6.7781439158106735,8.829278023151167,-0.29046932262647385,190.26570549123764,0.011894634924829006,250,2.1911967992782593,1.0,1.0,disabled,single,3,row_8,row_7,-4.600249290466309,-5.761188983917236,0.7094138665902743,0.22218256207707585,0.7612536600572257,1.1609396934509277,-4.256933100560022,0,27,0,disabled,0,0.0,50.0,alpha
552,1.8590842485427856,-1.428179383277893,-38.58695983886719,-3.1336545944213867,2.2592930793762207,0.6998848915100098,25,1,79,0.01885273866355419,0.5882352941176471,0.3,94,105,wall,both,1,1,1,1,1,1,0.0,3,3,0,alpha,full,huber,-7.377413372711901,9.452195425249743,-0.11808372297281577,-6.724972107307993,9.091919499251361,-0.48786903744465143,-6.57859246748766,8.908895213385712,-0.605338718994858,178.38746703553727,0.01885273866355419,250,2.8282679319381714,1.0,1.0,disabled,single,3,row_8,row_7,-3.1336545944213867,-4.005248069763184,0.6676564566367776,0.27927034172498016,0.7817784723483123,0.8715934753417969,-2.729673070213359,0,27,0,disabled,0,0.0,50.0,alpha
556,0.39841413497924805,-0.06559249013662338,-36.49430847167969,-1.2173182964324951,1.886644721031189,0.32319021224975586,21,0,55,0.02401825226843357,0.663716814159292,0.3,63,76,wall,both,1,1,1,1,1,1,0.0,4,4,0,alpha,full,huber,-7.093215485626308,9.013201019234819,-0.5566907461350175,-6.491059112824116,8.875102045658092,-0.9172956649503069,-6.387788486223348,8.790248361745856,-0.9788947435935591,133.10172100001157,0.02401825226843357,250,0.8535696864128113,1.0,1.0,disabled,single,3,row_8,row_7,-1.2173182964324951,-1.7329890727996826,0.5950473472424685,0.35530273517492966,0.8256462708658467,0.5156707763671875,-0.6982039950274759,0,27,0,disabled,0,0.0,50.0,alpha
560,1.3257800340652466,-0.7263193130493164,-44.236610412597656,-0.8837669491767883,1.9942240715026855,0.0010808706283569336,18,4,60,0.010844348929822445,0.646551724137931,0.3,61,82,wall,both,1,1,1,1,1,1,0.0,11,11,0,alpha,full,huber,-6.113078529816573,9.394577172409965,-1.4664090832316112,-6.144563632810513,8.687705640901035,-1.3042284133704902,-6.160029932800425,8.581095047402382,-1.3695157849139825,191.01318222173833,0.010844348929822445,250,2.113850474357605,1.0,1.0,disabled,single,3,row_7,row_8,-0.8837669491767883,-1.582500696182251,0.6154666387040423,0.30601893992203416,0.8608692185097278,0.6987337470054626,-0.398392412407114,1,28,0,disabled,0,0.0,50.0,alpha
564,0.6623630523681641,-0.18129125237464905,-31.409439086914062,-0.6015520691871643,1.6439086198806763,0.015736818313598633,57,4,58,0.013556372374296188,0.5576208178438662,0.3,105,119,wall,both,1,1,1,1,1,1,0.0,8,8,0,alpha,full,huber,-6.48542514425391,8.637587635278395,-1.242269292443687,-6.208503564261332,8.392191902213174,-1.4264705514055318,-6.1455007915155,8.29665482652558,-1.4351011018273971,150.04741988359334,0.013556374236941338,202,1.1686007380485535,1.0,1.0,disabled,single,3,row_7,row_8,-0.6015520691871643,-0.7522855401039124,0.5170843573975965,0.44473231302169103,0.8260836835858065,0.15073347091674805,0.05799718148350974,0,28,0,disabled,0,0.0,50.0,alpha
568,2.2458558082580566,-2.0842432975769043,-41.75861358642578,-0.09964382648468018,0.5108801126480103,0.10100901126861572,67,3,38,0.023746833205223083,0.5813953488372093,0.3,89,108,wall,both,1,1,1,1,1,1,0.0,8,8,0,alpha,full,huber,-5.358110380867707,8.109584807186678,-0.9665744787247328,-5.999698756929893,8.132213064026999,-1.3733550445244729,-6.050624031950532,8.053479901306856,-1.4122065182397234,95.80680645905446,0.023746829479932785,133,2.9057087898254395,1.0,1.0,disabled,single,3,row_7,row_8,-0.09964382648468018,-1.3713423013687134,0.6614014737128525,0.18542723739056016,0.8732613897052266,1.2716984748840332,0.3137504237804106,0,28,0,disabled,0,0.0,50.0,alpha
572,2.9822304248809814,-3.675082206726074,-42.19207763671875,-0.06040893495082855,0.4678608775138855,0.053690195083618164,72,0,30,0.018293313682079315,0.5952380952380952,0.3,94,102,wall,both,1,1,1,1,1,1,0.0,7,7,0,alpha,full,huber,-5.240340900009872,8.09272672215241,-1.0907370430601295,-5.687817550212939,7.808380455804262,-1.3425247384399421,-5.838852355618893,7.7410477911147755,-1.4180510953194851,122.48787690135241,0.018293313682079315,169,3.6961984634399414,0.811644728948886,1.0,disabled,single,3,row_7,row_6,-0.06040893495082855,-1.405159592628479,0.6639468447325321,0.17302765470016462,0.8711682084866441,1.3447506576776505,0.34914425087295287,0,28,0,disabled,0,0.0,50.0,alpha
576,3.1602091789245605,-4.116220951080322,-35.86259460449219,-0.17875736951828003,0.8968831300735474,0.0006927251815795898,47,13,55,0.01614251360297203,0.5660377358490566,0.3,65,115,wall,both,1,1,1,1,1,1,0.0,8,8,0,alpha,full,huber,-6.045759231522165,7.890532746127594,-1.4571345447162074,-5.6347506247257195,7.345938299896607,-1.4071160529760602,-5.685474336904029,7.210079311820788,-1.426584755691844,162.85953944361785,0.01614251546561718,213,3.8823776245117188,0.7727223598908172,1.0,disabled,single,3,row_7,row_8,-0.17875736951828003,-0.670769989490509,0.5830418872488518,0.35646869058997827,0.851939701256629,0.492012619972229,0.36073887792610715,0,28,0,disabled,0,0.0,50.0,alpha
580,3.2453744411468506,-4.327374458312988,-23.220779418945312,-0.252978652715683,1.0669275522232056,0.0019451379776000977,121,8,21,0.013465981930494308,0.5,0.3,120,150,wall,both,1,1,1,1,1,1,0.0,4,4,0,alpha,full,huber,-6.063669849275696,6.369481991763679,-1.312277200908999,-5.6787328391623,6.328271462544133,-1.4351687651371337,-5.607263659215567,6.253818729339946,-1.4412203925114404,168.23229615898157,0.013465981930494308,229,3.785625457763672,0.7924714247278509,1.0,disabled,single,3,row_7,row_8,-0.252978652715683,-0.44303616881370544,0.5258187793354107,0.43480563332773553,0.8274907954251882,0.19005751609802246,0.3898199988697608,0,28,0,disabled,0,0.0,50.0,alpha
584,0.8863616585731506,-0.3246433734893799,-19.681943893432617,-0.1821938455104828,0.9051631689071655,0.005481600761413574,127,6,8,0.01519854087382555,0.5154639175257733,0.3,120,141,wall,both,1,1,1,1,1,1,0.0,7,7,0,alpha,full,huber,-5.6600163365087095,5.155079723167825,-1.496003976209572,-5.5671676595139425,5.614028453798164,-1.444971877832441,-5.5519126878577225,5.663000042860077,-1.4485964258627666,152.08393310912714,0.01519854087382555,240,1.5412879586219788,1.0,1.0,disabled,single,3,row_7,row_8,-0.1821938455104828,-0.5899736285209656,0.5684880483643486,0.37811580338138073,0.8452577645902928,0.4077797830104828,0.3825811436078591,0,28,0,disabled,0,0.0,50.0,alpha
588,2.5005805492401123,-2.5838441848754883,-15.568174362182617,-0.2965904772281647,1.1552199125289917,0.0025985240936279297,108,1,12,0.011522162705659866,0.5535055350553506,0.3,120,121,wall,both,1,1,1,1,1,1,0.0,6,6,0,alpha,full,huber,-5.643069200813643,3.6619640534368836,-1.318814409582628,-5.577801694913978,3.4080061814433567,-1.4092003272586429,-5.422389481803385,3.3754542618426724,-1.3840841450914603,184.93747203660416,0.011522162705659866,250,3.0806751251220703,0.9738125177613872,1.0,disabled,single,3,row_7,row_8,-0.2965904772281647,-0.4216216206550598,0.5119007572300576,0.4517367638362794,0.8222696395593794,0.12503114342689514,0.3730340290376559,0,28,0,disabled,0,0.0,50.0,alpha
592,1.9021588563919067,-1.4951274394989014,-27.30191421508789,-0.3118271827697754,1.160305142402649,0.055665671825408936,146,0,21,0.011866661719977856,0.47318611987381703,0.3,120,167,wall,both,1,1,1,1,1,1,0.0,9,9,0,alpha,full,huber,-5.43893517968927,1.449450793968177,-1.1331263258004727,-5.646948050967062,2.093211383990414,-1.4339936178234898,-5.42022572236494,2.1285337858286035,-1.3998973074997465,191.97370171921818,0.011866663582623005,250,2.2989834547042847,1.0,1.0,disabled,single,3,row_8,row_7,-0.3118271827697754,-0.4023985266685486,0.504007560579572,0.46036512526692686,0.8212537070091747,0.0905713438987732,0.37333682710356475,1,29,0,disabled,0,0.0,50.0,alpha
596,1.351500153541565,-0.7547738552093506,-34.03028106689453,-0.483049213886261,0.988521933555603,0.2552357316017151,120,1,23,0.017613213509321213,0.5102040816326531,0.3,120,144,wall,both,1,1,1,1,1,1,0.0,6,6,0,alpha,full,huber,-8.298288301959815,2.0535494285053866,-1.9968070827694908,-6.01070279285481,1.3884269836394234,-1.5403657441790586,-5.646101739010447,1.3565709872165148,-1.4880582967340583,172.3822547033581,0.017613215371966362,250,4.398373126983643,0.68207037315576,1.0,disabled,single,3,row_9,row_8,-0.3523663282394409,-0.6468165516853333,0.5464817478063815,0.4070966739099221,0.838587457208857,0.29445022344589233,0.25188804202531945,1,30,0,disabled,0,0.0,50.0,alpha
600,1.6611515283584595,-1.1402580738067627,-31.519542694091797,-0.17271599173545837,0.8815971612930298,0.000676274299621582,107,27,25,0.008841057308018208,0.4854368932038835,0.3,120,159,wall,both,1,1,1,1,1,1,0.0,4,4,0,alpha,full,huber,-7.4240358816623315,0.8024153189403639,-1.5051361432907333,-5.863849906803299,0.7323170050462391,-1.525673705787598,-5.732172957240312,0.76946997356162,-1.5157851789286414,208.22422930323344,0.008841057308018208,250,2.1527196168899536,1.0,1.0,disabled,single,3,row_8,row_9,-0.17271599173545837,-0.5737752318382263,0.5668164156714031,0.3795461623319958,0.8464060003382441,0.40105924010276794,0.3950038178322488,1,31,0,disabled,0,0.0,50.0,alpha
604,1.1642165184020996,-0.5600826740264893,-24.520793914794922,-0.26105934381484985,1.0838667154312134,0.0,132,15,7,0.011178365908563137,0.49342105263157904,0.3,120,154,wall,both,1,1,1,1,1,1,0.0,6,6,0,alpha,full,huber,-4.719930159233992,-1.2440127564885608,-1.4131674637393763,-5.0799813744438485,-0.48889213842637635,-1.399487583579539,-5.373897053922356,-0.4440952514796231,-1.483486797740224,171.72440160713532,0.011178366839885712,250,1.6664013862609863,1.0,1.0,disabled,single,3,row_7,row_8,-0.26105934381484985,-0.4081138074398041,0.5170529175889328,0.44634435956625773,0.8221718220166042,0.14705446362495422,0.39855071079246573,1,32,0,disabled,0,0.0,50.0,alpha
608,2.4274561405181885,-2.4349353313446045,-21.49429702758789,-0.25307929515838623,1.067148208618164,0.001675426959991455,125,14,11,0.009178627282381058,0.5,0.3,120,150,wall,both,1,1,1,1,1,1,0.0,7,7,0,alpha,full,huber,-4.650450603992347,-1.573770717622137,-1.4547047900758234,-4.651368805720729,-1.04528092545165,-1.3377342777898398,-4.990028008672528,-1.0029354232609395,-1.4130946316455317,195.7573567506858,0.009178627282381058,250,2.7755390405654907,1.0,1.0,disabled,single,3,row_7,row_8,-0.2530709207057953,-0.4137817621231079,0.5201992236745372,0.4429695444387206,0.8222575815039275,0.16071084141731262,0.4004724976225019,0,32,0,disabled,0,0.0,50.0,alpha
612,1.660880208015442,-1.1398855447769165,-39.22011947631836,-0.12528814375400543,0.7295079231262207,0.04148799180984497,119,26,23,0.00892613921314478,0.4716981132075471,0.3,120,168,wall,both,1,1,1,1,1,1,0.0,7,7,0,alpha,full,huber,-2.882306971282742,-1.253407583014309,-1.124136391031997,-4.289848009995255,-1.7868201380135862,-1.2852501613319198,-4.576223805787697,-1.795540174631776,-1.3460212027017027,208.0104153681307,0.008926140144467354,250,3.091580390930176,0.9703774835683242,1.0,disabled,single,3,row_7,row_6,-0.12393473088741302,-0.7381917834281921,0.6012417895785925,0.32529748860264524,0.8630069203806428,0.6142570525407791,0.38482338235453195,0,32,0,disabled,0,0.0,50.0,alpha
616,4.392574310302734,-7.1716718673706055,-24.97281837463379,-0.31543388962745667,1.1914077997207642,2.181529998779297e-05,156,18,8,0.01874697022140026,0.45180722891566266,0.3,120,182,wall,both,1,1,1,1,1,1,0.0,11,11,0,alpha,full,huber,-4.580910238141565,-2.6872300960390803,-1.4034138844756352,-4.457458361536906,-2.6130489581546943,-1.333706406615189,-4.447617077030099,-2.507060452400823,-1.3114021727202532,141.88225365101314,0.01874697022140026,250,4.763801097869873,0.6297492146222154,1.0,disabled,single,3,row_7,row_8,-0.31543388962745667,-0.34312498569488525,0.4912458223681109,0.4778293034661208,0.8095613834014795,0.02769109606742859,0.39537673029264,0,32,0,disabled,0,0.0,50.0,alpha
620,2.573904037475586,-2.737595796585083,-19.568164825439453,-0.24350346624851227,1.0467877388000488,0.00024366378784179688,148,0,15,0.011725678108632565,0.47923322683706066,0.3,120,163,wall,both,1,1,1,1,1,1,0.0,6,6,0,alpha,full,huber,-4.841420395114807,-2.3311155482631967,-1.376972556216514,-4.3161188425492,-3.086014107217707,-1.3184220833120792,-4.298960914091442,-3.108954401340406,-1.3209048366998948,195.3759116777661,0.011725678108632565,250,3.156631588935852,0.9503801490535502,1.0,disabled,single,3,row_8,row_7,-0.24350346624851227,-0.4270963966846466,0.5254870662590522,0.43734950030837055,0.8221699228853138,0.18359293043613434,0.39992623497630453,1,33,0,disabled,0,0.0,50.0,alpha
624,2.2740583419799805,-2.136918067932129,-25.630640029907227,-0.22053366899490356,0.9956145286560059,0.00792384147644043,137,0,10,0.01341056264936924,0.5050505050505051,0.3,120,147,wall,both,1,1,1,1,1,1,0.0,5,5,0,alpha,full,huber,-4.773294612788226,-3.0229831131087854,-1.2347599484315444,-4.3257057315807925,-3.4758742633499313,-1.3315093349609655,-4.243732813261836,-3.5611973648789883,-1.3136127171865826,175.9971580765439,0.01341056264936924,240,3.0715456008911133,0.9767069709561348,1.0,disabled,single,3,row_8,row_7,-0.22053366899490356,-0.4602888226509094,0.5358356305964503,0.42160645214117914,0.832807711950316,0.23975515365600586,0.403394155281001,0,33,0,disabled,0,0.0,50.0,alpha
628,0.27370432019233704,-0.030956219881772995,-27.627830505371094,-0.13522718846797943,0.779731035232544,0.0054315924644470215,120,0,4,0.009928570128977299,0.5474452554744526,0.3,120,124,wall,both,1,1,1,1,1,1,0.0,4,4,0,alpha,full,huber,-3.838942196482994,-4.35142969173629,-1.5068614914806955,-4.182703734189603,-3.8958247772548145,-1.3118226228640917,-4.181015654947082,-3.8509507211017944,-1.3061730709711217,193.34892061137285,0.009928571060299873,250,0.8478562533855438,1.0,1.0,disabled,single,3,row_7,row_8,-0.13522718846797943,-0.6224742531776428,0.5841151471300069,0.3588308359660923,0.8452097460932341,0.4872470647096634,0.40242995737816734,1,34,0,disabled,0,0.0,50.0,alpha
632,2.0886335372924805,-1.8026405572891235,-25.393943786621094,-0.3161139190196991,1.1926913261413574,4.172325134277344e-05,143,16,13,0.01561715081334114,0.46583850931677023,0.3,120,172,wall,both,1,1,1,1,1,1,0.0,5,5,0,alpha,full,huber,-4.2031481329042615,-5.056457066442057,-1.4059230800874167,-4.189903157375673,-4.425069867779131,-1.35458382981643,-4.130413257480948,-4.341149026595712,-1.3302356119241285,156.76523123011592,0.015617151744663715,240,2.621906280517578,1.0,1.0,disabled,single,3,row_8,row_7,-0.3161139190196991,-0.35102716088294983,0.492889125409067,0.47597770225674785,0.810079097325422,0.03491324186325073,0.39135710896341047,1,35,0,disabled,0,0.0,50.0,alpha
636,0.6367814540863037,-0.16755810379981995,-21.83754539489746,-0.2383386641740799,1.0356264114379883,0.00032722949981689453,124,2,14,0.010716497898101807,0.5172413793103449,0.3,120,140,wall,both,1,1,1,1,1,1,0.0,3,3,0,alpha,full,huber,-3.898368659251789,-5.529973042116987,-1.4281697914571905,-4.043820313612896,-5.165647632096332,-1.368787360863768,-4.017480056180951,-5.037269444509484,-1.3488248439585286,180.95807317598738,0.010716497898101807,240,1.0860163569450378,1.0,1.0,disabled,single,3,row_7,row_8,-0.2383386641740799,-0.44235873222351074,0.529052101454702,0.4314134234210937,0.8272343796252484,0.20402006804943085,0.39832969733705026,1,36,0,disabled,0,0.0,50.0,alpha
640,0.19415290653705597,-0.015576591715216637,-30.319374084472656,-0.24601832032203674,1.0517702102661133,0.006850183010101318,122,25,12,0.017603987827897072,0.4854368932038835,0.3,120,159,wall,both,1,1,1,1,1,1,0.0,3,3,0,alpha,full,huber,-4.1059884799830675,-4.403765816201055,-1.2854719263979943,-4.052392011618748,-5.279915703331701,-1.3962614397288176,-4.006267597116312,-5.285618074813543,-1.3726705996143975,129.29952028836829,0.017603987827897072,169,1.2367315292358398,1.0,1.0,disabled,single,3,row_7,row_8,-0.24601832032203674,-0.4365731477737427,0.5267930897707336,0.4353947213135049,0.8235179661015877,0.19055482745170593,0.39492910624463584,0,36,0,disabled,0,0.0,50.0,alpha
644,4.6441731452941895,-7.79547119140625,-41.06477355957031,-0.06347203254699707,0.5105753540992737,0.036846697330474854,103,15,53,0.02097073383629322,0.4672897196261683,0.3,120,171,wall,both,1,1,1,1,1,1,0.0,3,3,0,alpha,full,huber,-4.951026306812009,-4.741842688335187,-1.6690968255870653,-4.020965679566407,-5.623439299622886,-1.3694743131880893,-3.9625252461745575,-5.709019239180076,-1.3722887013757168,121.61191879527652,0.02097073383629322,164,5.710400819778442,0.5253571675055196,1.0,disabled,single,3,row_8,row_7,-0.06347203254699707,-0.8427205085754395,0.6269315288477221,0.287605242536989,0.8613408403157093,0.7792484760284424,0.4034459161550507,1,37,0,disabled,0,0.0,50.0,alpha
648,2.282392978668213,-2.1526105403900146,-40.857147216796875,-0.05227602273225784,0.4503938555717468,0.04199188947677612,110,14,61,0.021122895181179047,0.44776119402985076,0.3,120,185,wall,both,1,1,1,1,1,1,0.0,3,3,0,alpha,full,huber,-4.931987763299588,-5.197762458898895,-1.6876144940021125,-4.059034709215551,-5.973632058431958,-1.4168252151546161,-3.959745032931394,-6.095032922197392,-1.3978268895349908,127.56121256073253,0.021122895181179047,180,3.775563359260559,0.7945834077030421,1.0,disabled,single,3,row_8,row_7,-0.05227602273225784,-0.8946795463562012,0.6344342607472344,0.2732344315172942,0.8631500354232989,0.8424035236239433,0.40274558242649416,0,37,0,disabled,0,0.0,50.0,alpha
652,1.2800102233886719,-0.6770356297492981,-24.49781608581543,-0.29375511407852173,1.1496050357818604,0.004083573818206787,132,0,47,0.014885200187563896,0.45592705167173253,0.3,120,179,wall,both,1,1,1,1,1,1,0.0,3,3,0,alpha,full,huber,-3.588739391973535,-7.719171790210417,-1.313581090339314,-3.7285169267841334,-7.036300412155402,-1.341985761938309,-3.7688771812693833,-6.99638903552087,-1.3626534711106468,178.64193175732618,0.014885200187563896,246,2.254348874092102,1.0,1.0,disabled,single,3,row_7,row_8,-0.29375511407852173,-0.41008827090263367,0.5108691913301119,0.45476482398023976,0.8173013190823135,0.11633315682411194,0.3778865931251896,1,38,0,disabled,0,0.0,50.0,alpha
656,1.821509599685669,-1.3710319995880127,-22.785280227661133,-0.29000478982925415,1.1422815322875977,0.0034171342849731445,124,11,39,0.010283014737069607,0.4629629629629629,0.3,120,174,wall,both,1,1,1,1,1,1,0.0,2,2,0,alpha,full,huber,-3.660487349700791,-7.248950630948956,-1.3212904125083975,-3.5003027398150444,-7.349909358147409,-1.2639870545765932,-3.58771958790877,-7.395071527008801,-1.313060853653188,198.01762164229376,0.010283015668392181,250,2.1378610134124756,1.0,1.0,disabled,single,3,row_7,row_8,-0.29000478982925415,-0.4199502170085907,0.5132867153980519,0.4507393169879818,0.8211124137202473,0.12994542717933655,0.37691590069681224,0,38,0,disabled,0,0.0,50.0,alpha
660,2.118533134460449,-1.8546209335327148,-40.228450775146484,-0.11880160868167877,0.4842296540737152,0.12782937288284302,94,0,57,0.016630694270133972,0.4983388704318937,0.3,120,151,wall,both,1,1,1,1,1,1,0.0,1,1,0,alpha,full,huber,-4.556130155759516,-7.304075352032438,-1.8963777710291925,-3.5461303879241264,-7.8805616917491195,-1.3369477284255036,-3.480151211112206,-7.967006154749399,-1.3271311000758736,175.71168889575964,0.016630694270133972,250,3.632128357887268,0.8259619992463693,1.0,disabled,single,3,row_8,row_7,-0.10596911609172821,-0.9775531888008118,0.641765526410951,0.2684430911906962,0.8540987536676022,0.8715840727090836,0.33756314956980643,1,39,0,disabled,0,0.0,50.0,alpha
664,1.1918524503707886,-0.5869885683059692,0.0,-0.010185956954956055,0.2045510858297348,0.014749288558959961,0,0,0,0.011517195962369442,0.5,0.3,0,0,wall,both,1,1,1,1,1,1,0.0,0,0,0,alpha,full,huber,-5.187904031993723,-7.6718000688183,-1.5571668118387274,-3.8548779288087536,-8.373627166264535,-1.474796811315833,-3.58134089983874,-8.516945626155934,-1.4036719432864142,188.59408743931652,0.011517196893692017,250,2.576561689376831,1.0,1.0,disabled,single,3,row_8,row_9,-0.010185956954956055,-1.1958742141723633,0.6662676607846244,0.2035686359993873,0.8599768620794312,1.1856882572174072,0.395877839154174,0,39,0,disabled,0,0.0,50.0,alpha
668,1.9229073524475098,-1.5279226303100586,0.0,-0.04847785085439682,0.40158364176750183,0.05564934015274048,0,0,0,0.00843519065529108,0.5,0.3,0,0,wall,both,1,1,1,1,1,1,0.0,0,0,0,alpha,full,huber,-5.265002092749109,-8.32892262787512,-1.720384845932641,-4.149390937028165,-9.080598402837506,-1.5721023789437658,-3.7924639542078573,-9.230917011122912,-1.4883169201625084,209.89867065776372,0.00843519065529108,250,4.103444814682007,0.7310930536377842,1.0,disabled,single,3,row_8,row_9,-0.04847785085439682,-1.0069669485092163,0.6480807063321533,0.24852069897728346,0.8617246723275632,0.9584890976548195,0.3852621927218969,0,39,0,disabled,0,0.0,50.0,alpha
672,0.8231603503227234,-0.2799970805644989,0.0,-0.5219178199768066,1.532516598701477,0.0011197328567504883,0,0,0,0.008303423412144184,0.5,0.3,0,0,wall,both,1,1,1,1,1,1,0.0,0,0,0,alpha,full,huber,-1.7652368542530805,-10.454518533753195,-1.2641728454364334,-3.5336418436296997,-10.960418627879044,-1.5447506032802254,-3.581243403795292,-11.085295432307214,-1.5714649917264987,205.51609228313308,0.008303423412144184,250,4.225368499755859,0.7099972464350361,1.0,disabled,single,3,row_7,row_6,-0.5219178199768066,-1.765343427658081,0.6630093490120715,0.1912083141039511,0.8695322792902324,1.2434256076812744,-0.11095163215512704,1,40,0,disabled,0,0.0,50.0,alpha
676,1.767159104347229,-1.29043447971344,0.0,-1.2687581777572632,2.3144423961639404,0.13858658075332642,0,0,0,0.010704638436436653,0.5,0.3,0,0,wall,both,1,1,1,1,1,1,0.0,0,0,0,alpha,full,huber,-5.130766408191372,-11.640907525351317,-0.7718452935041022,-4.682435746349388,-12.128250158428706,-0.8189870479139355,-4.132257263303156,-12.231432694255789,-0.7548160482084532,194.61695212904945,0.010704639367759228,250,2.9811594486236572,1.0,1.0,disabled,single,3,row_8,row_9,-1.2687581777572632,-1.6331521272659302,0.5596378350995238,0.38873423202693264,0.8451589127178354,0.364393949508667,-0.6882927502522055,1,41,0,disabled,0,0.0,50.0,alpha
680,6.114202976226807,-11.440173149108887,-41.90886306762695,-4.268510341644287,2.6396749019622803,0.8163470029830933,37,0,56,0.028114281594753265,0.6172839506172839,0.3,93,93,wall,both,1,1,1,1,1,1,0.0,2,2,0,alpha,full,huber,-4.701930529445769,-12.026120242918582,0.08149930427151508,-4.277495786971564,-12.272251216237695,0.0015599498132826501,-3.9531101481826245,-12.48866167589559,0.020459440722004896,100.87162237504924,0.028114281594753265,250,6.8679327964782715,0.43681266094192645,1.0,disabled,single,3,row_8,row_9,-4.268510341644287,-4.8727827072143555,0.5959409417902635,0.3256649869653251,0.8734180662455902,0.6042723655700684,-3.750896633861733,0,41,1,disabled,0,0.0,50.0,alpha
684,0.588577926158905,-0.14315040409564972,-42.398338317871094,-1.8106261491775513,2.6176810264587402,0.26558661460876465,16,0,35,0.016331717371940613,0.7462686567164178,0.3,51,51,wall,both,1,1,1,1,1,1,0.0,3,3,0,alpha,full,huber,-2.0749517277621536,-11.586127749001086,1.084098165870743,-2.8436191260558403,-12.033488152477988,0.6771088455034882,-3.1442673210009637,-12.255875499717728,0.5631364855281911,173.04342209032933,0.016331717371940613,250,2.6813944578170776,1.0,1.0,disabled,single,3,row_7,row_8,-1.8106261491775513,-2.786796808242798,0.6399018732909367,0.2410837015551981,0.8819698835134125,0.9761706590652466,-1.3641857118110503,1,42,1,disabled,0,0.0,50.0,alpha
688,0.5552383661270142,-0.12739241123199463,-46.768131256103516,-0.6324079632759094,1.68264901638031,0.028124451637268066,14,1,67,0.015293843112885952,0.646551724137931,0.3,67,82,wall,both,1,1,1,1,1,1,0.0,5,5,0,alpha,full,huber,-1.579874410915567,-10.554894456215107,1.5923646241531788,-1.3151860540831035,-10.945851730532478,1.6334353465325289,-1.8000149540110684,-11.329574785501947,1.4298633197284403,119.83585472936082,0.015293841250240803,250,1.8202739357948303,1.0,1.0,disabled,single,3,row_7,row_6,-0.6324079632759094,-1.6891928911209106,0.6533810629998005,0.2270966252153924,0.8686145188915091,1.0567849278450012,-0.20681320079373366,0,42,0,disabled,0,0.0,50.0,alpha
692,1.0245741605758667,-0.4337819218635559,-33.21495819091797,-0.5027519464492798,1.5037615299224854,0.0076860785484313965,47,0,73,0.018753299489617348,0.5555555555555556,0.3,120,120,wall,both,1,1,1,1,1,1,0.0,1,1,0,alpha,full,huber,0.0017789511129180924,-10.021557510447824,1.8663230481713935,-0.7984063280509234,-9.884641628752497,2.238184803672992,-1.2186964987424769,-10.039601868819936,2.1616831913802086,148.62908667269306,0.018753301352262497,250,2.456165313720703,1.0,1.0,disabled,single,3,row_6,row_7,-0.5027519464492798,-1.2684483528137207,0.6291051138153693,0.2925401578251847,0.8506708479063345,0.7656964063644409,-0.03929502278988367,1,43,0,disabled,0,0.0,50.0,alpha
696,2.0150465965270996,-1.6778565645217896,-30.62944221496582,-0.21551407873630524,0.377349317073822,0.21224623918533325,76,0,56,0.010460805147886276,0.5319148936170213,0.3,120,132,wall,both,1,1,1,1,1,1,0.0,4,4,0,alpha,full,huber,-2.5654928161525055,-8.84902334434791,2.493735116945496,-1.5726761909121285,-9.18220734699052,2.5115473128136796,-1.6114138734575676,-9.289326806533467,2.4784499874786086,189.43074971203245,0.010460805147886276,250,2.6431864500045776,1.0,1.0,disabled,single,3,row_7,row_8,-0.21551407873630524,-1.1598738431930542,0.6519903938232534,0.25357764396408145,0.8496507121771246,0.944359764456749,0.2122113718276345,1,44,0,disabled,0,0.0,50.0,alpha
700,0.9833379983901978,-0.3995676338672638,-28.41672706604004,-0.21396967768669128,0.9337727427482605,0.07036149501800537,67,5,60,0.013284295797348022,0.5319148936170213,0.3,120,132,wall,both,1,1,1,1,1,1,0.0,6,6,0,alpha,full,huber,-0.39056829649292635,-9.164961029721534,2.1196248612656117,-1.4538743298509287,-8.839985947298516,2.27325411917692,-1.8197922356957643,-8.840349791468778,2.329211449225088,168.24145297554193,0.013284295797348022,250,2.743016839027405,1.0,1.0,disabled,single,3,row_6,row_7,-0.21396967768669128,-0.6981621384620667,0.5823902086692142,0.3588657000495772,0.8491306753665844,0.48419246077537537,0.32664491659204387,1,45,0,disabled,0,0.0,50.0,alpha
704,2.8855111598968506,-3.440568208694458,-39.99223327636719,-0.24040104448795319,1.0396320819854736,0.007266521453857422,96,56,31,0.008999473415315151,0.4504504504504505,0.3,120,183,wall,both,1,1,1,1,1,1,0.0,7,7,0,alpha,full,huber,-0.887358776628165,-7.777922687312658,1.9007743959415153,-1.3713101042396953,-8.17030162546854,2.044993370361387,-1.8832912373816977,-8.201622837747244,2.125708444181771,188.14928493003885,0.008999474346637726,250,3.1930347681045532,0.9395450466018125,1.0,disabled,single,3,row_6,row_7,-0.24040104448795319,-0.5037396550178528,0.539500227364486,0.41459601803574636,0.8394024837035745,0.2633386105298996,0.37671102836052084,0,45,0,disabled,0,0.0,50.0,alpha
708,1.6132794618606567,-1.075483798980713,-32.754764556884766,-0.23295316100120544,1.0146170854568481,0.03202831745147705,120,17,32,0.010378293693065643,0.47021943573667707,0.3,120,169,wall,both,1,1,1,1,1,1,0.0,9,9,0,alpha,full,huber,-0.9732584176676184,-7.253256683702009,2.0339227361677086,-1.059050718036086,-7.647028381523164,1.9409065360673208,-1.6083998244928561,-7.7029474323851534,2.028832056124239,167.29606547338665,0.010378293693065643,250,2.0099077224731445,1.0,1.0,disabled,single,3,row_6,row_7,-0.23295316100120544,-0.5123833417892456,0.5433603859102731,0.4108970157405834,0.8380006783783828,0.27943018078804016,0.3770293240688074,0,45,0,disabled,0,0.0,50.0,alpha
712,1.0471651554107666,-0.4531218707561493,-35.37445831298828,-0.2355758398771286,1.0287630558013916,0.009727120399475098,113,28,34,0.008010167628526688,0.46153846153846145,0.3,120,175,wall,both,1,1,1,1,1,1,0.0,4,4,0,alpha,full,huber,-0.9459019413099568,-7.450081187587746,1.9197399762304448,-1.0477391344380966,-7.353279404377556,1.883944485025738,-1.399587535783843,-7.38304775157936,1.9545687878875722,194.0847661043704,0.008010167628526688,235,1.3004670143127441,1.0,1.0,disabled,single,3,row_6,row_7,-0.2355758398771286,-0.5019350647926331,0.5404296047780089,0.4140576282265409,0.8382944541285242,0.26635922491550446,0.3798150514365848,0,45,0,disabled,0,0.0,50.0,alpha
716,0.8959882259368896,-0.33173343539237976,-47.16291809082031,-0.02454163134098053,0.2608281373977661,0.0480496883392334,115,20,30,0.040741533041000366,0.47619047619047616,0.3,120,165,wall,both,1,1,1,1,1,1,0.0,8,8,0,alpha,full,huber,0.20469986035017784,-6.6604210653558065,1.4688942847704594,-0.8143452345457216,-6.940686131988275,1.7385613579260841,-1.1798182131819095,-6.981448472692831,1.8448524888104298,57.783226627528045,0.040741536766290665,80,2.23910129070282,1.0,1.0,disabled,single,3,row_6,row_5,-0.02454163134098053,-1.1059693098068237,0.6556955491781121,0.22235359852602224,0.8676489380139992,1.0814276784658432,0.39751706828830347,0,45,0,disabled,0,0.0,50.0,alpha
720,1.6073282957077026,-1.067563772201538,-30.854833602905273,-0.2741915285587311,1.1107587814331055,0.002044677734375,109,20,29,0.03616447374224663,0.48701298701298706,0.3,120,158,wall,both,1,1,1,1,1,1,0.0,5,5,0,alpha,full,huber,-1.3793537002197689,-5.65738817073754,1.8128714431872632,-1.3115290418518204,-6.306987831289557,1.8273043092161452,-1.3332925737057988,-6.332551045073782,1.8443754409088555,63.06736129221425,0.036164477467536926,102,2.1503853797912598,1.0,1.0,disabled,single,3,row_6,row_7,-0.2741915285587311,-0.4417106807231903,0.5211730746872459,0.4407875580143602,0.8250799976392519,0.16751915216445923,0.37748156673883626,0,45,0,disabled,0,0.0,50.0,alpha
724,1.51984441280365,-0.954515278339386,-33.7669563293457,-0.2400893270969391,1.037610650062561,0.01431947946548462,111,20,21,0.032669797539711,0.49668874172185423,0.3,120,152,wall,both,1,1,1,1,1,1,0.0,6,6,0,alpha,full,huber,-1.5129190426706243,-4.398448007373268,1.8964131190400533,-1.5800565924363286,-5.055104785339235,1.8585197918615817,-1.61450397404853,-5.131387340567292,1.8714071859329744,62.48644054986828,0.0326697938144207,83,2.351170778274536,1.0,1.0,disabled,single,3,row_6,row_7,-0.2400893270969391,-0.5043585300445557,0.5410627962721981,0.41541006616165327,0.833694967930226,0.2642692029476166,0.3741306053345408,0,45,0,disabled,0,0.0,50.0,alpha
728,0.8430288434028625,-0.2936767339706421,-21.57076072692871,-0.26161155104637146,1.0850120782852173,0.0002155900001525879,106,4,20,0.0318310372531414,0.5357142857142857,0.3,120,130,wall,both,1,1,1,1,1,1,0.0,6,6,0,alpha,full,huber,-2.2227287764331805,-2.7724802511968485,1.8777779849025462,-2.0064604048198986,-3.3268668385610622,1.8768159775197184,-2.049448791648569,-3.458281225644707,1.8917103680858744,75.91082447040833,0.0318310372531414,112,1.416025161743164,1.0,1.0,disabled,single,3,row_7,row_6,-0.26161155104637146,-0.4505208730697632,0.5241743843098647,0.4339438298511816,0.8337410488454513,0.18890932202339172,0.3843193044940504,1,46,0,disabled,0,0.0,50.0,alpha
732,1.2039506435394287,-0.5989657640457153,-35.09467697143555,-0.09897114336490631,0.3757949769496918,0.12868249416351318,99,12,37,0.017711469903588295,0.5033557046979865,0.3,120,148,wall,both,1,1,1,1,1,1,0.0,5,5,0,alpha,full,huber,-1.4930400339485228,-0.8468475853472937,1.2543773202482207,-2.470647015318451,-1.0400873069321661,1.7841585511023923,-2.6396314090787563,-1.1072504944853316,1.813455145501421,94.27818598333668,0.017711468040943146,112,2.611453056335449,1.0,1.0,disabled,single,3,row_6,row_7,-0.08593618869781494,-1.0915782451629639,0.6532438776676714,0.23896293967330687,0.8603307991060714,1.005642056465149,0.3398685580397706,1,47,0,disabled,0,0.0,50.0,alpha
736,0.9833706021308899,-0.39959412813186646,-23.3396053314209,-0.27091947197914124,1.1041452884674072,0.00020551681518554688,102,16,26,0.011716228909790516,0.5102040816326531,0.3,113,144,wall,both,1,1,1,1,1,1,0.0,7,7,0,alpha,full,huber,-2.6541830583213226,-0.30187631720881036,1.748671026457763,-2.518898054497738,0.01905122670903165,1.7093146233720466,-2.719067631715492,0.020677073151638335,1.7548011908767958,171.40818719238322,0.01171622984111309,229,1.6182193756103516,1.0,1.0,disabled,single,3,row_7,row_6,-0.27091947197914124,-0.44067060947418213,0.5200776249081401,0.4388804013206959,0.8324989289034294,0.1697511374950409,0.38285772789897443,1,48,0,disabled,0,0.0,50.0,alpha
740,1.8629828691482544,-1.434175729751587,-20.128847122192383,-0.28420811891555786,1.1309007406234741,1.0907649993896484e-05,97,0,27,0.014256675727665424,0.5474452554744526,0.3,120,124,wall,both,1,1,1,1,1,1,0.0,5,5,0,alpha,full,huber,-2.9566514449350336,1.438031281516173,1.7684838627427446,-2.9304385118674876,0.7233830806414188,1.7754279733821872,-2.8871949438756066,0.7075405644918715,1.760646280954754,185.12617952165752,0.014256676658987999,250,2.6445038318634033,1.0,1.0,disabled,single,3,row_7,row_6,-0.28420811891555786,-0.43357783555984497,0.5171704219570631,0.4454133555207276,0.8241791204261129,0.1493697166442871,0.3751747035956662,0,48,0,disabled,0,0.0,50.0,alpha
744,1.949217438697815,-1.5700201988220215,-25.8900089263916,-0.3000459671020508,1.1619322299957275,0.0025606751441955566,106,10,27,0.014256058260798454,0.5119453924914675,0.3,120,143,wall,both,1,1,1,1,1,1,0.0,5,5,0,alpha,full,huber,-2.800022166230549,0.8290124991094812,1.7015778958788106,-2.853330325223943,1.3219959321245007,1.68082164824752,-2.9440643338973036,1.3988235588201499,1.7037773022536777,177.17817436040337,0.014256056398153305,250,2.6945782899856567,1.0,1.0,disabled,single,3,row_7,row_6,-0.3000459671020508,-0.4022909998893738,0.5065960321279741,0.4573591060619046,0.82206882301759,0.102245032787323,0.37999540670012477,0,48,0,disabled,0,0.0,50.0,alpha
748,1.9998929500579834,-1.6527156829833984,-23.193016052246094,-0.13661551475524902,0.7818593978881836,0.013736367225646973,107,1,18,0.011303983628749847,0.5434782608695653,0.3,120,126,wall,both,1,1,1,1,1,1,0.0,3,3,0,alpha,full,huber,-2.5341886728527627,2.6451634354783993,1.9093689854724465,-2.9169562326133547,2.2141313692870797,1.7220394548556146,-2.9828041807182593,2.197400144649416,1.7236992021613853,192.62405544763277,0.011303983628749847,250,2.6148921251296997,1.0,1.0,disabled,single,3,row_6,row_7,-0.13661551475524902,-0.6536188721656799,0.5877193684237768,0.3504598719754143,0.8519156302269899,0.5170033574104309,0.39489019484066723,1,49,0,disabled,0,0.0,50.0,alpha
752,1.9836450815200806,-1.6259702444076538,-30.221332550048828,-0.22145001590251923,0.9981730580329895,0.0030922293663024902,103,7,18,0.015076713636517525,0.539568345323741,0.3,120,128,wall,both,1,1,1,1,1,1,0.0,4,4,0,alpha,full,huber,-3.1706858387647063,2.1042670480015135,1.7519516915126658,-2.9842935383328815,2.9188555468197155,1.8109251456713227,-3.055268901966552,3.02352294032632,1.8092987954912951,168.0003843540599,0.015076715499162674,235,2.984276533126831,1.0,1.0,disabled,single,3,row_7,row_6,-0.22145001590251923,-0.499874085187912,0.5431806135625056,0.41117454868509484,0.8378360691367859,0.27842406928539276,0.3888633767899309,1,50,0,disabled,0,0.0,50.0,alpha
756,4.047532081604004,-6.316195487976074,-26.0537052154541,-0.24919143319129944,1.0589268207550049,0.00138932466506958,120,5,35,0.013499299064278603,0.48387096774193555,0.3,120,160,wall,both,1,1,1,1,1,1,0.0,3,3,0,alpha,full,huber,-3.634007452988502,4.990726317123581,1.697623006574032,-3.4945647037896665,4.263565453067812,1.89489332597691,-3.432380793686443,4.291197490788825,1.8629750285199602,193.53648142106275,0.013499299064278603,250,4.813869953155518,0.6231992200025022,1.0,disabled,single,3,row_7,row_6,-0.24919143319129944,-0.4484749138355255,0.5284899306928063,0.43300110149570736,0.8248815863967475,0.19928348064422607,0.3885400932773633,0,50,0,disabled,0,0.0,50.0,alpha
760,2.247493028640747,-2.08728289604187,-39.298561096191406,-0.09569527953863144,0.5951982736587524,0.06448101997375488,77,31,49,0.009628057479858398,0.4885993485342019,0.3,120,157,wall,both,1,1,1,1,1,1,0.0,2,2,0,alpha,full,huber,-4.030896398877014,4.58071951034248,2.1114133129819272,-3.8348800151026894,5.18424942332271,1.9002832263937344,-3.801708205605901,5.2965168010404025,1.8877622314043103,202.8145607602476,0.009628057479858398,250,3.077390670776367,0.9748518537112342,1.0,disabled,single,3,row_7,row_6,-0.09569527953863144,-0.8058381080627441,0.6193868392521092,0.30447445475919843,0.8548455296123183,0.7101428285241127,0.38332997970503246,0,50,0,disabled,0,0.0,50.0,alpha
764,1.2201112508773804,-0.6151534914970398,-31.988346099853516,-0.1658574640750885,0.8556686639785767,0.027794837951660156,111,13,29,0.009474501945078373,0.49504950495049505,0.3,112,153,wall,both,1,1,1,1,1,1,0.0,2,2,0,alpha,full,huber,-3.9718621624153228,5.707006124407007,1.5306094152042533,-4.062791410415511,5.656811729399138,1.8731118368493782,-4.011903753094921,5.719492794625095,1.86892128346725,222.60108747647652,0.009474501945078373,250,1.4574821591377258,1.0,1.0,disabled,single,3,row_7,row_6,-0.1658574640750885,-0.5905247330665588,0.572722018924552,0.37455295590313675,0.8421807372533716,0.42466726899147034,0.3914973486742078,0,50,0,disabled,0,0.0,50.0,alpha
768,1.6560643911361694,-1.1332848072052002,0.0,-0.007181917317211628,0.17325960099697113,0.011189639568328857,0,0,0,0.010375789366662502,0.5,0.3,0,0,wall,both,1,1,1,1,1,1,0.0,0,0,0,alpha,full,huber,-4.846166184872508,6.605659975251906,1.9166703171275348,-4.4360972302765145,6.069709253066232,1.9403389786548482,-4.290691466836485,6.11163542146628,1.905005293390304,191.46278407587664,0.010375788435339928,250,2.5478426218032837,1.0,1.0,disabled,single,3,row_7,row_6,-0.007181917317211628,-1.21570885181427,0.6623828578322897,0.1978119415808992,0.8684527029845721,1.2085269344970584,0.40472963780511373,0,50,0,disabled,0,0.0,50.0,alpha
772,2.6744942665100098,-2.95575213432312,-37.596946716308594,-0.42783620953559875,0.49305203557014465,0.30262917280197144,74,21,33,0.026958631351590157,0.539568345323741,0.3,107,128,wall,both,1,1,1,1,1,1,0.0,1,1,0,alpha,full,huber,-6.761037754306491,4.859854586369606,2.550567931277543,-4.81596708573297,6.08648917537079,1.9590501129881057,-4.601129499664355,6.236722089392974,1.9312963598924489,145.77453593632382,0.026958633214235306,250,4.837092876434326,0.6202072353449324,1.0,disabled,single,3,row_8,row_7,-0.42783620953559875,-1.2872942686080933,0.6391137599654955,0.27059531645196094,0.8569415857771628,0.8594580590724945,0.019836602799111425,1,51,0,disabled,0,0.0,50.0,alpha
776,0.23115158081054688,-0.022078948095440865,-30.462242126464844,-0.2198038399219513,0.9299092292785645,0.08229297399520874,104,0,39,0.012856855057179928,0.5119453924914675,0.3,120,143,wall,both,1,1,1,1,1,1,0.0,1,1,0,alpha,full,huber,-5.883102911631054,6.163784483496732,1.3584065674519108,-5.082041079921047,6.350214105233155,1.9549127273873115,-4.90453356842424,6.460451247168967,1.9452423446352975,197.72917673613998,0.012856855057179928,250,1.0886030197143555,1.0,1.0,disabled,single,3,row_7,row_8,-0.2198038399219513,-0.5575018525123596,0.5549083446601957,0.3958775486130229,0.841866594721012,0.3376980125904083,0.3691484837080522,1,52,0,disabled,0,0.0,50.0,alpha
780,0.21976682543754578,-0.01995762810111046,0.0,-0.03810418024659157,0.3872363269329071,0.03422677516937256,0,0,0,0.00874950923025608,0.5,0.3,0,0,wall,both,1,1,1,1,1,1,0.0,0,0,0,alpha,full,huber,-2.9691296017993913,7.202732139943514,1.477557155608097,-4.889793020564638,6.838678269018114,1.878394486048456,-4.9627248357957825,6.816393580147485,1.9114149187845353,210.760799266944,0.00874950923025608,250,2.4253973960876465,1.0,1.0,disabled,single,3,row_6,row_7,-0.03810418024659157,-1.0117847919464111,0.6480524746498654,0.24476316285257615,0.8649745782585665,0.9736806116998196,0.39567942626398495,1,53,0,disabled,0,0.0,50.0,alpha
784,3.254636287689209,-4.350337505340576,0.0,-0.34440338611602783,1.0520352125167847,0.15530908107757568,0,0,0,0.008577284403145313,0.5,0.3,0,0,wall,both,1,1,1,1,1,1,0.0,0,0,0,alpha,full,huber,-6.724699018020599,7.720744553233098,2.3223347750559995,-5.420878634942859,7.771205072032941,1.89521348969685,-5.354976431254498,7.7541816369376875,1.883843035862637,205.7214084270101,0.008577284403145313,250,4.403581380844116,0.6812636671256281,1.0,disabled,single,3,row_8,row_7,-0.34440338611602783,-0.6515771150588989,0.5511495903918747,0.4053830944671706,0.8306789037932616,0.3071737289428711,0.2513456316451681,1,54,0,disabled,0,0.0,50.0,alpha
788,0.960132360458374,-0.38093146681785583,0.0,-0.2897913455963135,0.9938591718673706,0.1312289834022522,0,0,0,0.008800676092505455,0.5,0.3,0,0,wall,both,1,1,1,1,1,1,0.0,0,0,0,alpha,full,huber,-3.434692732705341,8.750516553716777,1.240080125663452,-5.455239033541362,9.131191624205611,1.7183293664030395,-5.62427549304222,9.119777902553338,1.771762392091773,208.34785515759532,0.008800676092505455,250,2.7110626697540283,1.0,1.0,disabled,single,3,row_6,row_7,-0.2897913455963135,-1.0162383317947388,0.6181195089879491,0.2989375930779722,0.8648290245982775,0.7264469861984253,0.19128211438428122,1,55,0,disabled,0,0.0,50.0,alpha
792,2.433051824569702,-2.446174144744873,0.0,-0.4295157492160797,1.3417770862579346,0.08492016792297363,0,0,0,0.01614721678197384,0.5,0.3,0,0,wall,both,1,1,1,1,1,1,0.0,0,0,0,alpha,full,huber,-7.403042783872992,8.528669346783488,1.342435445716692,-6.123890953177289,9.798845925107333,1.0261459815374594,-5.975026519081651,9.954821831674845,0.9594683559092623,179.4466881850494,0.01614721678197384,250,4.626958608627319,0.6483740732856935,1.0,disabled,single,3,row_8,row_7,-0.4295157492160797,-1.2910544872283936,0.6343292037300505,0.26801135002334936,0.8688181715482,0.8615387380123138,0.025671461306265075,1,56,0,disabled,0,0.0,50.0,alpha
796,3.8520402908325195,-5.831504821777344,-47.804386138916016,-4.30426025390625,3.52272629737854,0.6155565977096558,4,0,79,0.016931336373090744,0.6437768240343348,0.3,83,83,wall,both,1,1,1,1,1,1,0.0,1,1,0,alpha,full,huber,-4.428780598790883,11.134490415943445,-0.20723990829141847,-5.419869499022904,10.199823078685078,0.4324407289123704,-5.576696466004922,10.249603802735507,0.47035244890049155,145.36615781876444,0.016931336373090744,250,5.465687990188599,0.5488787514737888,1.0,disabled,single,3,row_6,row_7,-4.30426025390625,-4.582578659057617,0.5482206104518913,0.4150335559210046,0.8159002115553063,0.2783184051513672,-3.7031827546783505,1,57,1,disabled,0,0.0,50.0,alpha
800,2.532813549041748,-2.650886058807373,-49.9474983215332,-4.678658962249756,3.720391273498535,0.626649022102356,6,0,65,0.024709824472665787,0.6787330316742082,0.3,66,71,wall,both,1,1,1,1,1,1,0.0,3,3,0,alpha,full,huber,-4.5622213865878525,11.29512289800694,-0.23173296539355048,-4.977901160419835,10.590114440209918,-0.08337272959765858,-5.0505541242139005,10.535138245417802,-0.1206017137581763,147.15427621014123,0.024709824472665787,250,3.5744529962539673,0.8392892571657832,1.0,disabled,single,3,row_6,row_7,-4.5240044593811035,-4.678658962249756,0.5204063748308048,0.4458379269827598,0.8144335132612387,0.15465450286865234,-3.870859176829322,0,57,1,disabled,0,0.0,50.0,alpha
804,2.4206724166870117,-2.4213449954986572,-49.036216735839844,-1.7991397380828857,2.434389114379883,0.343711793422699,8,3,79,0.023006625473499298,0.625,0.3,75,90,wall,both,1,1,1,1,1,1,0.0,9,9,0,alpha,full,huber,-2.771442860963338,10.480990323171401,-0.5285237961054867,-3.9599341902398937,10.295665095975743,-0.8752846140145112,-4.253512890560549,10.38489439778953,-0.8092098022176222,104.00751935618511,0.023006625473499298,250,4.1952362060546875,0.7150968032909119,1.0,disabled,single,3,row_6,row_5,-1.7991397380828857,-2.7888545989990234,0.655504955877193,0.24363982378600516,0.8522560862510085,0.9897148609161377,-1.3767903227293068,0,57,0,disabled,0,0.0,50.0,alpha
808,0.42874473333358765,-0.07595952600240707,-41.68524932861328,-0.801214337348938,1.8972009420394897,0.018213868141174316,37,0,80,0.0283214021474123,0.5617977528089888,0.3,109,117,wall,both,1,1,1,1,1,1,0.0,10,10,0,alpha,full,huber,-4.006434534155029,9.453023197505289,-1.1922798992732158,-3.8380202482816594,9.730884309960262,-1.1662565288515447,-3.9131419136590635,9.918793361052474,-1.1063059178133963,147.4098926470172,0.0283214021474123,250,1.261244773864746,1.0,1.0,disabled,single,3,row_6,row_7,-0.801214337348938,-1.0534182786941528,0.5380449521419479,0.41810732983003096,0.8351973353960327,0.25220394134521484,-0.1814011692053199,0,57,0,disabled,0,0.0,50.0,alpha
812,3.469879388809204,-4.883998870849609,-38.976253509521484,-0.13931767642498016,0.7876484990119934,0.01886880397796631,77,10,59,0.04037223011255264,0.5067567567567568,0.3,103,146,wall,both,1,1,1,1,1,1,0.0,13,13,0,alpha,full,huber,-2.4155366051179583,8.767845916904786,-1.1888627412575756,-3.142803598867907,8.879227550009713,-1.4498995847629534,-3.347080539205561,9.037987018643747,-1.475513059579301,85.03942073184392,0.04037223011255264,250,4.691439151763916,0.6394626260626319,1.0,disabled,single,3,row_6,row_5,-0.13931767642498016,-1.0380207300186157,0.6399406968170803,0.2605181304019282,0.8657348354018864,0.8987030535936356,0.30706209172006776,0,57,0,disabled,0,0.0,50.0,alpha
816,4.6388750076293945,-7.782334804534912,-39.9526252746582,-0.16706477105617523,0.605868935585022,0.14472579956054688,58,0,89,0.017347149550914764,0.5050505050505051,0.3,120,147,wall,both,1,1,1,1,1,1,0.0,14,14,0,alpha,full,huber,-2.917997564272569,8.623769710864998,-0.8387149805959222,-2.9219450046226965,7.500610827819848,-1.4136123530584148,-3.0572728090841745,7.4611185138911065,-1.470749158303287,191.6271657015497,0.017347149550914764,250,5.9491143226623535,0.5042767439468935,1.0,disabled,single,3,row_6,row_7,-0.16706477105617523,-1.4758050441741943,0.667647310387264,0.18037171096991114,0.8649875057510206,1.308740273118019,0.23693045228120346,0,57,0,disabled,0,0.0,50.0,alpha
820,1.9900466203689575,-1.636481761932373,-41.33554458618164,-0.14384563267230988,0.7395533919334412,0.07392144203186035,45,20,74,0.010981504805386066,0.5190311418685121,0.3,116,139,wall,both,1,1,1,1,1,1,0.0,12,12,0,alpha,full,huber,-1.9530599788519214,7.904569419990834,-0.9965190075333177,-2.312603953134057,7.210405089161703,-1.2504441226067013,-2.6623153189996023,7.110392801388972,-1.358207075031233,185.54786542108502,0.010981504805386066,250,3.1086618900299072,0.9650454459591095,1.0,disabled,single,3,row_6,row_5,-0.14384563267230988,-0.7040824294090271,0.595381365995592,0.34000671069051863,0.8525277631364705,0.5602367967367172,0.37470749483262666,0,57,0,disabled,0,0.0,50.0,alpha
824,0.5258143544197083,-0.11424823850393295,-33.739295959472656,-0.2568311393260956,1.0737797021865845,0.012207627296447754,77,17,40,0.009294566698372364,0.528169014084507,0.3,101,134,wall,both,1,1,1,1,1,1,0.0,12,12,0,alpha,full,huber,-3.728011019674754,5.5918214674146425,-1.2348374665409425,-2.1985496118443972,5.937091272339519,-1.3796286590074973,-2.293350512348866,5.888664767441966,-1.38502151507773,222.40735417577957,0.009294566698372364,250,2.094174027442932,1.0,1.0,disabled,single,3,row_7,row_6,-0.2568311393260956,-0.44051170349121094,0.5252707977122744,0.4371311963902153,0.823278396403904,0.18368056416511536,0.3870102048799392,1,58,0,disabled,0,0.0,50.0,alpha
828,2.7448275089263916,-3.113255500793457,-49.42558288574219,-0.003567861393094063,0.08525661379098892,0.02187204360961914,83,4,63,0.008878329768776894,0.5,0.3,110,150,wall,both,1,1,1,1,1,1,0.0,11,11,0,alpha,full,huber,-4.790526987191811,5.874062430848401,-1.5841932200841793,-2.5616112693561544,5.490786284413315,-1.4832214706646967,-2.3855943430223077,5.4668558681,-1.438349032213364,217.56984618555933,0.008878329768776894,250,4.781024217605591,0.6274806115712264,1.0,disabled,single,3,row_7,row_6,-0.003567861393094063,-1.287868857383728,0.6667268321455376,0.184579343854722,0.8655440580091085,1.284300995990634,0.4018070025688894,0,58,0,disabled,0,0.0,50.0,alpha
832,1.2343297004699707,-0.6295742988586426,-40.01649856567383,-0.09832188487052917,0.6640198826789856,0.009115159511566162,92,15,37,0.016355428844690323,0.5102040816326531,0.3,110,144,wall,both,1,1,1,1,1,1,0.0,12,12,0,alpha,full,huber,-1.7528961499207425,6.325839081824882,-1.2665244863715215,-2.000210222642645,4.910840757078326,-1.423208298670796,-2.1371852472290676,4.770637787924362,-1.447790812091953,175.25416883095556,0.016355428844690323,250,3.2409536838531494,0.9256534627280816,1.0,disabled,single,3,row_6,row_5,-0.09832188487052917,-0.7363471984863281,0.6062436193033264,0.32029953463803823,0.8598694028535644,0.638025313615799,0.4021514767757942,1,59,0,disabled,0,0.0,50.0,alpha
836,1.2100105285644531,-0.6050105690956116,-22.256013870239258,-0.3254425823688507,1.2101335525512695,0.0019301176071166992,96,13,18,0.01544281281530857,0.5415162454873647,0.3,98,127,wall,both,1,1,1,1,1,1,0.0,10,10,0,alpha,full,huber,-0.9076031234861113,4.704168990268716,-1.3081276850781733,-1.4229587823538858,4.2522095839983205,-1.2566243446163587,-1.719806040170369,4.023951891138135,-1.317465551409459,173.12397053682932,0.01544281467795372,250,2.3120296001434326,1.0,1.0,disabled,single,3,row_6,row_5,-0.3254425823688507,-0.3769582211971283,0.4958020814507741,0.47090726212540807,0.8157522851916049,0.05151563882827759,0.37613587885486477,0,59,0,disabled,0,0.0,50.0,alpha
840,1.6626466512680054,-1.142311453819275,-26.831172943115234,-0.14653447270393372,0.810943067073822,0.009834706783294678,126,0,15,0.012229359708726406,0.5154639175257733,0.3,113,141,wall,both,1,1,1,1,1,1,0.0,13,13,0,alpha,full,huber,-0.12663291758945924,3.200191366323851,-1.5388846469243023,-0.8911151924054539,3.8692222877494062,-1.1977746200166985,-1.2491832256935578,3.729209974225495,-1.250802020314585,185.00136943959265,0.012229361571371555,250,2.8775339126586914,1.0,1.0,disabled,single,3,row_5,row_6,-0.14653447270393372,-0.6315258741378784,0.5816957356464237,0.3581515133834473,0.8519983851165943,0.4849914014339447,0.3952732862351458,1,60,0,disabled,0,0.0,50.0,alpha
844,1.954145908355713,-1.5779695510864258,-21.54505729675293,-0.29679521918296814,1.1545857191085815,0.01169055700302124,102,0,18,0.014661399647593498,0.5555555555555556,0.3,81,120,wall,both,1,1,1,1,1,1,0.0,12,12,0,alpha,full,huber,-0.4829369009352449,2.1115400749980733,-1.2573081378700812,-0.9044570423541614,2.8570717211289764,-1.2851605757198241,-0.9853598744054813,3.0171452904043767,-1.2601447659450067,169.84698972629144,0.014661399647593498,250,2.9008123874664307,1.0,1.0,disabled,single,3,row_6,row_5,-0.29679521918296814,-0.40568020939826965,0.509198002356621,0.4566658552641123,0.8168946423850298,0.10888499021530151,0.3781231162252998,1,61,0,disabled,0,0.0,50.0,alpha
848,2.736795663833618,-3.095062255859375,-21.86369514465332,-0.26973074674606323,1.0998562574386597,0.01494908332824707,113,4,19,0.01849805936217308,0.5244755244755245,0.3,113,136,wall,both,1,1,1,1,1,1,0.0,10,10,0,alpha,full,huber,-3.075287229926383,2.1705831678024197,-1.2951754049385256,-0.9628912272585219,2.5415105052723237,-1.3050111851234907,-0.9042467118051583,2.5616680508003054,-1.278931451514721,186.59967539540654,0.01849806122481823,250,3.805605888366699,0.7883107415748583,1.0,disabled,single,3,row_7,row_6,-0.26917529106140137,-0.43265652656555176,0.5197165272084979,0.4413341452179401,0.8275401725582066,0.1634812355041504,0.3852964649717445,1,62,0,disabled,0,0.0,50.0,alpha
852,0.5673508644104004,-0.13301116228103638,-26.661911010742188,-0.2792700529098511,1.120709776878357,0.006282329559326172,109,9,10,0.01697290502488613,0.539568345323741,0.3,97,128,wall,both,1,1,1,1,1,1,0.0,11,11,0,alpha,full,huber,-0.6128613432112171,4.12745294987187,-1.2704813607059473,-0.7240534914668014,2.506187886726727,-1.2715275899977414,-0.7676524908121494,2.379165426220911,-1.2727668245951989,168.2115154962934,0.01697290502488613,250,2.634854793548584,1.0,1.0,disabled,single,3,row_5,row_6,-0.2792700529098511,-0.4258163571357727,0.5157884635971582,0.4454791404059375,0.8276208357276553,0.14654630422592163,0.3827884989140209,1,63,0,disabled,0,0.0,50.0,alpha
856,2.3871254920959473,-2.3546977043151855,-28.001110076904297,-0.2965408265590668,1.1538373231887817,0.012977063655853271,112,5,19,0.06535837799310684,0.5244755244755245,0.3,119,136,wall,both,1,1,1,1,1,1,0.0,11,11,0,alpha,full,huber,-2.881467192314065,1.1857016957719082,-1.2071584966066815,-1.545230496489706,1.6235057548267806,-1.3377268539574423,-1.089674967357766,1.7839814324804917,-1.3008509720150219,54.561396553634424,0.06535837799310684,250,5.036052227020264,0.5957047037566254,1.0,disabled,single,3,row_7,row_6,-0.2965408265590668,-0.41572049260139465,0.510536413714571,0.4531767828750866,0.8222453644583552,0.11917966604232788,0.37575248785273485,1,64,0,disabled,0,0.0,50.0,alpha
860,3.62369966506958,-5.265371322631836,-27.09600257873535,-0.30584627389907837,1.1731308698654175,0.0019819140434265137,105,11,28,0.010282185859978199,0.5102040816326531,0.3,114,144,wall,both,1,1,1,1,1,1,0.0,12,12,0,alpha,full,huber,-0.18535618944722898,0.517696541513354,-1.3113303148878714,-0.833680743102939,1.3175824969029573,-1.3010775665167396,-0.8924058034648494,1.3004305895136326,-1.2986332824290576,190.09570221316554,0.010282185859978199,250,4.1445019245147705,0.7238505505945044,1.0,disabled,single,3,row_6,row_5,-0.30584627389907837,-0.3989064693450928,0.5052832529717872,0.4603831021160998,0.8178023958103033,0.0930601954460144,0.37678983607777483,1,65,0,disabled,0,0.0,50.0,alpha
864,2.4593396186828613,-2.499318838119507,-21.66753578186035,-0.3223184645175934,1.2042711973190308,0.0029883980751037598,131,10,10,0.01016079168766737,0.4983388704318937,0.3,119,151,wall,both,1,1,1,1,1,1,0.0,11,11,0,alpha,full,huber,-0.1792230405910794,1.2483969054320665,-1.3155466387815575,-0.32055891104556744,0.8727673205336419,-1.283291408763493,-0.5456210864747235,0.8685271831465794,-1.289049987035081,186.61156724663468,0.010160792618989944,250,2.6944907903671265,1.0,1.0,disabled,single,3,row_5,row_6,-0.3223184645175934,-0.3805360496044159,0.49744123407374885,0.46930826879607696,0.8155559971530836,0.05821758508682251,0.3759593873077305,1,66,0,disabled,0,0.0,50.0,alpha
868,0.7534286975860596,-0.23456810414791107,-32.182228088378906,-0.24099120497703552,1.0412863492965698,0.003157675266265869,121,13,17,0.011098448187112808,0.4983388704318937,0.3,120,151,wall,both,1,1,1,1,1,1,0.0,13,13,0,alpha,full,huber,-0.05592172846945104,1.4836166780792257,-1.31338610178102,-0.023844474432582433,0.8094024349217654,-1.2654720185913886,-0.23081869028636312,0.652698331530775,-1.270417145776015,177.44643519096644,0.011098448187112808,250,1.3555054664611816,1.0,1.0,disabled,single,3,row_5,row_6,-0.24099120497703552,-0.4801391065120697,0.5353916839099752,0.42151303277420676,0.8341428690262226,0.23914790153503418,0.38376547551991436,0,66,0,disabled,0,0.0,50.0,alpha
872,2.3383994102478027,-2.2595503330230713,-21.840946197509766,-0.2966000437736511,1.1543922424316406,0.010638236999511719,97,6,9,0.011082180775702,0.5725190839694657,0.3,89,112,wall,both,1,1,1,1,1,1,0.0,9,9,0,alpha,full,huber,0.38483914161136706,-1.5833659781093667,-1.2431932156971464,0.2696797815911466,-0.9206512978963683,-1.3646119569354198,0.25118943519912884,-0.8821849435547593,-1.3313782194998927,190.4356480167557,0.011082180775702,250,3.1719350814819336,0.9457948926868941,1.0,disabled,single,3,row_5,row_6,-0.2966000437736511,-0.4089101552963257,0.5085952655676111,0.45456568865486857,0.8238610246672438,0.11231011152267456,0.37950269101799883,0,66,0,disabled,0,0.0,50.0,alpha
876,0.43541786074638367,-0.07834244519472122,-19.487720489501953,-0.18326717615127563,0.9081306457519531,0.0002307295799255371,110,3,22,0.01186587754637003,0.5263157894736842,0.3,120,135,wall,both,1,1,1,1,1,1,0.0,3,3,0,alpha,full,huber,0.4831328871046205,-0.7551567375911916,-1.4106694037234797,0.5891687113024424,-1.2826054841588916,-1.393616900761858,0.5058225037204855,-1.433249014746643,-1.4007120209520236,187.3042369783241,0.01186587754637003,250,1.3478389978408813,1.0,1.0,disabled,single,3,row_5,row_6,-0.18326717615127563,-0.5585225820541382,0.5620838745377289,0.38621556641771726,0.8444006449742465,0.37525540590286255,0.39283702112309604,0,66,0,disabled,0,0.0,50.0,alpha
880,3.683032274246216,-5.412477016448975,-24.340986251831055,-0.16081982851028442,0.850699245929718,0.0,100,16,20,0.012042548507452011,0.5244755244755245,0.3,120,136,wall,both,1,1,1,1,1,1,0.0,4,4,0,alpha,full,huber,0.6320522128640462,-1.2481407724466955,-1.3890501701875961,0.6518287066044804,-1.5884970350755867,-1.4383382350566156,0.6283445186908188,-1.7992034759781175,-1.4282629437650614,181.4138029354678,0.012042548507452011,250,4.15399432182312,0.7221964614249519,1.0,disabled,single,3,row_5,row_6,-0.16081982851028442,-0.6072741746902466,0.5747441202591977,0.36777472387120785,0.8503734777537373,0.44645434617996216,0.39301051696492995,0,66,0,disabled,0,0.0,50.0,alpha
884,2.081808090209961,-1.7908780574798584,-37.27096939086914,-0.14671707153320312,0.7030593752861023,0.09504842758178711,100,8,33,0.01754567213356495,0.5154639175257733,0.3,120,141,wall,both,1,1,1,1,1,1,0.0,4,4,0,alpha,full,huber,-1.2876377929141616,-3.703000833597078,-1.8216014395082685,0.49602415206992023,-3.573881247426508,-1.6020910428283306,0.7050362446525508,-3.681980844647385,-1.5401685091877937,185.25584268373785,0.01754567213356495,250,4.377689599990845,0.6852929910805632,1.0,disabled,single,3,row_6,row_7,-0.14079304039478302,-0.7623162865638733,0.6045059858698738,0.3246956642810613,0.8569820434286307,0.6215232461690903,0.36255066639811895,1,67,0,disabled,0,0.0,50.0,alpha
888,2.4135303497314453,-2.4070780277252197,-34.60276794433594,-0.17870333790779114,0.601882815361023,0.15511000156402588,113,10,26,0.015764174982905388,0.5016722408026756,0.3,120,149,wall,both,1,1,1,1,1,1,0.0,6,6,0,alpha,full,huber,0.038806620562015615,-3.7127797745935327,-1.9790496871655578,0.5880579741314861,-4.300343046054974,-1.5951983711198268,0.660442155572039,-4.4446941321993165,-1.5583122474677573,171.1513001400497,0.015764174982905388,250,3.2838913202285767,0.9135503302195712,1.0,disabled,single,3,row_6,row_5,-0.17870333790779114,-0.8892098665237427,0.6194017870904251,0.304371082803625,0.8549574039736008,0.7105065286159515,0.30029778834336895,0,67,0,disabled,0,0.0,50.0,alpha
892,3.8455047607421875,-5.815300941467285,-42.43219757080078,-0.0797271579504013,0.2854613661766052,0.1228681206703186,111,22,39,0.011380640789866447,0.46583850931677023,0.3,120,172,wall,both,1,1,1,1,1,1,0.0,4,4,0,alpha,full,huber,-0.21252114328078403,-4.150922753084327,-1.9155517283484493,0.29083508385964774,-4.771246199896058,-1.6288063793419114,0.479254410217753,-4.897587250511863,-1.571115634259936,202.80717605106022,0.011380640789866447,250,4.878772020339966,0.6149088310527271,1.0,disabled,single,3,row_6,row_5,-0.0797271579504013,-1.1429893970489502,0.6595170046860036,0.22774931237723606,0.8575465074427124,1.063262239098549,0.33652036499751853,0,67,0,disabled,0,0.0,50.0,alpha
896,1.510392665863037,-0.9426801800727844,-33.63632583618164,-0.29496148228645325,1.1520847082138062,0.0012239813804626465,115,29,24,0.011254913173615932,0.4716981132075471,0.3,120,168,wall,both,1,1,1,1,1,1,0.0,4,4,0,alpha,full,huber,1.0030335205206555,-5.036338953106629,-1.439741976433786,0.7616838991853914,-5.084809589523811,-1.5145698746158704,0.6204168414649536,-5.1550318425600405,-1.5370185514191985,181.3358896294344,0.011254913173615932,250,2.054558753967285,1.0,1.0,disabled,single,3,row_5,row_6,-0.29496148228645325,-0.4013962745666504,0.5081160614796018,0.4568134476322407,0.8194219251925609,0.10643479228019714,0.3820839077323911,1,68,0,disabled,0,0.0,50.0,alpha
900,1.9067397117614746,-1.5023373365402222,-37.377899169921875,-0.12299372255802155,0.3973090946674347,0.14676225185394287,104,2,24,0.014270666055381298,0.5357142857142857,0.3,120,130,wall,both,1,1,1,1,1,1,0.0,1,1,0,alpha,full,huber,1.6314193583911751,-4.241970572910595,-0.8552453934732149,1.21795644658665,-5.308902696229591,-1.3828557718745798,0.925750089591378,-5.4262059112530014,-1.4598161252362427,171.93257262122947,0.014270666055381298,250,3.323209047317505,0.9027418851130057,1.0,disabled,single,3,row_5,row_6,-0.12299372255802155,-1.0680971145629883,0.6453159798891388,0.2507952065995735,0.8647870798172955,0.9451033920049667,0.31502146828492017,0,68,0,disabled,0,0.0,50.0,alpha
904,1.2181549072265625,-0.6131824254989624,-30.553546905517578,-0.08469126373529434,0.5801182389259338,0.04926234483718872,115,6,13,0.019497258588671684,0.528169014084507,0.3,120,134,wall,both,1,1,1,1,1,1,0.0,1,1,0,alpha,full,huber,2.853146966343365,-5.525552981127758,-1.0750704708374137,1.7243881960919054,-5.495218972137123,-1.2560484816869886,1.3430937465923283,-5.622457888381801,-1.3599304453557721,153.71916978684263,0.019497258588671684,250,2.7595587968826294,1.0,1.0,disabled,single,3,row_5,row_4,-0.08469126373529434,-0.8388811945915222,0.6243803824156939,0.29370323094992823,0.8588806836238361,0.7541899308562279,0.38630424539558494,0,68,0,disabled,0,0.0,50.0,alpha
908,2.8466827869415283,-3.3485965728759766,0.0,-0.10599800199270248,0.666289746761322,0.04241853952407837,0,0,0,0.015703005716204643,0.5,0.3,0,0,wall,both,1,1,1,1,1,1,0.0,0,0,0,alpha,full,huber,3.0737413907141,-6.283063220141975,-1.1115647262667747,2.15591364379263,-6.01246682033935,-1.197544770691592,1.8073606661992319,-6.087761618967798,-1.277424887616759,177.27558488711202,0.015703007578849792,235,3.7069907188415527,0.8092817672167009,1.0,disabled,single,3,row_5,row_4,-0.10599800199270248,-0.7758864164352417,0.6117675386624225,0.3130816305841314,0.8587130748256576,0.6698884144425392,0.38540490542102435,0,68,0,disabled,0,0.0,50.0,alpha
912,1.3726348876953125,-0.7785646915435791,0.0,-0.0072449008002877235,0.17082525789737701,0.013647079467773438,0,0,0,0.008567619137465954,0.5,0.3,0,0,wall,both,1,1,1,1,1,1,0.0,0,0,0,alpha,full,huber,2.3453219816014537,-6.998202456118312,-1.2384745656684544,1.9875889380960303,-6.767613840562857,-1.227692560532484,1.9869115596392006,-6.723749502259808,-1.2138227648422362,190.9491946596104,0.008567619137465954,229,1.9286364316940308,1.0,1.0,disabled,single,3,row_5,row_6,-0.0072449008002877235,-1.1600091457366943,0.6616328024140752,0.20891897094791786,0.8650645594864714,1.1527642449364066,0.4057996552690377,0,68,0,disabled,0,0.0,50.0,alpha
916,0.3311860263347626,-0.045324042439460754,0.0,-0.04237617179751396,0.41119492053985596,0.0343019962310791,0,0,0,0.008820832706987858,0.5,0.3,0,0,wall,both,1,1,1,1,1,1,0.0,0,0,0,alpha,full,huber,0.5455357935845233,-7.54109684727308,-1.6241226849913089,1.7649138280817707,-7.412287067069109,-1.3142455434158924,1.9777854605568403,-7.341171101053151,-1.2561279030490748,200.54135054740465,0.008820832706987858,250,1.8654560446739197,1.0,1.0,disabled,single,3,row_6,row_5,-0.04237617179751396,-0.9233751893043518,0.6395877903656428,0.2650251888640333,0.8619285037130381,0.8809990175068378,0.40455521589164145,1,69,0,disabled,0,0.0,50.0,alpha
920,1.485670804977417,-0.9120734333992004,0.0,-0.028757244348526,0.28064098954200745,0.05251204967498779,0,0,0,0.009440954774618149,0.5,0.3,0,0,wall,both,1,1,1,1,1,1,0.0,0,0,0,alpha,full,huber,0.41494083968282464,-8.811395975867521,-1.7248427578223955,1.5217038801839855,-8.264046037773554,-1.4062680513336903,1.8657707501909786,-8.15908244477388,-1.3273594146352234,192.8021355483223,0.009440954774618149,250,3.228158712387085,0.9293223373709617,1.0,disabled,single,3,row_6,row_5,-0.028757244348526,-1.4004368782043457,0.6729799811243443,0.17072190559820033,0.8584029521675155,1.3716796338558197,0.36728245116035374,0,69,0,disabled,0,0.0,50.0,alpha
924,1.895218014717102,-1.4842361211776733,0.0,-0.2984331548213959,1.1178544759750366,0.07129108905792236,0,0,0,0.008715078234672546,0.5,0.3,0,0,wall,both,1,1,1,1,1,1,0.0,0,0,0,alpha,full,huber,0.9021779009897453,-9.499743322024454,-1.0194528601822923,1.2937979667202968,-8.947119244333479,-1.3068218397315152,1.649982680101233,-8.835745431192484,-1.2240174076169492,204.53786956566887,0.008715078234672546,250,2.614556908607483,1.0,1.0,disabled,single,3,row_6,row_5,-0.2984331548213959,-1.262374758720398,0.6487499144496712,0.247424552885824,0.8614539938501309,0.9639416038990021,0.1342748215501372,0,69,0,disabled,0,0.0,50.0,alpha
928,0.3871266841888428,-0.06192854419350624,0.0,-0.25053444504737854,1.0617775917053223,0.0013456940650939941,0,0,0,0.007996033877134323,0.5,0.3,0,0,wall,both,1,1,1,1,1,1,0.0,0,0,0,alpha,full,huber,0.38415586565252613,-9.609545850680771,-1.3474492431676217,0.6511953127650351,-9.738459527425785,-1.1994004802746157,1.254585758674429,-9.574877245124844,-1.0439335343445335,167.49333062578128,0.007996033877134323,250,0.9089763164520264,1.0,1.0,disabled,single,3,row_6,row_7,-0.25053444504737854,-1.5105094909667969,0.670330295559174,0.19014663229532325,0.858551846359812,1.2599750459194183,0.14945026457717164,0,69,0,disabled,0,0.0,50.0,alpha
932,2.7173261642456055,-3.051182508468628,0.0,-3.0283923149108887,1.2995588779449463,0.8062304258346558,0,0,0,0.014837894588708878,0.5,0.3,0,0,wall,both,1,1,1,1,1,1,0.0,0,0,0,alpha,full,huber,3.7141742934172646,-8.906320779296284,0.0849267883477598,1.0398846808175286,-10.142281663364681,-0.8361035746450463,1.285071664848724,-10.095529688812006,-0.7505727948075913,193.77930165454006,0.014837895520031452,250,5.894554853439331,0.5089442841047738,1.0,disabled,single,3,row_5,row_4,-3.0283923149108887,-4.245594501495361,0.7424203879408492,0.21979899216342103,0.6778946455973673,1.2172021865844727,-2.7305526792284707,1,70,0,disabled,0,0.0,50.0,alpha
936,0.4097684621810913,-0.0693843737244606,-46.9044303894043,-1.9972825050354004,2.831897497177124,0.22958475351333618,7,0,66,0.015680041164159775,0.6726457399103138,0.3,66,73,wall,both,1,1,1,1,1,1,0.0,4,4,0,alpha,full,huber,0.3682940983809056,-11.381546644936208,-0.7080293727915468,1.327058448152287,-10.98316582414782,-0.021541629327632223,1.6934051126860128,-10.900607020897219,0.05060806285302988,133.07287416985523,0.015680041164159775,250,1.3243356943130493,1.0,1.0,disabled,single,3,row_6,row_7,-1.9972825050354004,-2.822061061859131,0.6297986444945234,0.27606092926540177,0.8689687370224859,0.8247785568237305,-1.5349273824386136,1,71,1,disabled,0,0.0,50.0,alpha
940,1.0826762914657593,-0.4843751788139343,-40.21750259399414,-4.308942794799805,1.7703886032104492,0.940769374370575,30,2,50,0.027169084176421165,0.646551724137931,0.3,69,82,wall,both,1,1,1,1,1,1,0.0,3,3,0,alpha,full,huber,3.0759702539815112,-9.762519334454288,0.33919524682329705,2.26425537803374,-10.553495062377623,0.6270520518709654,2.2107037042898723,-10.71530634659772,0.5513372159628993,140.91534067324304,0.027169084176421165,250,2.7621281147003174,1.0,1.0,disabled,single,3,row_5,row_6,-4.090806007385254,-4.856484413146973,0.5272863181958181,0.24519781514748218,1.0189867344379382,0.7656784057617188,-3.450794427695685,1,72,0,disabled,0,0.0,50.0,alpha
944,2.3125832080841064,-2.2099344730377197,-42.77330017089844,-2.1295909881591797,2.638479232788086,0.37779736518859863,15,0,68,0.017908355221152306,0.6437768240343348,0.3,66,83,wall,both,1,1,1,1,1,1,0.0,4,4,0,alpha,full,huber,1.683759047708159,-10.80422975657587,0.8430159759605105,2.1975521296596874,-10.674863051620678,0.6212508941509242,2.2765294440743284,-10.650561626414483,0.6501003748373977,177.50727774287628,0.017908355221152306,250,2.4502333402633667,1.0,1.0,disabled,single,3,row_6,row_5,-2.1295909881591797,-2.8692190647125244,0.6473334769786587,0.3089667004426864,0.7812077815149705,0.7396280765533447,-1.6946972912633589,1,73,1,disabled,0,0.0,50.0,alpha
948,0.6198265552520752,-0.1587541103363037,-46.4152946472168,-5.489015102386475,3.5639491081237793,0.808251142501831,8,0,96,0.011160854250192642,0.5905511811023622,0.3,93,104,wall,both,1,1,1,1,1,1,0.0,4,4,0,alpha,full,huber,2.3770898487657743,-11.562749190404249,0.08698622370633968,2.1752609686885767,-10.806012987718942,0.6622633899428296,2.2730000540016198,-10.692470533530916,0.7125376576730376,199.20873862411383,0.011160855181515217,250,1.5901520252227783,1.0,1.0,disabled,single,3,row_5,row_6,-5.489015102386475,-6.386093616485596,0.6898304490019884,0.2812847009919541,0.715299243074333,0.8970785140991211,-5.117705664715967,1,74,1,disabled,0,0.0,50.0,alpha
952,2.5671732425689697,-2.723296880722046,-39.35871505737305,-0.48142942786216736,1.471880555152893,3.5762786865234375e-07,38,7,86,0.030139202252030373,0.5338078291814947,0.3,120,131,wall,both,1,1,1,1,1,1,0.0,7,7,0,alpha,full,huber,2.412210653422825,-9.449100394824677,1.8498908434298942,2.634382850606907,-9.865760612378494,1.746217051031607,2.6974283338758887,-10.068538905773917,1.6018874480625076,96.12763161911798,0.030139202252030373,250,3.644809603691101,0.8230882614449594,1.0,disabled,single,3,row_5,row_6,-0.48142942786216736,-1.1596254110336304,0.6101303876469701,0.3096605511973994,0.8668402245593483,0.678195983171463,0.012653166553005968,0,74,0,disabled,0,0.0,50.0,alpha
956,3.4344255924224854,-4.7960968017578125,-43.58912658691406,-0.6099089980125427,1.6553840637207031,0.015290498733520508,48,8,98,0.02399902418255806,0.49342105263157904,0.3,116,154,wall,both,1,1,1,1,1,1,0.0,8,8,0,alpha,full,huber,3.8753551141278604,-9.246618975200912,1.6756285635427695,2.840508009050703,-9.718457261669307,1.7868713794496265,2.7644993809568943,-9.749812352843197,1.7991241076928484,144.95710561047906,0.02399902418255806,250,4.465294599533081,0.6718481688338545,1.0,disabled,single,3,row_5,row_4,-0.6099089980125427,-1.0034371614456177,0.5640048746125014,0.38051847511456843,0.8510930585119458,0.39352816343307495,-0.037216613421081735,0,74,0,disabled,0,0.0,50.0,alpha
960,2.0994884967803955,-1.821426510810852,-40.40461349487305,-0.15922142565250397,0.8062989711761475,0.0601159930229187,47,33,111,0.018835686147212982,0.4398826979472141,0.3,120,191,wall,both,1,1,1,1,1,1,0.0,10,10,0,alpha,full,huber,2.3904166234268,-8.734436701228223,2.1992320998396853,2.687305144307939,-9.170844934225386,2.0476415708037954,2.709048152507145,-9.387800461970443,1.9581597642888369,136.70998128464447,0.018835686147212982,250,2.4420487880706787,1.0,1.0,disabled,single,3,row_5,row_6,-0.15922142565250397,-1.0102101564407349,0.6369906043855974,0.27199023771222286,0.8595556011589524,0.8509887307882309,0.2917789476533802,0,74,0,disabled,0,0.0,50.0,alpha
964,2.44140625,-2.4630019664764404,-35.536903381347656,-0.33834341168403625,1.2337048053741455,0.0053092241287231445,55,2,72,0.054673291742801666,0.5376344086021506,0.3,120,129,wall,both,1,1,1,1,1,1,0.0,5,5,0,alpha,full,huber,3.8777573776770473,-8.550269203064596,1.7476345840813323,3.291088212982091,-8.827899559771286,1.6416353712817413,2.8797539999112667,-8.812945099530275,1.8064954915876061,47.14802407471056,0.05467328429222107,164,4.115169525146484,0.7290100642678169,1.0,disabled,single,3,row_5,row_4,-0.33834341168403625,-0.6003432869911194,0.5397536027860584,0.4153463992205029,0.8371149417465149,0.26199987530708313,0.2782991230091879,0,74,0,disabled,0,0.0,50.0,alpha
968,0.14222493767738342,-0.008358649909496307,-39.331485748291016,-0.23458193242549896,1.0270977020263672,0.006124377250671387,45,20,84,0.02996574528515339,0.5016722408026756,0.3,109,149,wall,both,1,1,1,1,1,1,0.0,13,13,0,alpha,full,huber,3.7366257752741823,-8.349591514521457,1.7399958657295098,3.6672352075774404,-8.23290939815777,1.583409069080958,3.209140604751827,-8.254967654993502,1.6994298552014806,71.83065128377612,0.02996574528515339,112,0.5249809324741364,1.0,1.0,disabled,single,3,row_5,row_4,-0.23458193242549896,-0.6131803393363953,0.5626334199389489,0.3853029430916938,0.8449219287362711,0.3785984069108963,0.34054504960082554,0,74,0,disabled,0,0.0,50.0,alpha
972,4.353909969329834,-7.075809478759766,-45.18931579589844,-0.2896346151828766,0.8358540534973145,0.18144631385803223,43,20,83,0.01508281473070383,0.5067567567567568,0.3,120,146,wall,both,1,1,1,1,1,1,0.0,11,11,0,alpha,full,huber,4.3911023058194685,-7.717407964483114,1.1361934372038238,3.834020088145412,-7.79870071860311,1.5499682579890195,3.4903064901726077,-7.78505294789679,1.6258904561902323,133.77421946724292,0.01508281473070383,169,5.0212931632995605,0.597455655831228,1.0,disabled,single,3,row_4,row_5,-0.2896346151828766,-0.8529287576675415,0.5997324325683236,0.34144597505945806,0.8401884304046588,0.5632941424846649,0.22163705376593834,1,75,0,disabled,0,0.0,50.0,alpha
976,2.629106283187866,-2.856281042098999,-45.19527816772461,-0.08659540116786957,0.2389165610074997,0.13456642627716064,47,22,89,0.02680038847029209,0.48701298701298706,0.3,120,158,wall,both,1,1,1,1,1,1,0.0,10,10,0,alpha,full,huber,2.4911804745427597,-7.935940779005022,1.3259449747900698,3.5493781185121205,-7.33285790080424,1.737747911635845,3.5073422177488727,-7.3322990321602655,1.6858003357878086,130.62172628169859,0.02680039219558239,202,4.012460231781006,0.747670961630539,1.0,disabled,single,3,row_5,row_6,-0.08659540116786957,-1.1565295457839966,0.6488542593541015,0.22257719494583741,0.878809901135627,1.069934144616127,0.34595174818605395,1,76,0,disabled,0,0.0,50.0,alpha
980,1.8077569007873535,-1.3504071235656738,-43.31922149658203,-0.23051932454109192,0.5448539853096008,0.2007848024368286,40,26,71,0.012637950479984283,0.5226480836236934,0.3,107,137,wall,both,1,1,1,1,1,1,0.0,7,7,0,alpha,full,huber,4.620608139583593,-7.3483573922616205,1.10329303554599,3.624682435394011,-6.938728591059613,1.684563495724155,3.536585981822145,-6.880770517929486,1.6992662815034194,200.41518369150566,0.012637950479984283,246,3.0246931314468384,0.9918361531653869,1.0,disabled,single,3,row_4,row_5,-0.23051932454109192,-1.0742346048355103,0.6384238130915916,0.27459219406231644,0.8538138620611767,0.8437152802944183,0.21823360779248557,1,77,0,disabled,0,0.0,50.0,alpha
984,3.392930269241333,-4.693215847015381,-28.839187622070312,-0.3111587166786194,1.1832871437072754,0.0015772581100463867,102,17,54,0.03885914012789726,0.46439628482972134,0.3,120,173,wall,both,1,1,1,1,1,1,0.0,12,12,0,alpha,full,huber,3.453041246073007,-5.453016741156015,1.8075047081322086,3.4922894208134037,-6.049835513105965,1.730221293331319,3.472416519242299,-6.14001491637438,1.697132449351102,116.38612901988691,0.03885914385318756,250,4.215628385543823,0.7116376790439025,1.0,disabled,single,3,row_5,row_4,-0.3111587166786194,-0.39340633153915405,0.5029644623526209,0.46325233302152646,0.8165705894596729,0.08224761486053467,0.3760770460861448,1,78,0,disabled,0,0.0,50.0,alpha
988,3.710481643676758,-5.480533123016357,-34.13654327392578,-0.26852044463157654,1.098422884941101,0.009924709796905518,84,15,64,0.020345572382211685,0.47923322683706066,0.3,118,163,wall,both,1,1,1,1,1,1,0.0,10,10,0,alpha,full,huber,3.4234277463166976,-5.763402451415253,1.8923372732815427,3.16678921124033,-4.9668186194151325,1.7947915225396935,3.239876971824353,-4.925716025165455,1.7319732373400152,169.7442899465829,0.020345572382211685,235,4.703085422515869,0.6378791219988472,1.0,disabled,single,3,row_5,row_4,-0.26852044463157654,-0.44789016246795654,0.5236377476533944,0.4376547712693824,0.8262811462223976,0.17936971783638,0.37843471037440757,0,78,0,disabled,0,0.0,50.0,alpha
992,2.3704171180725098,-2.321850299835205,-27.44520378112793,-0.20061273872852325,0.9501354098320007,9.5367431640625e-07,93,16,48,0.010799946263432503,0.4885993485342019,0.3,115,157,wall,both,1,1,1,1,1,1,0.0,12,12,0,alpha,full,huber,3.186103973132454,-5.289016990433379,1.7499702458595259,2.914798256044902,-4.569235098861671,1.8709723222009482,3.0407280172128046,-4.52230663706187,1.7973542437921877,197.8259329469232,0.010799946263432503,250,2.5234121084213257,1.0,1.0,disabled,single,3,row_5,row_4,-0.20061273872852325,-0.5414721965789795,0.5560993701209467,0.39547498797182595,0.8398126660052838,0.34085945785045624,0.38619553873301427,0,78,0,disabled,0,0.0,50.0,alpha
996,3.7606139183044434,-5.604827404022217,-26.79537010192871,-0.19898270070552826,0.9461916089057922,0.002795696258544922,123,13,33,0.012067345902323723,0.47021943573667707,0.3,120,169,wall,both,1,1,1,1,1,1,0.0,13,13,0,alpha,full,huber,2.828256613768183,-3.2590981685466174,1.8125067292168477,2.977325897923783,-4.01420663232095,1.801976866787832,2.9590470731798164,-4.051438728572466,1.8042802350772273,193.50593366161976,0.012067345902323723,250,4.532146692276001,0.661937974142101,1.0,disabled,single,3,row_5,row_4,-0.19898270070552826,-0.5337802171707153,0.5539903320160472,0.3963706343643539,0.843059650378777,0.3347975164651871,0.39162534291617146,0,78,0,disabled,0,0.0,50.0,alpha
1000,2.5183961391448975,-2.620793104171753,-23.104780197143555,-0.22519312798976898,1.0066560506820679,0.0008293986320495605,111,8,39,0.017955012619495392,0.48701298701298706,0.3,120,158,wall,both,1,1,1,1,1,1,0.0,14,14,0,alpha,full,huber,3.155625294096942,-4.807254237965294,1.7106019340134022,2.8006507831395377,-3.793993659532074,1.871030116287855,2.8357365125518266,-3.7372306277997804,1.8462981386154693,175.92596998785496,0.017955012619495392,250,2.7425087690353394,1.0,1.0,disabled,single,3,row_5,row_4,-0.22519312798976898,-0.49886322021484375,0.542736052963565,0.4127957915480762,0.8353546751427684,0.27367009222507477,0.38593903954513487,0,78,0,disabled,0,0.0,50.0,alpha
1004,2.2576682567596436,-2.1062257289886475,-24.929292678833008,-0.2555120587348938,1.0722887516021729,0.00023537874221801758,113,5,39,0.013049495406448841,0.4885993485342019,0.3,120,157,wall,both,1,1,1,1,1,1,0.0,11,11,0,alpha,full,huber,2.866438206833006,-2.7104995488784933,1.7094031237787668,2.781854369802998,-3.063452387998817,1.8144888779269486,2.7207920107180605,-3.089034812580951,1.819769373832644,179.17127335215554,0.013049495406448841,250,2.710789680480957,1.0,1.0,disabled,single,3,row_5,row_4,-0.2555120587348938,-0.4498302936553955,0.5262567161476477,0.4333175851980431,0.8299130589128836,0.1943182349205017,0.386454073056274,0,78,0,disabled,0,0.0,50.0,alpha
1008,1.5732204914093018,-1.022736668586731,-19.953561782836914,-0.25846195220947266,1.0784605741500854,0.00028145313262939453,124,4,24,0.02370562218129635,0.49668874172185423,0.3,120,152,wall,both,1,1,1,1,1,1,0.0,15,15,0,alpha,full,huber,3.0027558220515775,-3.4986808190137486,1.7614392938187091,2.6901685938431195,-2.6265230433510975,1.8306562441219116,2.6096945180427706,-2.481037824664979,1.819773864882639,152.06798512431584,0.02370562218129635,250,2.7575185298919678,1.0,1.0,disabled,single,3,row_5,row_4,-0.25846195220947266,-0.4470919668674469,0.524883032362635,0.43465187686023166,0.8302695632350485,0.18863001465797424,0.3861178845033878,0,78,0,disabled,0,0.0,50.0,alpha
1012,2.611448049545288,-2.8180418014526367,-29.973817825317383,-0.14959241449832916,0.8204554319381714,0.0010086297988891602,88,14,29,0.013295776210725307,0.5338078291814947,0.3,102,131,wall,both,1,1,1,1,1,1,0.0,8,8,0,alpha,full,huber,2.1596744094927764,-0.3140196924851697,1.7043051972381589,2.4810468154728476,-1.239013362157859,1.7314963483781918,2.4014776654249816,-1.2940816064752634,1.764164976386967,151.10774562029331,0.013295776210725307,213,3.6889781951904297,0.8132333240438512,1.0,disabled,single,3,row_5,row_4,-0.14959241449832916,-0.6230648159980774,0.5799126975243093,0.36119037330256504,0.8505938780524446,0.47347240149974823,0.39528529378265365,0,78,0,disabled,0,0.0,50.0,alpha
1016,0.7342090606689453,-0.22275327146053314,-33.99403762817383,-0.1319168210029602,0.6298560500144958,0.10353982448577881,90,0,45,0.014014603570103645,0.5263157894736842,0.3,113,135,wall,both,1,1,1,1,1,1,0.0,10,10,0,alpha,full,huber,3.1108007837139904,0.30336554905723395,1.28784924629125,2.5204106021030057,-0.6341503991887492,1.6990958630663178,2.4258239139771156,-0.7847622503109047,1.7381756699501025,171.56241043048314,0.014014603570103645,250,2.0304900407791138,1.0,1.0,disabled,single,3,row_4,row_5,-0.1319168210029602,-0.8184366226196289,0.6157300390280197,0.30991213366953346,0.8548939505119609,0.6865198016166687,0.3530298388356599,1,79,0,disabled,0,0.0,50.0,alpha
1020,2.7416741847991943,-3.1061065196990967,-29.01861000061035,-0.2219754308462143,0.9987946152687073,0.008409082889556885,74,16,26,0.025475438684225082,0.5639097744360902,0.3,86,116,wall,both,1,1,1,1,1,1,0.0,9,9,0,alpha,full,huber,2.9402340369887336,-0.9237402034120129,1.5960969473760764,2.5179015501378994,-0.20311058781922547,1.6929191237844547,2.407067443388641,-0.11044192067100325,1.7016765651657906,140.73366969825787,0.02547544054687023,250,3.9249976873397827,0.7643316605450762,1.0,disabled,single,3,row_4,row_5,-0.2219754308462143,-0.48612233996391296,0.541643268070202,0.4159065928521703,0.831097942764299,0.26414690911769867,0.3911722403820874,0,79,0,disabled,0,0.0,50.0,alpha
1024,2.086568832397461,-1.7990782260894775,-41.186668395996094,-0.07686673104763031,0.2165009081363678,0.12759464979171753,103,3,20,0.04474523663520813,0.5434782608695653,0.3,110,126,wall,both,1,1,1,1,1,1,0.0,7,7,0,alpha,full,huber,1.1822716691203352,-0.7330727286205009,2.2630992284711633,2.0969170226905094,0.2979414840717467,1.8087528315337968,2.184446365918804,0.6068887251924604,1.7429105858524396,68.67415571134025,0.04474524036049843,138,3.9913489818573,0.7516255816358123,1.0,disabled,single,3,row_5,row_6,-0.07686673104763031,-1.222974181175232,0.6606088713271872,0.20998886215113408,0.8662193753983966,1.1461074501276016,0.33772660587151976,1,80,0,disabled,0,0.0,50.0,alpha
1028,1.3710458278656006,-0.7767631411552429,-26.000900268554688,-0.1544412225484848,0.833563506603241,0.002927243709564209,103,9,31,0.021714476868510246,0.5119453924914675,0.3,116,143,wall,both,1,1,1,1,1,1,0.0,6,6,0,alpha,full,huber,2.6366225153367213,1.7394208770917334,1.6895714863943079,2.3230466464938746,1.3651802121631604,1.636353032283882,2.181557771252322,1.401308022001792,1.676137044291984,93.43559545914607,0.021714475005865097,143,2.1395740509033203,1.0,1.0,disabled,single,3,row_4,row_5,-0.1544412225484848,-0.6079685091972351,0.5771936251287468,0.3667390265242397,0.8466316365069579,0.4535272866487503,0.39513627407041774,1,81,0,disabled,0,0.0,50.0,alpha
1032,1.0732916593551636,-0.47601446509361267,-23.783248901367188,-0.22053290903568268,0.9957278370857239,0.007093250751495361,101,3,33,0.01490068156272173,0.5226480836236934,0.3,108,137,wall,both,1,1,1,1,1,1,0.0,6,6,0,alpha,full,huber,2.3400910148824363,2.402737719244906,1.646927278071641,2.2811709715588844,1.8630489886176744,1.617118131142334,2.2177192379812913,1.761232346379267,1.6418876356385814,172.5208395629581,0.01490067970007658,250,1.747525930404663,1.0,1.0,disabled,single,3,row_4,row_5,-0.22053290903568268,-0.4865831136703491,0.54184029793036,0.41526675635149585,0.8320536107113579,0.26605020463466644,0.392251065190629,0,81,0,disabled,0,0.0,50.0,alpha
1036,2.1591598987579346,-1.9264345169067383,-38.590030670166016,-0.0043675159104168415,0.08611772954463959,0.025812149047851562,117,10,14,0.02480461075901985,0.5154639175257733,0.3,108,141,wall,both,1,1,1,1,1,1,0.0,7,7,0,alpha,full,huber,0.7199552287651693,2.569907752554439,1.9737969572865426,2.0271682272887515,2.246895804280515,1.7355710224196434,2.1128814563812197,2.1383443665914523,1.7132095543639512,176.37339883856922,0.024804612621665,250,3.8266204595565796,0.7839815920358179,1.0,disabled,single,3,row_5,row_6,-0.0043675159104168415,-1.2998186349868774,0.664826416478304,0.18201240783189598,0.8688634711603174,1.2954511190764606,0.40386178434174,1,82,0,disabled,0,0.0,50.0,alpha
1040,1.6604301929473877,-1.139267921447754,-25.91681480407715,-0.34137773513793945,1.239390254020691,0.0024641752243041992,113,0,22,0.016651608049869537,0.5263157894736842,0.3,102,135,wall,both,1,1,1,1,1,1,0.0,6,6,0,alpha,full,huber,2.2423040821890057,1.6414911254026971,1.695888135442483,2.063874517441651,2.535255714708219,1.8227311239419706,2.0551052259013662,2.5688537342433793,1.8133060807239776,155.80486339871555,0.016651606187224388,207,2.6725032329559326,1.0,1.0,disabled,single,3,row_4,row_5,-0.34137773513793945,-0.3464531898498535,0.48620482510936713,0.48374336633405873,0.8072359446750351,0.0050754547119140625,0.3797475578868459,1,83,0,disabled,0,0.0,50.0,alpha
1044,3.739671230316162,-5.552903652191162,-30.167905807495117,-0.046400316059589386,0.34673500061035156,0.06944411993026733,108,4,16,0.011385370045900345,0.539568345323741,0.3,120,128,wall,both,1,1,1,1,1,1,0.0,2,2,0,alpha,full,huber,0.411803228364118,2.815385562626453,2.120963885626204,1.9789045646057184,2.9335938850430257,1.8278757914549069,1.9498236928399635,3.022796442052476,1.8300030029530276,206.7785301606306,0.011385370045900345,250,4.760913372039795,0.6301311881914502,1.0,disabled,single,3,row_5,row_6,-0.046400316059589386,-1.048137903213501,0.6506765875920286,0.23895497339801708,0.8649271484333774,1.0017375871539116,0.38334223741004425,1,84,0,disabled,0,0.0,50.0,alpha
1048,1.6430292129516602,-1.1155143976211548,-30.1699161529541,-0.10941877961158752,0.6915780901908875,0.02771097421646118,97,13,24,0.012048665434122086,0.528169014084507,0.3,116,134,wall,both,1,1,1,1,1,1,0.0,4,4,0,alpha,full,huber,-0.09664647845458929,3.710616416470692,1.9949260948942031,1.521856389131425,3.810629645228379,1.90166245888531,1.5945375521913054,3.949583605709285,1.8787578721615095,206.71200650108764,0.012048665434122086,250,2.7327752113342285,1.0,1.0,disabled,single,3,row_5,row_6,-0.10941877961158752,-0.7280904054641724,0.6028326910825688,0.32472155831985505,0.8605097743836635,0.6186716258525848,0.39669680203402125,0,84,0,disabled,0,0.0,50.0,alpha
1052,1.1919432878494263,-0.5870780348777771,0.0,-0.013621709309518337,0.09305169433355331,0.05353415012359619,0,0,0,0.011124907992780209,0.5,0.3,0,0,wall,both,1,1,1,1,1,1,0.0,0,0,0,alpha,full,huber,0.14805758444696093,5.591392797757333,2.0975984332616635,0.22079334245249663,6.503934209853044,1.9676540060674763,0.41785849789151147,6.766638411309232,1.9103158587099127,193.07308788212748,0.011124908924102783,250,2.846454620361328,1.0,1.0,disabled,single,3,row_5,row_6,-0.013621709309518337,-1.3035107851028442,0.6661428924269804,0.18339001691199533,0.8666627474664929,1.289889075793326,0.39262936895181016,0,84,0,disabled,0,0.0,50.0,alpha
1056,0.6670388579368591,-0.18385985493659973,0.0,-0.06911399215459824,0.5572429895401001,0.00518190860748291,0,0,0,0.007333181798458099,0.5,0.3,0,0,wall,both,1,1,1,1,1,1,0.0,0,0,0,alpha,full,huber,-0.6937252044003176,7.628696866364037,1.8411286761484913,-0.5113597040995613,7.202859742637445,1.9842344679837807,-0.18737971194617822,7.38291031656447,1.9412866474632704,192.0094546526235,0.007333181798458099,250,1.5821377635002136,1.0,1.0,disabled,single,3,row_5,row_6,-0.06911399215459824,-0.8256359696388245,0.6247532229985393,0.2931940718685519,0.8587728858703845,0.7565219774842262,0.40128455826457654,0,84,0,disabled,0,0.0,50.0,alpha
1060,2.4864284992218018,-2.554680585861206,0.0,-0.1347205936908722,0.7786157727241516,8.738040924072266e-05,0,0,0,0.009455838240683079,0.5,0.3,0,0,wall,both,1,1,1,1,1,1,0.0,0,0,0,alpha,full,huber,-0.8301158974678325,9.014361585257625,1.7611212873432933,-0.8118436893669909,8.023139573728226,1.9186792904082643,-0.6287485289280667,8.035485642002268,1.9238603987959477,205.19061480363155,0.009455838240683079,250,3.836115002632141,0.7820412052145354,1.0,disabled,single,3,row_5,row_6,-0.1347205936908722,-1.0124597549438477,0.6370817310357112,0.26484871926176184,0.866835222529591,0.8777391612529755,0.31613673177112467,0,84,0,disabled,0,0.0,50.0,alpha
1064,1.6539855003356934,-1.1304413080215454,0.0,-0.27048662304878235,0.725150465965271,0.19401025772094727,0,0,0,0.008261212147772312,0.5,0.3,0,0,wall,both,1,1,1,1,1,1,0.0,0,0,0,alpha,full,huber,0.44446095581926454,8.549260221694679,1.1144510035656285,-0.7788710219206333,8.871659141954428,1.5921115905375167,-0.8767133138447938,8.922775415449427,1.5857173571330563,201.01598138385694,0.008261213079094887,250,3.228858232498169,0.9291210031475735,1.0,disabled,single,3,row_5,row_4,-0.27048662304878235,-0.8718845248222351,0.6024320370749926,0.3301598581134988,0.8529757455287446,0.6013979017734528,0.2362937984663982,0,84,0,disabled,0,0.0,50.0,alpha
1068,2.050680160522461,-1.7377227544784546,-35.19948959350586,-0.5366005897521973,1.2698776721954346,0.20897513628005981,72,0,19,0.016959788277745247,0.6224066390041494,0.3,91,91,wall,both,1,1,1,1,1,1,0.0,1,1,0,alpha,full,huber,1.0465635860117664,9.580204125385274,1.1017809127772544,-0.17421208707688027,9.957086801520298,1.2574000701179637,-0.5336230506429659,9.986793113935391,1.2978734938494867,154.21774345908761,0.016959788277745247,250,3.7831121683120728,0.7929978986952753,1.0,disabled,single,3,row_4,row_5,-0.5366005897521973,-0.8311849236488342,0.5468780247631586,0.4073372450278856,0.8370833906599704,0.29458433389663696,0.06692890113786687,1,85,0,disabled,0,0.0,50.0,alpha
1072,0.912226140499115,-0.34386634826660156,-30.664592742919922,-0.5536676645278931,1.3895976543426514,0.17469215393066406,62,0,31,0.012638820335268974,0.6172839506172839,0.3,93,93,wall,both,1,1,1,1,1,1,0.0,1,1,0,alpha,full,huber,1.1556515058430483,9.941573831123725,1.160045568369239,0.36013746095035537,10.384696986456277,0.9988184823369557,-0.030364821239661888,10.387161567349956,1.0450511708806243,195.59189211400496,0.012638822197914124,250,1.8225746154785156,1.0,1.0,disabled,single,3,row_4,row_5,-0.5536676645278931,-1.0551536083221436,0.5861590909795025,0.35499556457774484,0.8474558547958874,0.5014859437942505,-0.019503624590172297,0,85,0,disabled,0,0.0,50.0,alpha
1076,1.6011182069778442,-1.0593304634094238,-34.501373291015625,-4.2059006690979,1.8301185369491577,0.92091965675354,50,0,21,0.021195102483034134,0.6787330316742082,0.3,71,71,wall,both,1,1,1,1,1,1,0.0,2,2,0,alpha,full,huber,0.5032766582311785,10.121336178634406,0.09794243959157445,0.39776319545540084,10.441221696884845,0.2939374146721568,0.3417638455342632,10.68661560824006,0.3325460540023122,112.37768087529102,0.021195102483034134,250,2.517989754676819,1.0,1.0,disabled,single,3,row_5,row_4,-4.2059006690979,-4.272601127624512,0.49488227123592754,0.4629501772976472,0.838159087090729,0.06670045852661133,-3.502465288509999,1,86,0,disabled,0,0.0,50.0,alpha
1080,3.997016668319702,-6.190950393676758,-45.05524444580078,-3.8892321586608887,2.575303077697754,0.7692699432373047,9,0,61,0.018971344456076622,0.6818181818181818,0.3,70,70,wall,both,1,1,1,1,1,1,0.0,4,4,0,alpha,full,huber,2.146520796197263,11.571544721130284,-0.043529439927251445,1.1411338011868843,10.729621312256766,-0.24589704029979523,0.9702292423306005,10.787132839056042,-0.2542930007412183,155.74919994304537,0.018971344456076622,250,5.750690698623657,0.5216764658753088,1.0,disabled,single,3,row_4,row_3,-3.8892321586608887,-4.946247100830078,0.6774068300166832,0.2353931466714929,0.8170632564997489,1.0570149421691895,-3.49974890270525,1,87,1,disabled,0,0.0,50.0,alpha
1084,6.432122707366943,-12.228403091430664,-39.062225341796875,-1.5586521625518799,2.1584653854370117,0.35807061195373535,15,3,46,0.01738489232957363,0.7009345794392523,0.3,52,64,wall,both,1,1,1,1,1,1,0.0,5,5,0,alpha,full,huber,2.679363336333801,11.09493052318111,-0.5077132838750784,1.9158630809116868,10.743488627537957,-0.7708828121867397,1.6343806316009304,10.715579102763288,-0.7554376977272983,185.759039115702,0.01738489419221878,250,7.58233904838562,0.39565627187810065,1.0,disabled,single,3,row_4,row_3,-1.5586521625518799,-2.0429046154022217,0.5880062962317297,0.3623045668083321,0.8292439369148165,0.4842524528503418,-1.0276345392881323,0,87,0,disabled,0,0.0,50.0,alpha
1088,2.8676633834838867,-3.3981378078460693,-35.2704963684082,-0.23827046155929565,0.9918507933616638,0.06939423084259033,44,8,69,0.023154115304350853,0.5535055350553506,0.3,95,121,wall,both,1,1,1,1,1,1,0.0,14,14,0,alpha,full,huber,3.7284274262817814,9.829539467188246,-1.7767868114055705,3.0658546024284856,10.08133140135985,-1.7365066309334005,2.783362086391828,9.990423358575262,-1.7589574067116254,121.8097780128699,0.023154115304350853,250,3.3726333379745483,0.8895126446806888,1.0,disabled,single,3,row_3,row_4,-0.23827046155929565,-0.7152719497680664,0.5836730446706329,0.3622517756181122,0.8398519404678557,0.47700148820877075,0.3001438463879912,1,88,0,disabled,0,0.0,50.0,alpha
1092,1.2608681917190552,-0.6569374203681946,-34.64160919189453,-0.21411557495594025,0.9812225103378296,0.0062716007232666016,72,6,64,0.01614592783153057,0.5136986301369862,0.3,104,142,wall,both,1,1,1,1,1,1,0.0,18,18,0,alpha,full,huber,1.2905792996277097,8.394252366144705,-1.493552838016393,2.4624587336328707,8.959526306653585,-1.5668434114533423,2.5407741382645472,9.043617601949947,-1.5389090901676736,167.8957964675028,0.01614592969417572,250,3.0311018228530884,0.9897391032466824,1.0,disabled,single,3,row_4,row_5,-0.21411557495594025,-0.5207939147949219,0.5488268783644813,0.4038747123766361,0.8397747461979568,0.30667833983898163,0.38585665220217236,1,89,0,disabled,0,0.0,50.0,alpha
1096,2.0931622982025146,-1.8104664087295532,-28.428478240966797,-0.31927385926246643,1.1979546546936035,0.009440779685974121,99,8,33,0.023660538718104362,0.5172413793103449,0.3,97,140,wall,both,1,1,1,1,1,1,0.0,15,15,0,alpha,full,huber,3.6177908358588513,8.260442327634435,-1.2383915116920223,2.7922383136690474,8.335237436468551,-1.4357333883708883,2.6737144727153606,8.463449847891187,-1.4710422398104286,140.18151144371922,0.023660538718104362,250,2.948562741279602,1.0,1.0,disabled,single,3,row_3,row_4,-0.31927385926246643,-0.36624109745025635,0.4957569232603562,0.47301092919227095,0.810231139052814,0.04696723818778992,0.3823956871921519,1,90,0,disabled,0,0.0,50.0,alpha
1100,1.090586543083191,-0.49147891998291016,-37.86606979370117,-0.09800563752651215,0.6637072563171387,0.005310714244842529,65,7,62,0.014651875011622906,0.528169014084507,0.3,105,134,wall,both,1,1,1,1,1,1,0.0,13,13,0,alpha,full,huber,1.6696997473264583,8.102425854902183,-1.501488197814024,2.5963546418564887,7.964767382718663,-1.4615034222542513,2.659223755707875,7.972425178697314,-1.4592761090741764,181.5984027686866,0.01465187594294548,250,1.9759036898612976,1.0,1.0,disabled,single,3,row_4,row_5,-0.09800563752651215,-0.762749969959259,0.6105953391617661,0.314093312280368,0.8597244434241953,0.6647443324327469,0.39531519439432106,1,91,0,disabled,0,0.0,50.0,alpha
1104,0.36091363430023193,-0.05382588878273964,-28.148622512817383,-0.2621098458766937,1.0860450267791748,0.00017505884170532227,93,23,15,0.01482570730149746,0.5338078291814947,0.3,97,131,wall,both,1,1,1,1,1,1,0.0,17,17,0,alpha,full,huber,4.070896460485204,6.451670782385444,-1.385382095136774,3.2575594496042957,7.284536406070311,-1.3840906691793382,3.0019052846293572,7.239913199954468,-1.4443704471773164,172.96253060201715,0.014825708232820034,250,1.8716132640838623,1.0,1.0,disabled,single,3,row_3,row_4,-0.2621098458766937,-0.4520588517189026,0.5266645819848,0.43555229665303863,0.8234713684191728,0.18994900584220886,0.3790815540170832,1,92,0,disabled,0,0.0,50.0,alpha
1108,2.9776265621185303,-3.663743734359741,-33.45652770996094,-0.2939014732837677,1.1480591297149658,0.015681684017181396,64,16,33,0.016652701422572136,0.5703422053231939,0.3,77,113,wall,both,1,1,1,1,1,1,0.0,14,14,0,alpha,full,huber,3.5489920937371537,7.871238182416813,-1.2210531464704832,3.5952919674865145,7.166863036826485,-1.3857247621738091,3.3229259714602932,7.0119906364170035,-1.419823400659838,180.71089766461398,0.016652701422572136,250,3.8791940212249756,0.7733565229234544,1.0,disabled,single,3,row_4,row_3,-0.2939014732837677,-0.40009650588035583,0.508422587665081,0.45719862965265773,0.8176066224607642,0.10619503259658813,0.3825408384457709,1,93,0,disabled,0,0.0,50.0,alpha
1112,2.7169525623321533,-3.0503435134887695,-32.955718994140625,-0.3313082754611969,1.2206263542175293,0.007224023342132568,62,19,46,0.015200648456811905,0.5415162454873647,0.3,93,127,wall,both,1,1,1,1,1,1,0.0,10,10,0,alpha,full,huber,3.8914241218189574,6.707217933310938,-1.2838221632571825,4.043512152619742,6.187184750418932,-1.3574780491875102,3.778044181146424,5.976273432336196,-1.403354039041724,181.3260285028503,0.015200648456811905,250,3.4832483530044556,0.8612650307901151,1.0,disabled,single,3,row_3,row_4,-0.3313082754611969,-0.3701716661453247,0.4942534067052468,0.47541350587466624,0.8078369658597477,0.03886339068412781,0.3733986488176976,1,94,0,disabled,0,0.0,50.0,alpha
1116,1.498192310333252,-0.927512526512146,-38.04033660888672,-0.2359950840473175,0.9353532791137695,0.10092633962631226,86,7,45,0.016007237136363983,0.5208333333333334,0.3,103,138,wall,both,1,1,1,1,1,1,0.0,12,12,0,alpha,full,huber,1.8442919322448672,5.431428942755677,-1.8625278397659368,3.9122791148732774,5.6021315123742035,-1.477719034418318,3.8830555820246646,5.565011034545139,-1.4451463717863133,167.1702887557448,0.016007238999009132,224,3.2317066192626953,0.9283020872372509,1.0,disabled,single,3,row_4,row_5,-0.2359950840473175,-0.5824517011642456,0.5576857839420885,0.3943895298895136,0.838213533903228,0.3464566171169281,0.34796450237506904,1,95,0,disabled,0,0.0,50.0,alpha
1120,0.8768296241760254,-0.3176984190940857,-30.432283401489258,-0.18205143511295319,0.9047867655754089,0.005678892135620117,84,19,27,0.013768797740340233,0.5357142857142857,0.3,98,130,wall,both,1,1,1,1,1,1,0.0,13,13,0,alpha,full,huber,4.455271239613857,5.32243871729099,-1.2746487155297284,4.156526937413523,5.449518088669793,-1.3897074754254735,4.023886555024467,5.474843375830343,-1.4178471668844947,162.9510202062121,0.013768797740340233,240,1.5197039246559143,1.0,1.0,disabled,single,3,row_3,row_4,-0.18205143511295319,-0.5761759877204895,0.5667718761373641,0.3821573119821481,0.8413303279747404,0.3941245526075363,0.3857469559545522,1,96,0,disabled,0,0.0,50.0,alpha
1124,3.1899876594543457,-4.190052509307861,-32.934478759765625,-0.1775834858417511,0.8938499689102173,0.002932250499725342,88,9,40,0.02696305699646473,0.5226480836236934,0.3,95,137,wall,both,1,1,1,1,1,1,0.0,13,13,0,alpha,full,huber,4.674915673096568,4.224124938286554,-1.4687990020502255,4.198609740007397,4.782390256819381,-1.3787422140516261,4.152347913946365,4.862000267832245,-1.403109110052688,105.7426152497283,0.02696305699646473,153,3.699051856994629,0.8110186382835444,1.0,disabled,single,3,row_3,row_4,-0.1775834858417511,-0.5785049200057983,0.5671592534608033,0.37982806903578764,0.8450421853536889,0.40092143416404724,0.38953165854807215,0,96,0,disabled,0,0.0,50.0,alpha
1128,1.8175629377365112,-1.365097165107727,-22.634077072143555,-0.2801351249217987,1.1227680444717407,5.412101745605469e-05,102,0,33,0.015469066798686981,0.5263157894736842,0.3,99,135,wall,both,1,1,1,1,1,1,0.0,13,13,0,alpha,full,huber,4.526563462249376,3.7573276276233822,-1.3817952835634262,4.50084765157856,4.179482808143312,-1.3117455762340255,4.383450721361461,4.184883770027465,-1.3628804754227155,144.78634874636325,0.015469064936041832,196,1.7287485003471375,1.0,1.0,disabled,single,3,row_3,row_4,-0.2801351249217987,-0.41650664806365967,0.5152057334192925,0.44952648810997614,0.8190655405762016,0.13637152314186096,0.3830538508008805,0,96,0,disabled,0,0.0,50.0,alpha
1132,2.19608211517334,-1.9928829669952393,-32.5523681640625,-0.3684944808483124,0.376907080411911,0.2873096466064453,79,31,19,0.010476507246494293,0.5376344086021506,0.3,87,129,wall,both,1,1,1,1,1,1,0.0,12,12,0,alpha,full,huber,5.183721734326632,4.315486937709504,-0.614730416577737,4.782581889516987,3.8585332959056116,-1.2138933317693716,4.622998189174314,3.832189116241632,-1.292813474884827,205.44945659286228,0.010476508177816868,250,2.9442604780197144,1.0,1.0,disabled,single,3,row_3,row_4,-0.35983461141586304,-1.2898836135864258,0.6317613525118522,0.249251571535653,0.8897082849475958,0.9300490021705627,0.09940895151585505,0,96,0,disabled,0,0.0,50.0,alpha
1136,3.1397035121917725,-4.065380573272705,-32.4276237487793,-0.24571123719215393,0.7629818916320801,0.1688339114189148,91,9,21,0.010396288707852364,0.5535055350553506,0.3,96,121,wall,both,1,1,1,1,1,1,0.0,11,11,0,alpha,full,huber,3.9535538206403067,3.5084322909537806,-2.020633979156492,4.785935718286152,3.2216134268949084,-1.3791391679151435,4.7989063680542685,3.19596645360021,-1.3414518620954394,188.6335490693847,0.010396288707852364,250,4.2283854484558105,0.7094906641246691,1.0,disabled,single,3,row_4,row_3,-0.24571123719215393,-0.8157833218574524,0.5989285725851412,0.3386849288912005,0.8467931304927442,0.5700720846652985,0.2669016952168679,1,97,0,disabled,0,0.0,50.0,alpha
1140,0.5440890192985535,-0.12232763320207596,-29.4575138092041,-0.10743432492017746,0.6735012531280518,0.040313720703125,118,0,6,0.012533764354884624,0.5474452554744526,0.3,96,124,wall,both,1,1,1,1,1,1,0.0,13,13,0,alpha,full,huber,4.003655221918084,2.59489930894983,-1.0905751971871336,4.5702002979228435,2.7615588285322348,-1.4885566206781262,4.726502480531171,2.7990719615430866,-1.417422952272042,180.12655417235226,0.012533764354884624,250,1.1984766721725464,1.0,1.0,disabled,single,3,row_4,row_3,-0.10743432492017746,-0.7697123289108276,0.6107789008504969,0.3149635838415482,0.8580888455650826,0.6622780039906502,0.3855859247808915,0,97,0,disabled,0,0.0,50.0,alpha
1144,2.746580123901367,-3.11723256111145,-24.231908798217773,-0.3023855686187744,1.1665047407150269,0.0003026127815246582,86,6,36,0.014708627946674824,0.539568345323741,0.3,112,128,wall,both,1,1,1,1,1,1,0.0,14,14,0,alpha,full,huber,4.643258375168932,2.906554324265406,-1.372398079861712,4.659177070748488,2.6143199850307317,-1.3959423981863823,4.720268195747782,2.529266140169293,-1.409813810469035,171.34745163315432,0.014708627946674824,250,3.266477108001709,0.9184206412012089,1.0,disabled,single,3,row_3,row_4,-0.3023855686187744,-0.4118851125240326,0.5080497722334166,0.45535615714654465,0.823304923524471,0.10949954390525818,0.37479029074686343,1,98,0,disabled,0,0.0,50.0,alpha
1148,3.2502360343933105,-4.339427947998047,-37.539329528808594,-0.1168975755572319,0.7252850532531738,0.0001932382583618164,97,21,24,0.023431111127138138,0.5136986301369862,0.3,116,142,wall,both,1,1,1,1,1,1,0.0,17,17,0,alpha,full,huber,5.54961147134426,0.4301729158805998,-1.3977140415058176,4.881469950331319,1.5483992956354315,-1.3784030926325626,4.874184216002272,1.5873506686936119,-1.401726747884272,157.8362155298228,0.023431111127138138,250,4.7090699672698975,0.6370684701759193,1.0,disabled,single,3,row_3,row_4,-0.1168975755572319,-0.7147635221481323,0.6016567018950866,0.3309016076802416,0.8534940515849492,0.5978659465909004,0.3911706834104087,0,98,0,disabled,0,0.0,50.0,alpha
1152,1.5976077318191528,-1.0546903610229492,-28.89586639404297,-0.3129764795303345,1.1867578029632568,3.36766242980957e-05,87,14,42,0.010428902693092823,0.5119453924914675,0.3,103,143,wall,both,1,1,1,1,1,1,0.0,15,15,0,alpha,full,huber,4.857670008543726,0.8556374106284245,-1.4028723167549884,4.804233153549763,0.9413840118142385,-1.457951445302126,4.8937488752648175,0.9448567020856231,-1.4328120201631651,201.755534015875,0.010428903624415398,250,1.8890751600265503,1.0,1.0,disabled,single,3,row_4,row_3,-0.3129764795303345,-0.38891321420669556,0.5015129869451456,0.46483977140910193,0.8163288897727909,0.07593673467636108,0.3771492961834271,1,99,0,disabled,0,0.0,50.0,alpha
1156,0.8649196028709412,-0.3091264069080353,-31.148330688476562,-0.3135150671005249,1.1877702474594116,0.0010308027267456055,78,18,33,0.017611518502235413,0.5376344086021506,0.3,89,129,wall,both,1,1,1,1,1,1,0.0,13,13,0,alpha,full,huber,5.175812597101186,-0.10924720308428831,-1.3547800135793318,5.084079864177388,0.4227293712429454,-1.3745102866150471,5.019578249807498,0.4629779068893109,-1.406617368322503,171.78876812588433,0.017611518502235413,250,1.7032964825630188,1.0,1.0,disabled,single,3,row_3,row_4,-0.3135150671005249,-0.39651504158973694,0.503434933955261,0.4633369308365022,0.8150737386610543,0.08299997448921204,0.3727857355705867,1,100,0,disabled,0,0.0,50.0,alpha
1160,1.9341522455215454,-1.5458450317382812,-25.591096878051758,-0.30281171202659607,1.1673271656036377,5.155801773071289e-05,116,22,29,0.01156879123300314,0.47318611987381703,0.3,120,167,wall,both,1,1,1,1,1,1,0.0,10,10,0,alpha,full,huber,4.933544486609886,0.3184322993774581,-1.3845080907306326,5.3840003839411175,-0.22429999589179556,-1.2920409431662656,5.265208954346148,-0.26346765822068896,-1.3542645362456458,195.47275252473892,0.01156879123300314,250,2.1821173429489136,1.0,1.0,disabled,single,3,row_4,row_3,-0.30281171202659607,-0.4058091640472412,0.5074025667246899,0.4577427081735821,0.8189419026195832,0.10299745202064514,0.37563886122079326,1,101,0,disabled,0,0.0,50.0,alpha
1164,4.7829060554504395,-8.139436721801758,-34.850955963134766,-0.22985561192035675,1.011763334274292,0.02411949634552002,102,0,36,0.01606341451406479,0.5208333333333334,0.3,120,138,wall,both,1,1,1,1,1,1,0.0,6,6,0,alpha,full,huber,5.349073459401913,-2.803479970821429,-1.6206236022418632,5.557605291110847,-1.9104148542357442,-1.4206519685714702,5.585044117628001,-1.8762699658728859,-1.400743215097986,171.89665333888934,0.016063416376709938,250,5.96339225769043,0.5030693723243143,1.0,disabled,single,3,row_4,row_3,-0.22985561192035675,-0.4930809736251831,0.5405060524594655,0.41541601886378604,0.8350808608559769,0.26322536170482635,0.3853938321553604,0,101,0,disabled,0,0.0,50.0,alpha
1168,3.786376714706421,-5.668702602386475,-24.60433578491211,-0.34472718834877014,1.2455005645751953,0.00018352270126342773,97,7,37,0.017497161403298378,0.5154639175257733,0.3,112,141,wall,both,1,1,1,1,1,1,0.0,6,6,0,alpha,full,huber,5.61668913129317,-2.936223475932247,-1.4126957746686497,5.637905149488525,-2.4233867233283517,-1.4562643385488347,5.638279210527604,-2.3059307435052596,-1.4298468841266572,172.67185239946807,0.017497163265943527,250,4.540406227111816,0.6607338308379338,1.0,disabled,single,3,row_3,row_4,-0.34472718834877014,-0.34890174865722656,0.48593082499141205,0.48390650571800164,0.8075450675411977,0.004174560308456421,0.3769618122721359,1,102,0,disabled,0,0.0,50.0,alpha
1172,0.988505482673645,-0.40377816557884216,-36.90352249145508,-0.19762539863586426,0.9222638010978699,0.045928001403808594,111,0,34,0.013674186542630196,0.5084745762711864,0.3,120,145,wall,both,1,1,1,1,1,1,0.0,6,6,0,alpha,full,huber,3.3157620103151078,-2.351803525104652,-1.715891027545806,5.457857121858492,-3.095566575202367,-1.5421545709142441,5.604922659972985,-3.1014419045344344,-1.4986372670190198,188.6334908220813,0.01367418747395277,250,2.6913596391677856,1.0,1.0,disabled,single,3,row_4,row_5,-0.19762539863586426,-0.5586651563644409,0.5594218330358959,0.38988976747016196,0.8433305028687206,0.36103975772857666,0.3832260709587457,1,103,0,disabled,0,0.0,50.0,alpha
1176,0.44541075825691223,-0.0819796472787857,-29.990032196044922,-0.30569204688072205,1.1588482856750488,0.04218423366546631,102,4,26,0.013896435499191284,0.5319148936170213,0.3,100,132,wall,both,1,1,1,1,1,1,0.0,5,5,0,alpha,full,huber,3.2045077648827127,-3.140206975904272,-1.6920391101987757,5.279191110142797,-3.8299598261994046,-1.6239123791483545,5.471030433661225,-3.8665270884718814,-1.566820758672545,200.2782894677126,0.013896435499191284,250,2.172192692756653,1.0,1.0,disabled,single,3,row_4,row_5,-0.30569204688072205,-0.4041565954685211,0.5062477077184003,0.4587757560904078,0.8193718354718482,0.09846454858779907,0.3750371416545709,0,103,0,disabled,0,0.0,50.0,alpha
1180,0.16228939592838287,-0.010883407667279243,-29.486629486083984,-0.2653605341911316,1.0927443504333496,0.0013228654861450195,92,19,35,0.018577884882688522,0.5067567567567568,0.3,120,146,wall,both,1,1,1,1,1,1,0.0,2,2,0,alpha,full,huber,3.0647717430111268,-3.7807879792432066,-1.4553210159169012,4.706565302493178,-4.123533901047508,-1.599556205832893,5.089845359264741,-4.25851124435671,-1.5542727037490796,156.82601672091457,0.018577884882688522,250,2.348535656929016,1.0,1.0,disabled,single,3,row_5,row_4,-0.2653605341911316,-0.4387420415878296,0.5218303849000557,0.43876374176076977,0.8282884217777028,0.173381507396698,0.3850521428522342,1,104,0,disabled,0,0.0,50.0,alpha
1184,2.4256045818328857,-2.4312222003936768,-28.615341186523438,-0.29687654972076416,1.1558278799057007,0.0005837082862854004,79,16,53,0.0122620714828372,0.5033557046979865,0.3,120,148,wall,both,1,1,1,1,1,1,0.0,2,2,0,alpha,full,huber,5.835410289980135,-4.680876968448212,-1.3432162480014176,5.142992763926496,-4.717659572061903,-1.5233451518657148,5.12119390982958,-4.777030130180136,-1.547456169923425,179.17067638141037,0.0122620714828372,250,3.284427285194397,0.9134012537051608,1.0,disabled,single,3,row_4,row_3,-0.29687654972076416,-0.3902866244316101,0.5053649596600175,0.46029647186971373,0.8178075582880534,0.09341007471084595,0.3855978686063396,1,105,0,disabled,0,0.0,50.0,alpha
1188,0.1597195863723755,-0.010541466064751148,0.0,-0.0023303362540900707,0.07048186659812927,0.017334043979644775,0,0,0,0.00816614180803299,0.5,0.3,0,0,wall,both,1,1,1,1,1,1,0.0,0,0,0,alpha,full,huber,4.877481436855185,-6.168043148124855,-1.5631789101737168,5.355198610119346,-5.9893994408948,-1.5353348769033044,5.2522284224034115,-5.984308186339769,-1.5298720630495717,197.67466207327502,0.00816614180803299,250,1.3010994791984558,1.0,1.0,disabled,single,3,row_4,row_5,-0.0023303362540900707,-1.3499072790145874,0.6669553107754982,0.1733211272253327,0.8668852370852578,1.3475769427604973,0.40270189939363055,0,105,0,disabled,0,0.0,50.0,alpha
1192,2.1636288166046143,-1.9344172477722168,0.0,-0.015579469501972198,0.2647336423397064,0.001136183738708496,0,0,0,0.013746383599936962,0.5,0.3,0,0,wall,both,1,1,1,1,1,1,0.0,0,0,0,alpha,full,huber,7.257984531688754,-6.460969257229397,-1.3195112105903248,5.840231301664991,-6.6037874127415686,-1.4668243917938226,5.559385750688768,-6.615337473618994,-1.5020680555784647,190.8787361353682,0.013746383599936962,250,3.9587128162384033,0.7578220849196686,1.0,disabled,single,3,row_3,row_4,-0.015579469501972198,-1.084220290184021,0.6573520826929238,0.22578403583974216,0.8626660020314616,1.0686408206820488,0.4039560400259603,1,106,0,disabled,0,0.0,50.0,alpha
1196,0.8223118185997009,-0.2794201374053955,0.0,-0.009713348001241684,0.12344499677419662,0.03937143087387085,0,0,0,0.008649970404803753,0.5,0.3,0,0,wall,both,1,1,1,1,1,1,0.0,0,0,0,alpha,full,huber,7.4216887408711605,-6.556430956407137,-1.0885845221998656,6.175178387189154,-6.939483678940459,-1.3965656706847847,5.880678953401324,-6.972028945830169,-1.4430696693907592,212.87728381802032,0.008649970404803753,250,2.4649120569229126,1.0,1.0,disabled,single,3,row_3,row_4,-0.009713348001241684,-1.2365295886993408,0.6658166251564929,0.19523384677804298,0.8639775446660338,1.2268162406980991,0.3970276359557268,0,106,0,disabled,0,0.0,50.0,alpha
1200,1.893099308013916,-1.480919361114502,0.0,-0.011522756889462471,0.21384887397289276,0.01825535297393799,0,0,0,0.008499362505972385,0.5,0.3,0,0,wall,both,1,1,1,1,1,1,0.0,0,0,0,alpha,full,huber,7.794980116462056,-7.358481668876239,-1.1787551910215461,6.681794843056567,-7.5504895622784,-1.3089628752129645,6.326976253369667,-7.617413192462392,-1.3668476911237821,210.21925809367877,0.008499362505972385,250,3.2131807804107666,0.933654283720845,1.0,disabled,single,3,row_3,row_2,-0.011522756889462471,-1.3624658584594727,0.6724392799102578,0.17415900708306184,0.8588273626557634,1.3509431015700102,0.3853207047893476,0,106,0,disabled,0,0.0,50.0,alpha
1204,5.76204776763916,-10.567061424255371,0.0,-0.05834925174713135,0.23908744752407074,0.10575145483016968,0,0,0,0.018209565430879593,0.5,0.3,0,0,wall,both,1,1,1,1,1,1,0.0,0,0,0,alpha,full,huber,4.984697199666065,-7.646503215699233,-1.8575385111938758,6.630360268599899,-8.13975021409535,-1.32655685670402,6.557458178952752,-8.259532784161628,-1.3387427476302087,179.54246040065672,0.018209567293524742,250,6.727036952972412,0.4459615757981556,1.0,disabled,single,3,row_4,row_5,-0.05834925174713135,-1.226689100265503,0.6655157966212757,0.20689729805971338,0.859662800448195,1.1683398485183716,0.3488436532108076,1,107,0,disabled,0,0.0,50.0,alpha
1208,0.7781924605369568,-0.25024110078811646,0.0,-0.21292246878147125,0.8048393130302429,0.12999510765075684,0,0,0,0.01119011640548706,0.5,0.3,0,0,wall,both,1,1,1,1,1,1,0.0,0,0,0,alpha,full,huber,7.6259924371494,-7.984938788175275,-0.8545407775649143,6.966189770759456,-8.481051224168624,-1.17600285229351,6.814160286348851,-8.59176458341426,-1.2026307022396694,192.21648005831744,0.01119011640548706,250,1.476935863494873,1.0,1.0,disabled,single,3,row_3,row_4,-0.21292246878147125,-1.4019052982330322,0.6678795337678213,0.20338993307530054,0.857414809032506,1.188982829451561,0.1907249915979196,1,108,0,disabled,0,0.0,50.0,alpha
1212,0.5015434622764587,-0.1039445698261261,0.0,-1.3073402643203735,2.4254961013793945,4.51207160949707e-05,0,0,0,0.0077583277598023415,0.5,0.3,0,0,wall,both,1,1,1,1,1,1,0.0,0,0,0,alpha,full,huber,6.532717245335424,-9.639866258398122,-1.4029904299458633,6.94293862250507,-9.362559915713286,-0.7790264607642657,7.040044721648142,-9.395810225342705,-0.7184866387288737,196.29164723902807,0.0077583277598023415,250,1.161654770374298,1.0,1.0,disabled,single,3,row_4,row_3,-1.3073402643203735,-1.6327934265136719,0.5524803597835793,0.3990013190059585,0.8412133064884323,0.32545316219329834,-0.714002870195279,1,109,0,disabled,0,0.0,50.0,alpha
1216,3.469294309616089,-4.882547855377197,0.0,-0.752013087272644,1.8381797075271606,0.016752123832702637,0,0,0,0.012694829143583775,0.5,0.3,0,0,wall,both,1,1,1,1,1,1,0.0,0,0,0,alpha,full,huber,5.4905048993798795,-9.418790025299286,-1.2101934295254666,6.926757293707942,-9.615305497865437,-0.4913569226046605,7.176186833101821,-9.674128618202367,-0.4128112540732558,188.94798518438714,0.01269483007490635,250,4.370616674423218,0.6864019939236388,1.0,disabled,single,3,row_4,row_5,-0.752013087272644,-2.0870251655578613,0.6646347838459095,0.174901964532931,0.8700598202456911,1.3350120782852173,-0.34349550085813074,0,109,0,disabled,0,0.0,50.0,alpha
1220,0.460686057806015,-0.0876990333199501,-45.95457077026367,-0.8123505711555481,1.3867336511611938,0.3071279525756836,12,0,65,0.020080557093024254,0.6607929515418502,0.3,77,77,wall,both,1,1,1,1,1,1,0.0,1,1,0,alpha,full,huber,7.642579093003207,-8.567940760388241,0.9661359281984607,7.466268136982535,-9.518531913291321,0.06463285531574166,7.544327098422928,-9.694042902159161,0.028978037167590287,116.26242960405509,0.020080558955669403,250,1.9177848100662231,1.0,1.0,disabled,single,3,row_3,row_4,-0.8123505711555481,-1.8571585416793823,0.6587874759504393,0.2317346616138022,0.8559500927553834,1.0448079705238342,-0.39499627989917047,1,110,0,disabled,0,0.0,50.0,alpha
1224,3.2728636264801025,-4.395529747009277,-46.22953796386719,-2.983976125717163,2.9526124000549316,0.5063909888267517,24,0,94,0.030955370515584946,0.5597014925373135,0.3,99,118,wall,both,1,1,1,1,1,1,0.0,2,2,0,alpha,full,huber,8.930572503689042,-9.85384959156522,0.7169060675147385,8.60104004034644,-9.344693018165453,0.7973792546877675,8.37211528593146,-9.51068858718148,0.7601142421809639,72.93834328865374,0.030955370515584946,250,4.400519609451294,0.6817376733321894,1.0,disabled,single,3,row_3,row_2,-2.983976125717163,-3.6198863983154297,0.6083976324817612,0.32211814764383095,0.8525267755756074,0.6359102725982666,-2.4870495157282417,0,110,1,disabled,0,0.0,50.0,alpha
1228,1.4854458570480347,-0.911797285079956,-46.785316467285156,-2.8823835849761963,2.918578624725342,0.492362380027771,14,0,114,0.015970738604664803,0.539568345323741,0.3,101,128,wall,both,1,1,1,1,1,1,0.0,3,3,0,alpha,full,huber,8.401999656796301,-10.008119124388621,0.7331119624011255,8.79929719244648,-9.206239322817282,0.9959281276046051,8.67929669705326,-9.269490414751502,0.9735615681877512,125.51693441594699,0.015970738604664803,250,2.38978374004364,1.0,1.0,disabled,single,3,row_3,row_2,-2.8823835849761963,-4.136444568634033,0.6693572997376357,0.19099686498590637,0.8598131414928987,1.254060983657837,-2.4809463038774657,0,110,1,disabled,0,0.0,50.0,alpha
1232,1.9658350944519043,-1.5969040393829346,-40.00580978393555,-1.4075493812561035,2.354630470275879,0.20735019445419312,29,0,94,0.020495200529694557,0.5494505494505495,0.3,98,123,wall,both,1,1,1,1,1,1,0.0,10,10,0,alpha,full,huber,9.002419054035846,-9.126260155173542,1.1158143787745454,8.93285239473019,-8.992006163266396,1.2473488637768355,8.928038796877102,-8.9514115054506,1.26615508270163,175.71702155258157,0.020495202392339706,250,2.1343053579330444,1.0,1.0,disabled,single,3,row_3,row_2,-1.4075493812561035,-1.763138771057129,0.5593771322140633,0.3919892872605854,0.8391065994482905,0.3555893898010254,-0.8266180030751524,0,110,0,disabled,0,0.0,50.0,alpha
1236,2.301487922668457,-2.188779830932617,-38.38982009887695,-0.47749876976013184,1.4629504680633545,0.021538197994232178,36,0,81,0.021106604486703873,0.5617977528089888,0.3,104,117,wall,both,1,1,1,1,1,1,0.0,8,8,0,alpha,full,huber,9.694995886246133,-8.13427139601988,1.5878792459124416,9.397034460155151,-8.451103500050252,1.505963273528259,9.220190333964652,-8.517897465223673,1.5253505778527447,126.24082836870029,0.021106604486703873,250,2.7899609804153442,1.0,1.0,disabled,single,3,row_2,row_3,-0.47749876976013184,-1.1097562313079834,0.6082082656685784,0.3231963082158346,0.8512764067438309,0.6322574615478516,0.019739143691973215,1,111,0,disabled,0,0.0,50.0,alpha
1240,0.6299800872802734,-0.16399790346622467,-37.76996994018555,-0.3469727337360382,1.249401569366455,0.004506528377532959,63,19,78,0.01673698239028454,0.48387096774193555,0.3,114,160,wall,both,1,1,1,1,1,1,0.0,11,11,0,alpha,full,huber,8.908736759298746,-7.377692988329998,1.866440649291425,9.392004459930774,-7.00545692070783,2.0769755543018893,9.338075115733973,-7.058515691632172,2.0676048399995173,151.02123392542487,0.01673698239028454,207,1.3486734628677368,1.0,1.0,disabled,single,3,row_3,row_2,-0.3469727337360382,-0.45355936884880066,0.5084292488580862,0.45702561229813493,0.8180359566819715,0.10658663511276245,0.32945647639351106,1,112,0,disabled,0,0.0,50.0,alpha
1244,1.869240403175354,-1.44382643699646,-44.039085388183594,-0.11834375560283661,0.6467775702476501,0.078860342502594,58,6,87,0.023781485855579376,0.4983388704318937,0.3,120,151,wall,both,1,1,1,1,1,1,0.0,11,11,0,alpha,full,huber,6.966447754212298,-6.943869079369998,2.1712656122284564,8.634604965846915,-6.143214372304396,2.070449390815325,8.721605809827523,-6.11257478372613,2.056443956538966,169.91904725594947,0.023781485855579376,229,3.8182945251464844,0.785691093299019,1.0,disabled,single,3,row_3,row_4,-0.11834375560283661,-0.7804782390594482,0.6132195212974895,0.3162675391154282,0.8509582641522434,0.6621344834566116,0.37068854176526067,0,112,0,disabled,0,0.0,50.0,alpha
1248,1.18385910987854,-0.5791414976119995,-29.474889755249023,-0.3088774085044861,1.1787914037704468,0.004661977291107178,109,19,20,0.017169808968901634,0.5033557046979865,0.3,96,148,wall,both,1,1,1,1,1,1,0.0,12,12,0,alpha,full,huber,8.090854540532915,-2.9992046771826213,1.844652564379361,7.747710511448872,-3.355308805126225,2.0369720588370397,7.56800909697754,-3.470895388907648,2.0869283995919234,157.97471318520547,0.017169808968901634,250,2.0043672919273376,1.0,1.0,disabled,single,3,row_3,row_2,-0.3088774085044861,-0.39295265078544617,0.5034127677829476,0.4628186085790849,0.8164951339045599,0.08407524228096008,0.37746742500123653,0,112,0,disabled,0,0.0,50.0,alpha
1252,0.13226507604122162,-0.007228946778923273,-24.58305549621582,-0.23022079467773438,0.7164166569709778,0.1687018871307373,87,0,17,0.010930521413683891,0.5905511811023622,0.3,89,104,wall,both,1,1,1,1,1,1,0.0,9,9,0,alpha,full,huber,4.638540161249459,-0.6823433755080952,2.3152303098912332,6.034343661956562,-1.0071379836088312,2.2046518508129367,6.097509836130201,-0.9989384464342778,2.1755151183696215,200.6516558627564,0.010930521413683891,250,1.9122754335403442,1.0,1.0,disabled,single,3,row_4,row_3,-0.23022079467773438,-0.8363940715789795,0.6009155104265469,0.3277598141141873,0.8599881804927888,0.6061732769012451,0.27908014130472203,1,113,0,disabled,0,0.0,50.0,alpha
1256,2.976341962814331,-3.660583257675171,-25.81106185913086,-0.07678956538438797,0.5842116475105286,0.015211105346679688,102,4,18,0.024240951985120773,0.5474452554744526,0.3,107,124,wall,both,1,1,1,1,1,1,0.0,13,13,0,alpha,full,huber,7.154761573011767,-1.1275275235784405,1.9345437768114024,6.193739920340014,-0.598170891743979,2.1257730921740654,5.979992295592205,-0.5588849055020706,2.165413025665954,148.61037606316853,0.024240951985120773,250,4.469395160675049,0.6712317645117076,1.0,disabled,single,3,row_3,row_2,-0.07678956538438797,-0.8610821962356567,0.6308314073386931,0.28793823999904916,0.8530463633619366,0.7842926308512688,0.3839270700547787,1,114,0,disabled,0,0.0,50.0,alpha
1260,1.7775921821594238,-1.3057165145874023,-24.103771209716797,-0.1604449450969696,0.8496680855751038,0.0019009113311767578,100,20,17,0.011655646376311779,0.5226480836236934,0.3,94,137,wall,both,1,1,1,1,1,1,0.0,10,10,0,alpha,full,huber,6.999816296263173,1.2216217939141616,1.7018684245054194,6.427120281482039,0.5090448805514791,1.8330910444742343,5.92284466959326,0.3901724834034478,1.9182984014648756,175.97238073915372,0.011655646376311779,250,2.8948822021484375,1.0,1.0,disabled,single,3,row_3,row_2,-0.1604449450969696,-0.6143446564674377,0.5778050132300395,0.36699079024323755,0.8447261840613175,0.45389971137046814,0.38807386948008127,0,114,0,disabled,0,0.0,50.0,alpha
1264,0.5978326201438904,-0.14768753945827484,-28.41260528564453,-0.07351390272378922,0.575153648853302,0.0007675886154174805,84,17,12,0.01786741428077221,0.5703422053231939,0.3,71,113,wall,both,1,1,1,1,1,1,0.0,13,13,0,alpha,full,huber,6.867981983398004,0.45219542125269574,1.7805878519928848,6.602903935143212,1.0778292617192795,1.7181037928478122,6.134779799839089,1.0876574018219505,1.7956025394401456,161.92948380383336,0.01786741428077221,250,1.80519700050354,1.0,1.0,disabled,single,3,row_3,row_2,-0.07351390272378922,-0.8205602765083313,0.6243023931851678,0.2957718800414833,0.8563660279993526,0.7470463737845421,0.397606520808332,0,114,0,disabled,0,0.0,50.0,alpha
1268,0.570931613445282,-0.1346954107284546,-22.364418029785156,-0.23094238340854645,1.0193092823028564,0.003683626651763916,97,10,19,0.011944035068154335,0.5434782608695653,0.3,83,126,wall,both,1,1,1,1,1,1,0.0,5,5,0,alpha,full,huber,7.022813167000752,1.9934603570151037,1.6587325955971322,6.645326098916999,1.7452083850313587,1.752713791262251,6.328822062664596,1.6842008602784118,1.778017694513509,183.24780132011836,0.011944035068154335,250,1.0218838453292847,1.0,1.0,disabled,single,3,row_3,row_2,-0.23094238340854645,-0.5086467266082764,0.5440816848950331,0.41215316849020417,0.8334122320544142,0.2777043431997299,0.37771350393289416,0,114,0,disabled,0,0.0,50.0,alpha
1272,1.5879102945327759,-1.041925311088562,-15.533024787902832,-0.19528871774673462,0.9373029470443726,0.003779470920562744,119,0,18,0.01066196896135807,0.5226480836236934,0.3,119,137,wall,both,1,1,1,1,1,1,0.0,6,6,0,alpha,full,huber,6.818114053317018,2.685154449597592,1.6576220944979445,6.802085474138696,2.5057762829137156,1.6694237568546182,6.485571321924319,2.4749482160592358,1.71338051805796,186.0837470487341,0.01066196896135807,250,1.8591462969779968,1.0,1.0,disabled,single,3,row_3,row_2,-0.19528871774673462,-0.5405975580215454,0.5573986888689768,0.39463919715243745,0.8383917192678316,0.3453088402748108,0.38918579841677103,0,114,0,disabled,0,0.0,50.0,alpha
1276,1.302398681640625,-0.7009266018867493,-21.893936157226562,-0.24683479964733124,1.053920865058899,0.0006348490715026855,117,6,3,0.010803266428411007,0.5434782608695653,0.3,115,126,wall,both,1,1,1,1,1,1,0.0,7,7,0,alpha,full,huber,7.392730010059776,2.4356858738953306,1.7579734441511512,6.898000875012606,3.022259539604773,1.6599299694621283,6.650243180449307,3.037983852955839,1.6793577051338744,201.231677171661,0.010803266428411007,250,2.3023290634155273,1.0,1.0,disabled,single,3,row_2,row_3,-0.24683479964733124,-0.47376933693885803,0.5322600435901106,0.4241968584859974,0.8358929858045911,0.2269345372915268,0.38378830567798505,1,115,0,disabled,0,0.0,50.0,alpha
1280,0.5680148005485535,-0.13332265615463257,-34.10475158691406,-0.1226603239774704,0.7372656464576721,0.02139914035797119,114,0,25,0.011992993764579296,0.5190311418685121,0.3,120,139,wall,both,1,1,1,1,1,1,0.0,5,5,0,alpha,full,huber,4.831821318788291,4.236365904261942,1.9566402470921282,6.517181806058602,3.794591934159308,1.7669634223063788,6.547695712257573,3.746747744471582,1.7235886298703447,184.42014718078394,0.011992993764579296,250,2.591432809829712,1.0,1.0,disabled,single,3,row_3,row_4,-0.1226603239774704,-0.6964216232299805,0.597145606554965,0.3364332222774903,0.8544971927068059,0.5737612992525101,0.3929339742731284,1,116,0,disabled,0,0.0,50.0,alpha
1284,1.7652279138565063,-1.2876155376434326,-24.488868713378906,-0.26083773374557495,1.0787992477416992,0.023288846015930176,111,1,26,0.011758172884583473,0.5208333333333334,0.3,101,138,wall,both,1,1,1,1,1,1,0.0,5,5,0,alpha,full,huber,6.855411083645337,3.2909854386663286,1.5283521320929943,6.587653003966753,3.819193804359635,1.7839164924179922,6.547909998646954,3.911317008434206,1.752658978381552,182.2914524604545,0.011758172884583473,250,2.622263550758362,1.0,1.0,disabled,single,3,row_3,row_2,-0.26083773374557495,-0.428829163312912,0.5215346420899,0.44088508817135624,0.8238917482241976,0.16799142956733704,0.3901418452169195,0,116,0,disabled,0,0.0,50.0,alpha
1288,1.2940828800201416,-0.692004382610321,-30.496557235717773,-0.11482040584087372,0.39593467116355896,0.13998591899871826,111,25,11,0.009816600941121578,0.5050505050505051,0.3,114,147,wall,both,1,1,1,1,1,1,0.0,6,6,0,alpha,full,huber,5.965991544381064,4.33245426228837,2.284891038889672,6.364772985414843,4.156303402878843,1.8221181077782427,6.427065508335023,4.193010081701162,1.7835881412318457,203.31791504731606,0.009816600009799004,250,1.975594162940979,1.0,1.0,disabled,single,3,row_3,row_2,-0.11482040584087372,-1.0238069295883179,0.6384892472447551,0.257267991721426,0.8714313287472132,0.9089865237474442,0.33383003846081905,0,116,0,disabled,0,0.0,50.0,alpha
1292,4.235380172729492,-6.7819342613220215,-18.67436981201172,-0.3386773467063904,1.234451174736023,0.0031147003173828125,118,3,14,0.015022866427898407,0.5263157894736842,0.3,110,135,wall,both,1,1,1,1,1,1,0.0,5,5,0,alpha,full,huber,6.6176624149861505,5.405068631250281,1.6813738093481323,6.4652159542811045,4.740836299790018,1.8069796902170105,6.403189197682726,4.665715053895058,1.8150787256946002,176.7671411953622,0.015022866427898407,250,5.163112640380859,0.5810448481284157,1.0,disabled,single,3,row_3,row_2,-0.3386773467063904,-0.35712575912475586,0.4893668265116895,0.4804215522312664,0.8076418413446385,0.01844841241836548,0.3759655675619794,0,116,0,disabled,0,0.0,50.0,alpha
1296,1.355905294418335,-0.7597021460533142,-27.050090789794922,-0.3400231599807739,1.2341822385787964,0.01938009262084961,126,1,22,0.012255045585334301,0.5016722408026756,0.3,120,149,wall,both,1,1,1,1,1,1,0.0,5,5,0,alpha,full,huber,6.515884303352598,5.934214586089533,1.5631254761524724,6.421378627644206,5.277532470929361,1.801331367506707,6.368897914929757,5.145682725666564,1.805299633732914,188.54337364071014,0.012255045585334301,250,2.145987868309021,1.0,1.0,disabled,single,3,row_3,row_2,-0.3400231599807739,-0.3643267750740051,0.49074548493319303,0.4789623617882447,0.8078349284024072,0.0243036150932312,0.3718064862270184,0,116,0,disabled,0,0.0,50.0,alpha
1300,1.060642957687378,-0.4648609757423401,-35.64026641845703,-0.08930017054080963,0.2966204881668091,0.1307222843170166,106,13,25,0.009316692128777504,0.5102040816326531,0.3,120,144,wall,both,1,1,1,1,1,1,0.0,3,3,0,alpha,full,huber,5.501665564567065,6.2813010222995995,2.2545549911129594,6.19685687030399,5.8743720567879905,1.8342529891080113,6.214974101569943,5.794262170463095,1.815549900179426,203.2239444299314,0.009316692128777504,250,2.027506470680237,1.0,1.0,disabled,single,3,row_3,row_2,-0.08930017054080963,-1.1742907762527466,0.6606988671902055,0.22325342445931337,0.8585263880847067,1.084990605711937,0.32515694396696104,0,116,0,disabled,0,0.0,50.0,alpha
1304,0.8893818259239197,-0.3268595039844513,-26.816940307617188,-0.3168365955352783,1.1940513849258423,0.000567317008972168,112,0,13,0.010050959885120392,0.5454545454545454,0.3,120,125,wall,both,1,1,1,1,1,1,0.0,1,1,0,alpha,full,huber,6.287950291315021,7.0168248113275276,1.7038126866351728,6.071191638333408,6.463938451514661,1.847503167475864,6.088562935643632,6.347388858153888,1.8300373213903836,188.6762451467569,0.010050960816442966,250,1.271989643573761,1.0,1.0,disabled,single,3,row_3,row_2,-0.3168365955352783,-0.394603967666626,0.502480403231549,0.46488463056740503,0.8135811164550847,0.07776737213134766,0.371362042818272,0,116,0,disabled,0,0.0,50.0,alpha
1308,2.3625152111053467,-2.306396007537842,-38.60331726074219,-0.1748780906200409,0.8871027827262878,6.586313247680664e-05,109,0,23,0.017233945429325104,0.5319148936170213,0.3,120,132,wall,both,1,1,1,1,1,1,0.0,1,1,0,alpha,full,huber,6.424988629680966,8.69656066180771,1.7586587612396904,6.043262825274725,7.96848015108272,1.9604165657812473,5.891752342281698,7.8146261949001845,1.990564546386043,160.1299224010708,0.017233945429325104,250,3.4216138124465942,0.8767792522601716,1.0,disabled,single,3,row_2,row_3,-0.1748780906200409,-0.5980961322784424,0.570696963908155,0.3737698807477928,0.8484685620155816,0.4232180416584015,0.38601883077724153,1,117,0,disabled,0,0.0,50.0,alpha
1312,0.14452801644802094,-0.008631548844277859,0.0,-0.014336169697344303,0.08756110072135925,0.055632174015045166,0,0,0,0.009296896867454052,0.5,0.3,0,0,wall,both,1,1,1,1,1,1,0.0,0,0,0,alpha,full,huber,4.654621096381512,9.499476678193824,2.074667008299885,4.933362009872032,10.077821838043914,2.112039711468183,4.9218818873017405,10.045666672198857,2.0998843451242646,193.4870430216951,0.009296897798776627,250,1.2283106446266174,1.0,1.0,disabled,single,3,row_3,row_2,-0.014336169697344303,-1.4305566549301147,0.6735738416315087,0.16342875452986658,0.857879843825226,1.4162204852327704,0.3808214807931622,1,118,0,disabled,0,0.0,50.0,alpha
1316,1.9800407886505127,-1.62006676197052,-28.38317108154297,-0.2756475508213043,0.7417508363723755,0.19385206699371338,55,0,27,0.04586483910679817,0.646551724137931,0.3,82,82,wall,both,1,1,1,1,1,1,0.0,2,2,0,alpha,full,huber,2.891116291562625,9.18703455085783,2.3932783285802035,3.8961042472879948,10.442335773219853,2.2759579520441204,4.151192746319719,10.684917218212373,2.206624290837018,112.83235176724078,0.04586483910679817,250,3.1207098960876465,0.9613197316934274,1.0,disabled,single,3,row_4,row_3,-0.2756475508213043,-0.8568564057350159,0.6001962825119372,0.3356429292513565,0.8490320103971956,0.5812088549137115,0.23485098892260237,1,119,0,disabled,0,0.0,50.0,alpha
1320,3.4635722637176514,-4.868360996246338,-41.29930877685547,-1.6380966901779175,2.714768409729004,0.008939146995544434,18,0,49,0.009914791211485863,0.6912442396313364,0.3,67,67,wall,both,1,1,1,1,1,1,0.0,2,2,0,alpha,full,huber,5.637574792670363,12.090166378530816,1.5671814901325174,3.6532026188261826,11.55289124319221,1.8634004147777945,3.545347679632556,11.602389012120096,1.8660493606979722,204.17729809710653,0.009914791211485863,250,4.849070072174072,0.6186753244122445,1.0,disabled,single,3,row_2,row_3,-1.6380966901779175,-1.81632661819458,0.52351287532392,0.4380494031906561,0.8256481353435527,0.1782299280166626,-0.9909030359010046,1,120,1,disabled,0,0.0,50.0,alpha
1324,2.431866407394409,-2.443791151046753,-44.400672912597656,-0.4146451950073242,1.3415448665618896,0.060017406940460205,31,0,45,0.025984035804867744,0.663716814159292,0.3,76,76,wall,both,1,1,1,1,1,1,0.0,1,1,0,alpha,full,huber,1.0688364508406893,9.756476358073668,2.108311873381459,2.3764887812647792,11.799234645160269,1.455508815550607,2.8038233351440014,12.217328999399449,1.3436449631285141,100.4226012311082,0.025984037667512894,250,4.054735422134399,0.7398756485129206,1.0,disabled,single,3,row_4,row_5,-0.4146451950073242,-0.789594292640686,0.5637484011459758,0.3874779550861364,0.8378012263213621,0.3749490976333618,0.1585020292666457,1,121,0,disabled,0,0.0,50.0,alpha
1328,3.926936388015747,-6.017198085784912,-49.98601531982422,-2.9854183197021484,3.661879301071167,0.036910295486450195,3,0,97,0.01332546304911375,0.6000000000000001,0.3,100,100,wall,both,1,1,1,1,1,1,0.0,1,1,0,alpha,full,huber,4.3462237820382805,13.066413062422962,1.466995553245689,2.506775254295399,12.141091251209678,1.1936239668553557,2.695071894823413,12.35128118842313,1.1535010766788947,159.5758737670667,0.01332546304911375,250,5.618618011474609,0.5339391277131239,1.0,disabled,single,3,row_3,row_2,-2.9854183197021484,-4.069904327392578,0.6615500363736425,0.2236538655779957,0.8567762603183828,1.0844860076904297,-2.572248662190884,1,122,1,disabled,0,0.0,50.0,alpha
1332,1.498567819595337,-0.9279775619506836,0.0,-3.7112581729888916,4.02107572555542,0.17012733221054077,0,0,0,0.006661457009613514,0.5,0.3,0,0,wall,both,1,1,1,1,1,1,0.0,0,0,0,alpha,full,huber,4.408641280778137,13.430517870265836,1.1476207723312513,3.067902075917585,12.737647794978463,0.6968895415049521,2.963257485019666,12.728909656819901,0.7228335538181385,227.692218192325,0.0066614579409360886,250,3.097925066947937,0.9683901111770878,1.0,disabled,single,3,row_3,row_2,-3.7112581729888916,-4.6328816413879395,0.6463674515482052,0.25717188745585084,0.8568934148436472,0.9216234683990479,-3.2748710465241517,0,122,1,disabled,0,0.0,50.0,alpha
1336,2.9207422733306885,-3.525097131729126,0.0,-3.7319183349609375,3.067326068878174,0.6340977549552917,0,0,0,0.021883198991417885,0.5,0.3,0,0,wall,both,1,1,1,1,1,1,0.0,0,0,0,alpha,full,huber,5.318091292349459,12.404615518835511,-0.20586070531483625,3.5833509377030137,12.682426376804877,0.13102877078516412,3.417881839553024,12.833199026475004,0.22426687476041662,138.96684230340043,0.021883198991417885,250,4.119879484176636,0.7281766400017777,1.0,disabled,single,3,row_3,row_2,-3.7319183349609375,-4.0458664894104,0.5538339122864885,0.40460718790389105,0.8255434061478364,0.3139481544494629,-3.141027900461077,0,122,1,disabled,0,0.0,50.0,alpha
1340,0.6701076030731201,-0.18555545806884766,-47.371952056884766,-1.2722392082214355,2.3603768348693848,0.09147661924362183,9,0,56,0.016350148245692253,0.6976744186046512,0.3,51,65,wall,both,1,1,1,1,1,1,0.0,3,3,0,alpha,full,huber,6.688236251229634,12.151367634716564,-1.0095417543173322,5.616900208489359,12.550172685794704,-0.9291713775560704,5.12012120694137,12.82917100386746,-0.7705540836925677,118.80116642303474,0.016350148245692253,250,2.904300332069397,1.0,1.0,disabled,single,3,row_2,row_3,-1.2722392082214355,-2.628549575805664,0.671458765097038,0.1729741634873301,0.8604068190755731,1.3563103675842285,-0.8739365361645076,1,123,0,disabled,0,0.0,50.0,alpha
1344,2.356855869293213,-2.2953593730926514,-45.17692184448242,-0.5855998396873474,1.509669542312622,0.13923901319503784,12,6,84,0.017047202214598656,0.5952380952380952,0.3,67,102,wall,both,1,1,1,1,1,1,0.0,11,11,0,alpha,full,huber,7.047489652205577,11.343028942378314,-1.97463537599565,6.691614403093361,11.661880083036717,-1.7332632880319447,6.161893685245081,11.996989963911616,-1.5682125742700324,101.96582836867513,0.017047202214598656,250,3.0420621633529663,0.9861731414105603,1.0,disabled,single,3,row_2,row_1,-0.5855998396873474,-1.784050703048706,0.6688565576413832,0.20176804805789245,0.8565392955698373,1.1984508633613586,-0.18341418475156257,0,123,0,disabled,0,0.0,50.0,alpha
1348,0.8950331807136536,-0.3310266137123108,-42.96345901489258,-0.6214914321899414,1.6564068794250488,0.05373138189315796,26,17,94,0.1569788008928299,0.5226480836236934,0.3,99,137,wall,both,1,1,1,1,1,1,0.0,10,10,0,alpha,full,huber,7.334361077903654,11.48329498945854,-1.111300750068553,6.966212247530763,11.252142190728826,-1.7027546231535367,6.564589665721877,11.416845665053405,-1.7323040074980187,19.300142534361527,0.1569788008928299,80,1.4392568469047546,1.0,1.0,disabled,single,3,row_2,row_1,-0.6214914321899414,-1.4985767602920532,0.6424031911855678,0.2672356362896427,0.8541621404439488,0.8770853281021118,-0.17895228342697128,0,123,0,disabled,0,0.0,50.0,alpha
1352,0.3180115818977356,-0.04178982228040695,-39.94582748413086,-0.20242369174957275,0.9139237999916077,0.06417721509933472,40,11,110,0.06433368474245071,0.48231511254019294,0.3,120,161,wall,both,1,1,1,1,1,1,0.0,13,13,0,alpha,full,huber,7.398157768090274,10.717085253480025,-1.0803913884861727,7.044571071100172,10.798067423230952,-1.5369375189026733,6.768121842096103,10.883684090072993,-1.6354286107481026,48.37688876514942,0.06433367729187012,80,0.8287509977817535,1.0,1.0,disabled,single,3,row_2,row_1,-0.20242369174957275,-1.1537892818450928,0.6503640152132485,0.2511792027194223,0.8550642901212926,0.95136559009552,0.2277993576924694,0,123,0,disabled,0,0.0,50.0,alpha
1356,1.9737616777420044,-1.6098079681396484,-34.1844367980957,-0.1509230136871338,0.8138940930366516,0.03018033504486084,73,1,88,0.05123802646994591,0.4807692307692307,0.3,120,162,wall,both,1,1,1,1,1,1,0.0,13,13,0,alpha,full,huber,6.3583424101747745,10.017915679954715,-1.6869079209727484,6.888299851232626,10.302411817145746,-1.5435535800103857,6.813542787933495,10.366417735803255,-1.565685338892164,53.470245943150026,0.051238030195236206,80,2.536143183708191,1.0,1.0,disabled,single,3,row_2,row_3,-0.1509230136871338,-0.7512831687927246,0.6030154173070458,0.33082270881621234,0.8506323365531174,0.6003601551055908,0.35488950122128915,0,123,0,disabled,0,0.0,50.0,alpha
1360,1.8351322412490845,-1.391615867614746,-38.88729476928711,-0.15338532626628876,0.8196039795875549,0.031722426414489746,76,1,89,0.05013183131814003,0.4746835443037975,0.3,120,166,wall,both,1,1,1,1,1,1,0.0,9,9,0,alpha,full,huber,7.976355324010759,9.85310791570536,-1.188048298249456,7.132269534781576,9.792743709691058,-1.3150478802148893,6.974403568847853,9.786605180588417,-1.374987446523744,53.97687023199163,0.05013183131814003,80,3.2936902046203613,0.9108324747092562,1.0,disabled,single,3,row_2,row_1,-0.15338532626628876,-0.6214427947998047,0.5816975289166011,0.36426919256907736,0.8407055994371851,0.46805746853351593,0.38841934984563,0,123,0,disabled,0,0.0,50.0,alpha
1364,1.8425174951553345,-1.402839183807373,-35.02336883544922,-0.15102113783359528,0.80091392993927,0.04556399583816528,75,5,55,0.03026302345097065,0.5263157894736842,0.3,120,135,wall,both,1,1,1,1,1,1,0.0,8,8,0,alpha,full,huber,7.954409554203341,9.876755866164299,-1.1375693160847038,7.559021378983846,9.5057705261319,-1.1904909109666608,7.310867313098161,9.423577540136094,-1.2750323244900341,80.0746124528344,0.0302630253136158,122,3.329262614250183,0.9011004380246707,1.0,disabled,single,3,row_2,row_1,-0.15102113783359528,-0.6414949893951416,0.5857481937855161,0.35867480496849474,0.8416764345790393,0.4904738515615463,0.38384414735819306,0,123,0,disabled,0,0.0,50.0,alpha
1368,4.064643383026123,-6.358619689941406,-36.68510818481445,-0.26801854372024536,1.0982098579406738,0.0010020732879638672,92,41,51,0.01441846415400505,0.44910179640718567,0.3,120,184,wall,both,1,1,1,1,1,1,0.0,10,10,0,alpha,full,huber,8.615431704180542,9.260928733820473,-1.4140339184653818,8.230703811021979,9.004940393549457,-1.2076519121933083,7.876482862965309,8.867370329198721,-1.2848219252278554,124.3339505300179,0.01441846415400505,175,4.480342864990234,0.6695916117139706,1.0,disabled,single,3,row_1,row_2,-0.26801854372024536,-0.41814085841178894,0.5248776958793187,0.4517111651999601,0.7852094792189256,0.15012231469154358,0.37657146003958664,1,124,0,disabled,0,0.0,50.0,alpha
1372,0.7499591708183289,-0.23241272568702698,-40.24858093261719,-0.09181759506464005,0.06970533728599548,0.14909988641738892,94,40,52,0.022175362333655357,0.4464285714285714,0.3,120,186,wall,both,1,1,1,1,1,1,0.0,9,9,0,alpha,full,huber,9.679130020452304,9.192664340399208,-0.8161628460843877,8.812601710635654,8.82722117888073,-1.1489608343608393,8.399784586141656,8.65941846848392,-1.2301792105190532,125.68790687338388,0.022175360471010208,207,1.978846549987793,1.0,1.0,disabled,single,3,row_1,row_2,-0.09181759506464005,-1.3730438947677612,0.7799084432330043,0.2165778858473546,0.5450466904720447,1.2812262997031212,0.15676115159399348,0,124,0,disabled,0,0.0,50.0,alpha
1376,3.2919118404388428,-4.442756652832031,-43.35035705566406,-0.020497461780905724,0.015317028388381004,0.07077503204345703,100,9,50,0.010906834155321121,0.4854368932038835,0.3,120,159,wall,both,1,1,1,1,1,1,0.0,9,9,0,alpha,full,huber,9.808012884210324,8.8335406904611,-0.9907762314767479,9.193741561048263,8.418619766746746,-1.1133620522032317,8.883359746547953,8.29469346997153,-1.1772541771445593,159.60721014972464,0.010906835086643696,185,4.1903462409973145,0.7159312924189271,1.0,disabled,single,3,row_1,row_2,-0.020497461780905724,-1.3614084720611572,0.7901459624525566,0.2067078989898429,0.5301001789728087,1.3409110102802515,0.21504012620849786,0,124,0,disabled,0,0.0,50.0,alpha
1380,1.530105471611023,-0.9674474596977234,-46.33013153076172,-0.05140174180269241,0.34234216809272766,0.07882028818130493,56,0,75,0.011366299353539944,0.5338078291814947,0.3,120,131,wall,both,1,1,1,1,1,1,0.0,9,9,0,alpha,full,huber,10.297116163222599,8.210857793129337,-0.9947450332962755,9.552751248592761,7.360161669695529,-0.9850289260242481,9.460420270317407,7.243699667028911,-0.9706295539336227,168.796942625085,0.011366299353539944,213,2.1355769634246826,1.0,1.0,disabled,single,3,row_1,row_2,-0.048791225999593735,-1.779258131980896,0.8481798181214637,0.1502988667789236,0.4343698936256135,1.7304669059813023,0.11587138999845673,0,124,0,disabled,0,0.0,50.0,alpha
1384,2.3347506523132324,-2.252504587173462,-17.411312103271484,-0.22730837762355804,1.0113791227340698,9.894371032714844e-06,121,11,13,0.014526770450174809,0.5084745762711864,0.3,120,145,wall,both,1,1,1,1,1,1,0.0,11,11,0,alpha,full,huber,8.758095969272551,6.408099362423391,-1.4055857548944666,9.670600567650787,6.6280124155959115,-1.1369963183752951,9.797010315216395,6.597594647532947,-1.0872150202575663,177.5012691086764,0.014526772312819958,250,2.5147898197174072,1.0,1.0,disabled,single,3,row_2,row_1,-0.22730837762355804,-0.4912225306034088,0.5413246090002143,0.41575866618780377,0.8322442501797711,0.26391415297985077,0.38642778581385007,1,125,0,disabled,0,0.0,50.0,alpha
1388,5.198692321777344,-9.17031192779541,-24.451570510864258,-0.18302325904369354,0.9074824452400208,0.0020908713340759277,119,10,27,0.011369334533810616,0.49019607843137253,0.3,103,156,wall,both,1,1,1,1,1,1,0.0,11,11,0,alpha,full,huber,8.878692057674474,5.116921102926846,-1.3573197004208741,9.655545577828741,5.234643054910071,-1.2971575940798152,10.028034071809518,5.341532796619459,-1.1902186325656312,178.18198465357986,0.01136933546513319,250,6.50342869758606,0.46129513207602924,1.0,disabled,single,3,row_2,row_1,-0.18302325904369354,-0.5546303391456604,0.5613552478568957,0.38712470079193634,0.844309221131538,0.37160708010196686,0.394378074441216,0,125,0,disabled,0,0.0,50.0,alpha
1392,2.4592175483703613,-2.499070644378662,-23.281387329101562,-0.17158165574073792,0.8786599636077881,0.0020089149475097656,116,28,19,0.009848557412624359,0.47923322683706066,0.3,120,163,wall,both,1,1,1,1,1,1,0.0,13,13,0,alpha,full,huber,9.21812122892773,3.124969525306152,-1.2845872322331138,9.50899929685399,2.9552105917890135,-1.2792174073410914,10.180151873118783,3.1194965198996076,-1.1601075423992913,185.17818953040245,0.009848557412624359,250,3.098855972290039,0.968099203972689,1.0,disabled,single,3,row_2,row_1,-0.17158165574073792,-0.570303738117218,0.5664756630131735,0.3802055535669267,0.8459175496910224,0.3987220823764801,0.3967395039553383,0,125,0,disabled,0,0.0,50.0,alpha
1396,1.6712870597839355,-1.1542150974273682,-29.453046798706055,-0.20899179577827454,0.9690213799476624,0.008917570114135742,106,25,19,0.009851895272731781,0.5,0.3,90,150,wall,both,1,1,1,1,1,1,0.0,10,10,0,alpha,full,huber,9.675051625730102,1.1650987485885929,-1.2764321468436797,9.336614173195908,1.7348587621647147,-1.3394198091236909,9.985856676243467,1.904790522088898,-1.2239201439776872,189.6921427967318,0.009851894341409206,250,1.968824565410614,1.0,1.0,disabled,single,3,row_2,row_1,-0.20899179577827454,-0.5002411603927612,0.5455846327619772,0.40773138021890315,0.8394194058589942,0.2912493646144867,0.3969055428301119,0,125,0,disabled,0,0.0,50.0,alpha
1400,0.9342199563980103,-0.3606474995613098,-25.996789932250977,-0.3089863359928131,1.1778706312179565,0.01290595531463623,110,16,26,0.009420840069651604,0.49668874172185423,0.3,120,152,wall,both,1,1,1,1,1,1,0.0,9,9,0,alpha,full,huber,9.90613763011303,1.0663987154109977,-1.2005099271352933,9.593720949493617,0.7589010511833061,-1.348038123261292,9.97867213379898,0.8093360791792863,-1.3056400721596146,204.3057659163833,0.009420839138329029,250,1.3799116015434265,1.0,1.0,disabled,single,3,row_2,row_1,-0.3089863359928131,-0.37144941091537476,0.4981880054754145,0.46802160149541305,0.8169350436942289,0.062463074922561646,0.3877914161728382,0,125,0,disabled,0,0.0,50.0,alpha
1404,4.580893516540527,-7.63857889175415,-28.845767974853516,-0.30452683568000793,1.170628309249878,8.624792098999023e-05,149,15,16,0.018177662044763565,0.45454545454545453,0.3,120,180,wall,both,1,1,1,1,1,1,0.0,8,8,0,alpha,full,huber,10.236667055171992,0.00919407274540296,-1.3636824726108259,10.14193707320213,0.343906138510845,-1.3007288378140223,10.116574168244714,0.3694051354115576,-1.3378543771257396,168.05808562803074,0.018177663907408714,250,5.029590606689453,0.5964700180587147,1.0,disabled,single,3,row_1,row_2,-0.30452683568000793,-0.3648614287376404,0.5013953370627786,0.4720383785599538,0.7968857911054112,0.060334593057632446,0.38583355745608483,1,126,0,disabled,0,0.0,50.0,alpha
1408,3.187986373901367,-4.185090065002441,-21.542871475219727,-0.25040778517723083,1.061286449432373,0.005249083042144775,107,0,13,0.012302217073738575,0.5555555555555556,0.3,120,120,wall,both,1,1,1,1,1,1,0.0,2,2,0,alpha,full,huber,10.315371681227486,0.17578523464302487,-1.2743113184984654,10.460523411608833,-0.23993443082669297,-1.275388204298391,10.374778875044633,-0.29872319589385216,-1.3112384656015146,190.4296033405077,0.012302217073738575,250,3.7853375673294067,0.7925316954272402,1.0,disabled,single,3,row_1,row_2,-0.25040778517723083,-0.431257039308548,0.5329398582260605,0.4447709040851437,0.7805360142830431,0.18084925413131714,0.3789389123544158,0,126,0,disabled,0,0.0,50.0,alpha
1412,1.0830738544464111,-0.484730988740921,-24.599910736083984,-0.24271908402442932,1.0450985431671143,0.0005194544792175293,127,0,21,0.01222835760563612,0.5033557046979865,0.3,120,148,wall,both,1,1,1,1,1,1,0.0,5,5,0,alpha,full,huber,10.707591389416768,-1.8444782852888055,-1.328670949367116,10.417315631749977,-0.9119638182272356,-1.3134010062992971,10.466808291970864,-0.8718150805607476,-1.3151318863797608,188.39253384524196,0.01222835574299097,250,1.6513090133666992,1.0,1.0,disabled,single,3,row_1,row_2,-0.24271908402442932,-0.4647575318813324,0.5434503624684262,0.4352410106484074,0.7754720869773981,0.22203844785690308,0.36709782197214735,0,126,0,disabled,0,0.0,50.0,alpha
1416,2.638760805130005,-2.8772969245910645,-27.805328369140625,-0.24889624118804932,1.0583146810531616,0.00041371583938598633,125,4,15,0.027499042451381683,0.5102040816326531,0.3,120,144,wall,both,1,1,1,1,1,1,0.0,4,4,0,alpha,full,huber,10.864093148776808,-2.6425599175821297,-1.3896723825021349,10.633398865440597,-1.8337900604980337,-1.3183558190050082,10.644857586525525,-1.715310727533527,-1.311378688755869,155.2581095436155,0.027499042451381683,250,3.665532946586609,0.8184348752869998,1.0,disabled,single,3,row_1,row_2,-0.24889624118804932,-0.47614654898643494,0.5448820956327306,0.4341191888883335,0.7742136542260312,0.22725030779838562,0.3582896048239145,0,126,0,disabled,0,0.0,50.0,alpha
1420,1.2164206504821777,-0.6114376783370972,-31.08184051513672,-0.2583114206790924,1.0781437158584595,0.0006403326988220215,111,5,27,0.011016845703125,0.5119453924914675,0.3,120,143,wall,both,1,1,1,1,1,1,0.0,6,6,0,alpha,full,huber,10.860088287915561,-2.718931293941892,-1.396693165214757,10.663146835866698,-2.615843204254486,-1.3651550746872256,10.739739669178078,-2.4886292771557725,-1.3341038803293002,170.54973065020215,0.011016845703125,224,1.3705968260765076,1.0,1.0,disabled,single,3,row_1,row_2,-0.2583114206790924,-0.46514347195625305,0.5395867558736328,0.43876831978946795,0.7773138330768816,0.20683205127716064,0.35864027861159364,0,126,0,disabled,0,0.0,50.0,alpha
1424,1.2777091264724731,-0.6746035814285278,-31.451963424682617,-0.47482824325561523,0.6937024593353271,0.3002215623855591,118,17,10,0.011355270631611347,0.5084745762711864,0.3,120,145,wall,both,1,1,1,1,1,1,0.0,4,4,0,alpha,full,huber,11.121430548036974,-2.1005859556138304,-0.5651963300313514,10.803518921008475,-2.7254382008373303,-1.2938551434893963,10.79161044928355,-2.6898695732395317,-1.3139465913711301,187.31166466105623,0.011355270631611347,250,2.12746000289917,1.0,1.0,disabled,single,3,row_1,row_2,-0.47482824325561523,-1.1667349338531494,0.6591206375794391,0.3299693887283066,0.689901029984374,0.6919066905975342,-0.05797954359955704,0,126,0,disabled,0,0.0,50.0,alpha
1428,2.801945447921753,-3.2441728115081787,-37.98811721801758,-0.08489671349525452,0.5572777390480042,0.06238198280334473,97,3,46,0.019515791907906532,0.5067567567567568,0.3,120,146,wall,both,1,1,1,1,1,1,0.0,8,8,0,alpha,full,huber,10.164262826379732,-3.8396488559026904,-1.7373949663780106,10.80028039704866,-3.2687185504637544,-1.3515297240842092,10.85669259271674,-3.2105786709557753,-1.323127703641666,132.24629447761532,0.01951579377055168,191,3.887611150741577,0.7716821162599398,1.0,disabled,single,3,row_2,row_1,-0.08489671349525452,-0.86962890625,0.6303083157037535,0.2875730448251962,0.8545754211619839,0.7847321927547455,0.3766494758075796,1,127,0,disabled,0,0.0,50.0,alpha
1432,3.763091564178467,-5.610970497131348,-34.20509338378906,-0.2859697639942169,1.1343762874603271,0.0017186999320983887,108,19,23,0.02249934896826744,0.5,0.3,120,150,wall,both,1,1,1,1,1,1,0.0,7,7,0,alpha,full,huber,10.842047823637053,-2.9041341164905936,-1.302268300365473,10.85564384123347,-3.345906368302226,-1.3158749348851684,10.891171151366176,-3.4166706325185316,-1.3179019849210196,117.31697134321912,0.02249935083091259,180,4.332486867904663,0.6924429528509803,1.0,disabled,single,3,row_1,row_2,-0.2859697639942169,-0.43397194147109985,0.5242574316712403,0.45213493679843625,0.7858827919892102,0.14800217747688293,0.35980266949093453,1,128,0,disabled,0,0.0,50.0,alpha
1436,2.24120831489563,-2.0756258964538574,-40.73291015625,-0.0995766818523407,0.66086745262146,0.024857699871063232,96,9,39,0.015070092864334583,0.5102040816326531,0.3,120,144,wall,both,1,1,1,1,1,1,0.0,3,3,0,alpha,full,huber,10.35885445579015,-4.30693635563388,-1.6057466709276516,10.793966374747729,-4.023783300221299,-1.4037730719110153,10.909089463897118,-3.9776328624813293,-1.3555951787303941,135.68139002525865,0.015070092864334583,185,3.041447162628174,0.9863725521398312,1.0,disabled,single,3,row_2,row_1,-0.0995766818523407,-0.7638062238693237,0.6142394765224714,0.3161305739679437,0.8489513027280349,0.664229542016983,0.3877937181138152,1,129,0,disabled,0,0.0,50.0,alpha
1440,2.897411823272705,-3.4690065383911133,-30.096147537231445,-0.27019599080085754,1.1026699542999268,0.0002307295799255371,86,19,49,0.014178425073623657,0.49342105263157904,0.3,120,154,wall,both,1,1,1,1,1,1,0.0,5,5,0,alpha,full,huber,10.987513025345537,-3.55217927206276,-1.3766357192440557,11.041887953212196,-4.203807871270186,-1.3352378079405547,11.014380262174313,-4.268643748284435,-1.3431393421457907,184.04607972556116,0.014178426936268806,250,3.5166542530059814,0.8530835800635352,1.0,disabled,single,3,row_1,row_2,-0.27019599080085754,-0.4479691684246063,0.5322942346911996,0.44560068753650545,0.7800995726474511,0.17777317762374878,0.36036287900016784,1,130,0,disabled,0,0.0,50.0,alpha
1444,0.9727808833122253,-0.39103415608406067,-33.04431915283203,-0.2851850688457489,0.9656121134757996,0.13822436332702637,107,15,21,0.016843635588884354,0.5119453924914675,0.3,120,143,wall,both,1,1,1,1,1,1,0.0,1,1,0,alpha,full,huber,10.835420796312329,-5.145431869783674,-0.841196570857039,10.977957988010132,-4.755137519691914,-1.3959942579731988,11.044162356551903,-4.719049778380383,-1.3670662490411496,192.53402734038914,0.016843637451529503,250,1.7183661460876465,1.0,1.0,disabled,single,3,row_2,row_1,-0.2851850688457489,-0.6091294884681702,0.5543784733825197,0.4009766510584077,0.8322670760977927,0.32394441962242126,0.3047225916896561,1,131,0,disabled,0,0.0,50.0,alpha
1448,0.3874295651912689,-0.06202547997236252,0.0,-0.1179441437125206,0.728524923324585,7.766485214233398e-05,0,0,0,0.0070032961666584015,0.5,0.3,0,0,wall,both,1,1,1,1,1,1,0.0,0,0,0,alpha,full,huber,10.915117238123225,-6.6376511042409145,-1.33332942090397,11.189342310639297,-6.088298925041295,-1.3998434440296572,11.248860804173681,-6.043126474438269,-1.379976246317505,207.52618477866375,0.007003297097980976,250,1.0016649961471558,1.0,1.0,disabled,single,3,row_2,row_1,-0.1179441437125206,-0.6888967752456665,0.5998202907746484,0.338890641348352,0.8444178045444249,0.5709526315331459,0.3931810402927447,0,131,0,disabled,0,0.0,50.0,alpha
1452,0.6992693543434143,-0.202056884765625,0.0,-0.20182907581329346,0.9372842907905579,0.04023158550262451,0,0,0,0.01054572407156229,0.5,0.3,0,0,wall,both,1,1,1,1,1,1,0.0,0,0,0,alpha,full,huber,11.063012288866807,-7.118546865658928,-1.0611705375595326,11.528343461421724,-8.031227177418131,-0.523982058644563,11.5957625991492,-8.109600358956587,-0.4967746652541507,202.10360053155134,0.01054572407156229,250,1.8968322277069092,1.0,1.0,disabled,single,3,row_2,row_1,-0.20182907581329346,-0.7034351229667664,0.5882194221427182,0.35620057960537965,0.8404561907228059,0.5016060471534729,0.32882615797028647,0,131,0,disabled,0,0.0,50.0,alpha
1456,1.2957212924957275,-0.6937577128410339,0.0,-1.6242860555648804,2.6301321983337402,0.14603233337402344,0,0,0,0.010949423536658287,0.5,0.3,0,0,wall,both,1,1,1,1,1,1,0.0,0,0,0,alpha,full,huber,15.216189151248352,-6.928108745953929,1.2373956163271203,13.396465868836193,-8.43626711313615,0.6714350526483354,13.202988486898725,-8.656145761271041,0.6101359416534828,189.50534849699832,0.010949423536658287,250,4.4898927211761475,0.6681674120744107,1.0,disabled,single,3,row_1,row_2,-1.6242860555648804,-5.698812007904053,0.9832694032855027,0.016715847016193598,0.0851451175495494,4.074525952339172,-1.6074139215270593,1,132,1,disabled,0,0.0,50.0,alpha
1460,0.8106279373168945,-0.2715362310409546,-44.7107048034668,-2.142711639404297,3.091805934906006,0.06719750165939331,13,0,107,0.018579265102744102,0.5555555555555556,0.3,120,120,wall,both,1,1,1,1,1,1,0.0,2,2,0,alpha,full,huber,15.063670561827491,-8.276235576918722,1.4159445555438195,14.86848603543201,-7.32534417606645,1.7151624725382046,14.56329814679712,-7.621915953950314,1.662158681338389,110.57267704458589,0.018579263240098953,250,1.9929534792900085,1.0,1.0,disabled,single,3,row_1,row_2,-2.142711639404297,-5.794829845428467,0.9746866768303009,0.025279602777258166,0.11830968233579874,3.65211820602417,-2.117072422676623,0,132,1,disabled,0,0.0,50.0,alpha
1464,1.372375726699829,-0.7782707214355469,-42.68339157104492,-1.1314626932144165,2.2561867237091064,0.008093655109405518,43,4,103,0.013440717943012714,0.5,0.3,116,150,wall,both,1,1,1,1,1,1,0.0,3,3,0,alpha,full,huber,14.630309161132004,-7.426513019171999,1.9119438974646146,14.560979528286035,-6.845347088740839,2.264376039888383,14.52149910736381,-6.7900506498787045,2.293411338722021,194.93994760116615,0.013440717943012714,250,2.501287817955017,1.0,1.0,disabled,single,3,row_1,row_2,-1.1314626932144165,-4.466546058654785,0.9655518702163777,0.03438486369458138,0.15034129071979385,3.3350833654403687,-1.0964072383412402,0,132,0,disabled,0,0.0,50.0,alpha
1468,1.1073901653289795,-0.506740927696228,-43.17518997192383,-0.3837575316429138,1.3028067350387573,0.04014652967453003,42,8,84,0.0274285227060318,0.528169014084507,0.3,112,134,wall,both,1,1,1,1,1,1,0.0,7,7,0,alpha,full,huber,13.904018913168205,-5.965341848273528,2.068945397230933,14.346853522478055,-5.929493551176829,2.4331802170647663,14.187843502284055,-6.080389800969965,2.502435798222363,112.5948972980889,0.0274285227060318,250,1.6542878150939941,1.0,1.0,disabled,single,3,row_1,row_2,-0.3837575316429138,-3.199824571609497,0.9433700020720545,0.056452045903952815,0.218795515268043,2.8160670399665833,-0.3254608253289497,0,132,0,disabled,0,0.0,50.0,alpha
1472,0.5035253763198853,-0.10476768761873245,-47.35891342163086,-0.24477270245552063,0.7399961352348328,0.17365437746047974,8,29,73,0.013468248769640923,0.5769230769230769,0.3,75,110,wall,both,1,1,1,1,1,1,0.0,6,6,0,alpha,full,huber,12.358142527301776,-7.01996015931667,2.382837349330332,13.60699676136193,-5.590762419589305,2.1821306616908442,13.564787630693178,-5.588352290666759,2.236390054046451,174.64778957625623,0.013468248769640923,250,2.6808758974075317,1.0,1.0,disabled,single,3,row_1,row_2,-0.24477270245552063,-1.167332649230957,0.7112433714469778,0.282719352704207,0.6303583056174301,0.9225599467754364,0.09596791071195965,0,132,0,disabled,0,0.0,50.0,alpha
1476,2.343134880065918,-2.2687113285064697,-20.725366592407227,-0.4323568046092987,1.3924157619476318,0.019218504428863525,91,0,29,0.0114398542791605,0.5555555555555556,0.3,120,120,wall,both,1,1,1,1,1,1,0.0,1,1,0,alpha,full,huber,13.676285064901936,-4.395051406343153,1.9563766938773686,13.638051551279284,-4.959804280733065,2.0273941862522227,13.480919587714105,-5.120596043657484,2.0813451917069017,177.39125037280212,0.011439853347837925,250,3.0459108352661133,0.9849270586865022,1.0,disabled,single,3,row_1,row_2,-0.4323568046092987,-3.378669500350952,0.9499503393301651,0.049903793060110425,0.19965868059001549,2.9463126957416534,-0.3810112344660948,0,132,0,disabled,0,0.0,50.0,alpha
1480,1.341133952140808,-0.7432397603988647,-34.26974105834961,-0.3681095838546753,1.2870482206344604,4.0531158447265625e-06,72,36,36,0.011983087286353111,0.5102040816326531,0.3,88,144,wall,both,1,1,1,1,1,1,0.0,3,3,0,alpha,full,huber,13.479238771190671,-3.9263150592930844,1.757162937988447,13.511478084702746,-4.176844808920074,1.8831638128732848,13.318467095533894,-4.3313873860189975,1.9622239454671782,177.41876580478333,0.011983087286353111,250,1.5839031338691711,1.0,1.0,disabled,single,3,row_1,row_2,-0.3681095838546753,-3.2043144702911377,0.9444312330829658,0.05538883228378991,0.2158077533110041,2.8362048864364624,-0.31093718141649757,0,132,0,disabled,0,0.0,50.0,alpha
1484,0.8025464415550232,-0.26614910364151,-35.63632583618164,-0.24729493260383606,1.0548888444900513,0.0014142394065856934,51,39,33,0.011952857486903667,0.5494505494505495,0.3,77,123,wall,both,1,1,1,1,1,1,0.0,4,4,0,alpha,full,huber,13.200727134242742,-3.6845345581833193,1.7966640433275272,13.225971265573445,-3.724180447638995,1.8830510322838978,13.157259711106619,-3.749246044114647,1.9186338429980418,181.99035986165828,0.011952857486903667,235,1.0632195472717285,1.0,1.0,disabled,single,3,row_1,row_2,-0.24729493260383606,-2.8306610584259033,0.9295031790047176,0.0701954926325612,0.25686664336976406,2.5833661258220673,-0.17418988090076765,0,132,0,disabled,0,0.0,50.0,alpha
1488,1.7804533243179321,-1.3099231719970703,-24.643857955932617,-0.29361921548843384,1.1494346857070923,0.0021677613258361816,82,4,49,0.010925769805908203,0.5263157894736842,0.3,120,135,wall,both,1,1,1,1,1,1,0.0,2,2,0,alpha,full,huber,13.096852553989823,-2.5387131851450846,1.8093309849993222,13.11881249277068,-2.9892984191211776,1.82020726569959,13.02718213965855,-3.0635355005188405,1.872041800250563,190.7368072758078,0.010925769805908203,250,2.195034623146057,1.0,1.0,disabled,single,3,row_1,row_2,-0.29361921548843384,-3.0117127895355225,0.9378477047017922,0.061898379501578185,0.2344990431704041,2.7180935740470886,-0.22945151060526153,0,132,0,disabled,0,0.0,50.0,alpha
1492,0.22232919931411743,-0.02042573317885399,-32.8261833190918,-0.09030302613973618,0.6364807486534119,0.008268952369689941,95,0,25,0.009468954987823963,0.5555555555555556,0.3,120,120,wall,both,1,1,1,1,1,1,0.0,1,1,0,alpha,full,huber,12.593313490306183,-2.637088109891379,1.6147856404565397,12.825938442774882,-2.38836317113962,1.8831626496296887,12.830674771346468,-2.4173394894938776,1.8859063262143874,196.45924339224837,0.009468954987823963,250,0.7594045102596283,1.0,1.0,disabled,single,3,row_1,row_2,-0.09030302613973618,-2.2311675548553467,0.8941288242367016,0.10510767855988938,0.34232135510491746,2.1408645287156105,0.021602389351335433,0,132,0,disabled,0,0.0,50.0,alpha
1496,3.6544976234436035,-5.341730117797852,-23.140296936035156,-0.3718952536582947,1.2936408519744873,0.0010949373245239258,79,0,41,0.01717960834503174,0.5555555555555556,0.3,120,120,wall,both,1,1,1,1,1,1,0.0,1,1,0,alpha,full,huber,12.988124364475164,-1.32489734372807,1.8274876528520823,12.830865580656472,-1.784638235192244,1.8197373236960372,12.76475991579812,-1.898485466427036,1.858776842394085,155.69411772823824,0.01717960834503174,229,4.345273017883301,0.6904054101211299,1.0,disabled,single,3,row_1,row_2,-0.3718952536582947,-3.1785032749176025,0.9428384044046899,0.05695644673428216,0.2204447973677361,2.806608021259308,-0.3130348793216304,0,132,0,disabled,0,0.0,50.0,alpha
1500,0.3863915801048279,-0.06169357895851135,-34.88035583496094,-0.06551845371723175,0.460605263710022,0.06709128618240356,93,0,27,0.013258511200547218,0.5555555555555556,0.3,120,120,wall,both,1,1,1,1,1,1,0.0,3,3,0,alpha,full,huber,12.249132010198187,-1.8541065369415444,1.4122981799040222,12.68250684257033,-1.4815684704110121,1.8483729312025976,12.673164718185182,-1.519648368191291,1.8563503490235007,148.58783302715256,0.013258511200547218,185,1.1241663694381714,1.0,1.0,disabled,single,3,row_1,row_2,-0.06551845371723175,-1.9633060693740845,0.8686190651081694,0.13020590127511986,0.39571556816195425,1.8977876156568527,0.07533215616701577,0,132,0,disabled,0,0.0,50.0,alpha
1504,1.5906544923782349,-1.0455296039581299,-37.533931732177734,-0.15206599235534668,0.6798135042190552,0.10997664928436279,118,6,9,0.06292920559644699,0.5300353356890459,0.3,109,133,wall,both,1,1,1,1,1,1,0.0,3,3,0,alpha,full,huber,11.065958838096737,-1.7735278277767312,2.2540871832257956,12.32349035617178,-1.1719362818005423,1.9414142298793957,12.423356708796108,-1.0904223280607823,1.9017999699673194,61.75108362060824,0.06292921304702759,107,3.1481752395629883,0.952932975998008,1.0,disabled,single,3,row_1,row_2,-0.15206599235534668,-0.7959000468254089,0.6483300584249381,0.34055132948994127,0.6978197306017516,0.6438340544700623,0.28128937052770003,0,132,0,disabled,0,0.0,50.0,alpha
1508,2.979863166809082,-3.6692497730255127,-24.296615600585938,-0.3225966989994049,1.2048583030700684,0.0002938508987426758,70,0,50,0.02538713440299034,0.5555555555555556,0.3,120,120,wall,both,1,1,1,1,1,1,0.0,3,3,0,alpha,full,huber,12.74786615036257,-0.2896438421922742,1.847263784329094,12.512368996274375,-0.6438062513823033,1.817404501179082,12.409972646223851,-0.6986557677360175,1.8625878131026354,75.84577173058437,0.02538713440299034,112,3.5394606590270996,0.8475867622228686,1.0,disabled,single,3,row_1,row_2,-0.3225966989994049,-3.0109434127807617,0.9361212774654295,0.06364993630172522,0.23902608730330296,2.688346713781357,-0.2565864580430982,0,132,0,disabled,0,0.0,50.0,alpha
1512,3.1533429622650146,-4.0991973876953125,-32.0173225402832,-0.4053412973880768,0.17984174191951752,0.3123263120651245,109,2,7,0.042398516088724136,0.5597014925373135,0.3,116,118,wall,both,1,1,1,1,1,1,0.0,4,4,0,alpha,full,huber,11.476030032043708,-1.0414207394054924,2.465124104748968,12.092779689405168,-0.4257406395986928,1.972390668884373,12.166060951353822,-0.2781595877975407,1.9206223940099054,64.56518806850941,0.042398516088724136,122,4.166085243225098,0.7201004839924028,1.0,disabled,single,3,row_1,row_2,-0.1797301471233368,-1.3978657722473145,0.7687420791539411,0.22737937782166637,0.5604934458723837,1.2181356251239777,0.08326961633074331,0,132,0,disabled,0,0.0,50.0,alpha
1516,0.7235479950904846,-0.21633128821849823,-28.212852478027344,-0.19511698186397552,0.937030553817749,9.250640869140625e-05,97,10,21,0.017553899437189102,0.539568345323741,0.3,106,128,wall,both,1,1,1,1,1,1,0.0,4,4,0,alpha,full,huber,10.408807958783733,0.34475926771145693,1.7783794374134843,11.45037345458731,0.5664008340895399,2.00371463074801,11.609210558692698,0.68959627289308,1.9655811316728702,141.97304700689477,0.017553899437189102,175,0.9743747711181641,1.0,1.0,disabled,single,3,row_1,row_2,-0.19511698186397552,-0.5130902528762817,0.5683168800342999,0.41351999943929985,0.7591052531291554,0.3179732710123062,0.36995914657399165,0,132,0,disabled,0,0.0,50.0,alpha
1520,1.5854142904281616,-1.0386521816253662,-22.048845291137695,-0.32046324014663696,1.2008672952651978,0.00035077333450317383,93,0,36,0.009938151575624943,0.5376344086021506,0.3,120,129,wall,both,1,1,1,1,1,1,0.0,4,4,0,alpha,full,huber,12.081763687554721,3.0131507067963375,1.7686859365059897,11.034158292555261,2.4867944929262826,1.8672476979966102,10.932606472134415,2.521999080572022,1.902351880962689,199.53779604561893,0.009938151575624943,250,2.988545060157776,1.0,1.0,disabled,single,3,row_1,row_2,-0.32046324014663696,-2.9553985595703125,0.9328281452206917,0.06690580057634624,0.2479983559067961,2.6349353194236755,-0.25092894914075536,0,132,0,disabled,0,0.0,50.0,alpha
1524,2.1573917865753174,-1.9232807159423828,-28.07497215270996,-0.24470022320747375,1.0492525100708008,0.0034627318382263184,81,0,50,0.009211468510329723,0.5338078291814947,0.3,115,131,wall,both,1,1,1,1,1,1,0.0,2,2,0,alpha,full,huber,11.74398853967959,4.0755659020447546,1.8254418860470105,10.942861712625689,4.229498787674753,1.7919142958606555,10.6533988625036,4.201671341914146,1.8376327605921512,208.52342254173652,0.009211469441652298,250,3.1163949966430664,0.9626507561562493,1.0,disabled,single,3,row_1,row_2,-0.24470022320747375,-2.8039402961730957,0.9278507287693719,0.071781787957537,0.2614700849790446,2.559240072965622,-0.16981581145415597,0,132,0,disabled,0,0.0,50.0,alpha
1528,0.5331283807754517,-0.11744870990514755,-23.04583168029785,-0.389340877532959,1.323073387145996,0.009069323539733887,95,2,43,0.009971044957637787,0.5172413793103449,0.3,120,140,wall,both,1,1,1,1,1,1,0.0,4,4,0,alpha,full,huber,11.704319821394053,5.81302460314755,1.869286110752891,11.393582219463207,5.478742421147036,1.7143620595131495,10.882523254029671,5.355899557207382,1.7712563702345054,160.50463513411296,0.009971044957637787,250,1.2537817358970642,1.0,1.0,disabled,single,3,row_1,row_2,-0.389340877532959,-3.2342634201049805,0.9448646419343921,0.05493326795209987,0.21470216841130732,2.8449225425720215,-0.33262727973704,0,132,0,disabled,0,0.0,50.0,alpha
1532,2.307559013366699,-2.2003424167633057,-26.5091495513916,-0.2605249583721161,1.0826389789581299,0.003727555274963379,75,15,40,0.01069678459316492,0.5357142857142857,0.3,107,130,wall,both,1,1,1,1,1,1,0.0,2,2,0,alpha,full,huber,11.4670799820149,5.77395975782775,1.8208737401440347,11.363279128746683,6.102201867462201,1.743404459815191,11.050123282846204,6.087229052236024,1.7539325510041834,188.98806328094835,0.01069678459316492,250,2.816642999649048,1.0,1.0,disabled,single,3,row_1,row_2,-0.2605249583721161,-2.8392276763916016,0.9291637704007346,0.07049785557772806,0.25794248848513995,2.5787027180194855,-0.18705468942788,0,132,0,disabled,0,0.0,50.0,alpha
1536,1.154553771018982,-0.5508241653442383,-29.406944274902344,-0.16812032461166382,0.8650190830230713,0.02123647928237915,108,0,49,0.013012423180043697,0.4885993485342019,0.3,99,157,wall,both,1,1,1,1,1,1,0.0,3,3,0,alpha,full,huber,11.093594110047931,6.699684567354289,1.5280479845476833,11.10113869346673,6.9560043526286535,1.7545710028760542,10.984447244495609,7.013939056098042,1.7498566999580856,174.83987514294913,0.013012423180043697,250,1.5827119946479797,1.0,1.0,disabled,single,3,row_1,row_2,-0.16812032461166382,-2.514714002609253,0.9122038711923648,0.08729296104237996,0.3005079957770748,2.346593677997589,-0.07622855369593468,0,132,0,disabled,0,0.0,50.0,alpha
1540,1.3212639093399048,-0.7213794589042664,-33.870208740234375,-0.3184357285499573,1.1970562934875488,0.0009586811065673828,77,33,25,0.04073183983564377,0.5263157894736842,0.3,77,135,wall,both,1,1,1,1,1,1,0.0,1,1,0,alpha,full,huber,8.851202254024411,7.000586806166883,1.6829706112734506,10.861899400742121,7.212580078250781,1.7795046502305858,10.894252002970305,7.273046786905672,1.7625272523637037,118.09619997434899,0.04073184356093407,185,2.9049971103668213,1.0,1.0,disabled,single,3,row_2,row_1,-0.3184357285499573,-0.37181469798088074,0.4971132194814551,0.4712736091595435,0.8111955719553847,0.05337896943092346,0.3805017444816554,1,133,0,disabled,0,0.0,50.0,alpha
1544,1.682982325553894,-1.1704254150390625,0.0,-0.16836093366146088,0.8691664338111877,0.010879099369049072,0,0,0,0.012612172402441502,0.5,0.3,0,0,wall,both,1,1,1,1,1,1,0.0,0,0,0,alpha,full,huber,10.910223552923386,7.773255051847755,1.8947929276694326,10.826310548879892,8.208191206213481,1.7499219335495253,10.755397642405153,8.280934922203548,1.7538357966093745,136.7258183732229,0.01261217426508665,169,2.1979899406433105,1.0,1.0,disabled,single,3,row_1,row_2,-0.16836093366146088,-2.496347665786743,0.9107139521498056,0.0887871668925795,0.3039681755185313,2.3279867321252823,-0.07483450938369013,1,134,0,disabled,0,0.0,50.0,alpha
1548,1.34352707862854,-0.7458946704864502,0.0,-0.2278020828962326,0.8762892484664917,0.11834084987640381,0,0,0,0.0191755760461092,0.5,0.3,0,0,wall,both,1,1,1,1,1,1,0.0,0,0,0,alpha,full,huber,9.1047037820303,7.955993769362568,2.2385821942404878,10.426520560006436,8.511451283381184,1.821446977375155,10.552524303033728,8.603823750297305,1.7859770923137672,128.7079217870815,0.0191755760461092,180,3.0678296089172363,0.9778900338141087,1.0,disabled,single,3,row_1,row_2,-0.2228699028491974,-0.6135998964309692,0.5870086907714128,0.3971482479608856,0.7451234031260908,0.39072999358177185,0.30984575101169454,0,134,0,disabled,0,0.0,50.0,alpha
1552,0.40434977412223816,-0.06756146252155304,0.0,-0.2211313545703888,0.9975314140319824,0.0010985136032104492,0,0,0,0.01145532913506031,0.5,0.3,0,0,wall,both,1,1,1,1,1,1,0.0,0,0,0,alpha,full,huber,10.63664706097942,10.005775756457759,1.7223612526962997,10.387588038420692,9.310669211924111,1.8154431613577962,10.386905686833646,9.337685406041714,1.7987262729833162,132.58447150692953,0.011455326341092587,159,1.2165651321411133,1.0,1.0,disabled,single,3,row_1,row_2,-0.2211313545703888,-2.686873197555542,0.9213687728476134,0.07826640984854688,0.2777377383338194,2.465741842985153,-0.1392364365320501,0,134,0,disabled,0,0.0,50.0,alpha
1556,0.633918285369873,-0.16605471074581146,0.0,-0.04657306149601936,0.4577362835407257,0.001750349998474121,0,0,0,0.012879199348390102,0.5,0.3,0,0,wall,both,1,1,1,1,1,1,0.0,0,0,0,alpha,full,huber,10.218688062893783,9.186688420302504,1.8315048004887426,10.245523143934468,9.947046497306454,1.7733740819233916,10.224948537412512,10.035819707181535,1.7886493462046102,159.06243987981577,0.012879199348390102,196,1.2833036184310913,1.0,1.0,disabled,single,3,row_1,row_2,-0.04657306149601936,-1.9058539867401123,0.8641669252966289,0.13462390819532516,0.4042394352235685,1.859280925244093,0.09941626676808768,0,134,0,disabled,0,0.0,50.0,alpha
1560,0.6876630187034607,-0.19540514051914215,0.0,-0.29634615778923035,1.1547963619232178,0.0004087686538696289,0,0,0,0.005792278330773115,0.5,0.3,0,0,wall,both,1,1,1,1,1,1,0.0,0,0,0,alpha,full,huber,10.725364689417702,10.545132508252948,1.6468915452516102,10.321405119037992,10.235146404311468,1.7298921515325496,10.245893103978371,10.258734615417298,1.7750160042797756,223.57228837726456,0.0057922787964344025,250,1.3155426383018494,1.0,1.0,disabled,single,3,row_1,row_2,-0.29634615778923035,-2.949201822280884,0.9339575367294345,0.0657970700231677,0.24489753708598277,2.6528556644916534,-0.22802185211530693,0,134,0,disabled,0,0.0,50.0,alpha
1564,4.544910907745361,-7.549366474151611,0.0,-1.8351906538009644,2.0287463665008545,0.47490906715393066,0,0,0,0.009298835881054401,0.5,0.3,0,0,wall,both,1,1,1,1,1,1,0.0,0,0,0,alpha,full,huber,11.676784311816204,9.974882618023532,0.6575099810695839,10.471817852115676,10.493080591983897,1.6893200515142686,10.330511324662478,10.512765209296795,1.7538851917270009,217.34456605745797,0.009298835881054401,250,6.078679323196411,0.493528255151068,1.0,disabled,single,3,row_1,row_2,-1.8351906538009644,-5.516381740570068,0.9753950791334816,0.024573079427920284,0.11569979827979779,3.681191086769104,-1.8102779731092031,0,134,0,disabled,0,0.0,50.0,alpha
1568,1.678892731666565,-1.1647441387176514,0.0,-0.013400093652307987,0.23870399594306946,0.013446211814880371,0,0,0,0.015657976269721985,0.5,0.3,0,0,wall,both,1,1,1,1,1,1,0.0,0,0,0,alpha,full,huber,9.884456317257188,9.902857995762748,1.5113107944861017,10.353248605425074,10.676198469626577,1.748085015611443,10.308746633698952,10.77342376831622,1.7750839571802972,175.88170435239473,0.015657978132367134,250,2.4707738161087036,1.0,1.0,disabled,single,3,row_1,row_2,-0.013400093652307987,-1.6430033445358276,0.8346148218483436,0.16359061816428777,0.4583953200693184,1.6296032508835196,0.16738485810607817,0,134,0,disabled,0,0.0,50.0,alpha
1572,4.800694465637207,-8.183540344238281,0.0,-0.8272098302841187,1.7713364362716675,0.17843693494796753,0,0,0,0.009606190957129002,0.5,0.3,0,0,wall,both,1,1,1,1,1,1,0.0,0,0,0,alpha,full,huber,9.808455144772989,12.015989330162396,2.2821332726503343,10.22981250974486,11.313824498938843,1.8169985152014718,10.20613208312703,11.348422719683798,1.814585260865904,213.26453360587533,0.009606190957129002,250,5.60469126701355,0.5352658794350585,1.0,disabled,single,3,row_1,row_2,-0.8272098302841187,-2.733459234237671,0.8696832695377448,0.12926695483688144,0.39309526979784193,1.9062494039535522,-0.6875836386628159,0,134,0,disabled,0,0.0,50.0,alpha
1576,0.7015126943588257,-0.20335540175437927,-30.363094329833984,-0.3127115070819855,1.1800612211227417,0.028248965740203857,30,0,32,0.015430635772645473,0.7075471698113207,0.3,62,62,wall,both,1,1,1,1,1,1,0.0,1,1,0,alpha,full,huber,10.383381652479756,11.145083037270645,1.9137403649009128,10.158016952500194,11.29122760183625,1.8422388844454023,10.16173603152707,11.401592426958947,1.8303144018489856,166.57028547901362,0.015430636703968048,250,1.2827515602111816,1.0,1.0,disabled,single,3,row_1,row_2,-0.3127115070819855,-2.7029266357421875,0.9157018480676435,0.08388742233440212,0.2917399709917211,2.390215128660202,-0.22464704641357713,0,134,0,disabled,0,0.0,50.0,alpha
1580,1.640973448753357,-1.112724781036377,-50.0,-0.5107171535491943,1.4639476537704468,0.09188848733901978,12,0,81,0.013215666636824608,0.6172839506172839,0.3,93,93,wall,both,1,1,1,1,1,1,0.0,2,2,0,alpha,full,huber,8.976852194921111,11.5773397908005,2.107528861887273,10.015403353902437,11.401302137957067,1.9381884633876656,10.086765834291576,11.408241333395996,1.8844078084586542,179.43660786807982,0.013215666636824608,250,2.6538795232772827,1.0,1.0,disabled,single,3,row_1,row_2,-0.5107171535491943,-1.4403249025344849,0.7125558096712648,0.2812518382375796,0.6297370033979255,0.9296077489852905,-0.1718201130054573,0,134,0,disabled,0,0.0,50.0,alpha
1584,1.6756185293197632,-1.160205602645874,-35.52938461303711,-0.11709150671958923,0.4786463677883148,0.12733447551727295,46,0,51,0.032785214483737946,0.6072874493927126,0.3,97,97,wall,both,1,1,1,1,1,1,0.0,1,1,0,alpha,full,huber,9.80497164518937,10.69204115173467,1.165322588800648,9.903480657035642,11.153873523878872,1.9804487636669452,9.99489126483827,11.281772725201925,1.9324152730457227,130.3469725011975,0.032785214483737946,240,2.491873860359192,1.0,1.0,disabled,single,3,row_1,row_2,-0.11709150671958923,-1.8067717552185059,0.8428778383463179,0.15557715559260124,0.4435452016307748,1.6896802484989166,0.05384173775528639,0,134,0,disabled,0,0.0,50.0,alpha
1588,3.8925650119781494,-5.931979656219482,-44.39475631713867,-0.10215742141008377,0.4889165759086609,0.10960930585861206,20,0,88,0.015645219013094902,0.5813953488372093,0.3,108,108,wall,both,1,1,1,1,1,1,0.0,1,1,0,alpha,full,huber,9.812530424092019,10.69987613764692,1.2028907413450565,9.854777355601211,10.986732450675273,1.9346200323891678,9.924725758766233,11.134539569549183,1.933512488298967,116.91120887036358,0.01564522087574005,153,4.400724411010742,0.6817059465241476,1.0,disabled,single,3,row_1,row_2,-0.10215742141008377,-1.7988680601119995,0.8438136792852183,0.15465874930080561,0.4418801848946396,1.6967106387019157,0.06766614648771868,0,134,0,disabled,0,0.0,50.0,alpha
1592,0.9134658575057983,-0.3448016047477722,0.0,-0.5123254060745239,1.42729914188385,0.1208571195602417,0,0,0,0.019222384318709373,0.5,0.3,0,0,wall,both,1,1,1,1,1,1,0.0,0,0,0,alpha,full,huber,9.591104609238714,11.683316111205,2.1722200734034143,9.847318127823208,11.140136218565823,1.970804106744708,9.885423300401701,11.138915316516268,1.9521268091011974,90.76622330825326,0.019222386181354523,102,1.6643834710121155,1.0,1.0,disabled,single,3,row_1,row_2,-0.5123254060745239,-2.1282308101654053,0.8327255190448906,0.1654714504042698,0.4614994274778865,1.6159054040908813,-0.32927420600951585,0,134,0,disabled,0,0.0,50.0,alpha
