frame_idx,gps_dist,log_gps,log_semantic,log_corridor,corridor_dist,corridor_heading_misalign,correct_hits,incorrect_hits,no_hits,weight,gps_weight_used,corridor_weight_used,num_background_used,num_observations,semantic_model_used,semantic_classes_mode,gps_enabled,semantic_enabled,corridor_enabled,background_enabled,dynamic_gps_enabled,pose_smoothing_enabled,detection_drop_rate,detections_raw,detections_kept,detections_dropped,pose_backend_used,diagnostics_level,gnss_robust_mode,raw_best_x,raw_best_y,raw_best_theta,raw_weighted_x,raw_weighted_y,raw_weighted_theta,smoothed_x,smoothed_y,smoothed_theta,ess,max_weight,particle_count,gnss_innovation,gnss_robust_scale,gnss_row_gate_scale,gnss_row_gate_reason,row_likelihood_mode,row_mixture_top_k,row_hypothesis_id,row_hypothesis_second_id,row_hypothesis_score,row_hypothesis_second_score,row_hypothesis_prob,row_hypothesis_second_prob,row_hypothesis_entropy,row_hypothesis_gap,row_marginal_logscore,row_switch_event,row_switch_count,headland_flag,delayed_correction_status,delayed_correction_applied,delayed_correction_m,semantic_penalty_cap,smoother_status
0,0.23076899349689484,-0.022005921229720116,-47.42605972290039,-0.5016830563545227,1.4894177913665771,0.04620248079299927,17,0,110,0.03139350935816765,0.5415162454873647,0.3,116,127,wall,both,1,1,1,1,1,1,0.0,4,4,0,alpha,full,huber,10.762140057681728,11.196726263859743,7.653504870179697,10.762140057681728,11.196726263859743,7.653504870179697,10.762140057681728,11.196726263859743,7.653504870179697,47.728515991250234,0.03139350935816765,100,2.4400936365127563,1.0,1.0,disabled,single,3,row_1,row_2,-0.5016830563545227,-3.3193118572235107,0.9434536461575724,0.056368947636631646,0.21855675846635916,2.817628800868988,-0.4434750113053789,0,0,0,disabled,0,0.0,50.0,alpha
4,0.6455062031745911,-0.17218109965324402,-35.2518196105957,-2.16717267036438,2.7617812156677246,0.3401261568069458,88,0,73,0.025453750044107437,0.48231511254019294,0.3,120,161,wall,both,1,1,1,1,1,1,0.0,3,3,0,alpha,full,huber,12.732151311598294,8.337238442160135,-0.5442945975244413,12.732151311598294,8.337238442160135,-0.5442945975244413,12.112255841722876,10.936021482582285,0.487213542014608,116.58396300325423,0.025453750044107437,250,4.11039137840271,0.7298575059696126,1.0,disabled,single,3,row_1,row_2,-2.156158685684204,-6.535043716430664,0.9876078544132663,0.01238394257399469,0.06679339253628684,4.37888503074646,-2.143689117172315,0,0,1,disabled,0,0.0,50.0,alpha
8,1.3332161903381348,-0.7344898581504822,-23.827978134155273,-0.28926998376846313,1.1407692432403564,0.004430294036865234,114,0,27,0.02004612796008587,0.5154639175257733,0.3,120,141,wall,both,1,1,1,1,1,1,0.0,3,3,0,alpha,full,huber,11.396132205775196,6.560140022030691,-1.3129230605275437,11.66435868109485,6.979320311964943,-1.2836638374680138,12.483330458552608,9.086952713787745,-0.39133951554296953,135.34399464932594,0.02004612796008587,250,3.3648728132247925,0.8915641590402018,1.0,disabled,single,3,row_1,row_2,-0.28926998376846313,-2.939908742904663,0.9337861282165281,0.06593099521872123,0.24555896678994577,2.6506387591362,-0.22076213201527345,0,0,0,disabled,0,0.0,50.0,alpha
12,0.6562988758087158,-0.17798687517642975,-19.569181442260742,-0.354061096906662,1.2622413635253906,0.0010865330696105957,98,0,28,0.010919404216110706,0.5434782608695653,0.3,115,126,wall,both,1,1,1,1,1,1,0.0,3,3,0,alpha,full,huber,11.695220610311614,5.582750995615361,-1.3490402376383268,11.555788846565124,5.658732841844669,-1.391939822481623,12.338103449015804,7.050857538179334,-0.8907757578484445,159.17710571930448,0.010919404216110706,250,1.6912820935249329,1.0,1.0,disabled,single,3,row_1,row_2,-0.354061096906662,-3.114457607269287,0.9402874272015596,0.0594888614068636,0.22764907707620247,2.760396510362625,-0.2924914200680294,0,0,0,disabled,0,0.0,50.0,alpha
16,1.2492846250534058,-0.6449223756790161,-24.74403190612793,-0.3363315463066101,1.2301256656646729,0.0039244890213012695,101,10,24,0.01696336269378662,0.5263157894736842,0.3,120,135,wall,both,1,1,1,1,1,1,0.0,6,6,0,alpha,full,huber,11.92474448265985,4.0917830078968445,-1.3107705889902448,11.692792195116791,4.911335454651778,-1.401918007837254,12.093157292887856,5.738129716212285,-1.1457839279363555,158.01930132758253,0.01696336269378662,250,2.5974066257476807,1.0,1.0,disabled,single,3,row_1,row_2,-0.3363315463066101,-3.0950987339019775,0.9401719117011208,0.05957854676920939,0.2281106485938703,2.7587671875953674,-0.27463901065556506,0,0,0,disabled,0,0.0,50.0,alpha
20,2.073788642883301,-1.7771071195602417,-21.31096839904785,-0.43275249004364014,1.3954877853393555,7.927417755126953e-06,98,6,26,0.016208559274673462,0.5357142857142857,0.3,104,130,wall,both,1,1,1,1,1,1,0.0,3,3,0,alpha,full,huber,12.192181063761232,3.516308450686565,-1.395405288571241,11.976818549241708,3.818654788778252,-1.3968202730344186,12.16207990876352,4.38876078305673,-1.2694591751597333,148.46803306310684,0.016208559274673462,250,3.1643576622009277,0.9480597076101028,1.0,disabled,single,3,row_1,row_2,-0.43275249004364014,-3.320770502090454,0.9470851166210065,0.05273982999028645,0.20818465677030498,2.888018012046814,-0.37838618048420564,0,0,0,disabled,0,0.0,50.0,alpha
24,2.0890374183654785,-1.803337812423706,-20.492982864379883,-0.42036008834838867,1.3753618001937866,0.00014829635620117188,90,1,33,0.01697480119764805,0.5474452554744526,0.3,91,124,wall,both,1,1,1,1,1,1,0.0,4,4,0,alpha,full,huber,12.449799844796312,1.9735922468766645,-1.3707740992628623,12.171677326928036,2.7678737761157572,-1.366788373155789,12.266973640889248,3.1767628769028278,-1.311534591044509,184.41181539903917,0.01697480119764805,250,3.220285415649414,0.9315944435922023,1.0,disabled,single,3,row_1,row_2,-0.42036008834838867,-3.2723498344421387,0.9452431810337125,0.05456826478476634,0.21354762798985788,2.85198974609375,-0.36404703818237893,0,0,0,disabled,0,0.0,50.0,alpha
28,3.068002939224243,-3.887610912322998,-21.633577346801758,-0.47266530990600586,1.4584057331085205,0.0015938282012939453,114,8,32,0.014707101508975029,0.49342105263157904,0.3,120,154,wall,both,1,1,1,1,1,1,0.0,5,5,0,alpha,full,huber,12.676377040705393,1.2287079543554307,-1.3203497369883623,12.39447959628003,1.6866688920086836,-1.3596929785606748,12.42703214963929,2.018147615260297,-1.3321929889596216,171.08863831460863,0.014707101508975029,250,3.8623775243759155,0.7767236581785829,1.0,disabled,single,3,row_1,row_2,-0.47266530990600586,-3.4170494079589844,0.94984977833957,0.04999483729386824,0.20001010421284504,2.9443840980529785,-0.4212138749512844,0,0,0,disabled,0,0.0,50.0,alpha
32,3.1534478664398193,-4.099457263946533,-28.8411808013916,-0.34077388048171997,1.238094449043274,0.005736887454986572,100,0,49,0.013080730102956295,0.5016722408026756,0.3,120,149,wall,both,1,1,1,1,1,1,0.0,5,5,0,alpha,full,huber,12.65360861136052,0.20928566624646627,-1.4257400067236343,12.597102392364672,0.8263611163629991,-1.3423400338715894,12.586048884157938,1.0934702771900822,-1.3332396730503955,175.05417944017918,0.01308073103427887,250,4.00016176700592,0.7499696699129917,1.0,disabled,single,3,row_1,row_2,-0.34077388048171997,-3.0210232734680176,0.9356334198630326,0.06413398183807759,0.24035707876920406,2.6802493929862976,-0.2742423558185893,0,0,0,disabled,0,0.0,50.0,alpha
36,3.0708847045898438,-3.8947556018829346,-40.0665283203125,-1.5969979763031006,2.624173641204834,0.12784522771835327,41,0,64,0.013874064199626446,0.5882352941176471,0.3,96,105,wall,both,1,1,1,1,1,1,0.0,4,4,0,alpha,full,huber,14.270324559017688,-0.8080994393600808,-0.977778036766165,12.974176650050802,-0.2486797439376168,-1.2579635611889066,12.898855102426335,-0.054973380357814336,-1.2829754338645645,178.56075916413127,0.013874064199626446,250,4.5635986328125,0.657375952922295,1.0,disabled,single,3,row_1,row_2,-1.5540231466293335,-5.816956043243408,0.9861044370167699,0.013885281195146768,0.07330297594099251,4.262932896614075,-1.54003013653602,0,0,1,disabled,0,0.0,50.0,alpha
40,1.3219932317733765,-0.7221760749816895,-32.40240478515625,-1.8344075679779053,2.669984817504883,0.24759900569915771,37,0,41,0.009184706956148148,0.6578947368421053,0.3,78,78,wall,both,1,1,1,1,1,1,0.0,2,2,0,alpha,full,huber,14.321286066273803,-0.8690351539854114,-0.7698880591245967,13.523664828345714,-0.6388143085578801,-1.098007393173554,13.300900280222928,-0.573355172456491,-1.1872591723573584,195.87137154592872,0.009184706956148148,250,2.588781952857971,1.0,1.0,disabled,single,3,row_1,row_2,-1.6894930601119995,-6.024637222290039,0.9870603577559964,0.012930476289764337,0.06918577329999472,4.3351441621780396,-1.6764689714352292,0,0,1,disabled,0,0.0,50.0,alpha
44,1.9859074354171753,-1.62968111038208,-25.8315486907959,-2.7745823860168457,3.0314319133758545,0.4236167073249817,54,0,22,0.010736452415585518,0.663716814159292,0.3,61,76,wall,both,1,1,1,1,1,1,0.0,4,4,0,alpha,full,huber,14.770998399940822,-1.35348225203445,-0.404404904440284,14.056135521406485,-0.9644212257646033,-0.9664311340615178,13.775952921885118,-0.9363232969798578,-1.0748885112210367,190.0901158441785,0.010736452415585518,250,3.3434150218963623,0.8972861521386658,1.0,disabled,single,3,row_1,row_2,-2.7745823860168457,-7.649830341339111,0.9924207055033898,0.007575347010764136,0.04458894462372025,4.875247955322266,-2.766974222705027,0,0,1,disabled,0,0.0,50.0,alpha
48,1.5035995244979858,-0.9342196583747864,-31.945667266845703,-3.3729493618011475,3.1903512477874756,0.5217456221580505,50,0,44,0.00743554811924696,0.6147540983606558,0.3,79,94,wall,both,1,1,1,1,1,1,0.0,3,3,0,alpha,full,huber,14.993349753685909,-1.6345079419953294,-0.28877517627719884,14.307061700832127,-1.2803584536704646,-0.9248328616620735,14.137290577300005,-1.2535051484020578,-0.9980874253491203,225.51514887942275,0.00743554811924696,250,2.580527424812317,1.0,1.0,disabled,single,3,row_1,row_2,-3.3729493618011475,-8.490842819213867,0.9940444487018221,0.005952959347558229,0.03647329305253814,5.11789345741272,-3.3669760054796543,0,0,1,disabled,0,0.0,50.0,alpha
52,3.0337002277374268,-3.802562713623047,-37.43131637573242,-4.119962692260742,3.4769339561462402,0.5926281809806824,53,0,58,0.006705133244395256,0.5747126436781609,0.3,96,111,wall,both,1,1,1,1,1,1,0.0,3,3,0,alpha,full,huber,15.340777859021262,-1.8899406508252778,-0.20968348116222657,14.71905952141564,-1.6687899530868746,-0.8384886242829036,14.56425108122761,-1.647836226944691,-0.9161819765347423,229.76588980982254,0.006705133244395256,250,3.7216620445251465,0.8060914623919796,1.0,disabled,single,3,row_1,row_2,-4.119962692260742,-9.559206008911133,0.9956747280154258,0.004323984474797433,0.027871313343932624,5.439243316650391,-4.115628039227133,0,0,1,disabled,0,0.0,50.0,alpha
56,2.327204465866089,-2.2379672527313232,-48.167015075683594,-5.096938133239746,4.162555694580078,0.5526282787322998,26,0,60,0.007876059040427208,0.6355932203389831,0.3,71,86,wall,both,1,1,1,1,1,1,0.0,3,3,0,alpha,full,huber,16.1292149465066,-2.3882343216358475,-0.2911464183204906,15.267661005860651,-1.920168770631777,-0.7179313151972506,15.022105524968605,-1.8900985491885254,-0.8158035065169162,204.7255700861879,0.007876059040427208,250,3.4025068283081055,0.8817028595036643,1.0,disabled,single,3,row_1,row_2,-4.99087381362915,-11.125273704528809,0.9978373744665374,0.002162338815146406,0.015433937097242629,6.134399890899658,-4.988708846244115,0,0,1,disabled,0,0.0,50.0,alpha
60,1.3923848867416382,-0.801130473613739,-40.43575668334961,-3.267143726348877,3.488384962081909,0.37138253450393677,34,0,71,0.014587193727493286,0.5882352941176471,0.3,105,105,wall,both,1,1,1,1,1,1,0.0,1,1,0,alpha,full,huber,15.571861496347672,-3.116349808473732,-0.5070962796764662,15.716994592701155,-2.323896317339816,-0.6508171472379786,15.52400141247007,-2.255904342952593,-0.7362382715017599,187.73010605852318,0.01458719465881586,250,2.034031629562378,1.0,1.0,disabled,single,3,row_1,row_2,-3.266204595565796,-8.53888988494873,0.9948950031785561,0.0051036293187272175,0.03204636080332482,5.272685289382935,-3.261086523730494,0,0,1,disabled,0,0.0,50.0,alpha
64,0.2419629544019699,-0.02419259212911129,-40.061344146728516,-5.939513206481934,4.132221221923828,0.7249331474304199,36,0,67,0.012505934573709965,0.5928853754940712,0.3,98,103,wall,both,1,1,1,1,1,1,0.0,2,2,0,alpha,full,huber,16.153159987175474,-2.702070219645982,-0.10598134994862152,16.105437943890088,-2.5571204051689476,-0.5794726021362919,15.981420623787603,-2.5462947643217997,-0.666440455744957,183.06215387605997,0.012505934573709965,250,0.6599874496459961,1.0,1.0,disabled,single,3,row_1,row_2,-5.8518853187561035,-11.893080711364746,0.9976266317112705,0.0023730681528941,0.016716864616239637,6.041195392608643,-5.849509129564613,0,0,1,disabled,0,0.0,50.0,alpha
68,0.10498076677322388,-0.004554116167128086,-49.58036804199219,-3.788007974624634,4.116494655609131,0.07397341728210449,26,0,80,0.016279542818665504,0.5859375,0.3,93,106,wall,both,1,1,1,1,1,1,0.0,2,2,0,alpha,full,huber,16.326528350683695,-3.7510060762118678,-0.9945348733241608,16.534265763050527,-3.5756110932246745,-0.9486632863899811,16.664925911393873,-3.4108398236645097,-0.8016067735742332,93.24491411770305,0.016279542818665504,250,1.0293235778808594,1.0,1.0,disabled,single,3,row_1,row_2,-3.788007974624634,-9.769854545593262,0.9974818563589108,0.0025178047439578023,0.01758748905743655,5.981846570968628,-3.7854866551272175,0,0,1,disabled,0,0.0,50.0,alpha
72,1.3344025611877441,-0.735797643661499,-49.945926666259766,-4.760624408721924,4.512148380279541,0.24060791730880737,38,0,92,0.02939671464264393,0.5357142857142857,0.3,117,130,wall,both,1,1,1,1,1,1,0.0,1,1,0,alpha,full,huber,16.64013368258112,-3.2829270787153075,-0.6897003021361852,16.654117396002878,-3.686686190331608,-0.7215617859348875,16.810289742946914,-3.718850098811194,-0.7607078556463573,80.35573909502466,0.02939671464264393,250,2.0033228397369385,1.0,1.0,disabled,single,3,row_1,row_2,-4.740950584411621,-11.16650676727295,0.9983828489598606,0.0016170130257725699,0.012010847921706124,6.425556182861328,-4.739332124371314,0,0,1,disabled,0,0.0,50.0,alpha
76,3.002288818359375,-3.7246830463409424,-49.40599060058594,-3.09306001663208,3.5277438163757324,0.2832663655281067,24,1,95,0.06174173951148987,0.5555555555555556,0.3,105,120,wall,both,1,1,1,1,1,1,0.0,2,2,0,alpha,full,huber,15.808524078043991,-4.176302921703936,-2.153273991929326,16.546912523603073,-4.201965289989637,-0.949522646048031,16.856448222284133,-4.166372372222035,-0.8558609949112213,97.38813539136314,0.06174173951148987,250,3.5152393579483032,0.8534269489264519,1.0,disabled,single,3,row_1,row_2,-3.09306001663208,-8.427268028259277,0.9951981789647907,0.0048005662539922795,0.03043765040334414,5.334208011627197,-3.0882466298148468,0,0,1,disabled,0,0.0,50.0,alpha
80,1.0141090154647827,-0.4249657690525055,-49.45001983642578,-5.184826374053955,4.829719543457031,0.01734626293182373,18,0,115,0.02514665387570858,0.5300353356890459,0.3,120,133,wall,both,1,1,1,1,1,1,0.0,1,1,0,alpha,full,huber,17.078865245272116,-3.8875686263111744,-1.568114234926501,16.879153996416925,-4.392720099353681,-1.1163672113829195,17.022987626608078,-4.468311985770392,-0.991323748817948,104.192168385435,0.02514665387570858,250,1.5588878989219666,1.0,1.0,disabled,single,3,row_1,row_2,-5.184826374053955,-11.955888748168945,0.9988547674767853,0.0011451630356273958,0.008901004365820475,6.77106237411499,-5.183680485250864,0,0,1,disabled,0,0.0,50.0,alpha
84,1.4417579174041748,-0.8589528799057007,-45.05512619018555,-2.153327703475952,2.830277442932129,0.3023899793624878,22,5,105,0.014110824093222618,0.5319148936170213,0.3,120,132,wall,both,1,1,1,1,1,1,0.0,2,2,0,alpha,full,huber,15.19689718711538,-4.690728973873554,-2.180325059536721,16.490554619585488,-4.881783118623231,-1.5200659726782946,16.834460827284527,-4.855117472807773,-1.2557617750589778,123.01241560765591,0.014110825024545193,250,1.948575496673584,1.0,1.0,disabled,single,3,row_1,row_2,-2.153327703475952,-6.704839706420898,0.9895529302828734,0.01044100928526257,0.05809714724580589,4.551512002944946,-2.142825680054123,0,0,1,disabled,0,0.0,50.0,alpha
88,1.5860202312469482,-1.0394463539123535,0.0,-0.9913682341575623,2.0480122566223145,0.12052363157272339,0,0,0,0.0189240500330925,0.5,0.3,0,0,wall,both,1,1,1,1,1,1,0.0,0,0,0,alpha,full,huber,14.547899745928477,-5.41875502101591,-1.8529998314961125,15.467345895984327,-5.596672760006191,-1.871189767748805,16.18149533672846,-5.566598124712748,-1.5563023435416454,104.06510017209754,0.0189240500330925,250,3.4275399446487427,0.8752633225132093,1.0,disabled,single,3,row_1,row_2,-0.9913682341575623,-4.646140098571777,0.9747502942763657,0.025214253894626882,0.11808867508361018,3.654771864414215,-0.96579428493741,0,0,0,disabled,0,0.0,50.0,alpha
92,3.092656373977661,-3.948734998703003,0.0,-1.0123794078826904,1.493517518043518,0.35579413175582886,0,0,0,0.011639496311545372,0.5,0.3,0,0,wall,both,1,1,1,1,1,1,0.0,0,0,0,alpha,full,huber,13.101874248920478,-7.7652808666797455,-2.2277763550196674,13.809140797542124,-8.20305791379062,-2.0735569173336486,14.89754801158109,-8.454917574797857,-1.848001442791773,161.8812942419695,0.011639496311545372,224,3.51518714427948,0.8534396255067439,1.0,disabled,single,3,row_1,row_2,-1.0123794078826904,-2.6416730880737305,0.8345024279541667,0.16361923201743106,0.4589546079554483,1.62929368019104,-0.8314597814699503,0,0,0,disabled,0,0.0,50.0,alpha
96,1.2367076873779297,-0.6320024132728577,0.0,-0.9844205379486084,1.9365296363830566,0.1923755407333374,0,0,0,0.009396211244165897,0.5,0.3,0,0,wall,both,1,1,1,1,1,1,0.0,0,0,0,alpha,full,huber,12.141703424074459,-8.208965505152975,-1.987647852496873,12.792101749285777,-8.678195106836876,-2.413066089176386,13.633008470792497,-8.952175674585138,-2.246308268825297,188.51260109022144,0.009396212175488472,250,1.8272411823272705,1.0,1.0,disabled,single,3,row_1,row_2,-0.9844205379486084,-1.468578815460205,0.6104745771303354,0.37618399513830886,0.7266603397815512,0.4841582775115967,-0.4909019089479959,0,0,0,disabled,0,0.0,50.0,alpha
100,1.6935420036315918,-1.1851588487625122,0.0,-2.5942294597625732,2.7117629051208496,0.4849952459335327,0,0,0,0.012512905523180962,0.5,0.3,0,0,wall,both,1,1,1,1,1,1,0.0,0,0,0,alpha,full,huber,12.75808030855019,-9.050698990842548,-2.386747363944821,12.409654874931828,-8.963326054010501,-2.4469613692096996,12.816797565525427,-9.137233443171421,-2.3692262401514776,190.54280310833863,0.012512905523180962,250,2.2807533740997314,1.0,1.0,disabled,single,3,row_1,row_2,-2.5942294597625732,-3.6220662593841553,0.7322336231111481,0.2619785999056124,0.6089417784730335,1.027836799621582,-2.2825738010775716,0,0,1,disabled,0,0.0,50.0,alpha
104,2.1362109184265137,-1.885701298713684,-48.8398551940918,-3.0025410652160645,3.646883249282837,0.1073530912399292,3,0,117,0.02284613624215126,0.5555555555555556,0.3,120,120,wall,both,1,1,1,1,1,1,0.0,3,3,0,alpha,full,huber,12.140568622061586,-9.951779528051269,2.252241145355738,11.350417900718742,-9.531819768206693,2.377556108290284,11.597986446737792,-9.755949829463962,2.4458686090595494,125.06038339383404,0.02284613624215126,250,2.8448070287704468,1.0,1.0,disabled,single,3,row_1,row_2,-3.0025410652160645,-3.14593243598938,0.5241885189177781,0.4541647500438557,0.7800152620090339,0.14339137077331543,-2.3566371747807047,0,0,1,disabled,0,0.0,50.0,alpha
108,2.0020105838775635,-1.6562174558639526,-48.84004592895508,-2.4597432613372803,3.326951026916504,0.0036237239837646484,4,0,120,0.016692698001861572,0.5474452554744526,0.3,120,124,wall,both,1,1,1,1,1,1,0.0,4,4,0,alpha,full,huber,12.107936770666402,-9.62308860102043,1.869786351978358,10.85242527024852,-8.882321213957448,1.7337830577484608,11.034047962544943,-9.14696365187333,1.8361421201332604,130.5839407051998,0.016692698001861572,250,2.8835960626602173,1.0,1.0,disabled,single,3,row_1,row_2,-2.4597432613372803,-2.632993459701538,0.5318027340063743,0.44720737869675303,0.7768056085722056,0.1732501983642578,-1.8282606021932963,0,0,1,disabled,0,0.0,50.0,alpha
112,1.8193902969360352,-1.367843508720398,-40.243282318115234,-1.836164951324463,0.5328545570373535,0.6590916514396667,43,1,87,0.025794852524995804,0.5338078291814947,0.3,120,131,wall,both,1,1,1,1,1,1,0.0,13,13,0,alpha,full,huber,10.709718797273272,-6.905099497306907,0.5728887402940854,10.67907385757754,-7.770497749431692,0.6652280553418001,10.75695704279049,-8.088696725027626,0.8678694449907898,126.14846635495742,0.025794852524995804,250,2.3240374326705933,1.0,1.0,disabled,single,3,row_2,row_1,-1.836164951324463,-2.6265194416046143,0.622575134756027,0.282452340222967,0.8757030589428623,0.7903544902801514,-1.3622739918009783,1,1,0,disabled,0,0.0,50.0,alpha
116,1.735554575920105,-1.24468994140625,-41.52450942993164,-3.937267780303955,1.0971931219100952,0.9482028484344482,51,6,102,0.00894761923700571,0.4854368932038835,0.3,120,159,wall,both,1,1,1,1,1,1,0.0,13,13,0,alpha,full,huber,11.215715531644982,-7.167534216047553,0.27682616355809486,11.27133033210114,-7.043201632681286,0.37379329504513087,11.266626443681755,-7.246044316987769,0.5370509676909148,182.29292036401677,0.00894761923700571,250,1.84772390127182,1.0,1.0,disabled,single,3,row_2,row_1,-3.937267780303955,-4.194421768188477,0.5346915546535593,0.4134497813785361,0.8533804686089863,0.2571539878845215,-3.3112025486007295,0,1,0,disabled,0,0.0,50.0,alpha
120,0.3818572461605072,-0.060254115611314774,-46.22201919555664,-1.1831380128860474,0.784166157245636,0.5063496828079224,35,15,116,0.008664984256029129,0.4746835443037975,0.3,120,166,wall,both,1,1,1,1,1,1,0.0,10,10,0,alpha,full,huber,12.008391579967379,-6.788363880142227,0.7301141769158965,11.719157623035997,-6.768317216032317,0.280681177191156,11.718513883546851,-6.862425327361063,0.36962735783252665,208.6095972681092,0.008664984256029129,250,0.8562580049037933,1.0,1.0,disabled,single,3,row_1,row_2,-1.1831380128860474,-1.8165199756622314,0.6457163129064087,0.3427421106727571,0.700929657546747,0.6333819627761841,-0.7457429971267735,1,2,0,disabled,0,0.0,50.0,alpha
124,0.27646419405937195,-0.03158365935087204,-41.5527458190918,-0.6395521759986877,0.8400174975395203,0.3439079523086548,60,2,65,0.02978402003645897,0.5415162454873647,0.3,120,127,wall,both,1,1,1,1,1,1,0.0,7,7,0,alpha,full,huber,11.644775639459393,-5.656083646270438,0.9048401535827697,12.048599745833243,-6.345809458341106,0.3658689722507021,12.146008999275608,-6.48299789564534,0.3477836405604462,135.26529772374218,0.02978402003645897,250,1.1435354351997375,1.0,1.0,disabled,single,3,row_1,row_2,-0.6395521759986877,-1.112433910369873,0.6075015733510631,0.3785972710395441,0.7299422340213934,0.4728817343711853,-0.14115166210619362,0,2,0,disabled,0,0.0,50.0,alpha
128,0.08934653550386429,-0.003298679133877158,-34.978416442871094,-0.5753050446510315,0.35832634568214417,0.3660043478012085,65,0,59,0.030558252707123756,0.5474452554744526,0.3,119,124,wall,both,1,1,1,1,1,1,0.0,7,7,0,alpha,full,huber,12.289472151649232,-6.358155089088847,-0.47287715196831925,12.328226528330067,-6.326803669259624,0.2056074603666115,12.411484692961054,-6.337182638423874,0.2731995355944097,150.76757176843006,0.030558254569768906,250,0.5387249886989594,1.0,1.0,disabled,single,3,row_1,row_2,-0.5753050446510315,-1.5303056240081787,0.7182007705295582,0.2763722186088144,0.6214546585701197,0.9550005793571472,-0.24429892032239864,0,2,0,disabled,0,0.0,50.0,alpha
132,0.7068047523498535,-0.20643511414527893,-39.772117614746094,-1.121870756149292,0.14349885284900665,0.5231990218162537,97,1,38,0.02797129936516285,0.5244755244755245,0.3,120,136,wall,both,1,1,1,1,1,1,0.0,10,10,0,alpha,full,huber,12.085707877203385,-4.255348004581027,0.6862230695482765,12.567055534920302,-6.00208199665607,0.24856758523527347,12.694699020507947,-6.097494506011271,0.25689465055931926,143.11860574838084,0.02797129936516285,250,2.5650265216827393,1.0,1.0,disabled,single,3,row_1,row_2,-1.0637245178222656,-2.3598785400390625,0.7821605132976984,0.21398500815920615,0.5435309956169785,1.2961540222167969,-0.8180292182939752,0,2,0,disabled,0,0.0,50.0,alpha
136,1.0823308229446411,-0.4840661287307739,-38.2009162902832,-0.6572964191436768,0.5507786870002747,0.380159854888916,80,0,67,0.02379053458571434,0.5050505050505051,0.3,120,147,wall,both,1,1,1,1,1,1,0.0,8,8,0,alpha,full,huber,12.836734819464729,-4.485807206201078,0.8577504153516848,12.79049714507472,-5.593883381652768,0.47067921779471844,12.916577559412858,-5.776062428154531,0.3612138643550762,136.6495257629086,0.02379053458571434,250,1.8249637484550476,1.0,1.0,disabled,single,3,row_1,row_2,-0.6572964191436768,-2.6878232955932617,0.8831787522788805,0.1159316439507947,0.3657686970824952,2.030526876449585,-0.5330687577397273,0,2,0,disabled,0,0.0,50.0,alpha
140,2.0639708042144775,-1.7603204250335693,-39.05083465576172,-0.08209217339754105,0.31743288040161133,0.12094032764434814,74,9,60,0.014031236991286278,0.5119453924914675,0.3,108,143,wall,both,1,1,1,1,1,1,0.0,13,13,0,alpha,full,huber,12.03360593333646,-4.908045950643895,1.2630975678553886,13.067042252171829,-5.571412006692705,0.5092117303988547,13.192893169345663,-5.590379782831805,0.4729106560334815,191.9843840900092,0.014031236991286278,250,2.3249083757400513,1.0,1.0,disabled,single,3,row_1,row_2,-0.08209217339754105,-1.1266908645629883,0.7358748617014854,0.2589050489844639,0.6029789247115339,1.0445986911654472,0.22460302617369737,0,2,0,disabled,0,0.0,50.0,alpha
144,1.5169181823730469,-0.950843334197998,-36.885257720947266,-0.04735775291919708,0.44754061102867126,0.026416480541229248,67,8,61,0.027255363762378693,0.5244755244755245,0.3,94,136,wall,both,1,1,1,1,1,1,0.0,11,11,0,alpha,full,huber,11.787774846710631,-4.316100441881875,1.5296446470927716,12.896765580031119,-4.860209649351369,0.9416751960561182,13.211423266242864,-5.095975840905089,0.7158829475142392,143.74175548138717,0.027255363762378693,250,3.2028534412384033,0.9366647756570564,1.0,disabled,single,3,row_1,row_2,-0.04735775291919708,-0.9483404755592346,0.7064387386318314,0.28693444202276464,0.6369831251187791,0.9009827226400375,0.3001610387640357,0,2,0,disabled,0,0.0,50.0,alpha
148,0.3506526052951813,-0.05080878362059593,-35.00070571899414,-0.10510850697755814,0.6851321458816528,0.013965368270874023,143,23,15,0.024731501936912537,0.4531722054380664,0.3,120,181,wall,both,1,1,1,1,1,1,0.0,8,8,0,alpha,full,huber,11.385768350230997,-3.4054840187767805,1.9107942533689286,12.500259241614703,-3.6140593679597286,1.4436922982055087,13.124201231487799,-4.016570715936672,1.1068714003015172,143.20397199532852,0.024731501936912537,250,1.412907600402832,1.0,1.0,disabled,single,3,row_1,row_2,-0.10510850697755814,-0.751663863658905,0.6492831035146541,0.34012509617848385,0.6953897572140654,0.6465553566813469,0.32677793544592887,0,2,0,disabled,0,0.0,50.0,alpha
152,1.008726954460144,-0.42046698927879333,-30.580097198486328,-0.21692033112049103,0.98799729347229,0.00038999319076538086,122,23,32,0.018020041286945343,0.4587155963302753,0.3,120,177,wall,both,1,1,1,1,1,1,0.0,7,7,0,alpha,full,huber,10.905933851795975,-2.5014789230201946,1.8086158981735707,11.700550263538142,-2.5894715031388205,1.7160592267400534,12.538531253686521,-2.837263514556519,1.3868095786090828,143.57125290044561,0.018020041286945343,250,1.4493006467819214,1.0,1.0,disabled,single,3,row_1,row_2,-0.21692033112049103,-0.5196366310119629,0.5643362617518665,0.41693652113818286,0.7620972429568657,0.30271629989147186,0.3551846652455245,0,2,0,disabled,0,0.0,50.0,alpha
156,1.1567585468292236,-0.5529298782348633,-24.67818832397461,-0.10879654437303543,0.6983145475387573,0.010280609130859375,119,7,14,0.010816642083227634,0.5172413793103449,0.3,120,140,wall,both,1,1,1,1,1,1,0.0,5,5,0,alpha,full,huber,11.03628837522071,-1.7230457663313925,1.9242020595213036,11.441580937448272,-1.4720573458637929,1.7547164673605793,12.036888709425245,-1.5400009697466486,1.5814577805939907,150.82394709933857,0.010816642083227634,180,1.439673662185669,1.0,1.0,disabled,single,3,row_1,row_2,-0.10879654437303543,-0.7137264013290405,0.6392632880011739,0.34910982023373793,0.7052147374354462,0.6049298569560051,0.338642333792412,0,2,0,disabled,0,0.0,50.0,alpha
160,0.03775685653090477,-0.0005890827742405236,-16.14108657836914,-0.15339729189872742,0.8299707174301147,0.00884336233139038,128,1,13,0.012162883765995502,0.5136986301369862,0.3,120,142,wall,both,1,1,1,1,1,1,0.0,11,11,0,alpha,full,huber,10.545124957045173,0.20624215483296382,1.8978656518681554,10.587350382048996,0.09260581131565016,1.8943941365127188,11.23187421818441,0.08654979385219812,1.7551036283677615,145.08401219787402,0.012162884697318077,235,0.9759297370910645,1.0,1.0,disabled,single,3,row_1,row_2,-0.15339729189872742,-0.5863109827041626,0.5974973776491407,0.3875466404952781,0.7379318858095407,0.4329136908054352,0.36160809215910594,0,2,0,disabled,0,0.0,50.0,alpha
164,0.11819963157176971,-0.0057732039131224155,-16.597522735595703,-0.2517830431461334,1.0644140243530273,0.0015895366668701172,123,15,18,0.010972036980092525,0.49019607843137253,0.3,120,156,wall,both,1,1,1,1,1,1,0.0,12,12,0,alpha,full,huber,10.105699072397009,1.2324243528356758,1.8099864795162137,10.217927524051772,1.0800145719869132,1.8822497826822624,10.596804514285672,1.0481350513371057,1.8255461341094126,162.85392258882138,0.010972036980092525,240,0.5388598442077637,1.0,1.0,disabled,single,3,row_1,row_2,-0.2517830431461334,-0.43864431977272034,0.5338041763272088,0.4428219560058571,0.7835955456588857,0.18686127662658691,0.37594317512846565,0,2,0,disabled,0,0.0,50.0,alpha
168,1.1029103994369507,-0.5026493072509766,-29.85668182373047,-0.27424874901771545,1.1066776514053345,0.022603213787078857,107,34,32,0.017545973882079124,0.46439628482972134,0.3,120,173,wall,both,1,1,1,1,1,1,0.0,11,11,0,alpha,full,huber,9.778210068464391,1.3889882526065516,1.9445335673424022,9.817972048744958,1.7868498835223527,1.9028791286063262,10.076341277216674,1.8081251926517696,1.8610168856469196,90.9247159968308,0.017545973882079124,112,1.5837939977645874,1.0,1.0,disabled,single,3,row_2,row_1,-0.27424874901771545,-0.41115397214889526,0.5141910561914387,0.4484017876459078,0.824583088592791,0.1369052231311798,0.3909116289217123,1,3,0,disabled,0,0.0,50.0,alpha
172,1.433439016342163,-0.8490691781044006,-35.026939392089844,-0.23405878245830536,0.3012707233428955,0.22891658544540405,93,34,18,0.022456178441643715,0.5084745762711864,0.3,84,145,wall,both,1,1,1,1,1,1,0.0,12,12,0,alpha,full,huber,8.760593962166642,2.5313613934949104,2.4838641008182183,9.288051083851999,2.7357759055851343,2.012247739811633,9.50069727768934,2.794083846366288,1.9328031880660728,78.4490310110248,0.022456178441643715,92,2.1411495208740234,1.0,1.0,disabled,single,3,row_2,row_1,-0.23405878245830536,-1.3086415529251099,0.6642177315339078,0.2267906248129989,0.8498353975065213,1.0745827704668045,0.17508649186117525,0,3,0,disabled,0,0.0,50.0,alpha
176,2.1254465579986572,-1.8667452335357666,-34.176727294921875,-0.1662812978029251,0.777639627456665,0.08840298652648926,105,20,19,0.014178896322846413,0.5102040816326531,0.3,83,144,wall,both,1,1,1,1,1,1,0.0,6,6,0,alpha,full,huber,7.429562215215317,3.6095499642918196,2.0543678057615935,8.516776954925128,3.834542307696172,2.0450581483929153,8.74255255304003,3.939325084032877,1.9816724538596109,159.5576883638406,0.014178897254168987,180,3.3946709632873535,0.8837380801981587,1.0,disabled,single,3,row_2,row_3,-0.13969311118125916,-0.6512675881385803,0.587059037796598,0.3519717487964225,0.8507700653621895,0.5115744769573212,0.39293677756746603,0,3,0,disabled,0,0.0,50.0,alpha
180,1.436179280281067,-0.852318525314331,-30.881816864013672,-0.028366561979055405,0.33710867166519165,0.02761554718017578,133,12,5,0.012888728640973568,0.5,0.3,120,150,wall,both,1,1,1,1,1,1,0.0,6,6,0,alpha,full,huber,7.876932314624734,3.544441259656815,2.029166071435383,8.411311776860984,4.231886883077658,1.9716143865478175,8.474353031433584,4.297668958682136,1.9651476120283213,192.75866494191067,0.012888728640973568,250,2.041881561279297,1.0,1.0,disabled,single,3,row_2,row_3,-0.028366561979055405,-1.0127153396606445,0.6487732734371119,0.24243521751785851,0.8655763410463841,0.9843487776815891,0.4043054088895913,0,3,0,disabled,0,0.0,50.0,alpha
184,0.2887082099914551,-0.03444315493106842,-29.710208892822266,-0.2027246505022049,0.9235954284667969,0.056787967681884766,123,33,21,0.014258293434977531,0.4587155963302753,0.3,120,177,wall,both,1,1,1,1,1,1,0.0,6,6,0,alpha,full,huber,7.255267776744658,4.077492372115865,1.9693495638878868,7.928750173102423,4.453928060349673,2.0393741574842554,8.095456476666188,4.57300200977936,1.9999979502269927,192.06285150144782,0.014258291572332382,250,1.2397753596305847,1.0,1.0,disabled,single,3,row_2,row_3,-0.19613134860992432,-0.5840092301368713,0.5651747735284892,0.383468368175607,0.8425301895716253,0.387877881526947,0.374488913380828,0,3,0,disabled,0,0.0,50.0,alpha
188,0.488118052482605,-0.09845422953367233,-27.269207000732422,-0.07814301550388336,0.5555694699287415,0.04837721586227417,121,7,11,0.00937265157699585,0.5190311418685121,0.3,120,139,wall,both,1,1,1,1,1,1,0.0,3,3,0,alpha,full,huber,7.356500277755255,5.309592940442887,2.0527742448287203,7.648231002794249,5.193902542796027,1.980131504509241,7.708294372502261,5.223000586668076,1.9744752127193506,189.76590487802113,0.00937265157699585,250,1.0743470788002014,1.0,1.0,disabled,single,3,row_2,row_3,-0.07814301550388336,-0.8455022573471069,0.6250379616997211,0.290165991805965,0.8619899324233321,0.7673592418432236,0.3917998768668197,0,3,0,disabled,0,0.0,50.0,alpha
192,0.6772909164428711,-0.18955495953559875,-20.421056747436523,-0.17157641053199768,0.8770021200180054,0.012697100639343262,129,15,21,0.014407734386622906,0.47619047619047616,0.3,120,165,wall,both,1,1,1,1,1,1,0.0,3,3,0,alpha,full,huber,6.897881251102898,6.083103234158359,1.899977290264597,7.055239116800431,5.6146251818733655,2.045104652392749,7.251856431113506,5.666090767704121,2.009270069563085,165.6922016604488,0.014407734386622906,250,1.3949759602546692,1.0,1.0,disabled,single,3,row_2,row_3,-0.17157641053199768,-0.5961736440658569,0.5719514553005157,0.3740752146514755,0.8449399651749339,0.42459723353385925,0.38712474902760596,0,3,0,disabled,0,0.0,50.0,alpha
196,0.7320168018341064,-0.22142505645751953,-23.04140281677246,-0.26504775881767273,1.0919550657272339,0.004358649253845215,124,21,36,0.012715507298707962,0.4531722054380664,0.3,120,181,wall,both,1,1,1,1,1,1,0.0,4,4,0,alpha,full,huber,6.623913977348226,6.429184929774516,1.8201618165581515,6.678868847313917,6.126126977097874,2.0009787881814924,6.831402960145482,6.143692483762303,2.00584901846951,166.17334808546,0.012715507298707962,235,1.1904045343399048,1.0,1.0,disabled,single,3,row_2,row_3,-0.26504775881767273,-0.4531043469905853,0.5253935203790758,0.43532416317482125,0.8273470138036705,0.1880565881729126,0.378559975727795,0,3,0,disabled,0,0.0,50.0,alpha
200,1.5589170455932617,-1.0042240619659424,-24.905271530151367,-0.3059016466140747,1.173256278038025,0.00121307373046875,108,17,36,0.031085262075066566,0.48231511254019294,0.3,120,161,wall,both,1,1,1,1,1,1,0.0,3,3,0,alpha,full,huber,6.261296707107793,7.049905871570724,1.7867584343643017,6.427710524743389,6.7044475566372235,1.9449103230623845,6.512615595980549,6.660297929172705,1.9740186773381456,61.83426668041086,0.031085258349776268,80,1.9167638421058655,1.0,1.0,disabled,single,3,row_3,row_2,-0.3059016466140747,-0.40726757049560547,0.5075894329984619,0.45865899064193,0.8160633217938585,0.10136592388153076,0.37218071432044053,1,4,0,disabled,0,0.0,50.0,alpha
204,1.0700236558914185,-0.4731200933456421,-34.10529327392578,-0.24720507860183716,0.6265149116516113,0.19797641038894653,110,35,19,0.020228145644068718,0.47770700636942676,0.3,120,164,wall,both,1,1,1,1,1,1,0.0,4,4,0,alpha,full,huber,5.699146619492194,7.095805377080225,2.3776186764235376,6.166000914427945,7.0704046744695574,1.9628609947741038,6.247462108244848,7.060530752068596,1.966240429469508,86.8851197974733,0.020228145644068718,102,1.6449251174926758,1.0,1.0,disabled,single,3,row_3,row_2,-0.2386699914932251,-0.9625313878059387,0.6227682390267509,0.30196558238866833,0.8512103063007852,0.7238613963127136,0.23491084589633715,0,4,0,disabled,0,0.0,50.0,alpha
208,0.9518905282020569,-0.3744196593761444,-35.71621322631836,-0.18128536641597748,0.8437690138816833,0.07518911361694336,97,40,33,0.02124202810227871,0.46875,0.3,120,170,wall,both,1,1,1,1,1,1,0.0,3,3,0,alpha,full,huber,5.894411312434313,7.244640743533744,2.1277560075311897,5.952966955006135,7.369363565967307,2.0073805171707884,6.008605296243626,7.414572696460412,1.9966432384747907,70.52634668698923,0.02124202810227871,83,1.1792426109313965,1.0,1.0,disabled,single,3,row_3,row_2,-0.18123899400234222,-0.6573245525360107,0.5823018469030509,0.3617319225492192,0.8440680428010787,0.4760855585336685,0.3595273344037273,0,4,0,disabled,0,0.0,50.0,alpha
212,1.0425162315368652,-0.44910746812820435,-34.03855895996094,-0.2179570496082306,0.6009544730186462,0.18367654085159302,108,44,21,0.02888624742627144,0.46439628482972134,0.3,120,173,wall,both,1,1,1,1,1,1,0.0,2,2,0,alpha,full,huber,5.682851450944958,7.038604657553371,2.3532774401894887,5.753834776843787,7.50677515836999,2.078414356214041,5.82049008004336,7.571084347590025,2.0286371178035516,71.91719835248925,0.02888624742627144,87,1.581344485282898,1.0,1.0,disabled,single,3,row_3,row_2,-0.2179570496082306,-0.9723564386367798,0.6266725711842422,0.29471971916690415,0.8528534871446691,0.7543993890285492,0.24937404015989484,0,4,0,disabled,0,0.0,50.0,alpha
216,0.6962141394615173,-0.200295090675354,-32.50514602661133,-0.08254965394735336,0.5259674787521362,0.07185441255569458,109,8,17,0.036250289529561996,0.528169014084507,0.3,120,134,wall,both,1,1,1,1,1,1,0.0,2,2,0,alpha,full,huber,4.451023118883439,7.509252126162992,2.1470795367445925,5.2222422435040485,7.844664164445988,2.1532668769780434,5.389259350077219,7.928944106690288,2.080721280675405,73.20102102825837,0.036250293254852295,92,1.6957074999809265,1.0,1.0,disabled,single,3,row_3,row_4,-0.08254965394735336,-0.8928853869438171,0.633670515369995,0.2817988150459292,0.8548576246838036,0.8103357329964638,0.373676497529603,0,4,0,disabled,0,0.0,50.0,alpha
220,2.358262300491333,-2.2980995178222656,0.0,-0.18486039340496063,0.8982529044151306,0.036903202533721924,0,0,0,0.01611630618572235,0.5,0.3,0,0,wall,both,1,1,1,1,1,1,0.0,0,0,0,alpha,full,huber,3.939744669580606,8.177010675625253,2.0381984183338755,4.50008804664872,8.566577413717013,2.1859099065531695,4.684851661840321,8.664728784320737,2.132136213612629,94.90586957666673,0.01611630618572235,107,3.1772069931030273,0.944225543539435,1.0,disabled,single,3,row_3,row_4,-0.18486039340496063,-0.5662234425544739,0.564626758205912,0.38560049974550414,0.8395270837166694,0.38136304914951324,0.3867299776716142,0,4,0,disabled,0,0.0,50.0,alpha
224,3.3641228675842285,-4.621792793273926,0.0,-0.2525140345096588,1.0534776449203491,0.03798246383666992,0,0,0,0.011428539641201496,0.5,0.3,0,0,wall,both,1,1,1,1,1,1,0.0,0,0,0,alpha,full,huber,3.2933733706169104,8.753944275969785,2.0365922551120317,3.841410886489273,9.171026424372737,2.168750535347874,4.002328537248536,9.29087785445268,2.1381195475498034,146.8821019696242,0.01142854057252407,169,4.112123489379883,0.7295500749789998,1.0,disabled,single,3,row_4,row_3,-0.2525140345096588,-0.4612930417060852,0.5298361069025048,0.43000150955228794,0.8285672074219537,0.2087790071964264,0.38267351800788973,1,5,0,disabled,0,0.0,50.0,alpha
228,0.83795565366745,-0.29015275835990906,0.0,-0.35622286796569824,1.1710964441299438,0.11227577924728394,0,0,0,0.008855573832988739,0.5,0.3,0,0,wall,both,1,1,1,1,1,1,0.0,0,0,0,alpha,full,huber,3.4677349532420205,8.46894506788028,2.238513278173121,3.662557380728332,9.181834786196536,2.177785778197529,3.7522004549940284,9.330172991251711,2.1563266506000778,193.638509042141,0.008855574764311314,235,1.7410213947296143,1.0,1.0,disabled,single,3,row_4,row_3,-0.35622286796569824,-0.4274687170982361,0.5007475944300669,0.466312645133331,0.8145189282000419,0.07124584913253784,0.3354302404160152,0,5,0,disabled,0,0.0,50.0,alpha
232,0.22382411360740662,-0.020701337605714798,0.0,-0.019481070339679718,0.24828597903251648,0.037637531757354736,0,0,0,0.008614159189164639,0.5,0.3,0,0,wall,both,1,1,1,1,1,1,0.0,0,0,0,alpha,full,huber,4.45269953886913,8.976311908950425,2.0147685995365823,3.632091182725009,9.449731378814912,2.127678934595464,3.581418613089054,9.553857281048778,2.1469528987268918,204.54981047584883,0.008614158257842064,250,1.1060417294502258,1.0,1.0,disabled,single,3,row_3,row_4,-0.019481070339679718,-1.1132409572601318,0.6603088646099635,0.22117357827959233,0.8605296427004194,1.0937598869204521,0.3955665064071599,1,6,0,disabled,0,0.0,50.0,alpha
236,1.0825589895248413,-0.48427024483680725,-41.27730178833008,-0.028055891394615173,0.28161734342575073,0.050554871559143066,85,0,3,0.01169233862310648,0.6302521008403361,0.3,88,88,wall,both,1,1,1,1,1,1,0.0,1,1,0,alpha,full,huber,4.427004579080443,8.928668874218557,2.058870347619548,3.5377111413506444,9.550143948279066,2.2263676918843216,3.477878228334742,9.674183147705886,2.22850911832788,183.02354934403,0.01169233862310648,246,2.205574631690979,1.0,1.0,disabled,single,3,row_3,row_4,-0.028055891394615173,-1.0833088159561157,0.6573963135568636,0.2288425309024884,0.8605131937920758,1.0552529245615005,0.3914123339836158,0,6,0,disabled,0,0.0,50.0,alpha
240,2.5457465648651123,-2.6780271530151367,-29.602148056030273,-0.06049850955605507,0.5217688679695129,0.0001709461212158203,58,0,29,0.01858784630894661,0.6329113924050632,0.3,87,87,wall,both,1,1,1,1,1,1,0.0,1,1,0,alpha,full,huber,4.1167569999425835,9.510884257937038,1.7580279988628371,3.5867494547212555,9.801944147814233,2.2352194409451,3.4145421308047386,9.903964711596705,2.2828218798969884,152.31464830773888,0.01858784630894661,250,3.4478132724761963,0.8701167270132991,1.0,disabled,single,3,row_3,row_4,-0.06049850955605507,-0.8973122835159302,0.63814338403219,0.2763723978917255,0.8523075545669574,0.8368137739598751,0.3886937714691452,0,6,0,disabled,0,0.0,50.0,alpha
244,3.214259386062622,-4.250230312347412,-42.605743408203125,-0.15068669617176056,0.6323181390762329,0.12308502197265625,70,0,17,0.014858566224575043,0.6329113924050632,0.3,87,87,wall,both,1,1,1,1,1,1,0.0,2,2,0,alpha,full,huber,3.997786144601493,9.43704555684869,2.240928354754532,3.625397440982341,9.934468354047969,2.1966190866087065,3.4165726978016657,10.052760662647373,2.243994635069451,164.33902437017844,0.014858568087220192,250,4.138043165206909,0.7249803542950705,1.0,disabled,single,3,row_3,row_4,-0.15068669617176056,-0.8345539569854736,0.6180816385033275,0.3119220413306622,0.8469124372454354,0.6838672608137131,0.3304480329392023,0,6,0,disabled,0,0.0,50.0,alpha
248,3.9400405883789062,-6.049687385559082,-45.75160598754883,-0.12084447592496872,0.6814852356910706,0.06573957204818726,64,0,9,0.012683658860623837,0.6726457399103138,0.3,73,73,wall,both,1,1,1,1,1,1,0.0,2,2,0,alpha,full,huber,4.1716877752338135,9.920116081230514,2.104154575376926,3.6714997017587017,10.23269727394618,2.190653447051146,3.4474957837976516,10.288767102114749,2.2472226071489576,161.45307361079915,0.012683658860623837,218,4.595504999160767,0.6528118238469681,1.0,disabled,single,3,row_3,row_4,-0.12084447592496872,-1.0902174711227417,0.65281786787503,0.24762739558311403,0.8537221130128724,0.969372995197773,0.3056126286497611,0,6,0,disabled,0,0.0,50.0,alpha
252,3.0878500938415527,-3.9368181228637695,0.0,-0.8129355907440186,1.3978201150894165,0.304614782333374,0,0,0,0.018332641571760178,0.5,0.3,0,0,wall,both,1,1,1,1,1,1,0.0,0,0,0,alpha,full,huber,3.8393701070690547,10.568443727033348,2.541378240311932,3.4229052019402353,10.911566916714968,2.6232247331003156,3.1996145150019037,10.923242577596675,2.7223520205770644,156.33566695857644,0.018332641571760178,213,3.7571511268615723,0.7984773299513143,1.0,disabled,single,3,row_3,row_4,-0.8129355907440186,-1.5085428953170776,0.621130696874895,0.3098022581992902,0.843417736573036,0.6956073045730591,-0.33672183350770224,0,6,0,disabled,0,0.0,50.0,alpha
256,1.8740668296813965,-1.4512919187545776,0.0,-1.0838245153427124,2.199061393737793,0.04744142293930054,0,0,0,0.018265636637806892,0.5,0.3,0,0,wall,both,1,1,1,1,1,1,0.0,0,0,0,alpha,full,huber,4.083569093662521,11.5456832137931,2.04879935782796,3.3262862304917737,11.268248845569884,2.835978410467824,3.0826539667680457,11.196169929618543,2.9602790009978355,123.6208257447606,0.018265636637806892,159,2.6340725421905518,1.0,1.0,disabled,single,3,row_3,row_4,-1.0838245153427124,-2.261270761489868,0.6684556066277941,0.20592741261590694,0.8552517459657163,1.1774462461471558,-0.6810392232596469,0,6,0,disabled,0,0.0,50.0,alpha
260,3.2520859241485596,-4.344015121459961,-44.38672637939453,-0.3522372841835022,1.2589939832687378,0.0003198981285095215,17,1,61,0.03620639070868492,0.6550218340611353,0.3,68,79,wall,both,1,1,1,1,1,1,0.0,12,12,0,alpha,full,huber,1.827519183170031,10.20668904151371,-1.356203809871133,1.7351882569055943,11.140710228477943,-1.6290585104268447,1.5930393205920552,11.302888917144099,-1.6872523014079603,81.10334369616142,0.03620639070868492,196,3.8503921031951904,0.7791414275731801,1.0,disabled,single,3,row_4,row_5,-0.3522372841835022,-1.657823920249939,0.672427523393229,0.1822369380286782,0.8574191854057244,1.3055866360664368,0.04462366103642912,1,7,0,disabled,0,0.0,50.0,alpha
264,4.354302883148193,-7.076783657073975,-45.78830337524414,-0.137583389878273,0.6430152058601379,0.10581523180007935,14,9,80,0.027362914755940437,0.5928853754940712,0.3,83,103,wall,both,1,1,1,1,1,1,0.0,11,11,0,alpha,full,huber,2.173002290888215,9.639404867967404,-0.9173083517639649,1.7958268370557355,10.081874313636142,-1.078161094875487,1.6780980420669676,10.40502543049148,-1.1910401169528217,97.03989838427816,0.027362918481230736,250,4.994205474853516,0.6006961497890698,1.0,disabled,single,3,row_4,row_3,-0.137583389878273,-1.4065455198287964,0.6699305580955649,0.18833304894102326,0.8597144144219292,1.2689621299505234,0.26299782672381383,0,7,0,disabled,0,0.0,50.0,alpha
268,2.651962995529175,-2.906160354614258,-41.29487228393555,-0.13509753346443176,0.45225027203559875,0.1482003927230835,42,20,76,0.029641859233379364,0.5208333333333334,0.3,91,138,wall,both,1,1,1,1,1,1,0.0,13,13,0,alpha,full,huber,2.374499866019975,9.401907814492912,-0.830112430050951,2.1554869852837886,9.451182920021509,-0.7304581202211275,2.021268785089749,9.678455767933876,-0.7997448513116745,83.50292779747154,0.029641861096024513,122,3.0120753049850464,0.9959910348306825,1.0,disabled,single,3,row_4,row_3,-0.13509753346443176,-1.2336663007736206,0.6611830896475985,0.2204039552867803,0.859506225363744,1.0985687673091888,0.2786269551435045,0,7,0,disabled,0,0.0,50.0,alpha
272,3.733071804046631,-5.53654146194458,-30.858509063720703,-0.15743209421634674,0.8143616318702698,0.049639999866485596,88,3,45,0.027635302394628525,0.5244755244755245,0.3,120,136,wall,both,1,1,1,1,1,1,0.0,9,9,0,alpha,full,huber,3.1401211173179955,8.27407758131084,-1.0819771315338307,3.169954756697127,8.592504139480894,-0.718977553129023,3.053006978087004,8.669577382098112,-0.75379171652455,65.81798353100366,0.027635302394628525,80,3.7604739665985107,0.7977717773468891,1.0,disabled,single,3,row_4,row_3,-0.15740874409675598,-0.6227748394012451,0.579223785587254,0.3636976211214436,0.8475848416050673,0.46536609530448914,0.3886576283807346,0,7,0,disabled,0,0.0,50.0,alpha
276,3.9034156799316406,-5.958881855010986,-43.49461364746094,-2.732851982116699,0.19005607068538666,0.8170570135116577,36,0,104,0.027232499793171883,0.5172413793103449,0.3,120,140,wall,both,1,1,1,1,1,1,0.0,10,10,0,alpha,full,huber,4.77727855760312,9.535329349287151,0.35272054949021214,3.7276057712156,8.175700930252436,-0.7553773448444949,3.615681624262683,8.218047106601043,-0.7606341197703612,81.4345243262069,0.027232501655817032,102,5.183778762817383,0.5787284020526949,1.0,disabled,single,3,row_3,row_2,-2.732851982116699,-3.752107620239258,0.647775985214208,0.23375867893918906,0.8737338620779715,1.0192556381225586,-2.298641637888258,1,8,0,disabled,0,0.0,50.0,alpha
280,3.4241456985473633,-4.770609378814697,-44.26205062866211,-0.8063253164291382,0.6090831756591797,0.42113155126571655,57,2,80,0.027127504348754883,0.5190311418685121,0.3,120,139,wall,both,1,1,1,1,1,1,0.0,10,10,0,alpha,full,huber,5.241604004709756,9.450702842410324,-0.44859880896660576,4.196114560405066,8.009734956066916,-0.7674465432584836,4.082212109972412,7.963303292033306,-0.7689967110746379,97.5401230050901,0.027127500623464584,117,5.127619743347168,0.5850667854012285,1.0,disabled,single,3,row_3,row_2,-0.8063253164291382,-1.563226342201233,0.6229653604993207,0.292244239807132,0.8635625502819252,0.7569010257720947,-0.33306095356396864,0,8,0,disabled,0,0.0,50.0,alpha
284,1.8715864419937134,-1.4474527835845947,-37.2395133972168,-4.237223148345947,1.0457828044891357,0.9892299175262451,58,9,88,0.021235767751932144,0.49180327868852464,0.3,120,155,wall,both,1,1,1,1,1,1,0.0,13,13,0,alpha,full,huber,6.16857282678684,9.291559255696761,0.14096498980478245,4.969748159454687,7.932684817666832,-0.6805582098806489,4.8170279331973935,7.707753791483993,-0.7195293646718115,109.79310321873116,0.021235767751932144,153,4.435065746307373,0.6764274018931499,1.0,disabled,single,3,row_2,row_3,-3.886233329772949,-4.174868106842041,0.5454444275538765,0.40869377068943935,0.8376699587398506,0.2886347770690918,-3.28007897654603,1,9,0,disabled,0,0.0,50.0,alpha
288,2.9888343811035156,-3.6913766860961914,-36.97215270996094,-1.1588084697723389,0.6339973211288452,0.5118827819824219,99,9,61,0.009480674751102924,0.47021943573667707,0.3,120,169,wall,both,1,1,1,1,1,1,0.0,9,9,0,alpha,full,huber,6.62156702231091,9.005020434210815,-0.31059335697612456,5.647274775312134,8.009353120273984,-0.580196154680685,5.449046849509164,7.719956464673826,-0.6556037525192138,206.40735735722257,0.009480675682425499,250,5.343163728713989,0.5614651079992359,1.0,disabled,single,3,row_2,row_3,-1.1588084697723389,-1.882251262664795,0.6194311198332483,0.30047324506476353,0.8601710155624993,0.723442792892456,-0.6798546989678491,0,9,0,disabled,0,0.0,50.0,alpha
292,1.5635690689086914,-1.0102264881134033,-30.898666381835938,-2.431126117706299,0.5419965386390686,0.7613359093666077,123,23,34,0.013702536933124065,0.45454545454545453,0.3,120,180,wall,both,1,1,1,1,1,1,0.0,15,15,0,alpha,full,huber,6.803204762247523,8.567181085718437,-0.04165211480382025,6.67444098767513,8.706085395349366,-0.3134663558888617,6.262729026789371,8.15487442103793,-0.47940111156196297,150.92664675168425,0.01370253786444664,250,1.9033212661743164,1.0,1.0,disabled,single,3,row_2,row_3,-2.431126117706299,-3.2697863578796387,0.6344257402274499,0.27425545880801766,0.8620512197158998,0.8386602401733398,-1.9760910823507116,0,9,0,disabled,0,0.0,50.0,alpha
296,2.512402296066284,-2.608332872390747,-34.70576095581055,-2.1352005004882812,0.3058151304721832,0.7197446227073669,131,24,25,0.010880659334361553,0.45454545454545453,0.3,112,180,wall,both,1,1,1,1,1,1,0.0,14,14,0,alpha,full,huber,7.120240271874037,8.190570166911066,-0.08472231895518068,7.144227263700674,8.525746566824417,-0.3140463860652346,6.927950617026012,8.265074452633533,-0.38601477531965234,189.54818223337105,0.010880659334361553,250,2.8205761909484863,1.0,1.0,disabled,single,3,row_2,row_3,-2.1352005004882812,-3.239419460296631,0.6589152826054049,0.21841043280031452,0.8645563535111054,1.1042189598083496,-1.7180401932765397,0,9,0,disabled,0,0.0,50.0,alpha
300,2.513014316558838,-2.6096036434173584,-39.2812614440918,-0.5970752239227295,0.688140869140625,0.3471338748931885,139,5,22,0.014360537752509117,0.4746835443037975,0.3,109,166,wall,both,1,1,1,1,1,1,0.0,15,15,0,alpha,full,huber,8.059907753799447,8.558694305100273,-0.5120241538381247,7.540747699116938,8.537042437680597,-0.3329217754508345,7.400064333062243,8.359761704935494,-0.354447890784213,195.55906148836888,0.014360538683831692,250,3.117102265357971,0.9624323312522045,1.0,disabled,single,3,row_2,row_1,-0.5970752239227295,-1.193657636642456,0.6020832965332897,0.3315615253878609,0.8515012363520857,0.5965824127197266,-0.08971574701204355,0,9,0,disabled,0,0.0,50.0,alpha
304,2.1404833793640137,-1.8932517766952515,-35.11103820800781,-1.720670223236084,1.0227354764938354,0.6038343906402588,128,20,25,0.03880518674850464,0.46439628482972134,0.3,114,173,wall,both,1,1,1,1,1,1,0.0,14,14,0,alpha,full,huber,8.833048590101706,8.57283254373847,-0.20580354180242555,7.931929464129967,8.444803152124297,-0.33248660733367635,7.802933275481765,8.365699019168698,-0.34028723235920966,145.14161060889413,0.03880519047379494,250,3.0639092922210693,0.9791412583971307,1.0,disabled,single,3,row_1,row_2,-1.720670223236084,-1.9646179676055908,0.5495061416802527,0.43055376522860195,0.7698950300199967,0.24394774436950684,-1.1219348948873056,1,10,0,disabled,0,0.0,50.0,alpha
308,3.11785888671875,-4.011220455169678,-32.479774475097656,-1.3409851789474487,0.21392297744750977,0.5710077285766602,145,0,10,0.021662261337041855,0.49180327868852464,0.3,108,155,wall,both,1,1,1,1,1,1,0.0,11,11,0,alpha,full,huber,7.548231856819149,6.213786433696091,-0.27372056128999933,8.254528901552979,7.968613000422279,-0.3888715669066156,8.21576906177356,8.089073627507501,-0.35928486667679893,147.92772661341073,0.021662261337041855,250,4.030555486679077,0.7443142787427076,1.0,disabled,single,3,row_2,row_3,-1.316031575202942,-2.4251465797424316,0.6537235429651662,0.21563119986491483,0.87459537684616,1.1091150045394897,-0.8909608411292658,1,11,0,disabled,0,0.0,50.0,alpha
312,2.172603130340576,-1.9504977464675903,-31.89580535888672,-0.09325118362903595,0.6298908591270447,0.03528493642807007,88,16,36,0.010751858353614807,0.5172413793103449,0.3,120,140,wall,both,1,1,1,1,1,1,0.0,11,11,0,alpha,full,huber,8.255568835091907,7.13731486054504,-1.148394277349004,8.373093730360177,7.388921174275134,-0.47529898594261266,8.466070598725839,7.642478842524621,-0.4130066628623834,194.90783177631684,0.010751858353614807,250,2.8146039247512817,1.0,1.0,disabled,single,3,row_2,row_1,-0.09325118362903595,-0.7691045999526978,0.6140661957904364,0.31238903457144807,0.854859070163569,0.6758534163236618,0.39440136228350836,0,11,0,disabled,0,0.0,50.0,alpha
316,2.93876314163208,-3.5687308311462402,-31.378576278686523,-0.2410455346107483,0.6382678747177124,0.19203191995620728,110,2,18,0.014226322062313557,0.5357142857142857,0.3,120,130,wall,both,1,1,1,1,1,1,0.0,15,15,0,alpha,full,huber,8.498921472609704,5.711254140699193,-0.7710389893769132,8.56271342493691,6.800363780251385,-0.5350419480823491,8.704875443154133,7.097961208609337,-0.45815600107825416,195.80054130106615,0.014226322993636131,250,4.101898670196533,0.731368627362085,1.0,disabled,single,3,row_2,row_1,-0.2410455346107483,-0.9172560572624207,0.612311644345895,0.31138523800885703,0.8599792246035363,0.6762105226516724,0.2494683686815778,0,11,0,disabled,0,0.0,50.0,alpha
320,2.2032411098480225,-2.005897283554077,-25.98467445373535,-0.28665444254875183,1.1309250593185425,0.024420440196990967,106,4,31,0.011004742234945297,0.5154639175257733,0.3,120,141,wall,both,1,1,1,1,1,1,0.0,11,11,0,alpha,full,huber,9.120263529850295,5.084710855885466,-1.071190546300521,9.214140398670452,5.814808346122772,-0.6345853117801618,9.429311829451867,6.173098662955905,-0.535287598979461,181.30967224153468,0.011004742234945297,250,3.022055506706238,0.992701819454575,1.0,disabled,single,3,row_2,row_1,-0.28665444254875183,-0.4094543159008026,0.5116344925574748,0.4525103405978781,0.8210204398792393,0.12279987335205078,0.3834903480524532,0,11,0,disabled,0,0.0,50.0,alpha
324,1.4083540439605713,-0.8196120262145996,-25.21541404724121,-0.7512940764427185,0.8747137784957886,0.3773728609085083,133,2,7,0.009554003365337849,0.5136986301369862,0.3,120,142,wall,both,1,1,1,1,1,1,0.0,6,6,0,alpha,full,huber,9.775659672364501,4.366170606717275,-0.5845586350403478,9.665836031976482,4.945298853724498,-0.6798688810027544,9.859874817378316,5.319614671398598,-0.6048057996014897,175.62535938445015,0.009554003365337849,250,2.2143704891204834,1.0,1.0,disabled,single,3,row_1,row_2,-0.4363059103488922,-0.8118466138839722,0.5847185303158338,0.40165354278166576,0.7386894523469995,0.37554070353507996,0.10031878194792843,1,12,0,disabled,0,0.0,50.0,alpha
328,3.1963515281677246,-4.205830097198486,-27.4685001373291,-0.6450784802436829,0.8467766642570496,0.34497231245040894,130,9,17,0.023050207644701004,0.49019607843137253,0.3,120,156,wall,both,1,1,1,1,1,1,0.0,9,9,0,alpha,full,huber,10.116105012416776,2.3733763093122313,-0.5314203826730983,10.735910124890149,3.422441876187646,-0.7514710095155498,11.036626764831706,3.7958216679926187,-0.6697959171736816,150.00764692197967,0.023050209507346153,250,4.130746603012085,0.7262609615928608,1.0,disabled,single,3,row_1,row_2,-0.6450784802436829,-0.9752755761146545,0.5727759570031801,0.41170107684929264,0.7492127019220424,0.3301970958709717,-0.08781784152140626,0,12,0,disabled,0,0.0,50.0,alpha
332,1.5473650693893433,-0.9893961548805237,-32.07202911376953,-0.37125346064567566,0.7419677972793579,0.24695050716400146,118,17,14,0.014104446396231651,0.5016722408026756,0.3,102,149,wall,both,1,1,1,1,1,1,0.0,11,11,0,alpha,full,huber,10.359007410553298,1.6359708804603288,-0.6698856154170199,10.746662727103224,2.5487472066299097,-0.8835299986599126,11.106292677573855,2.9284648385478356,-0.7754398304137382,166.90292277900969,0.0141044482588768,250,2.859062910079956,1.0,1.0,disabled,single,3,row_1,row_2,-0.37125346064567566,-0.9168667197227478,0.6245624103728069,0.36192535975393886,0.7199738325555607,0.5456132590770721,0.09945055721842533,0,12,0,disabled,0,0.0,50.0,alpha
336,1.4733750820159912,-0.8970388770103455,-25.526269912719727,-0.1295037418603897,0.7618231773376465,0.011412501335144043,119,0,22,0.01772087626159191,0.5154639175257733,0.3,120,141,wall,both,1,1,1,1,1,1,0.0,5,5,0,alpha,full,huber,9.74987441621184,-0.19944225973775898,-1.210120430423755,10.882097805917128,0.8010461712558768,-1.0876222868742018,11.501182505453317,1.250406891298129,-0.9452662673212253,150.29005537774796,0.01772087812423706,250,3.03833270072937,0.9873836394809008,1.0,disabled,single,3,row_2,row_1,-0.1295037418603897,-0.6343533992767334,0.5868534606384446,0.3542225861897248,0.8472476074335253,0.5048496574163437,0.4034763896202751,1,13,0,disabled,0,0.0,50.0,alpha
340,3.2180957794189453,-4.25974178314209,-26.69794464111328,-0.20684510469436646,0.9647298455238342,0.0023241043090820312,113,9,28,0.01637318730354309,0.5,0.3,101,150,wall,both,1,1,1,1,1,1,0.0,7,7,0,alpha,full,huber,10.04931118110253,-0.6477110242296704,-1.3041232435109662,10.76037392686245,0.048259967904512285,-1.1548821583766293,11.20424863143063,0.43622558067893275,-1.0495927261132492,157.50437839221453,0.01637318916618824,250,4.2743079662323,0.7018680038266939,1.0,disabled,single,3,row_2,row_1,-0.20684510469436646,-0.4984494745731354,0.5477245689392509,0.40918532848524286,0.8308586499427666,0.2916043698787689,0.39513762511594064,0,13,0,disabled,0,0.0,50.0,alpha
344,1.5729981660842896,-1.0224477052688599,-25.862852096557617,-0.1654280573129654,0.8551779389381409,0.0267031192779541,116,3,14,0.008808569982647896,0.5300353356890459,0.3,120,133,wall,both,1,1,1,1,1,1,0.0,5,5,0,alpha,full,huber,10.060599327019464,-1.4513900325282458,-1.2497190112276284,10.838444548152687,-1.0561133215784544,-1.2247408026535291,11.21203746976487,-0.748537200769033,-1.1546630855665152,189.6663130030513,0.008808569982647896,250,2.209166646003723,1.0,1.0,disabled,single,3,row_2,row_1,-0.1654280573129654,-0.5892322659492493,0.5725441405556722,0.3747599266011064,0.8421991438761969,0.4238042086362839,0.39223738780565,0,13,0,disabled,0,0.0,50.0,alpha
348,1.2114887237548828,-0.6064896583557129,-28.212678909301758,-0.3126607835292816,1.186157464981079,0.00046950578689575195,102,16,32,0.009609838016331196,0.5,0.3,120,150,wall,both,1,1,1,1,1,1,0.0,3,3,0,alpha,full,huber,10.641508812935491,-2.21129048569524,-1.3302619057638996,10.787336341970269,-1.8716636717667825,-1.240990273749518,11.073090532830523,-1.5803992263050655,-1.1932459529887052,176.15091106206208,0.009609838016331196,250,1.6452851295471191,1.0,1.0,disabled,single,3,row_1,row_2,-0.3126607835292816,-0.38620615005493164,0.5046103633222809,0.4688304584122429,0.7966501548262724,0.07354536652565002,0.37130792175905114,1,14,0,disabled,0,0.0,50.0,alpha
352,2.976667642593384,-3.661384344100952,-28.9063720703125,-0.3215313255786896,1.2028677463531494,7.337331771850586e-05,104,12,41,0.015552057884633541,0.4885993485342019,0.3,120,157,wall,both,1,1,1,1,1,1,0.0,6,6,0,alpha,full,huber,10.663357042513562,-3.0106179714418766,-1.3702009138111557,10.905913010879392,-2.729351439471282,-1.276379671380921,11.099731015965025,-2.5113536376999024,-1.2355276372357575,170.12106270646197,0.015552057884633541,250,3.4030649662017822,0.8815582511045478,1.0,disabled,single,3,row_2,row_1,-0.3215313255786896,-0.3924713134765625,0.5009062010240216,0.46660303877328735,0.8133145088859716,0.07093998789787292,0.3698050933520378,1,15,0,disabled,0,0.0,50.0,alpha
356,3.555722951889038,-5.0968337059021,-28.65854835510254,-0.30330973863601685,1.168284296989441,0.0005552172660827637,90,14,43,0.020283980295062065,0.5050505050505051,0.3,115,147,wall,both,1,1,1,1,1,1,0.0,5,5,0,alpha,full,huber,10.756012540975142,-3.6809421902976984,-1.3489876042541624,11.038178448977394,-3.5374819804649067,-1.2803947735551193,11.180618506338854,-3.4050411816808737,-1.2567690345167495,112.34397913368613,0.020283978432416916,159,3.756673574447632,0.798578833254393,1.0,disabled,single,3,row_2,row_1,-0.30330973863601685,-0.4067186415195465,0.5083222037095237,0.4583836984434107,0.8147916285353469,0.10340890288352966,0.373330034554323,0,15,0,disabled,0,0.0,50.0,alpha
360,4.061317443847656,-6.3503737449646,-38.22853469848633,-0.19811266660690308,0.857117772102356,0.0924118161201477,105,7,36,0.022865869104862213,0.5033557046979865,0.3,120,148,wall,both,1,1,1,1,1,1,0.0,3,3,0,alpha,full,huber,11.422436813575132,-4.585974610744025,-1.8148777554061721,11.224161222825703,-4.102871225059543,-1.3205136895728142,11.272476858531816,-3.997946650183231,-1.291928981524737,137.92683899732342,0.022865869104862213,185,4.731706142425537,0.6340207759525318,1.0,disabled,single,3,row_1,row_2,-0.19811266660690308,-0.6433255076408386,0.6008716279207206,0.3849711795662951,0.7338314789586499,0.44521284103393555,0.3112612981248978,1,16,0,disabled,0,0.0,50.0,alpha
364,3.518907070159912,-5.00555419921875,-41.936126708984375,-0.07018708437681198,0.5593001842498779,0.012833654880523682,59,13,73,0.017212310805916786,0.5084745762711864,0.3,120,145,wall,both,1,1,1,1,1,1,0.0,3,3,0,alpha,full,huber,12.838392689094219,-4.449157111013627,-1.2212029235797512,11.402911097883191,-4.364153880867258,-1.2822232762656036,11.372251949215414,-4.297277067514559,-1.2869139909788574,155.10511229500517,0.017212308943271637,191,4.46176290512085,0.6723799681414813,1.0,disabled,single,3,row_1,row_2,-0.07018708437681198,-2.0899014472961426,0.8820799662096939,0.11704615610337991,0.36791706228171384,2.0197143629193306,0.0552854780714824,0,16,0,disabled,0,0.0,50.0,alpha
368,3.6470046043395996,-5.323151588439941,0.0,-0.2201041281223297,0.9947614669799805,0.007070481777191162,0,0,0,0.01171074341982603,0.5,0.3,0,0,wall,both,1,1,1,1,1,1,0.0,0,0,0,alpha,full,huber,11.475693675231891,-5.595893175855085,-1.5005710094284426,11.59588097214745,-4.983711070423825,-1.2931477022591507,11.564834685366474,-4.913320707618492,-1.2906969972944724,199.8356739934249,0.01171074341982603,250,4.332525730133057,0.6924367417219855,1.0,disabled,single,3,row_1,row_2,-0.2201041281223297,-0.5036153793334961,0.5598411033581542,0.42163573254614917,0.7627793837996574,0.2835112512111664,0.35999815139685465,0,16,0,disabled,0,0.0,50.0,alpha
372,3.7335007190704346,-5.537605285644531,0.0,-0.0932321846485138,0.6179949045181274,0.04526132345199585,0,0,0,0.014301376417279243,0.5,0.3,0,0,wall,both,1,1,1,1,1,1,0.0,0,0,0,alpha,full,huber,13.13504062650931,-5.651238863011097,-1.0549477582628173,11.97729366909907,-5.502913998445893,-1.225418778176651,11.860050444453849,-5.4752486661881665,-1.258833354017282,193.0960244354951,0.014301377348601818,250,4.605171203613281,0.6514415789028991,1.0,disabled,single,3,row_1,row_2,-0.0932321846485138,-2.1585254669189453,0.8867837776555529,0.11242742497958294,0.3578908808867812,2.0652932822704315,0.026921909885138,0,16,0,disabled,0,0.0,50.0,alpha
376,1.3922581672668457,-0.8009846210479736,0.0,-0.26223284006118774,1.0826019048690796,0.020897269248962402,0,0,0,0.008129746653139591,0.5,0.3,0,0,wall,both,1,1,1,1,1,1,0.0,0,0,0,alpha,full,huber,13.577168189164032,-6.903911118726689,-1.1521694667283613,12.774120119393189,-6.5687649486468,-1.1679297475739647,12.540941313876399,-6.629105164613221,-1.2253073404812262,205.68367878046595,0.008129746653139591,250,2.5073094367980957,1.0,1.0,disabled,single,3,row_1,row_2,-0.26223284006118774,-2.5450844764709473,0.9069911078446902,0.0925066940249695,0.3125676208110148,2.2828516364097595,-0.16461020722627212,0,16,0,disabled,0,0.0,50.0,alpha
380,1.0660760402679443,-0.46963560581207275,0.0,-0.38649100065231323,1.317960500717163,0.01091843843460083,0,0,0,0.008610001765191555,0.5,0.3,0,0,wall,both,1,1,1,1,1,1,0.0,0,0,0,alpha,full,huber,13.63710705543405,-7.217020095089551,-1.5048720421264292,13.024236688318773,-6.8370065532275035,-1.1794663806252434,12.8416195023475,-6.840320426545498,-1.2026951649637363,203.43015297541092,0.008610001765191555,250,1.9167338013648987,1.0,1.0,disabled,single,3,row_1,row_2,-0.38649100065231323,-2.676948070526123,0.9076340275638938,0.09187088561752219,0.3110603691660435,2.29045706987381,-0.28957696567990904,0,16,0,disabled,0,0.0,50.0,alpha
384,0.985878586769104,-0.40163496136665344,0.0,-0.6629016995429993,1.681430459022522,0.09211474657058716,0,0,0,0.008279229514300823,0.5,0.3,0,0,wall,both,1,1,1,1,1,1,0.0,0,0,0,alpha,full,huber,13.663422318536671,-7.684531475566164,-1.789548935167132,13.292974911238886,-7.1854590034638,-1.150489457209248,13.152652546552163,-7.192943587235257,-1.1779525931889951,214.1016309935147,0.008279230445623398,250,1.8632013201713562,1.0,1.0,disabled,single,3,row_1,row_2,-0.6629016995429993,-2.898480176925659,0.902897500263353,0.09654706014439295,0.32209147259223725,2.23557847738266,-0.5607554573062293,0,16,0,disabled,0,0.0,50.0,alpha
388,1.716078758239746,-1.2169116735458374,0.0,-1.0911710262298584,2.1233937740325928,0.147843599319458,0,0,0,0.007755283731967211,0.5,0.3,0,0,wall,both,1,1,1,1,1,1,0.0,0,0,0,alpha,full,huber,13.307374319491398,-8.36085738733124,-0.8062603715593721,13.36162068975786,-7.843503469507931,-1.2470798412216169,13.362204880908386,-7.7790906334641745,-1.2145992866231379,209.54597566387557,0.007755283731967211,250,2.465245842933655,1.0,1.0,disabled,single,3,row_1,row_2,-1.0911710262298584,-2.801687240600586,0.8456718455968284,0.15287417243088106,0.43837343008009316,1.7105162143707275,-0.9235471422399543,0,16,0,disabled,0,0.0,50.0,alpha
392,1.7902169227600098,-1.3243292570114136,0.0,-1.6541144847869873,2.7280166149139404,0.008855283260345459,0,0,0,0.007380512543022633,0.5,0.3,0,0,wall,both,1,1,1,1,1,1,0.0,0,0,0,alpha,full,huber,13.783641890935236,-8.823417548669232,-1.4901436061758655,13.41556237024151,-8.257201131536052,-1.2532343440221272,13.442363903049213,-8.178619189993992,-1.2354517605478312,222.07886973947538,0.007380513474345207,250,2.5953567028045654,1.0,1.0,disabled,single,3,row_1,row_2,-1.6541144847869873,-3.805199384689331,0.8951937229803135,0.10416281931058556,0.33943550934352273,2.1510848999023438,-1.5433993509150623,0,16,1,disabled,0,0.0,50.0,alpha
396,1.084904670715332,-0.48637115955352783,0.0,-1.928820013999939,2.941070318222046,0.040276408195495605,0,0,0,0.006876250728964806,0.5,0.3,0,0,wall,both,1,1,1,1,1,1,0.0,0,0,0,alpha,full,huber,14.54317921138219,-8.59375730526065,-1.0721845596408643,13.648951362953014,-8.49099546900693,-1.2364926640180502,13.593157506355984,-8.457082390371369,-1.2299566515107818,219.20569155272665,0.006876250728964806,250,2.0317126512527466,1.0,1.0,disabled,single,3,row_1,row_2,-1.928820013999939,-4.950486660003662,0.9534318243084059,0.046451152473982384,0.1891011018910392,3.021666646003723,-1.8811326570388658,0,16,1,disabled,0,0.0,50.0,alpha
400,0.26557210087776184,-0.029144026339054108,0.0,-0.9014314413070679,2.0140597820281982,0.0004935860633850098,0,0,0,0.008766512386500835,0.5,0.3,0,0,wall,both,1,1,1,1,1,1,0.0,0,0,0,alpha,full,huber,13.070138990651099,-8.311261772051767,-1.3255432891738292,13.476184634858534,-8.757367340148214,-1.4533784018106608,13.574569631719717,-8.751220051299502,-1.420150031953833,188.01650872257193,0.00876651331782341,250,0.7340905368328094,1.0,1.0,disabled,single,3,row_1,row_2,-0.9014314413070679,-2.369142770767212,0.8108133112485278,0.1868538017778776,0.49761445031513074,1.467711329460144,-0.691713994193428,0,16,0,disabled,0,0.0,50.0,alpha
404,0.10763010382652283,-0.004786875564604998,0.0,-1.5992603302001953,2.6825599670410156,0.0054389238357543945,0,0,0,0.01024540513753891,0.5,0.3,0,0,wall,both,1,1,1,1,1,1,0.0,0,0,0,alpha,full,huber,13.446471620186596,-8.90334096431978,-1.4613086770648338,13.56480639839209,-9.273027654269557,-1.9631424282325174,13.612852476279468,-9.32578785196377,-1.9709013425249604,188.2085572415545,0.01024540513753891,250,0.6819075047969818,1.0,1.0,disabled,single,3,row_1,row_2,-1.5992603302001953,-3.3674356937408447,0.8530928244324723,0.14557523021937516,0.424896786168995,1.7681753635406494,-1.440373413929208,0,16,1,disabled,0,0.0,50.0,alpha
408,0.12218942493200302,-0.006169527303427458,0.0,-2.4198458194732666,3.2940893173217773,0.04565298557281494,0,0,0,0.0077178701758384705,0.5,0.3,0,0,wall,both,1,1,1,1,1,1,0.0,0,0,0,alpha,full,huber,13.937987006496368,-9.373873510575066,-1.66029439142616,13.702717539018089,-9.466068810731285,-2.066197013252835,13.617392274205942,-9.509076645136204,-2.160619072898987,193.97591024679792,0.0077178701758384705,250,0.5679899454116821,1.0,1.0,disabled,single,3,row_1,row_2,-2.4198458194732666,-4.6380205154418945,0.9013590171467141,0.09807465236197022,0.32557360856848355,2.218174695968628,-2.315994183934972,0,16,1,disabled,0,0.0,50.0,alpha
412,0.6004443764686584,-0.1489807665348053,0.0,-1.858218789100647,2.89169979095459,0.0017486810684204102,0,0,0,0.014005780220031738,0.5,0.3,0,0,wall,both,1,1,1,1,1,1,0.0,0,0,0,alpha,full,huber,14.460784994693793,-8.59748757272237,-1.297816873465427,13.83027244386734,-9.371038996350297,-2.0376040427471636,13.713877988547324,-9.463931989441583,-2.1489010643507624,187.93193247947966,0.014005778357386589,250,1.7945477366447449,1.0,1.0,disabled,single,3,row_1,row_2,-1.858218789100647,-4.790238857269287,0.9492737017267648,0.05058611338163063,0.20161411035452176,2.93202006816864,-1.8061606778170602,0,16,1,disabled,0,0.0,50.0,alpha
416,0.8615553379058838,-0.3067263066768646,0.0,-2.344313859939575,3.24798583984375,4.1604042053222656e-05,0,0,0,0.014155701734125614,0.5,0.3,0,0,wall,both,1,1,1,1,1,1,0.0,0,0,0,alpha,full,huber,14.713797352592522,-8.85100554646475,-1.3660852650378348,13.919339741034262,-9.387464380634794,-2.053341485690876,13.792878860530315,-9.473989777254378,-2.1849603558649493,181.69638018852154,0.014155701734125614,250,2.0810989141464233,1.0,1.0,disabled,single,3,row_1,row_2,-2.344313859939575,-5.5052313804626465,0.9592513918636781,0.040659628019394704,0.17095005392306314,3.1609175205230713,-2.3027117610750323,0,16,1,disabled,0,0.0,50.0,alpha
420,0.7530905604362488,-0.23435761034488678,-45.970550537109375,-1.9831904172897339,2.9841296672821045,0.03243786096572876,12,0,108,0.047145355492830276,0.5555555555555556,0.3,120,120,wall,both,1,1,1,1,1,1,0.0,1,1,0,alpha,full,huber,14.301404842950943,-8.828140437633714,-1.6123649799812407,14.013587949131157,-9.414167112333748,-2.156559182115735,13.83570610867578,-9.552502487372653,-2.3560329403708673,73.26789563693036,0.047145355492830276,250,1.6444464921951294,1.0,1.0,disabled,single,3,row_1,row_2,-1.9831904172897339,-4.6991143226623535,0.9377581606887385,0.06202690149159072,0.23452490424905864,2.7159239053726196,-1.9189272296457387,0,16,1,disabled,0,0.0,50.0,alpha
424,0.808086633682251,-0.2698363661766052,-46.468345642089844,-2.1317520141601562,3.057605743408203,0.11524170637130737,23,0,73,0.03217824921011925,0.6097560975609756,0.3,96,96,wall,both,1,1,1,1,1,1,0.0,3,3,0,alpha,full,huber,14.377033747478938,-8.8658067183202,-1.841785466987659,14.136646196678836,-9.306366388219118,-2.1285991256511942,13.953044957663511,-9.46532140112647,-2.334090840038439,79.76258987964003,0.032178252935409546,218,1.6599071621894836,1.0,1.0,disabled,single,3,row_1,row_2,-2.1317520141601562,-4.927460670471191,0.9422680360787292,0.05754579796667933,0.22193467613650697,2.795708656311035,-2.072286508642444,0,16,1,disabled,0,0.0,50.0,alpha
428,1.6943861246109009,-1.186340570449829,-49.36753845214844,-2.1235077381134033,2.3063480854034424,0.48026686906814575,3,0,117,0.024223025888204575,0.5555555555555556,0.3,120,120,wall,both,1,1,1,1,1,1,0.0,3,3,0,alpha,full,huber,12.805505201285373,-8.642258147523183,2.8088859611652497,13.962788098301132,-9.309311362978042,-2.334893964942229,13.855160643129391,-9.487426959092911,-2.4744685373394133,76.69267380618857,0.024223025888204575,164,2.2952539920806885,1.0,1.0,disabled,single,3,row_1,row_2,-2.1235077381134033,-3.2038328647613525,0.7434523666303829,0.25239102484869996,0.5906736348489859,1.0803251266479492,-1.8270571565774993,0,16,0,disabled,0,0.0,50.0,alpha
432,0.4174725413322449,-0.07201790809631348,-49.58678436279297,-4.992389678955078,3.4303271770477295,0.7632037401199341,1,0,120,0.13147978484630585,0.5535055350553506,0.3,113,121,wall,both,1,1,1,1,1,1,0.0,3,3,0,alpha,full,huber,13.939278614235933,-9.52079835335929,-2.688693321767183,13.840662920388203,-9.834128055272156,-2.8734398237308763,13.56898283802161,-9.897221577188976,-3.077948473837261,24.122607476576018,0.13147978484630585,80,0.9330109357833862,1.0,1.0,disabled,single,3,row_1,row_2,-4.992389678955078,-7.251496315002441,0.9048472207562971,0.0945056363425446,0.31817470300855716,2.2591066360473633,-4.892400512577829,0,16,1,disabled,0,0.0,50.0,alpha
436,3.0395803451538086,-3.817141532897949,-44.71271896362305,-0.5942867994308472,1.6352611780166626,0.0033919215202331543,22,16,94,0.08807820826768875,0.5319148936170213,0.3,105,132,wall,both,1,1,1,1,1,1,0.0,5,5,0,alpha,full,huber,11.405205945908879,-7.862053704101305,1.7134150383788942,12.583788435546145,-9.651451640081863,2.7592219211205427,12.514549687436922,-9.79471472362375,2.7367047020725312,25.26228041721786,0.08807820826768875,80,3.334547758102417,0.8996722247298694,1.0,disabled,single,3,row_2,row_1,-0.5942867994308472,-0.8598422408103943,0.5431894701441424,0.41650678409485137,0.8257333287657425,0.2655554413795471,0.016010288354518676,1,17,0,disabled,0,0.0,50.0,alpha
440,1.0713884830474854,-0.47432780265808105,-39.91960525512695,-0.32440295815467834,1.2053059339523315,0.019593119621276855,52,1,77,0.07087814062833786,0.5357142857142857,0.3,120,130,wall,both,1,1,1,1,1,1,0.0,7,7,0,alpha,full,huber,11.40217071234522,-6.74482932152171,1.9940818634981525,11.301004570143533,-7.23763042630963,2.027303653098235,11.380863942257864,-8.188505077537465,2.384894004188281,20.271764699692145,0.07087814062833786,80,1.9435755014419556,1.0,1.0,disabled,single,3,row_2,row_1,-0.32440295815467834,-0.38555267453193665,0.49974563581814896,0.47010192092888037,0.8070656712638529,0.0611497163772583,0.3692530802151467,0,17,0,disabled,0,0.0,50.0,alpha
444,1.2289401292800903,-0.6240883469581604,-38.96205139160156,-0.308570921421051,1.178189992904663,0.004880249500274658,71,11,79,0.0323166660964489,0.48231511254019294,0.3,120,161,wall,both,1,1,1,1,1,1,0.0,6,6,0,alpha,full,huber,11.404751561554216,-6.147474524144705,1.8834639064778251,11.114591386522127,-6.136480562934782,1.7599215851007175,11.015231605132822,-6.852942295440528,2.062524881025926,51.933958373542104,0.0323166660964489,80,1.5435697436332703,1.0,1.0,disabled,single,3,row_1,row_2,-0.308570921421051,-0.3837694823741913,0.5057877708437616,0.46914814611284683,0.7922269696978385,0.07519856095314026,0.37306720146693373,1,18,0,disabled,0,0.0,50.0,alpha
448,1.101736307144165,-0.5015797019004822,-31.617067337036133,-0.2906549274921417,1.1436551809310913,1.239776611328125e-05,88,12,51,0.0505557581782341,0.4983388704318937,0.3,120,151,wall,both,1,1,1,1,1,1,0.0,8,8,0,alpha,full,huber,11.285266700919427,-5.393141066051207,1.7550315861981112,11.112349445059467,-5.527467725972759,1.737518543315639,10.954754977095106,-5.9112927446303845,1.8907724684824911,57.654819714581684,0.0505557656288147,80,1.3692141771316528,1.0,1.0,disabled,single,3,row_1,row_2,-0.2906549274921417,-0.4098670780658722,0.5171900632795307,0.4590679707911838,0.7872242686888338,0.11921215057373047,0.3686899173067657,0,18,0,disabled,0,0.0,50.0,alpha
452,0.6097456216812134,-0.15363211929798126,-42.549991607666016,-0.08226620405912399,0.5954545736312866,0.029172956943511963,80,3,86,0.03417671471834183,0.47021943573667707,0.3,120,169,wall,both,1,1,1,1,1,1,0.0,7,7,0,alpha,full,huber,11.713937322242826,-4.716954935432454,1.5178675828119772,11.101760514804399,-4.411135152949132,1.7037914998389807,10.876824916808264,-4.607024202206473,1.7917469469696519,60.85463090213272,0.03417671471834183,80,1.4081347584724426,1.0,1.0,disabled,single,3,row_1,row_2,-0.08226620405912399,-0.8156343102455139,0.6695657324637586,0.3215847881154107,0.6752512078714679,0.7333681061863899,0.31885973318668287,0,18,0,disabled,0,0.0,50.0,alpha
456,1.1829372644424438,-0.578239917755127,-35.228878021240234,-0.13237211108207703,0.76976478099823,0.013067960739135742,99,26,42,0.04588223993778229,0.47318611987381703,0.3,120,167,wall,both,1,1,1,1,1,1,0.0,10,10,0,alpha,full,huber,11.29832610827091,-3.396700553748139,1.9053168400978144,11.128000983178344,-3.764971366933386,1.7369340715149857,10.956205466724946,-3.8822672172985886,1.7810339564518616,55.05271342308076,0.045882243663072586,80,1.6755035519599915,1.0,1.0,disabled,single,3,row_1,row_2,-0.13237211108207703,-0.684328556060791,0.6267418081078093,0.3608918112340897,0.7149620576988489,0.551956444978714,0.3348485013773764,0,18,0,disabled,0,0.0,50.0,alpha
460,1.4561010599136353,-0.8761281967163086,-34.150264739990234,-0.1834450215101242,0.8823369145393372,0.05057692527770996,95,29,38,0.03769425302743912,0.4807692307692307,0.3,120,162,wall,both,1,1,1,1,1,1,0.0,9,9,0,alpha,full,huber,11.118182446202852,-3.019022701575363,2.062877203554658,11.106653252593523,-3.278980311061609,1.7929447455740735,11.00518226517378,-3.392207653605286,1.7831947744032197,57.041299341166,0.03769425302743912,80,1.8342721462249756,1.0,1.0,disabled,single,3,row_1,row_2,-0.1834450215101242,-0.6121166944503784,0.5962983164130736,0.3884130750762994,0.7395277405614538,0.4286716729402542,0.3335691847360486,0,18,0,disabled,0,0.0,50.0,alpha
464,0.5383135676383972,-0.1197444275021553,-21.345428466796875,-0.2574019730091095,1.0760912895202637,0.004279434680938721,109,3,21,0.04689029976725578,0.5300353356890459,0.3,120,133,wall,both,1,1,1,1,1,1,0.0,9,9,0,alpha,full,huber,10.796870642159904,-2.412321955582228,1.87323412853591,10.942987075845561,-2.7595349621124066,1.9269710286031516,10.930305518489504,-2.855648860132254,1.8605080347681389,52.59309954324196,0.04689029976725578,80,1.0601036548614502,1.0,1.0,disabled,single,3,row_1,row_2,-0.2574019730091095,-0.4591403305530548,0.5382263295180045,0.43989708463210814,0.7782879263907749,0.2017383575439453,0.36207414743870114,0,18,0,disabled,0,0.0,50.0,alpha
468,1.7738392353057861,-1.3002089262008667,-21.907243728637695,-0.22965960204601288,1.009419560432434,0.028136134147644043,101,0,26,0.037716809660196304,0.5415162454873647,0.3,120,127,wall,both,1,1,1,1,1,1,0.0,6,6,0,alpha,full,huber,10.775288903770004,-1.9910201608661393,2.018464726403426,10.865331158967464,-2.2268784849019894,1.9654936022631384,10.83924490925397,-2.324233321822013,1.9188901785343777,54.77767365310106,0.0377168133854866,80,2.178818941116333,1.0,1.0,disabled,single,3,row_1,row_2,-0.22965960204601288,-0.4976969361305237,0.5553414619245173,0.42476914673184896,0.7682457709065467,0.2680373340845108,0.35851250566551185,0,18,0,disabled,0,0.0,50.0,alpha
472,0.4387235641479492,-0.07953651249408722,-20.15966033935547,-0.21617491543293,0.9841247797012329,0.01527494192123413,111,0,17,0.04215496778488159,0.539568345323741,0.3,120,128,wall,both,1,1,1,1,1,1,0.0,8,8,0,alpha,full,huber,10.718746897932986,-1.600486898060883,1.9556958343965096,10.704451597790664,-1.8320130274430086,1.9710602618153548,10.718287273531601,-1.9244815634918375,1.9494617625216648,51.019276145444735,0.04215497151017189,80,0.7837322950363159,1.0,1.0,disabled,single,3,row_1,row_2,-0.21617491543293,-0.5013285279273987,0.5597431056491841,0.4208701383275425,0.7654854657689163,0.2851536124944687,0.36410242498552725,0,18,0,disabled,0,0.0,50.0,alpha
476,1.5040132999420166,-0.9347339272499084,-25.27298355102539,-0.218857541680336,0.9919413924217224,0.007043302059173584,106,6,23,0.0746104046702385,0.5263157894736842,0.3,120,135,wall,both,1,1,1,1,1,1,0.0,9,9,0,alpha,full,huber,10.771058365810479,-1.8872738665862308,1.8994437773105313,10.568807567363578,-1.437387183541113,1.9471701849256475,10.544169863733238,-1.4255884322720094,1.9536861608471607,46.87281329093745,0.0746104046702385,80,2.125455617904663,1.0,1.0,disabled,single,3,row_1,row_2,-0.218857541680336,-0.5015071630477905,0.559127215431709,0.42146106584326515,0.7657371479709854,0.28264962136745453,0.3625207132374635,0,18,0,disabled,0,0.0,50.0,alpha
480,1.6804871559143066,-1.1669574975967407,-25.2142276763916,-0.2622275650501251,1.0442135334014893,0.06986069679260254,105,0,22,0.038967836648225784,0.5415162454873647,0.3,120,127,wall,both,1,1,1,1,1,1,0.0,7,7,0,alpha,full,huber,10.609001237039577,-1.0443830249440862,2.028612024431421,10.40095601236706,-0.8670043214288174,1.9464330152995482,10.352133345744342,-0.8371406255992273,1.9567540423309264,56.31515547481074,0.03896784037351608,80,2.0678900480270386,1.0,1.0,disabled,single,3,row_1,row_2,-0.24900098145008087,-0.4646006226539612,0.5426475871443254,0.4374054014880461,0.7714922019693558,0.2155996412038803,0.3622941990807196,0,18,0,disabled,0,0.0,50.0,alpha
484,1.555686593055725,-1.0000663995742798,-22.819828033447266,-0.15552325546741486,0.835086464881897,0.011632263660430908,109,0,23,0.039480119943618774,0.5319148936170213,0.3,120,132,wall,both,1,1,1,1,1,1,0.0,8,8,0,alpha,full,huber,10.767813726835124,-0.780679397953638,1.975694916725435,10.338250556216952,-0.665096133191957,1.895042867062205,10.293035649551934,-0.6158673215587782,1.9188511340038028,59.60225932721828,0.039480119943618774,80,1.8275100588798523,1.0,1.0,disabled,single,3,row_1,row_2,-0.15552325546741486,-0.6016483902931213,0.6012084058661419,0.38483570570045406,0.733015088428275,0.4461251348257065,0.3532903839203708,0,18,0,disabled,0,0.0,50.0,alpha
488,0.1961011439561844,-0.01589076779782772,-23.441537857055664,-0.16501803696155548,0.8562751412391663,0.022591233253479004,102,6,22,0.024744955822825432,0.5357142857142857,0.3,120,130,wall,both,1,1,1,1,1,1,0.0,11,11,0,alpha,full,huber,10.62808801776658,-0.3234035253088193,2.0359833801969485,10.366410107073657,-0.20638734401114164,1.8935221208305177,10.267742548747353,-0.2097150568311384,1.9189097046192263,76.46852956816569,0.024744955822825432,107,0.5018985867500305,1.0,1.0,disabled,single,3,row_1,row_2,-0.16501803696155548,-0.5712142586708069,0.5910663178229266,0.39375622608720834,0.7413509669898314,0.4061962217092514,0.36080901801152665,0,18,0,disabled,0,0.0,50.0,alpha
492,0.7718505859375,-0.24617905914783478,-33.09872817993164,-0.148733451962471,0.8082019686698914,0.029615938663482666,116,17,21,0.0283756535500288,0.49342105263157904,0.3,120,154,wall,both,1,1,1,1,1,1,0.0,9,9,0,alpha,full,huber,10.394361299587839,1.086614962944646,2.008756728493598,10.139237024069436,0.9943200140704875,1.8205528380868012,10.007730898044406,0.9742397197518609,1.8474299107025374,62.51756845490876,0.02837565541267395,80,1.1704387664794922,1.0,1.0,disabled,single,3,row_1,row_2,-0.148733451962471,-0.6148393154144287,0.6052491600922316,0.37975805199505475,0.7345669187102808,0.4661058634519577,0.3533816189063328,0,18,0,disabled,0,0.0,50.0,alpha
496,1.0008186101913452,-0.4138999879360199,-23.685312271118164,-0.3298267424106598,1.2182819843292236,0.0007159113883972168,127,2,25,0.029239654541015625,0.49342105263157904,0.3,120,154,wall,both,1,1,1,1,1,1,0.0,5,5,0,alpha,full,huber,9.550220909241077,3.4546120650680647,1.7800404975458841,9.697948374209194,3.32509381010647,1.7085152713078846,9.546608707993347,3.2912616975977036,1.7649449340854728,73.24272886931023,0.029239650815725327,97,1.299464225769043,1.0,1.0,disabled,single,3,row_1,row_2,-0.3298267424106598,-0.36147162318229675,0.4928992193455237,0.477545693788124,0.8057318840108129,0.03164488077163696,0.3776238066602965,0,18,0,disabled,0,0.0,50.0,alpha
500,1.2769759893417358,-0.6738296151161194,-34.03408432006836,-0.06683139503002167,0.5473718047142029,0.007827579975128174,117,0,18,0.014509647153317928,0.5263157894736842,0.3,120,135,wall,both,1,1,1,1,1,1,0.0,3,3,0,alpha,full,huber,9.764393284347145,6.0802101813075105,1.8597063519530348,9.67340069760718,5.853483626043271,1.6579698561350669,9.393271798768728,5.834989073598597,1.719236585871152,101.75997112868217,0.014509648084640503,122,1.8478339910507202,1.0,1.0,disabled,single,3,row_1,row_2,-0.06683139503002167,-0.843358039855957,0.6788563094476517,0.312274572072064,0.6683080847336103,0.7765266448259354,0.3205143996311975,0,18,0,disabled,0,0.0,50.0,alpha
504,1.147115707397461,-0.5437498092651367,-37.09130096435547,-0.23702940344810486,1.0321545600891113,0.008378088474273682,64,0,78,0.009197778068482876,0.5136986301369862,0.3,120,142,wall,both,1,1,1,1,1,1,0.0,3,3,0,alpha,full,huber,11.2933295067341,6.51604688664923,1.6049677213443534,9.91065505509398,6.551610594424618,1.6336067504722969,9.630982997458972,6.542421815284054,1.6843367986787499,183.64038807703102,0.009197778068482876,207,2.696108341217041,1.0,1.0,disabled,single,3,row_1,row_2,-0.23702940344810486,-2.7669849395751953,0.9258840809870088,0.07375829829642534,0.2664220022214197,2.5299555361270905,-0.16002316875673278,0,18,0,disabled,0,0.0,50.0,alpha
508,0.6228920817375183,-0.16032832860946655,-41.76113510131836,-0.16136223077774048,0.8501808643341064,0.013449609279632568,41,7,96,0.006581482943147421,0.5102040816326531,0.3,103,144,wall,both,1,1,1,1,1,1,0.0,6,6,0,alpha,full,huber,10.86063392914934,7.9433120315926296,1.5829581010820153,9.92031334608027,7.783967894366166,1.5952579152682413,9.727507150421868,7.7743122719140985,1.638310863217665,232.21028991079726,0.006581482943147421,250,1.924512803554535,1.0,1.0,disabled,single,3,row_1,row_2,-0.16136223077774048,-2.4624664783477783,0.9084943277215003,0.09098406640013712,0.3092230089145673,2.301104247570038,-0.0653955960476715,0,18,0,disabled,0,0.0,50.0,alpha
512,0.3915036618709564,-0.0633368268609047,-41.86196517944336,-0.29946354031562805,1.1485801935195923,0.03928697109222412,52,0,106,0.006822159048169851,0.48701298701298706,0.3,118,158,wall,both,1,1,1,1,1,1,0.0,4,4,0,alpha,full,huber,11.022989922274597,8.701203561769871,1.4910934305804595,10.019728304996953,8.508041231021014,1.609992155823157,9.865436475926554,8.514941248954399,1.650667935825748,231.58806025272108,0.006822159048169851,250,1.736671805381775,1.0,1.0,disabled,single,3,row_1,row_2,-0.29946354031562805,-2.9194304943084717,0.9318766220100153,0.0678455278710442,0.2505634460947916,2.6199669539928436,-0.22890868743852066,0,18,0,disabled,0,0.0,50.0,alpha
516,0.3638205826282501,-0.0546964555978775,0.0,-0.1568709909915924,0.8398929834365845,0.005213499069213867,0,0,0,0.007418724242597818,0.5,0.3,0,0,wall,both,1,1,1,1,1,1,0.0,0,0,0,alpha,full,huber,10.433116876307732,10.409349732237374,1.7776415199162052,10.071455051519845,9.849595332915454,1.6111760921632539,9.931654599495648,9.837344087693864,1.634115496516987,199.7452664091045,0.007418724708259106,250,1.4777637124061584,1.0,1.0,disabled,single,3,row_1,row_2,-0.1568709909915924,-2.4654150009155273,0.9091457623547169,0.09037443475538234,0.30750422043279246,2.308544009923935,-0.061621147957156425,0,18,0,disabled,0,0.0,50.0,alpha
520,0.8575453162193298,-0.30387768149375916,0.0,-0.11525053530931473,0.698454737663269,0.04094213247299194,0,0,0,0.00823945365846157,0.5,0.3,0,0,wall,both,1,1,1,1,1,1,0.0,0,0,0,alpha,full,huber,9.985012995443624,10.843636457456137,1.388344663445606,10.116197855452175,10.15796721439096,1.6271051800759793,10.028158751087991,10.092461724827743,1.6306809498416968,202.3795836066113,0.008239452727138996,250,1.7831217646598816,1.0,1.0,disabled,single,3,row_1,row_2,-0.11525053530931473,-2.0184988975524902,0.8693516319472445,0.12960603133743467,0.3936911140453808,1.9032483622431755,0.02475706049684634,0,18,0,disabled,0,0.0,50.0,alpha
524,0.09104642271995544,-0.003425393020734191,0.0,-0.028120482340455055,0.3185897171497345,0.036924779415130615,0,0,0,0.0088703827932477,0.5,0.3,0,0,wall,both,1,1,1,1,1,1,0.0,0,0,0,alpha,full,huber,9.908795610036217,10.359128551628555,1.9480803138346943,9.87138500723121,10.872023905797953,1.718503072521923,9.920310730842033,10.881857872285085,1.6752494980686956,194.01457342229162,0.0088703827932477,250,1.0280985832214355,1.0,1.0,disabled,single,3,row_1,row_2,-0.028120482340455055,-1.7533860206604004,0.8475674562606907,0.15097358566997476,0.43514012745028413,1.7252655383199453,0.13726436614664886,0,18,0,disabled,0,0.0,50.0,alpha
528,0.2487564980983734,-0.025570163503289223,0.0,-0.300150990486145,1.1553266048431396,0.029422104358673096,0,0,0,0.0075772046111524105,0.5,0.3,0,0,wall,both,1,1,1,1,1,1,0.0,0,0,0,alpha,full,huber,9.330052723829821,11.37767134317897,1.432307313505497,9.564689052463946,11.263461033902967,1.7831456268090609,9.706299085433425,11.267442120303993,1.7295484370381002,192.79670536403523,0.0075772046111524105,250,0.8567652702331543,1.0,1.0,disabled,single,3,row_1,row_2,-0.300150990486145,-1.587085247039795,0.7810603395609423,0.2156632470464254,0.5425820625620591,1.28693425655365,-0.053048117720344984,0,18,0,disabled,0,0.0,50.0,alpha
532,0.17813199758529663,-0.01311198715120554,0.0,-0.6443467736244202,1.7027097940444946,0.0043021440505981445,0,0,0,0.007198532577604055,0.5,0.3,0,0,wall,both,1,1,1,1,1,1,0.0,0,0,0,alpha,full,huber,9.096191502156525,11.880290749990213,1.7682766627780309,9.29779136103247,11.590896641281866,1.852138060190843,9.45349094068829,11.621038635470192,1.7908925703240293,208.63685540625622,0.007198532577604055,250,0.8263562917709351,1.0,1.0,disabled,single,3,row_1,row_2,-0.6443467736244202,-1.7679195404052734,0.7513256830908412,0.24426811570614596,0.5830117605932519,1.1235727667808533,-0.3584307183004603,0,18,0,disabled,0,0.0,50.0,alpha
536,0.7596703171730042,-0.2384706437587738,0.0,-0.42687854170799255,1.3627339601516724,0.058987438678741455,0,0,0,0.00801688339561224,0.5,0.3,0,0,wall,both,1,1,1,1,1,1,0.0,0,0,0,alpha,full,huber,8.668631641360367,11.24398842536222,2.0206702661872153,9.052518982507701,11.707750576433355,1.896019418336307,9.205966082437845,11.789373075114309,1.8427713155098742,205.5518995108489,0.00801688339561224,250,1.4704397916793823,1.0,1.0,disabled,single,3,row_1,row_2,-0.42687854170799255,-0.961646556854248,0.6230102461529015,0.3649626245985604,0.7158385193126193,0.5347680151462555,0.04631377214857607,0,18,0,disabled,0,0.0,50.0,alpha
540,1.804052710533142,-1.3448786735534668,0.0,-0.5934805870056152,1.6138280630111694,0.060044944286346436,0,0,0,0.007860157638788223,0.5,0.3,0,0,wall,both,1,1,1,1,1,1,0.0,0,0,0,alpha,full,huber,8.470784517135264,11.401850569827815,2.0237820772539976,8.817663688903327,11.894701864547013,1.972433369635325,8.95260108473344,11.990010045130404,1.9092128296845807,211.76252707663764,0.007860157638788223,250,2.448361039161682,1.0,1.0,disabled,single,3,row_1,row_2,-0.5934805870056152,-0.9416390061378479,0.5766392479189205,0.40709982742657963,0.7502999877698622,0.34815841913223267,-0.04294215875539076,0,18,0,disabled,0,0.0,50.0,alpha
544,2.722799062728882,-3.0634853839874268,0.0,-1.3504142761230469,2.0409398078918457,0.32259368896484375,0,0,0,0.009531937539577484,0.5,0.3,0,0,wall,both,1,1,1,1,1,1,0.0,0,0,0,alpha,full,huber,7.703307512160846,11.802004269950356,2.527556322252467,8.60776457717646,12.040195542657045,2.062998251512571,8.724663166743408,12.126369451402228,1.9975851185175504,213.74227567305243,0.009531937539577484,250,3.749206781387329,0.8001692557725242,1.0,disabled,single,3,row_2,row_1,-1.3504142761230469,-1.8128982782363892,0.580287886150126,0.3654174262577954,0.8418600898544233,0.4624840021133423,-0.8061833329690166,1,19,0,disabled,0,0.0,50.0,alpha
548,1.240622878074646,-0.6360104084014893,0.0,-1.100581169128418,2.1511590480804443,0.1330469846725464,0,0,0,0.009976550005376339,0.5,0.3,0,0,wall,both,1,1,1,1,1,1,0.0,0,0,0,alpha,full,huber,7.589506056029859,11.943143666381003,2.2227316517834774,8.362400597869623,12.182791559165256,2.1596815625722483,8.476839625722382,12.264229948061537,2.114751245435201,213.1870931937238,0.009976550936698914,250,2.1586098670959473,1.0,1.0,disabled,single,3,row_2,row_1,-1.100581169128418,-1.6243104934692383,0.5914912140419133,0.35034469239886407,0.8434987931269404,0.5237293243408203,-0.5754727197636414,0,19,0,disabled,0,0.0,50.0,alpha
552,2.316312789916992,-2.2170681953430176,-44.83056640625,-1.2482495307922363,2.28726863861084,0.14487820863723755,23,0,56,0.018594402819871902,0.6550218340611353,0.3,79,79,wall,both,1,1,1,1,1,1,0.0,1,1,0,alpha,full,huber,7.28568077840608,12.120323504944015,2.2460017236400986,7.9095631275178135,12.335129844116242,2.347748829133788,8.08680427783974,12.432244233829966,2.2828489313264324,161.4412103972792,0.018594402819871902,250,3.1079074144363403,0.9652797203883531,1.0,disabled,single,3,row_2,row_1,-1.2482495307922363,-2.07245135307312,0.635867660344547,0.27888196790033803,0.8539217697566222,0.8242018222808838,-0.7954847122790552,0,19,0,disabled,0,0.0,50.0,alpha
556,2.907726287841797,-3.493748903274536,0.0,-2.0203888416290283,2.6238222122192383,0.34666353464126587,0,0,0,0.00949409045279026,0.5,0.3,0,0,wall,both,1,1,1,1,1,1,0.0,0,0,0,alpha,full,huber,6.314949121423485,12.323738746346768,-2.2994145944470246,6.979675379020296,12.958584658581074,3.0299596393663575,7.164026507433711,13.085368835379935,2.9522067881251726,204.87129950939294,0.00949409045279026,240,3.6209378242492676,0.8285146405743635,1.0,disabled,single,3,row_2,row_3,-2.0203888416290283,-3.088627338409424,0.6610013057167945,0.22712881385115416,0.8553550324534045,1.0682384967803955,-1.6063893778624276,0,19,1,disabled,0,0.0,50.0,alpha
560,2.115785837173462,-1.8498139381408691,-46.09855270385742,-1.3186101913452148,2.411813259124756,0.07977914810180664,10,1,73,0.019775738939642906,0.641025641025641,0.3,83,84,wall,both,1,1,1,1,1,1,0.0,3,3,0,alpha,full,huber,5.134194149239413,11.773992205046216,-1.8042069799612332,5.849342683910995,12.648711865245605,-2.179794004383083,6.04827984209955,12.92047579803656,-2.3318146116312466,117.51900041756174,0.019775738939642906,250,3.1042287349700928,0.9664236292268272,1.0,disabled,single,3,row_3,row_2,-1.3186101913452148,-1.7559034824371338,0.5750912307180736,0.3713835660323427,0.842719091622996,0.43729329109191895,-0.7653836026933144,1,20,0,disabled,0,0.0,50.0,alpha
564,2.196171760559082,-1.9930455684661865,-48.435184478759766,-2.5300002098083496,3.3496670722961426,0.09470343589782715,5,0,115,0.016725467517971992,0.5555555555555556,0.3,120,120,wall,both,1,1,1,1,1,1,0.0,2,2,0,alpha,full,huber,4.881547394081547,12.755714435095411,-1.840773784355964,5.426779826347969,12.239055498897237,-1.606758394077482,5.551788554645141,12.383296839245542,-1.707554723226683,122.99943528650853,0.016725467517971992,250,3.0237467288970947,0.9921465879829967,1.0,disabled,single,3,row_3,row_2,-2.5300002098083496,-3.064013957977295,0.5923422839053135,0.34725900093045403,0.8470090319231909,0.5340137481689453,-2.006329580899737,0,20,1,disabled,0,0.0,50.0,alpha
568,3.4027671813964844,-4.717604637145996,-47.324256896972656,-1.6747511625289917,2.7438230514526367,0.020627498626708984,7,0,99,0.026384545490145683,0.5859375,0.3,99,106,wall,both,1,1,1,1,1,1,0.0,10,10,0,alpha,full,huber,4.646849363760354,12.159294951274394,-1.6055190935033479,5.238211707230534,11.482480137296498,-0.824026678672302,5.327104977710689,11.508416670055286,-0.8193997708223213,148.02661842061048,0.026384545490145683,250,4.183159112930298,0.7171613412281858,1.0,disabled,single,3,row_3,row_2,-1.6747511625289917,-2.593708038330078,0.6463734309709587,0.257860960659541,0.8562028963953893,0.9189568758010864,-1.2383732868318795,0,20,1,disabled,0,0.0,50.0,alpha
572,2.3147404193878174,-2.2140591144561768,-44.43077850341797,-0.5727251172065735,1.5985296964645386,0.03458213806152344,20,1,97,0.017472224310040474,0.5597014925373135,0.3,104,118,wall,both,1,1,1,1,1,1,0.0,12,12,0,alpha,full,huber,4.822125854916625,11.002435986552442,-1.1383000474133418,5.164845553841019,11.404729226204145,-0.9936448290703899,5.305964123731737,11.378490681125466,-0.8344022391249069,114.62495653969795,0.017472224310040474,250,2.860825300216675,1.0,1.0,disabled,single,3,row_3,row_2,-0.5727251172065735,-1.5163938999176025,0.6487962321076786,0.25250976281817517,0.8567723012841486,0.943668782711029,-0.140088533529859,0,20,0,disabled,0,0.0,50.0,alpha
576,4.008211612701416,-6.218707084655762,-34.88121032714844,-0.37761396169662476,1.3002253770828247,0.02173471450805664,42,0,64,0.03189702332019806,0.5859375,0.3,96,106,wall,both,1,1,1,1,1,1,0.0,12,12,0,alpha,full,huber,5.106369755473227,10.62523957278375,-1.1931821731306709,5.098109140131706,11.012727978579754,-1.1598897354522024,5.329030591413935,11.025763697246541,-0.9502208591458374,85.00390238348268,0.03189702332019806,164,4.262783527374268,0.7037655045664258,1.0,disabled,single,3,row_3,row_2,-0.37761396169662476,-1.0716580152511597,0.6176128458929672,0.3085295869671008,0.8528796442606594,0.6940440535545349,0.10427951909409466,0,20,0,disabled,0,0.0,50.0,alpha
580,3.733016014099121,-5.536403656005859,-44.006935119628906,-0.689115047454834,1.6989283561706543,0.10810667276382446,18,1,89,0.021709881722927094,0.5813953488372093,0.3,88,108,wall,both,1,1,1,1,1,1,0.0,10,10,0,alpha,full,huber,4.34434207682616,11.090310966626348,-1.871336715560278,4.962257750059182,10.727571326202842,-1.3152771546360988,5.212208048069957,10.742976251570987,-1.1184955164819543,112.62241864678344,0.021709881722927094,169,4.462674617767334,0.6722426026885404,1.0,disabled,single,3,row_3,row_4,-0.689115047454834,-2.07725191116333,0.6733372081761221,0.16802443121333,0.8580805746119806,1.388136863708496,-0.29360602490029236,0,20,0,disabled,0,0.0,50.0,alpha
584,3.436548948287964,-4.801361083984375,-49.675655364990234,-0.16337120532989502,0.857420802116394,3.552436828613281e-05,34,3,106,0.051361724734306335,0.5119453924914675,0.3,120,143,wall,both,1,1,1,1,1,1,0.0,12,12,0,alpha,full,huber,4.232909143225981,10.175589970632624,-1.3936260896657255,4.760789231527275,10.289639027777232,-1.4887175175941603,5.04505232550245,10.326681921413952,-1.2892104465795295,46.90323723065372,0.051361724734306335,83,4.345259666442871,0.690407531491868,1.0,disabled,single,3,row_3,row_4,-0.16337120532989502,-1.250766396522522,0.6622907464412898,0.22325384944149032,0.8557444689676577,1.087395191192627,0.24867942011262262,0,20,0,disabled,0,0.0,50.0,alpha
588,1.901532769203186,-1.4941433668136597,-40.03534698486328,-0.1664016842842102,0.7447246313095093,0.10282373428344727,40,4,85,0.02597995474934578,0.5376344086021506,0.3,120,129,wall,both,1,1,1,1,1,1,0.0,13,13,0,alpha,full,huber,3.999048327583168,9.811562277530456,-1.859516965225154,4.720151933749003,9.683366828036583,-1.4898386312745175,4.9506412363031025,9.681492396001875,-1.3866214712739495,71.2082849010504,0.02597995661199093,83,3.097332000732422,0.9685755351026606,1.0,disabled,single,3,row_3,row_4,-0.1664016842842102,-0.9388998746871948,0.629866018408814,0.2909085443448009,0.8512254207034775,0.7724981904029846,0.29584646712200674,0,20,0,disabled,0,0.0,50.0,alpha
592,1.3491711616516113,-0.7521747350692749,-37.55320358276367,-0.048992276191711426,0.4585530459880829,0.023558974266052246,75,0,72,0.01637944206595421,0.5050505050505051,0.3,120,147,wall,both,1,1,1,1,1,1,0.0,13,13,0,alpha,full,huber,4.253481698467331,8.89367148210386,-1.6195499656228534,4.58889153577636,9.145174936431522,-1.542297704088346,4.798277656406875,9.136371390384461,-1.4571907835581905,126.45039381080316,0.01637944206595421,143,1.7980211973190308,1.0,1.0,disabled,single,3,row_3,row_4,-0.048992276191711426,-0.9124521613121033,0.6392305066596425,0.2695638370598221,0.857838648940225,0.8634598851203918,0.3984978831636415,0,20,0,disabled,0,0.0,50.0,alpha
596,1.7722302675247192,-1.297851324081421,-35.03706741333008,-0.24466636776924133,1.049284815788269,3.039836883544922e-06,80,8,53,0.0102715864777565,0.5154639175257733,0.3,113,141,wall,both,1,1,1,1,1,1,0.0,10,10,0,alpha,full,huber,3.706228377223515,8.588501161132879,-1.4045296596234693,4.37072538555678,8.684977798574335,-1.5957801524143165,4.588605205503459,8.664774428574514,-1.5174554422104771,212.3649002901965,0.0102715864777565,250,2.510438561439514,1.0,1.0,disabled,single,3,row_3,row_4,-0.24466636776924133,-0.4530421197414398,0.5302084148600273,0.43047722241464026,0.8264695300759816,0.2083757519721985,0.38981874637862024,0,20,0,disabled,0,0.0,50.0,alpha
600,0.7776736617088318,-0.24990758299827576,-32.195716857910156,-0.13269397616386414,0.7441990375518799,0.04854828119277954,112,0,36,0.0154342046007514,0.5033557046979865,0.3,118,148,wall,both,1,1,1,1,1,1,0.0,12,12,0,alpha,full,huber,5.706145437754254,7.709632042905513,-1.063032393999511,5.183115124496137,8.056981004036503,-1.3459758614666955,4.929252582157616,8.074512597361124,-1.4255090538161315,163.73915004986813,0.0154342046007514,250,1.3841913938522339,1.0,1.0,disabled,single,3,row_3,row_2,-0.13269397616386414,-0.7188398241996765,0.6006004180697251,0.33421483461123636,0.8504801167253685,0.5861458480358124,0.377131451182497,0,20,0,disabled,0,0.0,50.0,alpha
604,1.927342176437378,-1.5349783897399902,-36.38583755493164,-0.24595940113067627,1.0520411729812622,0.0012031793594360352,70,36,52,0.010131471790373325,0.48701298701298706,0.3,110,158,wall,both,1,1,1,1,1,1,0.0,14,14,0,alpha,full,huber,3.8868377671559524,7.650903790072287,-1.4249698175361034,4.866545562220617,7.612727821605722,-1.4382297015410666,4.927598427177813,7.596124866338531,-1.4366183601775964,205.17978310194468,0.010131471790373325,250,3.7016243934631348,0.8104550005932085,1.0,disabled,single,3,row_3,row_4,-0.24595940113067627,-0.4627833068370819,0.5322136379067071,0.4284701517297756,0.8260476388713172,0.21682390570640564,0.38475089410687446,0,20,0,disabled,0,0.0,50.0,alpha
608,1.1917353868484497,-0.5868732333183289,-35.38413619995117,-0.27045291662216187,0.9279891848564148,0.13919544219970703,86,22,44,0.00978567823767662,0.49668874172185423,0.3,113,152,wall,both,1,1,1,1,1,1,0.0,15,15,0,alpha,full,huber,4.124598695368941,7.085056686168192,-0.8701469069550201,4.6985202950386045,7.047128743827007,-1.420700199458016,4.840715174108281,7.004451856333395,-1.428770055599163,211.99890072835979,0.00978567823767662,250,1.9339228868484497,1.0,1.0,disabled,single,3,row_3,row_4,-0.2554975748062134,-0.632308304309845,0.5647238505231774,0.38742648785094874,0.835510903496813,0.3768107295036316,0.31592085264762093,0,20,0,disabled,0,0.0,50.0,alpha
612,0.4245738089084625,-0.0744888111948967,-30.239721298217773,-0.2518739402294159,1.0588313341140747,0.02588731050491333,98,23,29,0.016671055927872658,0.5,0.3,106,150,wall,both,1,1,1,1,1,1,0.0,14,14,0,alpha,full,huber,3.6987575677922235,6.450779891974816,-1.1813465637146008,4.170891859387998,6.341411415384282,-1.4343138055179223,4.525455614335124,6.268119809835307,-1.4312687895061522,166.434179682795,0.016671055927872658,250,1.4264803528785706,1.0,1.0,disabled,single,3,row_4,row_3,-0.2518739402294159,-0.4717605710029602,0.5319747856926048,0.42696816786757075,0.8302168883173793,0.2198866307735443,0.37928524584892287,1,21,0,disabled,0,0.0,50.0,alpha
616,0.4615345597267151,-0.088022381067276,-34.46821975708008,-0.1642780750989914,0.5699131488800049,0.15021491050720215,105,1,32,0.010607397183775902,0.5208333333333334,0.3,101,138,wall,both,1,1,1,1,1,1,0.0,14,14,0,alpha,full,huber,2.1675951142413408,5.7197607531269945,-1.9645996519151638,3.761357338324169,5.358461435762381,-1.6148887217380967,4.173553350989353,5.281110547333499,-1.5432711487145547,193.0731621905019,0.010607397183775902,250,2.4335880279541016,1.0,1.0,disabled,single,3,row_4,row_5,-0.1642780750989914,-0.9307331442832947,0.6273588053970375,0.2915068676438942,0.8556167272141145,0.7664550691843033,0.3019585695155139,0,21,0,disabled,0,0.0,50.0,alpha
620,3.6613566875457764,-5.35873556137085,-26.920846939086914,-0.16093012690544128,0.832541823387146,0.04112207889556885,111,15,12,0.01478527020663023,0.5208333333333334,0.3,106,138,wall,both,1,1,1,1,1,1,0.0,12,12,0,alpha,full,huber,3.6932869044029633,5.1677165164538,-1.0930103391031745,3.11332038633188,4.706359723126447,-1.7196538195794737,3.599926588344988,4.619896528951312,-1.6315849178337605,212.15550217056494,0.01478527020663023,250,3.737662672996521,0.8026406507131021,1.0,disabled,single,3,row_4,row_3,-0.16093012690544128,-0.6358488202095032,0.5796979180682943,0.36053478521103643,0.8522670481701716,0.4749186933040619,0.3843180151324995,0,21,0,disabled,0,0.0,50.0,alpha
624,2.5889151096343994,-2.769620418548584,-22.93367576599121,-0.1834050863981247,0.902189314365387,0.02488839626312256,120,5,10,0.009863292798399925,0.5263157894736842,0.3,120,135,wall,both,1,1,1,1,1,1,0.0,6,6,0,alpha,full,huber,3.856979496255597,4.685379415635631,-1.1572123366591383,2.7740650366183996,4.260434275692461,-1.7345747902353614,3.1318534869141996,4.194646549303353,-1.6882858411365531,213.98755045509947,0.009863292798399925,250,2.0527877807617188,1.0,1.0,disabled,single,3,row_4,row_3,-0.1834050863981247,-0.5802782773971558,0.5656741500085711,0.3803702097797481,0.8474837956730787,0.39687319099903107,0.3863319868621996,0,21,0,disabled,0,0.0,50.0,alpha
628,1.222753643989563,-0.6178208589553833,-25.122314453125,-0.22768698632717133,0.9610280394554138,0.07416057586669922,123,8,8,0.01257577445358038,0.5190311418685121,0.3,118,139,wall,both,1,1,1,1,1,1,0.0,7,7,0,alpha,full,huber,4.001660865160688,4.250714513448619,-0.9690251841872448,2.6963857470260666,3.7043148484405384,-1.6534859728836528,2.8596017437062153,3.6475463233243355,-1.6705959624774247,185.0046696143157,0.01257577445358038,250,1.5171971321105957,1.0,1.0,disabled,single,3,row_4,row_3,-0.22768698632717133,-0.564356803894043,0.554763739501434,0.3961815282749645,0.8415827499092189,0.33666981756687164,0.36152596413420723,0,21,0,disabled,0,0.0,50.0,alpha
632,0.410224050283432,-0.06953874975442886,-25.737138748168945,-0.25509151816368103,1.0713119506835938,0.0033208727836608887,82,11,33,0.010411527939140797,0.5434782608695653,0.3,110,126,wall,both,1,1,1,1,1,1,0.0,13,13,0,alpha,full,huber,2.0211677974406266,3.793881291622242,-1.4380903468676685,2.484522979678589,3.458156657307204,-1.605354598921899,2.6417725720433722,3.428175904172088,-1.6381056425746834,194.9920968245049,0.010411527939140797,250,1.1588170528411865,1.0,1.0,disabled,single,3,row_4,row_5,-0.25509151816368103,-0.43982258439064026,0.5246846565890271,0.43618495485606873,0.8271132625659445,0.18473106622695923,0.38986633280792327,0,21,0,disabled,0,0.0,50.0,alpha
636,0.6273457407951355,-0.16262920200824738,-24.008899688720703,-0.19429342448711395,0.9030163288116455,0.05661970376968384,123,5,12,0.01582511141896248,0.5172413793103449,0.3,120,140,wall,both,1,1,1,1,1,1,0.0,10,10,0,alpha,full,huber,1.507494937349558,3.806997843638595,-1.06040284835447,1.8201359415081702,3.128454768306373,-1.6505594127078846,2.1780316110410993,3.0876786003220573,-1.6404053005625368,165.94787167410146,0.01582511141896248,250,1.1883074641227722,1.0,1.0,disabled,single,3,row_5,row_4,-0.19236403703689575,-0.5561274290084839,0.5595450902204714,0.38891496577358003,0.8450149488425743,0.36376339197158813,0.3882671272340945,1,22,0,disabled,0,0.0,50.0,alpha
640,0.26028192043304443,-0.027994494885206223,-24.529569625854492,-0.29646673798561096,1.1550160646438599,0.0014428496360778809,90,13,38,0.009181063622236252,0.5154639175257733,0.3,120,141,wall,both,1,1,1,1,1,1,0.0,12,12,0,alpha,full,huber,1.981070736308037,2.566155520323237,-1.4492224885280114,1.935825005529459,2.609893450671124,-1.5235588373516291,2.030620692683515,2.6212686063572637,-1.5781766660130385,186.7607183906583,0.009181063622236252,250,0.788596123456955,1.0,1.0,disabled,single,3,row_5,row_4,-0.29646673798561096,-0.3880988657474518,0.5047883124665137,0.46058942613198844,0.8185961857839625,0.09163212776184082,0.3871493828376448,0,22,0,disabled,0,0.0,50.0,alpha
644,1.965679407119751,-1.5966510772705078,-24.896181106567383,-0.27913618087768555,1.1207172870635986,0.0023965835571289062,99,10,29,0.013380023650825024,0.5208333333333334,0.3,102,138,wall,both,1,1,1,1,1,1,0.0,13,13,0,alpha,full,huber,1.8719234342597866,2.985734988424677,-1.3262501216236713,2.1110050767588455,2.318093903652871,-1.391805122217937,2.0733279070713704,2.2507148766010707,-1.4813310613666042,180.61456470213824,0.013380023650825024,250,2.569354295730591,1.0,1.0,disabled,single,3,row_5,row_4,-0.27913618087768555,-0.41792169213294983,0.5148244370786099,0.448110759288285,0.8236439749416997,0.13878551125526428,0.3847931544364318,0,22,0,disabled,0,0.0,50.0,alpha
648,1.813578486442566,-1.3591185808181763,-21.863813400268555,-0.27343133091926575,1.1092511415481567,0.0003917813301086426,94,8,34,0.0099766431376338,0.5244755244755245,0.3,120,136,wall,both,1,1,1,1,1,1,0.0,6,6,0,alpha,full,huber,2.0641504238721966,1.8448553121791007,-1.4208683280701724,2.495405583561562,1.452687909025225,-1.2943671823593432,2.349661671343532,1.3191722426453907,-1.385350532205237,198.57705696736213,0.0099766431376338,250,1.806225299835205,1.0,1.0,disabled,single,3,row_5,row_4,-0.27343133091926575,-0.4199539124965668,0.5167658007089267,0.4463338406269536,0.8229571348281398,0.14652258157730103,0.3867341728829736,0,22,0,disabled,0,0.0,50.0,alpha
652,1.1929532289505005,-0.5880733132362366,-33.752113342285156,-0.13234776258468628,0.7106468677520752,0.07021200656890869,110,0,25,0.007964437827467918,0.5263157894736842,0.3,120,135,wall,both,1,1,1,1,1,1,0.0,5,5,0,alpha,full,huber,2.8338906921913636,1.3756280554386673,-1.752447599914419,2.7439754226874564,1.1233635466878829,-1.2418812549967375,2.6151076949115444,0.9525588709482378,-1.3151153788556114,210.61433192228554,0.007964437827467918,250,1.744554579257965,1.0,1.0,disabled,single,3,row_4,row_5,-0.13234776258468628,-0.7237879633903503,0.5999601879986834,0.3320956729281759,0.8553011000840647,0.5914402008056641,0.37854421671831207,1,23,0,disabled,0,0.0,50.0,alpha
656,0.5577040910720825,-0.12852638959884644,-36.44831085205078,-0.05078330263495445,0.19602547585964203,0.10173410177230835,113,2,14,0.008152318187057972,0.5376344086021506,0.3,120,129,wall,both,1,1,1,1,1,1,0.0,4,4,0,alpha,full,huber,3.8679681756902324,0.7623697457903436,-0.9396737286432497,3.2128312973790605,0.2926127045018475,-1.1415684705099707,3.080013134581165,0.06871489871025806,-1.2087888304028498,217.98912358595618,0.008152318187057972,250,1.502680242061615,1.0,1.0,disabled,single,3,row_4,row_3,-0.05078330263495445,-1.2245123386383057,0.6619287914012095,0.20467614475586401,0.866509558562742,1.1737290360033512,0.36181399205499654,0,23,0,disabled,0,0.0,50.0,alpha
660,0.817589282989502,-0.2762199342250824,-32.45368576049805,-0.2943034768104553,1.148017168045044,0.018698930740356445,121,11,39,0.009184543043375015,0.4672897196261683,0.3,120,171,wall,both,1,1,1,1,1,1,0.0,5,5,0,alpha,full,huber,2.8107619953710667,-1.061671671203434,-1.609407143806131,3.6275158862953165,-0.9650468367386729,-1.1505963086609057,3.60905464784771,-1.1016948361496348,-1.174763487951477,198.8840277685011,0.009184543043375015,250,1.5037314295768738,1.0,1.0,disabled,single,3,row_4,row_5,-0.2943034768104553,-0.39302554726600647,0.5070883844370413,0.4594192749748583,0.8154358170863851,0.09872207045555115,0.3847664854957191,0,23,0,disabled,0,0.0,50.0,alpha
664,1.5889389514923096,-1.0432757139205933,-28.79617691040039,-0.19567178189754486,0.9383565187454224,0.000738978385925293,95,29,30,0.012902097776532173,0.49342105263157904,0.3,120,154,wall,both,1,1,1,1,1,1,0.0,3,3,0,alpha,full,huber,2.6788843179217086,-2.3896315159132326,-1.372043492644559,3.622836773167661,-2.3656277919712965,-1.192822201519178,3.858638191554361,-2.375640714563196,-1.1417718147069773,182.89552021501441,0.012902097776532173,250,2.443541646003723,1.0,1.0,disabled,single,3,row_5,row_4,-0.19567178189754486,-0.5384897589683533,0.5563197070665035,0.3948575885723757,0.8405692670510843,0.3428179770708084,0.39074035538093266,1,24,0,disabled,0,0.0,50.0,alpha
668,1.0791279077529907,-0.48120540380477905,-28.02208137512207,-0.16219064593315125,0.8541483879089355,0.003962516784667969,90,28,36,0.01246379129588604,0.49342105263157904,0.3,120,154,wall,both,1,1,1,1,1,1,0.0,3,3,0,alpha,full,huber,5.11399658390164,-2.346096329081482,-1.3225892953702294,4.22856222348582,-2.991820199101058,-1.1382558648857912,4.237979084304545,-3.099032117900593,-1.1291306862779988,190.50420162196747,0.01246379129588604,250,1.7605010867118835,1.0,1.0,disabled,single,3,row_4,row_3,-0.16219064593315125,-0.5966813564300537,0.5731199495504109,0.3711492676422208,0.8478052231137461,0.43449071049690247,0.394469602202866,1,25,0,disabled,0,0.0,50.0,alpha
672,0.7864352464675903,-0.2555704116821289,0.0,-0.01843901164829731,0.24412928521633148,0.03567516803741455,0,0,0,0.00838120374828577,0.5,0.3,0,0,wall,both,1,1,1,1,1,1,0.0,0,0,0,alpha,full,huber,6.736223742279035,-3.506861817902641,-1.1256226202894224,5.564975328247632,-4.244601376139578,-1.0465648498479772,5.313902261433139,-4.461038635161013,-1.076296272575651,192.16271200572132,0.008381204679608345,250,1.8195351362228394,1.0,1.0,disabled,single,3,row_3,row_4,-0.01843901164829731,-1.1404627561569214,0.6604838337178112,0.2150668485586484,0.8638078750263705,1.122023744508624,0.39634361949565905,1,26,0,disabled,0,0.0,50.0,alpha
676,0.8906524777412415,-0.3277941346168518,0.0,-0.017463812604546547,0.27319255471229553,0.014670312404632568,0,0,0,0.008417699486017227,0.5,0.3,0,0,wall,both,1,1,1,1,1,1,0.0,0,0,0,alpha,full,huber,7.347245465990214,-4.017873265586584,-1.23867739628519,6.572306546728816,-4.900238940362989,-1.0208012702670823,6.244460024756057,-5.144815378979809,-1.0411833335972367,207.88226488501724,0.008417700417339802,250,2.175063133239746,1.0,1.0,disabled,single,3,row_3,row_2,-0.017463812604546547,-1.1186854839324951,0.6587363595319286,0.21900656832543886,0.8645117101890145,1.1012216713279486,0.39996807332930084,0,26,0,disabled,0,0.0,50.0,alpha
680,2.209578037261963,-2.0174524784088135,0.0,-0.06317711621522903,0.33607420325279236,0.09658735990524292,0,0,0,0.008650667034089565,0.5,0.3,0,0,wall,both,1,1,1,1,1,1,0.0,0,0,0,alpha,full,huber,7.492493756798064,-4.52120587860908,-0.9670454866299933,7.027173375375499,-5.105457424416519,-1.0025132985483651,6.787963667117104,-5.3162191147941735,-1.0157862807353402,204.93904408862917,0.008650667034089565,250,2.9129345417022705,1.0,1.0,disabled,single,3,row_3,row_2,-0.06317711621522903,-1.1000354290008545,0.6522760592074546,0.23127548210850646,0.8677302294357057,1.0368583127856255,0.36411028675789026,0,26,0,disabled,0,0.0,50.0,alpha
684,2.834653854370117,-3.3203563690185547,0.0,-0.008132731541991234,0.1668710857629776,0.021827995777130127,0,0,0,0.0104207843542099,0.5,0.3,0,0,wall,both,1,1,1,1,1,1,0.0,0,0,0,alpha,full,huber,7.148556869395351,-5.4470109249121155,-1.1578626656703825,7.1157189890374415,-5.840479617524852,-1.0646548568181708,7.155055889626116,-5.905886298239616,-1.0092599349335991,191.12034298909617,0.0104207843542099,250,3.4022005796432495,0.8817822258776337,1.0,disabled,single,3,row_3,row_4,-0.008132731541991234,-1.1748297214508057,0.6629555518117581,0.2064402361140821,0.8640718409303094,1.1666969899088144,0.40291460050953826,0,26,0,disabled,0,0.0,50.0,alpha
688,1.1257858276367188,-0.523716390132904,0.0,-0.07498688995838165,0.43964684009552,0.08859038352966309,0,0,0,0.010041705332696438,0.5,0.3,0,0,wall,both,1,1,1,1,1,1,0.0,0,0,0,alpha,full,huber,6.926523485050992,-5.720636878365728,-0.9430852536297376,7.220506563072815,-6.12543854717808,-1.1127433355050562,7.276603626412964,-6.162629494003859,-1.053564359804318,197.96410531412246,0.010041705332696438,250,1.9276772141456604,1.0,1.0,disabled,single,3,row_3,row_4,-0.07498688995838165,-0.9474555253982544,0.6399166230698679,0.26743305035753906,0.8587915937826323,0.8724686354398727,0.3714304976100836,0,26,0,disabled,0,0.0,50.0,alpha
692,2.5388028621673584,-2.663438081741333,0.0,-0.0627528727054596,0.13827620446681976,0.11972242593765259,0,0,0,0.009919277392327785,0.5,0.3,0,0,wall,both,1,1,1,1,1,1,0.0,0,0,0,alpha,full,huber,5.307348315575568,-7.307782166072064,-1.8878408406669718,7.278966202758661,-6.804796298325263,-1.5118127208704057,7.443273728843613,-6.806510218978282,-1.4745198695258415,207.70458072260624,0.009919277392327785,250,3.5075223445892334,0.8553046011603757,1.0,disabled,single,3,row_4,row_3,-0.0627528727054596,-1.2922284603118896,0.6700568789293309,0.1959553868285101,0.8569836193873688,1.22947558760643,0.33763980357057655,1,27,0,disabled,0,0.0,50.0,alpha
696,1.676053524017334,-1.1608080863952637,0.0,-0.12156912684440613,0.32780370116233826,0.15470647811889648,0,0,0,0.009947787038981915,0.5,0.3,0,0,wall,both,1,1,1,1,1,1,0.0,0,0,0,alpha,full,huber,5.129971013114092,-7.916098658366871,-1.9571733326519336,6.911499936769682,-7.451465256951998,-1.773069449178141,7.177073574339888,-7.433308206046451,-1.6964206745897819,215.59807022595464,0.009947787038981915,250,3.284813165664673,0.913293952714951,1.0,disabled,single,3,row_4,row_5,-0.12156912684440613,-1.4331917762756348,0.6751157588128716,0.18186443034135252,0.8533612035160212,1.3116226494312286,0.27130198143112055,0,27,0,disabled,0,0.0,50.0,alpha
700,0.15646851062774658,-0.010116692632436752,0.0,-0.41429054737091064,1.3573309183120728,0.03457760810852051,0,0,0,0.007480529602617025,0.5,0.3,0,0,wall,both,1,1,1,1,1,1,0.0,0,0,0,alpha,full,huber,6.402059123813237,-8.266728384711234,-1.6572290129717213,6.81791642069688,-7.912405925262663,-2.116144574116553,6.957553087794002,-7.870888741947105,-2.1010603899639797,207.06596231330593,0.007480529602617025,250,1.2998238801956177,1.0,1.0,disabled,single,3,row_4,row_3,-0.41429054737091064,-0.6284985542297363,0.5306186958621428,0.42830504751324167,0.8305562345530006,0.21420800685882568,0.2194210552057907,0,27,0,disabled,0,0.0,50.0,alpha
704,0.501353919506073,-0.10386601835489273,-37.29800796508789,-1.5026953220367432,1.8955283164978027,0.41537928581237793,36,0,84,0.011176926083862782,0.5555555555555556,0.3,120,120,wall,both,1,1,1,1,1,1,0.0,1,1,0,alpha,full,huber,6.703955950716289,-8.809601207079755,-2.3165085514770496,6.645239842571241,-8.399624078607975,-2.7424775098259078,6.659792110595969,-8.3765912771581,-2.7574912579821556,186.15316096508522,0.011176926083862782,250,1.3134491443634033,1.0,1.0,disabled,single,3,row_4,row_3,-1.4564893245697021,-1.5026953220367432,0.4983607597811423,0.4758574023834864,0.7947753947234358,0.046205997467041016,-0.7600582775799162,0,27,0,disabled,0,0.0,50.0,alpha
708,0.808283269405365,-0.2699677050113678,-34.98276138305664,-3.7411370277404785,1.3375720977783203,0.9050812721252441,62,0,56,0.011825794354081154,0.5597014925373135,0.3,118,118,wall,both,1,1,1,1,1,1,0.0,2,2,0,alpha,full,huber,5.988388289955965,-8.695110364148752,-2.8692260475497866,6.1029039156775315,-8.635130492450088,3.0902682779534767,6.185267727067125,-8.586784790321545,3.081387871780249,196.3945470458071,0.011825794354081154,250,1.3042424321174622,1.0,1.0,disabled,single,3,row_4,row_3,-3.7411370277404785,-4.658884048461914,0.6737587974843742,0.2691113296645215,0.7828297543536239,0.9177470207214355,-3.3462539283870223,0,27,0,disabled,0,0.0,50.0,alpha
712,0.19457204639911652,-0.01564391888678074,-45.39094543457031,-1.4003785848617554,1.6898678541183472,0.4331492781639099,40,0,80,0.007976055145263672,0.5555555555555556,0.3,120,120,wall,both,1,1,1,1,1,1,0.0,3,3,0,alpha,full,huber,4.559913040945478,-9.156605087515048,2.7162194154400403,5.702443058844579,-8.672446237035786,2.8553583432045686,5.789062757437994,-8.626023229510329,2.835270758234592,214.024626777355,0.007976055145263672,250,1.6789329648017883,1.0,1.0,disabled,single,3,row_4,row_5,-1.4003785848617554,-1.508944034576416,0.5012123738905689,0.44964773339679126,0.8536620348301203,0.10856544971466064,-0.7096532171254438,0,27,0,disabled,0,0.0,50.0,alpha
716,0.6145826578140259,-0.1560792773962021,-38.201480865478516,-0.4891015291213989,0.7793952822685242,0.2945457696914673,55,9,65,0.010447836481034756,0.5376344086021506,0.3,120,129,wall,both,1,1,1,1,1,1,0.0,3,3,0,alpha,full,huber,5.272902245655482,-8.378271629274394,2.5358335400011107,5.045561434985859,-8.508511976717951,2.1059919874602717,5.05741801165818,-8.459323519610743,2.0902266714591393,194.81246323112953,0.010447836481034756,250,1.016175925731659,1.0,1.0,disabled,single,3,row_4,row_5,-0.4891015291213989,-1.6352869272232056,0.6419036406447942,0.20402709463632354,0.8970323318163969,1.1461853981018066,-0.04578445011063198,0,27,0,disabled,0,0.0,50.0,alpha
720,0.6327872276306152,-0.1654626876115799,-25.931699752807617,-0.18699520826339722,0.03319476917386055,0.21390146017074585,105,0,12,0.020860206335783005,0.5617977528089888,0.3,104,117,wall,both,1,1,1,1,1,1,0.0,4,4,0,alpha,full,huber,5.2012583990246,-7.3114926529185515,2.414426065948092,4.695608197758627,-7.853013455542036,1.8401933781102289,4.676270762547924,-7.807297467953941,1.801843226853384,154.42835180913792,0.020860208198428154,250,0.7107825875282288,1.0,1.0,disabled,single,3,row_4,row_3,-0.18699520826339722,-1.4964295625686646,0.6530824075381559,0.176314435326024,0.8859355343811974,1.3094343543052673,0.23905675103075497,0,27,0,disabled,0,0.0,50.0,alpha
724,0.10568298399448395,-0.004615245386958122,-29.93459129333496,-0.16309581696987152,0.8497536778450012,0.025399982929229736,108,0,12,0.010918118990957737,0.5555555555555556,0.3,120,120,wall,both,1,1,1,1,1,1,0.0,2,2,0,alpha,full,huber,4.18585888769968,-6.689828506472813,1.9907455955952162,4.403528374219055,-6.9846472680817,1.8197440736962711,4.441020226189823,-6.992489279460747,1.7780998184013672,191.91999344954132,0.010918118990957737,250,0.7074674665927887,1.0,1.0,disabled,single,3,row_4,row_5,-0.16309581696987152,-0.6428633332252502,0.5812635739743609,0.3597598744384668,0.8500942173613824,0.4797675162553787,0.3794551523092089,0,27,0,disabled,0,0.0,50.0,alpha
728,0.7815855741500854,-0.2524281144142151,-18.759153366088867,-0.3382847309112549,1.2335538864135742,0.0058380961418151855,106,2,15,0.01142762042582035,0.5494505494505495,0.3,120,123,wall,both,1,1,1,1,1,1,0.0,3,3,0,alpha,full,huber,3.593938624722092,-5.956266963415381,1.8458293026728692,3.994765360085465,-6.339954913570383,1.874332508259607,4.126297736205915,-6.3041894674153065,1.8030004566418771,171.6583206522496,0.01142762042582035,250,1.359223186969757,1.0,1.0,disabled,single,3,row_5,row_4,-0.3382847309112549,-0.3693179488182068,0.49165304826713174,0.47662978781644383,0.8117074135652719,0.031033217906951904,0.37169726678841264,1,28,0,disabled,0,0.0,50.0,alpha
732,0.37425410747528076,-0.05787856876850128,-18.38274383544922,-0.3427295684814453,1.2418169975280762,0.003073751926422119,137,0,14,0.010935209691524506,0.4983388704318937,0.3,120,151,wall,both,1,1,1,1,1,1,0.0,4,4,0,alpha,full,huber,3.7313801933034507,-6.410450004036825,1.8433035648387888,3.7496005691652328,-6.193151940913918,1.8880523083967646,3.884917743758538,-6.098505904404908,1.8299511375198616,172.50798083714054,0.010935209691524506,229,0.7735543251037598,1.0,1.0,disabled,single,3,row_4,row_5,-0.3427295684814453,-0.37200644612312317,0.490803304562747,0.4766424209657462,0.8139905688279064,0.029276877641677856,0.3689822646736701,1,29,0,disabled,0,0.0,50.0,alpha
736,1.3944370746612549,-0.8034937381744385,-32.98411560058594,-0.12831935286521912,0.6616038084030151,0.08721721172332764,111,17,27,0.01526807900518179,0.49180327868852464,0.3,120,155,wall,both,1,1,1,1,1,1,0.0,4,4,0,alpha,full,huber,3.0731690433688605,-6.307870022816269,2.1584705595264975,3.5183318088751783,-5.933853354487161,1.9606885436898864,3.6415854104172634,-5.850619823884255,1.8777266122276774,142.93081033719625,0.01526807900518179,180,2.118855595588684,1.0,1.0,disabled,single,3,row_5,row_4,-0.12831935286521912,-0.7991971373558044,0.6113169550213035,0.312541664961794,0.8604212649802783,0.6708777844905853,0.3638203534595069,1,30,0,disabled,0,0.0,50.0,alpha
740,2.744445323944092,-3.1123886108398438,-28.94394302368164,-0.2962976098060608,0.4958272874355316,0.24332702159881592,120,32,2,0.027911633253097534,0.49342105263157904,0.3,120,154,wall,both,1,1,1,1,1,1,0.0,4,4,0,alpha,full,huber,2.8170778922502464,-5.797377050809016,2.4639197040820235,3.3564480386185473,-5.628147963222564,1.9606824312829911,3.435549645797093,-5.572996655805277,1.8976856369156767,78.39435156814099,0.027911633253097534,97,3.4719762802124023,0.8640612025772455,1.0,disabled,single,3,row_5,row_4,-0.2962976098060608,-1.132852554321289,0.6320437527221748,0.2738015780157592,0.8671190741387228,0.8365549445152283,0.16249904843465168,0,30,0,disabled,0,0.0,50.0,alpha
744,3.1401238441467285,-4.066423416137695,-31.893693923950195,-0.27891838550567627,0.4347970187664032,0.240919828414917,110,23,10,0.022945018485188484,0.5119453924914675,0.3,120,143,wall,both,1,1,1,1,1,1,0.0,4,4,0,alpha,full,huber,2.768953408008724,-5.873608037690572,2.4602297724148503,3.1109858674749744,-5.279326522177237,2.027701830577885,3.186141745492245,-5.202372599784891,1.972857601452226,81.83673966149162,0.022945018485188484,97,4.0074381828308105,0.7486079293382469,1.0,disabled,single,3,row_5,row_4,-0.27891838550567627,-1.1847548484802246,0.6394132696806927,0.25845317252581945,0.8686610814565587,0.9058364629745483,0.1682859037337358,0,30,0,disabled,0,0.0,50.0,alpha
748,1.1149147748947144,-0.5136508345603943,-40.776954650878906,-0.016923725605010986,0.05305572599172592,0.06319063901901245,131,4,20,0.01862572506070137,0.49180327868852464,0.3,120,155,wall,both,1,1,1,1,1,1,0.0,3,3,0,alpha,full,huber,2.1416513498308305,-5.15375810505033,2.1087332868238313,2.8061619523697865,-4.957707334636909,2.060816845165916,2.8914066020280087,-4.866157596728021,2.0171423948703424,77.7608809012251,0.01862572319805622,83,1.9118233919143677,1.0,1.0,disabled,single,3,row_5,row_6,-0.016923725605010986,-1.343855619430542,0.6670901023113276,0.17697230101566402,0.8663108433138111,1.326931893825531,0.38790643066075475,0,30,0,disabled,0,0.0,50.0,alpha
752,1.5289132595062256,-0.9659403562545776,-38.40703582763672,-0.049396999180316925,0.4274028539657593,0.04644054174423218,134,11,20,0.01594221219420433,0.47619047619047616,0.3,120,165,wall,both,1,1,1,1,1,1,0.0,3,3,0,alpha,full,huber,1.7124436609467868,-4.887075977677796,2.057288493481985,2.5748647399019395,-4.702800409221805,2.072636429827263,2.6545662298420396,-4.645203622932636,2.047281430488189,128.22799952452024,0.01594221219420433,138,2.589716672897339,1.0,1.0,disabled,single,3,row_5,row_6,-0.049396999180316925,-0.9599990844726562,0.6422285187199075,0.25835693640096163,0.8635437795158447,0.9106020852923393,0.39341409128452753,0,30,0,disabled,0,0.0,50.0,alpha
756,1.186222791671753,-0.5814564228057861,-28.184389114379883,-0.1376880556344986,0.783344030380249,0.018026232719421387,160,13,21,0.030263708904385567,0.43604651162790703,0.3,120,194,wall,both,1,1,1,1,1,1,0.0,12,12,0,alpha,full,huber,1.2077887490448687,-4.051123394095957,1.9278745480188952,2.0066150154515254,-3.9914449291608993,2.135862618175768,2.1250074751045473,-3.9501038259505727,2.1183458243824074,124.01716667751302,0.030263710767030716,175,2.1628737449645996,1.0,1.0,disabled,single,3,row_5,row_6,-0.1376880556344986,-0.6469042897224426,0.5862507564220304,0.3523170131879818,0.8519928347842608,0.509216234087944,0.3963196133158615,0,30,0,disabled,0,0.0,50.0,alpha
760,0.6860678195953369,-0.19449961185455322,-24.14739418029785,-0.19237622618675232,0.9296382069587708,0.008933424949645996,151,14,19,0.012279770337045193,0.44910179640718567,0.3,120,184,wall,both,1,1,1,1,1,1,0.0,9,9,0,alpha,full,huber,1.0569132910140402,-4.036170303422492,1.8714799447267723,1.5871658372275395,-3.857417720137547,2.105996787375735,1.7759190076376246,-3.8117520344993894,2.113825664066746,165.71620730585386,0.012279770337045193,250,1.3374348878860474,1.0,1.0,disabled,single,3,row_5,row_6,-0.19237622618675232,-0.539368748664856,0.5568225654686287,0.39356809907045204,0.8420325581296508,0.34699252247810364,0.3931324175334633,0,30,0,disabled,0,0.0,50.0,alpha
764,1.9109522104263306,-1.5089828968048096,-31.280851364135742,-0.23445530235767365,1.0271189212799072,0.0020290017127990723,107,51,33,0.01099780760705471,0.4398826979472141,0.3,120,191,wall,both,1,1,1,1,1,1,0.0,9,9,0,alpha,full,huber,0.8050838098167061,-3.1144774458483315,1.7948151746675327,0.9346445643091782,-3.2600657713248555,2.0895508435891283,1.1324358273641182,-3.2087955485057487,2.108018300887852,169.9574929796911,0.010997806675732136,250,2.1971230506896973,1.0,1.0,disabled,single,3,row_5,row_6,-0.23445530235767365,-0.47558408975601196,0.5359000169480082,0.4210783078280096,0.8338529152248424,0.24112878739833832,0.38935236849834076,0,30,0,disabled,0,0.0,50.0,alpha
768,1.7150355577468872,-1.2154326438903809,-20.4427433013916,-0.2856368124485016,1.133739709854126,1.8537044525146484e-05,145,0,33,0.021278640255331993,0.4573170731707317,0.3,120,178,wall,both,1,1,1,1,1,1,0.0,9,9,0,alpha,full,huber,0.6136120184673716,-2.6294296090662126,1.772439292122277,0.36909252725864883,-2.3965137939271797,2.069529318123643,0.46649069404868904,-2.34887459637827,2.094294921999084,156.11313325708582,0.021278640255331993,229,1.8106880187988281,1.0,1.0,disabled,single,3,row_5,row_6,-0.2856368124485016,-0.4172492027282715,0.5128850647175514,0.44963645766487026,0.8249356096854388,0.1316123902797699,0.3820666918496727,0,30,0,disabled,0,0.0,50.0,alpha
772,0.5150294899940491,-0.10960965603590012,-28.235071182250977,-0.18664899468421936,0.9155773520469666,0.009445250034332275,107,11,30,0.01263101864606142,0.5033557046979865,0.3,120,148,wall,both,1,1,1,1,1,1,0.0,5,5,0,alpha,full,huber,-0.10567206148171798,-1.3065509554405832,1.5946822420430529,-0.08422614384040136,-1.4839543772555954,2.085737751227856,-0.05547363102392448,-1.4936401928539453,2.0953510894275507,145.89058371600868,0.01263101864606142,164,0.7946343123912811,1.0,1.0,disabled,single,3,row_6,row_5,-0.18664899468421936,-0.5601984858512878,0.5639746743085318,0.38817639228812156,0.8357904556285931,0.3735494911670685,0.38609693751633745,1,31,0,disabled,0,0.0,50.0,alpha
776,1.210012674331665,-0.6050126552581787,-29.4871883392334,-0.24799546599388123,0.8755234479904175,0.13793104887008667,113,12,13,0.019936632364988327,0.5208333333333334,0.3,120,138,wall,both,1,1,1,1,1,1,0.0,7,7,0,alpha,full,huber,-1.9350388149389106,-1.216470101442885,2.2636913810482593,-0.7547297362710746,-0.9598493378833157,2.184097706973739,-0.6153910743757306,-0.8970500003579505,2.1514660095370903,149.63437848486848,0.019936632364988327,196,2.760417342185974,1.0,1.0,disabled,single,3,row_6,row_7,-0.2373632937669754,-0.6898329854011536,0.5776520142705137,0.3674186539286425,0.8442739996051557,0.45246969163417816,0.3114203492836206,0,31,0,disabled,0,0.0,50.0,alpha
780,0.7550177574157715,-0.23555859923362732,-29.232561111450195,-0.3357815444469452,1.2290650606155396,0.004759490489959717,90,21,36,0.01446576975286007,0.5050505050505051,0.3,120,147,wall,both,1,1,1,1,1,1,0.0,5,5,0,alpha,full,huber,0.12812591420196545,-0.7918591053232225,1.8298374153406192,-0.9194754916542887,-0.3059503954212864,2.1541390886254415,-0.9900440868411975,-0.2558373668143006,2.167102613707857,188.53510473121256,0.014465770684182644,250,1.565268874168396,1.0,1.0,disabled,single,3,row_6,row_5,-0.3357815444469452,-0.3550398647785187,0.4897888922819641,0.480446627799295,0.8063935584545635,0.019258320331573486,0.3779992683429485,0,31,0,disabled,0,0.0,50.0,alpha
784,0.5418380498886108,-0.1213175505399704,-27.67397689819336,-0.24711115658283234,1.0545097589492798,0.0007152557373046875,111,15,31,0.01832319237291813,0.4885993485342019,0.3,120,157,wall,both,1,1,1,1,1,1,0.0,5,5,0,alpha,full,huber,0.18144792999845588,0.09084230939420507,1.7870475176801817,-0.7249550369238341,0.3110394028344634,1.9688844507377792,-0.9865280420429795,0.2655766221783457,2.051402417216093,168.37791782401476,0.01832319237291813,250,1.8230924606323242,1.0,1.0,disabled,single,3,row_5,row_6,-0.24711115658283234,-0.46692582964897156,0.5318180663046151,0.4268730990578511,0.8308401689067841,0.21981467306613922,0.38434267217679385,1,32,0,disabled,0,0.0,50.0,alpha
788,0.1284639686346054,-0.006819418165832758,-34.176910400390625,-0.20366623997688293,0.5746256709098816,0.17866438627243042,105,32,23,0.008713520132005215,0.48387096774193555,0.3,120,160,wall,both,1,1,1,1,1,1,0.0,7,7,0,alpha,full,huber,-0.8890880589982632,1.045998262580978,2.3478326478881826,-0.6737748701047725,0.6892433962132363,1.9048102198454027,-0.8664196158514734,0.598147749722033,1.9764030582729912,210.02758988814105,0.008713520132005215,250,0.928206205368042,1.0,1.0,disabled,single,3,row_6,row_5,-0.20366623997688293,-0.9590900540351868,0.6233258388670563,0.2928456223077462,0.8620932908903298,0.7554238140583038,0.26901964110494175,1,33,0,disabled,0,0.0,50.0,alpha
792,0.4272499680519104,-0.07543080300092697,-37.56473159790039,-0.09214840084314346,0.399374395608902,0.11786633729934692,97,17,32,0.009162371046841145,0.5067567567567568,0.3,120,146,wall,both,1,1,1,1,1,1,0.0,5,5,0,alpha,full,huber,-1.142582119328198,1.4869088688928056,2.231207911805611,-0.910205641138703,1.0727492108822663,1.9292913958576599,-0.9480671317723235,0.9932325724020801,1.9522446962726416,210.31409072418393,0.009162371046841145,250,1.2157142162322998,1.0,1.0,disabled,single,3,row_6,row_5,-0.09214840084314346,-1.0427446365356445,0.6473175299180589,0.250195024336324,0.8616470470301175,0.9505962356925011,0.3427699313567335,0,33,0,disabled,0,0.0,50.0,alpha
796,0.44579994678497314,-0.08212297409772873,-36.95936965942383,-0.0743323490023613,0.5781300067901611,0.003771662712097168,76,23,49,0.010679288767278194,0.5033557046979865,0.3,119,148,wall,both,1,1,1,1,1,1,0.0,8,8,0,alpha,full,huber,-2.1151917328188965,1.3751081171881767,1.6539053611887606,-1.223626056562321,1.337965170927522,1.9769899784589389,-1.1540777593878713,1.3185975374142715,1.9656549070884939,208.7112936627969,0.010679288767278194,250,1.448330283164978,1.0,1.0,disabled,single,3,row_6,row_7,-0.0743323490023613,-0.8387563228607178,0.6269040878417278,0.29188783014406117,0.8560591301928411,0.7644239738583565,0.3926293709973485,0,33,0,disabled,0,0.0,50.0,alpha
800,0.3598285913467407,-0.05350273847579956,-29.281715393066406,-0.2301761358976364,1.017431378364563,0.005837798118591309,114,14,24,0.02469743974506855,0.49668874172185423,0.3,120,152,wall,both,1,1,1,1,1,1,0.0,5,5,0,alpha,full,huber,-2.5305246043576766,1.1980398038079232,1.848890984112873,-1.6953483636233309,1.560321755650114,2.0451413233290388,-1.5190198665378545,1.612899056783493,2.005453471154744,167.29943201000435,0.02469743974506855,250,1.5656989812850952,1.0,1.0,disabled,single,3,row_6,row_7,-0.2301761358976364,-0.5000993013381958,0.542679315823734,0.41430209319650246,0.8321136770001439,0.2699231654405594,0.3810605762042861,0,33,0,disabled,0,0.0,50.0,alpha
804,1.5209146738052368,-0.9558600783348083,-20.32317352294922,-0.2696355879306793,1.1014641523361206,0.002729058265686035,107,1,27,0.023232482373714447,0.5263157894736842,0.3,120,135,wall,both,1,1,1,1,1,1,0.0,6,6,0,alpha,full,huber,-2.70045380937866,1.6920602061666434,1.8051222665433908,-2.2599915466778997,1.9055360058722812,2.0455509818696536,-2.0248284821032625,1.9855241118296412,2.032662430583433,145.06163202340025,0.023232482373714447,250,2.1892443895339966,1.0,1.0,disabled,single,3,row_6,row_7,-0.2696355879306793,-0.45077386498451233,0.5243884252946666,0.43750774229215633,0.8246771152393496,0.181138277053833,0.37588701168875405,0,33,0,disabled,0,0.0,50.0,alpha
808,0.9399060010910034,-0.36505094170570374,-30.31414794921875,-0.2981899678707123,1.158352255821228,0.0020192861557006836,97,32,31,0.015022302977740765,0.48387096774193555,0.3,113,160,wall,both,1,1,1,1,1,1,0.0,6,6,0,alpha,full,huber,-2.866203258293186,2.3575044828275815,1.8069897486680722,-2.655577124144668,2.2129600788475434,1.9875670154301872,-2.461647054374435,2.291231243804793,1.998227006969083,168.71430064806674,0.015022302977740765,250,1.410349726676941,1.0,1.0,disabled,single,3,row_6,row_7,-0.2981899678707123,-0.3948817253112793,0.5057864402891991,0.45917103594909203,0.8195866556690312,0.09669175744056702,0.3834507856785683,0,33,0,disabled,0,0.0,50.0,alpha
812,1.525610327720642,-0.9617714285850525,-27.45708656311035,-0.3388986885547638,1.2348383665084839,0.0034477710723876953,97,15,30,0.013885275460779667,0.5136986301369862,0.3,120,142,wall,both,1,1,1,1,1,1,0.0,4,4,0,alpha,full,huber,-3.153756544278188,3.3316727219884106,1.8337353504010432,-2.99816836099238,2.9497749740897117,2.009331686363509,-2.889162396583525,2.9441531915234584,2.0182466473052854,167.7367816624995,0.013885275460779667,229,2.051229238510132,1.0,1.0,disabled,single,3,row_7,row_6,-0.3388986885547638,-0.3552800714969635,0.48927884093600543,0.4813290687838714,0.805364201627209,0.016381382942199707,0.37592403660706375,1,34,0,disabled,0,0.0,50.0,alpha
816,0.7168424129486084,-0.2123401015996933,-32.430763244628906,-0.2645774781703949,1.0589392185211182,0.06140094995498657,99,12,25,0.013717571273446083,0.5244755244755245,0.3,120,136,wall,both,1,1,1,1,1,1,0.0,4,4,0,alpha,full,huber,-3.631188269909481,4.975260984414079,2.1025915026661632,-3.566514265807039,4.359711279848932,1.9600242769113636,-3.542767172474239,4.308358969366498,1.9605514060682268,144.84923571419415,0.013717569410800934,191,1.3748708963394165,1.0,1.0,disabled,single,3,row_7,row_6,-0.2645774781703949,-0.4641656279563904,0.5285552814056895,0.4329227261947896,0.8249000672809532,0.19958814978599548,0.37303040039329916,0,34,0,disabled,0,0.0,50.0,alpha
820,0.21380993723869324,-0.018890367820858955,-34.52680206298828,-0.10821335762739182,0.49636727571487427,0.11444747447967529,90,19,44,0.022622479125857353,0.49504950495049505,0.3,120,153,wall,both,1,1,1,1,1,1,0.0,4,4,0,alpha,full,huber,-4.493433514464974,6.488347832191732,2.2500476391137205,-3.93395409120187,5.850778337126149,1.9028629961987762,-4.007658195362008,5.764667430334572,1.9170945588640933,82.22750746840596,0.022622479125857353,117,0.8817970156669617,1.0,1.0,disabled,single,3,row_7,row_6,-0.10821335762739182,-0.9639926552772522,0.6380239454020242,0.27112948656527386,0.8584849412706783,0.8557792976498604,0.341166106736168,0,34,0,disabled,0,0.0,50.0,alpha
824,0.8878418803215027,-0.3257285952568054,-36.80680847167969,-0.2734096050262451,1.1089709997177124,0.005354106426239014,38,0,88,0.024597082287073135,0.5434782608695653,0.3,120,126,wall,both,1,1,1,1,1,1,0.0,2,2,0,alpha,full,huber,-4.313002948275765,8.308803191834995,1.8252088987568138,-4.375526284822277,7.890864362046896,1.8381764319942924,-4.525140857742173,7.807471094192355,1.8840932569071906,78.17410814499054,0.024597078561782837,102,1.560545265674591,1.0,1.0,disabled,single,3,row_7,row_6,-0.2734096050262451,-0.5701797008514404,0.5468716296895605,0.4064431222014173,0.8390437477501171,0.2967700958251953,0.33013157971637874,0,34,0,disabled,0,0.0,50.0,alpha
828,2.06901216506958,-1.7689303159713745,0.0,-0.9531649351119995,2.0530476570129395,0.0635753870010376,0,0,0,0.01304140966385603,0.5,0.3,0,0,wall,both,1,1,1,1,1,1,0.0,0,0,0,alpha,full,huber,-3.1899397816502386,10.048408907824301,1.3996624420196078,-4.528058427906779,9.436183968805551,1.8775219821766627,-4.735451423258344,9.347483626472803,1.9159851731029942,110.78755721250913,0.01304140966385603,122,2.874693989753723,1.0,1.0,disabled,single,3,row_6,row_7,-0.9531649351119995,-2.200254201889038,0.66235364721805,0.1903206643749569,0.8707556992416206,1.2470892667770386,-0.5412092797265154,1,35,0,disabled,0,0.0,50.0,alpha
832,0.9876539707183838,-0.40308278799057007,0.0,-1.1335203647613525,2.1511168479919434,0.16056621074676514,0,0,0,0.01287151500582695,0.5,0.3,0,0,wall,both,1,1,1,1,1,1,0.0,0,0,0,alpha,full,huber,-2.86394332086786,10.194022124483345,1.1836054298296137,-4.216966423249064,10.070915492799678,1.7745405461520978,-4.538013920488446,9.989344216618846,1.8498881944000614,142.06934018216762,0.012871515937149525,175,2.5519704818725586,1.0,1.0,disabled,single,3,row_6,row_5,-1.1335203647613525,-2.2484512329101562,0.654692531973712,0.2146985262091704,0.8734997167503322,1.1149308681488037,-0.7099307943698668,0,35,0,disabled,0,0.0,50.0,alpha
836,0.9384159445762634,-0.36389440298080444,0.0,-2.118894577026367,3.0181667804718018,0.1522389054298401,0,0,0,0.006807364989072084,0.5,0.3,0,0,wall,both,1,1,1,1,1,1,0.0,0,0,0,alpha,full,huber,-2.5550691839707684,11.059839080202744,1.1991144580975037,-4.085517325933927,11.131148718412987,1.673392275221753,-4.417853468343044,11.066483723552231,1.7611575188617543,215.2506428961366,0.006807364989072084,250,2.006158709526062,1.0,1.0,disabled,single,3,row_6,row_5,-2.118894577026367,-2.735999584197998,0.6022351476977951,0.32490829479874966,0.861494208823308,0.6171050071716309,-1.611787277878195,0,35,1,disabled,0,0.0,50.0,alpha
840,1.3716541528701782,-0.7774525284767151,0.0,-2.512007474899292,3.3458609580993652,0.07712304592132568,0,0,0,0.00984592642635107,0.5,0.3,0,0,wall,both,1,1,1,1,1,1,0.0,0,0,0,alpha,full,huber,-2.3420390531232185,11.369875899271234,1.362850598596042,-3.708641408902187,11.541179411730198,1.7091598123499006,-4.0664540719144915,11.528232449486335,1.8081116982847565,198.81589475738784,0.00984592642635107,250,3.110841751098633,0.96436920937573,1.0,disabled,single,3,row_6,row_5,-2.512007474899292,-2.843069314956665,0.5532847111801522,0.39734736677696364,0.8427302428814518,0.33106184005737305,-1.9201249133775493,0,35,1,disabled,0,0.0,50.0,alpha
844,0.653131902217865,-0.17627327144145966,0.0,-3.7240848541259766,4.0931077003479,0.016252875328063965,0,0,0,0.006377336569130421,0.5,0.3,0,0,wall,both,1,1,1,1,1,1,0.0,0,0,0,alpha,full,huber,-2.59625469167106,12.13773905295922,1.9387001353168847,-3.5012614599178216,12.175567023383074,2.0002493711886102,-3.820795223119041,12.153817195599649,2.0788227129685524,217.1847278155213,0.006377336569130421,250,1.637960135936737,1.0,1.0,disabled,single,3,row_6,row_5,-3.7240848541259766,-4.192198753356934,0.5789246664306889,0.3625123200584952,0.8504518819272648,0.46811389923095703,-3.177501934460265,0,35,1,disabled,0,0.0,50.0,alpha
848,0.6638919115066528,-0.1821291297674179,-50.0,-7.26026725769043,5.683492660522461,0.14176088571548462,0,0,85,0.007112505845725536,0.6382978723404256,0.3,85,85,wall,both,1,1,1,1,1,1,0.0,3,3,0,alpha,full,huber,-2.1370008964160125,13.836670204370975,2.286869301081035,-3.3198895838165523,13.252078086430334,2.6606126824178786,-3.7827327979425043,13.184312336550558,2.7780823147799207,199.13383919111334,0.007112506311386824,250,2.1193639039993286,1.0,1.0,disabled,single,3,row_5,row_6,-7.26026725769043,-7.604158401489258,0.5478510355030753,0.3884297280133243,0.8724224205250302,0.3438911437988281,-6.658515395679429,1,36,1,disabled,0,0.0,50.0,alpha
852,1.232865571975708,-0.6280816197395325,-50.0,-5.396034240722656,4.818286418914795,0.24094092845916748,0,0,114,0.013790172524750233,0.5681818181818182,0.3,114,114,wall,both,1,1,1,1,1,1,0.0,1,1,0,alpha,full,huber,-3.910979113010212,12.718922439044555,2.46709116347642,-4.082938908894958,13.232898343608149,-2.926583009042025,-4.191116966486421,13.303578711694634,-2.9420765836618905,181.20292258865643,0.013790170662105083,250,2.3250272274017334,1.0,1.0,disabled,single,3,row_6,row_7,-5.396034240722656,-6.409515857696533,0.6548899427602266,0.23769434372409806,0.858368838724585,1.013481616973877,-4.972746156937503,1,37,1,disabled,0,0.0,50.0,alpha
856,1.4345656633377075,-0.8504043817520142,-50.0,-4.052871227264404,4.267513275146484,0.03780573606491089,0,0,129,0.010092944838106632,0.5376344086021506,0.3,119,129,wall,both,1,1,1,1,1,1,0.0,5,5,0,alpha,full,huber,-4.8676989083246305,11.883235852688658,-1.6957600481762725,-4.639030893150942,12.892103466978309,-2.2443471151035035,-4.669079810131141,13.030434295826641,-2.352930001199321,197.55390605237835,0.010092944838106632,250,2.599396586418152,1.0,1.0,disabled,single,3,row_7,row_6,-4.052871227264404,-4.292957305908203,0.5357286037498469,0.4213827720612044,0.8335903997860874,0.24008607864379883,-3.4287436448339648,1,38,1,disabled,0,0.0,50.0,alpha
860,0.6340611577033997,-0.16612955927848816,-49.895835876464844,-2.344552993774414,3.237248182296753,0.06204766035079956,5,1,115,0.0481400340795517,0.5535055350553506,0.3,112,121,wall,both,1,1,1,1,1,1,0.0,9,9,0,alpha,full,huber,-5.820504708960257,10.802679033250433,-1.0657917049855636,-5.327036052951321,11.927441942089668,-1.561174956425434,-5.176404386253201,12.277387114106226,-1.7686212911723165,85.53704029181006,0.0481400340795517,250,1.9192804098129272,1.0,1.0,disabled,single,3,row_7,row_8,-2.344552993774414,-3.6194169521331787,0.6627153474013646,0.18520838551850763,0.8713759167425812,1.2748639583587646,-1.9331432725157822,0,38,1,disabled,0,0.0,50.0,alpha
864,0.016592515632510185,-0.00011376511974958703,-49.999996185302734,-2.1840267181396484,3.1349809169769287,0.0009177327156066895,0,2,107,0.00813541654497385,0.5791505791505792,0.3,96,109,wall,both,1,1,1,1,1,1,0.0,8,8,0,alpha,full,huber,-5.363606376204453,10.757848380612911,-1.3770646026775464,-5.506553718986893,11.2947407110285,-1.236124439652399,-5.378857800527383,11.632807704641351,-1.4029023370626992,188.91164675240432,0.00813541654497385,250,1.042529821395874,1.0,1.0,disabled,single,3,row_7,row_6,-2.1840267181396484,-3.171218156814575,0.6481463394070328,0.24151342572203763,0.8674214293780365,0.9871914386749268,-1.7503879424317446,0,38,1,disabled,0,0.0,50.0,alpha
868,0.5953155755996704,-0.14644654095172882,-49.986839294433594,-2.9791221618652344,3.661426067352295,0.0006706714630126953,10,0,112,0.026867875829339027,0.551470588235294,0.3,120,122,wall,both,1,1,1,1,1,1,0.0,5,5,0,alpha,full,huber,-5.395295171882739,11.283343103145496,-1.4565373260997925,-5.3441134836344375,10.88559529088052,-1.066120000738126,-5.324549158493186,11.014162760188775,-1.1185217558578677,109.50954386894958,0.026867879554629326,250,1.3078035116195679,1.0,1.0,disabled,single,3,row_7,row_6,-2.9791221618652344,-3.903036594390869,0.6423622972105318,0.2549934957232482,0.8664325241259304,0.9239144325256348,-2.536519353274196,0,38,1,disabled,0,0.0,50.0,alpha
872,0.22246192395687103,-0.020450128242373466,-49.431087493896484,-1.683178186416626,2.6854329109191895,0.14053410291671753,2,4,121,0.021023115143179893,0.5415162454873647,0.3,78,127,wall,both,1,1,1,1,1,1,0.0,8,8,0,alpha,full,huber,-4.184448566552085,10.30615306919214,-0.8468590086260885,-4.85556884129566,10.518046171518314,-0.7784457693959087,-4.996561005507957,10.597124436592754,-0.848481252300437,94.74130696003793,0.021023115143179893,250,1.3429070115089417,1.0,1.0,disabled,single,3,row_6,row_7,-1.683178186416626,-1.9222235679626465,0.5360254679823901,0.4220552768645337,0.8312925246664595,0.2390453815460205,-1.0596045822690132,1,39,1,disabled,0,0.0,50.0,alpha
876,0.10858885198831558,-0.00487253675237298,-47.97161865234375,-1.0699139833450317,2.1038832664489746,0.14539647102355957,10,3,127,0.03489471599459648,0.5172413793103449,0.3,107,140,wall,both,1,1,1,1,1,1,0.0,11,11,0,alpha,full,huber,-5.41851495914872,9.719019367247292,-0.8739011726728876,-4.733390841091225,10.107287672736248,-0.7356844817386347,-4.737725612501023,10.198236907829099,-0.7521511256595899,98.05440623303384,0.03489471599459648,153,1.0792862176895142,1.0,1.0,disabled,single,3,row_7,row_6,-1.0699139833450317,-2.2901177406311035,0.6583416972911854,0.1943227304780058,0.8757075285983182,1.2202037572860718,-0.651882797695407,1,40,0,disabled,0,0.0,50.0,alpha
880,1.5432137250900269,-0.984094500541687,-42.71845626831055,-0.821496307849884,1.9223755598068237,0.008101820945739746,34,14,83,0.04936961829662323,0.5338078291814947,0.3,94,131,wall,both,1,1,1,1,1,1,0.0,11,11,0,alpha,full,huber,-4.1573402951061675,9.337697281323079,-1.2560516667039014,-4.223011217759501,9.582911465999079,-0.7270401611674145,-4.2478481107030275,9.66633559197539,-0.6990983249804499,96.48119876794168,0.04936961829662323,218,2.0745794773101807,1.0,1.0,disabled,single,3,row_6,row_7,-0.821496307849884,-0.8866337537765503,0.49885147928779233,0.4673932445856026,0.8168004201375676,0.06513744592666626,-0.12604944361886206,1,41,0,disabled,0,0.0,50.0,alpha
884,1.1514750719070435,-0.5478904247283936,-40.40397644042969,-0.2626371383666992,1.0869797468185425,0.004315435886383057,48,15,90,0.02883070893585682,0.49504950495049505,0.3,120,153,wall,both,1,1,1,1,1,1,0.0,11,11,0,alpha,full,huber,-3.8016485235740314,8.244468648256918,-1.290495259043538,-3.5415766615160096,8.79861536912512,-0.8124424100140042,-3.5243725457622617,8.907416743867596,-0.7456624196155395,145.03148178084984,0.02883070893585682,250,1.7885571718215942,1.0,1.0,disabled,single,3,row_6,row_7,-0.2626371383666992,-0.512043833732605,0.5374477766974997,0.418813159441599,0.8351018668689257,0.24940669536590576,0.3582865449664815,0,41,0,disabled,0,0.0,50.0,alpha
888,0.27661600708961487,-0.031618352979421616,-43.04414749145508,-0.10466479510068893,0.6854020953178406,0.00813513994216919,46,15,84,0.01809629425406456,0.5084745762711864,0.3,120,145,wall,both,1,1,1,1,1,1,0.0,12,12,0,alpha,full,huber,-3.2546453107896802,7.103382467398716,-1.274005538692968,-3.2144543614872516,7.834117272981935,-0.9934308401922661,-3.023183892149749,8.011660586359868,-0.8822505518383128,157.06479301410369,0.01809629425406456,250,1.1083252429962158,1.0,1.0,disabled,single,3,row_6,row_7,-0.10466479510068893,-0.7453317046165466,0.6075576033529578,0.3201469411647952,0.8573101430376215,0.6406669095158577,0.3936434928278213,0,41,0,disabled,0,0.0,50.0,alpha
892,1.160122036933899,-0.5561500787734985,-34.71080017089844,-0.15101180970668793,0.8166082501411438,0.026299595832824707,99,6,43,0.013003334403038025,0.5033557046979865,0.3,116,148,wall,both,1,1,1,1,1,1,0.0,11,11,0,alpha,full,huber,-1.6295725053457513,6.510132563163484,-1.171796417711978,-2.755441845551233,6.323154217141947,-1.2734913823261054,-2.4382060516018256,6.551055009458459,-1.146367585350732,180.64196123426186,0.013003336265683174,250,1.571325957775116,1.0,1.0,disabled,single,3,row_6,row_5,-0.15101180970668793,-0.6206905841827393,0.5790379929190961,0.3620163292058453,0.8510948141399892,0.46967877447605133,0.39537537568753556,0,41,0,disabled,0,0.0,50.0,alpha
896,0.7492700219154358,-0.23198576271533966,-32.021026611328125,-0.16204074025154114,0.8497310876846313,0.01971679925918579,105,13,24,0.011517108418047428,0.5136986301369862,0.3,120,142,wall,both,1,1,1,1,1,1,0.0,10,10,0,alpha,full,huber,-1.515516046504302,6.039037006436345,-1.2027407206994718,-2.2025431967505518,5.721433349264425,-1.162205416749172,-2.1521747236309294,5.748627960858395,-1.1530430648722385,203.79389003751186,0.011517108418047428,250,2.166751503944397,1.0,1.0,disabled,single,3,row_6,row_5,-0.16180838644504547,-0.5956103801727295,0.5721258773721676,0.37076077332074897,0.8508405081752435,0.433801993727684,0.39658786003216073,0,41,0,disabled,0,0.0,50.0,alpha
900,1.8787466287612915,-1.45854914188385,-29.874858856201172,-0.33680641651153564,0.8133277893066406,0.21564429998397827,126,0,26,0.009028185158967972,0.49668874172185423,0.3,120,152,wall,both,1,1,1,1,1,1,0.0,10,10,0,alpha,full,huber,-0.6652184291919409,5.983085562304577,-0.7035454695654542,-1.7608422633499554,5.725105081657979,-1.1104923872548242,-1.9009941301178528,5.654705191287007,-1.1318290416056542,207.8751018505722,0.009028186090290546,250,3.001459836959839,0.999513624356434,1.0,disabled,single,3,row_5,row_6,-0.33680641651153564,-0.8379761576652527,0.5878536607393149,0.35613443980879944,0.8414401953568769,0.501169741153717,0.1944708218405009,1,42,0,disabled,0,0.0,50.0,alpha
904,0.5801292061805725,-0.13907021284103394,-31.759618759155273,-0.16907742619514465,0.7568519115447998,0.10117727518081665,139,0,19,0.01197273563593626,0.48701298701298706,0.3,120,158,wall,both,1,1,1,1,1,1,0.0,12,12,0,alpha,full,huber,-1.5080007991443063,5.471205648413593,-0.9394597598540684,-1.6631595078550199,5.034807381769636,-1.1717271720526525,-1.627418713804515,5.009692317157606,-1.1518119635555566,187.75462623295743,0.011972733773291111,250,1.5243951082229614,1.0,1.0,disabled,single,3,row_6,row_5,-0.16907742619514465,-0.7079237103462219,0.5902354715961666,0.3443557491562569,0.8566790220910381,0.5388462841510773,0.3581562911079219,1,43,0,disabled,0,0.0,50.0,alpha
908,1.101986289024353,-0.5018073916435242,-30.8756103515625,-0.16556409001350403,0.7556103467941284,0.09735661745071411,126,1,20,0.01063146535307169,0.5050505050505051,0.3,120,147,wall,both,1,1,1,1,1,1,0.0,13,13,0,alpha,full,huber,-1.510873483003606,5.480181472093921,-0.9482559205608396,-1.7731439834669411,5.095885271849941,-1.1586358930878362,-1.7075676121188494,5.05709844223839,-1.1552239283216963,185.27206583624783,0.01063146535307169,250,1.6625155210494995,1.0,1.0,disabled,single,3,row_6,row_5,-0.16556409001350403,-0.706032395362854,0.5905146598055764,0.3439602698457534,0.8567213477466233,0.54046830534935,0.3611967275503415,0,43,0,disabled,0,0.0,50.0,alpha
912,0.5329107046127319,-0.11735281348228455,-30.875425338745117,-0.24108026921749115,1.0386388301849365,0.01820981502532959,113,9,25,0.010391484946012497,0.5050505050505051,0.3,120,147,wall,both,1,1,1,1,1,1,0.0,9,9,0,alpha,full,huber,-3.058109773095192,3.9944903876806226,-1.561398325342241,-1.83311565232836,4.573587278733685,-1.2162780563593558,-1.6881586708475684,4.590700737630975,-1.1880848886357573,201.28184482025605,0.010391484946012497,250,1.4576718211174011,1.0,1.0,disabled,single,3,row_6,row_7,-0.24108026921749115,-0.4664863348007202,0.5331224214302878,0.4255340702681815,0.8306307145984846,0.22540606558322906,0.3879239282379485,0,43,0,disabled,0,0.0,50.0,alpha
916,2.096675395965576,-1.8165485858917236,-29.082996368408203,-0.24651427567005157,1.052196979522705,0.01093357801437378,106,8,23,0.013349439017474651,0.5226480836236934,0.3,120,137,wall,both,1,1,1,1,1,1,0.0,5,5,0,alpha,full,huber,-2.9419996637093346,3.3551826198338817,-1.5182789206445784,-2.2384154538111605,3.8778104170344916,-1.3616865611271618,-1.9092387952083716,3.996005041555034,-1.2797400677712585,158.41319930752604,0.013349439017474651,250,3.901074767112732,0.7690188420101375,1.0,disabled,single,3,row_6,row_7,-0.24651427567005157,-0.46580609679222107,0.5317914952075987,0.427075009934474,0.8304360982213153,0.2192918211221695,0.3849895170951336,0,43,0,disabled,0,0.0,50.0,alpha
920,1.8418430089950562,-1.4018123149871826,-31.63475799560547,-0.25000637769699097,1.0398616790771484,0.04878640174865723,100,8,33,0.01041590329259634,0.5154639175257733,0.3,120,141,wall,both,1,1,1,1,1,1,0.0,9,9,0,alpha,full,huber,-3.17445773999441,2.405334922161778,-1.6896189387359162,-2.5448266854638284,2.9602017073556217,-1.4400049924643934,-2.160333533684114,3.09757285244088,-1.3175481567080631,181.04628606800267,0.010415904223918915,250,2.7178910970687866,1.0,1.0,disabled,single,3,row_7,row_6,-0.24544352293014526,-0.4769395589828491,0.5338233536326535,0.423506537047712,0.8335392391145977,0.23149603605270386,0.38224677025839393,1,44,0,disabled,0,0.0,50.0,alpha
924,4.045924186706543,-6.312208652496338,-31.918415069580078,-0.1271568238735199,0.7294032573699951,0.046769559383392334,112,10,31,0.016294168308377266,0.49504950495049505,0.3,120,153,wall,both,1,1,1,1,1,1,0.0,7,7,0,alpha,full,huber,-3.4160995627492774,1.8634045440206104,-1.1612559807960692,-2.9237776235115183,2.03932828119434,-1.5379781545812399,-2.4953146025027153,2.187440886106235,-1.4125519458190527,163.4171806917091,0.016294170171022415,250,4.466627597808838,0.6716476657851863,1.0,disabled,single,3,row_7,row_6,-0.1271568238735199,-0.7084124684333801,0.5977840871454133,0.33427833554882336,0.8565666132776404,0.5812556445598602,0.38736882464048394,0,44,0,disabled,0,0.0,50.0,alpha
928,3.5346601009368896,-5.044611930847168,-39.06102752685547,-0.12702642381191254,0.7556287050247192,0.005922079086303711,96,19,52,0.01527366228401661,0.47318611987381703,0.3,120,167,wall,both,1,1,1,1,1,1,0.0,7,7,0,alpha,full,huber,-3.1454214033985792,0.4909120372053406,-1.4773206321044898,-3.1591233946680184,0.935515588350992,-1.6063779279946988,-2.7892090573632555,1.0527045501903523,-1.5036906948278554,146.51027700792906,0.015273664146661758,196,4.08925461769104,0.7336300329701462,1.0,disabled,single,3,row_7,row_6,-0.12702642381191254,-0.6752275228500366,0.5917201726138501,0.3420075260112378,0.8572977572724575,0.5482010990381241,0.39769501343080915,0,44,0,disabled,0,0.0,50.0,alpha
932,5.089604377746582,-8.899846076965332,-26.342262268066406,-0.12721839547157288,0.7418049573898315,0.034772276878356934,109,15,25,0.020017093047499657,0.5016722408026756,0.3,120,149,wall,both,1,1,1,1,1,1,0.0,5,5,0,alpha,full,huber,-3.079896717501661,0.06829354038327051,-1.148714183954757,-3.182548825305947,0.08548279794323266,-1.5662769143351616,-2.9821442981732558,0.17252792492542646,-1.5341231745418962,148.69310610882903,0.020017094910144806,246,5.178116083145142,0.5793612873541117,1.0,disabled,single,3,row_7,row_6,-0.12721839547157288,-0.6858600974082947,0.5924650186774413,0.3388813781293959,0.8607402137971806,0.5586417019367218,0.3962450524510698,0,44,0,disabled,0,0.0,50.0,alpha
936,6.607772350311279,-12.663898468017578,-34.933414459228516,-0.058792565017938614,0.5068398714065552,0.020448148250579834,105,4,20,0.013818544335663319,0.5376344086021506,0.3,120,129,wall,both,1,1,1,1,1,1,0.0,3,3,0,alpha,full,huber,-3.178099109943156,-0.810850976296217,-1.210622733990014,-3.1955812744881618,-0.41233224902214416,-1.5169723110986315,-3.0923903408962463,-0.3438677590513612,-1.5071875715690828,138.46232311223818,0.013818544335663319,169,7.134711265563965,0.4204795244454597,1.0,disabled,single,3,row_7,row_6,-0.058792565017938614,-0.9087418913841248,0.6326367828199758,0.2704121098943184,0.8695456036487822,0.8499493263661861,0.39906625931990225,0,44,0,disabled,0,0.0,50.0,alpha
940,6.127236843109131,-11.472487449645996,-18.471872329711914,-0.30532315373420715,1.1720272302627563,0.00408405065536499,139,0,18,0.014259661547839642,0.4885993485342019,0.3,120,157,wall,both,1,1,1,1,1,1,0.0,5,5,0,alpha,full,huber,-2.331394217163722,-1.8329676303519038,-1.3064023332629533,-2.881346391977651,-1.5778017091419656,-1.4034703729469253,-2.944915845996541,-1.5155132878682367,-1.440454491254593,181.5239296090174,0.014259661547839642,235,6.4986724853515625,0.4616327421888391,1.0,disabled,single,3,row_7,row_6,-0.30532315373420715,-0.41466134786605835,0.5071019699709514,0.45457999895883794,0.8277136139466958,0.1093381941318512,0.373720017676448,0,44,0,disabled,0,0.0,50.0,alpha
944,4.751571178436279,-8.061746597290039,-23.141700744628906,-0.14088422060012817,0.7960796356201172,0.0035859346389770508,136,0,21,0.010201873257756233,0.4885993485342019,0.3,120,157,wall,both,1,1,1,1,1,1,0.0,4,4,0,alpha,full,huber,-2.549801338523301,-2.684514934663038,-1.1998687661443252,-2.6786293668667573,-2.408097895306537,-1.3709340462743034,-2.7534095082580397,-2.350095577577106,-1.4055018559802712,199.6638715362603,0.010201873257756233,250,5.159983158111572,0.5813972464782088,1.0,disabled,single,3,row_7,row_6,-0.14088422060012817,-0.6594526171684265,0.5858679983141539,0.3488095630934024,0.8588440708214836,0.5185683965682983,0.39377655302914805,0,44,0,disabled,0,0.0,50.0,alpha
948,7.252056121826172,-14.261296272277832,-28.302181243896484,-0.18426741659641266,0.9087240695953369,0.013653278350830078,107,30,15,0.010104180313646793,0.49668874172185423,0.3,120,152,wall,both,1,1,1,1,1,1,0.0,2,2,0,alpha,full,huber,-2.2293707707851516,-3.581957463343546,-1.301231563610314,-2.436428035300544,-3.2500922564910084,-1.313415898143583,-2.5213408540776623,-3.191155677546319,-1.3499835618707774,198.05008849950065,0.010104180313646793,250,7.695319414138794,0.3898473654632228,1.0,disabled,single,3,row_7,row_6,-0.18426741659641266,-0.5727521777153015,0.5642417211699498,0.3826030321904543,0.8464748113411451,0.38848476111888885,0.3880051190687359,0,44,0,disabled,0,0.0,50.0,alpha
952,6.090704917907715,-11.381912231445312,-31.867456436157227,-0.2639285922050476,1.0897315740585327,0.002986133098602295,108,39,21,0.015663791447877884,0.4716981132075471,0.3,120,168,wall,both,1,1,1,1,1,1,0.0,2,2,0,alpha,full,huber,-1.9632127533408377,-4.230733279256523,-1.3252875307550471,-2.135897762691819,-3.841571993419847,-1.2789730672943544,-2.2613263790610656,-3.7628113954674163,-1.3130797208954803,172.64721696813365,0.015663791447877884,250,6.617381811141968,0.4533515045102539,1.0,disabled,single,3,row_7,row_6,-0.2639285922050476,-0.47137895226478577,0.5283125822292627,0.4293351117551786,0.8340159250859867,0.20745036005973816,0.3741385664428347,0,44,0,disabled,0,0.0,50.0,alpha
956,4.925143241882324,-8.492091178894043,-31.660486221313477,-0.2281361073255539,1.0121570825576782,0.010820329189300537,93,34,32,0.013164440169930458,0.4854368932038835,0.3,120,159,wall,both,1,1,1,1,1,1,0.0,2,2,0,alpha,full,huber,-1.4562607785813204,-4.594623664469049,-1.267371792450757,-1.8701429884679701,-4.230260415932298,-1.2671638751981766,-2.008921753039802,-4.161246996044898,-1.2884819106127927,166.16365597656016,0.013164440169930458,229,5.489396572113037,0.5465081563318731,1.0,disabled,single,3,row_6,row_7,-0.2281361073255539,-0.5195932984352112,0.5465582429766949,0.40837410787712425,0.8356032188094848,0.2914571911096573,0.3759782951958789,1,45,0,disabled,0,0.0,50.0,alpha
960,6.621788024902344,-12.698648452758789,-30.094146728515625,-0.32840725779533386,1.2156583070755005,0.0006415247917175293,96,38,36,0.032232850790023804,0.46875,0.3,120,170,wall,both,1,1,1,1,1,1,0.0,3,3,0,alpha,full,huber,-1.725378122775498,-4.87912181508999,-1.3667659404985943,-1.7425675053493765,-4.582139713369223,-1.2969302913877991,-1.8277760915148995,-4.512198142433396,-1.2996667237062272,68.19248431505211,0.032232847064733505,87,6.994703769683838,0.4288959330919028,1.0,disabled,single,3,row_7,row_6,-0.32840725779533386,-0.38852787017822266,0.497021466375402,0.4680207369616966,0.8200549360666771,0.060120612382888794,0.37071480412070057,1,46,0,disabled,0,0.0,50.0,alpha
964,7.244598388671875,-14.242806434631348,-28.88801383972168,-0.33670347929000854,1.2308125495910645,0.0038070082664489746,98,35,40,0.046259742230176926,0.46439628482972134,0.3,120,173,wall,both,1,1,1,1,1,1,0.0,2,2,0,alpha,full,huber,-1.546840954794946,-5.40462300324606,-1.3053945945153211,-1.6219690958900421,-5.078431659927762,-1.2310600701007857,-1.6664802163250692,-4.99667123782665,-1.2374302250482536,58.79031020108955,0.046259742230176926,80,7.6280176639556885,0.3932869760089516,1.0,disabled,single,3,row_6,row_7,-0.33670347929000854,-0.3740359842777252,0.4932638336566194,0.4751885560894316,0.8111926842716223,0.037332504987716675,0.3700076092493446,1,47,0,disabled,0,0.0,50.0,alpha
968,6.637371063232422,-12.737283706665039,-32.119956970214844,-0.29962486028671265,1.161116361618042,0.0025619864463806152,96,33,38,0.04582452401518822,0.47318611987381703,0.3,120,167,wall,both,1,1,1,1,1,1,0.0,3,3,0,alpha,full,huber,-1.6070804081892613,-5.784007357484998,-1.2941464740967688,-1.4841712463674326,-5.500754998557348,-1.2914292330504604,-1.516719837137357,-5.416833389313316,-1.2936980653461645,52.84157382409523,0.04582452401518822,80,6.922814846038818,0.43334973803561666,1.0,disabled,single,3,row_7,row_6,-0.29962486028671265,-0.4094979763031006,0.5081970539750179,0.45531803730928583,0.8230133920189474,0.10987311601638794,0.37726114480566375,1,48,0,disabled,0,0.0,50.0,alpha
972,6.003886699676514,-11.166661262512207,-32.47256851196289,-0.3387032151222229,1.2345705032348633,0.00010180473327636719,81,24,55,0.03855087608098984,0.48387096774193555,0.3,120,160,wall,both,1,1,1,1,1,1,0.0,2,2,0,alpha,full,huber,-1.3819006665916171,-6.342048610158659,-1.378411760762219,-1.380650855795454,-5.97150771184282,-1.3134248889738527,-1.3945739200544958,-5.88823844060887,-1.309285528828578,58.212659484687954,0.03855087608098984,80,6.4747772216796875,0.46333640483490485,1.0,disabled,single,3,row_6,row_7,-0.3387032151222229,-0.3572666347026825,0.48898432842617734,0.47999084037732903,0.8098874017391383,0.018563419580459595,0.376721623106823,1,49,0,disabled,0,0.0,50.0,alpha
976,4.279983043670654,-6.892519474029541,-25.698888778686523,-0.29967111349105835,1.161251187324524,0.0009237527847290039,83,7,42,0.027126040309667587,0.5319148936170213,0.3,120,132,wall,both,1,1,1,1,1,1,0.0,1,1,0,alpha,full,huber,-1.222600663746771,-6.78524975943317,-1.3184579397369875,-1.3073433456475545,-6.601623092798005,-1.3242934355909355,-1.2860030025121114,-6.507001593784973,-1.314392703412457,65.39587008192336,0.02712603658437729,80,4.547679662704468,0.6596770710573586,1.0,disabled,single,3,row_6,row_7,-0.29967111349105835,-0.3983372151851654,0.5062006802881651,0.458640688752914,0.819844661574837,0.09866610169410706,0.3811509734691344,0,49,0,disabled,0,0.0,50.0,alpha
980,2.2899701595306396,-2.1669270992279053,0.0,-0.1886172741651535,0.9198670983314514,0.011948585510253906,0,0,0,0.02837284468114376,0.5,0.3,0,0,wall,both,1,1,1,1,1,1,0.0,0,0,0,alpha,full,huber,-0.6905645406164787,-8.15003522696947,-1.2445920560052361,-1.0493831252066999,-7.9646252613081945,-1.3317893749254248,-1.0085990260539348,-7.8703935690254525,-1.3020832831534994,67.46700730407697,0.02837284468114376,80,2.6653504371643066,1.0,1.0,disabled,single,3,row_6,row_7,-0.1886172741651535,-0.5789961814880371,0.5634227502912353,0.3813247322229094,0.8508889494410817,0.3903789073228836,0.38510776983634554,0,49,0,disabled,0,0.0,50.0,alpha
984,1.7703596353530884,-1.2951128482818604,0.0,-0.120156429708004,0.7106459736824036,0.044078528881073,0,0,0,0.05021672695875168,0.5,0.3,0,0,wall,both,1,1,1,1,1,1,0.0,0,0,0,alpha,full,huber,-1.4495566160779056,-9.12395585980354,-1.6095140239212864,-1.1042698377154976,-8.671548969356262,-1.4477531907385268,-0.9881569773755821,-8.576345425372645,-1.3754762159983014,57.12648564785738,0.05021672695875168,80,2.303484082221985,1.0,1.0,disabled,single,3,row_7,row_6,-0.120156429708004,-0.76492840051651,0.6074273021430306,0.318767032389098,0.8596221864539526,0.644771970808506,0.37836634847439726,1,50,0,disabled,0,0.0,50.0,alpha
988,1.4114569425582886,-0.82322758436203,0.0,-0.4723278284072876,1.4518336057662964,0.03100299835205078,0,0,0,0.024918513372540474,0.5,0.3,0,0,wall,both,1,1,1,1,1,1,0.0,0,0,0,alpha,full,huber,-1.4142750329457352,-10.22493218050449,-1.5611580149398854,-1.032968106391399,-9.81679418931529,-1.4468499590481887,-0.9139907936506082,-9.75804176678002,-1.4030337963687325,70.56188531565297,0.024918515235185623,83,1.9011069536209106,1.0,1.0,disabled,single,3,row_7,row_6,-0.4723278284072876,-1.2864142656326294,0.6302714782567258,0.279237928076881,0.8645620664079814,0.8140864372253418,-0.010723193860106839,0,50,0,disabled,0,0.0,50.0,alpha
992,0.6730145215988159,-0.18716882169246674,0.0,-1.6911362409591675,2.7314953804016113,0.09008187055587769,0,0,0,0.010731933638453484,0.5,0.3,0,0,wall,both,1,1,1,1,1,1,0.0,0,0,0,alpha,full,huber,-0.8930741473343222,-11.397978764594502,-1.7392096808808288,-0.8304020546877818,-11.082441748783532,-1.813018409097487,-0.7712736240157039,-11.057710087192522,-1.8031511198360997,133.19931158748753,0.010731933638453484,153,1.2553937435150146,1.0,1.0,disabled,single,3,row_7,row_6,-1.6911362409591675,-2.1384050846099854,0.5745983346410676,0.36738208300628933,0.851435149107729,0.44726884365081787,-1.1370522102254115,0,50,1,disabled,0,0.0,50.0,alpha
996,0.8621821403503418,-0.3071727454662323,-49.21669006347656,-5.17001485824585,3.7193093299865723,0.7165957093238831,2,0,88,0.022792015224695206,0.625,0.3,90,90,wall,both,1,1,1,1,1,1,0.0,1,1,0,alpha,full,huber,-1.1992409092177452,-12.566868460499897,-2.5949539875278185,-1.2530777742929322,-12.20467658294669,-2.9455082285902425,-1.1503307230317272,-12.170583150957185,-2.9316629919959194,112.98096357306027,0.022792015224695206,235,1.4788862466812134,1.0,1.0,disabled,single,3,row_7,row_6,-5.17001485824585,-5.7313385009765625,0.5748910679144659,0.3279486145041159,0.9103933953591995,0.5613236427307129,-4.616440155008417,0,50,1,disabled,0,0.0,50.0,alpha
1000,0.6330906748771667,-0.16562141478061676,-49.89946365356445,-3.7471346855163574,4.097939491271973,0.06129103899002075,1,0,134,0.017545007169246674,0.5263157894736842,0.3,120,135,wall,both,1,1,1,1,1,1,0.0,4,4,0,alpha,full,huber,-1.3799073615819863,-12.995565275047804,2.182023232444199,-1.9341485403253127,-12.369184612363231,2.283089985596193,-1.947005463341218,-12.357706609484087,2.2786451490881525,112.97531567140754,0.017545007169246674,240,1.434346854686737,1.0,1.0,disabled,single,3,row_7,row_6,-3.7471346855163574,-5.064676284790039,0.6667248322749215,0.17854413333017546,0.8666311168637753,1.3175415992736816,-3.341756822014654,0,50,1,disabled,0,0.0,50.0,alpha
1004,1.1133440732955933,-0.5122045278549194,-41.15540313720703,-1.2825920581817627,2.4022750854492188,0.006340742111206055,39,3,88,0.014682319015264511,0.5357142857142857,0.3,120,130,wall,both,1,1,1,1,1,1,0.0,3,3,0,alpha,full,huber,-3.406418567239945,-11.474019105093571,1.7243253441516977,-2.8592256512596785,-11.314871517581839,1.5775430180729706,-2.87058157352468,-11.291208054911802,1.5812621290204074,191.9320752634035,0.014682319946587086,229,1.4273546934127808,1.0,1.0,disabled,single,3,row_8,row_7,-1.2825920581817627,-1.7488423585891724,0.5785548434942392,0.3629565189783171,0.8504889796705953,0.46625030040740967,-0.7353701242685196,1,51,0,disabled,0,0.0,50.0,alpha
1008,0.7885030508041382,-0.2569161355495453,-40.80459213256836,-0.9829427599906921,2.0173401832580566,0.1387462019920349,36,0,99,0.01109242346137762,0.5263157894736842,0.3,120,135,wall,both,1,1,1,1,1,1,0.0,4,4,0,alpha,full,huber,-2.006360948703163,-10.982030781989378,1.2970281085795285,-2.7457965010855805,-11.091569699436468,1.4653672468249532,-2.803170557274078,-11.064767165087122,1.4780083691118175,197.47145562114636,0.01109242346137762,250,1.0849818587303162,1.0,1.0,disabled,single,3,row_7,row_8,-0.9829427599906921,-2.140259027481079,0.6563938860428006,0.20632338692159924,0.8745844750616949,1.157316267490387,-0.5619485258039039,1,52,0,disabled,0,0.0,50.0,alpha
1012,0.6864701509475708,-0.1947277933359146,-35.26564407348633,-0.7026117444038391,1.7776234149932861,0.009920716285705566,54,2,74,0.012835145927965641,0.5357142857142857,0.3,120,130,wall,both,1,1,1,1,1,1,0.0,7,7,0,alpha,full,huber,-2.8398394330113224,-10.604757898233615,1.9710692236434895,-2.665926194688673,-10.696185411121213,1.476935787002556,-2.7125180449990016,-10.69904590435741,1.483930706781594,194.86385134530298,0.012835145927965641,250,0.882125198841095,1.0,1.0,disabled,single,3,row_7,row_8,-0.7026117444038391,-1.016495943069458,0.5502888818973262,0.40204305363707676,0.840111608212409,0.3138841986656189,-0.10529984557138983,0,52,0,disabled,0,0.0,50.0,alpha
1016,0.5628106594085693,-0.1308908462524414,-36.779266357421875,-0.711962103843689,1.789910912513733,0.0016214251518249512,60,16,74,0.01083324197679758,0.5,0.3,120,150,wall,both,1,1,1,1,1,1,0.0,5,5,0,alpha,full,huber,-3.1054253395701914,-10.478594265228168,1.7731391976540767,-2.844954203212093,-10.24058792528548,1.5773217379071136,-2.7638350162503285,-10.199744984808458,1.5347123922117003,193.65817253968697,0.01083324197679758,250,1.0825848579406738,1.0,1.0,disabled,single,3,row_7,row_8,-0.711962103843689,-0.7595889568328857,0.49504529659987945,0.47202049850353284,0.81484308648153,0.04762685298919678,-0.008856091526199483,0,52,0,disabled,0,0.0,50.0,alpha
1020,0.30969107151031494,-0.039631638675928116,-40.07430648803711,-0.4133877158164978,1.3589893579483032,0.027002930641174316,39,33,95,0.01091154757887125,0.47318611987381703,0.3,120,167,wall,both,1,1,1,1,1,1,0.0,8,8,0,alpha,full,huber,-3.283476612595361,-9.73079860650057,1.6040794218178416,-3.079159522839485,-9.266391893333603,1.6397762259556368,-2.919915485574575,-9.205841235785934,1.5708073492979526,194.99630033340452,0.01091154757887125,250,1.0006108283996582,1.0,1.0,disabled,single,3,row_8,row_7,-0.4133877158164978,-0.42044174671173096,0.4861986159631943,0.48278102397612077,0.8099108233029747,0.007054030895233154,0.30775034792856826,1,53,0,disabled,0,0.0,50.0,alpha
1024,0.6102727651596069,-0.15389788150787354,-42.95160675048828,-0.11582989245653152,0.685982346534729,0.05251955986022949,41,28,108,0.009754364378750324,0.4587155963302753,0.3,120,177,wall,both,1,1,1,1,1,1,0.0,8,8,0,alpha,full,huber,-2.8816578756913693,-8.860869309455401,2.1556255370024555,-3.136347106414385,-8.623458562267508,1.6566428328218397,-3.03895641532431,-8.564524926561814,1.6055827678561139,209.4776453645368,0.009754364378750324,250,1.2710707783699036,1.0,1.0,disabled,single,3,row_7,row_8,-0.11582989245653152,-0.7265871167182922,0.6042348951579667,0.3280630440353435,0.8523485437316993,0.6107572242617607,0.3879623649243539,1,54,0,disabled,0,0.0,50.0,alpha
1028,0.7281369566917419,-0.21908406913280487,-41.76495361328125,-0.07695478945970535,0.5433797836303711,0.05271214246749878,78,27,47,0.011451770551502705,0.49668874172185423,0.3,107,152,wall,both,1,1,1,1,1,1,0.0,7,7,0,alpha,full,huber,-1.9094891972422874,-7.496067342145812,1.411474444925017,-2.9652273796512736,-8.012782558330125,1.6272269989559327,-3.008083662342327,-7.982960782521163,1.6201375466134618,207.8650826504888,0.011451770551502705,250,1.8318192958831787,1.0,1.0,disabled,single,3,row_7,row_6,-0.07695478945970535,-0.8903928995132446,0.6336852514604236,0.2809324565557201,0.8558654952364382,0.8134381100535393,0.37924810715730534,0,54,0,disabled,0,0.0,50.0,alpha
1032,0.9105245471000671,-0.3425846993923187,-37.41476058959961,-0.0818396806716919,0.5778524875640869,0.04325491189956665,94,35,36,0.012969918549060822,0.47619047619047616,0.3,120,165,wall,both,1,1,1,1,1,1,0.0,9,9,0,alpha,full,huber,-3.01797315804705,-7.6655149550306625,2.0328052731357396,-3.2367884229031523,-7.7450906457652255,1.6984116009298944,-3.139726300549103,-7.733564654849514,1.6723779205918614,180.79241751753673,0.012969916686415672,250,1.0387157201766968,1.0,1.0,disabled,single,3,row_7,row_8,-0.0818396806716919,-0.8330157995223999,0.6252040009614731,0.2949783250302344,0.855549309833115,0.751176118850708,0.3878376002930803,0,54,0,disabled,0,0.0,50.0,alpha
1036,0.8960347771644592,-0.3317679166793823,-38.69563293457031,-0.36104172468185425,0.629336953163147,0.2586342692375183,114,20,44,0.009747939184308052,0.4573170731707317,0.3,120,178,wall,both,1,1,1,1,1,1,0.0,10,10,0,alpha,full,huber,-1.8399662746655439,-7.391277674851283,1.001915693463113,-3.0866869770691583,-7.427981415191959,1.7099684794485266,-3.1268374299163724,-7.405753197317803,1.6949612364409221,207.53804761898488,0.009747939184308052,250,1.757299542427063,1.0,1.0,disabled,single,3,row_7,row_6,-0.36104172468185425,-1.1328933238983154,0.6323843402380048,0.2922605629908464,0.8441415450152503,0.7718515992164612,0.09721621170355715,0,54,0,disabled,0,0.0,50.0,alpha
1040,1.5618374347686768,-1.0079901218414307,-34.830604553222656,-0.10989728569984436,0.7028114199638367,0.00568622350692749,113,39,29,0.009195271879434586,0.4531722054380664,0.3,104,181,wall,both,1,1,1,1,1,1,0.0,7,7,0,alpha,full,huber,-3.3272797654023156,-6.666864075593081,1.8825413344452402,-2.9838477064636315,-6.993007889962875,1.6532666680684238,-3.0717279341232526,-6.990173233255648,1.6800319891735125,207.1326663598644,0.009195270948112011,250,1.592721164226532,1.0,1.0,disabled,single,3,row_7,row_8,-0.10989728569984436,-0.7197693586349487,0.6035127715363583,0.3279611413345687,0.8540845309262952,0.6098720729351044,0.395090790522301,0,54,0,disabled,0,0.0,50.0,alpha
1044,0.24838104844093323,-0.025493036955595016,-37.78662109375,-0.14494559168815613,0.6789673566818237,0.10204392671585083,120,38,22,0.01532126497477293,0.45454545454545453,0.3,120,180,wall,both,1,1,1,1,1,1,0.0,6,6,0,alpha,full,huber,-2.0578661947930375,-5.984417896015185,1.3201556304309303,-2.8184599655268814,-6.336900230421396,1.5894812511687477,-2.9626749077159222,-6.355102663503256,1.636423572861923,189.01704595955638,0.01532126497477293,250,1.172917366027832,1.0,1.0,disabled,single,3,row_7,row_6,-0.14494559168815613,-0.782920241355896,0.6055966712785421,0.3199739402863885,0.8617073769206741,0.6379746496677399,0.3565954817536452,0,54,0,disabled,0,0.0,50.0,alpha
1048,0.09113819152116776,-0.0034323015715926886,-28.356966018676758,-0.10952477902173996,0.701960563659668,0.002479076385498047,104,2,30,0.014708491042256355,0.5244755244755245,0.3,120,136,wall,both,1,1,1,1,1,1,0.0,8,8,0,alpha,full,huber,-3.498821598129672,-5.837870180331816,1.8462780932363305,-3.5223499888136933,-5.240734390051243,1.8338800920476384,-3.306908297962922,-5.188164892091715,1.737760545589989,150.48265459901592,0.014708491042256355,250,1.0851673483848572,1.0,1.0,disabled,single,3,row_7,row_8,-0.10952477902173996,-0.6848431825637817,0.5978905951157224,0.3363288435399755,0.8530268521513371,0.5753184035420418,0.40482271405889914,0,54,0,disabled,0,0.0,50.0,alpha
1052,0.7640012502670288,-0.24119749665260315,-31.309457778930664,-0.20352289080619812,0.9569891095161438,0.0011616945266723633,97,31,38,0.014859002083539963,0.4746835443037975,0.3,120,166,wall,both,1,1,1,1,1,1,0.0,9,9,0,alpha,full,huber,-3.8790306475143685,-5.174139444100801,1.7872117816839665,-3.9683373468703,-4.8147479407031275,1.9321619808941117,-3.721596710381201,-4.6807534853815564,1.8369964521101156,162.18538199725748,0.014859002083539963,250,1.4035003781318665,1.0,1.0,disabled,single,3,row_7,row_8,-0.20352289080619812,-0.4943794310092926,0.5468241280327423,0.408818253599995,0.8339548744681137,0.2908565402030945,0.40010515841681293,0,54,0,disabled,0,0.0,50.0,alpha
1056,0.9833282828330994,-0.39955970644950867,-28.57888412475586,-0.1270296275615692,0.7449420094490051,0.03014850616455078,115,17,12,0.011197456158697605,0.5102040816326531,0.3,120,144,wall,both,1,1,1,1,1,1,0.0,6,6,0,alpha,full,huber,-3.865463732440207,-3.836286385904847,1.9211012852123552,-4.004209309695497,-4.129614786746451,1.8415160368497416,-3.949900458611147,-4.110394204920146,1.8415516340551958,181.84870697683363,0.01119745709002018,250,1.5035843253135681,1.0,1.0,disabled,single,3,row_7,row_8,-0.1270296275615692,-0.6659521460533142,0.5916065731423714,0.3451293668325357,0.8523397777196393,0.538922518491745,0.3978838098573253,0,54,0,disabled,0,0.0,50.0,alpha
1060,0.2999322712421417,-0.03717329353094101,-32.84736633300781,-0.27329036593437195,0.9932023286819458,0.11510592699050903,105,15,29,0.010708997026085854,0.5016722408026756,0.3,120,149,wall,both,1,1,1,1,1,1,0.0,8,8,0,alpha,full,huber,-2.4707193015663873,-2.0732964249664994,1.2602521796319106,-4.119538915293567,-1.9783435436155514,1.711279191901445,-4.312407963901968,-1.9679031276573238,1.7951153413862153,189.11817954907116,0.010708997026085854,246,2.4609720706939697,1.0,1.0,disabled,single,3,row_7,row_6,-0.27329036593437195,-0.5771544575691223,0.5465475109086617,0.4033308322647369,0.8464408567087901,0.30386409163475037,0.3308436725060838,0,54,0,disabled,0,0.0,50.0,alpha
1064,1.074271559715271,-0.47688406705856323,-22.080595016479492,-0.17504753172397614,0.8874354958534241,0.0030614733695983887,110,4,25,0.015604476444423199,0.5190311418685121,0.3,120,139,wall,both,1,1,1,1,1,1,0.0,5,5,0,alpha,full,huber,-4.639204419313206,-0.5004124502969645,1.8066647203473387,-4.350247232650572,-1.225017190300336,1.725459627702411,-4.39487962601037,-1.2890652388667538,1.7699062045077856,176.89621827095854,0.015604476444423199,250,1.9454035758972168,1.0,1.0,disabled,single,3,row_7,row_8,-0.17504753172397614,-0.5461359620094299,0.5611287390023385,0.3871692477821263,0.8447600004853959,0.3710884302854538,0.40275738677467676,0,54,0,disabled,0,0.0,50.0,alpha
1068,0.7423363924026489,-0.22771210968494415,-20.5548152923584,-0.2757151126861572,1.1138625144958496,0.001240551471710205,97,0,25,0.01567799225449562,0.551470588235294,0.3,120,122,wall,both,1,1,1,1,1,1,0.0,3,3,0,alpha,full,huber,-2.402683485366442,-0.05768830653313106,1.817108244080739,-4.131752196521207,-0.5482281664632858,1.6742512122263016,-4.302246093841884,-0.6234739658771509,1.724211058322565,184.26123867670492,0.01567799411714077,250,1.7891316413879395,1.0,1.0,disabled,single,3,row_6,row_7,-0.2757151126861572,-0.42994561791419983,0.518608636066095,0.4444862053509759,0.8226919715108868,0.1542305052280426,0.3808906406765892,1,55,0,disabled,0,0.0,50.0,alpha
1072,0.7124924659729004,-0.20977087318897247,-20.536540985107422,-0.22780175507068634,1.0124760866165161,1.7821788787841797e-05,101,0,19,0.01633605547249317,0.5555555555555556,0.3,120,120,wall,both,1,1,1,1,1,1,0.0,4,4,0,alpha,full,huber,-2.2643487938542357,-0.2333043469035203,1.7613254931810634,-3.6467934537181352,-0.44821570882770545,1.6253671167609287,-3.9417471417738223,-0.5270819244999558,1.6747890875417468,164.21116588070225,0.01633605547249317,250,2.285002589225769,1.0,1.0,disabled,single,3,row_6,row_7,-0.22780175507068634,-0.49994152784347534,0.5429233022823221,0.41357062133623024,0.833148503159698,0.272139772772789,0.3829854620528217,0,55,0,disabled,0,0.0,50.0,alpha
1076,0.4158329367637634,-0.07145332545042038,-30.370403289794922,-0.13001331686973572,0.7626134157180786,0.013766050338745117,99,0,21,0.008587921038269997,0.5555555555555556,0.3,120,120,wall,both,1,1,1,1,1,1,0.0,4,4,0,alpha,full,huber,-3.1013856852741495,0.3110319247368567,1.6070376127554624,-3.5991800701147225,0.12362070915604184,1.6404308462014319,-3.7791393577599948,0.07804306860613076,1.6626850060301521,210.2294030331238,0.008587921038269997,250,1.1523234844207764,1.0,1.0,disabled,single,3,row_7,row_6,-0.13001331686973572,-0.6655069589614868,0.5892721643915823,0.3449482871914194,0.8578116062602718,0.5354936420917511,0.39885380642303325,1,56,0,disabled,0,0.0,50.0,alpha
1080,0.1297256499528885,-0.006954026408493519,-24.44430160522461,-0.20557205379009247,0.9617986083030701,0.0009801387786865234,98,5,36,0.015857983380556107,0.5190311418685121,0.3,120,139,wall,both,1,1,1,1,1,1,0.0,3,3,0,alpha,full,huber,-2.406130158199674,0.8021751720463268,1.7850633952010133,-2.9193253243888,0.54229485191931,1.5614859048431102,-3.3209534657792994,0.4930355632806669,1.6154384344032087,158.5570240062985,0.015857983380556107,250,0.9916193187236786,1.0,1.0,disabled,single,3,row_6,row_7,-0.20557205379009247,-0.5286613702774048,0.55314978512836,0.40043021536466233,0.8365252236078196,0.3230893164873123,0.3865544011621447,1,57,0,disabled,0,0.0,50.0,alpha
1084,0.3683500289916992,-0.0560668408870697,-26.69542694091797,-0.2129133641719818,0.9739948511123657,0.02267557382583618,125,2,18,0.011169745586812496,0.5084745762711864,0.3,120,145,wall,both,1,1,1,1,1,1,0.0,5,5,0,alpha,full,huber,-3.1325084561984267,1.5144683482498045,1.5597941203635264,-2.7786157854038804,1.2472979592434525,1.6009761120713828,-3.0350231426192176,1.184461629796725,1.604803009126237,176.98761118770307,0.01116974651813507,250,0.9900484681129456,1.0,1.0,disabled,single,3,row_7,row_6,-0.21176782250404358,-0.5399551391601562,0.5535695161909875,0.39869631884382095,0.8391990409750257,0.32818731665611267,0.379600118374659,1,58,0,disabled,0,0.0,50.0,alpha
1088,0.7051582932472229,-0.20547448098659515,-24.425260543823242,-0.16901616752147675,0.8720648884773254,0.0020282864570617676,104,20,22,0.009316005744040012,0.5067567567567568,0.3,120,146,wall,both,1,1,1,1,1,1,0.0,3,3,0,alpha,full,huber,-2.5976289752406694,2.483860711117553,1.8071318180149856,-2.6301419501656835,2.442037114928099,1.57237361565645,-2.8311828367180767,2.4300511960335927,1.5954402904222684,198.42865641924618,0.009316005744040012,250,1.0060365796089172,1.0,1.0,disabled,single,3,row_6,row_7,-0.16901616752147675,-0.5839086771011353,0.5696090855695367,0.3761762566279157,0.8463905002974814,0.4148925095796585,0.39378880070089206,1,59,0,disabled,0,0.0,50.0,alpha
1092,0.7667732238769531,-0.242950901389122,-34.019447326660156,-0.05500265583395958,0.4925485849380493,0.016346395015716553,107,28,19,0.011555079370737076,0.49342105263157904,0.3,120,154,wall,both,1,1,1,1,1,1,0.0,4,4,0,alpha,full,huber,-2.4193912192698055,3.593713287982701,1.9523828896763966,-2.5521023427927307,3.2328422276680797,1.588794471723815,-2.6863392127217205,3.2225402118754034,1.5986228822402992,160.8538820023044,0.01155508030205965,196,1.2743826508522034,1.0,1.0,disabled,single,3,row_6,row_7,-0.05500265583395958,-0.8943367004394531,0.6346384076673494,0.2741625984420784,0.8617409817648971,0.8393340446054935,0.39969722319049494,0,59,0,disabled,0,0.0,50.0,alpha
1096,0.5155965685844421,-0.1098511666059494,-34.48883819580078,-0.25058165192604065,1.0603907108306885,0.013176500797271729,107,27,30,0.013097114861011505,0.47770700636942676,0.3,120,164,wall,both,1,1,1,1,1,1,0.0,4,4,0,alpha,full,huber,-0.8812949731865631,3.822966402534664,1.6088094441942111,-2.4440456803526978,3.9123411095537324,1.5725501492030987,-2.5620228708640536,3.9233068838986602,1.5957682615716262,210.29851899166042,0.013097114861011505,250,2.2954983711242676,1.0,1.0,disabled,single,3,row_6,row_5,-0.25058165192604065,-0.46218839287757874,0.530141297104941,0.42903428252241055,0.8300664820665264,0.21160674095153809,0.38403005772973453,0,59,0,disabled,0,0.0,50.0,alpha
1100,1.105061411857605,-0.5046119093894958,-33.219696044921875,-0.13733789324760437,0.679978609085083,0.09205573797225952,91,11,24,0.010185284540057182,0.5434782608695653,0.3,98,126,wall,both,1,1,1,1,1,1,0.0,4,4,0,alpha,full,huber,-1.597956289950894,5.537238687407086,1.315968903377609,-2.0635300686688507,5.040674107847349,1.4688072002624266,-2.3009634296976373,5.062803143168123,1.5343159880533754,202.04063502801714,0.010185284540057182,250,2.249124765396118,1.0,1.0,disabled,single,3,row_6,row_5,-0.13733789324760437,-0.7740125060081482,0.6062513085250617,0.3207365237745737,0.8592080353548078,0.6366746127605438,0.36312278509331486,0,59,0,disabled,0,0.0,50.0,alpha
1104,0.4398288428783417,-0.07993777096271515,-27.490036010742188,-0.18295404314994812,0.6629278063774109,0.14455747604370117,118,1,27,0.010512154549360275,0.5067567567567568,0.3,120,146,wall,both,1,1,1,1,1,1,0.0,2,2,0,alpha,full,huber,-1.6668199606508922,5.824357434830687,1.2040209692622303,-1.848866048088135,5.591567170028172,1.426203958989251,-2.044999572946748,5.55392450495537,1.480912329233731,191.70055419377303,0.010512154549360275,250,1.3429797887802124,1.0,1.0,disabled,single,3,row_6,row_5,-0.18295404314994812,-0.8324630856513977,0.6079577313707757,0.3175376253262917,0.8602968978401464,0.6495090425014496,0.31469587705445334,0,59,0,disabled,0,0.0,50.0,alpha
1108,1.2131494283676147,-0.6081535220146179,0.0,-0.21385163068771362,0.91953444480896,0.07974016666412354,0,0,0,0.00815371423959732,0.5,0.3,0,0,wall,both,1,1,1,1,1,1,0.0,0,0,0,alpha,full,huber,-0.9555291707372723,7.007342167626721,1.3372296224857259,-1.3861468338832672,6.489259306861502,1.3906050173101263,-1.6471006418704928,6.462579979219147,1.429018150110533,202.66904463923538,0.00815371423959732,250,2.14751660823822,1.0,1.0,disabled,single,3,row_5,row_6,-0.21385163068771362,-0.5702097415924072,0.5594656927583765,0.3917500846382829,0.839389173188493,0.3563581109046936,0.3669214401018478,1,60,0,disabled,0,0.0,50.0,alpha
1112,2.0869648456573486,-1.799761414527893,0.0,-0.11189055442810059,0.689254879951477,0.039346396923065186,0,0,0,0.010075223632156849,0.5,0.3,0,0,wall,both,1,1,1,1,1,1,0.0,0,0,0,alpha,full,huber,-0.7750603072538489,7.319623011560825,1.4578314965160786,-1.1615105931914695,6.917626382656284,1.400980100997591,-1.3600367727035731,6.852899811389776,1.4229997260078395,198.42342831783174,0.010075223632156849,250,2.83739173412323,1.0,1.0,disabled,single,3,row_5,row_6,-0.11189055442810059,-0.7225418090820312,0.6038350332749235,0.32788068673684284,0.8535088767091501,0.6106512546539307,0.39256368764131067,0,60,0,disabled,0,0.0,50.0,alpha
1116,0.43056297302246094,-0.07660515606403351,0.0,-0.039639223366975784,0.010362391360104084,0.09851783514022827,0,0,0,0.009668946266174316,0.5,0.3,0,0,wall,both,1,1,1,1,1,1,0.0,0,0,0,alpha,full,huber,-0.13928650232860024,7.630443105364616,1.2916675861900977,-0.7993624795926224,7.4856596144601415,1.4311609861848231,-1.0140655886452725,7.453468470195281,1.450392264841958,194.31071797271736,0.009668946266174316,250,1.3523129224777222,1.0,1.0,disabled,single,3,row_5,row_6,-0.039639223366975784,-1.4002418518066406,0.6674844004103325,0.17121385537983122,0.8662803443963533,1.3606026284396648,0.36460003578562983,0,60,0,disabled,0,0.0,50.0,alpha
1120,0.2010970413684845,-0.016710752621293068,-33.8504753112793,-0.03314208984375,0.38608109951019287,0.0020972490310668945,87,0,33,0.009947286918759346,0.5555555555555556,0.3,120,120,wall,both,1,1,1,1,1,1,0.0,2,2,0,alpha,full,huber,-0.634349499182278,8.612964772166592,1.6831259904719378,-0.7373888383919263,8.135428015036984,1.504037591778635,-0.8321578863097041,8.074315814181228,1.4803153425067999,192.38695093514693,0.009947286918759346,250,0.8631410300731659,1.0,1.0,disabled,single,3,row_5,row_6,-0.03314208984375,-1.049765944480896,0.6514036351436501,0.23568722746998158,0.8661095285428063,1.016623854637146,0.3954837158026906,0,60,0,disabled,0,0.0,50.0,alpha
1124,0.3387642502784729,-0.04742199182510376,-24.137882232666016,-0.14111536741256714,0.7965689897537231,0.005201756954193115,77,0,32,0.012514691799879074,0.5791505791505792,0.3,109,109,wall,both,1,1,1,1,1,1,0.0,3,3,0,alpha,full,huber,-1.0555357081041992,8.636036397743016,1.8499436051722498,-0.9685382999366713,8.673114781976341,1.643545631015664,-0.8892524021632977,8.601108854802519,1.560389666677084,170.14486888059218,0.012514691799879074,250,0.6707381308078766,1.0,1.0,disabled,single,3,row_5,row_6,-0.14111536741256714,-0.7023383975028992,0.5950063253416257,0.33945758525705005,0.8542653739968452,0.561223030090332,0.37806787525418517,0,60,0,disabled,0,0.0,50.0,alpha
1128,1.4674359560012817,-0.8898215889930725,-38.137969970703125,-0.2571484446525574,1.0757174491882324,7.152557373046875e-06,33,0,21,0.037840478122234344,0.7352941176470589,0.3,54,54,wall,both,1,1,1,1,1,1,0.0,3,3,0,alpha,full,huber,-0.7658159618709333,9.424442832675819,1.744121725092132,-0.9152274968360327,9.92764874281142,1.7829931484533472,-0.8952158372357859,10.130440429448376,1.7695398250243786,89.62872064412481,0.037840478122234344,246,2.6353143453598022,1.0,1.0,disabled,single,3,row_5,row_6,-0.2571484446525574,-1.281449317932129,0.6489668147231061,0.23300984576591258,0.8722165710388589,1.0243008732795715,0.1752252518710261,0,60,0,disabled,0,0.0,50.0,alpha
1132,0.6831866502761841,-0.1928694248199463,-49.133995056152344,-1.1661527156829834,2.290771722793579,0.0016794800758361816,11,2,117,0.017329806461930275,0.5357142857142857,0.3,120,130,wall,both,1,1,1,1,1,1,0.0,3,3,0,alpha,full,huber,-3.574724620415961,10.177343431379748,-1.4413960957787495,-1.8697931238649659,11.299506414028517,-2.016770575289302,-1.5890882025165962,11.557205797698822,-2.1141344011382914,117.46843099779007,0.017329806461930275,250,2.5216176509857178,1.0,1.0,disabled,single,3,row_6,row_7,-1.1661527156829834,-2.023040771484375,0.6353548009159777,0.2696960350366489,0.865154359913128,0.8568880558013916,-0.7125810211555358,1,61,0,disabled,0,0.0,50.0,alpha
1136,1.2776116132736206,-0.674500584602356,-37.327964782714844,-0.4311649799346924,1.3928366899490356,0.0036762356758117676,43,6,64,0.009359308518469334,0.5703422053231939,0.3,98,113,wall,both,1,1,1,1,1,1,0.0,8,8,0,alpha,full,huber,-4.022459004678854,8.572935058408696,-1.2976584707656085,-2.971314310741863,9.29023070065746,-1.1264260503790577,-2.8909003796361734,9.413665640400538,-1.2127432586620728,195.4445991888875,0.009359309449791908,250,1.5274080038070679,1.0,1.0,disabled,single,3,row_6,row_7,-0.4311649799346924,-0.5007479190826416,0.49980643199073077,0.46621082608109854,0.8173328298134124,0.06958293914794922,0.26236941160028604,0,61,0,disabled,0,0.0,50.0,alpha
1140,0.4751902222633362,-0.09330815821886063,-34.34292984008789,-0.06321534514427185,0.495767742395401,0.04589223861694336,60,0,65,0.010457688942551613,0.5454545454545454,0.3,120,125,wall,both,1,1,1,1,1,1,0.0,2,2,0,alpha,full,huber,-2.4008290528267087,8.415145439447498,-1.0793011700388515,-2.4451173034896163,8.490403848167254,-1.0492269101087133,-2.483337179271762,8.47190466414401,-1.0920727441953026,185.14606504279647,0.010457688942551613,250,0.7588924467563629,1.0,1.0,disabled,single,3,row_6,row_5,-0.06321534514427185,-1.0124483108520508,0.6451858453159381,0.24971129782543558,0.8659706006808949,0.9492329657077789,0.3750015262714516,0,61,0,disabled,0,0.0,50.0,alpha
1144,0.9828764200210571,-0.39919257164001465,-39.90263748168945,-0.10004615783691406,0.6359713077545166,0.04990726709365845,97,25,27,0.016447437927126884,0.5016722408026756,0.3,120,149,wall,both,1,1,1,1,1,1,0.0,7,7,0,alpha,full,huber,-3.0908695126163566,6.438032231020028,-1.084383816270031,-2.1812303562573394,7.712050039558102,-1.0939541511578093,-2.1419526022766817,7.716355809430588,-1.0918527806871619,203.19031431300564,0.016447437927126884,250,1.955208420753479,1.0,1.0,disabled,single,3,row_6,row_7,-0.10004615783691406,-0.7777910828590393,0.6121827267852022,0.31084235485924416,0.8610077289712145,0.6777449250221252,0.3906783100185629,0,61,0,disabled,0,0.0,50.0,alpha
1148,1.142810344696045,-0.5396758317947388,-42.88365173339844,-0.14273400604724884,0.7996110320091248,0.01261991262435913,64,29,72,0.011514801532030106,0.47619047619047616,0.3,120,165,wall,both,1,1,1,1,1,1,0.0,7,7,0,alpha,full,huber,-3.41015324592057,7.327063124105397,-1.5424692415612902,-2.0815331916492745,7.249232510255397,-1.1754255787205052,-1.9810047941190807,7.213482269330022,-1.1423000930969653,220.73901870788737,0.01151480246335268,250,2.50058376789093,1.0,1.0,disabled,single,3,row_6,row_7,-0.14273400604724884,-0.6520619988441467,0.586247422941389,0.3522756378075615,0.8520726018941578,0.5093279927968979,0.3912793490196448,0,61,0,disabled,0,0.0,50.0,alpha
1152,1.5338653326034546,-0.9722078442573547,-35.2275276184082,-0.24851830303668976,1.0575028657913208,0.0010432004928588867,97,15,43,0.011448293924331665,0.49180327868852464,0.3,120,155,wall,both,1,1,1,1,1,1,0.0,7,7,0,alpha,full,huber,-3.4306395875902194,5.9235449516009036,-1.447328428609254,-1.9473406726185325,6.322762751195803,-1.2199104163914702,-1.737191031649939,6.230378562273901,-1.16528271542484,204.41551865551884,0.011448293924331665,250,2.7335370779037476,1.0,1.0,disabled,single,3,row_6,row_7,-0.24851830303668976,-0.45363354682922363,0.5281094884704329,0.4301733998830888,0.8325811661303629,0.20511524379253387,0.38993334920890255,0,61,0,disabled,0,0.0,50.0,alpha
1156,2.134065628051758,-1.8819156885147095,-40.131591796875,-0.262702077627182,1.0872355699539185,0.0020613670349121094,72,44,64,0.009183136746287346,0.45454545454545453,0.3,120,180,wall,both,1,1,1,1,1,1,0.0,11,11,0,alpha,full,huber,-3.535311920586991,6.359830795520586,-1.4658668666467554,-1.9243371248746697,5.976344927466611,-1.2913093115449594,-1.7591428366376956,5.90203415840765,-1.239863530182175,223.28943597767125,0.009183136746287346,250,2.9740229845046997,1.0,1.0,disabled,single,3,row_6,row_7,-0.262702077627182,-0.4425429403781891,0.523064594933953,0.43696980743251873,0.8294143067465729,0.17984086275100708,0.3853482364386548,0,61,0,disabled,0,0.0,50.0,alpha
1160,2.1630380153656006,-1.9333609342575073,-35.992557525634766,-0.24949219822883606,1.0595027208328247,0.0030326247215270996,96,23,37,0.011134322732686996,0.49019607843137253,0.3,120,156,wall,both,1,1,1,1,1,1,0.0,5,5,0,alpha,full,huber,-3.2468133312243848,4.877501889944104,-1.4710791090201447,-2.1008458783980166,5.508724565584659,-1.380885344280229,-1.8710354371670472,5.46437721187635,-1.3115325295583327,199.6041398632998,0.011134322732686996,250,3.43164324760437,0.8742167479368084,1.0,disabled,single,3,row_6,row_7,-0.24949219822883606,-0.4479266405105591,0.5272769727184243,0.4323742502070674,0.8295302569197844,0.19843444228172302,0.39053710534221897,0,61,0,disabled,0,0.0,50.0,alpha
1164,1.1542024612426758,-0.5504890084266663,-26.235612869262695,-0.31782326102256775,1.1959116458892822,1.722574234008789e-05,87,7,35,0.011252516880631447,0.5376344086021506,0.3,120,129,wall,both,1,1,1,1,1,1,0.0,6,6,0,alpha,full,huber,-3.4690613698985087,5.3435476345794255,-1.3990535797100994,-2.6298167178116976,5.01373933576787,-1.4575520249849803,-2.2133425586806332,4.933671413240412,-1.3623049361347939,183.62565731506098,0.011252516880631447,250,2.1685761213302612,1.0,1.0,disabled,single,3,row_6,row_7,-0.31782326102256775,-0.36649879813194275,0.4952067265683336,0.47167951801237645,0.8153128151999774,0.048675537109375,0.38495671314280033,0,61,0,disabled,0,0.0,50.0,alpha
1168,2.117886543273926,-1.8534891605377197,-26.796226501464844,-0.26121002435684204,1.084179401397705,6.973743438720703e-05,99,19,30,0.00975416786968708,0.5033557046979865,0.3,120,148,wall,both,1,1,1,1,1,1,0.0,7,7,0,alpha,full,huber,-3.465240578605915,4.202511214466428,-1.4027293215442893,-3.0699053836257892,3.969200643212355,-1.5352002579221953,-2.581607923915979,3.9171027972061356,-1.4423745134723978,208.14231809721676,0.00975416786968708,250,2.769396185874939,1.0,1.0,disabled,single,3,row_7,row_6,-0.26121002435684204,-0.4331805408000946,0.522756362638382,0.4401629473607634,0.8224510348826148,0.17197051644325256,0.3874297449159573,1,62,0,disabled,0,0.0,50.0,alpha
1172,2.4561455249786377,-2.492830991744995,-37.2412109375,-0.09163124859333038,0.5356686115264893,0.08262759447097778,100,0,32,0.01657785288989544,0.5319148936170213,0.3,120,132,wall,both,1,1,1,1,1,1,0.0,2,2,0,alpha,full,huber,-5.115810354307831,4.2257442251716295,-1.800618956955285,-3.668877311295857,3.5003480021126183,-1.6502162960682247,-3.144095343196933,3.412893003031213,-1.5452737743483496,177.4071796541587,0.01657785288989544,250,4.529850244522095,0.6622735494684117,1.0,disabled,single,3,row_7,row_8,-0.09163124859333038,-0.9148744940757751,0.6326699702192367,0.27774562217178667,0.8615752743764947,0.8232432454824448,0.3661751182685842,0,62,0,disabled,0,0.0,50.0,alpha
1176,2.674379348754883,-2.955497980117798,-35.95204544067383,-0.09633111208677292,0.636005699634552,0.0397261381149292,105,23,25,0.010041981935501099,0.49504950495049505,0.3,120,153,wall,both,1,1,1,1,1,1,0.0,4,4,0,alpha,full,huber,-5.135003816608061,3.7700978205349958,-1.673734527544383,-3.9371283472588994,3.272172999168423,-1.6674882785661107,-3.5765441887481435,3.1898023620463754,-1.6010582183079938,215.8407407923705,0.010041982866823673,250,4.247751951217651,0.7062559288896393,1.0,disabled,single,3,row_7,row_8,-0.09633111208677292,-0.8059372901916504,0.6182047490844353,0.30405649826071346,0.8578845842721516,0.7096061781048775,0.3846044551103312,0,62,0,disabled,0,0.0,50.0,alpha
1180,1.9257732629776,-1.5324804782867432,-31.4876651763916,-0.14702430367469788,0.8020724058151245,0.03155547380447388,99,5,22,0.0092977499589324,0.5434782608695653,0.3,120,126,wall,both,1,1,1,1,1,1,0.0,4,4,0,alpha,full,huber,-5.202487611841243,3.2129839163626137,-1.642804568170722,-4.157750385132718,3.007092827542901,-1.6673307297158153,-3.9011142256377767,2.927222746239795,-1.6277328462231473,218.80469293015082,0.0092977499589324,250,3.4230480194091797,0.8764118946008248,1.0,disabled,single,3,row_7,row_8,-0.14702430367469788,-0.6690915822982788,0.5894931194295426,0.34974201035500446,0.8491541409039939,0.5220672786235809,0.3814679272733762,0,62,0,disabled,0,0.0,50.0,alpha
1184,2.8370890617370605,-3.326063871383667,-35.97516632080078,-0.08216216415166855,0.6004295945167542,0.022397637367248535,104,11,27,0.009111220948398113,0.5136986301369862,0.3,120,142,wall,both,1,1,1,1,1,1,0.0,4,4,0,alpha,full,huber,-4.730140623297117,1.641655412776267,-1.6803482786453094,-4.29522695225565,2.4058627340932084,-1.630777577984344,-4.133641076400402,2.3638893024414376,-1.6185244720119931,217.2878174607093,0.009111220948398113,250,3.903669238090515,0.768507733884609,1.0,disabled,single,3,row_7,row_8,-0.08216216415166855,-0.791683554649353,0.6183531353767115,0.30415526776066554,0.8574417754721082,0.7095213904976845,0.39853340410183064,0,62,0,disabled,0,0.0,50.0,alpha
1188,2.3256454467773438,-2.2349696159362793,-32.8121452331543,-0.14895541965961456,0.7006217837333679,0.09883767366409302,105,2,29,0.009769674390554428,0.5244755244755245,0.3,120,136,wall,both,1,1,1,1,1,1,0.0,5,5,0,alpha,full,huber,-4.784596809710682,1.2346469359882355,-1.8167888042790175,-4.509874943749608,2.0239387294769617,-1.6322358524865674,-4.348917767779561,2.0021406932804204,-1.6157880139357212,209.81329597311606,0.009769675321877003,250,3.439739942550659,0.8721589568121303,1.0,disabled,single,3,row_7,row_8,-0.1238475814461708,-0.7261619567871094,0.6040905250537182,0.33076550734088217,0.8483397531792882,0.6023143753409386,0.38018363491467244,0,62,0,disabled,0,0.0,50.0,alpha
1192,2.232069253921509,-2.058732748031616,-18.567611694335938,-0.31635576486587524,1.192858099937439,0.006131529808044434,119,0,20,0.014982829801738262,0.5190311418685121,0.3,120,139,wall,both,1,1,1,1,1,1,0.0,2,2,0,alpha,full,huber,-5.465375915434823,1.9401910961495337,-1.3575617710751233,-5.144972646753255,1.6419038904846914,-1.6634570077671755,-4.79919183938884,1.527615159429797,-1.6365885894776149,170.7310240761249,0.014982830733060837,250,2.5310505628585815,1.0,1.0,disabled,single,3,row_8,row_7,-0.3162062168121338,-0.3742656111717224,0.49727521699747845,0.4692258621840482,0.8162223263400511,0.05805939435958862,0.3824054328057832,1,63,0,disabled,0,0.0,50.0,alpha
1196,2.2922890186309814,-2.1713178157806396,-37.59450149536133,-0.09279772639274597,0.35088375210762024,0.1266186237335205,99,0,21,0.016989152878522873,0.5555555555555556,0.3,120,120,wall,both,1,1,1,1,1,1,0.0,4,4,0,alpha,full,huber,-6.919864446681397,1.0776241464706071,-1.9770510673538886,-5.650461030298719,1.1708335746290304,-1.6865588760998718,-5.286640750795414,1.039206982251628,-1.6601564013986128,169.25658699344646,0.016989152878522873,250,3.6916667222976685,0.8126410712754754,1.0,disabled,single,3,row_8,row_9,-0.09279772639274597,-1.0775742530822754,0.6470479355149364,0.24168708540821873,0.8692253106564731,0.9847765266895294,0.34253717193813593,0,63,0,disabled,0,0.0,50.0,alpha
1200,3.363633155822754,-4.620578289031982,-26.737228393554688,-0.24800975620746613,1.0563642978668213,0.0027449727058410645,113,0,25,0.015430319122970104,0.5208333333333334,0.3,120,138,wall,both,1,1,1,1,1,1,0.0,4,4,0,alpha,full,huber,-5.151111610601288,-0.543184655162153,-1.46499650850902,-5.643316866144421,0.4686824572337617,-1.6112218274351982,-5.504939611979407,0.4784617835060686,-1.634341947071049,174.98788507068963,0.015430319122970104,250,3.975482702255249,0.7546253435584394,1.0,disabled,single,3,row_8,row_7,-0.24800975620746613,-0.4353834092617035,0.5262807874783738,0.43635722607850075,0.8225114602263679,0.18737365305423737,0.39391063596749354,0,63,0,disabled,0,0.0,50.0,alpha
1204,2.635667562484741,-2.8705551624298096,-20.914417266845703,-0.17939071357250214,0.8984660506248474,0.0009617209434509277,117,4,17,0.019535906612873077,0.5208333333333334,0.3,120,138,wall,both,1,1,1,1,1,1,0.0,7,7,0,alpha,full,huber,-5.111559922201887,-1.6430501277479528,-1.3470245682931927,-5.482732404940823,-0.8765035146001121,-1.5740343097258058,-5.522334320947165,-0.7320853591929659,-1.6050426195591632,157.64225602948133,0.019535906612873077,250,3.602344274520874,0.8327910303351036,1.0,disabled,single,3,row_8,row_7,-0.17939071357250214,-0.5224742889404297,0.5571459301029353,0.3953389994332336,0.8375340605271764,0.34308357536792755,0.40553736679304997,0,63,0,disabled,0,0.0,50.0,alpha
1208,1.400152564048767,-0.810093879699707,-34.48550796508789,-0.16429150104522705,0.37318602204322815,0.18074584007263184,118,22,22,0.008786167949438095,0.4807692307692307,0.3,120,162,wall,both,1,1,1,1,1,1,0.0,3,3,0,alpha,full,huber,-5.244326923283193,-3.8023346421514725,-2.0227425063187723,-5.3392924540939966,-2.921765925743181,-1.5274740550877675,-5.450656920095552,-2.7827579103335713,-1.5535725385316306,205.82013309449277,0.00878616888076067,250,2.47834050655365,1.0,1.0,disabled,single,3,row_8,row_7,-0.16429150104522705,-1.084645390510559,0.6364085197965408,0.2535311751576006,0.8783881687741305,0.920353889465332,0.28762309407618214,0,63,0,disabled,0,0.0,50.0,alpha
1212,2.5761020183563232,-2.7422733306884766,-31.483762741088867,-0.09753958880901337,0.6623769402503967,0.0031731128692626953,95,23,38,0.008171544410288334,0.49019607843137253,0.3,120,156,wall,both,1,1,1,1,1,1,0.0,4,4,0,alpha,full,huber,-4.873241054161019,-4.290897781193869,-1.4917399755123957,-5.3066523436678565,-3.8096800909634627,-1.5529513397653087,-5.3656752158880145,-3.683067125280431,-1.5553367527992148,212.6059104390158,0.008171544410288334,250,3.0986536741256714,0.9681624071287968,1.0,disabled,single,3,row_8,row_7,-0.09753958880901337,-0.7156178951263428,0.6037463194737143,0.32540670582643705,0.857526979762951,0.6180783063173294,0.4070615813347126,0,63,0,disabled,0,0.0,50.0,alpha
1216,2.470869541168213,-2.52280855178833,-31.38421058654785,-0.15251775085926056,0.8268097043037415,0.012159228324890137,93,36,33,0.008897796273231506,0.4807692307692307,0.3,120,162,wall,both,1,1,1,1,1,1,0.0,2,2,0,alpha,full,huber,-7.4135293793584855,-3.606418415413371,-1.4204485452528963,-5.398075554000076,-4.283432228590906,-1.594722746894849,-5.380999126954665,-4.1747261989279405,-1.575914053249886,227.0729797158771,0.008897797204554081,250,3.014874219894409,0.9950663879122194,1.0,disabled,single,3,row_9,row_8,-0.15251775085926056,-0.6484770774841309,0.5853119529270835,0.35644702500278536,0.8467879094786634,0.4959593266248703,0.3830925701529959,1,64,0,disabled,0,0.0,50.0,alpha
1220,1.4265855550765991,-0.8409695625305176,-37.0978889465332,-0.3325042128562927,1.221745491027832,0.014013528823852539,92,60,33,0.01103183627128601,0.44776119402985076,0.3,120,185,wall,both,1,1,1,1,1,1,0.0,3,3,0,alpha,full,huber,-6.642118421831437,-5.127485597850084,-1.2291822012212676,-5.613006285132478,-4.882944086189863,-1.5948101878770555,-5.509953962446892,-4.828208308536263,-1.5724177497681728,220.98844736485378,0.01103183627128601,250,2.6350971460342407,1.0,1.0,disabled,single,3,row_8,row_9,-0.3325042128562927,-0.37991565465927124,0.4942746704523258,0.4713872457037084,0.8185871014149467,0.047411441802978516,0.37215969039452224,1,65,0,disabled,0,0.0,50.0,alpha
1224,2.726377248764038,-3.071542739868164,-31.75269889831543,-0.2813354730606079,1.125082015991211,0.0033004283905029297,111,42,28,0.027076294645667076,0.4531722054380664,0.3,120,181,wall,both,1,1,1,1,1,1,0.0,3,3,0,alpha,full,huber,-6.748670726554183,-5.575664554005364,-1.3193069544089588,-5.835825824475585,-5.360090527617554,-1.585723549556951,-5.689470082037257,-5.2974989026452075,-1.5714139855122218,170.12677800549122,0.027076294645667076,250,3.82485294342041,0.7843438805041278,1.0,disabled,single,3,row_9,row_8,-0.2813354730606079,-0.43826034665107727,0.5191811530454016,0.44377957708349014,0.822936295681055,0.15692487359046936,0.37416694118010574,1,66,0,disabled,0,0.0,50.0,alpha
1228,0.8675822019577026,-0.31103259325027466,0.0,-0.038522377610206604,0.30109506845474243,0.06709802150726318,0,0,0,0.00951886735856533,0.5,0.3,0,0,wall,both,1,1,1,1,1,1,0.0,0,0,0,alpha,full,huber,-7.504862735151305,-6.040385475066522,-1.7689824068481372,-6.32452395809179,-5.823795716580491,-1.6837907104316532,-6.0388764704674465,-5.792183222273185,-1.624289595806551,202.98379824067848,0.00951886735856533,250,2.2613492012023926,1.0,1.0,disabled,single,3,row_9,row_8,-0.038522377610206604,-1.1237376928329468,0.6595848936380603,0.22282693031377104,0.8607314496969252,1.0852153152227402,0.3776222132561162,0,66,0,disabled,0,0.0,50.0,alpha
1232,2.138982057571411,-1.890596866607666,0.0,-0.09637981653213501,0.4104439318180084,0.1201711893081665,0,0,0,0.009545309469103813,0.5,0.3,0,0,wall,both,1,1,1,1,1,1,0.0,0,0,0,alpha,full,huber,-7.239246260703053,-7.002613233955704,-1.9115346379970732,-6.611983620309607,-6.34165592635017,-1.75317158015569,-6.364995124199378,-6.298144323816089,-1.68646553314605,206.85718081989447,0.009545309469103813,250,3.2412257194519043,0.9255757727688598,1.0,disabled,single,3,row_9,row_8,-0.09637981653213501,-1.055482268333435,0.6482526596311745,0.24843421332942076,0.8614848342173325,0.9591024518013,0.33709493525341316,0,66,0,disabled,0,0.0,50.0,alpha
1236,1.4638855457305908,-0.8855209946632385,0.0,-0.015693524852395058,0.03348596394062042,0.06151312589645386,0,0,0,0.007880514487624168,0.5,0.3,0,0,wall,both,1,1,1,1,1,1,0.0,0,0,0,alpha,full,huber,-7.542008464039452,-7.5080297302676104,-1.768814242420467,-7.0491105435083465,-6.996058328590353,-1.7894426419005358,-6.769784623925529,-6.927513412110848,-1.7268374064895995,204.65757023427565,0.007880513556301594,250,2.5207791328430176,1.0,1.0,disabled,single,3,row_9,row_8,-0.015693524852395058,-1.398068904876709,0.6676381029352426,0.16756492441853746,0.8662028814657446,1.382375380024314,0.3883154894721832,0,66,0,disabled,0,0.0,50.0,alpha
1240,0.6031175255775452,-0.1503102332353592,0.0,-0.0570005364716053,0.4561763107776642,0.05133628845214844,0,0,0,0.00776055408641696,0.5,0.3,0,0,wall,both,1,1,1,1,1,1,0.0,0,0,0,alpha,full,huber,-7.905641900729056,-8.23174153004816,-1.693370573827854,-7.515878362991206,-7.828487032271469,-1.824024324787856,-7.234681671330456,-7.769765707789304,-1.770825789543037,198.27851636766977,0.00776055408641696,250,1.4230652451515198,1.0,1.0,disabled,single,3,row_9,row_10,-0.0570005364716053,-0.9065333604812622,0.6354755577059135,0.27173866238133765,0.8627598489801059,0.8495328240096569,0.39638111413773813,0,66,0,disabled,0,0.0,50.0,alpha
1244,0.5300759077072144,-0.11610763520002365,0.0,-0.17293661832809448,0.7869663834571838,0.09301155805587769,0,0,0,0.007531687617301941,0.5,0.3,0,0,wall,both,1,1,1,1,1,1,0.0,0,0,0,alpha,full,huber,-8.999601237042913,-8.967534676767738,-1.8019649847764159,-8.057718676145727,-9.10170406863592,-1.8869217307014232,-7.8075246467588935,-9.09507227417043,-1.8271761009701306,216.93956036753366,0.007531688082963228,250,1.6506012678146362,1.0,1.0,disabled,single,3,row_10,row_9,-0.17293661832809448,-0.6567723751068115,0.609852042280127,0.375921602375216,0.7298875700954203,0.48383575677871704,0.32160228654671313,1,67,0,disabled,0,0.0,50.0,alpha
1248,0.13774791359901428,-0.007840697653591633,0.0,-1.6301451921463013,1.177646517753601,0.5691038966178894,0,0,0,0.007599178701639175,0.5,0.3,0,0,wall,both,1,1,1,1,1,1,0.0,0,0,0,alpha,full,huber,-8.669721673456078,-10.980740011733864,2.8574120924091915,-8.613788923982252,-10.453650159401825,-2.8463306756220508,-8.407582608462151,-10.439708785699622,-2.811451860860134,209.2867952950641,0.007599178701639175,250,0.946149617433548,1.0,1.0,disabled,single,3,row_10,row_9,-1.6301451921463013,-1.7292721271514893,0.5169299938267664,0.46814614456230197,0.7591579991769246,0.09912693500518799,-0.9702973700451745,0,67,0,disabled,0,0.0,50.0,alpha
1252,0.8251862525939941,-0.28137701749801636,0.0,-0.31477463245391846,1.172144889831543,0.0481380820274353,0,0,0,0.008523841388523579,0.5,0.3,0,0,wall,both,1,1,1,1,1,1,0.0,0,0,0,alpha,full,huber,-8.41109142786283,-10.356831157245724,2.0436436509358176,-9.161964678770854,-10.662963501861041,2.5758440489086314,-9.163270523888077,-10.67927735310591,2.5986528165418337,214.37473017242755,0.008523841388523579,250,1.9850301146507263,1.0,1.0,disabled,single,3,row_10,row_9,-0.31477463245391846,-0.4773053526878357,0.5279956230744905,0.4487909880059984,0.7841365627810969,0.16253072023391724,0.32389265248796295,0,67,0,disabled,0,0.0,50.0,alpha
1256,2.2953286170959473,-2.177079916000366,-35.82364273071289,-0.06949542462825775,0.4058282673358917,0.08977508544921875,61,0,63,0.012050577439367771,0.5474452554744526,0.3,115,124,wall,both,1,1,1,1,1,1,0.0,2,2,0,alpha,full,huber,-9.21527921075539,-10.414501402962527,2.159070808030057,-9.6247428809799,-10.448079120070675,1.8106521404417368,-9.750225632462888,-10.351087497595437,1.7353047383512497,178.1603486400708,0.012050577439367771,250,2.750080704689026,1.0,1.0,disabled,single,3,row_10,row_9,-0.06949542462825775,-1.1270480155944824,0.7381441631829373,0.2563609872410718,0.6016579215491095,1.0575525909662247,0.23412070576406852,0,67,0,disabled,0,0.0,50.0,alpha
1260,2.0988357067108154,-1.82029390335083,-37.4815559387207,-0.16337060928344727,0.6637104749679565,0.12665855884552002,57,6,64,0.017506755888462067,0.5415162454873647,0.3,120,127,wall,both,1,1,1,1,1,1,0.0,7,7,0,alpha,full,huber,-9.060858853254635,-9.280490451131493,1.265570749553742,-10.0445015580341,-8.909059200855454,1.23430668256305,-10.056263916890401,-8.6894238539373,1.1374104216321532,184.43470382590888,0.017506755888462067,250,3.074496865272522,0.9757694125129907,1.0,disabled,single,3,row_10,row_9,-0.14504213631153107,-0.7802262306213379,0.6461991414939332,0.34238082143484644,0.7002106868112273,0.6351840943098068,0.291605417826536,0,67,0,disabled,0,0.0,50.0,alpha
1264,2.1350173950195312,-1.8835946321487427,-32.71891403198242,-0.3372630476951599,1.2308855056762695,0.011908173561096191,98,11,38,0.012503073550760746,0.5050505050505051,0.3,120,147,wall,both,1,1,1,1,1,1,0.0,8,8,0,alpha,full,huber,-8.796536896845401,-7.729183069255505,1.597398253671237,-9.322661266938535,-7.791329497719019,1.151050268979696,-9.418695938942761,-7.689585579637882,1.135032546802151,191.13819658375195,0.012503073550760746,250,2.9407788515090942,1.0,1.0,disabled,single,3,row_10,row_9,-0.3372630476951599,-0.34203487634658813,0.4866331357399503,0.48431653740106667,0.8044336181979659,0.004771828651428223,0.38298170679084687,0,67,0,disabled,0,0.0,50.0,alpha
1268,1.8864250183105469,-1.470495581626892,-31.01384925842285,-0.15774619579315186,0.8345373868942261,0.027015507221221924,109,21,53,0.009898187592625618,0.4504504504504505,0.3,120,183,wall,both,1,1,1,1,1,1,0.0,11,11,0,alpha,full,huber,-9.213380086677521,-7.653225061712239,1.5189049456068258,-8.834895714656096,-7.317444588373676,1.1221649418220616,-8.998359359016202,-7.271757017959748,1.1199673076631704,188.43153908099407,0.009898187592625618,250,2.151453733444214,1.0,1.0,disabled,single,3,row_10,row_9,-0.15774619579315186,-0.5997582674026489,0.5997645496553354,0.3854937920915081,0.736241546070332,0.44201207160949707,0.3534719222297408,0,67,0,disabled,0,0.0,50.0,alpha
1272,0.671463131904602,-0.1863069236278534,-25.93733787536621,-0.2167862504720688,0.981313943862915,0.02615112066268921,128,22,42,0.017657192423939705,0.43859649122807015,0.3,120,192,wall,both,1,1,1,1,1,1,0.0,9,9,0,alpha,full,huber,-9.115592532419193,-7.372322028571464,1.5226790996091442,-8.67783028810831,-6.989791728602618,1.1664767845521524,-8.734038531881763,-6.9348255618113415,1.1252214761858825,146.74362630469054,0.017657192423939705,250,0.7963760197162628,1.0,1.0,disabled,single,3,row_10,row_9,-0.2167862504720688,-0.5020102262496948,0.5600808461383439,0.4210944543465076,0.7636509082787092,0.28522397577762604,0.36288788709675956,0,67,0,disabled,0,0.0,50.0,alpha
1276,0.39861860871315,-0.06565982848405838,-20.541893005371094,-0.200918048620224,0.9505746364593506,0.0054177045822143555,140,18,21,0.017260706052184105,0.45592705167173253,0.3,120,179,wall,both,1,1,1,1,1,1,0.0,10,10,0,alpha,full,huber,-8.716571537659878,-6.379659472572245,1.8451581033710003,-8.62877214565138,-6.438185030580333,1.420703742900564,-8.575445818823754,-6.450839278735961,1.2704881957775545,160.98021051733565,0.017260706052184105,250,0.6353817284107208,1.0,1.0,disabled,single,3,row_9,row_10,-0.200918048620224,-0.5341408848762512,0.5557791125471384,0.39827714193176633,0.8346349900322805,0.3332228362560272,0.38646629463925253,1,68,0,disabled,0,0.0,50.0,alpha
1280,1.0117278099060059,-0.4229724109172821,-21.182024002075195,-0.25193488597869873,1.0635590553283691,0.01178044080734253,106,0,17,0.011358903720974922,0.5494505494505495,0.3,120,123,wall,both,1,1,1,1,1,1,0.0,4,4,0,alpha,full,huber,-9.058200687928142,-5.010904485219651,1.833953098628374,-8.580266175823724,-5.154940341443846,1.4846687694837533,-8.41400572824156,-5.208210723058176,1.36677732586101,168.22691685560494,0.011358903720974922,218,1.0810366868972778,1.0,1.0,disabled,single,3,row_9,row_10,-0.25193488597869873,-0.4636094272136688,0.5309739989839055,0.42967904055952433,0.8263867107915355,0.2116745412349701,0.38110733909238437,0,68,0,disabled,0,0.0,50.0,alpha
1284,1.2704271078109741,-0.6669359803199768,-35.84111022949219,-0.1001669317483902,0.6655592918395996,0.020583689212799072,93,2,32,0.013964787125587463,0.5415162454873647,0.3,120,127,wall,both,1,1,1,1,1,1,0.0,11,11,0,alpha,full,huber,-8.963118345556547,-3.6315124752325154,1.6739989722683228,-8.489098289784597,-4.527445399038411,1.471347864420073,-8.408009728387789,-4.605189246241216,1.4126720376964306,166.5220580846696,0.013964787125587463,202,2.0169094800949097,1.0,1.0,disabled,single,3,row_9,row_10,-0.09844522178173065,-0.7278584837913513,0.609569640406005,0.3248423340568202,0.8456814759229279,0.6294132620096207,0.3965568565517423,0,68,0,disabled,0,0.0,50.0,alpha
1288,1.2460054159164429,-0.6415411233901978,-35.6962890625,-0.0767369493842125,0.5867783427238464,0.007405996322631836,106,46,20,0.018416371196508408,0.46583850931677023,0.3,120,172,wall,both,1,1,1,1,1,1,0.0,8,8,0,alpha,full,huber,-8.991494362861468,-2.941827509865129,1.8480747412656635,-8.567655402370182,-3.7357421874933943,1.5279890965019298,-8.449902430343043,-3.839060840854346,1.466239650880345,158.5983750750177,0.018416371196508408,202,2.1811437606811523,1.0,1.0,disabled,single,3,row_9,row_10,-0.0767369493842125,-0.8141355514526367,0.6258007134610553,0.29935596067844705,0.8484078832468285,0.7373986020684242,0.3919863582854046,0,68,0,disabled,0,0.0,50.0,alpha
1292,1.1131060123443604,-0.5119855403900146,-35.41362762451172,-0.07364710420370102,0.42887264490127563,0.0896073579788208,115,4,26,0.008380692452192307,0.5084745762711864,0.3,120,145,wall,both,1,1,1,1,1,1,0.0,8,8,0,alpha,full,huber,-8.118157516680546,-1.9760534307827466,1.3284804081762882,-8.38618451910651,-2.286855261723921,1.4734453843237898,-8.351332464495211,-2.3799970606209735,1.4603781523850987,216.91661318203123,0.008380693383514881,250,1.895739734172821,1.0,1.0,disabled,single,3,row_9,row_8,-0.06835123151540756,-1.0294743776321411,0.6530325127183029,0.24976082793599083,0.8513373226752977,0.9611231461167336,0.3577771296620758,0,68,0,disabled,0,0.0,50.0,alpha
1296,0.48558762669563293,-0.0974360927939415,-27.194900512695312,-0.3048595190048218,1.1712121963500977,0.002659142017364502,159,11,17,0.016173645853996277,0.44510385756676557,0.3,120,187,wall,both,1,1,1,1,1,1,0.0,8,8,0,alpha,full,huber,-7.348260085508321,-0.9114104533810774,1.6777644377890617,-8.059130107275518,-0.8023887072093481,1.4880877265720087,-8.113441931488998,-0.8161832209591984,1.4883342843680367,176.10738563885442,0.016173647716641426,250,1.1982190012931824,1.0,1.0,disabled,single,3,row_8,row_9,-0.3048595190048218,-0.4237203896045685,0.509997694022331,0.45284293050632707,0.8245018480006135,0.1188608705997467,0.3684895557940072,1,69,0,disabled,0,0.0,50.0,alpha
1300,0.813590407371521,-0.27352452278137207,-22.503189086914062,-0.23657909035682678,1.0317953824996948,0.00048100948333740234,147,20,29,0.016297396272420883,0.43352601156069365,0.3,120,196,wall,both,1,1,1,1,1,1,0.0,7,7,0,alpha,full,huber,-7.577531876916595,0.8173216410935884,1.7595014736780827,-8.037438131197522,0.35545119357990484,1.567877435404406,-8.03071991456227,0.32331783904769634,1.5407238086489539,182.31476906752454,0.016297396272420883,250,1.1752596497535706,1.0,1.0,disabled,single,3,row_8,row_9,-0.23657909035682678,-0.47089850902557373,0.5343597378101959,0.4227368408481767,0.8339489298508698,0.23431941866874695,0.39010691016517896,0,69,0,disabled,0,0.0,50.0,alpha
1304,1.2315579652786255,-0.6267500519752502,-19.503599166870117,-0.30830612778663635,1.1775926351547241,0.005962848663330078,110,0,27,0.019372478127479553,0.5226480836236934,0.3,120,137,wall,both,1,1,1,1,1,1,0.0,4,4,0,alpha,full,huber,-10.225508843672797,0.8350294998720564,1.7793269486506142,-8.559676907656293,1.3073973762837277,1.6840966616534276,-8.308067607577323,1.3159557631007415,1.6192547210882697,154.26334455420897,0.019372478127479553,250,3.168955683708191,0.9466841128208883,1.0,disabled,single,3,row_9,row_10,-0.30830612778663635,-0.39490073919296265,0.5035384315281591,0.4617693050236344,0.81888875171707,0.0865946114063263,0.37778911319474184,1,70,0,disabled,0,0.0,50.0,alpha
1308,1.6471669673919678,-1.1211401224136353,-19.86370277404785,-0.22936680912971497,1.0150076150894165,0.010197997093200684,145,4,32,0.01266039814800024,0.4531722054380664,0.3,120,181,wall,both,1,1,1,1,1,1,0.0,9,9,0,alpha,full,huber,-10.507242862519655,2.903410973542576,1.9054928262232353,-9.40446244523385,3.22311088500292,1.8016738562039918,-8.955268713758848,3.2759686388787,1.730587367194727,180.80947845874607,0.012660399079322815,250,3.7931597232818604,0.7908973570468014,1.0,disabled,single,3,row_9,row_10,-0.22936680912971497,-0.4984157979488373,0.543108633295074,0.41499246872777473,0.8294462865042653,0.2690489888191223,0.3810791086111882,0,70,0,disabled,0,0.0,50.0,alpha
1312,0.7330134510993958,-0.22202838957309723,-21.829946517944336,-0.22388330101966858,1.0035085678100586,0.0049247145652771,104,6,38,0.01087153609842062,0.5033557046979865,0.3,120,148,wall,both,1,1,1,1,1,1,0.0,2,2,0,alpha,full,huber,-10.580085456382953,3.3974788697509846,1.8275919991396723,-10.01533959439205,4.219134992333492,1.916755948206038,-9.619121627488449,4.296145904737726,1.8434433842876397,183.6826804802462,0.010871537029743195,250,1.4790610074996948,1.0,1.0,disabled,single,3,row_9,row_10,-0.22388330101966858,-0.5141305327415466,0.5473607284643829,0.40946884523037885,0.8311452521882142,0.29024723172187805,0.3787639258651927,0,70,0,disabled,0,0.0,50.0,alpha
1316,0.6829971671104431,-0.19276246428489685,-30.52639389038086,-0.09756243228912354,0.6625531315803528,0.0017189383506774902,106,8,37,0.01286608912050724,0.4983388704318937,0.3,120,151,wall,both,1,1,1,1,1,1,0.0,3,3,0,alpha,full,huber,-10.18294984433783,3.0823629657520883,1.8211980943627477,-10.198167028609465,4.573866042522273,1.9294549664052145,-10.016518050426761,4.731147410540414,1.891490829504468,183.33491757367668,0.012866090051829815,250,2.5654066801071167,1.0,1.0,disabled,single,3,row_9,row_10,-0.09756243228912354,-0.7597411870956421,0.6134258885260485,0.3163599668763679,0.8503725098995043,0.6621787548065186,0.3911333909376232,0,70,0,disabled,0,0.0,50.0,alpha
1320,1.384522557258606,-0.7921085357666016,-24.03974151611328,-0.14927096664905548,0.8186970353126526,0.008898913860321045,95,11,30,0.011288566514849663,0.5244755244755245,0.3,120,136,wall,both,1,1,1,1,1,1,0.0,2,2,0,alpha,full,huber,-10.519737502300604,4.1957055343575655,1.8618147499371576,-10.817259948416252,5.3448280301266,1.9593253058060864,-10.618256078045473,5.554370845968107,1.9298348607299847,183.6173093789341,0.011288566514849663,250,2.5957727432250977,1.0,1.0,disabled,single,3,row_9,row_10,-0.14927096664905548,-0.6711205244064331,0.5906365663962676,0.35049671132323207,0.8452031942795473,0.5218495577573776,0.3772834309603933,0,70,0,disabled,0,0.0,50.0,alpha
1324,0.3282746374607086,-0.044530678540468216,-18.555402755737305,-0.2618018388748169,1.073718547821045,0.037067532539367676,104,0,29,0.011843189597129822,0.5300353356890459,0.3,120,133,wall,both,1,1,1,1,1,1,0.0,1,1,0,alpha,full,huber,-10.900500444148642,4.900345724062097,2.0255396622983373,-11.196247753396449,5.659459587641619,1.9861699033417848,-11.05917063834812,5.939953601392174,1.9621928313880552,168.24438160256634,0.011843191459774971,250,1.5346258282661438,1.0,1.0,disabled,single,3,row_9,row_10,-0.2618018388748169,-0.48749589920043945,0.5342104318957178,0.42627972755523214,0.8260673624852573,0.22569406032562256,0.36516361155077504,0,70,0,disabled,0,0.0,50.0,alpha
1328,0.9170019626617432,-0.3474763035774231,-24.406538009643555,-0.1254943311214447,0.7480594515800476,0.016714751720428467,108,0,29,0.015213698148727417,0.5226480836236934,0.3,120,137,wall,both,1,1,1,1,1,1,0.0,1,1,0,alpha,full,huber,-10.620992757294355,5.181314468587914,1.9355069328817445,-11.175370470365234,5.876978368833731,1.958814735350565,-11.229227082089272,6.162524735483268,1.9654253663149186,161.9103558877438,0.015213698148727417,250,2.0016727447509766,1.0,1.0,disabled,single,3,row_9,row_10,-0.1254943311214447,-0.7015277743339539,0.5997328859521289,0.3371240362747597,0.8476058237982922,0.5760334432125092,0.38577658185085584,0,70,0,disabled,0,0.0,50.0,alpha
1332,0.17072443664073944,-0.012044146656990051,-24.372983932495117,-0.1221606656908989,0.7414330244064331,6.592273712158203e-05,80,0,40,0.013850240036845207,0.5555555555555556,0.3,120,120,wall,both,1,1,1,1,1,1,0.0,2,2,0,alpha,full,huber,-10.631461358670286,5.27500616095423,1.7638980157596444,-11.197490578759151,5.9194640986091045,1.9281703896909994,-11.27862186231107,6.18935431548306,1.948306240659079,170.100342038716,0.013850240036845207,250,1.2399571537971497,1.0,1.0,disabled,single,3,row_9,row_10,-0.1221606656908989,-0.6982976198196411,0.5996221514428717,0.3370269020196909,0.8480174346751675,0.5761369541287422,0.38929490404461065,0,70,0,disabled,0,0.0,50.0,alpha
1336,2.628063440322876,-2.854015350341797,-25.10590934753418,-0.11538209021091461,0.7205464243888855,0.001325070858001709,82,0,38,0.012424012646079063,0.5555555555555556,0.3,120,120,wall,both,1,1,1,1,1,1,0.0,2,2,0,alpha,full,huber,-10.69360525280477,5.729044154538452,1.7009283462376068,-11.008781983423361,6.115115523224606,1.8134296326508417,-11.18355074909982,6.283042575043772,1.8830978531417113,180.89563832420484,0.012424013577401638,250,3.443109631538391,0.8713053957156721,1.0,disabled,single,3,row_9,row_10,-0.11538209021091461,-0.691717803478241,0.5997370388529987,0.3370244829115715,0.8477631451659123,0.5763357132673264,0.39588189820115505,0,70,0,disabled,0,0.0,50.0,alpha
1340,2.3352370262145996,-2.2534430027008057,0.0,-0.09754522144794464,0.4686700105667114,0.10926926136016846,0,0,0,0.011103211902081966,0.5,0.3,0,0,wall,both,1,1,1,1,1,1,0.0,0,0,0,alpha,full,huber,-10.496927606421176,6.122326417014139,1.2090231170153363,-10.859490369785094,6.699121173401772,1.6928814963383367,-11.103867984611895,6.817121160010829,1.792696334106198,184.4386877814027,0.011103211902081966,240,3.211096167564392,0.9342604031306518,1.0,disabled,single,3,row_9,row_10,-0.09754522144794464,-0.9644042253494263,0.6418582301783773,0.26975346523006144,0.8524671544710134,0.8668590039014816,0.34584260349704565,0,70,0,disabled,0,0.0,50.0,alpha
1344,1.261315107345581,-0.6574032306671143,-22.9814395904541,-0.2640109360218048,1.0899739265441895,0.0005714297294616699,54,0,33,0.02385057508945465,0.6329113924050632,0.3,87,87,wall,both,1,1,1,1,1,1,0.0,3,3,0,alpha,full,huber,-10.930743488202726,7.494133384447082,1.647061398238863,-10.777624845917792,7.887107545236175,1.61238384945199,-11.056321494193181,7.990180594066873,1.7145327218529127,131.25567961220955,0.02385057508945465,224,1.8184859156608582,1.0,1.0,disabled,single,3,row_9,row_10,-0.2640109360218048,-0.9221389293670654,0.6121122688438033,0.31696384640137176,0.8523051961526082,0.6581279933452606,0.22682863144892562,0,70,0,disabled,0,0.0,50.0,alpha
1348,0.14409786462783813,-0.00858024600893259,-38.58966827392578,-0.6510645747184753,1.666619896888733,0.09102058410644531,33,0,51,0.017932046204805374,0.641025641025641,0.3,84,84,wall,both,1,1,1,1,1,1,0.0,3,3,0,alpha,full,huber,-9.903418916653557,8.444606622258346,1.2509017761268808,-10.490946480340362,8.448531831066587,1.8071708046625097,-10.784009593662905,8.509275441183323,1.9409048665942672,127.62970894199124,0.017932046204805374,180,1.0809001922607422,1.0,1.0,disabled,single,3,row_9,row_8,-0.6510645747184753,-1.538622260093689,0.6471641062349998,0.26641153006361395,0.8456117642724573,0.8875576853752136,-0.21590919986076162,0,70,0,disabled,0,0.0,50.0,alpha
1352,0.2534675896167755,-0.026547860354185104,-34.78232192993164,-0.6284989714622498,1.6796631813049316,0.019489943981170654,32,0,34,0.02349170297384262,0.6944444444444444,0.3,66,66,wall,both,1,1,1,1,1,1,0.0,2,2,0,alpha,full,huber,-10.560327308539335,8.404627542242476,1.4831136401319407,-10.56815945258404,8.612441707673538,1.9447025563075535,-10.695777311869186,8.644589660708588,2.049206237307347,91.84747833022941,0.02349170297384262,127,0.46109655499458313,1.0,1.0,disabled,single,3,row_9,row_10,-0.6284989714622498,-1.9061925411224365,0.6740681015548102,0.18784883627480153,0.8533647280301033,1.2776935696601868,-0.23407483917064148,0,70,0,disabled,0,0.0,50.0,alpha
1356,0.4612065255641937,-0.08789729326963425,-44.895362854003906,-2.0040879249572754,2.688419818878174,0.31224799156188965,24,0,56,0.0260414257645607,0.6521739130434783,0.3,58,80,wall,both,1,1,1,1,1,1,0.0,1,1,0,alpha,full,huber,-11.055315832766734,9.30215313696634,2.4932774674816907,-10.739738532536514,9.078922781717164,2.3007560305777877,-10.806594829457264,9.050538581093578,2.370487575927317,72.4254564487867,0.02604142762720585,97,0.7870012521743774,1.0,1.0,disabled,single,3,row_9,row_10,-2.0040879249572754,-2.8930916786193848,0.6363086433847452,0.26156425760669666,0.8714411691385588,0.8890037536621094,-1.5520163799417503,0,70,1,disabled,0,0.0,50.0,alpha
1360,0.3911854028701782,-0.0632338896393776,0.0,-3.4496359825134277,3.0207643508911133,0.5902154445648193,0,0,0,0.027918584644794464,0.5,0.3,0,0,wall,both,1,1,1,1,1,1,0.0,0,0,0,alpha,full,huber,-11.810694422421435,9.278615825958179,-2.6093021002326813,-11.206430244082481,9.462680651385929,2.8890948375619923,-11.207705858025578,9.453311061662982,2.9213765645494707,71.33880213982056,0.027918584644794464,87,1.1168910264968872,1.0,1.0,disabled,single,3,row_9,row_10,-3.4496359825134277,-3.7242431640625,0.554664073773622,0.42147289801003324,0.7802059639266904,0.27460718154907227,-2.860243361546429,0,70,1,disabled,0,0.0,50.0,alpha
1364,1.2504085302352905,-0.6460832953453064,0.0,-3.6609342098236084,2.9017703533172607,0.6621872186660767,0,0,0,0.03532122075557709,0.5,0.3,0,0,wall,both,1,1,1,1,1,1,0.0,0,0,0,alpha,full,huber,-12.34836422649338,9.153878720996593,-2.6528957074544737,-11.806871358591494,9.465981160095314,-2.691355454418711,-11.786027195783529,9.515968175021374,-2.7128743802085316,59.186382482026616,0.03532122075557709,80,1.9282286167144775,1.0,1.0,disabled,single,3,row_10,row_9,-3.6609342098236084,-3.988330125808716,0.5756559126032323,0.4149318094947654,0.7268095097134153,0.3273959159851074,-3.1086890390857307,1,71,1,disabled,0,0.0,50.0,alpha
1368,0.043517887592315674,-0.0007825646898709238,0.0,-1.5152744054794312,2.610086441040039,0.018348515033721924,0,0,0,0.015680355951189995,0.5,0.3,0,0,wall,both,1,1,1,1,1,1,0.0,0,0,0,alpha,full,huber,-13.847427454684105,8.524382213169405,-1.2348325858987343,-13.81523461629752,8.682624729012323,-1.6666916639183,-13.817615081153576,8.63917024908945,-1.6440305355972007,88.18266984884903,0.015680355951189995,117,0.7419705986976624,1.0,1.0,disabled,single,3,row_10,row_9,-1.5152744054794312,-3.7936127185821533,0.9065755874603982,0.0928825783917137,0.31372055294383605,2.278338313102722,-1.4171935370663715,0,71,1,disabled,0,0.0,50.0,alpha
1372,0.23656056821346283,-0.023124339058995247,0.0,-1.1585580110549927,2.282557487487793,0.013690292835235596,0,0,0,0.010641680099070072,0.5,0.3,0,0,wall,both,1,1,1,1,1,1,0.0,0,0,0,alpha,full,huber,-14.224666408087124,7.81096604651502,-1.2610312478369898,-13.905200919912737,8.268296114567615,-1.5747715803682454,-13.874321645703745,8.318862820854202,-1.5905738140870729,146.4302999363373,0.010641680099070072,180,0.8876526355743408,1.0,1.0,disabled,single,3,row_10,row_9,-1.1585580110549927,-4.015681743621826,0.9455121004359573,0.054304275013568604,0.21275198948341095,2.8571237325668335,-1.102529418012222,0,71,0,disabled,0,0.0,50.0,alpha
1376,1.1562211513519287,-0.5524162650108337,0.0,-0.32594025135040283,1.2110836505889893,0.0006388425827026367,0,0,0,0.01061915047466755,0.5,0.3,0,0,wall,both,1,1,1,1,1,1,0.0,0,0,0,alpha,full,huber,-13.593020397515332,6.875928800093584,-1.4624375573156931,-13.814045535319202,7.729707829346953,-1.4305738994078525,-13.843492659707497,7.877392442858257,-1.475429256789143,190.4781267849131,0.01061915047466755,250,2.1591256856918335,1.0,1.0,disabled,single,3,row_10,row_9,-0.32594025135040283,-2.7143688201904297,0.9155056930079108,0.08401942429545925,0.29254518035841454,2.388428568840027,-0.23766155493199553,0,71,0,disabled,0,0.0,50.0,alpha
1380,1.4921503067016602,-0.9200464487075806,0.0,-0.30057764053344727,1.1574764251708984,0.026447772979736328,0,0,0,0.01148844975978136,0.5,0.3,0,0,wall,both,1,1,1,1,1,1,0.0,0,0,0,alpha,full,huber,-13.697270325862462,6.418017728663872,-1.1961909217142086,-13.70891947617379,7.230649217146054,-1.328462466163518,-13.758295042613039,7.40478330860873,-1.3689264281024083,189.41868085168804,0.01148844975978136,250,2.469826102256775,1.0,1.0,disabled,single,3,row_10,row_9,-0.30057764053344727,-2.912616014480591,0.9313363207030615,0.06834593477590181,0.25219361975190435,2.6120383739471436,-0.22944282032172908,0,71,0,disabled,0,0.0,50.0,alpha
1384,1.8752254247665405,-1.4530869722366333,0.0,-0.1259898990392685,0.7347275018692017,0.038432776927948,0,0,0,0.009474013932049274,0.5,0.3,0,0,wall,both,1,1,1,1,1,1,0.0,0,0,0,alpha,full,huber,-13.27807311454457,6.155165254545508,-1.148549208883981,-13.518618032105833,6.775858330430407,-1.2642221229791084,-13.603001209036018,6.94418795273336,-1.303982350636337,189.22208907288785,0.009474013932049274,250,2.888560175895691,1.0,1.0,disabled,single,3,row_10,row_9,-0.1259898990392685,-2.327064037322998,0.8997279935704174,0.09958567709611735,0.32978505747959347,2.2010741382837296,-0.02032710833474037,0,71,0,disabled,0,0.0,50.0,alpha
1388,2.605055332183838,-2.8042616844177246,-33.388336181640625,-0.11504974216222763,0.7194802761077881,0.001979529857635498,65,0,55,0.01585332490503788,0.5555555555555556,0.3,120,120,wall,both,1,1,1,1,1,1,0.0,1,1,0,alpha,full,huber,-13.202037195195258,5.737339729684088,-1.4896224805646394,-13.336210287050793,6.3094307717864835,-1.3111846211444307,-13.425589288307272,6.48283797061795,-1.3127053476658888,175.118845610083,0.01585332490503788,250,3.4067318439483643,0.8806093750317118,1.0,disabled,single,3,row_10,row_9,-0.11504974216222763,-2.275130033493042,0.896003415459842,0.10332340603159285,0.33784054392578117,2.1600802913308144,-0.005238688044900658,0,71,0,disabled,0,0.0,50.0,alpha
1392,1.1663631200790405,-0.5621500015258789,-37.69895935058594,-0.0723411962389946,0.5702040791511536,0.004682183265686035,63,0,57,0.0109553886577487,0.5555555555555556,0.3,120,120,wall,both,1,1,1,1,1,1,0.0,1,1,0,alpha,full,huber,-13.022049224096437,5.536469338172231,-1.5234986011947373,-13.149018082377411,5.8779518094152365,-1.3331550160190853,-13.243805815923428,6.037757664773951,-1.318771864819284,180.44919481405233,0.0109553886577487,250,1.6641754508018494,1.0,1.0,disabled,single,3,row_10,row_9,-0.0723411962389946,-2.0622785091400146,0.8789435368411238,0.12015509264919659,0.37433945743578273,1.98993731290102,0.05669342279679168,0,71,0,disabled,0,0.0,50.0,alpha
1396,0.08593596518039703,-0.00305164884775877,0.0,-0.021101927384734154,0.3081458508968353,0.0005118846893310547,0,0,0,0.009978427551686764,0.5,0.3,0,0,wall,both,1,1,1,1,1,1,0.0,0,0,0,alpha,full,huber,-12.51323602030198,3.731639294897212,-1.3401329443677614,-12.84272368194095,4.164689597340427,-1.4553036897446057,-12.834143969138292,4.273329281583038,-1.4019010391209619,158.72544955471287,0.009978427551686764,207,0.9171003103256226,1.0,1.0,disabled,single,3,row_10,row_9,-0.021101927384734154,-1.8181143999099731,0.8565430613804922,0.14200923915540886,0.4192836231786894,1.797012472525239,0.13374875911279396,0,71,0,disabled,0,0.0,50.0,alpha
1400,0.11492588371038437,-0.005457834340631962,-28.07217025756836,-0.08121736347675323,0.5956020355224609,0.024177134037017822,88,0,32,0.015229571610689163,0.5555555555555556,0.3,120,120,wall,both,1,1,1,1,1,1,0.0,4,4,0,alpha,full,huber,-12.705229268424363,3.2288065465803517,-1.5924728806167305,-12.790209174535118,3.171749490678742,-1.4041345418353464,-12.73592651297501,3.233180444052404,-1.3716292238677645,137.040787396645,0.015229569748044014,196,0.658510833978653,1.0,1.0,disabled,single,3,row_10,row_9,-0.08121736347675323,-2.176468849182129,0.8897241517644597,0.10947103428015639,0.3518533343067395,2.0952514857053757,0.035626442658782426,0,71,0,disabled,0,0.0,50.0,alpha
1404,0.1449383795261383,-0.008680634200572968,-28.188091278076172,-0.23183973133563995,1.0214091539382935,0.00033915042877197266,69,0,53,0.014742234721779823,0.551470588235294,0.3,120,122,wall,both,1,1,1,1,1,1,0.0,2,2,0,alpha,full,huber,-13.162072699241559,3.340538974350208,-1.398176991878595,-12.885346744149302,2.8788326635543324,-1.3927955773523333,-12.786452419410288,2.881458304449147,-1.3755811271379783,137.38002653375779,0.014742234721779823,207,0.6546483039855957,1.0,1.0,disabled,single,3,row_10,row_9,-0.23183973133563995,-2.8202574253082275,0.9298147600594275,0.06986520128631465,0.2561623024876469,2.5884176939725876,-0.1590698359294914,0,71,0,disabled,0,0.0,50.0,alpha
1408,1.5605286359786987,-1.0063015222549438,-35.3527946472168,-0.2469148486852646,1.0540924072265625,0.0005743503570556641,53,31,50,0.023509440943598747,0.528169014084507,0.3,88,134,wall,both,1,1,1,1,1,1,0.0,2,2,0,alpha,full,huber,-13.127908956838926,3.005237049087695,-1.3382377897300193,-12.92003302483122,2.381895693786304,-1.3857954084602735,-12.808877649720795,2.3485527989934747,-1.373246250859754,104.6854662405962,0.023509440943598747,143,2.264529228210449,1.0,1.0,disabled,single,3,row_10,row_9,-0.2469148486852646,-2.8502206802368164,0.9307922883461801,0.06890510821822181,0.2535305222387424,2.603305831551552,-0.17519571612292134,0,71,0,disabled,0,0.0,50.0,alpha
1412,1.6372029781341553,-1.1076171398162842,-30.052532196044922,-0.40613919496536255,1.3511453866958618,0.01051950454711914,62,5,58,0.022712858393788338,0.5454545454545454,0.3,120,125,wall,both,1,1,1,1,1,1,0.0,1,1,0,alpha,full,huber,-13.243568273814175,2.0482463189372075,-1.2372249011103973,-12.906704893388776,1.849489281005434,-1.3508213652102876,-12.811209502152774,1.8169088356332752,-1.3548783750471165,85.9883854550098,0.022712858393788338,112,2.098591446876526,1.0,1.0,disabled,single,3,row_10,row_9,-0.40613919496536255,-3.3185746669769287,0.9483028657336641,0.051533828589486325,0.20458563804662575,2.912435472011566,-0.35305784583782757,0,71,0,disabled,0,0.0,50.0,alpha
1416,0.9765370488166809,-0.3940597474575043,-26.126083374023438,-0.1896618902683258,0.9238002896308899,0.001973867416381836,75,4,45,0.019520487636327744,0.5474452554744526,0.3,120,124,wall,both,1,1,1,1,1,1,0.0,1,1,0,alpha,full,huber,-12.802096138101762,2.014524594816824,-1.3195593929830136,-12.827850868166054,1.5551465079008515,-1.357110306205874,-12.776492442050593,1.4729286825805339,-1.358682246313337,107.77102169530238,0.019520487636327744,148,1.4236575365066528,1.0,1.0,disabled,single,3,row_10,row_9,-0.1896618902683258,-2.625434398651123,0.9191349719162477,0.08045197893299033,0.2834686442761226,2.4357725083827972,-0.10533959110180384,0,71,0,disabled,0,0.0,50.0,alpha
1420,1.8765312433242798,-1.4551113843917847,-31.842226028442383,-0.523186445236206,1.5343838930130005,0.0005199313163757324,71,0,49,0.020434796810150146,0.5555555555555556,0.3,120,120,wall,both,1,1,1,1,1,1,0.0,1,1,0,alpha,full,huber,-13.152754200202262,0.7630771668603022,-1.2652780280096065,-12.814678714977914,1.2059127078451706,-1.3737059506226512,-12.760631671827685,1.154894554800118,-1.36111443619746,89.6720533367834,0.020434796810150146,112,2.3717970848083496,1.0,1.0,disabled,single,3,row_10,row_9,-0.523186445236206,-3.6127285957336426,0.9563452235760052,0.04353550490510346,0.18021328397406164,3.0895421504974365,-0.4785501266472358,0,71,0,disabled,0,0.0,50.0,alpha
1424,1.5477417707443237,-0.9898778796195984,-31.892044067382812,-0.27260977029800415,1.1071194410324097,0.00749051570892334,62,21,58,0.014797681011259556,0.5154639175257733,0.3,120,141,wall,both,1,1,1,1,1,1,0.0,1,1,0,alpha,full,huber,-12.528863333385214,-0.35389782841240125,-1.2828412026506038,-12.594160524829563,-0.05794638805324721,-1.363881222710383,-12.553560764006084,-0.05496119740085883,-1.358027366343308,120.31729905368168,0.014797682873904705,143,1.8093626499176025,1.0,1.0,disabled,single,3,row_10,row_9,-0.27260977029800415,-2.911027669906616,0.9330111261467388,0.06668627944560468,0.2477154030433726,2.638417899608612,-0.20327161722258835,0,71,0,disabled,0,0.0,50.0,alpha
1428,2.515260934829712,-2.614271879196167,-30.365407943725586,-0.3029743731021881,1.1676326990127563,0.001002967357635498,71,6,58,0.017349563539028168,0.5263157894736842,0.3,120,135,wall,both,1,1,1,1,1,1,0.0,3,3,0,alpha,full,huber,-12.542385890676996,-0.6402787050494063,-1.3605231539516824,-12.560837584631942,-0.5930445601634838,-1.3937542725825705,-12.514297168437512,-0.5511758131589488,-1.3756894626964624,115.10442715922709,0.017349563539028168,143,2.711972951889038,1.0,1.0,disabled,single,3,row_10,row_9,-0.3029743731021881,-3.0138533115386963,0.9374264503894512,0.062318564279033664,0.2356484104120419,2.710878938436508,-0.238357395969107,0,71,0,disabled,0,0.0,50.0,alpha
1432,2.4214138984680176,-2.4228286743164062,-33.02398681640625,-0.31331080198287964,1.1867257356643677,0.009276628494262695,79,0,78,0.01742578111588955,0.4885993485342019,0.3,119,157,wall,both,1,1,1,1,1,1,0.0,3,3,0,alpha,full,huber,-12.455452750480191,-1.2767133698716904,-1.2689988534610412,-12.48593106888338,-1.3215936674223907,-1.3937606735498267,-12.442132697942363,-1.2611260304514478,-1.3815392964765967,109.76215945082232,0.01742578111588955,148,2.5336954593658447,1.0,1.0,disabled,single,3,row_10,row_9,-0.31331080198287964,-3.056591272354126,0.9393237380572548,0.06045381701336577,0.2302938885445074,2.7432804703712463,-0.2507157117539055,0,71,0,disabled,0,0.0,50.0,alpha
1436,0.987718403339386,-0.40313541889190674,-33.727813720703125,-0.34409216046333313,1.2443528175354004,0.00018852949142456055,46,8,64,0.014366060495376587,0.5597014925373135,0.3,85,118,wall,both,1,1,1,1,1,1,0.0,2,2,0,alpha,full,huber,-12.428184886620052,-1.7662753357705934,-1.3679726118186508,-12.491869809996125,-1.9517013675305757,-1.4200905241048551,-12.41448014824934,-1.9281160789275258,-1.4063779083991113,149.93812904067443,0.014366060495376587,191,1.1004587411880493,1.0,1.0,disabled,single,3,row_10,row_9,-0.34409216046333313,-3.158038854598999,0.9432505181235916,0.05656470555880418,0.21917104638324308,2.813946694135666,-0.28566878962161324,0,71,0,disabled,0,0.0,50.0,alpha
1440,0.10524839162826538,-0.004577365703880787,-34.4799690246582,-0.3077298700809479,1.176757574081421,0.0011906623840332031,56,6,73,0.012540096417069435,0.5263157894736842,0.3,120,135,wall,both,1,1,1,1,1,1,0.0,1,1,0,alpha,full,huber,-12.325111242946464,-1.951324885583182,-1.436195369388513,-12.26849094656587,-2.3360508832416933,-1.3172735476693647,-12.296536902852635,-2.3793970704167955,-1.3579020716684764,160.16213401137037,0.012540096417069435,229,0.723670482635498,1.0,1.0,disabled,single,3,row_10,row_9,-0.3077298700809479,-3.0460872650146484,0.9390507961970436,0.06073451659479053,0.2309983357370526,2.7383573949337006,-0.24484416490042427,0,71,0,disabled,0,0.0,50.0,alpha
1444,1.0781135559082031,-0.480301171541214,-37.66874694824219,-0.2401616871356964,1.039573073387146,0.0009135007858276367,51,11,80,0.03140702843666077,0.5136986301369862,0.3,120,142,wall,both,1,1,1,1,1,1,0.0,2,2,0,alpha,full,huber,-11.982983920996638,-3.033116353727789,-1.33527863272898,-11.936007151557988,-3.2079410518770524,-1.3292637083121361,-12.00562682059222,-3.263549297151002,-1.3550583217965253,69.03593139127643,0.03140702843666077,92,1.3810824155807495,1.0,1.0,disabled,single,3,row_10,row_9,-0.2401616871356964,-2.8105649948120117,0.9286584252033118,0.07104671961914387,0.2590080729483049,2.5704033076763153,-0.16614739927395383,0,71,0,disabled,0,0.0,50.0,alpha
1448,0.2940916419029236,-0.03573962673544884,-40.9535026550293,-0.038685109466314316,0.4090968072414398,0.019131600856781006,118,0,7,0.02946876548230648,0.5454545454545454,0.3,120,125,wall,both,1,1,1,1,1,1,0.0,1,1,0,alpha,full,huber,-10.278830233178702,-4.167982042035955,-1.1469713131370565,-11.561085776556068,-4.08252384273633,-1.3086470107086696,-11.673552131239186,-4.113609754957525,-1.3402568074307954,71.10509210656699,0.02946876734495163,87,1.3046015501022339,1.0,1.0,disabled,single,3,row_10,row_9,-0.038685109466314316,-0.9564533829689026,0.7100742306984044,0.2836103364694334,0.6324981638644391,0.9177682735025883,0.30370065466601837,0,71,0,disabled,0,0.0,50.0,alpha
1452,1.4346987009048462,-0.8505621552467346,-40.4111213684082,-0.08312121778726578,0.5828389525413513,0.043241798877716064,117,29,3,0.023815592750906944,0.5016722408026756,0.3,120,149,wall,both,1,1,1,1,1,1,0.0,1,1,0,alpha,full,huber,-9.9522512467543,-4.8833201300658615,-1.1122417243568767,-11.05888969424521,-4.936851109891491,-1.2177375104395167,-11.241649279664058,-4.9661943791237535,-1.267764389336613,105.79300015154983,0.023815594613552094,143,2.5615456104278564,1.0,1.0,disabled,single,3,row_10,row_9,-0.08312121778726578,-0.8497408032417297,0.6766353353141642,0.3143518482328009,0.6705327941984818,0.766619585454464,0.3075015813905244,0,71,0,disabled,0,0.0,50.0,alpha
1456,2.458183526992798,-2.496969699859619,-33.548988342285156,-0.318123996257782,1.1964772939682007,6.860494613647461e-05,105,52,15,0.01839231699705124,0.46583850931677023,0.3,120,172,wall,both,1,1,1,1,1,1,0.0,1,1,0,alpha,full,huber,-8.941977445288769,-6.519885467969974,-1.388863008978353,-10.173134575206028,-6.386377216404558,-1.1257874445044784,-10.418974808585983,-6.498879095924452,-1.177644469997236,162.25623213276276,0.018392318859696388,207,2.552103281021118,1.0,1.0,disabled,single,3,row_9,row_10,-0.318123996257782,-0.37803345918655396,0.49887795234471705,0.46986810066139767,0.8101235212476912,0.05990946292877197,0.37726980136802324,1,72,0,disabled,0,0.0,50.0,alpha
1460,1.775301218032837,-1.302353024482727,0.0,-0.3306988477706909,0.7819027900695801,0.21848434209823608,0,0,0,0.015409164130687714,0.5,0.3,0,0,wall,both,1,1,1,1,1,1,0.0,0,0,0,alpha,full,huber,-9.625031111486514,-5.630135705887783,-0.7267913562018786,-9.52083301321493,-6.737190103478557,-0.9915772039902564,-9.790827309439475,-6.953449640292738,-1.0797594382545683,182.12428814064927,0.015409164130687714,250,3.431765913963318,0.8741854995975891,1.0,disabled,single,3,row_10,row_9,-0.3306988477706909,-0.8515343070030212,0.6192208103094354,0.36783205836290894,0.7209474936118097,0.5208354592323303,0.1485945011198066,1,73,0,disabled,0,0.0,50.0,alpha
1464,1.0087463855743408,-0.42048320174217224,-21.287879943847656,-0.14898401498794556,0.8187748193740845,0.0013980269432067871,99,0,21,0.015802085399627686,0.5555555555555556,0.3,120,120,wall,both,1,1,1,1,1,1,0.0,1,1,0,alpha,full,huber,-9.220747030866905,-7.70050793748775,-1.4425990127516304,-8.965703098299993,-8.032805125354596,-1.0681458514724491,-9.013886008474056,-8.151378743331264,-1.0649110261950367,173.9193913403991,0.015802085399627686,250,2.0591840744018555,1.0,1.0,disabled,single,3,row_10,row_9,-0.14898401498794556,-0.6085788011550903,0.6041197946431843,0.38152551438257937,0.7330120789188205,0.4595947861671448,0.3549987502233013,0,73,0,disabled,0,0.0,50.0,alpha
1468,0.786433219909668,-0.25556910037994385,0.0,-0.0737108513712883,0.5727890133857727,0.014022529125213623,0,0,0,0.007639573886990547,0.5,0.3,0,0,wall,both,1,1,1,1,1,1,0.0,0,0,0,alpha,full,huber,-8.1733279230879,-7.39422137050952,-1.2485773543925018,-8.464952887403005,-8.652343345837771,-1.0236503348521575,-8.513580427690707,-8.78503829139619,-1.0235399548360267,208.51511471130908,0.0076395729556679726,250,1.6586111187934875,1.0,1.0,disabled,single,3,row_9,row_10,-0.0737108513712883,-0.8062005043029785,0.6220545846652864,0.29902829249812685,0.8566971930584015,0.7324896529316902,0.4010165820254611,1,74,0,disabled,0,0.0,50.0,alpha
1472,0.4445853531360626,-0.08167609572410583,0.0,-0.09326561540365219,0.647692859172821,0.0032097697257995605,0,0,0,0.009588930755853653,0.5,0.3,0,0,wall,both,1,1,1,1,1,1,0.0,0,0,0,alpha,full,huber,-9.215211215197721,-8.611932771283989,-1.2871027269960833,-8.679809176927701,-8.683117472720108,-1.1084426839264414,-8.605006239771054,-8.728981841124344,-1.0659913193812338,192.17143689122378,0.009588930755853653,250,1.4847808480262756,1.0,1.0,disabled,single,3,row_10,row_9,-0.09326561540365219,-0.7321723103523254,0.6473791578259909,0.3417315380576049,0.6976421520401809,0.6389066949486732,0.3415575162622896,1,75,0,disabled,0,0.0,50.0,alpha
1476,0.8316157460212708,-0.28577882051467896,0.0,-0.11799465864896774,0.7015748620033264,0.04594278335571289,0,0,0,0.009149101562798023,0.5,0.3,0,0,wall,both,1,1,1,1,1,1,0.0,0,0,0,alpha,full,huber,-9.082338179735906,-8.989117392048634,-1.6715449442428119,-8.549124171686444,-9.393321127086843,-1.2019722029085849,-8.40550026517714,-9.399803961330598,-1.1216838220111027,203.37844458262114,0.009149101562798023,250,1.9682918190956116,1.0,1.0,disabled,single,3,row_10,row_9,-0.11799465864896774,-0.6961026191711426,0.63282886392455,0.35499086896515664,0.7108950159310791,0.5781079605221748,0.3395605918912857,0,75,0,disabled,0,0.0,50.0,alpha
1480,0.8188410997390747,-0.2770664393901825,0.0,-0.02969459258019924,0.365436851978302,0.0021075010299682617,0,0,0,0.009850273840129375,0.5,0.3,0,0,wall,both,1,1,1,1,1,1,0.0,0,0,0,alpha,full,huber,-7.861547302651455,-7.991662470463548,-1.4364923804559553,-8.438642437521455,-9.256726598592596,-1.2330302213911313,-8.398122110581582,-9.374240922490241,-1.1757523999102228,198.1888541770403,0.009850273840129375,250,1.8831619620323181,1.0,1.0,disabled,single,3,row_9,row_10,-0.02969459258019924,-0.9789003729820251,0.6460860671387683,0.25006651572437705,0.8640212572826078,0.9492057804018259,0.4071279606288132,1,76,0,disabled,0,0.0,50.0,alpha
1484,0.7930989861488342,-0.2599198520183563,0.0,-0.14371861517429352,0.7500676512718201,0.06767964363098145,0,0,0,0.009726162068545818,0.5,0.3,0,0,wall,both,1,1,1,1,1,1,0.0,0,0,0,alpha,full,huber,-8.11708811650802,-8.669425640240568,-1.7415772747545348,-8.234198896146037,-9.591109075055266,-1.2593648793286447,-8.195844007146341,-9.762415716747254,-1.2113621649232205,194.08969234988825,0.009726162068545818,250,1.7881765961647034,1.0,1.0,disabled,single,3,row_9,row_10,-0.14371861517429352,-0.6705302596092224,0.589479280631813,0.34807846467586434,0.8520701927369878,0.5268116444349289,0.3847970918071968,0,76,0,disabled,0,0.0,50.0,alpha
1488,2.3097124099731445,-2.204451084136963,0.0,-0.02807946316897869,0.3522421717643738,0.011148929595947266,0,0,0,0.011160707101225853,0.5,0.3,0,0,wall,both,1,1,1,1,1,1,0.0,0,0,0,alpha,full,huber,-9.307945543413869,-9.684715787891008,-1.260027391501297,-8.408549110051254,-9.520765688571398,-1.3343598701879593,-8.309510508396489,-9.638347172960547,-1.272735884403333,194.49360279126185,0.011160708032548428,250,3.038727283477783,0.9872554264121194,1.0,disabled,single,3,row_10,row_9,-0.02807946316897869,-1.0017735958099365,0.721235347014469,0.2723999440495441,0.6221303318247293,0.9736941326409578,0.2987103142950137,1,77,0,disabled,0,0.0,50.0,alpha
1492,1.1006901264190674,-0.5006275773048401,0.0,-0.026125922799110413,0.33917418122291565,0.011730730533599854,0,0,0,0.008136071264743805,0.5,0.3,0,0,wall,both,1,1,1,1,1,1,0.0,0,0,0,alpha,full,huber,-9.318792379669915,-9.69942117071862,-1.2561697479000251,-8.710816512321031,-9.659186833836994,-1.43497914025128,-8.530038796020788,-9.650427498433299,-1.353852356919913,203.89625832545656,0.008136071264743805,250,1.8995900750160217,1.0,1.0,disabled,single,3,row_10,row_9,-0.026125922799110413,-1.015383005142212,0.7244201851774291,0.26937770645234377,0.6183925197034409,0.9892570823431015,0.2962577658775128,0,77,0,disabled,0,0.0,50.0,alpha
1496,0.7270854115486145,-0.21845173835754395,0.0,-0.0008378289639949799,0.061365529894828796,0.0004950761795043945,0,0,0,0.010953645221889019,0.5,0.3,0,0,wall,both,1,1,1,1,1,1,0.0,0,0,0,alpha,full,huber,-9.52618099702555,-10.264516502838744,-1.3780228286979546,-9.036394983010757,-9.85670746900811,-1.5237325960039934,-8.808534698865271,-9.763881482249445,-1.4387924764619529,142.67569108512862,0.010953645221889019,202,1.156291902065277,1.0,1.0,disabled,single,3,row_10,row_9,-0.0008378289639949799,-1.3876181840896606,0.7975222586990564,0.1992836904575153,0.5202401037725612,1.3867803551256657,0.22540770515420777,0,77,0,disabled,0,0.0,50.0,alpha
1500,1.2416936159133911,-0.6371086835861206,0.0,-0.0009575553121976554,0.0656304582953453,0.0002989768981933594,0,0,0,0.032735951244831085,0.5,0.3,0,0,wall,both,1,1,1,1,1,1,0.0,0,0,0,alpha,full,huber,-9.54070723409061,-10.284209054452582,-1.3850377466157449,-9.20352601664403,-9.985043406346643,-1.5097627449244604,-9.025747066941364,-9.88576800023396,-1.4742766833931351,58.80479108192667,0.032735951244831085,80,1.8932092189788818,1.0,1.0,disabled,single,3,row_10,row_9,-0.0009575553121976554,-1.409491777420044,0.8010639835909794,0.19586126978737867,0.5147957061201391,1.4085342221078463,0.22085690015261322,0,77,0,disabled,0,0.0,50.0,alpha
1504,1.5283128023147583,-0.9651818871498108,0.0,-0.06259150803089142,0.5281051993370056,0.012273132801055908,0,0,0,0.0311422236263752,0.5,0.3,0,0,wall,both,1,1,1,1,1,1,0.0,0,0,0,alpha,full,huber,-9.34171594070649,-10.702204795876852,-1.2526578852607073,-9.298614772144052,-10.083392969528996,-1.4628818943281343,-9.175778682190108,-9.994932941579197,-1.4685764476026324,56.93466051857778,0.0311422236263752,80,2.208178400993347,1.0,1.0,disabled,single,3,row_10,row_9,-0.06259150803089142,-1.340773344039917,0.7791591036414243,0.21702953057530477,0.5472205506387363,1.2781818360090256,0.18694850506008298,0,77,0,disabled,0,0.0,50.0,alpha
1508,2.243547201156616,-2.079960346221924,0.0,-0.000590562995057553,0.045254774391651154,0.0057607293128967285,0,0,0,0.02232339233160019,0.5,0.3,0,0,wall,both,1,1,1,1,1,1,0.0,0,0,0,alpha,full,huber,-9.59510054411686,-10.270176967944623,-1.3021017305830185,-9.416008603495467,-10.131720794222124,-1.406157122619838,-9.307905138908055,-10.070166260532808,-1.437366785111235,63.811719236366926,0.02232339419424534,80,2.4705601930618286,1.0,1.0,disabled,single,3,row_10,row_9,-0.000590562995057553,-1.4636297225952148,0.8097347582420602,0.18747913804862226,0.5011408192202257,1.4630391596001573,0.210457980907407,0,77,0,disabled,0,0.0,50.0,alpha
1512,0.3102169930934906,-0.039766356348991394,0.0,-0.019961770623922348,0.2979002594947815,0.007680177688598633,0,0,0,0.05945901945233345,0.5,0.3,0,0,wall,both,1,1,1,1,1,1,0.0,0,0,0,alpha,full,huber,-9.377134078162987,-9.597860979098487,-1.2854749158512098,-9.401692292880156,-9.980387395170062,-1.3594349949003282,-9.359488073592711,-10.020787884583298,-1.3984008900057814,41.696348053925135,0.05945901945233345,80,0.7156229317188263,1.0,1.0,disabled,single,3,row_10,row_9,-0.019961770623922348,-1.0458576679229736,0.7318675953356815,0.2623563566810072,0.6092729026950544,1.0258958972990513,0.2921938914467477,0,77,0,disabled,0,0.0,50.0,alpha
1516,1.1674259901046753,-0.5631749629974365,0.0,-0.015547084622085094,0.26340052485466003,0.005629301071166992,0,0,0,0.028864558786153793,0.5,0.3,0,0,wall,both,1,1,1,1,1,1,0.0,0,0,0,alpha,full,huber,-9.40687448381872,-9.629898727316299,-1.3033347490919782,-9.422784225988192,-9.942312699725635,-1.3133499141366773,-9.394300957410225,-9.977626532911582,-1.3558754020712291,64.90315162554667,0.028864558786153793,80,1.3018196821212769,1.0,1.0,disabled,single,3,row_10,row_9,-0.015547084622085094,-1.0810085535049438,0.7397181424469632,0.2548838002921774,0.5996146060074524,1.0654614688828588,0.28593896930350304,0,77,0,disabled,0,0.0,50.0,alpha
1520,0.5489464402198792,-0.12452156841754913,0.0,-0.0015053980750963092,0.07884757220745087,0.005508601665496826,0,0,0,0.021671874448657036,0.5,0.3,0,0,wall,both,1,1,1,1,1,1,0.0,0,0,0,alpha,full,huber,-9.625364767644653,-10.290717156399982,-1.3044804386470945,-9.486001929460258,-10.100721124778834,-1.3156889184981382,-9.444736492037743,-10.04532855843857,-1.3357821602846836,64.3108890510903,0.021671874448657036,80,0.9524406492710114,1.0,1.0,disabled,single,3,row_10,row_9,-0.0015053980750963092,-1.5037120580673218,0.8157778350153801,0.18162341532899037,0.49138962807967324,1.5022066599922255,0.20210782402325475,0,77,0,disabled,0,0.0,50.0,alpha
1524,0.7556282877922058,-0.23593972623348236,0.0,-0.0012435062089934945,0.07395395636558533,0.00262528657913208,0,0,0,0.02411925606429577,0.5,0.3,0,0,wall,both,1,1,1,1,1,1,0.0,0,0,0,alpha,full,huber,-9.635652764046037,-10.273085511941577,-1.3370148116167508,-9.558326312860181,-10.250984383402377,-1.3395171390468656,-9.507210893490083,-10.158439262168663,-1.3376496496657744,58.081867237155635,0.02411925606429577,80,0.8671762347221375,1.0,1.0,disabled,single,3,row_10,row_9,-0.0012435062089934945,-1.5092357397079468,0.8166592840048805,0.1807707658066228,0.4899405601697464,1.5079922334989533,0.20128979793736537,0,77,0,disabled,0,0.0,50.0,alpha
1528,1.5753144025802612,-1.025460958480835,0.0,-0.0001305958430748433,0.019172674044966698,0.003461599349975586,0,0,0,0.025857821106910706,0.5,0.3,0,0,wall,both,1,1,1,1,1,1,0.0,0,0,0,alpha,full,huber,-9.6034395782128,-10.18131022759409,-1.3262613467326898,-9.580545806688676,-10.256625934215387,-1.3370749367035526,-9.547545095749308,-10.212441931794363,-1.3373622931846634,64.16941461231339,0.025857821106910706,80,1.6482889652252197,1.0,1.0,disabled,single,3,row_10,row_9,-0.0001305958430748433,-1.4435619115829468,0.8066626183307627,0.19046609431583442,0.5059632267435253,1.443431315739872,0.21471917126726092,0,77,0,disabled,0,0.0,50.0,alpha
1532,2.1534311771392822,-1.916225552558899,0.0,-0.0007170311291702092,0.05680293217301369,6.03795051574707e-05,0,0,0,0.038270846009254456,0.5,0.3,0,0,wall,both,1,1,1,1,1,1,0.0,0,0,0,alpha,full,huber,-9.642808163576213,-10.173673616035785,-1.420478626431007,-9.587728552229557,-10.246056926498987,-1.3418795890195068,-9.569645996813446,-10.230930178881906,-1.3396209411020847,62.282104013396065,0.038270846009254456,80,2.25686514377594,1.0,1.0,disabled,single,3,row_10,row_9,-0.0007170311291702092,-1.4844564199447632,0.8129602227017496,0.1843696653478943,0.495898831924847,1.483739388815593,0.20635606606821336,0,77,0,disabled,0,0.0,50.0,alpha
1536,2.7176215648651123,-3.0518460273742676,0.0,-0.0003955970169045031,0.04219174012541771,4.875659942626953e-05,0,0,0,0.045553840696811676,0.5,0.3,0,0,wall,both,1,1,1,1,1,1,0.0,0,0,0,alpha,full,huber,-9.634795364448946,-10.131936663942847,-1.4193636267295213,-9.610903357253878,-10.226257347702145,-1.351821094008787,-9.592337545055685,-10.228360121733036,-1.3457210175554355,54.35918451697751,0.045553840696811676,80,2.8147025108337402,1.0,1.0,disabled,single,3,row_10,row_9,-0.0003955970169045031,-1.4618854522705078,0.8095100345735582,0.18771771412407237,0.5014110762255379,1.4614898552536033,0.21093051291009454,0,77,0,disabled,0,0.0,50.0,alpha
1540,1.606117844581604,-1.065956473350525,0.0,-0.00037536906893365085,0.04109518975019455,0.0001372694969177246,0,0,0,0.029364071786403656,0.5,0.3,0,0,wall,both,1,1,1,1,1,1,0.0,0,0,0,alpha,full,huber,-9.635822516162195,-10.118796058689393,-1.4260617595501375,-9.620472112351937,-10.216187252226378,-1.357177251685452,-9.607811557068624,-10.221665043504375,-1.3514491346204434,64.05669917073043,0.029364073649048805,80,1.674258291721344,1.0,1.0,disabled,single,3,row_10,row_9,-0.00037536906893365085,-1.4587687253952026,0.8090267361381379,0.1881874627995879,0.5021737633885718,1.458393356326269,0.2115479450223821,0,77,0,disabled,0,0.0,50.0,alpha
1544,2.0430972576141357,-1.7248952388763428,0.0,-0.0009691593586467206,0.06600318849086761,0.0005109906196594238,0,0,0,0.04596501961350441,0.5,0.3,0,0,wall,both,1,1,1,1,1,1,0.0,0,0,0,alpha,full,huber,-9.660814891370993,-10.120288991824856,-1.4414606220139856,-9.626901160027089,-10.193440854941901,-1.3666813887106304,-9.61831083869578,-10.206141739795015,-1.3590652616655365,56.487470735299354,0.04596501961350441,80,2.14706289768219,1.0,1.0,disabled,single,3,row_10,row_9,-0.0009691593586467206,-1.4868719577789307,0.8133003464430443,0.18404819869293929,0.4953147505939531,1.485902798420284,0.20568564847883086,0,77,0,disabled,0,0.0,50.0,alpha
1548,2.1371588706970215,-1.8873753547668457,0.0,-6.633004886680283e-06,0.004938389174640179,0.0005452632904052734,0,0,0,0.027405349537730217,0.5,0.3,0,0,wall,both,1,1,1,1,1,1,0.0,0,0,0,alpha,full,huber,-9.608089377749927,-10.064106082095115,-1.4425154288301962,-9.632200511494284,-10.187562133844187,-1.3799925161574915,-9.625950158734959,-10.19592295652206,-1.3695288889115138,69.62099224005175,0.027405349537730217,80,2.2113006114959717,1.0,1.0,disabled,single,3,row_10,row_9,-6.633004886680283e-06,-1.4112224578857422,0.8015261625443503,0.19544945203202385,0.5139345203060963,1.4112158248808555,0.22123103248364898,0,77,0,disabled,0,0.0,50.0,alpha
1552,2.80031156539917,-3.2403905391693115,0.0,-0.00025953029398806393,0.03415670245885849,0.0002562403678894043,0,0,0,0.06438594311475754,0.5,0.3,0,0,wall,both,1,1,1,1,1,1,0.0,0,0,0,alpha,full,huber,-9.639215171997146,-10.054748046672795,-1.4321298514300442,-9.635013696257388,-10.16350710468329,-1.3886961402945843,-9.630933982027326,-10.178099738895664,-1.379112514603049,52.98241463184544,0.06438594311475754,80,2.937873125076294,1.0,1.0,disabled,single,3,row_10,row_9,-0.00025953029398806393,-1.4415619373321533,0.80634195651769,0.19079613636764078,0.506386367763185,1.4413024070381653,0.21498783248631306,0,77,0,disabled,0,0.0,50.0,alpha
1556,3.4716386795043945,-4.888360500335693,0.0,-0.0004273659724276513,0.04370203986763954,0.0008502602577209473,0,0,0,0.03767061233520508,0.5,0.3,0,0,wall,both,1,1,1,1,1,1,0.0,0,0,0,alpha,full,huber,-9.65484085380552,-10.018155268366092,-1.4507320808958746,-9.62041374802354,-10.139382735342627,-1.4024263421761831,-9.625147853325243,-10.156805386941492,-1.3907694283896157,55.731271246431454,0.03767061606049538,80,3.5839242935180664,0.8370712532700092,1.0,disabled,single,3,row_10,row_9,-0.0004273659724276513,-1.446876883506775,0.8071596703908089,0.1900091042098691,0.5050767352338981,1.4464495175343473,0.21380640756880576,0,77,0,disabled,0,0.0,50.0,alpha
1560,2.6370651721954346,-2.8736002445220947,0.0,-1.2753954251820687e-05,0.007364470511674881,0.0004146099090576172,0,0,0,0.03595076501369476,0.5,0.3,0,0,wall,both,1,1,1,1,1,1,0.0,0,0,0,alpha,full,huber,-9.623603790174581,-9.983868604860433,-1.4382876083503764,-9.613263311403493,-10.110202556064538,-1.4048842600108866,-9.618611355268282,-10.131173829959167,-1.397826844200251,60.1541010880744,0.03595076501369476,80,2.756519317626953,1.0,1.0,disabled,single,3,row_10,row_9,-1.2753954251820687e-05,-1.4018718004226685,0.8000225168922396,0.19691670595544616,0.5162010681597361,1.4018590464684166,0.2231026516407529,0,77,0,disabled,0,0.0,50.0,alpha
1564,3.197486162185669,-4.208643436431885,0.0,-0.0014665076741948724,0.07618523389101028,0.006579399108886719,0,0,0,0.0268170814961195,0.5,0.3,0,0,wall,both,1,1,1,1,1,1,0.0,0,0,0,alpha,full,huber,-9.531488319195574,-10.029752965849845,-1.2947165829574687,-9.586935128497672,-10.098754894011103,-1.392515117861153,-9.601189430544446,-10.113343415187732,-1.3951709810307018,67.60272122096846,0.0268170814961195,80,3.3030645847320557,0.9082474541572912,1.0,disabled,single,3,row_10,row_9,-0.0014665076741948724,-1.3187979459762573,0.7859230267420495,0.2105087918962012,0.5374559061532971,1.3173314383020625,0.2394299140278524,0,77,0,disabled,0,0.0,50.0,alpha
1568,1.8424866199493408,-1.40279221534729,0.0,-0.001380624365992844,0.07553990185260773,0.005251467227935791,0,0,0,0.018018629401922226,0.5,0.3,0,0,wall,both,1,1,1,1,1,1,0.0,0,0,0,alpha,full,huber,-9.524927212607615,-10.074095458683775,-1.3069626252845383,-9.56636736809924,-10.097488810760675,-1.3837013864006849,-9.582037296199584,-10.104623382752852,-1.3894361837156932,71.84032140413166,0.018018629401922226,80,1.9117174744606018,1.0,1.0,disabled,single,3,row_10,row_9,-0.001380624365992844,-1.3258603811264038,0.7871361564581332,0.20933199482433587,0.535705250076829,1.324479756760411,0.23797341422734897,0,77,0,disabled,0,0.0,50.0,alpha
