frame_idx,gps_dist,log_gps,log_semantic,log_corridor,corridor_dist,corridor_heading_misalign,correct_hits,incorrect_hits,no_hits,weight,gps_weight_used,corridor_weight_used,num_background_used,num_observations,semantic_model_used,semantic_classes_mode,gps_enabled,semantic_enabled,corridor_enabled,background_enabled,dynamic_gps_enabled,pose_smoothing_enabled,detection_drop_rate,detections_raw,detections_kept,detections_dropped,pose_backend_used,diagnostics_level,gnss_robust_mode,raw_best_x,raw_best_y,raw_best_theta,raw_weighted_x,raw_weighted_y,raw_weighted_theta,smoothed_x,smoothed_y,smoothed_theta,ess,max_weight,particle_count,gnss_innovation,gnss_robust_scale,gnss_row_gate_scale,gnss_row_gate_reason,row_likelihood_mode,row_mixture_top_k,row_hypothesis_id,row_hypothesis_second_id,row_hypothesis_score,row_hypothesis_second_score,row_hypothesis_prob,row_hypothesis_second_prob,row_hypothesis_entropy,row_hypothesis_gap,row_marginal_logscore,row_switch_event,row_switch_count,headland_flag,delayed_correction_status,delayed_correction_applied,delayed_correction_m,semantic_penalty_cap,smoother_status
0,0.7860996127128601,-0.25535231828689575,-43.61565399169922,-0.9285789728164673,1.9241282939910889,0.1610398292541504,34,0,92,0.05289623513817787,0.5434782608695653,0.3,120,126,wall,both,1,1,1,1,1,1,0.0,4,4,0,alpha,full,huber,-11.219037935107183,-11.230791427692836,8.590713081980189,-11.219037935107183,-11.230791427692836,8.590713081980189,-11.219037935107183,-11.230791427692836,8.590713081980189,41.711427402238634,0.052896227687597275,100,2.435637354850769,1.0,1.0,disabled,single,3,row_10,row_9,-0.9285789728164673,-4.343292713165283,0.9680986145143997,0.03183671604087697,0.14175631323940052,3.414713740348816,-0.8961576504203997,0,0,0,disabled,0,0.0,50.0,alpha
4,1.6030393838882446,-1.0618741512298584,-43.87871170043945,-0.9536409974098206,1.921146035194397,0.18082690238952637,31,0,94,0.006715914234519005,0.5454545454545454,0.3,120,125,wall,both,1,1,1,1,1,1,0.0,3,3,0,alpha,full,huber,-11.207192169239216,-11.24433100900078,2.3429297690180917,-11.207192169239216,-11.24433100900078,2.3429297690180917,-11.2125227638798,-11.238238197412205,2.325228771909347,223.8449593445088,0.006715914234519005,250,3.085054039955139,0.9724302917052383,1.0,disabled,single,3,row_10,row_9,-0.9536409974098206,-4.343498706817627,0.9673214547821597,0.03261176639470569,0.1444134629320749,3.3898577094078064,-0.9204165834406746,0,0,0,disabled,0,0.0,50.0,alpha
8,0.7351109385490417,-0.22330087423324585,-43.59551239013672,-0.9924203157424927,1.968833565711975,0.17916381359100342,32,0,93,0.007109958678483963,0.5454545454545454,0.3,120,125,wall,both,1,1,1,1,1,1,0.0,3,3,0,alpha,full,huber,-11.257045829760505,-11.254329358429821,2.34002417559741,-11.257045829760505,-11.254329358429821,2.34002417559741,-11.237010450114187,-11.247088335971894,2.332626473753379,215.2211087873091,0.007109958678483963,250,2.074396252632141,1.0,1.0,disabled,single,3,row_10,row_9,-0.9924203157424927,-4.44125509262085,0.9691385753042637,0.030801790868107345,0.13815616228786018,3.448834776878357,-0.9610726469963028,0,0,0,disabled,0,0.0,50.0,alpha
12,1.629213571548462,-1.0968334674835205,-43.887535095214844,-0.9459117650985718,1.9316624402999878,0.16911166906356812,33,0,96,0.010198111645877361,0.5376344086021506,0.3,120,129,wall,both,1,1,1,1,1,1,0.0,4,4,0,alpha,full,huber,-11.207056738827092,-11.264305923419254,2.3221954378140275,-11.207056738827092,-11.264305923419254,2.3221954378140275,-11.220535908906285,-11.256558009067941,2.3274109557837033,134.94546695890716,0.010198111645877361,148,2.1198818683624268,1.0,1.0,disabled,single,3,row_10,row_9,-0.9459117650985718,-4.347825050354004,0.9677005373286028,0.03223360016531657,0.1431204723631534,3.401913285255432,-0.9130791632667951,0,0,0,disabled,0,0.0,50.0,alpha
16,4.986757755279541,-8.644854545593262,-36.71579360961914,-1.256240725517273,2.0996832847595215,0.2602909803390503,52,0,74,0.024133116006851196,0.5434782608695653,0.3,120,126,wall,both,1,1,1,1,1,1,0.0,4,4,0,alpha,full,huber,-11.771704157234696,-9.817295678863278,2.5125053259954946,-11.771704157234696,-9.817295678863278,2.5125053259954946,-11.523678445486912,-10.464963727455377,2.419958140889599,76.2881498990884,0.024133116006851196,107,5.444665908813477,0.5509979951467348,1.0,disabled,single,3,row_10,row_9,-1.256240725517273,-4.798789978027344,0.9718340891816921,0.028124352758786494,0.12862015187273124,3.542549252510071,-1.227670546284063,0,0,0,disabled,0,0.0,50.0,alpha
20,0.3621188998222351,-0.05418599396944046,-50.000003814697266,-1.8218882083892822,2.8633015155792236,0.00023162364959716797,2,0,123,0.07161947339773178,0.5454545454545454,0.3,120,125,wall,both,1,1,1,1,1,1,0.0,2,2,0,alpha,full,huber,-9.586507354738798,-13.092318336956684,1.7105774926912805,-10.276652022464067,-11.665421000397888,3.02343108077782,-10.837813912824346,-11.125215227573758,2.72169461083371,35.936854673738395,0.07161947339773178,80,2.7195286750793457,1.0,1.0,disabled,single,3,row_10,row_9,-1.8218882083892822,-3.8233237266540527,0.8800449922336318,0.11893028908345209,0.37273609337908137,2.0014355182647705,-1.6941059631106472,0,0,1,disabled,0,0.0,50.0,alpha
24,0.8034090995788574,-0.26672157645225525,-48.9156608581543,-2.6168487071990967,2.8345930576324463,0.4512995481491089,4,0,120,0.02067158743739128,0.5474452554744526,0.3,120,124,wall,both,1,1,1,1,1,1,0.0,6,6,0,alpha,full,huber,-10.22860871280788,-12.987539160842731,2.722088629263327,-10.293737357161195,-12.004951610226662,2.999168676335719,-10.545472692938969,-11.605989335793874,2.8608537964877128,67.11896797949312,0.02067158743739128,80,2.1336148977279663,1.0,1.0,disabled,single,3,row_10,row_9,-2.6168487071990967,-4.97653865814209,0.9133775311672544,0.08626805353788548,0.2969555686370755,2.359689950942993,-2.5262427295490855,0,0,1,disabled,0,0.0,50.0,alpha
28,1.6737616062164307,-1.1576355695724487,-38.951236724853516,-2.837879180908203,1.4939072132110596,0.7574784159660339,35,0,90,0.01849578134715557,0.5454545454545454,0.3,120,125,wall,both,1,1,1,1,1,1,0.0,4,4,0,alpha,full,huber,-10.391383326870363,-11.480959931863497,-2.735323399419969,-10.285571329533909,-11.997928843598329,3.0426627676925744,-10.415324949954869,-11.817865702884367,2.952392808244947,74.81362263982581,0.01849578134715557,80,1.6866469979286194,1.0,1.0,disabled,single,3,row_10,row_9,-2.837879180908203,-5.989200592041016,0.9587444617302934,0.04102998598929862,0.17331382669435186,3.1513214111328125,-2.795748478038351,0,0,0,disabled,0,0.0,50.0,alpha
32,0.5491446256637573,-0.12461148947477341,-50.0,-1.4536728858947754,2.55763578414917,0.0012183785438537598,4,0,123,0.04143241420388222,0.5415162454873647,0.3,120,127,wall,both,1,1,1,1,1,1,0.0,4,4,0,alpha,full,huber,-9.643511431038734,-12.785786576750322,1.6827327835904757,-10.23533376512632,-12.042476093261918,3.0640951793227806,-10.36306662425347,-11.932451772735348,3.006476626861213,57.79023676121055,0.041432417929172516,80,1.2143569588661194,1.0,1.0,disabled,single,3,row_10,row_9,-1.4536728858947754,-3.4621143341064453,0.8807869926233616,0.11819955845658199,0.37119482524227837,2.00844144821167,-1.3267334245274167,0,0,1,disabled,0,0.0,50.0,alpha
36,1.0788275003433228,-0.48093751072883606,-46.065250396728516,-1.0738693475723267,2.1980628967285156,0.007120013236999512,20,7,133,0.021294616162776947,0.48387096774193555,0.3,120,160,wall,both,1,1,1,1,1,1,0.0,4,4,0,alpha,full,huber,-9.823500327442398,-12.41314774481225,1.851503567929429,-10.387804757636394,-12.168682010586156,3.0019572317430936,-10.473319267024351,-12.049239838062764,3.0019611745331805,88.96623199334698,0.021294616162776947,107,1.887722134590149,1.0,1.0,disabled,single,3,row_10,row_9,-1.0738693475723267,-3.212986946105957,0.8939366543137077,0.10526882512954665,0.34288478361075075,2.1391175985336304,-0.9617489847809026,0,0,0,disabled,0,0.0,50.0,alpha
40,0.2979981005191803,-0.03669539839029312,-41.982723236083984,-1.6981265544891357,1.5479402542114258,0.5344021320343018,40,0,116,0.03176764026284218,0.49019607843137253,0.3,120,156,wall,both,1,1,1,1,1,1,0.0,5,5,0,alpha,full,huber,-10.599094374121458,-11.390890205724217,-2.4959773075941754,-10.78629173647344,-11.75269332735773,-2.8482567592441743,-10.738672323853052,-11.87303780522892,-3.0630880240934886,65.92873897870396,0.03176764398813248,169,1.358003854751587,1.0,1.0,disabled,single,3,row_10,row_9,-1.6981265544891357,-4.937459468841553,0.9621310915311183,0.037705945847733,0.16216174646763706,3.239332914352417,-1.659521986671689,0,0,0,disabled,0,0.0,50.0,alpha
44,0.8319470882415771,-0.2860065996646881,-42.675045013427734,-0.5467483401298523,1.558878779411316,0.040592312812805176,30,0,101,0.03258271887898445,0.5338078291814947,0.3,120,131,wall,both,1,1,1,1,1,1,0.0,4,4,0,alpha,full,huber,-9.877119382131038,-11.758603582217551,2.0180031187756597,-9.877119382131038,-11.758603582217551,2.0180031187756597,-10.358128866759516,-11.817439387211639,2.6320228877736076,87.3550858464013,0.03258271887898445,185,1.9985241889953613,1.0,1.0,disabled,single,3,row_10,row_9,-0.5467483401298523,-2.617429256439209,0.8872221550558741,0.11187861526597065,0.35752435508803726,2.0706809163093567,-0.42708846875651924,0,0,0,disabled,0,0.0,50.0,alpha
48,0.6579012870788574,-0.17885705828666687,-40.707706451416016,-0.2860104739665985,1.1214354038238525,0.04002857208251953,33,0,97,0.01782061718404293,0.5357142857142857,0.3,120,130,wall,both,1,1,1,1,1,1,0.0,3,3,0,alpha,full,huber,-10.00245310425655,-11.26632378533367,2.015997528667011,-10.00245310425655,-11.26632378533367,2.015997528667011,-10.243779131104175,-11.46891153686324,2.3345153845215494,156.67463627605997,0.01782061718404293,218,1.5014281868934631,1.0,1.0,disabled,single,3,row_10,row_9,-0.2860104739665985,-2.4051337242126465,0.8920129350451794,0.10716367980085811,0.34712135130295013,2.119123250246048,-0.17173582863105563,0,0,0,disabled,0,0.0,50.0,alpha
52,1.0802706480026245,-0.48222509026527405,-39.58424377441406,-0.14543698728084564,0.7717674970626831,0.056600213050842285,41,0,95,0.021383265033364296,0.5244755244755245,0.3,120,136,wall,both,1,1,1,1,1,1,0.0,4,4,0,alpha,full,huber,-9.96713757835591,-10.894490863575617,2.0701614869831735,-10.125705990906908,-11.506326923482852,2.0726692923203482,-10.243411276458714,-11.422055385209479,2.2079958311631156,143.97698583178894,0.021383265033364296,250,2.0838102102279663,1.0,1.0,disabled,single,3,row_10,row_9,-0.14543698728084564,-2.1500885486602783,0.8803907263251882,0.118594991411303,0.371993918580117,2.0046515613794327,-0.01804752441665125,0,0,0,disabled,0,0.0,50.0,alpha
56,0.531724750995636,-0.11683107912540436,-43.83854675292969,-0.369728684425354,1.085984468460083,0.16240012645721436,25,3,111,0.011859877966344357,0.5190311418685121,0.3,120,139,wall,both,1,1,1,1,1,1,0.0,3,3,0,alpha,full,huber,-9.461200002266201,-11.308908590124842,1.154179704255692,-9.948916892921094,-11.247812841420059,1.8320345498596504,-10.137126829285362,-11.25098898288007,2.022484575346425,178.29160907241737,0.011859877966344357,250,1.2212356328964233,1.0,1.0,disabled,single,3,row_10,row_9,-0.369728684425354,-2.025930166244507,0.837818054489428,0.1599081321613963,0.4552311484537677,1.6562014818191528,-0.19277436360391323,0,0,0,disabled,0,0.0,50.0,alpha
60,0.6269724369049072,-0.16243572533130646,-39.02560043334961,-0.08036786317825317,0.5271435379981995,0.06753581762313843,43,0,93,0.018813546746969223,0.5244755244755245,0.3,120,136,wall,both,1,1,1,1,1,1,0.0,5,5,0,alpha,full,huber,-9.999686939113756,-10.543010894434792,2.1017227208908658,-10.04132990385343,-10.881693486645002,1.935653077650006,-10.124296385694516,-10.965718832805376,1.9811910411831528,110.21119238215829,0.018813544884324074,169,1.1191332340240479,1.0,1.0,disabled,single,3,row_10,row_9,-0.08036786317825317,-2.0468099117279053,0.876265427275766,0.1226367821036991,0.38058020225434747,1.966442048549652,0.051718371589222656,0,0,0,disabled,0,0.0,50.0,alpha
64,0.602148711681366,-0.1498277187347412,-35.72490310668945,-0.24865984916687012,1.0532878637313843,0.02280712127685547,44,9,86,0.020927203819155693,0.5190311418685121,0.3,120,139,wall,both,1,1,1,1,1,1,0.0,4,4,0,alpha,full,huber,-10.512257886539025,-10.71205010590625,1.946084151511715,-10.242386547775581,-10.611470051977395,1.9672160311646023,-10.228937232654886,-10.679658821373643,1.9746702691849523,79.37064487923331,0.020927201956510544,107,1.0127084255218506,1.0,1.0,disabled,single,3,row_10,row_9,-0.24865984916687012,-2.8354785442352295,0.9296862067108156,0.06996733022285413,0.25663622545584197,2.5868186950683594,-0.17575168725684306,0,0,0,disabled,0,0.0,50.0,alpha
68,0.49736231565475464,-0.10221870988607407,-37.7751579284668,-0.1699856072664261,0.8597284555435181,0.03748053312301636,48,6,81,0.04639117419719696,0.5263157894736842,0.3,120,135,wall,both,1,1,1,1,1,1,0.0,7,7,0,alpha,full,huber,-10.489454061937687,-9.969882567025447,2.0067538165935037,-10.36227224896557,-10.327790635458484,2.00494356754398,-10.346232986207188,-10.383265449130144,1.9902306787696373,50.14838661437914,0.04639117419719696,80,1.049150288105011,1.0,1.0,disabled,single,3,row_10,row_9,-0.1699856072664261,-2.476901054382324,0.9089511351060362,0.09050235648340957,0.3082984051199281,2.306915447115898,-0.07452166425778547,0,0,0,disabled,0,0.0,50.0,alpha
72,1.2012524604797363,-0.5962840914726257,-36.725624084472656,-0.2266305685043335,0.9925949573516846,0.04339796304702759,62,4,66,0.03176617994904518,0.5319148936170213,0.3,120,132,wall,both,1,1,1,1,1,1,0.0,4,4,0,alpha,full,huber,-10.6731201701307,-9.66842754450325,2.02778879507668,-10.579664271694053,-10.018101693190049,2.024419350182488,-10.518664400211893,-10.083648138303658,2.0110880833828126,55.645832330067726,0.03176618367433548,80,1.3220142722129822,1.0,1.0,disabled,single,3,row_10,row_9,-0.223595529794693,-2.654456377029419,0.9187626598329212,0.0808153548388843,0.2844216312069835,2.430860847234726,-0.13886808065464945,0,0,0,disabled,0,0.0,50.0,alpha
76,0.7867498993873596,-0.25577497482299805,-36.08940124511719,-0.33337709307670593,1.2059550285339355,0.049973249435424805,51,3,81,0.028140505775809288,0.5263157894736842,0.3,120,135,wall,both,1,1,1,1,1,1,0.0,5,5,0,alpha,full,huber,-10.879024969217534,-9.731492341091881,2.0495760533815943,-10.737289613184391,-9.715229697964192,1.9834059430501947,-10.688461756007683,-9.775839483135716,2.002308793749064,60.34017767528565,0.028140505775809288,80,1.01433265209198,1.0,1.0,disabled,single,3,row_10,row_9,-0.33024880290031433,-2.9936094284057617,0.9345789699030641,0.06515281449050696,0.24337217407519174,2.6633606255054474,-0.26258965222265207,0,0,0,disabled,0,0.0,50.0,alpha
80,0.6130901575088501,-0.1553221344947815,-37.21900177001953,-0.12822921574115753,0.7596139311790466,0.0009940862655639648,65,12,55,0.04118885472416878,0.5319148936170213,0.3,120,132,wall,both,1,1,1,1,1,1,0.0,5,5,0,alpha,full,huber,-10.494457880322127,-9.376072229986892,1.8189396433194513,-10.738031076096046,-9.418666402318497,1.9291188364329035,-10.764598178499156,-9.47325249203552,1.9672827486257223,51.464464763507856,0.04118885472416878,80,0.9930065274238586,1.0,1.0,disabled,single,3,row_10,row_9,-0.12822921574115753,-2.304478883743286,0.8974820391403567,0.10183393925534708,0.334689083994753,2.1762496680021286,-0.020067044821328386,0,0,0,disabled,0,0.0,50.0,alpha
84,0.2410539835691452,-0.024011166766285896,-32.793880462646484,-0.27019333839416504,1.025273084640503,0.09468996524810791,100,0,36,0.06254968047142029,0.5244755244755245,0.3,120,136,wall,both,1,1,1,1,1,1,0.0,5,5,0,alpha,full,huber,-10.92666695575269,-8.596310949834324,2.2130338046314506,-10.903305265846164,-9.044007742406986,2.016401993003469,-10.886011329569952,-9.129384712284061,1.992754366784835,43.77003263062673,0.06254968047142029,80,0.8701309859752655,1.0,1.0,disabled,single,3,row_10,row_9,-0.27019333839416504,-2.7440929412841797,0.9219480413804846,0.0776793351276421,0.2763488466887322,2.4738996028900146,-0.18892692712956,0,0,0,disabled,0,0.0,50.0,alpha
88,0.29268860816955566,-0.035399429500103,-29.72149658203125,-0.5140963196754456,1.314201831817627,0.1786649227142334,89,0,38,0.03609754145145416,0.5415162454873647,0.3,120,127,wall,both,1,1,1,1,1,1,0.0,6,6,0,alpha,full,huber,-11.284647464952513,-8.271446224390063,2.3589260754761465,-11.115411327688932,-8.678849979163559,2.0719038232898437,-11.059027437708696,-8.777238425000906,2.025828164947197,55.49158806445764,0.03609754145145416,80,0.5901216268539429,1.0,1.0,disabled,single,3,row_10,row_9,-0.5023097991943359,-3.294962167739868,0.9420917297271323,0.057711143257776425,0.22248985440018074,2.7926523685455322,-0.4426571676773206,0,0,0,disabled,0,0.0,50.0,alpha
92,1.3361924886703491,-0.7377728819847107,-27.58993148803711,-0.6732251048088074,1.5612661838531494,0.17952430248260498,90,0,36,0.030069075524806976,0.5434782608695653,0.3,120,126,wall,both,1,1,1,1,1,1,0.0,7,7,0,alpha,full,huber,-11.630163065441502,-7.756147676739226,2.36043096825299,-11.213918796998204,-8.328810567072718,2.068970740891454,-11.195707842754882,-8.42536570236019,2.053111752763982,60.84060505156644,0.030069075524806976,80,1.6074215769767761,1.0,1.0,disabled,single,3,row_10,row_9,-0.6732251048088074,-3.789612293243408,0.9574597652247046,0.0424317333802508,0.17669105486429476,3.116387188434601,-0.6297535253455288,0,0,0,disabled,0,0.0,50.0,alpha
96,0.140360027551651,-0.008140883408486843,-30.04997444152832,-0.5498156547546387,1.3870307207107544,0.17309439182281494,93,11,34,0.025156836956739426,0.5208333333333334,0.3,120,138,wall,both,1,1,1,1,1,1,0.0,7,7,0,alpha,full,huber,-11.441655658409065,-7.818278616244729,2.3490911386899525,-11.494697736494292,-8.00438493907126,2.219487939032179,-11.413941434260742,-8.09108845295047,2.140428870114671,62.14674956352333,0.025156838819384575,80,0.47817574441432953,1.0,1.0,disabled,single,3,row_10,row_9,-0.5498156547546387,-3.468515634536743,0.948611452450204,0.05122866847992729,0.20366618947678605,2.9186999797821045,-0.49705966214563907,0,0,0,disabled,0,0.0,50.0,alpha
100,0.12904976308345795,-0.0068817525170743465,-28.77145004272461,-1.1545379161834717,1.8669822216033936,0.30510491132736206,97,0,50,0.04531903192400932,0.5050505050505051,0.3,120,147,wall,both,1,1,1,1,1,1,0.0,8,8,0,alpha,full,huber,-12.03020638692052,-7.268692196125398,2.5543995800167263,-11.667853886613484,-7.693200951677798,2.284968163112489,-11.616829972526276,-7.7735124637241935,2.214507561311443,61.14812532707715,0.045319028198719025,87,0.8394585251808167,1.0,1.0,disabled,single,3,row_10,row_9,-1.1545379161834717,-4.641220569610596,0.9702553025775951,0.029691968310278267,0.13424032205398784,3.486682653427124,-1.1243418726017087,0,0,0,disabled,0,0.0,50.0,alpha
104,0.3882503807544708,-0.06228857859969139,-38.78324508666992,-0.32054921984672546,1.1920559406280518,0.034192681312561035,68,15,52,0.029527930542826653,0.5263157894736842,0.3,120,135,wall,both,1,1,1,1,1,1,0.0,5,5,0,alpha,full,huber,-11.264843340354027,-7.701378890881254,2.0141340853875302,-11.799038143126113,-7.572193193707557,2.3097551550692104,-11.786994427064442,-7.5695610680747905,2.2637311805324156,62.48337557325241,0.029527930542826653,80,1.09073805809021,1.0,1.0,disabled,single,3,row_10,row_9,-0.32054921984672546,-3.0078184604644775,0.9360397720115098,0.06371300656457017,0.23934820387533814,2.687269240617752,-0.254451907904732,0,0,0,disabled,0,0.0,50.0,alpha
108,1.119527816772461,-0.5179101228713989,-29.775829315185547,-2.5295424461364746,1.995208501815796,0.6348246932029724,71,0,61,0.027215389534831047,0.5319148936170213,0.3,120,132,wall,both,1,1,1,1,1,1,0.0,7,7,0,alpha,full,huber,-12.188607469544378,-7.1089123989094745,2.9380717500234566,-11.987996849229063,-7.263613609998723,2.3335899110202893,-11.969295724887346,-7.314873597267083,2.312185315567464,61.9663325512938,0.02721538580954075,80,1.404106318950653,1.0,1.0,disabled,single,3,row_10,row_9,-2.4802663326263428,-6.1372222900390625,0.9748002737542869,0.025160533733227235,0.11793032722412208,3.6569559574127197,-2.4547436562264515,0,0,0,disabled,0,0.0,50.0,alpha
112,1.0652998685836792,-0.4689520001411438,-29.254852294921875,-0.3634020984172821,1.278064489364624,0.010064899921417236,74,0,46,0.027260230854153633,0.5555555555555556,0.3,120,120,wall,both,1,1,1,1,1,1,0.0,5,5,0,alpha,full,huber,-11.514420075343823,-6.797896876020199,1.8830955455717096,-12.013769503562044,-7.021041015253606,2.3108607821383913,-12.062467975377913,-7.078223425851233,2.311823991600404,92.79686401352893,0.027260232716798782,122,1.5769063234329224,1.0,1.0,disabled,single,3,row_10,row_9,-0.3634020984172821,-3.1736602783203125,0.943043752238798,0.056761285414120725,0.2198105397436659,2.8102581799030304,-0.30475949785210854,0,0,0,disabled,0,0.0,50.0,alpha
116,0.49732381105422974,-0.1022028848528862,-30.915992736816406,-1.3175393342971802,2.106055736541748,0.28514981269836426,74,0,47,0.030096450820565224,0.5535055350553506,0.3,120,121,wall,both,1,1,1,1,1,1,0.0,5,5,0,alpha,full,huber,-12.266764914019642,-7.304136892696739,2.526263596866457,-12.102800645476282,-6.8718915023865055,2.3162253672527746,-12.163375712453513,-6.8787005907855505,2.3166576970694894,61.64152475195839,0.030096450820565224,80,0.8951766788959503,1.0,1.0,disabled,single,3,row_10,row_9,-1.3175393342971802,-5.067916393280029,0.9770006598857716,0.022968191224586713,0.10972982787893723,3.750377058982849,-1.2942713827780394,0,0,0,disabled,0,0.0,50.0,alpha
120,0.11902206391096115,-0.00585382292047143,-31.952743530273438,-0.5379237532615662,1.5535047054290771,0.019908666610717773,66,0,54,0.03318869322538376,0.5555555555555556,0.3,120,120,wall,both,1,1,1,1,1,1,0.0,6,6,0,alpha,full,huber,-11.801247032705342,-6.755194267549473,1.9409719466039643,-12.080918940647651,-6.685101146509062,2.2447478233843,-12.187794575355788,-6.696703617594233,2.28240618717562,57.51685086145052,0.03318869322538376,80,0.5621004998683929,1.0,1.0,disabled,single,3,row_10,row_9,-0.5379237532615662,-3.6543350219726562,0.9574621549254143,0.04243081752646985,0.17667480033462465,3.11641126871109,-0.4944546696710278,0,0,0,disabled,0,0.0,50.0,alpha
124,0.08855307102203369,-0.0032403499353677034,-30.787073135375977,-0.38177427649497986,1.3100401163101196,0.009841859340667725,71,0,54,0.04663854464888573,0.5454545454545454,0.3,120,125,wall,both,1,1,1,1,1,1,0.0,7,7,0,alpha,full,huber,-11.650779225511808,-6.193630208072034,1.8815106616543265,-12.095542307580594,-6.3809349873886365,2.1844752776561926,-12.222782189923638,-6.423618595627943,2.2340925673327074,50.19924101431659,0.04663854464888573,80,0.7615987062454224,1.0,1.0,disabled,single,3,row_10,row_9,-0.38177427649497986,-3.227654218673706,0.9449323190490917,0.05488463093018832,0.21440195900579415,2.845879942178726,-0.32513230238787577,0,0,0,disabled,0,0.0,50.0,alpha
128,0.6776275634765625,-0.18974342942237854,-32.71234130859375,-0.35835447907447815,1.2698768377304077,0.0006544589996337891,80,4,52,0.04713618755340576,0.5244755244755245,0.3,120,136,wall,both,1,1,1,1,1,1,0.0,4,4,0,alpha,full,huber,-11.648657203295155,-5.968984029395399,1.7772769351021287,-12.074476138177719,-6.127511313113983,2.081947009305773,-12.212870858840178,-6.169056260917525,2.1582090764602615,55.643930760179046,0.04713618755340576,80,1.050783097743988,1.0,1.0,disabled,single,3,row_10,row_9,-0.35835447907447815,-3.159621477127075,0.9425555235005055,0.05724428604678622,0.22121000670628646,2.801266998052597,-0.2991940285551974,0,0,0,disabled,0,0.0,50.0,alpha
132,0.4946283996105194,-0.10109803825616837,-31.62666130065918,-0.2992916703224182,1.1605087518692017,0.0013170242309570312,81,0,44,0.04297709837555885,0.5454545454545454,0.3,120,125,wall,both,1,1,1,1,1,1,0.0,9,9,0,alpha,full,huber,-11.635704414064872,-5.389354073413177,1.7855283817214849,-11.869034928723012,-5.663185486362994,1.8932922497316527,-12.088797964431901,-5.793147246446145,2.025547820736513,48.34539683021597,0.04297709837555885,80,0.9004649519920349,1.0,1.0,disabled,single,3,row_10,row_9,-0.2992916703224182,-2.9881880283355713,0.9361303362268781,0.06361557669048362,0.239142777240955,2.688896358013153,-0.2332911062293947,0,0,0,disabled,0,0.0,50.0,alpha
136,0.30565711855888367,-0.03860589861869812,-37.19910430908203,-0.4710700213909149,1.4557029008865356,0.006364703178405762,71,8,68,0.03294483572244644,0.5050505050505051,0.3,120,147,wall,both,1,1,1,1,1,1,0.0,8,8,0,alpha,full,huber,-11.883200267041383,-5.701548558877091,1.8539813157559486,-11.916504629335108,-5.504809224349592,1.8746911340756969,-12.045187176803339,-5.529943758706075,1.9504904247305914,60.62379627061488,0.03294483572244644,80,0.6505977213382721,1.0,1.0,disabled,single,3,row_10,row_9,-0.4710700213909149,-3.4789226055145264,0.9527999060486065,0.04706606887300505,0.19110684270875658,3.0078525841236115,-0.42271966184428694,0,0,0,disabled,0,0.0,50.0,alpha
140,0.23371285200119019,-0.02257094904780388,-35.193939208984375,-0.41727206110954285,1.3702911138534546,0.0012034177780151367,68,9,64,0.048377569764852524,0.5154639175257733,0.3,120,141,wall,both,1,1,1,1,1,1,0.0,6,6,0,alpha,full,huber,-11.98071710776227,-4.705786814094344,1.749633765671109,-11.968889974913083,-5.156761780270763,1.872335147164925,-12.046518684575343,-5.216200764558815,1.9117284513617534,53.75131930736418,0.048377569764852524,80,0.8083192110061646,1.0,1.0,disabled,single,3,row_10,row_9,-0.41727206110954285,-3.309781074523926,0.9473249316191107,0.05251680101473639,0.20739491707677327,2.892509013414383,-0.3631589332724158,0,0,0,disabled,0,0.0,50.0,alpha
144,0.774304211139679,-0.24774670600891113,-41.251277923583984,-0.5760521292686462,1.6098426580429077,0.0059092044830322266,53,9,84,0.0218612402677536,0.5067567567567568,0.3,120,146,wall,both,1,1,1,1,1,1,0.0,7,7,0,alpha,full,huber,-12.184935410533146,-4.88554248273301,1.9074644289500107,-12.165053227885789,-4.951263120699245,1.923242680325533,-12.15058392150733,-4.960922564412575,1.9178210317531006,72.8421897824662,0.0218612402677536,87,0.9298151135444641,1.0,1.0,disabled,single,3,row_10,row_9,-0.5760521292686462,-3.7504773139953613,0.9597697599777179,0.04013578127673683,0.1693413948879744,3.174425184726715,-0.5349902726272283,0,0,0,disabled,0,0.0,50.0,alpha
148,0.1833486706018448,-0.013891213573515415,-40.389122009277344,-0.547989010810852,1.5694154500961304,0.012533783912658691,50,1,84,0.030018839985132217,0.5263157894736842,0.3,120,135,wall,both,1,1,1,1,1,1,0.0,8,8,0,alpha,full,huber,-12.207375076348495,-4.6098587005850495,1.9571916423607822,-12.268069778084616,-4.699587352227933,1.9714607523689422,-12.255054913146816,-4.706991531795024,1.944696602651085,60.225663351893054,0.03001883625984192,80,0.4843178540468216,1.0,1.0,disabled,single,3,row_10,row_9,-0.547989010810852,-3.643246650695801,0.9565995364087033,0.043298898969851805,0.17932104166086363,3.0952576398849487,-0.5036185784508168,0,0,0,disabled,0,0.0,50.0,alpha
152,0.3078693449497223,-0.03916675224900246,-38.73085021972656,-0.6362133622169495,1.6910743713378906,0.01325613260269165,56,0,76,0.017648519948124886,0.5319148936170213,0.3,120,132,wall,both,1,1,1,1,1,1,0.0,7,7,0,alpha,full,huber,-12.328599923693437,-4.625651124833862,1.9617047581824067,-12.406780717759212,-4.507870594037904,1.9919894447254676,-12.381298946402389,-4.488403838760952,1.967183276995737,97.77963932223362,0.017648518085479736,127,0.38795432448387146,1.0,1.0,disabled,single,3,row_10,row_9,-0.6362133622169495,-3.8643856048583984,0.9618060296527265,0.038116244470334064,0.16272072387614092,3.228172242641449,-0.5972708811923549,0,0,0,disabled,0,0.0,50.0,alpha
156,0.8840462565422058,-0.32294949889183044,-37.57746887207031,-0.37607070803642273,1.3005449771881104,0.007003486156463623,57,0,63,0.08400815725326538,0.5555555555555556,0.3,120,120,wall,both,1,1,1,1,1,1,0.0,6,6,0,alpha,full,huber,-11.9841805593941,-4.382151289066529,1.9171188417388736,-12.321756235242423,-4.309224321768274,1.9143862672848104,-12.393557747733436,-4.282321280723783,1.9405735573967533,34.911314373870226,0.08400816470384598,80,1.426394522190094,1.0,1.0,disabled,single,3,row_10,row_9,-0.37607070803642273,-3.169214963912964,0.9421345177273985,0.05768538269860617,0.22227289320908472,2.793144255876541,-0.31646349357092235,0,0,0,disabled,0,0.0,50.0,alpha
160,0.3418475091457367,-0.04828914254903793,-37.49945068359375,-0.375354528427124,1.2996139526367188,0.0023220181465148926,45,5,76,0.0380423367023468,0.5434782608695653,0.3,120,126,wall,both,1,1,1,1,1,1,0.0,5,5,0,alpha,full,huber,-12.056962039679986,-4.011469468924348,1.8317282120580147,-12.303393863528274,-3.968702919989969,1.840951731699486,-12.38614264217997,-4.001022410851994,1.8904293512225463,52.74699393176217,0.0380423329770565,80,0.4072412848472595,1.0,1.0,disabled,single,3,row_10,row_9,-0.375354528427124,-3.176867961883545,0.9425914163707607,0.057232360113023704,0.22097241111728821,2.801513433456421,-0.316232157560416,0,0,0,disabled,0,0.0,50.0,alpha
164,0.27227312326431274,-0.03063332661986351,-34.19864273071289,-0.3470498025417328,1.2496894598007202,0.0001385211944580078,59,9,66,0.04601335525512695,0.528169014084507,0.3,120,134,wall,both,1,1,1,1,1,1,0.0,3,3,0,alpha,full,huber,-12.003432896916369,-4.025111278043439,1.7802132094793839,-12.252737119421006,-3.813795386974492,1.8655754519099,-12.34968625698708,-3.7865108706834274,1.877991940881393,52.447844303767326,0.04601335525512695,80,0.6656173467636108,1.0,1.0,disabled,single,3,row_10,row_9,-0.3470498025417328,-3.0920093059539795,0.9394431906466064,0.060360073160433104,0.22982047353864907,2.7449595034122467,-0.28458187293889886,0,0,0,disabled,0,0.0,50.0,alpha
168,1.0897531509399414,-0.49072811007499695,-40.74354934692383,-0.8330485224723816,1.931611180305481,0.030952274799346924,42,0,86,0.026923971250653267,0.539568345323741,0.3,120,128,wall,both,1,1,1,1,1,1,0.0,5,5,0,alpha,full,huber,-12.786141774857338,-3.5747023100548803,2.0130202003147613,-12.368697754473928,-3.5955094109044783,1.8572052643629524,-12.395295539796667,-3.5706506916044782,1.8676633560620441,67.1733403062862,0.026923974975943565,80,1.5355992317199707,1.0,1.0,disabled,single,3,row_10,row_9,-0.8330485224723816,-4.375092029571533,0.9718195057340379,0.02813815786795455,0.12867687637876632,3.5420435070991516,-0.8044633370182144,0,0,0,disabled,0,0.0,50.0,alpha
172,0.7560710906982422,-0.23621632158756256,-37.9532356262207,-0.592362642288208,1.631900668144226,0.011740922927856445,46,3,86,0.02157881297171116,0.5263157894736842,0.3,120,135,wall,both,1,1,1,1,1,1,0.0,4,4,0,alpha,full,huber,-12.487049311714289,-3.5425589477264174,1.916955667347862,-12.472772109510162,-3.3998899058166545,1.8823553858468614,-12.47215634649606,-3.364774325573576,1.8752415335519768,69.88301975516605,0.021578814834356308,80,0.8619789779186249,1.0,1.0,disabled,single,3,row_10,row_9,-0.592362642288208,-3.797628164291382,0.9609527893460038,0.03896484226508176,0.16549400032316494,3.205265522003174,-0.5525326444785659,0,0,0,disabled,0,0.0,50.0,alpha
176,1.3555277585983276,-0.7592791318893433,-37.78518295288086,-0.665605366230011,1.7267612218856812,0.027130961418151855,51,4,93,0.019273791462183,0.5033557046979865,0.3,120,148,wall,both,1,1,1,1,1,1,0.0,5,5,0,alpha,full,huber,-12.668295315376335,-3.1091715161414166,1.9970395304123079,-12.54803113769932,-3.1804849744738752,1.922366024545108,-12.548883876978195,-3.152037442438713,1.8992935579660282,72.86213541512963,0.019273791462183,80,1.5377325415611267,1.0,1.0,disabled,single,3,row_10,row_9,-0.665605366230011,-4.01011848449707,0.9658620080376551,0.03407308774205695,0.1493157836218786,3.3445131182670593,-0.6308710624342239,0,0,0,disabled,0,0.0,50.0,alpha
180,0.4581647217273712,-0.08674170076847076,-33.0389289855957,-0.3053366541862488,1.1721830368041992,0.0003158450126647949,54,18,68,0.03648914769291878,0.5172413793103449,0.3,120,140,wall,both,1,1,1,1,1,1,0.0,4,4,0,alpha,full,huber,-12.128827702722674,-2.978135499890899,1.7384331870426042,-12.389525900768565,-2.902466427794476,1.847632481865851,-12.498770832736072,-2.9046539435508594,1.873978383919063,53.236651238322196,0.036489151418209076,80,0.8926068842411041,1.0,1.0,disabled,single,3,row_10,row_9,-0.3053366541862488,-3.0288867950439453,0.9381957038928262,0.06158438979035812,0.233362975315657,2.7235501408576965,-0.24153994199272444,0,0,0,disabled,0,0.0,50.0,alpha
184,0.36393383145332336,-0.05473051220178604,-37.02617645263672,-0.4602592885494232,1.4388387203216553,0.007037937641143799,64,10,75,0.03526779264211655,0.5016722408026756,0.3,120,149,wall,both,1,1,1,1,1,1,0.0,4,4,0,alpha,full,huber,-12.423119601704162,-2.859965566692499,1.8729128661034142,-12.40807187976494,-2.731372183151179,1.8750854938210346,-12.483882351036574,-2.697478748976495,1.8748139954251677,61.480048358035674,0.03526778891682625,80,0.6004974544048309,1.0,1.0,disabled,single,3,row_10,row_9,-0.4602592885494232,-3.492879867553711,0.9539100533380671,0.04596815178885552,0.1876818699579383,3.0326205790042877,-0.41307339285786593,0,0,0,disabled,0,0.0,50.0,alpha
188,0.2374134063720703,-0.023291373625397682,-30.898399353027344,-0.356827974319458,1.267170786857605,0.0004680752754211426,67,13,70,0.03537708893418312,0.5,0.3,120,150,wall,both,1,1,1,1,1,1,0.0,4,4,0,alpha,full,huber,-12.386621730211344,-2.1154619089453166,1.7847981758654932,-12.365096457074685,-2.393533219276474,1.8042976841557772,-12.453453625068384,-2.419060267504131,1.839512331648674,56.57819372780508,0.03537708893418312,80,0.29396088421344757,1.0,1.0,disabled,single,3,row_10,row_9,-0.356827974319458,-3.196885347366333,0.9446358209543548,0.05518781054950789,0.2152066449096801,2.840057373046875,-0.29987217390369303,0,0,0,disabled,0,0.0,50.0,alpha
192,1.2473020553588867,-0.6428770422935486,-35.788387298583984,-0.5981026887893677,1.637830138206482,0.022104859352111816,48,15,87,0.02987801469862461,0.5,0.3,120,150,wall,both,1,1,1,1,1,1,0.0,3,3,0,alpha,full,huber,-12.737094500516628,-2.2583704212530895,1.9648516571833827,-12.508937611046985,-2.144512463248896,1.842451599688239,-12.515072187678442,-2.155113989683817,1.840963081650833,61.14616611680868,0.02987801469862461,80,1.576961874961853,1.0,1.0,disabled,single,3,row_10,row_9,-0.5981026887893677,-3.8543272018432617,0.9628210846496819,0.037100969150197026,0.15943113744490314,3.256224513053894,-0.5602150147801438,0,0,0,disabled,0,0.0,50.0,alpha
196,0.5798599720001221,-0.13894115388393402,-35.0135383605957,-0.42949745059013367,1.3902068138122559,0.0018613338470458984,53,14,67,0.025663699954748154,0.528169014084507,0.3,120,134,wall,both,1,1,1,1,1,1,0.0,1,1,0,alpha,full,huber,-12.465264890065129,-2.366100912237167,1.6931777953557852,-12.597920531527606,-1.9702489127966116,1.8571856571011505,-12.591860619909852,-1.9406985945385964,1.848685235741642,76.16452119051874,0.025663696229457855,97,0.9217262864112854,1.0,1.0,disabled,single,3,row_10,row_9,-0.42949745059013367,-3.4080100059509277,0.9514655334398194,0.04839956893225214,0.19510590063479488,2.978512555360794,-0.3797456342932877,0,0,0,disabled,0,0.0,50.0,alpha
200,1.0617226362228394,-0.46580785512924194,-31.742225646972656,-0.49701860547065735,1.4955211877822876,1.0967254638671875e-05,61,2,70,0.02287975326180458,0.5300353356890459,0.3,120,133,wall,both,1,1,1,1,1,1,0.0,2,2,0,alpha,full,huber,-12.702825084297126,-1.6628297444743394,1.7495207959105112,-12.735996211430747,-1.7277158595710516,1.8671847739055591,-12.703136431759678,-1.7113793470014484,1.8579475100994731,71.83913789045532,0.02287975326180458,80,1.112089216709137,1.0,1.0,disabled,single,3,row_10,row_9,-0.49701860547065735,-3.592650890350342,0.9566091465968088,0.0432831151187532,0.17932849146804627,3.0956322848796844,-0.4526582192579044,0,0,0,disabled,0,0.0,50.0,alpha
204,0.5426009893417358,-0.12165943533182144,-37.209957122802734,-0.2585589289665222,1.078560709953308,0.0034765005111694336,58,3,75,0.04266756772994995,0.5244755244755245,0.3,120,136,wall,both,1,1,1,1,1,1,0.0,3,3,0,alpha,full,huber,-12.450278037609754,-0.6510691158994788,1.8196866487352032,-12.698276005848122,-1.343814458145028,1.7978130603015554,-12.733651541650094,-1.396835002964444,1.828269669484154,55.396427162636485,0.04266756772994995,83,0.987719714641571,1.0,1.0,disabled,single,3,row_10,row_9,-0.2585589289665222,-2.870297431945801,0.9313265129238234,0.06836571285290774,0.2521655256829246,2.6117385029792786,-0.18741357783201873,0,0,0,disabled,0,0.0,50.0,alpha
208,0.3402045965194702,-0.04782610386610031,-32.501129150390625,-0.3209000527858734,1.2016477584838867,0.002250075340270996,56,5,73,0.04115268960595131,0.528169014084507,0.3,120,134,wall,both,1,1,1,1,1,1,0.0,2,2,0,alpha,full,huber,-12.55908119543573,-0.7468049989487366,1.8033737906852156,-12.602390956923301,-0.9121576261395475,1.739800486252154,-12.690511472537317,-1.0199271684526074,1.7846859211244164,49.668540473546436,0.04115269333124161,80,0.801192581653595,1.0,1.0,disabled,single,3,row_10,row_9,-0.3209000527858734,-3.071573495864868,0.9397320313402286,0.06003461535812906,0.22923315778023262,2.7506734430789948,-0.25873953538443234,0,0,0,disabled,0,0.0,50.0,alpha
212,2.198174476623535,-1.9966822862625122,-31.841127395629883,-0.40036532282829285,1.3422383069992065,0.0014791488647460938,56,6,75,0.02959584631025791,0.5226480836236934,0.3,120,137,wall,both,1,1,1,1,1,1,0.0,3,3,0,alpha,full,huber,-12.688326854822689,-0.8263918176520519,1.7906749399035276,-12.722608022829114,-0.6882023706501491,1.7656382464296037,-12.732093227793634,-0.7273159346681877,1.7760835651039901,67.38299582644925,0.02959584631025791,80,2.3005234003067017,1.0,1.0,disabled,single,3,row_10,row_9,-0.40036532282829285,-3.3092870712280273,0.9481239681407032,0.051705466626797064,0.20514797850638672,2.9089217483997345,-0.34709530563268803,0,0,0,disabled,0,0.0,50.0,alpha
216,1.376478910446167,-0.7829315066337585,-28.789705276489258,-0.5139316916465759,1.5207518339157104,0.0005952715873718262,57,0,63,0.0269479937851429,0.5555555555555556,0.3,120,120,wall,both,1,1,1,1,1,1,0.0,1,1,0,alpha,full,huber,-12.897171868916516,-0.6595815885162357,1.770784355843677,-12.757225339025503,-0.5189673563196997,1.7421664533509507,-12.768938165828704,-0.5021573998672797,1.7596477360910798,67.55746835293904,0.0269479937851429,80,1.6532383561134338,1.0,1.0,disabled,single,3,row_10,row_9,-0.5139316916465759,-3.6187522411346436,0.9569769901496445,0.04290373126153069,0.17825664121197235,3.1048205494880676,-0.4699557600975591,0,0,0,disabled,0,0.0,50.0,alpha
220,3.1372690200805664,-4.05934476852417,-30.12454605102539,-0.39099326729774475,1.326449990272522,1.7881393432617188e-07,52,0,68,0.03170112147927284,0.5555555555555556,0.3,120,120,wall,both,1,1,1,1,1,1,0.0,1,1,0,alpha,full,huber,-12.717919173042501,-0.5533559132153039,1.7368896198701043,-12.882192173240082,-0.38778998809993426,1.8010711800854433,-12.853061315414575,-0.3250212590846225,1.7809973840887219,57.7312937285892,0.03170112147927284,80,3.2613346576690674,0.9198688006290505,1.0,disabled,single,3,row_10,row_9,-0.39099326729774475,-3.2773220539093018,0.9469921636715635,0.05282380976791157,0.20850402820617134,2.886328786611557,-0.3365288065694165,0,0,0,disabled,0,0.0,50.0,alpha
224,1.126399040222168,-0.5242871046066284,-34.375492095947266,-0.5262656211853027,1.538745641708374,0.004988908767700195,51,1,75,0.03055860474705696,0.5415162454873647,0.3,120,127,wall,both,1,1,1,1,1,1,0.0,1,1,0,alpha,full,huber,-12.976809827622317,-0.2919697076312503,1.8362087545518762,-13.036302931076417,-0.0340197797546097,1.8589079951061873,-12.99646100632744,0.034777733749230336,1.8206792652105435,65.19939629843638,0.03055860474705696,80,1.377551555633545,1.0,1.0,disabled,single,3,row_10,row_9,-0.5262656211853027,-3.644021987915039,0.9575038089294331,0.042375625739749456,0.1766251206775966,3.1177563667297363,-0.4828400412442405,0,0,0,disabled,0,0.0,50.0,alpha
228,3.1542305946350098,-4.101398468017578,-35.671382904052734,-0.5197096467018127,1.5291025638580322,0.005415856838226318,47,10,73,0.027921658009290695,0.5357142857142857,0.3,120,130,wall,both,1,1,1,1,1,1,0.0,1,1,0,alpha,full,huber,-13.017226874995481,0.07218178258467484,1.7927670420408077,-13.16610894347259,0.11911306506053776,1.8601378811278508,-13.118691393571932,0.19449315737944317,1.8412517694567487,66.77831845495152,0.027921658009290695,80,3.1636130809783936,0.9482828409194105,1.0,disabled,single,3,row_10,row_9,-0.5197096467018127,-3.612617015838623,0.9564785008544778,0.04339529142029335,0.17984200812632656,3.0929073691368103,-0.4752126794571262,0,0,0,disabled,0,0.0,50.0,alpha
232,0.9684919118881226,-0.38759365677833557,-37.863895416259766,-0.6695829629898071,1.7357311248779297,0.0044310688972473145,57,22,76,0.018239887431263924,0.49180327868852464,0.3,120,155,wall,both,1,1,1,1,1,1,0.0,1,1,0,alpha,full,huber,-13.528927422482042,1.491468497844464,1.8533656539219212,-13.690055102588992,1.7674621045753836,1.886278064262442,-13.64341088655815,1.8187624993285634,1.8657452790357505,85.44229666934346,0.018239889293909073,102,1.0255193710327148,1.0,1.0,disabled,single,3,row_10,row_9,-0.6695829629898071,-4.014720916748047,0.9658766241687928,0.034052319614390224,0.14930514268671696,3.3451379537582397,-0.6348637918117505,0,0,0,disabled,0,0.0,50.0,alpha
236,0.4307922124862671,-0.07668675482273102,-24.933778762817383,-0.37047329545021057,1.2911697626113892,0.0007548332214355469,73,25,27,0.01783342845737934,0.5454545454545454,0.3,100,125,wall,both,1,1,1,1,1,1,0.0,1,1,0,alpha,full,huber,-13.37057120216588,3.0093520822017843,1.7306038123803962,-13.635483188293042,2.9983897978120675,1.75836378175155,-13.800405133788118,2.9986599698014516,1.813480566311954,103.01842185954908,0.01783342845737934,153,1.052935004234314,1.0,1.0,disabled,single,3,row_10,row_9,-0.37047329545021057,-3.2433180809020996,0.9463170005209235,0.053502737625134196,0.2104268402084478,2.872844785451889,-0.31529562507601105,0,0,0,disabled,0,0.0,50.0,alpha
240,1.5359610319137573,-0.9748662710189819,0.0,-0.07764973491430283,0.5452932119369507,0.05324864387512207,0,0,0,0.021960606798529625,0.5,0.3,0,0,wall,both,1,1,1,1,1,1,0.0,0,0,0,alpha,full,huber,-12.716448640636365,3.5394449118117217,1.4416563252709773,-13.305262834001631,3.842202202752914,1.6068458371560204,-13.619304608598853,3.8311104794195363,1.7118020077651162,90.51093599788464,0.021960608661174774,117,2.2928342819213867,1.0,1.0,disabled,single,3,row_10,row_9,-0.07764973491430283,-2.1301846504211426,0.8854184118899446,0.11369567934736628,0.36117846594910774,2.0525349155068398,0.04404522898945738,0,0,0,disabled,0,0.0,50.0,alpha
244,2.1178736686706543,-1.853466510772705,0.0,-0.13588985800743103,0.7169400453567505,0.07285881042480469,0,0,0,0.020166149362921715,0.5,0.3,0,0,wall,both,1,1,1,1,1,1,0.0,0,0,0,alpha,full,huber,-11.586998337374801,4.366869157707391,1.3045566744237584,-12.911565380691176,4.329924764119922,1.5152100381350369,-13.258815700414223,4.3081221937742065,1.6143949549711332,106.06960185748783,0.020166149362921715,148,3.583657145500183,0.837133653750038,1.0,disabled,single,3,row_10,row_9,-0.13588985800743103,-0.7891183495521545,0.6505288740410263,0.3385112047140981,0.6958500414321666,0.6532284915447235,0.29407973654985925,0,0,0,disabled,0,0.0,50.0,alpha
248,2.228919506072998,-2.052926540374756,-33.640350341796875,-0.6209302544593811,1.3369901180267334,0.2341071367263794,41,0,56,0.023668961599469185,0.6072874493927126,0.3,97,97,wall,both,1,1,1,1,1,1,0.0,4,4,0,alpha,full,huber,-11.059462500168443,7.719748070356724,0.9825015909308137,-12.516593378733159,7.982171977088514,1.052012929619482,-12.926731041308164,8.074073520109323,1.0998976688338402,139.15274003878346,0.023668961599469185,235,2.3610999584198,1.0,1.0,disabled,single,3,row_9,row_10,-0.6209302544593811,-1.2366552352905273,0.6118441925820223,0.3305482640235465,0.830920933986077,0.6157249808311462,-0.1296526382924486,1,1,0,disabled,0,0.0,50.0,alpha
252,0.6611371636390686,-0.18062080442905426,0.0,-1.7340296506881714,2.368823289871216,0.3454444408416748,0,0,0,0.00948976818472147,0.5,0.3,0,0,wall,both,1,1,1,1,1,1,0.0,0,0,0,alpha,full,huber,-12.249256980548967,8.608734059120097,0.8576994324240195,-12.435156072315136,8.84603186689778,0.646276236477015,-12.454998460310938,8.89418695675393,0.6436485330474753,191.2773914266481,0.00948976818472147,250,1.3305109739303589,1.0,1.0,disabled,single,3,row_10,row_9,-1.7340296506881714,-2.181006908416748,0.6031766793218885,0.38576674398597405,0.7221913786316405,0.44697725772857666,-1.228484526050758,1,2,0,disabled,0,0.0,50.0,alpha
256,0.24432452023029327,-0.02466713823378086,-49.66056442260742,-3.650189161300659,2.824495315551758,0.6781967878341675,1,0,119,0.01670045778155327,0.5555555555555556,0.3,120,120,wall,both,1,1,1,1,1,1,0.0,1,1,0,alpha,full,huber,-12.867587061833737,9.065842987337676,0.4717381884630534,-12.313635764257606,9.243628161798185,0.29750562571738387,-12.156199028744439,9.252218005655639,0.2675468104605674,125.10564962214823,0.01670045778155327,250,1.2189739346504211,1.0,1.0,disabled,single,3,row_10,row_9,-3.650189161300659,-4.558867931365967,0.710176800628071,0.28624130645377227,0.6212895847985698,0.9086787700653076,-3.307947836323916,0,2,1,disabled,0,0.0,50.0,alpha
260,0.47980374097824097,-0.09512877464294434,-49.69658279418945,-1.9674612283706665,2.9754958152770996,1.329183578491211e-05,4,1,128,0.0226717721670866,0.5300353356890459,0.3,120,133,wall,both,1,1,1,1,1,1,0.0,3,3,0,alpha,full,huber,-12.007137813794495,9.184592255699071,-1.42153004137893,-11.360294483814616,9.406937300185238,-1.0321754706811952,-11.281635599745835,9.457053089439224,-1.0335519477171018,106.2201148985202,0.0226717721670866,250,1.4338210225105286,1.0,1.0,disabled,single,3,row_10,row_9,-1.9674612283706665,-2.0837419033050537,0.5170926047279738,0.46032893173421396,0.7837589200172758,0.11628067493438721,-1.3079279272534627,0,2,1,disabled,0,0.0,50.0,alpha
264,0.6426947116851807,-0.17068450152873993,-44.87611770629883,-0.7828707098960876,1.8769278526306152,0.0018097162246704102,29,11,120,0.02533726766705513,0.48387096774193555,0.3,120,160,wall,both,1,1,1,1,1,1,0.0,8,8,0,alpha,full,huber,-10.906249620501237,8.484049490736654,-1.520894476168087,-10.787377462376494,8.614326737688664,-1.6113386175255995,-10.79815663817968,8.638273207145815,-1.627557122786888,115.44174031709423,0.02533726766705513,229,0.6728090643882751,1.0,1.0,disabled,single,3,row_9,row_10,-0.7828707098960876,-1.701065182685852,0.6483753722354662,0.2588568830784008,0.8513413260150278,0.9181944727897644,-0.349585237690561,1,3,0,disabled,0,0.0,50.0,alpha
268,0.36901187896728516,-0.05626849830150604,-29.174306869506836,-0.5139077305793762,1.5207184553146362,2.1457672119140625e-05,78,5,50,0.029261721298098564,0.5300353356890459,0.3,88,133,wall,both,1,1,1,1,1,1,0.0,10,10,0,alpha,full,huber,-11.454884675484365,7.478391362111103,-1.4541716446703699,-10.906478262731506,7.6301670100496555,-1.6832822821208422,-10.882543394935158,7.647189253685982,-1.7111527349706979,92.84476867380101,0.029261717572808266,148,1.0598002076148987,1.0,1.0,disabled,single,3,row_9,row_10,-0.5139077305793762,-0.597200334072113,0.5037038643638598,0.46344880284663303,0.8140457054105464,0.08329260349273682,0.17185902372533446,0,3,0,disabled,0,0.0,50.0,alpha
272,0.34580469131469727,-0.049413591623306274,-32.51225662231445,-0.15752583742141724,0.8206415176391602,0.04390990734100342,77,4,70,0.013989655300974846,0.4983388704318937,0.3,120,151,wall,both,1,1,1,1,1,1,0.0,8,8,0,alpha,full,huber,-10.764757127039353,7.269527385341797,-1.758162755117488,-10.79045454833158,7.143197348305678,-1.6373459212961545,-10.864706492145913,7.137754826170562,-1.6861758377307225,134.18516953083915,0.013989655300974846,185,0.6184394359588623,1.0,1.0,disabled,single,3,row_9,row_10,-0.15752583742141724,-0.9477759003639221,0.6307578665973347,0.2861945992261602,0.8553781356406553,0.7902500629425049,0.30330738230228804,0,3,0,disabled,0,0.0,50.0,alpha
276,0.9516826272010803,-0.3742561340332031,-35.199710845947266,-0.08426670730113983,0.6124463677406311,0.014958202838897705,88,11,40,0.026182064786553383,0.5190311418685121,0.3,113,139,wall,both,1,1,1,1,1,1,0.0,8,8,0,alpha,full,huber,-10.658959887013967,6.279598998149268,-1.6339032743108395,-10.73333996051418,6.448927856147741,-1.5452589518853168,-10.829382354378996,6.440269379811463,-1.620233061510508,63.65216123619274,0.02618206851184368,80,1.1671957969665527,1.0,1.0,disabled,single,3,row_9,row_10,-0.08426670730113983,-0.7832090854644775,0.6176438741130976,0.30703742869063455,0.8549290833047432,0.6989423781633377,0.3975765358027337,0,3,0,disabled,0,0.0,50.0,alpha
280,0.19218777120113373,-0.015262867324054241,-36.10329055786133,-0.1772211790084839,0.7972444295883179,0.09388488531112671,85,3,71,0.0249444842338562,0.4854368932038835,0.3,105,159,wall,both,1,1,1,1,1,1,0.0,7,7,0,alpha,full,huber,-10.682516609700258,5.244029392402604,-1.8259668434367287,-10.672813309396261,5.499907395516196,-1.5252130166735989,-10.762072440309364,5.5430342663731675,-1.577393096765745,63.57532138046383,0.0249444842338562,80,0.42828211188316345,1.0,1.0,disabled,single,3,row_9,row_10,-0.1772211790084839,-0.6754099130630493,0.5854498193235522,0.35573701630784854,0.8477524989088123,0.49818873405456543,0.35815362629020275,0,3,0,disabled,0,0.0,50.0,alpha
284,1.5459944009780884,-0.9876440763473511,-21.179187774658203,-0.3450605571269989,1.2461029291152954,5.257129669189453e-05,142,15,18,0.030540212988853455,0.46153846153846145,0.3,120,175,wall,both,1,1,1,1,1,1,0.0,6,6,0,alpha,full,huber,-11.094111198931737,4.704488247248726,-1.4632029885763267,-10.570575122981936,4.925837804526366,-1.499539954033156,-10.658574117291494,4.926899134907213,-1.5431049970591662,68.37618293989904,0.030540216714143753,80,1.1634145975112915,1.0,1.0,disabled,single,3,row_10,row_9,-0.3450605571269989,-0.3753095865249634,0.49339332732301977,0.4786921275265016,0.8011035774614695,0.030249029397964478,0.3613880417203619,1,4,0,disabled,0,0.0,50.0,alpha
288,0.6512275338172913,-0.17524681985378265,-23.849302291870117,-0.27376770973205566,1.1098577976226807,0.0030449628829956055,98,13,22,0.03937103599309921,0.5300353356890459,0.3,120,133,wall,both,1,1,1,1,1,1,0.0,5,5,0,alpha,full,huber,-11.078974187793156,3.792198620692655,-1.4501887917544092,-10.719123821626376,3.868556623358244,-1.5830970666504582,-10.678541256097079,3.863368005535981,-1.5636453544833688,60.859220996837415,0.03937103599309921,83,0.9194011092185974,1.0,1.0,disabled,single,3,row_10,row_9,-0.27376770973205566,-0.4571644067764282,0.5336967743755997,0.4442694031988107,0.7796322632313694,0.18339669704437256,0.35415972981902233,0,4,0,disabled,0,0.0,50.0,alpha
292,0.33743399381637573,-0.04705028980970383,-19.74575424194336,-0.17037400603294373,0.8756023049354553,0.00044345855712890625,110,10,10,0.03731925040483475,0.5357142857142857,0.3,120,130,wall,both,1,1,1,1,1,1,0.0,4,4,0,alpha,full,huber,-11.11358749445488,2.7661681628183272,-1.3526191062957362,-10.779432826901257,3.066254761788551,-1.3546167197863301,-10.73173061812302,3.103186513830318,-1.3974120993583947,52.632725762569855,0.037319254130125046,80,0.6073900461196899,1.0,1.0,disabled,single,3,row_10,row_9,-0.17037400603294373,-0.5950646996498108,0.5955641608405333,0.3894823041975082,0.7387528808418874,0.42469069361686707,0.3478721471524161,0,4,0,disabled,0,0.0,50.0,alpha
296,1.0704480409622192,-0.4734954535961151,-39.43364715576172,-0.09926657378673553,0.3185807764530182,0.137093186378479,106,2,21,0.020887326449155807,0.5376344086021506,0.3,120,129,wall,both,1,1,1,1,1,1,0.0,5,5,0,alpha,full,huber,-9.7551095820088,2.683462042903324,-0.8492332577445874,-10.584960166640965,2.6418126710578087,-1.3204693572435222,-10.618288728648395,2.6626225377132355,-1.3557372555266902,83.10219687709984,0.020887324586510658,102,1.710192620754242,1.0,1.0,disabled,single,3,row_9,row_10,-0.09926657378673553,-1.1488697528839111,0.6584924574226213,0.2305228264858244,0.8573747126956863,1.0496031790971756,0.3185356382574357,1,5,0,disabled,0,0.0,50.0,alpha
300,0.9679059386253357,-0.3871247470378876,-42.96220779418945,-0.022337689995765686,0.2388678640127182,0.04864412546157837,104,13,16,0.02232687920331955,0.5300353356890459,0.3,120,133,wall,both,1,1,1,1,1,1,0.0,1,1,0,alpha,full,huber,-9.707192121000764,2.854897669664613,-1.6922251016329757,-10.336734832302948,2.4435782149839937,-1.2733253242021412,-10.432326590566202,2.3997387673755526,-1.3167753932465551,100.80090630149446,0.0223268810659647,138,1.8190284967422485,1.0,1.0,disabled,single,3,row_9,row_10,-0.022337689995765686,-1.1581084728240967,0.6638061676338854,0.21319759416383557,0.8592602245715067,1.135770782828331,0.3874273983397971,0,5,0,disabled,0,0.0,50.0,alpha
304,0.563434362411499,-0.13118110597133636,-23.590980529785156,-0.11351501941680908,0.6447329521179199,0.07196998596191406,114,6,6,0.01568729430437088,0.5434782608695653,0.3,120,126,wall,both,1,1,1,1,1,1,0.0,2,2,0,alpha,full,huber,-8.450483130346825,1.3761835908004414,-1.089817633664854,-9.832055429920517,1.2042001174372328,-1.2024722436331463,-9.948014908427995,1.1484133832580887,-1.2568207417272614,129.95346598365842,0.01568729430437088,148,1.3768604397773743,1.0,1.0,disabled,single,3,row_9,row_8,-0.09335581213235855,-0.7533873915672302,0.6117986445645547,0.3161989603412602,0.8541171626993219,0.6600315794348717,0.39799625062324473,0,5,0,disabled,0,0.0,50.0,alpha
308,0.3527388870716095,-0.05141517519950867,-24.614532470703125,-0.1624690145254135,0.8548500537872314,0.00431448221206665,118,9,3,0.015919867902994156,0.5357142857142857,0.3,120,130,wall,both,1,1,1,1,1,1,0.0,4,4,0,alpha,full,huber,-9.83911362931322,0.309675536611161,-1.4876907020915584,-9.647872834884913,0.558905185795208,-1.268851052235532,-9.68843783920477,0.5331642034159235,-1.2619710899537944,121.4190066006187,0.015919867902994156,148,0.7260008156299591,1.0,1.0,disabled,single,3,row_9,row_10,-0.1624690145254135,-0.6085935235023499,0.5754076283050158,0.36832076386479584,0.847818710134821,0.44612450897693634,0.3902075560322714,0,5,0,disabled,0,0.0,50.0,alpha
312,0.1539505273103714,-0.009793704375624657,-20.750017166137695,-0.17884674668312073,0.8954213857650757,0.012845873832702637,119,21,2,0.019682250916957855,0.5136986301369862,0.3,120,142,wall,both,1,1,1,1,1,1,0.0,5,5,0,alpha,full,huber,-10.575076690639069,0.10410746347842403,-1.2448558559440517,-9.97934274223612,0.20717321610943526,-1.398231374221583,-9.799638730725423,0.2009167915135115,-1.325991713187569,108.65128713640364,0.019682250916957855,169,0.7833544015884399,1.0,1.0,disabled,single,3,row_10,row_9,-0.17884674668312073,-0.580435037612915,0.5891377815134163,0.3942841293316321,0.7466284513821336,0.4015882909297943,0.3502484515324972,1,6,0,disabled,0,0.0,50.0,alpha
316,1.1383910179138184,-0.5355099439620972,-21.279966354370117,-0.280460923910141,1.1234163045883179,0.0007366538047790527,132,18,12,0.03135162591934204,0.4807692307692307,0.3,120,162,wall,both,1,1,1,1,1,1,0.0,8,8,0,alpha,full,huber,-10.170840986564057,-0.9322680964988375,-1.3669293131893214,-9.888710159584571,-0.32101242248287315,-1.3763194843598978,-9.802465257391596,-0.27093199647309973,-1.346630534017151,94.2629385969335,0.03135162219405174,127,1.7267059087753296,1.0,1.0,disabled,single,3,row_10,row_9,-0.280460923910141,-0.4349004030227661,0.5265787898938329,0.45122291680557225,0.781329297806015,0.15443947911262512,0.36089338627283885,0,6,0,disabled,0,0.0,50.0,alpha
320,1.1179463863372803,-0.5164480209350586,-34.184635162353516,-0.18404467403888702,0.8958401083946228,0.037385404109954834,98,70,9,0.024515870958566666,0.4587155963302753,0.3,98,177,wall,both,1,1,1,1,1,1,0.0,7,7,0,alpha,full,huber,-9.69755658684025,-0.7202183903680304,-1.1204628597161364,-9.692488467146113,-0.8696528626299183,-1.251566655278833,-9.67456369132268,-0.8959084369283544,-1.3044141809453211,73.7868152858513,0.024515867233276367,97,1.360302448272705,1.0,1.0,disabled,single,3,row_9,row_10,-0.18404467403888702,-0.5935530066490173,0.5708756054598049,0.37904805812206543,0.837674197325929,0.4095083326101303,0.37653927285655187,1,7,0,disabled,0,0.0,50.0,alpha
324,0.05898769572377205,-0.0014378299238160253,-26.047407150268555,-0.1939307302236557,0.9180318713188171,0.04035097360610962,145,0,9,0.026820631697773933,0.49342105263157904,0.3,120,154,wall,both,1,1,1,1,1,1,0.0,8,8,0,alpha,full,huber,-9.510198968793159,-1.8582891891895703,-1.1015034050168886,-9.520538308683133,-1.810450917494892,-1.2592122777180663,-9.459273317288798,-1.877441725495331,-1.2741020779641388,62.53096131720356,0.026820635423064232,92,0.47473207116127014,1.0,1.0,disabled,single,3,row_9,row_10,-0.1939307302236557,-0.5812534093856812,0.5674819454326366,0.3852476042423355,0.8332438425978967,0.38732267916202545,0.37261561412462485,0,7,0,disabled,0,0.0,50.0,alpha
328,1.2507294416427612,-0.6464149355888367,-10.156448364257812,-0.24305322766304016,1.0456931591033936,0.0038010478019714355,125,0,0,0.030507290735840797,0.5454545454545454,0.3,120,125,wall,both,1,1,1,1,1,1,0.0,5,5,0,alpha,full,huber,-9.345375112718736,-3.647594615717238,-1.3280798026799663,-9.077116899463562,-2.931596549200604,-1.250128493815422,-9.10354162678718,-2.9333052467307015,-1.2836287624086187,65.83309147152877,0.030507290735840797,80,1.574156403541565,1.0,1.0,disabled,single,3,row_9,row_10,-0.24305322766304016,-0.45535531640052795,0.5323406022210565,0.43051468099582574,0.8207673264490085,0.2123020887374878,0.38741853709825036,0,7,0,disabled,0,0.0,50.0,alpha
332,0.29360082745552063,-0.03562043234705925,-25.8580322265625,-0.1534930020570755,0.8310908079147339,0.0005982518196105957,130,1,6,0.019327674061059952,0.5226480836236934,0.3,120,137,wall,both,1,1,1,1,1,1,0.0,3,3,0,alpha,full,huber,-9.038951827982533,-3.965101029306949,-1.2989393109782863,-8.92078301743032,-3.641071026163225,-1.24333787874961,-8.920022323896248,-3.603624289546177,-1.2674465079658086,92.76819002432549,0.0193276759237051,122,0.7767050564289093,1.0,1.0,disabled,single,3,row_9,row_10,-0.1534930020570755,-0.6143923401832581,0.5801170750375039,0.36588921581712214,0.8413640722119202,0.46089933812618256,0.39103234024133815,0,7,0,disabled,0,0.0,50.0,alpha
336,0.4311007261276245,-0.07679662853479385,-18.566667556762695,-0.32112395763397217,1.2020207643508911,0.0033312439918518066,126,19,4,0.015408621169626713,0.5016722408026756,0.3,120,149,wall,both,1,1,1,1,1,1,0.0,3,3,0,alpha,full,huber,-9.219440698172615,-4.811325828201257,-1.3796397435804728,-8.942399212872491,-4.418931025850435,-1.3216899774061197,-8.84555198116128,-4.329278585926519,-1.3003860664416007,146.91891250365526,0.015408621169626713,207,1.177577018737793,1.0,1.0,disabled,single,3,row_9,row_10,-0.32112395763397217,-0.3857945203781128,0.49951302322416047,0.4682316291341074,0.8127804457035259,0.06467056274414062,0.37299765107859717,0,7,0,disabled,0,0.0,50.0,alpha
340,0.13399910926818848,-0.007419736124575138,-26.90592384338379,-0.14351199567317963,0.8036008477210999,0.001270592212677002,114,42,19,0.01062737312167883,0.46153846153846145,0.3,120,175,wall,both,1,1,1,1,1,1,0.0,3,3,0,alpha,full,huber,-8.803629067356542,-4.947665900535986,-1.5117018721123017,-8.781090951189594,-5.347481129395721,-1.3667983718780015,-8.685227920384357,-5.339760954192875,-1.3421141232555531,186.63253340177226,0.010627374053001404,235,0.8549166917800903,1.0,1.0,disabled,single,3,row_9,row_10,-0.14351199567317963,-0.6466519832611084,0.5868776133984283,0.3548433113068776,0.846074624944838,0.5031399875879288,0.38942698028128064,0,7,0,disabled,0,0.0,50.0,alpha
344,0.7110503315925598,-0.20892256498336792,-21.085742950439453,-0.26828163862228394,1.0987571477890015,6.347894668579102e-05,121,41,17,0.010750497691333294,0.45592705167173253,0.3,120,179,wall,both,1,1,1,1,1,1,0.0,4,4,0,alpha,full,huber,-8.910799158924732,-6.124420475200298,-1.389306428058936,-8.90461458319869,-5.83316597396111,-1.4557923425208532,-8.766077921533876,-5.782184294120262,-1.404339164248445,190.87373250587552,0.010750497691333294,250,1.0816120505332947,1.0,1.0,disabled,single,3,row_9,row_10,-0.26828163862228394,-0.4368208050727844,0.5221955049683356,0.44120202710882095,0.8213597175985304,0.1685391664505005,0.3814315920056077,0,7,0,disabled,0,0.0,50.0,alpha
348,0.11849096417427063,-0.005801697727292776,-26.061201095581055,-0.21260225772857666,0.9781156182289124,1.0311603546142578e-05,120,50,20,0.012064025737345219,0.4411764705882353,0.3,120,190,wall,both,1,1,1,1,1,1,0.0,4,4,0,alpha,full,huber,-8.68138305896556,-6.766245034767267,-1.4207818674439636,-8.74634446752734,-6.487313395803058,-1.4103731415792136,-8.716893788119624,-6.398148414822071,-1.414213759116561,164.7228710038906,0.01206402387470007,229,0.5900112986564636,1.0,1.0,disabled,single,3,row_9,row_10,-0.21260225772857666,-0.5117859244346619,0.5489416566728321,0.4069980918725175,0.8326693779869063,0.2991836667060852,0.3871608573897829,0,7,0,disabled,0,0.0,50.0,alpha
352,0.6225300431251526,-0.16014200448989868,-27.408212661743164,-0.19877055287361145,0.9456663131713867,0.0031540393829345703,125,26,43,0.018689792603254318,0.43604651162790703,0.3,120,194,wall,both,1,1,1,1,1,1,0.0,2,2,0,alpha,full,huber,-8.514962197702182,-7.623632040412197,-1.3367961282670577,-8.661047649461132,-7.26906072209702,-1.40557879275315,-8.636269975069183,-7.193276573655762,-1.4178624643948627,130.3101181416147,0.018689792603254318,180,0.9857099652290344,1.0,1.0,disabled,single,3,row_9,row_10,-0.19877055287361145,-0.5180780291557312,0.5524438342537751,0.401434464929235,0.8361078626378996,0.31930747628211975,0.3946329553433181,0,7,0,disabled,0,0.0,50.0,alpha
356,0.07941265404224396,-0.002605937886983156,-28.628273010253906,-0.29218345880508423,1.1466257572174072,0.0020182132720947266,108,52,31,0.03036854974925518,0.4398826979472141,0.3,120,191,wall,both,1,1,1,1,1,1,0.0,2,2,0,alpha,full,huber,-8.7071818449892,-7.69529072344918,-1.3526965933206676,-8.557243444838821,-7.804068087535823,-1.3699129120302054,-8.553040549292241,-7.78719488176605,-1.3851121704395666,100.63704308226377,0.03036854974925518,153,0.5562623739242554,1.0,1.0,disabled,single,3,row_9,row_10,-0.29218345880508423,-0.39007189869880676,0.5067470367304189,0.4594929035500967,0.8161693894235892,0.09788843989372253,0.3875598824586487,0,7,0,disabled,0,0.0,50.0,alpha
360,1.3837018013000488,-0.7911697030067444,-30.47256851196289,-0.08081319183111191,0.5998033285140991,0.014562904834747314,92,24,28,0.014178607612848282,0.5102040816326531,0.3,120,144,wall,both,1,1,1,1,1,1,0.0,1,1,0,alpha,full,huber,-8.040800156704362,-8.288040536345063,-1.2006873034895764,-8.347966244929408,-8.055794589577157,-1.293411156862148,-8.41855350118404,-8.050423289888288,-1.3383763740584584,114.99905022254406,0.014178607612848282,153,1.8177759647369385,1.0,1.0,disabled,single,3,row_9,row_10,-0.08081319183111191,-0.7723384499549866,0.6154135784740214,0.3082062707328317,0.8579658316667909,0.6915252581238747,0.4046475600378273,0,7,0,disabled,0,0.0,50.0,alpha
364,0.17466238141059875,-0.012606177479028702,0.0,-0.028419334441423416,0.34224873781204224,0.02419567108154297,0,0,0,0.017994554713368416,0.5,0.3,0,0,wall,both,1,1,1,1,1,1,0.0,0,0,0,alpha,full,huber,-7.8097370220112685,-8.13109610794252,-1.1511316409212373,-8.123260872127968,-8.366183619091924,-1.2338926329894784,-8.215823493443752,-8.39443155717598,-1.2841520972919083,105.99031773095531,0.017994552850723267,138,0.6525287330150604,1.0,1.0,disabled,single,3,row_9,row_10,-0.028419334441423416,-1.0022375583648682,0.6481203020252451,0.2447550969866717,0.8648591682021944,0.9738182239234447,0.4052596141459775,0,7,0,disabled,0,0.0,50.0,alpha
368,0.12023912370204926,-0.005974151659756899,0.0,-0.03801487386226654,0.4135611355304718,0.0013629794120788574,0,0,0,0.016308749094605446,0.5,0.3,0,0,wall,both,1,1,1,1,1,1,0.0,0,0,0,alpha,full,huber,-7.652626143529475,-9.25486819831055,-1.3302869522872123,-7.8430180646892875,-8.815692867927298,-1.167590261464936,-7.960937610352871,-8.79522077419128,-1.2222259873482277,95.80899019443719,0.016308750957250595,117,0.5994725823402405,1.0,1.0,disabled,single,3,row_9,row_10,-0.03801487386226654,-0.9385899305343628,0.6399220061248155,0.2600233011546403,0.8662438980533306,0.9005750566720963,0.40839410162232365,0,7,0,disabled,0,0.0,50.0,alpha
372,0.09788566827774048,-0.003959340509027243,0.0,-0.019602861255407333,0.27828773856163025,0.024213671684265137,0,0,0,0.022638438269495964,0.5,0.3,0,0,wall,both,1,1,1,1,1,1,0.0,0,0,0,alpha,full,huber,-6.801012766165718,-9.682978517759738,-1.0575614602031105,-7.219597788077575,-9.578593484686099,-1.0903030887848741,-7.414960256385326,-9.606474661231854,-1.1516303862211277,65.96132921245442,0.022638440132141113,87,0.7455751299858093,1.0,1.0,disabled,single,3,row_9,row_8,-0.019602861255407333,-1.081541657447815,0.6596979524958525,0.22811349412257476,0.8569691319848742,1.0619387961924076,0.3963703351925004,0,7,0,disabled,0,0.0,50.0,alpha
376,0.751455545425415,-0.23334109783172607,0.0,-0.007302616722881794,0.18119367957115173,0.0012912154197692871,0,0,0,0.022905247285962105,0.5,0.3,0,0,wall,both,1,1,1,1,1,1,0.0,0,0,0,alpha,full,huber,-7.261014242317192,-9.748987798559126,-1.3288929163898802,-7.127943077501774,-10.033948939534316,-1.1721573915997279,-7.162421766200936,-10.054074023945564,-1.1594147235151047,67.49897962892788,0.022905247285962105,80,1.117939293384552,1.0,1.0,disabled,single,3,row_9,row_10,-0.007302616722881794,-1.2401224374771118,0.6668009701800331,0.1943521627003852,0.8627322614519073,1.23281982075423,0.3979610564046208,0,7,0,disabled,0,0.0,50.0,alpha
380,0.15269356966018677,-0.009634432382881641,0.0,-0.10209338366985321,0.6768710613250732,0.008301496505737305,0,0,0,0.022833876311779022,0.5,0.3,0,0,wall,both,1,1,1,1,1,1,0.0,0,0,0,alpha,full,huber,-7.034111015804729,-10.484171967714056,-1.1491281714383228,-6.931897057804966,-10.529775538780147,-1.2154048163346718,-6.930271917940044,-10.557211914674646,-1.1835895497028945,64.32676667247246,0.02283387817442417,80,0.46932366490364075,1.0,1.0,disabled,single,3,row_9,row_10,-0.10209338366985321,-1.4552055597305298,0.6732654429055821,0.17399516182336416,0.8576251933449253,1.3531121760606766,0.29352222603651124,0,7,0,disabled,0,0.0,50.0,alpha
384,0.6740766167640686,-0.18776004016399384,0.0,-0.24259081482887268,0.950611412525177,0.10117000341415405,0,0,0,0.02516045793890953,0.5,0.3,0,0,wall,both,1,1,1,1,1,1,0.0,0,0,0,alpha,full,huber,-7.462979006866108,-10.665783416170568,-1.7317735051928609,-6.992665766664524,-10.858369558186078,-1.2862861345595642,-6.898434571616464,-10.885072803779568,-1.2332111953841387,68.77275120773398,0.02516045980155468,83,1.379285216331482,1.0,1.0,disabled,single,3,row_9,row_10,-0.24259081482887268,-1.0456327199935913,0.6302914061882379,0.28234800115658604,0.8609468776706546,0.8030419051647186,0.21898220220559228,0,7,0,disabled,0,0.0,50.0,alpha
388,0.305179625749588,-0.03848537430167198,0.0,-0.6155948638916016,1.6641016006469727,0.007164716720581055,0,0,0,0.010812366381287575,0.5,0.3,0,0,wall,both,1,1,1,1,1,1,0.0,0,0,0,alpha,full,huber,-7.07691474764258,-11.471541527682268,-1.1582927703300399,-6.899575273185804,-11.309211016538482,-1.2743915219271533,-6.831504623038914,-11.310807713235778,-1.2521242005149384,129.8536012596402,0.010812366381287575,148,0.7108989953994751,1.0,1.0,disabled,single,3,row_9,row_10,-0.6155948638916016,-1.7352412939071655,0.6637722649354222,0.21665206640691748,0.8573413441278519,1.119646430015564,-0.20577870106184842,0,7,0,disabled,0,0.0,50.0,alpha
392,0.06314145028591156,-0.0016474557342007756,0.0,-0.7331661581993103,1.8007067441940308,0.05556207895278931,0,0,0,0.010263499803841114,0.5,0.3,0,0,wall,both,1,1,1,1,1,1,0.0,0,0,0,alpha,full,huber,-6.714480910611495,-11.575984988285379,-1.6129859074666606,-6.653569742946707,-11.748677122925523,-1.3506617848554268,-6.659305828526289,-11.776949395304456,-1.369923497968169,156.48060989701668,0.010263499803841114,207,0.5389825701713562,1.0,1.0,disabled,single,3,row_9,row_8,-0.7331661581993103,-2.067308187484741,0.671872221414254,0.17696042968038783,0.8592708640649117,1.334142029285431,-0.33547905495516706,0,7,0,disabled,0,0.0,50.0,alpha
396,0.16543461382389069,-0.01130934339016676,0.0,-0.9507570266723633,1.8924840688705444,0.19478940963745117,0,0,0,0.019058236852288246,0.5,0.3,0,0,wall,both,1,1,1,1,1,1,0.0,0,0,0,alpha,full,huber,-7.120250090670167,-11.698924145478271,-1.9128360956059898,-6.684278042716302,-12.061828855537444,-1.2063821544303595,-6.636603822305256,-12.112578793647323,-1.1845657395073785,88.9856515457492,0.019058236852288246,112,0.7690712213516235,1.0,1.0,disabled,single,3,row_9,row_10,-0.9507570266723633,-1.8833417892456055,0.6401199002701723,0.2519097127074672,0.8731924693123456,0.9325847625732422,-0.5046572506693601,0,7,0,disabled,0,0.0,50.0,alpha
400,1.0744909048080444,-0.4770788252353668,0.0,-1.603961706161499,2.685640811920166,0.016762852668762207,0,0,0,0.023641478270292282,0.5,0.3,0,0,wall,both,1,1,1,1,1,1,0.0,0,0,0,alpha,full,huber,-7.46990950944814,-12.46085394443945,-1.0947130675729957,-6.7228638851966345,-12.70245268044908,-0.729354943192566,-6.565930774590004,-12.72746686460068,-0.6187482842061929,82.6598544190943,0.02364148013293743,107,2.1202781200408936,1.0,1.0,disabled,single,3,row_9,row_10,-1.603961706161499,-2.1026713848114014,0.586568293366267,0.35623100999752627,0.8442694066373544,0.49870967864990234,-1.0704955307212467,0,7,1,disabled,0,0.0,50.0,alpha
404,1.1353976726531982,-0.5326974391937256,-47.98166275024414,-2.0752203464508057,2.936257839202881,0.19756072759628296,4,5,81,0.10200203955173492,0.625,0.3,74,90,wall,both,1,1,1,1,1,1,0.0,6,6,0,alpha,full,huber,-4.742538286607877,-12.321196264217205,2.4764215128636646,-5.156724248148977,-13.290007367054487,1.9494330702257294,-5.184026044238344,-13.468947788968489,1.8798976769969897,44.728433193950096,0.10200203955173492,164,2.439932346343994,1.0,1.0,disabled,single,3,row_8,row_9,-2.0752203464508057,-2.7266767024993896,0.6078658261054791,0.3168719727399552,0.8614503056255369,0.651456356048584,-1.5774192443336892,1,8,1,disabled,0,0.0,50.0,alpha
408,0.3686138093471527,-0.05614716559648514,-41.429656982421875,-0.5146925449371338,1.5218311548233032,0.002820611000061035,64,5,77,0.03512110188603401,0.5067567567567568,0.3,117,146,wall,both,1,1,1,1,1,1,0.0,6,6,0,alpha,full,huber,-5.2104230942895144,-10.781913364852876,1.7618712665277698,-5.602815600592159,-11.220427124519048,1.9306989128692078,-5.703952474800069,-11.32540679008721,1.9122505501981513,97.37454262538392,0.03512110188603401,218,1.4499588012695312,1.0,1.0,disabled,single,3,row_8,row_9,-0.5146925449371338,-0.9664345383644104,0.5759810439511356,0.3666225178187164,0.8496608114352644,0.4517419934272766,0.03698798369770784,0,8,0,disabled,0,0.0,50.0,alpha
412,2.14530873298645,-1.9017974138259888,-30.481914520263672,-0.25249171257019043,1.0659047365188599,0.0018039345741271973,74,1,60,0.011453327722847462,0.5263157894736842,0.3,120,135,wall,both,1,1,1,1,1,1,0.0,5,5,0,alpha,full,huber,-5.389415286716219,-10.1031909717444,1.8970714147545253,-5.5922989141360375,-10.377925006710184,1.9218187868065093,-5.7601876430451115,-10.473247174692155,1.9740281296097422,174.13188606296615,0.011453327722847462,250,2.75651478767395,1.0,1.0,disabled,single,3,row_8,row_9,-0.25249171257019043,-0.635240375995636,0.5633811070429569,0.3842170616615794,0.8453126486685019,0.38274866342544556,0.3213072453570134,0,8,0,disabled,0,0.0,50.0,alpha
416,0.8584843873977661,-0.3045435845851898,-35.046913146972656,-0.13380056619644165,0.7737135887145996,0.013744533061981201,85,4,52,0.01178736425936222,0.5154639175257733,0.3,120,141,wall,both,1,1,1,1,1,1,0.0,7,7,0,alpha,full,huber,-5.360788174108361,-9.534484761318286,2.002985610639586,-5.617533082100771,-9.883347003933482,1.9627026770649514,-5.7508703646733785,-9.986726500797241,2.0140957230408887,172.25122230101195,0.01178736425936222,250,1.3528701663017273,1.0,1.0,disabled,single,3,row_8,row_9,-0.13380056619644165,-0.6541443467140198,0.5872804970789107,0.34903031248663985,0.8553532303156858,0.5203437805175781,0.39845215857481164,0,8,0,disabled,0,0.0,50.0,alpha
420,0.2301076352596283,-0.02187996916472912,-28.593725204467773,-0.2804987132549286,1.1234873533248901,0.0010545849800109863,101,6,30,0.016854209825396538,0.5226480836236934,0.3,120,137,wall,both,1,1,1,1,1,1,0.0,3,3,0,alpha,full,huber,-6.176998351991443,-8.811683131978121,1.8159645381286236,-5.917575797365869,-9.08829096673222,1.9871234369106379,-5.99255729026731,-9.17667832335095,2.0103686402120715,133.6993755962308,0.016854209825396538,191,0.8280103206634521,1.0,1.0,disabled,single,3,row_9,row_8,-0.2804987132549286,-0.42751771211624146,0.5155804583400411,0.44508904829307316,0.8291073483937991,0.14701899886131287,0.38196319619493535,1,9,0,disabled,0,0.0,50.0,alpha
424,1.3980754613876343,-0.8076921701431274,-39.73081588745117,-0.10689137876033783,0.6659308075904846,0.04521334171295166,143,13,19,0.02745325304567814,0.46153846153846145,0.3,120,175,wall,both,1,1,1,1,1,1,0.0,7,7,0,alpha,full,huber,-5.596427558240065,-7.996258097568611,2.05824422007853,-6.008105209847933,-8.341656634651027,1.890390172753599,-6.14399178661666,-8.413576601867003,1.9611308147123587,84.29496020918505,0.02745325304567814,117,2.1164839267730713,1.0,1.0,disabled,single,3,row_8,row_9,-0.10689137876033783,-0.7707617878913879,0.6127502839997055,0.31547740936177987,0.8531466634493717,0.6638704091310501,0.3829064143298732,1,10,0,disabled,0,0.0,50.0,alpha
428,1.6896765232086182,-1.1797548532485962,-31.473072052001953,-0.25419187545776367,1.0679105520248413,0.013666391372680664,142,11,9,0.04212941974401474,0.4807692307692307,0.3,120,162,wall,both,1,1,1,1,1,1,0.0,6,6,0,alpha,full,huber,-6.13947512781711,-7.241261573572487,1.8887299584777928,-6.086572958262269,-7.614399412624039,1.8873975420224935,-6.224030472206207,-7.702744341899216,1.9411302901073046,84.25818744902509,0.04212941974401474,133,2.1217050552368164,1.0,1.0,disabled,single,3,row_8,row_9,-0.25419187545776367,-0.4746512174606323,0.5325675364064149,0.4271991835467569,0.8281487854609754,0.22045934200286865,0.37585368505066785,0,10,0,disabled,0,0.0,50.0,alpha
432,2.177795648574829,-1.9598323106765747,-35.61790466308594,-0.26103296875953674,1.0818915367126465,0.015047788619995117,126,39,8,0.02928871661424637,0.46439628482972134,0.3,120,173,wall,both,1,1,1,1,1,1,0.0,6,6,0,alpha,full,huber,-6.217016213076327,-6.8285518371315606,1.896913771585476,-6.21843568996337,-7.220688912148194,1.9169024223505198,-6.273935414089815,-7.30114914255747,1.933338309571199,65.07452989608387,0.029288720339536667,83,2.672135353088379,1.0,1.0,disabled,single,3,row_8,row_9,-0.26103296875953674,-0.46635323762893677,0.5286997454987726,0.43056590991640903,0.8301548509473784,0.20532026886940002,0.3763016283530296,0,10,0,disabled,0,0.0,50.0,alpha
436,1.4439043998718262,-0.8615123629570007,-34.6604118347168,-0.26361674070358276,1.0884745121002197,0.009032785892486572,133,19,3,0.02737816423177719,0.49180327868852464,0.3,120,155,wall,both,1,1,1,1,1,1,0.0,4,4,0,alpha,full,huber,-6.364443774230199,-5.937349561889263,1.879311233099279,-6.383526955559108,-6.439095166973197,1.875054869667737,-6.448145554632146,-6.526643869312776,1.9131095257154165,65.00009125164604,0.02737816423177719,83,2.0007050037384033,1.0,1.0,disabled,single,3,row_8,row_9,-0.26361674070358276,-0.4627644419670105,0.5262096539918016,0.4311913735854846,0.8350145958410929,0.19914770126342773,0.37843882321997935,0,10,0,disabled,0,0.0,50.0,alpha
440,0.5181397199630737,-0.11093750596046448,-16.65384292602539,-0.2604578733444214,1.0826157331466675,0.00044482946395874023,147,0,1,0.024281613528728485,0.5033557046979865,0.3,120,148,wall,both,1,1,1,1,1,1,0.0,6,6,0,alpha,full,huber,-6.771771777673495,-5.691950106168321,1.770846234766796,-6.590693447780419,-5.493176154039624,1.7595199434522977,-6.675191342450409,-5.541096386672825,1.7882647577716346,68.0127261755783,0.024281613528728485,80,0.5242174863815308,1.0,1.0,disabled,single,3,row_9,row_8,-0.2604578733444214,-0.46539825201034546,0.5292442879405587,0.4311731452486524,0.8273099726810662,0.20494037866592407,0.3758472884243774,1,11,0,disabled,0,0.0,50.0,alpha
444,1.0428322553634644,-0.4493798315525055,-19.4948673248291,-0.17230656743049622,0.8745304346084595,0.02399599552154541,124,7,19,0.036729440093040466,0.5,0.3,120,150,wall,both,1,1,1,1,1,1,0.0,6,6,0,alpha,full,huber,-7.195237409202365,-4.221399793840321,1.899817581672533,-6.839952983259557,-4.407066548421053,1.7627757613430521,-6.864513174278228,-4.470685110578414,1.744208775782151,59.251525603976205,0.036729440093040466,80,1.5169669389724731,1.0,1.0,disabled,single,3,row_9,row_8,-0.17034876346588135,-0.5836504697799683,0.5711702523768776,0.3778078088725665,0.839456564652863,0.4133017063140869,0.38971918501918124,0,11,0,disabled,0,0.0,50.0,alpha
448,0.49028369784355164,-0.09932979941368103,-21.324451446533203,-0.15995624661445618,0.8483270406723022,0.002802729606628418,116,32,8,0.03273976966738701,0.49019607843137253,0.3,120,156,wall,both,1,1,1,1,1,1,0.0,4,4,0,alpha,full,huber,-7.303615178167987,-3.882465406164047,1.8023590243741037,-7.091555711878496,-4.056757394162387,1.7897139901671522,-7.017180903665983,-4.084355956420085,1.7661820144299378,63.060987383340574,0.03273976966738701,97,1.0165815353393555,1.0,1.0,disabled,single,3,row_9,row_8,-0.15995624661445618,-0.611106276512146,0.5778036984308996,0.36800044926543596,0.842806023365401,0.4511500298976898,0.3885648434718163,0,11,0,disabled,0,0.0,50.0,alpha
452,0.7431716918945312,-0.22822485864162445,-29.651561737060547,-0.22658026218414307,1.0082612037658691,0.012823641300201416,111,47,9,0.029721733182668686,0.47318611987381703,0.3,120,167,wall,both,1,1,1,1,1,1,0.0,5,5,0,alpha,full,huber,-7.078451638858202,-4.087698937156628,1.8406255772691154,-7.114633593425821,-3.8468519451926864,1.7555199032161122,-7.0962631285698325,-3.8249673327095977,1.756952653504257,67.09993770501771,0.029721735045313835,83,1.1359052658081055,1.0,1.0,disabled,single,3,row_9,row_8,-0.22591088712215424,-0.4873526394367218,0.5416218165815382,0.41701669217565923,0.8286036118235115,0.26144175231456757,0.3872763893495371,0,11,0,disabled,0,0.0,50.0,alpha
456,0.8119668960571289,-0.2724339962005615,-32.99502944946289,-0.2291744500398636,1.015378475189209,0.00398409366607666,109,38,29,0.02697875164449215,0.4601226993865031,0.3,120,176,wall,both,1,1,1,1,1,1,0.0,6,6,0,alpha,full,huber,-6.801894790864284,-3.0949031757463925,1.6532499150624549,-7.0355486274505274,-3.3128212119398883,1.6572974193270222,-7.1115599995129255,-3.2847617354373773,1.700346022824073,62.109589158977705,0.02697875164449215,80,1.254598319530487,1.0,1.0,disabled,single,3,row_8,row_9,-0.2291744500398636,-0.5357760190963745,0.5478525594409475,0.40318867540736625,0.8436041388823599,0.3066015690565109,0.372574630310331,1,12,0,disabled,0,0.0,50.0,alpha
460,0.3185373842716217,-0.04192812740802765,-29.051849365234375,-0.2526501715183258,1.058708906173706,0.02957099676132202,110,36,17,0.01908200792968273,0.47923322683706066,0.3,120,163,wall,both,1,1,1,1,1,1,0.0,4,4,0,alpha,full,huber,-6.919182917978661,-2.672260099886465,1.9863391358036546,-7.043194840591385,-2.7933682081710116,1.6068727908164915,-7.1059966400309325,-2.768581577442491,1.648822605701314,97.18676341106828,0.01908200792968273,122,0.645144909620285,1.0,1.0,disabled,single,3,row_8,row_9,-0.2526501715183258,-0.5061334371566772,0.5371994027057923,0.41691655219983276,0.8399536043583651,0.25348326563835144,0.36873575468096065,0,12,0,disabled,0,0.0,50.0,alpha
464,0.5573530793190002,-0.1283646523952484,-26.879732131958008,-0.3215702474117279,1.2024215459823608,0.008244991302490234,138,31,22,0.03021226078271866,0.4398826979472141,0.3,120,191,wall,both,1,1,1,1,1,1,0.0,7,7,0,alpha,full,huber,-7.37229847903632,-1.7560079267605748,1.6265428524219914,-7.056599647130479,-2.0829577953649894,1.5834158685074726,-7.099354502864154,-2.128954680572146,1.6102006500494932,81.11121762338091,0.03021225333213806,112,0.8709078729152679,1.0,1.0,disabled,single,3,row_9,row_8,-0.3215702474117279,-0.40284308791160583,0.5038494054499078,0.46451998598738475,0.8107890500182434,0.08127284049987793,0.36390760685877,1,13,0,disabled,0,0.0,50.0,alpha
468,17.317956924438477,-39.21807861328125,-34.203025817871094,-0.15019860863685608,0.82150799036026,0.007445991039276123,133,33,25,0.02831462025642395,0.4398826979472141,0.3,120,191,wall,both,1,1,1,1,1,1,0.0,10,10,0,alpha,full,huber,-7.783509830304355,-1.6286207904883077,1.8771529348700318,-7.278588243526478,-1.7510391863496064,1.6798134307653603,-7.202519304474869,-1.804772037123382,1.6503923679086636,59.423804167003475,0.02831462025642395,80,17.88537883758545,0.1677347752732871,1.0,disabled,single,3,row_9,row_8,-0.15019860863685608,-0.6636398434638977,0.5900621399191432,0.3531124701194556,0.8418152416150211,0.5134412348270416,0.3773288170946243,0,13,0,disabled,0,0.0,50.0,alpha
472,0.7150485515594482,-0.21127869188785553,-16.95261001586914,-0.3220745325088501,1.203883171081543,0.00019937753677368164,120,3,9,0.028417402878403664,0.5319148936170213,0.3,120,132,wall,both,1,1,1,1,1,1,0.0,8,8,0,alpha,full,huber,-7.387306550281233,-0.8793021293549377,1.7307384842450482,-7.366480305285856,-1.0912848651508806,1.7693930619195277,-7.313601204059747,-1.1502909849574179,1.7431940196755358,70.77346115151317,0.028417399153113365,97,1.1780571937561035,1.0,1.0,disabled,single,3,row_8,row_9,-0.3220745325088501,-0.4039722681045532,0.5021148615728311,0.46263165034285886,0.8204574483556075,0.08189773559570312,0.36685184504009005,1,14,0,disabled,0,0.0,50.0,alpha
476,0.5272199511528015,-0.11485986411571503,-18.683841705322266,-0.2294498085975647,1.01613187789917,8.45193862915039e-05,129,0,12,0.02319900318980217,0.5154639175257733,0.3,120,141,wall,both,1,1,1,1,1,1,0.0,4,4,0,alpha,full,huber,-7.265545648976432,-0.5340361388753191,1.8035224083855592,-7.397811572676211,-0.6856777034869316,1.8144720171967992,-7.397578228892948,-0.6784661543702696,1.8049736233316143,79.07973704475003,0.02319900505244732,102,0.7412542998790741,1.0,1.0,disabled,single,3,row_8,row_9,-0.2294498085975647,-0.5210212469100952,0.5459914172260711,0.4079039858629218,0.8380414731535364,0.2915714383125305,0.37570221412938787,0,14,0,disabled,0,0.0,50.0,alpha
480,1.4975661039352417,-0.9267372488975525,-20.023210525512695,-0.14920960366725922,0.8176003694534302,0.012722194194793701,117,0,3,0.025310486555099487,0.5555555555555556,0.3,120,120,wall,both,1,1,1,1,1,1,0.0,3,3,0,alpha,full,huber,-7.04208875992433,-0.6237457192806053,1.9502014836033323,-7.404548813582747,-0.44902747411744676,1.8655649596139747,-7.43863104506258,-0.396255727825638,1.8469261653611495,77.50276456556796,0.025310486555099487,97,1.9394406080245972,1.0,1.0,disabled,single,3,row_8,row_9,-0.14920960366725922,-0.6700093150138855,0.5882023941839702,0.3494188637144436,0.852629751166507,0.5207997113466263,0.3814745788462962,0,14,0,disabled,0,0.0,50.0,alpha
484,0.7336887717247009,-0.22243769466876984,-23.85042381286621,-0.20670582354068756,0.9640831351280212,0.006260573863983154,152,19,9,0.03724561631679535,0.45454545454545453,0.3,120,180,wall,both,1,1,1,1,1,1,0.0,5,5,0,alpha,full,huber,-7.267757509060518,-0.2853328710574422,1.9024752938851979,-7.473673617987382,-0.14026498575048507,1.8671970535949045,-7.501595745186834,-0.10127557788843966,1.8595656624503185,56.83804702303272,0.03724561631679535,80,1.1476066708564758,1.0,1.0,disabled,single,3,row_8,row_9,-0.20670582354068756,-0.5501455664634705,0.5561279479242703,0.39447613612828536,0.8418296375222961,0.3434397429227829,0.3800510654989575,0,14,0,disabled,0,0.0,50.0,alpha
488,1.3043533563613892,-0.7030321359634399,-24.17333984375,-0.2433418482542038,1.0464402437210083,0.0002446174621582031,148,10,14,0.0289206150919199,0.46583850931677023,0.3,120,172,wall,both,1,1,1,1,1,1,0.0,8,8,0,alpha,full,huber,-7.533516061368142,0.5268028676370385,1.8126366248763688,-7.560238297276012,0.45463844358316663,1.8065497865964646,-7.608881048376961,0.45704769339197704,1.8324347527065932,60.30810647835058,0.0289206150919199,80,1.4465803503990173,1.0,1.0,disabled,single,3,row_8,row_9,-0.2433418482542038,-0.46926796436309814,0.5327477332587851,0.42501391096339436,0.8327913807267276,0.22592611610889435,0.3863654145517166,0,14,0,disabled,0,0.0,50.0,alpha
492,0.19102928042411804,-0.015079416334629059,-23.74433135986328,-0.2341514676809311,1.0264793634414673,0.0010863542556762695,125,6,13,0.032616883516311646,0.5102040816326531,0.3,120,144,wall,both,1,1,1,1,1,1,0.0,5,5,0,alpha,full,huber,-7.685024068812158,1.65684443626095,1.7816494182340925,-7.714321043006294,1.3881389165099156,1.7289888874853425,-7.769100175994128,1.350910497646301,1.7577438931823899,57.416368729603306,0.032616883516311646,80,0.42318519949913025,1.0,1.0,disabled,single,3,row_8,row_9,-0.2341514676809311,-0.47058114409446716,0.535138873948456,0.42246078007848376,0.8326118091893107,0.23642967641353607,0.3910775206158532,0,14,0,disabled,0,0.0,50.0,alpha
496,0.9541344046592712,-0.37618696689605713,-25.3015079498291,-0.22255012392997742,1.0007373094558716,0.00013786554336547852,116,11,22,0.06107422336935997,0.5016722408026756,0.3,120,149,wall,both,1,1,1,1,1,1,0.0,4,4,0,alpha,full,huber,-7.941784977680261,3.0126008021965367,1.768675485278175,-7.813925308341313,2.7198530043866445,1.7214114807040861,-7.901918282005823,2.6756536265622857,1.7532283315160315,48.02122579605915,0.06107422336935997,80,1.2026126384735107,1.0,1.0,disabled,single,3,row_8,row_9,-0.22255012392997742,-0.5162883400917053,0.5484100797267776,0.4088241496386815,0.8299269094738599,0.2937382161617279,0.3781818272871499,0,14,0,disabled,0,0.0,50.0,alpha
500,0.9478954076766968,-0.3712833523750305,-37.218650817871094,-0.06343067437410355,0.529393196105957,0.016794919967651367,114,12,52,0.027843905612826347,0.4573170731707317,0.3,120,178,wall,both,1,1,1,1,1,1,0.0,4,4,0,alpha,full,huber,-7.613464230919404,3.8365873646953883,1.5679614492626452,-7.913195912807559,3.939507807105694,1.7169894366426441,-8.008769669179358,3.916344513709751,1.7511918696008877,64.06638714715038,0.027843905612826347,80,1.4379318356513977,1.0,1.0,disabled,single,3,row_8,row_9,-0.06343067437410355,-0.8853587508201599,0.6361495821850938,0.2796407241879676,0.8524485298606741,0.8219280764460564,0.3888908768063136,0,14,0,disabled,0,0.0,50.0,alpha
504,0.40296807885169983,-0.06710052490234375,-32.86985778808594,-0.11898157000541687,0.676230788230896,0.06522029638290405,130,28,26,0.022622233256697655,0.44910179640718567,0.3,120,184,wall,both,1,1,1,1,1,1,0.0,3,3,0,alpha,full,huber,-7.839248722930737,4.255419807204065,2.114652271491205,-7.925477600615997,4.581651128935294,1.7109051351793063,-8.019650197885099,4.593107138763092,1.7272959702710935,76.02119034575067,0.022622233256697655,102,0.7217414975166321,1.0,1.0,disabled,single,3,row_8,row_9,-0.11898157000541687,-0.7728762626647949,0.6127045067623295,0.31861646731329996,0.8485139741365323,0.653894692659378,0.3708909336946713,0,14,0,disabled,0,0.0,50.0,alpha
508,0.6538607478141785,-0.17666688561439514,-41.3408088684082,-0.0013804840855300426,0.06252048909664154,0.011198461055755615,96,0,50,0.019189482554793358,0.5067567567567568,0.3,119,146,wall,both,1,1,1,1,1,1,0.0,2,2,0,alpha,full,huber,-7.480090198518278,5.863093235957721,1.5642519699215294,-7.831337942502934,5.346282546445979,1.6694316454510207,-7.970787522880042,5.354074448386331,1.7025172083287305,78.1913147222439,0.019189482554793358,87,1.4840227365493774,1.0,1.0,disabled,single,3,row_8,row_9,-0.0013804840855300426,-1.350806474685669,0.6694527402776853,0.17364875029262364,0.8632588359641467,1.349425990600139,0.39991422183470793,0,14,0,disabled,0,0.0,50.0,alpha
512,0.25588420033454895,-0.02705649845302105,-40.24836349487305,-0.2246575802564621,0.45541614294052124,0.2091628909111023,112,0,30,0.01197851076722145,0.5136986301369862,0.3,115,142,wall,both,1,1,1,1,1,1,0.0,1,1,0,alpha,full,huber,-7.009771218924771,6.230382572484384,1.0554270313895895,-7.885557668816261,5.753857980341907,1.651745793153107,-7.950710635345419,5.776234317396257,1.677969074388498,122.8092411646422,0.011978511698544025,133,1.5806167125701904,1.0,1.0,disabled,single,3,row_8,row_7,-0.2246575802564621,-1.1040844917297363,0.6413695786610284,0.2661816432440478,0.85730548672241,0.8794269114732742,0.21949184218135415,0,14,0,disabled,0,0.0,50.0,alpha
516,0.05850909650325775,-0.001414592727087438,0.0,-0.03526373952627182,0.3947601020336151,0.012459397315979004,0,0,0,0.008844851516187191,0.5,0.3,0,0,wall,both,1,1,1,1,1,1,0.0,0,0,0,alpha,full,huber,-7.864852270274121,6.203391789031372,1.8720689780085538,-7.989719213731009,6.490985766829741,1.6693145324163041,-8.009616634024935,6.517456467303234,1.6753681779646552,194.79628647075657,0.008844851516187191,250,0.8625911474227905,1.0,1.0,disabled,single,3,row_8,row_9,-0.03526373952627182,-1.0249077081680298,0.6499202285178577,0.2415812031154305,0.8642096895229865,0.989643968641758,0.39564190945469724,0,14,0,disabled,0,0.0,50.0,alpha
520,0.508158266544342,-0.1067044734954834,-28.028667449951172,-0.10116346180438995,0.5551545023918152,0.08947324752807617,106,0,14,0.014776504598557949,0.5555555555555556,0.3,120,120,wall,both,1,1,1,1,1,1,0.0,1,1,0,alpha,full,huber,-8.113121271892357,6.702962458049598,2.1837659900871387,-7.947160474634529,7.043720165763662,1.626127148239313,-8.00589930887736,7.098775639417588,1.651364005873627,193.28970418157812,0.014776504598557949,250,0.8845004141330719,1.0,1.0,disabled,single,3,row_8,row_9,-0.10116346180438995,-0.9201735258102417,0.6336047172858124,0.27933596183434106,0.8579073923341554,0.8190100640058517,0.3551665314940528,0,14,0,disabled,0,0.0,50.0,alpha
524,0.6015611886978149,-0.14953547716140747,-30.668842315673828,-0.13607895374298096,0.7770290970802307,0.021614670753479004,106,0,12,0.010134575888514519,0.5597014925373135,0.3,118,118,wall,both,1,1,1,1,1,1,0.0,4,4,0,alpha,full,huber,-6.772061585776121,6.780722756756421,1.5492328300335663,-7.770371043907449,7.356372743309736,1.543254660420862,-7.890557028354944,7.416300379021861,1.5932680241769397,203.66378053187896,0.010134575888514519,250,0.9629288017749786,1.0,1.0,disabled,single,3,row_8,row_7,-0.13607895374298096,-0.6379637122154236,0.5860457530138209,0.35478540185446894,0.8480931244551037,0.5018847584724426,0.3982784618945854,0,14,0,disabled,0,0.0,50.0,alpha
528,0.259497731924057,-0.027826063334941864,-30.587888717651367,-0.15534807741641998,0.8089116215705872,0.04934781789779663,84,0,24,0.014377509243786335,0.5813953488372093,0.3,108,108,wall,both,1,1,1,1,1,1,0.0,4,4,0,alpha,full,huber,-6.912223447246146,7.554048977095117,1.4420608726013908,-7.519490680409666,7.6341842603728995,1.3876276104800205,-7.690459474702614,7.713616042183231,1.4528674882680281,189.15425732209854,0.014377509243786335,250,0.8331066966056824,1.0,1.0,disabled,single,3,row_8,row_7,-0.15534807741641998,-0.6678447723388672,0.5861630770061801,0.3511106248581059,0.8542820877030264,0.5124966949224472,0.3788091622972899,0,14,0,disabled,0,0.0,50.0,alpha
532,0.9082796573638916,-0.34089750051498413,-26.519725799560547,-0.3220040202140808,1.2013031244277954,0.017905831336975098,74,0,20,0.02117825113236904,0.6147540983606558,0.3,94,94,wall,both,1,1,1,1,1,1,0.0,1,1,0,alpha,full,huber,-8.69578168326604,7.7884936480668525,1.568002825171746,-7.7238349244081945,8.177705010277768,1.3237476703160598,-7.677819812693347,8.230483220790244,1.2873009763362147,177.43555111566522,0.02117825113236904,250,1.6722798943519592,1.0,1.0,disabled,single,3,row_8,row_9,-0.3220040202140808,-0.6595802903175354,0.5547629857646875,0.3958220334477243,0.842334057086093,0.3375762701034546,0.267210288910824,0,14,0,disabled,0,0.0,50.0,alpha
536,0.41353005170822144,-0.07066409289836884,0.0,-1.0462315082550049,1.6282074451446533,0.3346509337425232,0,0,0,0.00792403519153595,0.5,0.3,0,0,wall,both,1,1,1,1,1,1,0.0,0,0,0,alpha,full,huber,-7.976041910179491,8.802572968826276,0.9146909266502643,-7.779086338368552,9.198019136498509,0.8169854987941668,-7.588795191229309,9.259367036522107,0.7345653236199166,203.23333383062447,0.00792403519153595,250,1.3629221320152283,1.0,1.0,disabled,single,3,row_8,row_9,-1.0462315082550049,-2.2209157943725586,0.6403645011001188,0.1978191562542098,0.9006833894357722,1.1746842861175537,-0.6005137764731727,0,14,0,disabled,0,0.0,50.0,alpha
540,0.4853183627128601,-0.0973280593752861,-40.657928466796875,-2.0240819454193115,2.116481304168701,0.5020124912261963,22,0,60,0.023662742227315903,0.646551724137931,0.3,82,82,wall,both,1,1,1,1,1,1,0.0,1,1,0,alpha,full,huber,-8.401467871646085,9.18482006431538,0.708006155637964,-7.790795552098751,9.426345204882363,0.5502903512402609,-7.527426763927698,9.506974018492809,0.47267244463904046,123.10062786924607,0.023662742227315903,250,1.4991360306739807,1.0,1.0,disabled,single,3,row_8,row_9,-2.0240819454193115,-2.695152759552002,0.5913571117043056,0.30227864898011997,0.9106588142757052,0.6710708141326904,-1.4987467512804786,0,14,0,disabled,0,0.0,50.0,alpha
544,1.638407588005066,-1.1092476844787598,-33.225399017333984,-4.883084774017334,1.9343494176864624,0.9963135123252869,31,0,60,0.014815189875662327,0.6224066390041494,0.3,91,91,wall,both,1,1,1,1,1,1,0.0,2,2,0,alpha,full,huber,-7.447205845490055,9.132993198956852,0.1904160516982909,-7.689891735360152,9.708070261362028,0.30282265289814825,-7.409406238264678,9.723615171260857,0.20290569677327586,197.60925477383896,0.014815189875662327,250,1.6758726239204407,1.0,1.0,disabled,single,3,row_8,row_7,-4.883084774017334,-5.402872085571289,0.539627937418911,0.32088813899656055,0.9723810256185669,0.5197873115539551,-4.266209392340843,0,14,0,disabled,0,0.0,50.0,alpha
548,0.6201404333114624,-0.1589149385690689,-42.26936721801758,-4.639416694641113,2.3158669471740723,0.9190530180931091,17,0,78,0.019297316670417786,0.6122448979591837,0.3,95,95,wall,both,1,1,1,1,1,1,0.0,2,2,0,alpha,full,huber,-7.661949820199763,9.524442418742591,0.10569394168346724,-7.566932543625831,9.694562917093947,0.08040973504543174,-7.380492016409336,9.731410092016777,0.009029798053172833,126.65207717056381,0.019297314807772636,250,1.1156278252601624,1.0,1.0,disabled,single,3,row_8,row_7,-4.639416694641113,-5.880429267883301,0.7241970471683608,0.20935909734395197,0.7412238811915296,1.2410125732421875,-4.316724935611811,0,14,0,disabled,0,0.0,50.0,alpha
552,0.2940918803215027,-0.03573968634009361,-49.237388610839844,-2.5616846084594727,2.9935567378997803,0.3737850785255432,10,0,95,0.02074565552175045,0.5882352941176471,0.3,94,105,wall,both,1,1,1,1,1,1,0.0,3,3,0,alpha,full,huber,-8.419107699156276,10.1000314371522,-0.48995923212099246,-7.4092228006197605,9.819940402763336,-0.24999374809146885,-7.2338254276322544,9.781568860728413,-0.3366515139784432,126.79473284375719,0.02074565552175045,250,1.5406784415245056,1.0,1.0,disabled,single,3,row_8,row_9,-2.5616846084594727,-3.836191415786743,0.6902075702189171,0.19296051286718446,0.8242157906927334,1.2745068073272705,-2.190921708233678,0,14,1,disabled,0,0.0,50.0,alpha
556,0.8165276646614075,-0.2755030691623688,-44.659263610839844,-1.6141949892044067,2.3854517936706543,0.29269129037857056,16,0,60,0.014863293617963791,0.663716814159292,0.3,63,76,wall,both,1,1,1,1,1,1,0.0,4,4,0,alpha,full,huber,-7.281510778369631,9.566445586399524,-0.5989542120239095,-7.1761909578915155,9.747693194476524,-0.6490064929016577,-7.050230883478711,9.709777762866066,-0.7104065550610272,170.68177308671818,0.014863291755318642,250,1.015295684337616,1.0,1.0,disabled,single,3,row_8,row_7,-1.6141949892044067,-2.2229416370391846,0.6103508750023154,0.33205059400502335,0.831819427960566,0.6087466478347778,-1.120473706944514,0,14,0,disabled,0,0.0,50.0,alpha
560,1.0481024980545044,-0.4539334177970886,-37.68367004394531,-0.5981645584106445,1.640652060508728,0.0002707839012145996,21,8,53,0.028364945203065872,0.646551724137931,0.3,61,82,wall,both,1,1,1,1,1,1,0.0,11,11,0,alpha,full,huber,-6.075116790145154,9.00805608958131,-1.396638950435685,-6.6519874648738035,9.173047745253992,-1.2388728726439693,-6.701394299848935,9.30291531739883,-1.202593920284456,118.16122817947209,0.028364945203065872,235,1.5009477138519287,1.0,1.0,disabled,single,3,row_7,row_8,-0.5981645584106445,-1.266283631324768,0.6110956050118695,0.3132915877175782,0.8598205639523782,0.6681190729141235,-0.10566269937399408,1,15,0,disabled,0,0.0,50.0,alpha
564,1.2594295740127563,-0.6554391980171204,-31.85983657836914,-0.6855081915855408,1.7546871900558472,0.017861604690551758,55,1,63,0.013630102388560772,0.5576208178438662,0.3,105,119,wall,both,1,1,1,1,1,1,0.0,8,8,0,alpha,full,huber,-6.751122036072747,8.719362174649875,-1.19477856616467,-6.468628766554927,8.867822792602816,-1.311049337597438,-6.510559252764762,8.90079804595942,-1.2939295626085867,129.07930224209457,0.013630102388560772,153,1.3182331323623657,1.0,1.0,disabled,single,3,row_8,row_7,-0.6855081915855408,-0.8101980090141296,0.5117005871298832,0.45171427536011755,0.8228549491674206,0.12468981742858887,-0.01549257582415553,1,16,0,disabled,0,0.0,50.0,alpha
568,0.9640997052192688,-0.3840860426425934,-28.329824447631836,-0.3507215976715088,1.2553306818008423,0.01141202449798584,83,5,20,0.028782296925783157,0.5813953488372093,0.3,89,108,wall,both,1,1,1,1,1,1,0.0,8,8,0,alpha,full,huber,-6.479713243374425,7.678781548930447,-1.2328460925895102,-6.463459309058618,8.503861359785583,-1.3185708824959943,-6.444690813134677,8.541848155892033,-1.314228667616079,84.66105778666464,0.02878229320049286,107,1.2179107666015625,1.0,1.0,disabled,single,3,row_8,row_7,-0.3507215976715088,-0.37247219681739807,0.48944623417737115,0.47891542618971983,0.8115517638749086,0.021750599145889282,0.36375906362120103,0,16,0,disabled,0,0.0,50.0,alpha
572,0.4830285310745239,-0.0964118018746376,-43.938594818115234,-0.2501126229763031,1.0607273578643799,0.004453063011169434,56,0,46,0.03316206857562065,0.5952380952380952,0.3,94,102,wall,both,1,1,1,1,1,1,0.0,7,7,0,alpha,full,huber,-7.0358509063134065,8.077947006998606,-1.2896595897191776,-6.531817783845254,8.035405457593617,-1.4425023990585302,-6.448693072147025,8.095903738161873,-1.419051000316957,59.644770211744486,0.03316206857562065,80,1.2391570210456848,1.0,1.0,disabled,single,3,row_8,row_7,-0.2501126229763031,-0.8039286732673645,0.593468184895609,0.34109722584245533,0.8549556497004375,0.5538160502910614,0.27165904929757734,0,16,0,disabled,0,0.0,50.0,alpha
576,0.08011215180158615,-0.0026520483661442995,-37.40040588378906,-0.026841770857572556,0.2757068872451782,0.049372851848602295,80,21,14,0.02266838029026985,0.5660377358490566,0.3,65,115,wall,both,1,1,1,1,1,1,0.0,8,8,0,alpha,full,huber,-5.423658631572648,7.3420317016880015,-1.1043651337495164,-6.016878925655496,7.398458941287696,-1.241687522352174,-6.165300920530749,7.412190699530667,-1.3443704428786367,75.09152452596297,0.022668382152915,112,0.9494737982749939,1.0,1.0,disabled,single,3,row_7,row_8,-0.026841770857572556,-1.0877875089645386,0.6533675004696055,0.22614898793473634,0.8692399845833774,1.060945738106966,0.3987737492983815,1,17,0,disabled,0,0.0,50.0,alpha
580,2.5141186714172363,-2.6118979454040527,-19.299503326416016,-0.22295595705509186,1.001649260520935,0.00016564130783081055,138,6,6,0.02445286512374878,0.5,0.3,120,150,wall,both,1,1,1,1,1,1,0.0,4,4,0,alpha,full,huber,-5.917126537082187,5.966903608474208,-1.3564570262929747,-5.943157123455485,6.393807900688643,-1.3069452307912217,-5.9379036230017,6.395357199013235,-1.3360014689318807,94.45038555408135,0.02445286139845848,127,2.6862199306488037,1.0,1.0,disabled,single,3,row_7,row_8,-0.22295595705509186,-0.49952882528305054,0.5433691644235233,0.4120794133076067,0.8353658758139448,0.2765728682279587,0.3870103721769803,0,17,0,disabled,0,0.0,50.0,alpha
584,0.9262230396270752,-0.3544996380805969,-18.38985824584961,-0.25717249512672424,1.0757670402526855,0.0002779960632324219,128,12,1,0.010502039454877377,0.5154639175257733,0.3,120,141,wall,both,1,1,1,1,1,1,0.0,7,7,0,alpha,full,huber,-5.929338123709169,5.648041839402919,-1.3982378995146896,-5.945823931720556,5.879889507880137,-1.3632141073788326,-5.885054491330587,5.872704181955815,-1.3551080788461827,175.77673650699404,0.010502039454877377,218,1.130109429359436,1.0,1.0,disabled,single,3,row_7,row_8,-0.25717249512672424,-0.46185484528541565,0.5287003040663001,0.43084111877257814,0.8295034452189435,0.2046823501586914,0.38016104549350016,0,17,0,disabled,0,0.0,50.0,alpha
588,0.9023372530937195,-0.3364514410495758,-16.515718460083008,-0.30210062861442566,1.1657917499542236,0.004562854766845703,108,1,12,0.009344354271888733,0.5535055350553506,0.3,120,121,wall,both,1,1,1,1,1,1,0.0,6,6,0,alpha,full,huber,-5.603527194018537,3.3854188827755407,-1.2953553026545996,-5.6720676876414045,3.5475555290869325,-1.3255374419224657,-5.5427869065756195,3.566357354510069,-1.2955085289150798,191.13268028255024,0.009344355203211308,250,1.2216448187828064,1.0,1.0,disabled,single,3,row_7,row_8,-0.30210062861442566,-0.41499242186546326,0.5094745964269153,0.45508681291141934,0.8202152038343997,0.1128917932510376,0.3722746587577571,0,17,0,disabled,0,0.0,50.0,alpha
592,0.2974015176296234,-0.03654862195253372,-26.379533767700195,-0.24079947173595428,1.0409492254257202,0.0011044144630432129,126,23,18,0.012769465334713459,0.47318611987381703,0.3,120,167,wall,both,1,1,1,1,1,1,0.0,9,9,0,alpha,full,huber,-5.274296744394588,2.298417994947633,-1.3289655663090374,-5.264286907336299,2.3866483795446736,-1.2883163368551451,-5.238786951730237,2.3835469353539294,-1.2827708589273839,168.2247474425617,0.012769465334713459,250,0.690282016992569,1.0,1.0,disabled,single,3,row_7,row_8,-0.24079947173595428,-0.47899290919303894,0.5357618431202075,0.42220724793670716,0.8316131544718968,0.23819343745708466,0.383266067452815,0,17,0,disabled,0,0.0,50.0,alpha
596,0.45022785663604736,-0.08376245200634003,-22.932241439819336,-0.26742565631866455,1.0962677001953125,0.009369969367980957,106,24,14,0.011644594371318817,0.5102040816326531,0.3,120,144,wall,both,1,1,1,1,1,1,0.0,6,6,0,alpha,full,huber,-5.2562031923623245,1.9100805474558804,-1.3313010626000252,-5.154850867726304,1.6324787222073733,-1.3114983915885992,-5.088353554262371,1.6185143220011973,-1.3150613961526474,182.12033787276755,0.011644594371318817,250,0.9619255363941193,1.0,1.0,disabled,single,3,row_7,row_8,-0.26742565631866455,-0.43074166774749756,0.519778067340124,0.4414593377021577,0.8270763411254456,0.163316011428833,0.3869276957669848,0,17,0,disabled,0,0.0,50.0,alpha
600,0.3177587687969208,-0.041723404079675674,-27.56475257873535,-0.13866613805294037,0.7899351716041565,7.063150405883789e-05,106,36,17,0.01760551519691944,0.4854368932038835,0.3,120,159,wall,both,1,1,1,1,1,1,0.0,4,4,0,alpha,full,huber,-4.875303240857513,1.2325346348582062,-1.3565495466853863,-4.8732869488400965,1.1730592183214223,-1.2911495390791172,-4.907251217736875,1.1332640592172512,-1.3120246452836957,93.34295250347947,0.01760551519691944,122,0.5467159152030945,1.0,1.0,disabled,single,3,row_7,row_8,-0.13866613805294037,-0.6414756178855896,0.586979146671912,0.3550220194258763,0.8455165734949114,0.5028094798326492,0.39409984699293443,0,17,0,disabled,0,0.0,50.0,alpha
604,0.6598715782165527,-0.1799299567937851,-39.14533233642578,-0.10570541024208069,0.0036103667225688696,0.16092580556869507,102,20,32,0.025526829063892365,0.49342105263157904,0.3,120,154,wall,both,1,1,1,1,1,1,0.0,6,6,0,alpha,full,huber,-3.9139489735547954,0.45910121636746626,-0.7932186975579119,-4.409665011995024,0.15053059427636656,-1.28245902847026,-4.498788897083578,0.08355596154107861,-1.3230922533631115,68.93378876826061,0.025526830926537514,80,1.236970067024231,1.0,1.0,disabled,single,3,row_7,row_8,-0.10570541024208069,-1.451052188873291,0.6657614874305764,0.17339716258170984,0.8685803429145886,1.3453467786312103,0.30111838932356577,0,17,0,disabled,0,0.0,50.0,alpha
608,0.4629089832305908,-0.08854740858078003,-20.78680419921875,-0.24358482658863068,1.046709418296814,0.00537717342376709,127,11,12,0.024580217897892,0.5,0.3,120,150,wall,both,1,1,1,1,1,1,0.0,7,7,0,alpha,full,huber,-4.870362168897894,-0.06931178708070701,-1.4721852447429986,-4.4463084689517105,-0.32425794386053886,-1.3608440819022094,-4.412721687686277,-0.36693183026741555,-1.3444522615131602,73.15978773949112,0.0245802141726017,92,0.5887303054332733,1.0,1.0,disabled,single,3,row_7,row_8,-0.24358482658863068,-0.45004963874816895,0.5284075503922159,0.42983570296520685,0.8326122730070868,0.20646481215953827,0.39430259068728923,0,17,0,disabled,0,0.0,50.0,alpha
612,1.2239857912063599,-0.619066596031189,-30.093549728393555,-0.22452834248542786,1.0049993991851807,0.00438845157623291,133,21,14,0.03179199621081352,0.4716981132075471,0.3,120,168,wall,both,1,1,1,1,1,1,0.0,7,7,0,alpha,full,huber,-4.65174876409682,-1.1705429813307329,-1.5069166755891246,-4.4384274522963505,-1.116787363796757,-1.4159709748804248,-4.34491937362876,-1.1351662836074732,-1.3770604244097693,60.833221570036926,0.03179199621081352,80,1.6452345252037048,1.0,1.0,disabled,single,3,row_7,row_8,-0.22452834248542786,-0.4580497145652771,0.5349379350717531,0.4235321214836165,0.8306479231506022,0.23352137207984924,0.4010762055419681,0,17,0,disabled,0,0.0,50.0,alpha
616,0.9019412398338318,-0.3361562192440033,-28.707656860351562,-0.23855634033679962,1.0360872745513916,0.0012070536613464355,150,22,10,0.031445764005184174,0.45180722891566266,0.3,120,182,wall,both,1,1,1,1,1,1,0.0,11,11,0,alpha,full,huber,-4.583711458170197,-1.7740511613597196,-1.4459495170488208,-4.472277123481093,-1.8027138004632357,-1.3812875102457958,-4.361151037073629,-1.7766089460557541,-1.3507123353895898,75.59236463027301,0.031445764005184174,112,1.1096686720848083,1.0,1.0,disabled,single,3,row_7,row_8,-0.23855634033679962,-0.43301913142204285,0.5271708685454956,0.4340075514677988,0.8258968462633933,0.19446279108524323,0.4016742139156734,0,17,0,disabled,0,0.0,50.0,alpha
620,0.6455821990966797,-0.17222164571285248,-18.521379470825195,-0.25060537457466125,1.0619418621063232,0.0004527568817138672,150,0,13,0.030540818348526955,0.47923322683706066,0.3,120,163,wall,both,1,1,1,1,1,1,0.0,6,6,0,alpha,full,huber,-4.81753924678369,-2.3801237699362403,-1.3689554503513113,-4.596891494524237,-2.3847001618908563,-1.4462836092670854,-4.427299796629204,-2.394949728630343,-1.404490681012066,69.43712555271547,0.030540818348526955,97,1.0367202758789062,1.0,1.0,disabled,single,3,row_8,row_7,-0.25060537457466125,-0.4178822934627533,0.5220888857770326,0.44166908877896627,0.8204783676119048,0.16727691888809204,0.39931205175436,1,18,0,disabled,0,0.0,50.0,alpha
624,0.05383940413594246,-0.0011978022521361709,-26.050399780273438,-0.2803531289100647,1.1232017278671265,0.0006189346313476562,137,0,10,0.03023553267121315,0.5050505050505051,0.3,120,147,wall,both,1,1,1,1,1,1,0.0,5,5,0,alpha,full,huber,-4.635713289213577,-3.0564057353877634,-1.3959162139564307,-4.55934136567655,-2.9688707967248726,-1.4177257795959108,-4.458594027849822,-2.956821113516782,-1.3985138616601411,56.99356978001857,0.03023553639650345,80,0.40823884308338165,1.0,1.0,disabled,single,3,row_8,row_7,-0.2803531289100647,-0.3823510706424713,0.5069576988358755,0.457798725766158,0.8199866989350921,0.10199794173240662,0.39897458421048604,0,18,0,disabled,0,0.0,50.0,alpha
628,0.06955038011074066,-0.0019988659769296646,-25.57258415222168,-0.18279363214969635,0.9066917300224304,0.005119681358337402,120,0,4,0.03053169511258602,0.5474452554744526,0.3,120,124,wall,both,1,1,1,1,1,1,0.0,4,4,0,alpha,full,huber,-4.860915136654046,-3.0384539955908916,-1.2978152523632183,-4.6950645036457095,-3.1803134333171803,-1.380394993174165,-4.569119329427265,-3.191998336648056,-1.3829098283629377,57.722345158103664,0.030531691387295723,80,0.42353327572345734,1.0,1.0,disabled,single,3,row_8,row_7,-0.18270343542099,-0.5189480185508728,0.5549120010557602,0.3964559593505275,0.8406479157211902,0.3362445831298828,0.40624229904243614,0,18,0,disabled,0,0.0,50.0,alpha
632,0.5811474919319153,-0.1395588517189026,-27.53182029724121,-0.23927518725395203,1.0376399755477905,0.0015048384666442871,145,17,10,0.031098462641239166,0.46583850931677023,0.3,120,172,wall,both,1,1,1,1,1,1,0.0,5,5,0,alpha,full,huber,-4.549068943582858,-3.941905525041828,-1.3571886067421184,-4.64933445561865,-3.664412743546116,-1.4153133992639557,-4.577857529014774,-3.637911025375864,-1.3989687753437994,62.955360832110756,0.031098464503884315,80,0.750338077545166,1.0,1.0,disabled,single,3,row_8,row_7,-0.23927518725395203,-0.4582767188549042,0.5312613023016719,0.42677308850694295,0.8324908950404397,0.21900153160095215,0.39322609679507226,0,18,0,disabled,0,0.0,50.0,alpha
636,0.43850311636924744,-0.07945660501718521,-27.820587158203125,-0.1834563910961151,0.9064053893089294,0.014725923538208008,120,9,11,0.038829658180475235,0.5172413793103449,0.3,120,140,wall,both,1,1,1,1,1,1,0.0,3,3,0,alpha,full,huber,-4.7197476717298095,-3.706115581194811,-1.2402286120069559,-4.534486712380128,-4.148572200393261,-1.3768323736337422,-4.509024907251266,-4.1779597544075715,-1.3872139320533514,58.53349290006035,0.038829658180475235,80,0.9346399903297424,1.0,1.0,disabled,single,3,row_8,row_7,-0.18278591334819794,-0.5505635142326355,0.5603422850721167,0.3879087841031019,0.8451450282037539,0.36777760088443756,0.39642154528258444,0,18,0,disabled,0,0.0,50.0,alpha
640,0.7339723110198975,-0.22260965406894684,-37.35205078125,-0.10982051491737366,0.6343846321105957,0.07067668437957764,98,14,47,0.025116272270679474,0.4854368932038835,0.3,120,159,wall,both,1,1,1,1,1,1,0.0,3,3,0,alpha,full,huber,-4.904512162929707,-4.272642613774595,-1.7902756016596792,-4.555744672870946,-4.353012791420443,-1.3601278017255811,-4.513325871032771,-4.389467902146411,-1.3737983246601906,66.59270705965578,0.025116272270679474,80,1.1808226704597473,1.0,1.0,disabled,single,3,row_8,row_7,-0.10982051491737366,-0.7500958442687988,0.6062615517759159,0.31958911886066604,0.8608736411298575,0.6402753293514252,0.3906232675188672,0,18,0,disabled,0,0.0,50.0,alpha
644,0.7365202903747559,-0.2241578996181488,-32.39442825317383,-0.23189818859100342,1.0215330123901367,0.000811159610748291,114,33,24,0.03767811134457588,0.4672897196261683,0.3,120,171,wall,both,1,1,1,1,1,1,0.0,3,3,0,alpha,full,huber,-4.511770036340346,-4.276788229898529,-1.4523354186515287,-4.404595645078151,-4.7901014517718705,-1.3536643081959225,-4.407800318824568,-4.838909560890087,-1.3649475614025302,59.32004348678532,0.03767811134457588,80,1.248900830745697,1.0,1.0,disabled,single,3,row_8,row_7,-0.23189818859100342,-0.45667117834091187,0.5327479794341494,0.4255044850059408,0.8316549768821624,0.22477298974990845,0.3978086121288451,0,18,0,disabled,0,0.0,50.0,alpha
648,0.4004647731781006,-0.06626943498849869,-35.03750228881836,-0.20052258670330048,0.9499218463897705,8.749961853027344e-05,118,44,23,0.02593584731221199,0.44776119402985076,0.3,120,185,wall,both,1,1,1,1,1,1,0.0,3,3,0,alpha,full,huber,-4.465303072466297,-4.9673518898091436,-1.4100177200560873,-4.305731615780617,-5.1615108715322595,-1.3886502605570359,-4.304056084044693,-5.244333488851123,-1.3800688422496075,65.92096926600136,0.02593584731221199,80,0.7746642231941223,1.0,1.0,disabled,single,3,row_8,row_7,-0.20052258670330048,-0.5002448558807373,0.5482244116472358,0.4062474449414566,0.8361221112879302,0.29972226917743683,0.4005479788521069,0,18,0,disabled,0,0.0,50.0,alpha
652,0.44572487473487854,-0.08209531754255295,-30.101778030395508,-0.2982088029384613,1.1584211587905884,2.4318695068359375e-05,114,53,12,0.024945460259914398,0.45592705167173253,0.3,120,179,wall,both,1,1,1,1,1,1,0.0,3,3,0,alpha,full,huber,-4.03280965871674,-5.471741899687584,-1.3956150997626644,-4.155212162472188,-5.915397029557982,-1.4103196571798382,-4.1475906396221225,-5.9998047857116115,-1.3879413950887196,79.83191369856577,0.0249454565346241,97,0.8742467761039734,1.0,1.0,disabled,single,3,row_7,row_8,-0.2982088029384613,-0.3689750134944916,0.500838401597644,0.4666209635067283,0.8134521676558725,0.07076621055603027,0.39326297869110904,1,19,0,disabled,0,0.0,50.0,alpha
656,1.8122811317443848,-1.3571747541427612,-30.634849548339844,-0.22095374763011932,0.994951069355011,0.015414535999298096,101,54,19,0.02400093711912632,0.4629629629629629,0.3,120,174,wall,both,1,1,1,1,1,1,0.0,2,2,0,alpha,full,huber,-3.783700027927626,-5.907018954401479,-1.1899351052625666,-3.985872438904832,-6.22054535875924,-1.35461244276711,-4.021526002040487,-6.321944955126613,-1.3710175097374828,92.14004913270365,0.02400093898177147,127,2.311601400375366,1.0,1.0,disabled,single,3,row_7,row_8,-0.22095374763011932,-0.47847720980644226,0.5399190357094191,0.4173377025346437,0.832216121235988,0.25752346217632294,0.3953823369063504,0,19,0,disabled,0,0.0,50.0,alpha
660,1.0447630882263184,-0.4510454535484314,-26.130456924438477,-0.2523052394390106,1.06550931930542,0.0018603801727294922,124,7,20,0.0247938372194767,0.4983388704318937,0.3,120,151,wall,both,1,1,1,1,1,1,0.0,1,1,0,alpha,full,huber,-3.704101627864009,-6.636270442675099,-1.4267511259158436,-3.960901679541515,-6.899891869069325,-1.4342522579632293,-3.9273785923325653,-6.940112577959527,-1.4047616928868838,75.40890321390991,0.0247938334941864,92,0.9694565534591675,1.0,1.0,disabled,single,3,row_7,row_8,-0.2523052394390106,-0.45511165261268616,0.5285527834579165,0.4315296669548791,0.8282496564690152,0.20280641317367554,0.3853073651273621,0,19,0,disabled,0,0.0,50.0,alpha
664,0.08641301840543747,-0.00308562396094203,0.0,-0.013247249647974968,0.23609410226345062,0.01451963186264038,0,0,0,0.022587236016988754,0.5,0.3,0,0,wall,both,1,1,1,1,1,1,0.0,0,0,0,alpha,full,huber,-2.6834093252693547,-7.594216473750921,-1.2333676472114665,-3.5248437390124874,-7.504165441813429,-1.3100087512357563,-3.6528554925312173,-7.56738285727563,-1.360093209651881,80.0476861454747,0.022587237879633904,102,1.1597259044647217,1.0,1.0,disabled,single,3,row_7,row_8,-0.013247249647974968,-1.1468911170959473,0.6628414836879404,0.21334103843369548,0.8608041349767181,1.1336438674479723,0.3979721571948613,0,19,0,disabled,0,0.0,50.0,alpha
668,0.4311719536781311,-0.07682200521230698,0.0,-0.0476488322019577,0.45876380801200867,0.014675021171569824,0,0,0,0.014380168169736862,0.5,0.3,0,0,wall,both,1,1,1,1,1,1,0.0,0,0,0,alpha,full,huber,-2.9140368207673566,-7.565569434447181,-1.232454961118484,-3.115926166499836,-8.16630265676472,-1.2669352280247146,-3.2750511530537922,-8.282491619449635,-1.313943977885716,120.04106888102062,0.014380169101059437,148,1.1413344144821167,1.0,1.0,disabled,single,3,row_7,row_8,-0.0476488322019577,-0.9343238472938538,0.6417884115561797,0.2644318751515963,0.8583292147620029,0.8866750150918961,0.39584777442795505,0,19,0,disabled,0,0.0,50.0,alpha
672,0.11218460649251938,-0.005200572777539492,0.0,-0.09832324087619781,0.6651497483253479,0.0012868046760559082,0,0,0,0.009662349708378315,0.5,0.3,0,0,wall,both,1,1,1,1,1,1,0.0,0,0,0,alpha,full,huber,-2.118504132501074,-9.634027135211042,-1.3622362799920855,-2.130240099985344,-9.845898543495732,-1.2520927485275513,-2.4183710667818206,-10.006749948648835,-1.3379495932117653,139.84117151854886,0.009662349708378315,202,0.6879783868789673,1.0,1.0,disabled,single,3,row_7,row_8,-0.09832324087619781,-1.3803191184997559,0.6639730320628713,0.18424117935211395,0.8697112865943712,1.281995877623558,0.3111905038174367,0,19,0,disabled,0,0.0,50.0,alpha
676,0.07106427848339081,-0.002086831256747246,0.0,-0.9160906672477722,1.9182699918746948,0.15524089336395264,0,0,0,0.013872794806957245,0.5,0.3,0,0,wall,both,1,1,1,1,1,1,0.0,0,0,0,alpha,full,huber,-1.652547853694671,-10.823801211598289,-0.7468185562966774,-1.7022844170039582,-10.9299318553335,-0.4396326757554174,-1.894798055164511,-11.061522359846776,-0.44838116287182705,115.7818608443849,0.013872794806957245,148,0.531436949968338,1.0,1.0,disabled,single,3,row_7,row_6,-0.9160906672477722,-2.178895950317383,0.6701957631839154,0.18957117932643486,0.8589384522687289,1.2628052830696106,-0.5159052418298469,0,19,0,disabled,0,0.0,50.0,alpha
680,0.6621761918067932,-0.18118897080421448,-42.2808837890625,-3.3028814792633057,2.0486016273498535,0.762046754360199,26,0,67,0.025955842807888985,0.6172839506172839,0.3,93,93,wall,both,1,1,1,1,1,1,0.0,2,2,0,alpha,full,huber,-1.674484364584156,-10.963601131043049,0.019038313776905014,-1.1310546031595718,-11.058560043227628,0.3294314301424908,-1.1944096225418357,-11.194748423624972,0.3376126235549224,83.54689646861301,0.025955844670534134,122,1.2203379273414612,1.0,1.0,disabled,single,3,row_7,row_8,-3.3028814792633057,-4.780267715454102,0.7180153809751869,0.16387513315097096,0.7865444792236029,1.477386236190796,-2.9716171910709583,0,19,0,disabled,0,0.0,50.0,alpha
684,0.08877968043088913,-0.0032569551840424538,-38.641815185546875,-2.5596847534179688,2.3691039085388184,0.5670493841171265,22,0,29,0.022307049483060837,0.7462686567164178,0.3,51,51,wall,both,1,1,1,1,1,1,0.0,3,3,0,alpha,full,huber,-1.325771978920204,-11.192958512027,0.7070599455592324,-0.756916777032255,-10.987544831131075,0.7128880664079461,-0.7379656441718774,-11.005021159839107,0.7396026873968791,105.86974057885234,0.022307049483060837,143,0.8740828633308411,1.0,1.0,disabled,single,3,row_7,row_6,-2.5596847534179688,-3.1268913745880127,0.5817926165207079,0.32993888292770573,0.8952353678928962,0.567206621170044,-2.0180435296647854,0,19,0,disabled,0,0.0,50.0,alpha
688,0.22374685108661652,-0.020687047392129898,-38.05704116821289,-1.1961331367492676,2.233527898788452,0.14645308256149292,24,5,53,0.03850634768605232,0.646551724137931,0.3,67,82,wall,both,1,1,1,1,1,1,0.0,5,5,0,alpha,full,huber,-0.4641648010944943,-10.644426778940105,1.19421823322235,-0.08598300984231011,-10.387480010138136,1.3498142377249982,-0.04150334538337227,-10.357112350122486,1.3762858662590194,94.19416860765806,0.03850635141134262,159,0.9372338652610779,1.0,1.0,disabled,single,3,row_6,row_7,-1.1961331367492676,-1.4059200286865234,0.5347681895392116,0.4335670564774248,0.8063831187980129,0.20978689193725586,-0.570211220184736,1,20,0,disabled,0,0.0,50.0,alpha
692,0.30815714597702026,-0.03924001008272171,-33.122413635253906,-0.10314996540546417,0.6110391616821289,0.0703127384185791,49,0,71,0.014895012602210045,0.5555555555555556,0.3,120,120,wall,both,1,1,1,1,1,1,0.0,1,1,0,alpha,full,huber,0.37468871836314555,-9.15804791935459,2.1194925220930934,0.2494164814376771,-9.315763327231151,1.9603066104218472,0.21821320840116543,-9.278228092241076,1.995955368019926,122.9408195363515,0.01489501353353262,169,0.8045801520347595,1.0,1.0,disabled,single,3,row_6,row_7,-0.10314996540546417,-1.4237834215164185,0.6668674115556837,0.17803101679508665,0.8664951076153948,1.3206334561109543,0.30201407069589986,0,20,0,disabled,0,0.0,50.0,alpha
696,0.11239001899957657,-0.005219634622335434,-29.3005313873291,-0.13544511795043945,0.472999632358551,0.144925057888031,79,0,53,0.01315356232225895,0.5319148936170213,0.3,120,132,wall,both,1,1,1,1,1,1,0.0,4,4,0,alpha,full,huber,-0.18248655189672575,-8.465115449714675,2.2873602070975307,-0.1474341811667111,-8.557517564599307,2.3020308183551137,-0.1266417429344793,-8.56435299831611,2.290827828569184,131.28103124754932,0.01315356232225895,196,0.41411204636096954,1.0,1.0,disabled,single,3,row_6,row_7,-0.13544511795043945,-0.9538701772689819,0.6250567644846253,0.2757286995034847,0.8781861887495567,0.8184250593185425,0.33446769224407025,0,20,0,disabled,0,0.0,50.0,alpha
700,0.18705864250659943,-0.014459065161645412,-28.874189376831055,-0.17646904289722443,0.8579301834106445,0.05622631311416626,79,6,47,0.038020215928554535,0.5319148936170213,0.3,120,132,wall,both,1,1,1,1,1,1,0.0,6,6,0,alpha,full,huber,-0.5963188471460122,-8.331292139305473,2.0791902787989844,-0.6531320755596788,-8.096339588174677,2.2518674626369686,-0.6324548132375398,-8.060408671143204,2.2247070415004,58.47714228602363,0.038020215928554535,80,0.5716494023799896,1.0,1.0,disabled,single,3,row_6,row_7,-0.17646904289722443,-0.6153168678283691,0.5720195222094143,0.36882611341035254,0.85466329450774,0.4388478249311447,0.38211311555078264,0,20,0,disabled,0,0.0,50.0,alpha
704,0.9548481106758118,-0.37674999237060547,-33.76547622680664,-0.2903645634651184,1.1428868770599365,0.0049512386322021484,127,45,11,0.054772067815065384,0.4504504504504505,0.3,120,183,wall,both,1,1,1,1,1,1,0.0,7,7,0,alpha,full,huber,-1.3612899408010266,-7.1412283875294325,1.8371611157464498,-1.2164619177996585,-7.461021692489939,2.101554329817037,-1.1826994663222785,-7.4318905857644335,2.101736720047251,52.61903990690681,0.054772067815065384,83,0.7332443594932556,1.0,1.0,disabled,single,3,row_7,row_6,-0.2903645634651184,-0.4176441729068756,0.5130186363782264,0.45170646867545944,0.8193719844566728,0.1272796094417572,0.37707854278343933,1,21,0,disabled,0,0.0,50.0,alpha
708,1.9241551160812378,-1.5299062728881836,-21.591466903686523,-0.2800302803516388,1.1225563287734985,0.0004470944404602051,155,6,8,0.030495185405015945,0.47021943573667707,0.3,120,169,wall,both,1,1,1,1,1,1,0.0,9,9,0,alpha,full,huber,-1.45635678374994,-6.699724209188654,1.7675138527861618,-1.2845775818450287,-6.9548044088967185,1.9424331062280793,-1.3574272301929486,-6.967349705007848,2.0176094791373576,57.02544530227387,0.030495185405015945,80,1.8168997168540955,1.0,1.0,disabled,single,3,row_7,row_6,-0.2800294756889343,-0.41838622093200684,0.5154170068140995,0.4488189377548982,0.8202957895336691,0.1383567452430725,0.3827495083083178,0,21,0,disabled,0,0.0,50.0,alpha
712,1.448657512664795,-0.8671935796737671,-27.009782791137695,-0.31033727526664734,1.1817070245742798,0.0021663904190063477,131,23,21,0.027102796360850334,0.46153846153846145,0.3,120,175,wall,both,1,1,1,1,1,1,0.0,4,4,0,alpha,full,huber,-1.37395792933434,-6.832193729920498,1.8034450264610609,-1.3457951278442308,-6.679951071476943,1.8803300435990606,-1.4139265924904054,-6.678007238030471,1.9471502786807928,63.903854159989834,0.027102796360850334,80,1.5964638590812683,1.0,1.0,disabled,single,3,row_7,row_6,-0.31033727526664734,-0.38664892315864563,0.5020713306351041,0.4651828502341278,0.8139069489805495,0.07631164789199829,0.37867580121938627,0,21,0,disabled,0,0.0,50.0,alpha
716,0.8674293160438538,-0.3109229803085327,-26.256484985351562,-0.24961039423942566,1.059833288192749,9.560585021972656e-05,130,11,24,0.022801538929343224,0.47619047619047616,0.3,120,165,wall,both,1,1,1,1,1,1,0.0,8,8,0,alpha,full,huber,-1.5584578055519756,-6.515212507239438,1.7896775413271442,-1.4201820091036597,-6.311121230880352,1.8005000236741124,-1.4817273312271935,-6.313361377735985,1.8721125670810537,70.47938100560131,0.022801537066698074,92,0.921280711889267,1.0,1.0,disabled,single,3,row_7,row_6,-0.24961039423942566,-0.460172563791275,0.530313447468953,0.4296221375594808,0.8282347772212837,0.21056216955184937,0.3846766426919259,0,21,0,disabled,0,0.0,50.0,alpha
720,0.41677430272102356,-0.07177720218896866,-39.516624450683594,-0.111347496509552,0.40231817960739136,0.13589614629745483,109,6,43,0.048296310007572174,0.48701298701298706,0.3,120,158,wall,both,1,1,1,1,1,1,0.0,5,5,0,alpha,full,huber,-0.6087613054579497,-5.9393705998553,1.221482855694025,-1.4028941090269285,-5.676367313680217,1.7145158810945713,-1.5248423283577441,-5.68476784458194,1.8016112659833805,51.475380992677536,0.048296310007572174,80,1.4814032316207886,1.0,1.0,disabled,single,3,row_6,row_7,-0.111347496509552,-1.0779876708984375,0.6492990660492978,0.2469666350484508,0.8608447204876675,0.9666401743888855,0.3205143613554547,1,22,0,disabled,0,0.0,50.0,alpha
724,0.6874892115592957,-0.19530637562274933,-37.28466796875,-0.06859828531742096,0.5092224478721619,0.05185294151306152,113,0,39,0.02375139109790325,0.49668874172185423,0.3,120,152,wall,both,1,1,1,1,1,1,0.0,6,6,0,alpha,full,huber,-0.9421197715918161,-4.626435412272076,1.4035379562349162,-1.4048799099880587,-4.521440554775818,1.6740742515898768,-1.5791391053785653,-4.5331314591565075,1.7578023283343844,67.13735178672368,0.02375139109790325,80,1.1814693808555603,1.0,1.0,disabled,single,3,row_6,row_7,-0.06859828531742096,-0.9285881519317627,0.6383611690316763,0.2701329789060215,0.8589129204656089,0.8599898666143417,0.380252774830695,0,22,0,disabled,0,0.0,50.0,alpha
728,0.4399662911891937,-0.07998774200677872,-27.972824096679688,-0.11222191154956818,0.7103008031845093,0.005066037178039551,114,4,12,0.02803736738860607,0.5357142857142857,0.3,120,130,wall,both,1,1,1,1,1,1,0.0,6,6,0,alpha,full,huber,-2.46259468220144,-3.293211205877416,1.7756261645502427,-1.905020236617808,-2.956687959893756,1.8083143881346655,-1.893412079016756,-2.952417839407898,1.8006571445940533,63.490533136737234,0.02803736738860607,87,1.193491816520691,1.0,1.0,disabled,single,3,row_7,row_6,-0.11216187477111816,-0.7011191844940186,0.5989150749149836,0.3323413157243058,0.8571820844253817,0.5889573097229004,0.4004735942522377,1,23,0,disabled,0,0.0,50.0,alpha
732,0.8436822295188904,-0.2941321134567261,-36.08662414550781,-0.10703606903553009,0.6545228362083435,0.05385005474090576,101,11,36,0.02073848992586136,0.5033557046979865,0.3,120,148,wall,both,1,1,1,1,1,1,0.0,5,5,0,alpha,full,huber,-1.8336755961279363,-0.5633288158346739,1.4376251369089568,-2.460742275841885,-0.7284122918176336,1.808557129156318,-2.452203842808837,-0.6746686816398367,1.7801278227824735,82.62447503608726,0.02073848992586136,107,1.441573143005371,1.0,1.0,disabled,single,3,row_6,row_7,-0.10703606903553009,-0.7871508002281189,0.6144495221053557,0.31125485616000237,0.8556799954951783,0.6801147311925888,0.37999242897632335,1,24,0,disabled,0,0.0,50.0,alpha
736,0.6553537845611572,-0.17747461795806885,-37.51470947265625,-0.08348612487316132,0.5478574633598328,0.06413048505783081,92,7,45,0.014024140313267708,0.5102040816326531,0.3,113,144,wall,both,1,1,1,1,1,1,0.0,7,7,0,alpha,full,huber,-1.9147752658684103,0.3904187076694807,1.407215510677216,-2.542493808481235,0.4130821522949769,1.743241882310615,-2.6106789538429345,0.4358036074713515,1.7551011589866068,150.0108116248181,0.014024140313267708,191,1.590421438217163,1.0,1.0,disabled,single,3,row_6,row_7,-0.07917392998933792,-0.8496550917625427,0.6268438770325007,0.29009728954412206,0.8584464873245056,0.7704811617732048,0.38788383931367737,0,24,0,disabled,0,0.0,50.0,alpha
740,1.2936248779296875,-0.6915146112442017,-28.535581588745117,-0.15788249671459198,0.8394166231155396,0.017848074436187744,95,1,28,0.009627577848732471,0.5474452554744526,0.3,120,124,wall,both,1,1,1,1,1,1,0.0,5,5,0,alpha,full,huber,-3.0798167450674447,0.5880448386676034,1.5839404170523865,-3.3921835318716944,0.85660555848139,1.89475073451343,-3.096794732306848,0.9691872482643402,1.8204576455752806,170.13804009749992,0.009627577848732471,250,1.60608571767807,1.0,1.0,disabled,single,3,row_7,row_6,-0.15788249671459198,-0.6144469380378723,0.5762534715163617,0.3650313269985561,0.8519646358659928,0.45656444132328033,0.39332516365142867,1,25,0,disabled,0,0.0,50.0,alpha
744,0.7066332697868347,-0.2063349485397339,-34.019866943359375,-0.1018519401550293,0.5715747475624084,0.08465725183486938,118,12,13,0.013196851126849651,0.5119453924914675,0.3,120,143,wall,both,1,1,1,1,1,1,0.0,5,5,0,alpha,full,huber,-4.616813456605705,1.0589465509314797,2.1875949937396797,-3.801282019686095,1.4301920065349474,1.9296505338122556,-3.571226957822519,1.5638011713754219,1.8580974273463093,176.29457174895848,0.013196849264204502,224,1.4417452812194824,1.0,1.0,disabled,single,3,row_7,row_8,-0.1018519401550293,-0.8406037092208862,0.6234406225842034,0.29782371739284064,0.8554360194979502,0.7387517690658569,0.37064981066500163,0,25,0,disabled,0,0.0,50.0,alpha
748,0.8559474945068359,-0.30274632573127747,-29.28171730041504,-0.15268270671367645,0.8054149746894836,0.04571127891540527,98,2,26,0.010450385510921478,0.5434782608695653,0.3,120,126,wall,both,1,1,1,1,1,1,0.0,3,3,0,alpha,full,huber,-3.3511779951969585,1.9751243018039917,1.3697650059734316,-3.7725166910850536,2.122723998687314,1.8663564901265515,-3.7825207850016396,2.2116238710150444,1.8730177823431688,192.77263333967753,0.010450385510921478,250,1.3056957125663757,1.0,1.0,disabled,single,3,row_7,row_6,-0.15268270671367645,-0.6582193374633789,0.5857288644204566,0.3533009923103239,0.8514481633797566,0.5055366307497025,0.38221557846718723,0,25,0,disabled,0,0.0,50.0,alpha
752,0.37717533111572266,-0.058785635977983475,-33.28577423095703,-0.08358906209468842,0.38104209303855896,0.11213546991348267,116,3,9,0.00830484926700592,0.539568345323741,0.3,120,128,wall,both,1,1,1,1,1,1,0.0,4,4,0,alpha,full,huber,-4.659306616696538,2.5905285963542184,2.243737681662119,-4.296773535698202,2.8983657711250834,2.0448868475751554,-4.191500359637837,2.99392431480846,2.0009389365341024,210.8843733821625,0.00830484926700592,250,0.8890338838100433,1.0,1.0,disabled,single,3,row_7,row_8,-0.08358906209468842,-1.0446170568466187,0.6473601795576692,0.24761492968672855,0.8638266686503542,0.9610279947519302,0.351263385538993,0,25,0,disabled,0,0.0,50.0,alpha
756,0.43818819522857666,-0.07934252172708511,-27.467885971069336,-0.25668299198150635,1.0745419263839722,0.0048561692237854,120,7,33,0.011327827349305153,0.48387096774193555,0.3,120,160,wall,both,1,1,1,1,1,1,0.0,3,3,0,alpha,full,huber,-3.550394602541612,4.617488747097676,1.6517511450107945,-4.309819350551783,4.2408523481767375,1.8594710004398798,-4.506721237587273,4.224959015042076,1.9410839362728494,177.91678214877302,0.011327827349305153,250,2.0745129585266113,1.0,1.0,disabled,single,3,row_7,row_6,-0.25668299198150635,-0.43829184770584106,0.5247763383945359,0.4376254003017285,0.823369333493552,0.18160885572433472,0.3881001372878521,0,25,0,disabled,0,0.0,50.0,alpha
760,0.4510129988193512,-0.0840548500418663,-31.407093048095703,-0.22101663053035736,0.9972756505012512,0.0009351968765258789,94,10,53,0.01533433236181736,0.4885993485342019,0.3,120,157,wall,both,1,1,1,1,1,1,0.0,2,2,0,alpha,full,huber,-3.3074499497458683,5.567491287977745,1.7916637362924597,-3.860163848590018,5.573872538749587,1.6794046163530207,-4.341165612822968,5.456438577581402,1.8163773802603984,160.24614437969487,0.01533433422446251,250,1.553504765033722,1.0,1.0,disabled,single,3,row_6,row_7,-0.22101663053035736,-0.48888877034187317,0.5408810299877207,0.413777010713003,0.8377964628498353,0.2678721398115158,0.3935393013897759,1,26,0,disabled,0,0.0,50.0,alpha
764,0.566877007484436,-0.13278906047344208,-33.74859619140625,-0.19993819296360016,0.9485164880752563,0.0014452338218688965,80,13,60,0.010964881628751755,0.49504950495049505,0.3,112,153,wall,both,1,1,1,1,1,1,0.0,2,2,0,alpha,full,huber,-5.82286437845655,5.765131264755013,1.8207034316312019,-4.322669442736988,5.997442308418034,1.7254315670773737,-4.386911088089696,5.977092841575162,1.759388723009292,210.66643642252546,0.01096488256007433,250,1.7782168984413147,1.0,1.0,disabled,single,3,row_7,row_8,-0.19993819296360016,-0.5435314178466797,0.5564925708079598,0.39467419268312537,0.8405319513277464,0.34359322488307953,0.3861632652429734,1,27,0,disabled,0,0.0,50.0,alpha
768,0.7646103501319885,-0.2415822297334671,0.0,-0.00960254855453968,0.13476943969726562,0.03692913055419922,0,0,0,0.010186226107180119,0.5,0.3,0,0,wall,both,1,1,1,1,1,1,0.0,0,0,0,alpha,full,huber,-5.0467089995914005,6.034386122096781,2.039545646345722,-4.63762093800994,6.382087851065574,1.7827859603576537,-4.563111345577792,6.400561707613406,1.771462504012728,194.3735273364499,0.010186226107180119,250,1.6834233403205872,1.0,1.0,disabled,single,3,row_7,row_8,-0.00960254855453968,-1.259864091873169,0.6660918683423979,0.19078860941759193,0.8649450263478836,1.2502615433186293,0.396725128946067,0,27,0,disabled,0,0.0,50.0,alpha
772,0.24947388470172882,-0.025717858225107193,-27.524856567382812,-0.2396615743637085,1.0113030672073364,0.05508995056152344,97,0,31,0.012227444909512997,0.539568345323741,0.3,107,128,wall,both,1,1,1,1,1,1,0.0,1,1,0,alpha,full,huber,-3.9555509145206185,6.423521462491543,1.4334567628928827,-4.210936792973335,6.734581425272873,1.6686415518008566,-4.395556515940665,6.712791240949748,1.719320684610036,176.30874646604258,0.012227444909512997,250,0.8913538753986359,1.0,1.0,disabled,single,3,row_7,row_6,-0.2396615743637085,-0.5027196407318115,0.540264761298748,0.41530004198590176,0.8359443277533793,0.263058066368103,0.37603438651585797,0,27,0,disabled,0,0.0,50.0,alpha
776,1.4297785758972168,-0.8447383046150208,-26.98483657836914,-0.2694378197193146,1.0753343105316162,0.0552789568901062,114,0,29,0.01101439818739891,0.5119453924914675,0.3,120,143,wall,both,1,1,1,1,1,1,0.0,1,1,0,alpha,full,huber,-3.9520306815861717,6.734367837635992,1.4328799798077254,-4.3594785479627784,6.983663734035209,1.7025334832195353,-4.399480327637265,7.020611564577043,1.713064884910203,201.61184850453128,0.011014399118721485,250,1.7028874158859253,1.0,1.0,disabled,single,3,row_7,row_6,-0.2694378197193146,-0.46650776267051697,0.5263898147983039,0.4322361524541551,0.8321242440530477,0.1970699429512024,0.37227542822632176,0,27,0,disabled,0,0.0,50.0,alpha
780,1.1554265022277832,-0.5516571998596191,0.0,-0.11625030636787415,0.1102738007903099,0.16679108142852783,0,0,0,0.009535349905490875,0.5,0.3,0,0,wall,both,1,1,1,1,1,1,0.0,0,0,0,alpha,full,huber,-4.92692498865596,6.6889152954387034,2.352843891376992,-4.619854212629151,7.169028400732204,1.7724830004988121,-4.5435599543951355,7.261934968215821,1.7423704461471665,203.8978634278862,0.009535349905490875,250,1.8734939694404602,1.0,1.0,disabled,single,3,row_7,row_6,-0.11625030636787415,-1.4190541505813599,0.6681491470753628,0.1815820428813707,0.8640235772374598,1.3028038442134857,0.28699354993464715,0,27,0,disabled,0,0.0,50.0,alpha
784,0.24094200134277344,-0.023988863453269005,0.0,-0.19518885016441345,0.9371954798698425,0.0008875727653503418,0,0,0,0.007090787403285503,0.5,0.3,0,0,wall,both,1,1,1,1,1,1,0.0,0,0,0,alpha,full,huber,-4.329432527827265,8.003016352167588,1.6795459882649837,-4.566790694456868,8.098169038499991,1.6249929098817055,-4.631391318271104,8.155009051829348,1.66421050963638,203.91663061815666,0.007090787403285503,250,0.9076040387153625,1.0,1.0,disabled,single,3,row_7,row_6,-0.19518885016441345,-0.5669828653335571,0.5613275926861209,0.38703327223690476,0.8445595141655724,0.3717940151691437,0.3822617495420533,0,27,0,disabled,0,0.0,50.0,alpha
788,0.0,0.0,0.0,-0.20437011122703552,0.8419175744056702,0.10714048147201538,0,0,0,0.008814321830868721,0.02,0.3,0,0,wall,both,1,1,1,1,1,1,0.0,0,0,0,alpha,full,huber,-7.054504487195143,7.8100557423295,2.2246668128731715,-4.721287966720996,9.330318309648614,1.6225581696323987,-4.740580320760342,9.439147720435837,1.6140605305933233,225.67479737167528,0.008814321830868721,250,inf,0.0,1.0,disabled,single,3,row_8,row_7,-0.20437011122703552,-0.8439899682998657,0.6092186815792809,0.3213585343395628,0.8519089533593525,0.6396198570728302,0.2912078814470882,1,28,0,disabled,0,0.0,50.0,alpha
792,0.0,0.0,0.0,-0.13134340941905975,0.7687932252883911,0.00035959482192993164,0,0,0,0.007505621295422316,0.02,0.3,0,0,wall,both,1,1,1,1,1,1,0.0,0,0,0,alpha,full,huber,-7.872023031254683,7.94274910527967,1.7843454709986624,-5.1016762478762825,10.2246015027215,0.8716983925176413,-4.958867280430688,10.325839977898045,0.8033936306501284,232.05954281752048,0.007505621295422316,250,inf,0.0,1.0,disabled,single,3,row_8,row_9,-0.13134340941905975,-1.3978933095932007,0.6636249410547704,0.18701096320608093,0.8696480436307821,1.266549900174141,0.27869472748234525,0,28,0,disabled,0,0.0,50.0,alpha
796,0.0,0.0,-47.15230178833008,-0.7220096588134766,1.664402723312378,0.16145706176757812,15,0,68,0.014825094491243362,0.02,0.3,83,83,wall,both,1,1,1,1,1,1,0.0,1,1,0,alpha,full,huber,-1.9001636712037309,9.48808738134919,-0.807238393044245,-4.99955468126856,10.319582171070714,0.4038289415168685,-4.849788160487874,10.458673872954028,0.3780091925731739,107.25407907424443,0.014825094491243362,250,inf,0.0,1.0,disabled,single,3,row_6,row_5,-0.7220096588134766,-0.9313367605209351,0.5300664861472986,0.4299527601481722,0.8280880263675043,0.2093271017074585,-0.08725682407081126,1,29,0,disabled,0,0.0,50.0,alpha
800,0.0,0.0,-46.804542541503906,-0.48268434405326843,1.3836032152175903,0.1184546947479248,6,0,65,0.02061748504638672,0.02,0.3,66,71,wall,both,1,1,1,1,1,1,0.0,3,3,0,alpha,full,huber,-1.1433398828082548,9.54509603282895,-0.9020201366419016,-4.507690610155818,10.21128546172055,-0.21586232467079927,-4.448866636964865,10.40710167691719,-0.23301813945840522,70.77097845382018,0.02061748504638672,250,inf,0.0,1.0,disabled,single,3,row_5,row_6,-0.48268434405326843,-1.1129190921783447,0.6034483909511729,0.3213162281152643,0.8642424008815854,0.6302347481250763,0.022410414284668834,1,30,0,disabled,0,0.0,50.0,alpha
804,0.0,0.0,-45.065589904785156,-0.16251987218856812,0.8551083207130432,0.002652406692504883,15,0,75,0.011647684499621391,0.02,0.3,75,90,wall,both,1,1,1,1,1,1,0.0,9,9,0,alpha,full,huber,-0.7660458426930463,9.167719366264667,-1.4665408875188517,-3.471716986111144,9.792842618834666,-1.1187765301964256,-3.6893863106923783,10.016560710505368,-0.9871639731586939,111.74269816560597,0.011647684499621391,250,inf,0.0,1.0,disabled,single,3,row_5,row_6,-0.16251987218856812,-1.1387673616409302,0.6460533313114769,0.2433825699174386,0.8696521699556892,0.9762474894523621,0.27435335020882673,0,30,0,disabled,0,0.0,50.0,alpha
808,1.1820722818374634,-0.5773946046829224,-43.247859954833984,-0.1743822991847992,0.8710014224052429,0.03767949342727661,38,3,76,0.01828809268772602,0.5617977528089888,0.3,109,117,wall,both,1,1,1,1,1,1,0.0,10,10,0,alpha,full,huber,-2.321466784473664,8.814677742492915,-1.1080460994315997,-2.9010690531087704,9.4116043624241,-1.4803578745158192,-3.1604946565105303,9.539496213787704,-1.3523336761160696,164.2380556976351,0.01828809268772602,250,1.4385775923728943,1.0,1.0,disabled,single,3,row_6,row_5,-0.1743822991847992,-0.962277889251709,0.6274954830365224,0.28538549563341675,0.8628859096333963,0.7878955900669098,0.2916365071654787,1,31,0,disabled,0,0.0,50.0,alpha
812,1.3668920993804932,-0.772063672542572,-40.075801849365234,-0.4370739161968231,1.3857125043869019,0.050387799739837646,52,10,84,0.02330324798822403,0.5067567567567568,0.3,103,146,wall,both,1,1,1,1,1,1,0.0,13,13,0,alpha,full,huber,-2.634175195179718,9.42910855724959,-1.064631302101707,-3.0276950528927156,8.688638627358834,-1.7634594525643605,-3.0086898730924387,8.716736426102788,-1.755306872631341,150.33017980162947,0.02330324798822403,250,1.5147978067398071,1.0,1.0,disabled,single,3,row_6,row_5,-0.4370739161968231,-1.452256202697754,0.6509586662376633,0.23586600325766457,0.8667572586383434,1.0151822865009308,-0.007764784685023729,0,31,0,disabled,0,0.0,50.0,alpha
816,1.3420963287353516,-0.7443068623542786,-34.576045989990234,-0.07308024913072586,0.5512298941612244,0.03689819574356079,96,1,50,0.018529053777456284,0.5050505050505051,0.3,120,147,wall,both,1,1,1,1,1,1,0.0,14,14,0,alpha,full,huber,-2.1099389715380643,7.72101900182156,-1.1109341876961216,-2.8067302772228686,7.303489411015109,-1.58830229644635,-3.0316660007824616,7.221176222570687,-1.6979910365232747,157.96048902613637,0.018529053777456284,250,2.5239657163619995,1.0,1.0,disabled,single,3,row_6,row_5,-0.07308024913072586,-0.8386697769165039,0.6255417530769153,0.2909142503514407,0.8600526100632043,0.765589527785778,0.396056950650382,0,31,0,disabled,0,0.0,50.0,alpha
820,0.69697105884552,-0.2007308453321457,-39.14280700683594,-0.09466226398944855,0.6305766105651855,0.03928971290588379,81,23,35,0.008419024758040905,0.5190311418685121,0.3,116,139,wall,both,1,1,1,1,1,1,0.0,12,12,0,alpha,full,huber,-1.9720570563212438,7.410464376277003,-1.1204006140020448,-2.4292691123849943,6.937343274493319,-1.4414029146917164,-2.72620668216537,6.862863415495463,-1.5673074101837345,202.22388114877302,0.00841902568936348,250,1.3544039726257324,1.0,1.0,disabled,single,3,row_6,row_5,-0.09466226398944855,-0.7696486711502075,0.6134963438946791,0.31236984847750954,0.856093546863488,0.674986407160759,0.3939187102813558,0,31,0,disabled,0,0.0,50.0,alpha
824,1.6465996503829956,-1.1203678846359253,-38.47333908081055,-0.1620301902294159,0.8511788249015808,0.015877842903137207,71,19,44,0.008634136989712715,0.528169014084507,0.3,101,134,wall,both,1,1,1,1,1,1,0.0,12,12,0,alpha,full,huber,-1.5925401066748228,6.49864931580415,-1.223209395819174,-1.9397730944902345,5.992963588781951,-1.3635247370335226,-2.2916281279743735,5.799688945905076,-1.4815197216669935,190.43239015336178,0.00863413792103529,250,2.4188504219055176,1.0,1.0,disabled,single,3,row_6,row_5,-0.1620301902294159,-0.593517005443573,0.5722371487039853,0.37169242058562707,0.8488306782646277,0.4314868152141571,0.3961715876576085,0,31,0,disabled,0,0.0,50.0,alpha
828,0.304856538772583,-0.03840392827987671,-33.80180358886719,-0.2823326885700226,1.1271617412567139,0.000437319278717041,79,24,47,0.010877774097025394,0.5,0.3,110,150,wall,both,1,1,1,1,1,1,0.0,11,11,0,alpha,full,huber,-1.1620358204031191,5.639798376582606,-1.3636041172583995,-1.2565046231817365,5.675632857972191,-1.257140363858719,-1.7041135347482235,5.528176448469662,-1.373557582105007,165.13379066659704,0.010877775028347969,250,0.7865177094936371,1.0,1.0,disabled,single,3,row_6,row_5,-0.2823326885700226,-0.4158675968647003,0.5131875863196997,0.44903755935901624,0.8256305361345327,0.13353490829467773,0.384781146740077,0,31,0,disabled,0,0.0,50.0,alpha
832,0.45638641715049744,-0.08606965839862823,-30.31968116760254,-0.22859600186347961,1.014232873916626,0.0008659958839416504,90,22,32,0.01352371834218502,0.5102040816326531,0.3,110,144,wall,both,1,1,1,1,1,1,0.0,12,12,0,alpha,full,huber,-1.1572230638822234,4.973831244179023,-1.3515598240264302,-0.9710934162243912,4.983962101689387,-1.2894253486406528,-1.226542593127141,4.856505553997195,-1.348503612022703,165.18616919184663,0.01352371834218502,250,0.7640953958034515,1.0,1.0,disabled,single,3,row_6,row_5,-0.22859600186347961,-0.4962395429611206,0.5409179329370166,0.4138998478345034,0.8374330760058609,0.267643541097641,0.3858917049047076,0,31,0,disabled,0,0.0,50.0,alpha
836,0.8217725157737732,-0.2790537476539612,-20.53013801574707,-0.2466730773448944,1.0534342527389526,0.004076182842254639,103,6,18,0.01593037322163582,0.5415162454873647,0.3,98,127,wall,both,1,1,1,1,1,1,0.0,10,10,0,alpha,full,huber,-0.9619892394704378,4.185043089099528,-1.2799474021301191,-0.9346679787026746,3.989691415502528,-1.3230070839813695,-0.9685510973145598,3.9485702811481085,-1.3010133210573394,150.69931058567795,0.01593037135899067,213,1.076712965965271,1.0,1.0,disabled,single,3,row_6,row_5,-0.2466730773448944,-0.4692080616950989,0.5321970391433636,0.4260168122002454,0.8318678477615135,0.22253498435020447,0.38406840653760854,0,31,0,disabled,0,0.0,50.0,alpha
840,0.42742401361465454,-0.07549227029085159,-20.181438446044922,-0.31077104806900024,1.1825262308120728,0.00235062837600708,116,0,25,0.01773957908153534,0.5154639175257733,0.3,113,141,wall,both,1,1,1,1,1,1,0.0,13,13,0,alpha,full,huber,-0.7642209388367915,3.8601549008336837,-1.301688836995464,-0.7633578191915225,3.6339842568950136,-1.2776978006233883,-0.8018334381436953,3.580768303091916,-1.28253749544187,130.49289270851722,0.01773958094418049,175,0.8614068031311035,1.0,1.0,disabled,single,3,row_6,row_5,-0.31077104806900024,-0.3868902623653412,0.5015153733526279,0.46475716686057117,0.8165392393846386,0.07611921429634094,0.3793499692399611,0,31,0,disabled,0,0.0,50.0,alpha
844,0.5287364721298218,-0.11552160233259201,-28.64260482788086,-0.21048220992088318,0.972295880317688,0.009928643703460693,87,15,18,0.021347101777791977,0.5555555555555556,0.3,81,120,wall,both,1,1,1,1,1,1,0.0,12,12,0,alpha,full,huber,-0.8918298164746192,3.4325231598648003,-1.229235486563707,-0.5483530936409973,3.223127142711205,-1.2348713677141558,-0.5880281045128664,3.1331828948131175,-1.250867899505815,109.34290102190411,0.021347101777791977,148,0.900118887424469,1.0,1.0,disabled,single,3,row_6,row_5,-0.21048220992088318,-0.5171952843666077,0.54952817845591,0.40437674407416474,0.8369627751409083,0.3067130744457245,0.3882130163578206,0,31,0,disabled,0,0.0,50.0,alpha
848,0.18130218982696533,-0.013582844287157059,-23.787269592285156,-0.24351781606674194,1.0465996265411377,0.005001187324523926,112,4,20,0.026071803644299507,0.5244755244755245,0.3,113,136,wall,both,1,1,1,1,1,1,0.0,10,10,0,alpha,full,huber,-0.7530074474752233,3.074519570567017,-1.29810932112999,-0.4743409932472151,2.819247949962236,-1.2657740829398643,-0.4607946892475824,2.7652166647105005,-1.2546744672033119,98.50408180571772,0.026071807369589806,143,0.6874510645866394,1.0,1.0,disabled,single,3,row_6,row_5,-0.24351781606674194,-0.46706080436706543,0.5325327627943576,0.42585607359176036,0.8313863342059664,0.2235429883003235,0.38659304085010426,0,31,0,disabled,0,0.0,50.0,alpha
852,1.2831928730010986,-0.6804065704345703,-24.96063995361328,-0.24469111859798431,1.0457563400268555,0.020212173461914062,108,6,14,0.03795130178332329,0.539568345323741,0.3,97,128,wall,both,1,1,1,1,1,1,0.0,11,11,0,alpha,full,huber,-0.7002921077154647,2.7672897639229945,-1.196764580434911,-0.5512521655113851,2.494268189587734,-1.342640327593964,-0.4653324285275139,2.477964694300706,-1.2961947012376056,54.55062628394148,0.03795130178332329,80,1.5436919331550598,1.0,1.0,disabled,single,3,row_6,row_5,-0.24469111859798431,-0.46910789608955383,0.5324556994529798,0.425422555454651,0.832587691271873,0.22441677749156952,0.3855644597768759,0,31,0,disabled,0,0.0,50.0,alpha
856,0.9773392081260681,-0.39470741152763367,-26.246749877929688,-0.2828889489173889,1.1278071403503418,0.0075653791427612305,112,5,19,0.08044043928384781,0.5244755244755245,0.3,119,136,wall,both,1,1,1,1,1,1,0.0,11,11,0,alpha,full,huber,-0.40001752675630536,1.4666386217332907,-1.2777233177902445,-0.332825529251464,1.8871414038993646,-1.322341943181014,-0.33696276267215985,1.9560391746944688,-1.304872454948011,34.55611644246374,0.0804404467344284,80,1.7133182287216187,1.0,1.0,disabled,single,3,row_6,row_5,-0.2828889489173889,-0.42519333958625793,0.5162430409578337,0.4477671189693638,0.820750057943449,0.14230439066886902,0.3782886658651873,0,31,0,disabled,0,0.0,50.0,alpha
860,0.25470322370529175,-0.026807328686118126,-29.51597785949707,-0.2639434337615967,1.08980393409729,0.0019905567169189453,107,8,29,0.03846849128603935,0.5102040816326531,0.3,114,144,wall,both,1,1,1,1,1,1,0.0,12,12,0,alpha,full,huber,-0.3655421605802004,1.041140767266419,-1.3377015264610206,-0.1979566592137984,1.2265796880191449,-1.3099562436635606,-0.19907116627296173,1.329271323243278,-1.3050833624689628,51.74529564046094,0.03846849128603935,80,0.7246620357036591,1.0,1.0,disabled,single,3,row_6,row_5,-0.2639434337615967,-0.45083507895469666,0.5252443173465373,0.4357078175738717,0.8268102514372404,0.18689164519309998,0.3799483245039087,0,31,0,disabled,0,0.0,50.0,alpha
864,0.36521053314208984,-0.05511517822742462,-32.67690658569336,-0.13453614711761475,0.7775258421897888,0.006867408752441406,114,12,25,0.024716662243008614,0.4983388704318937,0.3,119,151,wall,both,1,1,1,1,1,1,0.0,11,11,0,alpha,full,huber,-0.6792138992755683,1.0226551912756627,-1.5180706957342485,-0.15463183353435578,0.7908304341556657,-1.3103725098327152,-0.12112144254703516,0.8365150205805084,-1.3058155775896447,77.51678444576035,0.024716664105653763,97,1.0136826038360596,1.0,1.0,disabled,single,3,row_6,row_5,-0.13453614711761475,-0.6702084541320801,0.5916407442461685,0.3462729347058126,0.8503102832467757,0.5356723070144653,0.39031953212460013,0,31,0,disabled,0,0.0,50.0,alpha
868,0.46669262647628784,-0.09000083059072495,-31.981807708740234,-0.2601197361946106,1.081702709197998,0.0049932003021240234,118,16,17,0.041094932705163956,0.4983388704318937,0.3,120,151,wall,both,1,1,1,1,1,1,0.0,13,13,0,alpha,full,huber,0.04410788167178582,0.699169658391347,-1.2923959518375625,0.04783398753543784,0.45412845544705327,-1.273602733911129,0.017509456729627573,0.45777266668084965,-1.282865298713167,74.77993145795185,0.041094932705163956,102,0.8582779765129089,1.0,1.0,disabled,single,3,row_5,row_6,-0.2601197361946106,-0.45676472783088684,0.5272008320732365,0.43308610707551076,0.8280319926180004,0.19664499163627625,0.38005398131284807,1,32,0,disabled,0,0.0,50.0,alpha
872,0.5993329882621765,-0.1484297662973404,-24.166196823120117,-0.23145756125450134,1.0204963684082031,0.0028209686279296875,90,13,9,0.031247742474079132,0.5725190839694657,0.3,89,112,wall,both,1,1,1,1,1,1,0.0,9,9,0,alpha,full,huber,0.35157560055464954,-0.66086116130889,-1.3140574646581362,0.5629416614854921,-0.9479983585335872,-1.2891120463049186,0.517681793973532,-0.9913332453329904,-1.299852340653218,58.72804336221416,0.03124774433672428,80,1.0365657210350037,1.0,1.0,disabled,single,3,row_5,row_6,-0.23145756125450134,-0.48065125942230225,0.5375438479632875,0.4189772557012423,0.8344893238977225,0.2491936981678009,0.38928738344697356,0,32,0,disabled,0,0.0,50.0,alpha
876,1.4626624584197998,-0.8840419054031372,-23.418394088745117,-0.1951812356710434,0.9371504187583923,0.0018755197525024414,105,5,25,0.024733183905482292,0.5263157894736842,0.3,120,135,wall,both,1,1,1,1,1,1,0.0,3,3,0,alpha,full,huber,0.5215144205560356,-1.124845239261909,-1.3279325355463776,0.8454777196583999,-1.513239180218318,-1.3545226425889962,0.784963568039415,-1.591563441721847,-1.3654019524422556,76.79322668043869,0.02473318576812744,92,1.9154855012893677,1.0,1.0,disabled,single,3,row_5,row_6,-0.1951812356710434,-0.5434934496879578,0.5567033380391099,0.39296489307181054,0.8435644329203534,0.34831221401691437,0.3905415520212143,0,32,0,disabled,0,0.0,50.0,alpha
880,0.43105602264404297,-0.07678070664405823,-23.69416046142578,-0.10507645457983017,0.6822905540466309,0.019968271255493164,118,9,9,0.02138819359242916,0.5244755244755245,0.3,120,136,wall,both,1,1,1,1,1,1,0.0,4,4,0,alpha,full,huber,1.0053509762624866,-2.2990763726304264,-1.5632406835329449,0.950283235623985,-2.2024133895335427,-1.420010134554143,0.929589594425643,-2.1852932273623544,-1.4014438592589409,83.02585553556811,0.02138819359242916,112,0.7683990001678467,1.0,1.0,disabled,single,3,row_5,row_6,-0.10507645457983017,-0.7443335056304932,0.6060885385444611,0.31982341890175064,0.8608947440646834,0.639257051050663,0.395652745796345,0,32,0,disabled,0,0.0,50.0,alpha
884,0.6537486910820007,-0.17660634219646454,-29.788846969604492,-0.11328301578760147,0.7139396071434021,0.0018638968467712402,111,15,15,0.02534094825387001,0.5154639175257733,0.3,120,141,wall,both,1,1,1,1,1,1,0.0,4,4,0,alpha,full,huber,1.2244689860136382,-3.7323863689368046,-1.342814103590992,1.1516469828864158,-4.076691792504775,-1.4534573813098803,1.2042658362548102,-4.117687271732452,-1.4524421361755084,66.76438640388753,0.025340944528579712,87,1.2902591228485107,1.0,1.0,disabled,single,3,row_5,row_6,-0.11328301578760147,-0.6962772011756897,0.5982424216810259,0.3339535374409089,0.8560869640118347,0.5829941853880882,0.4004762039647217,0,32,0,disabled,0,0.0,50.0,alpha
888,0.21883000433444977,-0.01978783868253231,-37.754150390625,-0.05425882339477539,0.47904330492019653,0.028273046016693115,100,3,46,0.016815824434161186,0.5016722408026756,0.3,120,149,wall,both,1,1,1,1,1,1,0.0,6,6,0,alpha,full,huber,1.6702077319154434,-4.943273894518831,-1.1519019807508766,1.3373786327116934,-4.933610743982318,-1.3807585456840845,1.3256974746991137,-4.971958841854547,-1.4072291482437436,92.40946538540466,0.016815822571516037,117,0.8359816074371338,1.0,1.0,disabled,single,3,row_5,row_6,-0.05425882339477539,-0.9075324535369873,0.6361530494030173,0.27101266333551116,0.862235076615574,0.8532736301422119,0.3980572774818581,0,32,0,disabled,0,0.0,50.0,alpha
892,0.5118877291679382,-0.10827647149562836,-36.05702590942383,-0.33220431208610535,1.2226604223251343,0.001065075397491455,100,31,41,0.022787844762206078,0.46583850931677023,0.3,120,172,wall,both,1,1,1,1,1,1,0.0,4,4,0,alpha,full,huber,1.034805400238457,-5.603463868090953,-1.4364171725431591,1.3257040842808896,-5.602773483003452,-1.3965436572395087,1.368149226776771,-5.576103263664964,-1.3794427235967275,80.97087637357598,0.022787844762206078,107,0.9124413728713989,1.0,1.0,disabled,single,3,row_5,row_6,-0.33220431208610535,-0.3611180782318115,0.4915097156793161,0.4775018053019239,0.8097279579588816,0.028913766145706177,0.37806926009967434,0,32,0,disabled,0,0.0,50.0,alpha
896,0.40303125977516174,-0.06712156534194946,-38.81229019165039,-0.08306561410427094,0.06553760915994644,0.14183521270751953,119,16,33,0.020735684782266617,0.4716981132075471,0.3,120,168,wall,both,1,1,1,1,1,1,0.0,4,4,0,alpha,full,huber,2.1257372351571386,-5.136083877327011,-0.8511477771354157,1.5140942829171802,-5.800663646156996,-1.2579112007693423,1.4764622398850102,-5.844370257947565,-1.3128527591643304,126.09198143036943,0.020735684782266617,169,1.473976492881775,1.0,1.0,disabled,single,3,row_5,row_6,-0.08306561410427094,-1.3971000909805298,0.6664300560592129,0.17909219248877697,0.8669821270870173,1.3140344768762589,0.32275447291263226,0,32,0,disabled,0,0.0,50.0,alpha
900,0.2809881865978241,-0.03262576833367348,-34.647701263427734,-0.10740961134433746,0.6882425546646118,0.022939682006835938,102,2,26,0.011379146948456764,0.5357142857142857,0.3,120,130,wall,both,1,1,1,1,1,1,0.0,1,1,0,alpha,full,huber,1.625704847718847,-5.864539221671024,-1.6048661270884192,1.7069205668932805,-6.064966696402075,-1.2046830832402287,1.6478337439207822,-6.134826083097414,-1.258646884791633,169.91332011733823,0.01137914601713419,224,0.5252974927425385,1.0,1.0,disabled,single,3,row_5,row_6,-0.10740961134433746,-0.7301197052001953,0.6060238934569503,0.3251248685891036,0.8530438631576635,0.6227100938558578,0.39342625419897126,0,32,0,disabled,0,0.0,50.0,alpha
904,0.3025265336036682,-0.037819135934114456,-37.3289794921875,-0.15639235079288483,0.0200592540204525,0.19568908214569092,110,5,19,0.010292322374880314,0.528169014084507,0.3,120,134,wall,both,1,1,1,1,1,1,0.0,1,1,0,alpha,full,huber,2.387233575685354,-6.098079518656744,-0.7675908101489091,1.9671107094997295,-6.333536094359644,-1.142342767438805,1.868418344838759,-6.383510422904301,-1.2024929680093752,159.7583510849438,0.010292322374880314,196,0.5157346725463867,1.0,1.0,disabled,single,3,row_5,row_4,-0.14525622129440308,-1.5214513540267944,0.6645402001462315,0.16782138686738837,0.8705009237052721,1.3761951327323914,0.26340368453023566,0,32,0,disabled,0,0.0,50.0,alpha
908,1.0310603380203247,-0.43929150700569153,0.0,-0.0555892251431942,0.2481350302696228,0.10132700204849243,0,0,0,0.013753077946603298,0.5,0.3,0,0,wall,both,1,1,1,1,1,1,0.0,0,0,0,alpha,full,huber,2.159230273325419,-6.359048979282429,-0.9498107572933581,2.099491641336116,-6.7686572614347735,-1.1738040059776311,2.085077617034273,-6.82743769421684,-1.1868357665865803,137.69255155688666,0.013753078877925873,169,1.5347110033035278,1.0,1.0,disabled,single,3,row_5,row_6,-0.0555892251431942,-1.1388436555862427,0.6564319002103713,0.22219703345483816,0.8665025298739681,1.0832544304430485,0.3653470970677946,0,32,0,disabled,0,0.0,50.0,alpha
912,0.6413196921348572,-0.16995494067668915,0.0,-0.21656537055969238,0.9862062931060791,0.01028066873550415,0,0,0,0.0065516140311956406,0.5,0.3,0,0,wall,both,1,1,1,1,1,1,0.0,0,0,0,alpha,full,huber,1.1282395805028411,-7.516891880620759,-1.5049599551555013,2.1855169198625184,-7.3800023355470845,-1.184044309664828,2.2445872398106523,-7.3894294421652225,-1.146704078893319,219.14235114385986,0.0065516140311956406,250,1.9866273403167725,1.0,1.0,disabled,single,3,row_6,row_5,-0.21656537055969238,-0.4719613194465637,0.5400031618546668,0.4182917041444078,0.829815085294802,0.25539594888687134,0.3996149135948467,1,33,0,disabled,0,0.0,50.0,alpha
916,0.5335422158241272,-0.11763110756874084,0.0,-0.13437682390213013,0.7562149167060852,0.04228079319000244,0,0,0,0.0066889370791614056,0.5,0.3,0,0,wall,both,1,1,1,1,1,1,0.0,0,0,0,alpha,full,huber,2.250297622269124,-8.574899634926146,-1.5826955851111957,2.2748881906606377,-7.979555644399374,-1.221340044527813,2.3692197188502746,-7.953133666773049,-1.1761158106305767,213.19393581089165,0.006688937544822693,250,1.2427199482917786,1.0,1.0,disabled,single,3,row_5,row_6,-0.13437682390213013,-0.8359242081642151,0.6149057817770052,0.3048810411303496,0.8635514154076598,0.701547384262085,0.3519093993724566,1,34,0,disabled,0,0.0,50.0,alpha
920,1.419751763343811,-0.8329318761825562,0.0,-0.14326530694961548,0.7396672368049622,0.0728905200958252,0,0,0,0.00820501334965229,0.5,0.3,0,0,wall,both,1,1,1,1,1,1,0.0,0,0,0,alpha,full,huber,1.0436065734650868,-8.66101166231758,-1.7835045080971812,2.3631216273668656,-8.6548645537667,-1.2692078400172884,2.495597780272572,-8.650539506563888,-1.2188232627677735,209.1422408400598,0.00820501334965229,250,2.1349977254867554,1.0,1.0,disabled,single,3,row_6,row_5,-0.14326530694961548,-0.806710422039032,0.6143542953292398,0.3164377927473348,0.8482350688946594,0.6634451150894165,0.3439181820786318,1,35,0,disabled,0,0.0,50.0,alpha
924,0.7539572715759277,-0.23489734530448914,0.0,-0.45429614186286926,1.4294663667678833,0.007224619388580322,0,0,0,0.0071189492009580135,0.5,0.3,0,0,wall,both,1,1,1,1,1,1,0.0,0,0,0,alpha,full,huber,1.38286538299405,-9.497427825120523,-1.5196110602732822,2.1440787891503925,-9.250656612864322,-1.198641369412627,2.3926243305980948,-9.226643507008252,-1.11565909652378,198.53796169750137,0.0071189492009580135,250,1.2169663310050964,1.0,1.0,disabled,single,3,row_6,row_5,-0.45429614186286926,-0.9117639660835266,0.5793289608536435,0.3666481414320222,0.8417818347553638,0.45746782422065735,0.09158866742381866,0,35,0,disabled,0,0.0,50.0,alpha
928,0.9228429198265076,-0.35191696882247925,0.0,-0.7587275505065918,1.8314136266708374,0.05724900960922241,0,0,0,0.008426651358604431,0.5,0.3,0,0,wall,both,1,1,1,1,1,1,0.0,0,0,0,alpha,full,huber,1.175074706919212,-10.16565160039516,-1.0593224771915408,2.088482453855231,-9.855973808599835,-0.9704322514566516,2.34640405670729,-9.820131251225376,-0.8752702643889672,204.93943637577317,0.008426651358604431,250,1.682520866394043,1.0,1.0,disabled,single,3,row_6,row_5,-0.7587275505065918,-1.5870864391326904,0.6366498107130768,0.2780666597098503,0.8533147382925783,0.8283588886260986,-0.30719202822676855,0,35,0,disabled,0,0.0,50.0,alpha
932,2.002303123474121,-1.6567015647888184,0.0,-1.0629079341888428,2.1643590927124023,0.07328140735626221,0,0,0,0.007886259816586971,0.5,0.3,0,0,wall,both,1,1,1,1,1,1,0.0,0,0,0,alpha,full,huber,0.8944127750052987,-10.634808116285296,-1.0141210444985074,2.072153536955354,-10.385527615271616,-0.7328473537891138,2.3536567968804736,-10.32050428828471,-0.614613049401842,206.69569677322318,0.007886259816586971,250,2.679784417152405,1.0,1.0,disabled,single,3,row_6,row_5,-1.0629079341888428,-2.302123785018921,0.6715279564446769,0.1944820356498752,0.8551686632659601,1.2392158508300781,-0.6647083031323809,0,35,0,disabled,0,0.0,50.0,alpha
936,0.32335755228996277,-0.04320665821433067,-49.873870849609375,-3.563493251800537,3.6236753463745117,0.39767396450042725,4,0,69,0.01405725721269846,0.6726457399103138,0.3,66,73,wall,both,1,1,1,1,1,1,0.0,4,4,0,alpha,full,huber,1.9435544025034355,-11.785939605509876,-0.4749490720267251,2.3133963276509166,-11.32796693030351,-0.09992298416233773,2.7209715319075567,-11.149491148185573,0.07939725813855159,130.8508982800015,0.01405725721269846,250,1.2349213361740112,1.0,1.0,disabled,single,3,row_6,row_5,-3.563493251800537,-3.705899953842163,0.5096489857341134,0.44200249349288573,0.8508517939013156,0.14240670204162598,-2.8894601983084307,0,35,1,disabled,0,0.0,50.0,alpha
940,0.8534213304519653,-0.300961971282959,-49.47895431518555,-5.188669204711914,3.343862295150757,0.8139153122901917,3,0,79,0.01946258172392845,0.646551724137931,0.3,69,82,wall,both,1,1,1,1,1,1,0.0,3,3,0,alpha,full,huber,3.7517066780681096,-11.214479991109629,0.4671055936140287,3.033572398739633,-11.342957949237512,0.3417703400108586,3.1011973800433386,-11.239324967935001,0.42309095767560656,125.76858292646102,0.01946258172392845,229,1.543724775314331,1.0,1.0,disabled,single,3,row_5,row_4,-5.188669204711914,-5.462921142578125,0.4752644480179457,0.36126777556041545,1.017424167694221,0.27425193786621094,-4.444785307515641,1,36,1,disabled,0,0.0,50.0,alpha
944,0.25548112392425537,-0.026971323415637016,-49.26998519897461,-6.882624626159668,3.8640687465667725,0.9345220923423767,4,0,79,0.02437208965420723,0.6437768240343348,0.3,66,83,wall,both,1,1,1,1,1,1,0.0,4,4,0,alpha,full,huber,3.4485617551607826,-11.822780419984241,0.34545471157041474,3.1243348560700372,-11.40011864778089,0.37992610065678983,3.1836740929494853,-11.296353613051533,0.4653148489466843,111.16102225612372,0.02437208965420723,196,1.0382868647575378,1.0,1.0,disabled,single,3,row_5,row_6,-6.882624626159668,-7.356543064117432,0.46114993652639114,0.2870925949122622,1.0624684998542393,0.47391843795776367,-6.108592579217248,0,36,1,disabled,0,0.0,50.0,alpha
948,0.8359812498092651,-0.28878703713417053,-48.731014251708984,-4.1034770011901855,3.94787859916687,0.3959729075431824,8,0,96,0.06756434589624405,0.5905511811023622,0.3,93,104,wall,both,1,1,1,1,1,1,0.0,4,4,0,alpha,full,huber,3.5795817808047126,-11.88254669163022,0.9284744981464712,3.4124343438884686,-11.403492610111835,0.5502969696363882,3.357087597058378,-11.331383104420242,0.5641616845744601,37.969859516204096,0.06756434589624405,80,1.4471144676208496,1.0,1.0,disabled,single,3,row_5,row_4,-4.1034770011901855,-5.083230018615723,0.5895553822218901,0.2213213340985453,0.9602542783596957,0.9797530174255371,-3.575090385562123,0,36,1,disabled,0,0.0,50.0,alpha
952,0.42109841108322144,-0.07327432930469513,-48.449729919433594,-1.89771568775177,2.9222800731658936,7.50422477722168e-05,11,5,115,0.08508138358592987,0.5338078291814947,0.3,120,131,wall,both,1,1,1,1,1,1,0.0,7,7,0,alpha,full,huber,4.615264563751375,-10.459877396975802,1.7358479277811156,4.138886992640891,-10.738779859885497,1.4172366327552988,4.0320471977871435,-10.850443597506402,1.3632092523750643,27.552756337997174,0.08508137613534927,80,0.7952262759208679,1.0,1.0,disabled,single,3,row_4,row_5,-1.89771568775177,-2.084906816482544,0.5247242447099764,0.43514606124137456,0.8295015493587894,0.18719112873077393,-1.2528332851986403,1,37,1,disabled,0,0.0,50.0,alpha
956,0.18372742831707,-0.013948665000498295,-46.3395881652832,-1.551746129989624,2.642509698867798,7.623434066772461e-05,22,2,130,0.04202078655362129,0.49342105263157904,0.3,116,154,wall,both,1,1,1,1,1,1,0.0,8,8,0,alpha,full,huber,4.5518819479887185,-10.157538627995796,1.7604485339781375,4.327747061491666,-10.144870646107242,1.7988910596533738,4.221347195763295,-10.335776432563097,1.6857948499509998,51.57810747535565,0.04202078655362129,80,0.7506116628646851,1.0,1.0,disabled,single,3,row_4,row_5,-1.551746129989624,-1.7259771823883057,0.5220285355703946,0.4385576174323618,0.8282731961526739,0.17423105239868164,-0.9017131032396707,0,37,1,disabled,0,0.0,50.0,alpha
960,0.7156725525856018,-0.21164759993553162,-46.03467559814453,-0.9701842069625854,2.08709454536438,0.023175477981567383,31,18,142,0.04187047854065895,0.4398826979472141,0.3,120,191,wall,both,1,1,1,1,1,1,0.0,10,10,0,alpha,full,huber,4.661966786344998,-9.61200497278911,1.96381182390164,4.382835748865352,-9.791963067781037,1.919744289188081,4.302476289821305,-9.970107072826139,1.8375464946100557,63.387793968406385,0.04187047854065895,97,1.1042709350585938,1.0,1.0,disabled,single,3,row_4,row_5,-0.9701842069625854,-1.3640823364257812,0.5653726544190979,0.38130018407095606,0.8463711522397308,0.3938981294631958,-0.3999140070527998,0,37,0,disabled,0,0.0,50.0,alpha
964,0.7816354036331177,-0.2524603009223938,-41.30677032470703,-0.723064124584198,1.793458342552185,0.04506140947341919,35,3,91,0.04812378063797951,0.5376344086021506,0.3,120,129,wall,both,1,1,1,1,1,1,0.0,5,5,0,alpha,full,huber,4.660570139043011,-9.304903441029433,2.0494446581865713,4.3465364091926055,-9.17311130235534,1.8003564587445628,4.251148201782369,-9.255244510490249,1.825549400479626,58.08780640566767,0.04812378063797951,92,1.2873883247375488,1.0,1.0,disabled,single,3,row_4,row_5,-0.723064124584198,-1.1679643392562866,0.5744623330381892,0.36816614442360684,0.8502954200228094,0.4449002146720886,-0.168743375968891,0,37,0,disabled,0,0.0,50.0,alpha
968,1.379942536354065,-0.7868766188621521,-41.53156661987305,-0.23249301314353943,0.9483913779258728,0.08939206600189209,45,15,89,0.023863201960921288,0.5016722408026756,0.3,109,149,wall,both,1,1,1,1,1,1,0.0,13,13,0,alpha,full,huber,4.590669270261093,-8.310784555145746,2.17414472112357,4.348070602377397,-8.653943223625609,1.7582029310181,4.241952604533127,-8.68451245326336,1.7963537406160626,79.89603278892974,0.023863205686211586,97,1.623289704322815,1.0,1.0,disabled,single,3,row_4,row_5,-0.23249301314353943,-0.7713578939437866,0.589886079112529,0.3441455062430988,0.8577943009027478,0.5388648808002472,0.2953328338323332,0,37,0,disabled,0,0.0,50.0,alpha
972,0.5841789841651917,-0.14101862907409668,-44.45646667480469,-0.4947652220726013,1.208596110343933,0.20418184995651245,51,2,93,0.01997702196240425,0.5067567567567568,0.3,120,146,wall,both,1,1,1,1,1,1,0.0,11,11,0,alpha,full,huber,4.781763435707669,-8.727311905190703,1.0976622010124508,4.3613109676137745,-8.336907073777207,1.680581770639963,4.258527404786782,-8.279471483472712,1.739659155222995,107.66625585967923,0.019977020099759102,143,1.309505820274353,1.0,1.0,disabled,single,3,row_4,row_5,-0.4947652220726013,-1.3145036697387695,0.6393456398777585,0.2816617176188061,0.8433797668670703,0.8197384476661682,-0.047455158707211786,0,37,0,disabled,0,0.0,50.0,alpha
976,0.20584410429000854,-0.017509005963802338,-36.66057586669922,-0.3021608293056488,1.1562955379486084,0.03515857458114624,72,13,73,0.022743264213204384,0.48701298701298706,0.3,120,158,wall,both,1,1,1,1,1,1,0.0,10,10,0,alpha,full,huber,4.004651752514722,-7.37750717087394,2.0140580281231966,3.9625318105935987,-7.8221075804268905,1.8995721484894448,4.061394747479491,-7.82652646645996,1.8235968037309904,123.21200075793591,0.022743264213204384,218,0.6134021878242493,1.0,1.0,disabled,single,3,row_4,row_5,-0.3021608293056488,-0.4177698493003845,0.5096089302161444,0.45397158504757484,0.822689117347649,0.11560901999473572,0.37195082160005166,0,37,0,disabled,0,0.0,50.0,alpha
980,0.11100485175848007,-0.005091767758131027,-36.182884216308594,-0.2659251391887665,1.0936031341552734,0.00615304708480835,71,18,48,0.017268860712647438,0.5226480836236934,0.3,107,137,wall,both,1,1,1,1,1,1,0.0,7,7,0,alpha,full,huber,3.9643721273531307,-6.827340557824831,1.875866890813466,3.7771902874613454,-7.279603027958878,1.9308089194843463,3.84735705168927,-7.302260656980398,1.8912872273551073,116.72459069919381,0.017268860712647438,159,0.6287229061126709,1.0,1.0,disabled,single,3,row_4,row_5,-0.2659251391887665,-0.47024479508399963,0.5283455803311515,0.43070823930814134,0.8307263910636853,0.20431965589523315,0.3720795619812508,0,37,0,disabled,0,0.0,50.0,alpha
984,0.26113101840019226,-0.028177443891763687,-34.13017654418945,-0.21379224956035614,0.9808490872383118,0.00010251998901367188,88,16,69,0.03201095014810562,0.46439628482972134,0.3,120,173,wall,both,1,1,1,1,1,1,0.0,12,12,0,alpha,full,huber,3.359749692949891,-6.08729994582146,1.723402623154242,3.489678203591981,-6.571914541087905,1.9041060613586487,3.557638628700142,-6.620409263683916,1.8800853062906109,73.72241855653334,0.03201095387339592,112,0.5021737068891525,1.0,1.0,disabled,single,3,row_5,row_4,-0.21379224956035614,-0.5298669338226318,0.5510292614010938,0.4017030883242226,0.839023084500875,0.3160746842622757,0.3821751156878437,1,38,0,disabled,0,0.0,50.0,alpha
988,0.2523312270641327,-0.026310348883271217,-32.93715286254883,-0.1906072348356247,0.9261385202407837,1.2218952178955078e-05,80,31,52,0.03360605612397194,0.47923322683706066,0.3,118,163,wall,both,1,1,1,1,1,1,0.0,10,10,0,alpha,full,huber,3.075720950287528,-4.817901962798042,1.756278176271179,3.1031593068279393,-5.27753910049364,1.9267785061108171,3.1343391446064732,-5.339382632671686,1.8894431575953323,62.299936407570236,0.03360605612397194,87,0.9851304888725281,1.0,1.0,disabled,single,3,row_5,row_4,-0.1906072348356247,-0.5538729429244995,0.5602263822913763,0.3895823422769049,0.8420226672384286,0.3632657080888748,0.3888070880142446,0,38,0,disabled,0,0.0,50.0,alpha
992,1.0924577713012695,-0.4931669533252716,-29.70793914794922,-0.18796557188034058,0.9196203351020813,0.0027950406074523926,89,33,35,0.029022494331002235,0.4885993485342019,0.3,115,157,wall,both,1,1,1,1,1,1,0.0,12,12,0,alpha,full,huber,2.968477645949193,-4.2512774085736815,1.8124975658084779,2.9374913262944613,-4.740974631086657,1.8986233448663135,2.9617519953412352,-4.815280573333114,1.8899147152525284,81.73120168307842,0.029022490605711937,112,1.691901445388794,1.0,1.0,disabled,single,3,row_5,row_4,-0.18796557188034058,-0.5545810461044312,0.5605840781156882,0.38852742626674946,0.8433151318635467,0.3666154742240906,0.39081047028052507,0,38,0,disabled,0,0.0,50.0,alpha
996,1.0691174268722534,-0.4723190367221832,-22.436782836914062,-0.21979059278964996,0.9945113658905029,0.0005115270614624023,120,8,41,0.014362487010657787,0.47021943573667707,0.3,120,169,wall,both,1,1,1,1,1,1,0.0,13,13,0,alpha,full,huber,3.0517304240811187,-4.294640631077007,1.769700362390365,2.7352878045595017,-4.415691805833009,1.9912737208941695,2.7743712355973535,-4.405363550525446,1.9452088978605664,115.85962934409325,0.014362487010657787,133,0.8346207737922668,1.0,1.0,disabled,single,3,row_5,row_4,-0.21979059278964996,-0.5033473372459412,0.54449195238139,0.41005709986928823,0.8370412520929529,0.2835567444562912,0.3881115237608527,0,38,0,disabled,0,0.0,50.0,alpha
1000,0.4659246504306793,-0.08970487117767334,-29.9749813079834,-0.09007551521062851,0.6350682973861694,0.01050800085067749,116,10,32,0.022372286766767502,0.48701298701298706,0.3,120,158,wall,both,1,1,1,1,1,1,0.0,14,14,0,alpha,full,huber,2.702949234220093,-4.387989887596045,1.5926172016910742,2.5866874939790345,-4.108028770911694,2.047726115256548,2.608389190266729,-4.082123960202084,2.005110469491485,95.03647367022106,0.022372286766767502,117,0.5722467303276062,1.0,1.0,disabled,single,3,row_5,row_4,-0.09007551521062851,-0.7730728387832642,0.6137364903955814,0.3099987743365803,0.8589569934913355,0.6829973235726357,0.3981140964804639,0,38,0,disabled,0,0.0,50.0,alpha
1004,0.11099521815776825,-0.00509088346734643,-33.004547119140625,-0.11006153374910355,0.7037538886070251,0.0006330013275146484,122,8,27,0.02565234713256359,0.4885993485342019,0.3,120,157,wall,both,1,1,1,1,1,1,0.0,11,11,0,alpha,full,huber,2.5065001111009524,-2.7932690111076086,1.6955190634522896,2.3627553641835646,-3.458841918950327,1.972175549913781,2.350775601305152,-3.475194221042673,1.978018875264068,72.58802566759023,0.02565234713256359,97,0.8824852705001831,1.0,1.0,disabled,single,3,row_5,row_4,-0.11006153374910355,-0.7130289673805237,0.6013966986538017,0.3290755459890196,0.8569304664583022,0.6029674336314201,0.398438964128654,0,38,0,disabled,0,0.0,50.0,alpha
1008,0.10091601312160492,-0.0042082821018993855,-32.554019927978516,-0.053590238094329834,0.46293094754219055,0.0382346510887146,101,13,38,0.01657840795814991,0.49668874172185423,0.3,120,152,wall,both,1,1,1,1,1,1,0.0,15,15,0,alpha,full,huber,2.2793898736114584,-2.8974207957573994,2.0085216395376433,2.218428630042568,-2.731862913765749,1.915297463333341,2.139421242342883,-2.745117145800565,1.9412192252040654,96.3004217025776,0.01657840982079506,127,0.5443936586380005,1.0,1.0,disabled,single,3,row_5,row_4,-0.053590238094329834,-0.9236354231834412,0.6367258188552916,0.26674521507677273,0.8655980408383865,0.8700451850891113,0.3978259036342404,0,38,0,disabled,0,0.0,50.0,alpha
1012,0.8830605745315552,-0.3222297728061676,-21.2248477935791,-0.29441311955451965,1.1510226726531982,0.0005698800086975098,91,14,26,0.018851647153496742,0.5338078291814947,0.3,102,131,wall,both,1,1,1,1,1,1,0.0,8,8,0,alpha,full,huber,2.6815821257593013,-1.3262228181570286,1.7186433356511035,2.1415719642493363,-1.5540887318200263,1.762048167080227,1.9503480894355767,-1.6001424988817579,1.8401635658986972,93.26565798310429,0.018851647153496742,127,1.8475124835968018,1.0,1.0,disabled,single,3,row_5,row_4,-0.29441311955451965,-0.38515424728393555,0.5047259364350062,0.4609430290402333,0.8178468354795101,0.0907411277294159,0.389326577595974,0,38,0,disabled,0,0.0,50.0,alpha
1016,1.0262943506240845,-0.4352397322654724,-24.661996841430664,-0.32190781831741333,1.2035213708877563,0.0025725364685058594,86,10,39,0.01438895333558321,0.5263157894736842,0.3,113,135,wall,both,1,1,1,1,1,1,0.0,10,10,0,alpha,full,huber,2.6997328896914743,-1.1343931346415121,1.6806604781950085,2.3621642386506236,-1.0688765026307325,1.7116646504823059,2.1330742475939206,-1.1493936250253538,1.782459358413961,110.81464872733969,0.01438895333558321,148,1.4942293763160706,1.0,1.0,disabled,single,3,row_5,row_4,-0.32190781831741333,-0.3578318953514099,0.492790603262898,0.4754017646991226,0.8119142422837506,0.03592407703399658,0.38576311668139573,0,38,0,disabled,0,0.0,50.0,alpha
1020,0.3642970323562622,-0.054839808493852615,-29.916440963745117,-0.197098046541214,0.9417278170585632,0.002212226390838623,78,9,29,0.019820241257548332,0.5639097744360902,0.3,86,116,wall,both,1,1,1,1,1,1,0.0,9,9,0,alpha,full,huber,2.20202620980471,0.13443936398259704,1.815751622396201,2.2635966640398504,-0.14901267062705117,1.7289052319427491,2.131323686647205,-0.2569590117235013,1.7418114634768669,94.47894443935154,0.019820241257548332,127,0.8237543702125549,1.0,1.0,disabled,single,3,row_5,row_4,-0.197098046541214,-0.536788821220398,0.5556071138772808,0.3955869613675512,0.8407773492099337,0.33969077467918396,0.3905958176879154,0,38,0,disabled,0,0.0,50.0,alpha
1024,0.16560645401477814,-0.011332850903272629,-25.058137893676758,-0.3209502100944519,1.2016843557357788,0.003544032573699951,92,7,27,0.03486722335219383,0.5434782608695653,0.3,110,126,wall,both,1,1,1,1,1,1,0.0,7,7,0,alpha,full,huber,2.4111621874720104,0.970999509365161,1.6627147642156865,2.3153688502203362,1.0110603122017185,1.6183968952201246,2.153275875590902,0.8994655623995106,1.6678000668511421,58.54870493366745,0.03486722335219383,83,0.5037426352500916,1.0,1.0,disabled,single,3,row_4,row_5,-0.3209502100944519,-0.37331509590148926,0.4963892813039528,0.4710647577259636,0.8137402847262347,0.052364885807037354,0.37944460865105323,1,39,0,disabled,0,0.0,50.0,alpha
1028,0.16808663308620453,-0.011674840934574604,-21.76388168334961,-0.2446252703666687,1.0487905740737915,0.0068111419677734375,109,5,29,0.03761205077171326,0.5119453924914675,0.3,116,143,wall,both,1,1,1,1,1,1,0.0,6,6,0,alpha,full,huber,2.371897027476074,1.9685418661196588,1.6493242195698405,2.206953562890693,1.897187868757963,1.620358661195922,2.146057805642608,1.825780595908643,1.6305845992473555,56.31062844048415,0.03761205077171326,80,0.3549972176551819,1.0,1.0,disabled,single,3,row_4,row_5,-0.2446252703666687,-0.4570866525173187,0.5307056676944529,0.4291241140750238,0.8284026266289568,0.21246138215065002,0.388922439180736,0,39,0,disabled,0,0.0,50.0,alpha
1032,0.8159978985786438,-0.27514567971229553,-26.565021514892578,-0.3339433968067169,1.2251136302947998,0.010014057159423828,112,0,25,0.04743931442499161,0.5226480836236934,0.3,108,137,wall,both,1,1,1,1,1,1,0.0,6,6,0,alpha,full,huber,2.057057309898932,2.7181379286421135,1.5689141558110524,2.1846171750206613,2.271731886661522,1.6401899251511607,2.160286594433369,2.187640996956781,1.63064731012068,55.530880308111286,0.047439318150281906,80,1.4396117329597473,1.0,1.0,disabled,single,3,row_4,row_5,-0.3339433968067169,-0.35175621509552,0.48914320596967337,0.48050732991323836,0.8080269276772093,0.0178128182888031,0.3811565808304199,0,39,0,disabled,0,0.0,50.0,alpha
1036,1.2379662990570068,-0.6332895159721375,-23.797550201416016,-0.19030556082725525,0.9254016876220703,0.0006041526794433594,104,6,31,0.0419929139316082,0.5154639175257733,0.3,108,141,wall,both,1,1,1,1,1,1,0.0,7,7,0,alpha,full,huber,2.4418305160079035,2.2508374833986173,1.7313423279605376,2.2516587544107383,2.4694643005785544,1.7447253773980205,2.2032941676133024,2.463585174381012,1.7121665690941894,55.17763260290694,0.0419929139316082,80,1.6388593316078186,1.0,1.0,disabled,single,3,row_4,row_5,-0.19030556082725525,-0.5358344316482544,0.5574203385575114,0.39456769866972713,0.8384892699957884,0.34552887082099915,0.39413011551022537,0,39,0,disabled,0,0.0,50.0,alpha
1040,0.11037158221006393,-0.005033837631344795,-23.237096786499023,-0.2829459309577942,1.1283719539642334,0.0013476014137268066,104,0,31,0.04138658195734024,0.5263157894736842,0.3,102,135,wall,both,1,1,1,1,1,1,0.0,6,6,0,alpha,full,huber,2.0820708884941936,3.2347991365549102,1.7624749351954812,2.172091664172223,3.0434057826704217,1.8286173976808395,2.156405147785566,2.9913659522738687,1.8157277249585313,53.658805602974596,0.04138658195734024,83,0.4028794765472412,1.0,1.0,disabled,single,3,row_4,row_5,-0.2829459309577942,-0.41769739985466003,0.5138922626112337,0.4491074500377643,0.8236105404160073,0.13475146889686584,0.38279571035426707,0,39,0,disabled,0,0.0,50.0,alpha
1044,0.532807469367981,-0.11730736494064331,-29.050724029541016,-0.043237555772066116,0.4402805268764496,0.006269872188568115,104,7,17,0.034096915274858475,0.539568345323741,0.3,120,128,wall,both,1,1,1,1,1,1,0.0,2,2,0,alpha,full,huber,2.648667768202588,3.877964376381669,1.8970615955438266,2.214252033729407,3.578936591284098,1.794650573737572,2.127166143679959,3.5587980362970004,1.8146012162116376,54.96511884536417,0.034096915274858475,80,1.1468413472175598,1.0,1.0,disabled,single,3,row_4,row_5,-0.043237555772066116,-0.9248841404914856,0.6389258001209009,0.26457949230717054,0.8636365175979617,0.8816465847194195,0.4047293943214738,0,39,0,disabled,0,0.0,50.0,alpha
1048,4.6461181640625,-7.80029296875,-27.26970672607422,-0.10885670781135559,0.6998745799064636,0.0012946724891662598,94,8,32,0.028813565149903297,0.528169014084507,0.3,116,134,wall,both,1,1,1,1,1,1,0.0,4,4,0,alpha,full,huber,2.1798673403727826,4.922918461638309,1.8116992515987063,2.0848962311598114,4.666415852913847,1.7662418465651597,1.9841466860206396,4.649473062495117,1.803346672630739,59.237474623032725,0.028813565149903297,80,4.98297643661499,0.6020498066087474,1.0,disabled,single,3,row_4,row_5,-0.10885670781135559,-0.6974053978919983,0.5997688242436942,0.33295108855094163,0.8543562175399787,0.5885486900806427,0.40235428312620236,0,39,0,disabled,0,0.0,50.0,alpha
1052,0.9657102823257446,-0.3853704035282135,0.0,-0.057894013822078705,0.4667525291442871,0.048196256160736084,0,0,0,0.025406282395124435,0.5,0.3,0,0,wall,both,1,1,1,1,1,1,0.0,0,0,0,alpha,full,huber,-0.5126052079853838,7.1035308562880815,2.0510142469911106,1.0784201260367838,7.686887117167014,1.8246202219499141,1.1508364013339218,7.735215272264752,1.8010933668857465,66.60398396714957,0.025406284257769585,80,2.1526429653167725,1.0,1.0,disabled,single,3,row_5,row_6,-0.057894013822078705,-0.9139402508735657,0.6370192161501341,0.2706302734364977,0.8609755832621666,0.856046237051487,0.39306144340218585,1,40,0,disabled,0,0.0,50.0,alpha
1056,0.4246658980846405,-0.07452112436294556,0.0,-0.0072276415303349495,0.024470854550600052,0.041691362857818604,0,0,0,0.011377770453691483,0.5,0.3,0,0,wall,both,1,1,1,1,1,1,0.0,0,0,0,alpha,full,huber,2.2843039021414646,8.552196247066462,1.4703213899728178,1.3488446251401962,8.571720711911743,1.7106599505569806,1.172990489043307,8.565299461753186,1.7498881428377873,144.07800742344065,0.011377770453691483,180,1.4855019450187683,1.0,1.0,disabled,single,3,row_4,row_3,-0.0072276415303349495,-1.3469383716583252,0.6659879810449825,0.17443652009556296,0.8681723395319108,1.3397107301279902,0.39925601355325785,1,41,0,disabled,0,0.0,50.0,alpha
1060,0.0010362875182181597,-4.4375693164511176e-07,0.0,-0.03275860846042633,0.22207017242908478,0.0730816125869751,0,0,0,0.008074368350207806,0.5,0.3,0,0,wall,both,1,1,1,1,1,1,0.0,0,0,0,alpha,full,huber,2.407346719462514,8.960095146197839,1.3754143803295662,1.775352109020765,9.335081313707104,1.5891191201972528,1.447108778558614,9.304539562428952,1.6633810613777005,196.1099790677784,0.008074368350207806,250,1.3593381643295288,1.0,1.0,disabled,single,3,row_4,row_3,-0.03275860846042633,-1.159924030303955,0.658987566262661,0.21347916602749742,0.8671283280926403,1.1271654218435287,0.3842920037804141,0,41,0,disabled,0,0.0,50.0,alpha
1064,0.13543687760829926,-0.007579812780022621,0.0,-0.33144569396972656,1.2208911180496216,0.007117748260498047,0,0,0,0.008376107551157475,0.5,0.3,0,0,wall,both,1,1,1,1,1,1,0.0,0,0,0,alpha,full,huber,2.194990826288263,10.217107258285562,1.640711387747106,2.048987129124164,10.341140348475127,1.2066583859270834,1.7365343177837245,10.322784903298004,1.2627510861187163,187.83479339263167,0.008376107551157475,250,0.9193483293056488,1.0,1.0,disabled,single,3,row_4,row_3,-0.33144569396972656,-1.4602141380310059,0.6646315815470608,0.21496267971975774,0.85686252565552,1.1287684440612793,0.07707671058948978,0,41,0,disabled,0,0.0,50.0,alpha
1068,0.5544950366020203,-0.12705154716968536,-41.198387145996094,-1.4340126514434814,2.506168842315674,0.09681922197341919,32,0,59,0.012117858976125717,0.6224066390041494,0.3,91,91,wall,both,1,1,1,1,1,1,0.0,1,1,0,alpha,full,huber,0.8539165564465068,11.126535404821572,1.3164211008783964,2.226018445021358,11.307321378199717,1.017779334864679,2.1549931685177617,11.333340316676544,1.016579990715674,190.59389065683686,0.012117858976125717,250,1.383439540863037,1.0,1.0,disabled,single,3,row_4,row_5,-1.4340126514434814,-1.891603946685791,0.5807062205627471,0.36747441208822745,0.8368839042418041,0.45759129524230957,-0.8905023569616657,0,41,1,disabled,0,0.0,50.0,alpha
1072,0.6955647468566895,-0.1999216228723526,-40.876800537109375,-1.6336655616760254,2.049685001373291,0.4141443967819214,39,0,54,0.024944426491856575,0.6172839506172839,0.3,93,93,wall,both,1,1,1,1,1,1,0.0,1,1,0,alpha,full,huber,2.2251770455096653,11.04544483623766,0.8152339789315439,2.2237664675291864,11.55678451117128,0.8974868279471819,2.2918860655084496,11.616299474306388,0.8537385921188307,158.60326075594833,0.024944426491856575,250,1.4576823115348816,1.0,1.0,disabled,single,3,row_4,row_3,-1.6336655616760254,-2.520512104034424,0.6406285861758073,0.2639087284722743,0.8610856526036066,0.8868465423583984,-1.1883601429379604,0,41,0,disabled,0,0.0,50.0,alpha
1076,0.09860209375619888,-0.0040175095200538635,-49.04682922363281,-3.393462657928467,2.7690229415893555,0.6433865427970886,3,0,68,0.013298800215125084,0.6787330316742082,0.3,71,71,wall,both,1,1,1,1,1,1,0.0,2,2,0,alpha,full,huber,2.9171410072124755,11.663909427170477,-0.1753419490993866,2.915735954952388,11.901353095851974,0.07106410537495107,2.8212869780173193,11.986737261965107,0.12545310997281245,134.32138587108815,0.013298800215125084,250,0.9568201005458832,1.0,1.0,disabled,single,3,row_4,row_3,-3.393462657928467,-3.567511558532715,0.5275780199021888,0.4433004952044744,0.8009741991112459,0.17404890060424805,-2.754004138387527,0,41,1,disabled,0,0.0,50.0,alpha
1080,0.6319428086280823,-0.1650213748216629,-46.627742767333984,-1.6001999378204346,2.671154737472534,0.05986815690994263,7,0,63,0.017330268397927284,0.6818181818181818,0.3,70,70,wall,both,1,1,1,1,1,1,0.0,4,4,0,alpha,full,huber,2.837439188335317,11.583917703197265,-1.0337183586414853,3.1502205171483535,11.901329600772712,-0.45933194294543384,3.2183251879627037,11.96701971514156,-0.4645569240787877,138.51174745589304,0.017330270260572433,250,1.3487473130226135,1.0,1.0,disabled,single,3,row_4,row_3,-1.6001999378204346,-1.7770863771438599,0.5255097250662959,0.44031142345490365,0.8146743559983614,0.1768864393234253,-0.9568133552948076,0,41,1,disabled,0,0.0,50.0,alpha
1084,0.46336251497268677,-0.08872100710868835,-48.45596694946289,-2.0764594078063965,2.8011245727539062,0.28556114435195923,3,0,61,0.017559930682182312,0.7009345794392523,0.3,52,64,wall,both,1,1,1,1,1,1,0.0,5,5,0,alpha,full,huber,2.777178398997117,11.731864923698991,-0.6065232966604039,3.277360096432212,11.831171999803047,-0.8156412627846491,3.4098609331098455,11.812589314660386,-0.882948884695038,139.69003713782305,0.017559930682182312,250,1.2676446437835693,1.0,1.0,disabled,single,3,row_4,row_3,-2.0764594078063965,-2.3225581645965576,0.5412104688232442,0.4231427036565356,0.8150465821312619,0.24609875679016113,-1.462512368657464,0,41,1,disabled,0,0.0,50.0,alpha
1088,0.3920224606990814,-0.06350480020046234,-42.47319412231445,-0.31717562675476074,1.114669680595398,0.1003066897392273,27,6,88,0.027588270604610443,0.5535055350553506,0.3,95,121,wall,both,1,1,1,1,1,1,0.0,14,14,0,alpha,full,huber,4.010917825382263,10.34264487341571,-1.8537847551932876,4.019964963172984,10.741444957564166,-1.9722676365148784,4.085473609594989,10.809628033067725,-1.9405935029862342,110.33827191461934,0.027588270604610443,240,0.6937949359416962,1.0,1.0,disabled,single,3,row_3,row_4,-0.31717562675476074,-1.2012736797332764,0.6435759833184791,0.2658526067601943,0.8533565661972585,0.8840980529785156,0.12353955396688165,1,42,0,disabled,0,0.0,50.0,alpha
1092,0.5596781969070435,-0.1294378936290741,-41.029335021972656,-0.08762040734291077,0.5555126667022705,0.0683063268661499,46,9,87,0.012140624225139618,0.5136986301369862,0.3,104,142,wall,both,1,1,1,1,1,1,0.0,18,18,0,alpha,full,huber,4.190914674610342,9.756154545762975,-1.7738030608407074,3.885149688616964,9.851460471491539,-1.6894496403964843,3.83246093202893,9.914154129815817,-1.691030252776549,150.31700871901108,0.012140622362494469,218,1.1333678364753723,1.0,1.0,disabled,single,3,row_3,row_4,-0.08762040734291077,-1.0555663108825684,0.6521876516134693,0.24774163931956555,0.8548015254349857,0.9679459035396576,0.33980254189859027,0,42,0,disabled,0,0.0,50.0,alpha
1096,0.8001835346221924,-0.26458418369293213,-34.95332717895508,-0.12065454572439194,0.7365843057632446,0.00460207462310791,72,2,66,0.02503848820924759,0.5172413793103449,0.3,97,140,wall,both,1,1,1,1,1,1,0.0,15,15,0,alpha,full,huber,3.9610330514546908,8.954785476425725,-1.498029584032396,3.8742823297226385,9.242910511761732,-1.6473837546872205,3.8310560032070358,9.342955820625015,-1.6529280042730323,94.98449939769513,0.02503848820924759,143,1.2365022897720337,1.0,1.0,disabled,single,3,row_3,row_4,-0.12065454572439194,-0.6784141659736633,0.5966452713946474,0.34157358487552186,0.8470510968815997,0.5577596202492714,0.39577798173176526,0,42,0,disabled,0,0.0,50.0,alpha
1100,0.7758744359016418,-0.24875254929065704,-39.3133659362793,-0.07614020258188248,0.5849961638450623,0.004726767539978027,59,5,70,0.020267779007554054,0.528169014084507,0.3,105,134,wall,both,1,1,1,1,1,1,0.0,13,13,0,alpha,full,huber,4.101470809746672,9.033059225549286,-1.4993223955773627,3.9450441294526,8.876084358006427,-1.5547362681308283,3.8758155159957255,8.868311572037912,-1.5968354142437668,110.92540796727698,0.020267779007554054,148,1.1800535321235657,1.0,1.0,disabled,single,3,row_3,row_4,-0.07614020258188248,-0.8021320700645447,0.6225246908404156,0.3012050988002901,0.8527738116348271,0.7259918674826622,0.39783178484732007,0,42,0,disabled,0,0.0,50.0,alpha
1104,1.2242133617401123,-0.6192968487739563,-35.132938385009766,-0.19604864716529846,0.9391447305679321,0.0035083889961242676,65,24,42,0.024462811648845673,0.5338078291814947,0.3,97,131,wall,both,1,1,1,1,1,1,0.0,17,17,0,alpha,full,huber,3.9933197661844924,7.6944353244792305,-1.459700730905952,4.073981305454724,7.995968374354865,-1.5427608808638817,3.975644664248726,8.036745311522427,-1.5924852056043834,82.53225886968892,0.024462811648845673,122,1.52152419090271,1.0,1.0,disabled,single,3,row_3,row_4,-0.19604864716529846,-0.5376757979393005,0.5572591954855319,0.3959956882351293,0.8358570727341015,0.3416271507740021,0.3886761581427618,0,42,0,disabled,0,0.0,50.0,alpha
1108,0.44965746998786926,-0.0835503488779068,-41.584083557128906,-0.05319005250930786,0.4252166748046875,0.0564579963684082,69,9,35,0.037632737308740616,0.5703422053231939,0.3,77,113,wall,both,1,1,1,1,1,1,0.0,14,14,0,alpha,full,huber,4.603350630067013,7.2578103824354265,-1.7135412178116685,4.216399875564465,7.5594293487389495,-1.4476096234059355,4.104294190675621,7.600618769107063,-1.5248232104894348,60.49948047220719,0.037632741034030914,87,1.112188458442688,1.0,1.0,disabled,single,3,row_3,row_4,-0.05069498345255852,-0.9714556932449341,0.6462956640419663,0.25736527352242233,0.8568401818459737,0.9207607097923756,0.3858032121769884,0,42,0,disabled,0,0.0,50.0,alpha
1112,1.459402084350586,-0.8801051378250122,-42.01388168334961,-0.052449993789196014,0.039975740015506744,0.11297452449798584,73,6,48,0.030689407140016556,0.5415162454873647,0.3,93,127,wall,both,1,1,1,1,1,1,0.0,10,10,0,alpha,full,huber,5.076520648437052,6.779432834518202,-0.9241608294173584,4.423831595521119,6.4316056163908994,-1.4128193089741994,4.306117436582985,6.390823765820894,-1.483524573849867,65.22126331218458,0.030689403414726257,83,2.2805845737457275,1.0,1.0,disabled,single,3,row_3,row_4,-0.052449993789196014,-1.411788821220398,0.6723700532700563,0.17268515722532335,0.8591027210425792,1.359338827431202,0.3444964217263469,0,42,0,disabled,0,0.0,50.0,alpha
1116,0.908126711845398,-0.34078270196914673,-38.30406951904297,-0.05689886957406998,0.46787407994270325,0.04496663808822632,84,10,44,0.02659665234386921,0.5208333333333334,0.3,103,138,wall,both,1,1,1,1,1,1,0.0,12,12,0,alpha,full,huber,4.704288580933255,6.412855055117988,-1.1030706152699814,4.54553319151693,6.094055881318732,-1.4411493030967881,4.455632230750721,6.023745963800787,-1.46694677352962,71.54358241568907,0.02659664861857891,80,1.4833251237869263,1.0,1.0,disabled,single,3,row_3,row_4,-0.05689886957406998,-0.9383605718612671,0.6419188531552116,0.26586806685183045,0.8565724628787916,0.8814617022871971,0.3863945106613734,0,42,0,disabled,0,0.0,50.0,alpha
1120,0.456587553024292,-0.08614553511142731,-34.81570053100586,-0.0604228638112545,0.5040162801742554,0.031192123889923096,93,0,37,0.022173505276441574,0.5357142857142857,0.3,98,130,wall,both,1,1,1,1,1,1,0.0,13,13,0,alpha,full,huber,4.813191103298028,5.58391451438967,-1.130849778097022,4.5222862002868816,5.8609125216078475,-1.3608147702449243,4.495340738958985,5.904935092095962,-1.4143010151658735,107.65086902929383,0.022173505276441574,153,1.0834293365478516,1.0,1.0,disabled,single,3,row_3,row_4,-0.0604228638112545,-0.902542233467102,0.6366365690511843,0.27426082999044776,0.8577289627822888,0.8421193696558475,0.3911334576573506,0,42,0,disabled,0,0.0,50.0,alpha
1124,0.6369346976280212,-0.16763876378536224,-28.85215950012207,-0.4600614011287689,0.39295095205307007,0.32296788692474365,118,4,15,0.019562942907214165,0.5226480836236934,0.3,95,137,wall,both,1,1,1,1,1,1,0.0,13,13,0,alpha,full,huber,4.942850142344995,5.497541105233505,-0.5541979048632979,4.7512020311095,5.380597872578646,-1.2366687506407752,4.673904921527628,5.376727407587642,-1.330299302487952,131.67717111761,0.019562942907214165,164,1.101256787776947,1.0,1.0,disabled,single,3,row_3,row_4,-0.4600614011287689,-1.4253592491149902,0.6519913488118431,0.2483237765200152,0.8546403156893189,0.9652978479862213,-0.032337415291762706,0,42,0,disabled,0,0.0,50.0,alpha
1128,1.086741328239441,-0.48801928758621216,-30.327260971069336,-0.3149668574333191,0.6140377521514893,0.23798954486846924,97,23,15,0.012157578952610493,0.5263157894736842,0.3,99,135,wall,both,1,1,1,1,1,1,0.0,13,13,0,alpha,full,huber,4.984178334557049,4.086033692524798,-0.6878164008740959,5.030386204299795,4.638656170334148,-1.179860727132027,4.942990630284362,4.6730393100597984,-1.2605331470893482,189.38435056010417,0.012157580815255642,240,1.7067758440971375,1.0,1.0,disabled,single,3,row_3,row_4,-0.3149668574333191,-0.9798938035964966,0.6050479573540034,0.31118287973310316,0.8749934091904216,0.6649269461631775,0.1874806983058218,0,42,0,disabled,0,0.0,50.0,alpha
1132,0.1390594244003296,-0.00799071229994297,-40.78607177734375,-0.04634637013077736,0.4277990758419037,0.03729438781738281,67,25,37,0.010163471102714539,0.5376344086021506,0.3,87,129,wall,both,1,1,1,1,1,1,0.0,12,12,0,alpha,full,huber,5.079263562712146,4.601434115991547,-1.1073064240613437,5.133203172033815,4.318813363290591,-1.1685806184460341,5.100829588068221,4.312216538662869,-1.2189834540564746,197.17228489763153,0.010163471102714539,250,0.7108528017997742,1.0,1.0,disabled,single,3,row_3,row_4,-0.04634637013077736,-0.9731888771057129,0.644126014476582,0.2549460297301408,0.8632244119264936,0.9268425069749355,0.39351452723571634,0,42,0,disabled,0,0.0,50.0,alpha
1136,0.4153561592102051,-0.0712895616889,-25.311397552490234,-0.3307655155658722,1.2199898958206177,0.00194549560546875,84,2,35,0.011887124739587307,0.5535055350553506,0.3,96,121,wall,both,1,1,1,1,1,1,0.0,11,11,0,alpha,full,huber,4.584654953940577,2.9299003150673304,-1.319864596135929,5.059531778156685,3.53492067242825,-1.3252679554161957,5.184849381378666,3.5939433730843824,-1.2776012454317895,172.93364847082194,0.011887126602232456,250,1.538449466228485,1.0,1.0,disabled,single,3,row_3,row_4,-0.3307655155658722,-0.3799630403518677,0.4950612941560213,0.47129492071649254,0.8167234414877811,0.04919752478599548,0.37230818193563164,0,42,0,disabled,0,0.0,50.0,alpha
1140,0.572995126247406,-0.13567084074020386,-36.997596740722656,-0.06103276461362839,0.5058799386024475,0.031935930252075195,121,0,3,0.009851011447608471,0.5474452554744526,0.3,96,124,wall,both,1,1,1,1,1,1,0.0,13,13,0,alpha,full,huber,6.24849826611903,3.4181529913218465,-1.1288467342522388,5.27274125056172,3.2610970871231104,-1.2613634730005219,5.2811862179142945,3.251894847165281,-1.271901070101415,225.56812112495388,0.009851011447608471,250,1.716172456741333,1.0,1.0,disabled,single,3,row_3,row_2,-0.06103276461362839,-0.8640274405479431,0.6303908051808316,0.28240586584599,0.8606824153065576,0.8029946759343147,0.4003825616215168,0,42,0,disabled,0,0.0,50.0,alpha
1144,0.07058444619178772,-0.0020587455946952105,-27.220949172973633,-0.21167613565921783,0.9752605557441711,0.008760154247283936,97,6,25,0.010780957527458668,0.539568345323741,0.3,112,128,wall,both,1,1,1,1,1,1,0.0,14,14,0,alpha,full,huber,4.7826380473834735,3.1980282066908226,-1.514713827721589,5.100648821084247,2.8768448036071526,-1.3562472518000237,5.22947131109909,2.8911979318621626,-1.317205296190542,177.99601437935274,0.010780957527458668,250,0.7871966361999512,1.0,1.0,disabled,single,3,row_3,row_4,-0.21167613565921783,-0.5275802612304688,0.5504026524269184,0.4013147291252097,0.8413816928997914,0.3159041255712509,0.3854290376257924,0,42,0,disabled,0,0.0,50.0,alpha
1148,0.1902899444103241,-0.014962918125092983,-31.18585968017578,-0.1809319257736206,0.901030421257019,0.011282026767730713,101,14,27,0.01212379988282919,0.5136986301369862,0.3,116,142,wall,both,1,1,1,1,1,1,0.0,17,17,0,alpha,full,huber,5.010679368169137,2.3490112996033106,-1.5473554803180918,5.196050207906356,2.0672729628474,-1.3675785237754416,5.3143667950509705,2.039548452712026,-1.3500102063164652,144.6813799176849,0.012123801745474339,191,0.6442106366157532,1.0,1.0,disabled,single,3,row_3,row_4,-0.1809319257736206,-0.5795301795005798,0.5670694281231118,0.380651207782027,0.8436281727412073,0.39859825372695923,0.38634160878802226,0,42,0,disabled,0,0.0,50.0,alpha
1152,0.43369871377944946,-0.07772503048181534,-37.71205139160156,-0.14403030276298523,0.7655190229415894,0.058154284954071045,97,15,31,0.01958486996591091,0.5119453924914675,0.3,103,143,wall,both,1,1,1,1,1,1,0.0,15,15,0,alpha,full,huber,5.207295174077496,2.0127786308448314,-1.0542856912616925,5.297776108210224,1.5759560644428148,-1.3376301498704117,5.369127418711702,1.4999349681930525,-1.3467931016634045,112.00272752690579,0.01958486996591091,153,1.0472006797790527,1.0,1.0,disabled,single,3,row_3,row_4,-0.14403030276298523,-0.6844703555107117,0.5925453177381145,0.3451528294895666,0.8501932845771276,0.5404400527477264,0.3792976205007941,0,42,0,disabled,0,0.0,50.0,alpha
1156,1.4258500337600708,-0.8401026725769043,-38.3995361328125,-0.05394592881202698,0.4759529232978821,0.029721856117248535,82,4,43,0.03498638793826103,0.5376344086021506,0.3,89,129,wall,both,1,1,1,1,1,1,0.0,13,13,0,alpha,full,huber,5.5646326117601355,1.654866709338128,-1.1336369134655073,5.399112601399505,1.2788549062807952,-1.2968536281259833,5.430188500835957,1.1827130843732467,-1.3247795798280906,70.92621427453228,0.03498639166355133,97,1.9942049980163574,1.0,1.0,disabled,single,3,row_3,row_4,-0.05394592881202698,-0.9127572178840637,0.639212476138385,0.2708122086204226,0.8565096888413715,0.8588112890720367,0.3935724375443441,0,42,0,disabled,0,0.0,50.0,alpha
1160,0.45650914311408997,-0.08611594885587692,-29.721525192260742,-0.25670719146728516,1.074637532234192,0.0042803287506103516,125,9,33,0.03669494390487671,0.47318611987381703,0.3,120,167,wall,both,1,1,1,1,1,1,0.0,10,10,0,alpha,full,huber,5.132595299831951,0.743105104919931,-1.2854993647659645,5.349989887720466,0.6251220979682646,-1.3546755857384407,5.471129687296599,0.5373310621296613,-1.344662963284527,55.23197037681487,0.03669494390487671,80,0.936406672000885,1.0,1.0,disabled,single,3,row_3,row_4,-0.25670719146728516,-0.45948097109794617,0.5288004961669661,0.4317459977686277,0.8270919337347085,0.202773779630661,0.3804368606893017,0,42,0,disabled,0,0.0,50.0,alpha
1164,0.08956567943096161,-0.0033148806542158127,-28.631010055541992,-0.14781585335731506,0.8129045367240906,0.015402734279632568,107,0,31,0.017261719331145287,0.5208333333333334,0.3,120,138,wall,both,1,1,1,1,1,1,0.0,6,6,0,alpha,full,huber,5.722728702024647,-1.0758427473510055,-1.575929689932468,5.604771493388083,-0.9936733929358814,-1.4293039113920862,5.707719585351587,-1.0135840349266616,-1.4002684000277343,96.28171944298764,0.017261721193790436,138,0.6508276760578156,1.0,1.0,disabled,single,3,row_3,row_4,-0.14781585335731506,-0.6633124947547913,0.5912281190988351,0.35308375315624635,0.839126416085375,0.5154966413974762,0.3777374943701507,0,42,0,disabled,0,0.0,50.0,alpha
1168,0.6862822771072388,-0.1946212202310562,-26.512537002563477,-0.3138413429260254,1.1883935928344727,0.0006033778190612793,103,4,34,0.021037966012954712,0.5154639175257733,0.3,112,141,wall,both,1,1,1,1,1,1,0.0,6,6,0,alpha,full,huber,5.370774489512179,-1.2361643130104243,-1.4164309866995983,5.408689304468245,-1.2995962375238501,-1.5034976220789988,5.567443755210618,-1.3113714350374026,-1.4532261183566135,88.41868338600867,0.021037966012954712,122,0.9360170364379883,1.0,1.0,disabled,single,3,row_3,row_4,-0.3138413429260254,-0.400336354970932,0.5054139161281131,0.4635353814194846,0.8090949406496496,0.08649501204490662,0.36853620660156816,0,42,0,disabled,0,0.0,50.0,alpha
1172,1.6110661029815674,-1.0725347995758057,-29.5198974609375,-0.2625901401042938,1.0870388746261597,0.00034314393997192383,93,3,49,0.02643154375255108,0.5084745762711864,0.3,120,145,wall,both,1,1,1,1,1,1,0.0,6,6,0,alpha,full,huber,5.330134316448703,-2.2231541275317066,-1.4378386765061917,5.2915074689631965,-2.105937957644218,-1.6000601189822734,5.458403515532547,-2.1101045752594003,-1.5392796581680128,80.18279329532278,0.02643154375255108,102,1.6642472743988037,1.0,1.0,disabled,single,3,row_4,row_3,-0.2625901401042938,-0.4388551712036133,0.52260464917454,0.4381495183353254,0.827767143148646,0.17626503109931946,0.38633988959182874,1,43,0,disabled,0,0.0,50.0,alpha
1176,0.41456836462020874,-0.07101938873529434,-28.695741653442383,-0.20575891435146332,0.9622401595115662,0.0007004737854003906,91,8,33,0.0180046483874321,0.5319148936170213,0.3,100,132,wall,both,1,1,1,1,1,1,0.0,5,5,0,alpha,full,huber,5.327204082473999,-2.9685651853060366,-1.4379765815692302,5.2620527251511025,-2.8908682914541775,-1.6326700472269657,5.361807794604539,-2.9010298292428027,-1.5915207882863471,93.17836083204364,0.0180046483874321,127,0.5334252119064331,1.0,1.0,disabled,single,3,row_4,row_3,-0.20575891435146332,-0.5243959426879883,0.5515075177028166,0.40102286339875914,0.8393028952201994,0.31863702833652496,0.38934089465592214,0,43,0,disabled,0,0.0,50.0,alpha
1180,0.4790385365486145,-0.09482558816671371,-30.643585205078125,-0.16331835091114044,0.8565605878829956,0.008204936981201172,93,9,44,0.02467084489762783,0.5067567567567568,0.3,120,146,wall,both,1,1,1,1,1,1,0.0,2,2,0,alpha,full,huber,5.353581902012546,-3.7457401299014204,-1.528734995408787,5.291882145843261,-3.5408904858071866,-1.551125951133934,5.318434553755357,-3.490036815747261,-1.5424075912065012,70.13591397401218,0.024670841172337532,92,0.7545537352561951,1.0,1.0,disabled,single,3,row_4,row_3,-0.16331835091114044,-0.6033088564872742,0.5745621917268819,0.3700424909730461,0.846538038934809,0.43999050557613373,0.3908285829825624,0,43,0,disabled,0,0.0,50.0,alpha
1184,0.19240820407867432,-0.015297899954020977,-29.351299285888672,-0.21276068687438965,0.9784798622131348,0.00011199712753295898,81,21,46,0.03382749855518341,0.5033557046979865,0.3,120,148,wall,both,1,1,1,1,1,1,0.0,2,2,0,alpha,full,huber,5.564460770784319,-4.220178945440669,-1.3624198484846006,5.415536989784249,-4.258826762549916,-1.4995650169184953,5.379223407575653,-4.1728522439195395,-1.5296335461785262,57.84069427974368,0.03382749855518341,80,0.3915231227874756,1.0,1.0,disabled,single,3,row_4,row_3,-0.21276068687438965,-0.5127520561218262,0.5481040506697376,0.40604897205868035,0.8368548205659374,0.2999913692474365,0.388529449698498,0,43,0,disabled,0,0.0,50.0,alpha
1188,0.18009912967681885,-0.013403180986642838,0.0,-0.03560439869761467,0.4002743661403656,0.00011307001113891602,0,0,0,0.024736188352108,0.5,0.3,0,0,wall,both,1,1,1,1,1,1,0.0,0,0,0,alpha,full,huber,5.331312479156927,-6.036107725027142,-1.391753643670575,5.519065380022493,-5.50867485191911,-1.4264488060070115,5.478404677824271,-5.4482277515862965,-1.466517715728976,66.98976737504572,0.024736188352108,80,0.6947568655014038,1.0,1.0,disabled,single,3,row_4,row_3,-0.03560439869761467,-0.9482441544532776,0.6432717391114018,0.25824984055080213,0.8616944906494834,0.9126397557556629,0.40558363395117203,0,43,0,disabled,0,0.0,50.0,alpha
1192,0.13962052762508392,-0.008055326528847218,0.0,-0.17357289791107178,0.8837850689888,0.00032323598861694336,0,0,0,0.015818746760487556,0.5,0.3,0,0,wall,both,1,1,1,1,1,1,0.0,0,0,0,alpha,full,huber,5.788528263470144,-5.855262885199282,-1.3512898013154837,5.679086047415282,-6.094431435320273,-1.426738068315888,5.618903311884569,-6.091470732868414,-1.4503477201791994,85.94702474691942,0.015818746760487556,107,0.534733772277832,1.0,1.0,disabled,single,3,row_4,row_3,-0.17357289791107178,-0.5557085275650024,0.564468915517712,0.38519499512209665,0.840737227911048,0.38213562965393066,0.398297064510863,0,43,0,disabled,0,0.0,50.0,alpha
1196,0.5958117246627808,-0.1466907560825348,0.0,-0.04563375189900398,0.45315614342689514,0.00027573108673095703,0,0,0,0.028451446443796158,0.5,0.3,0,0,wall,both,1,1,1,1,1,1,0.0,0,0,0,alpha,full,huber,5.423949377480061,-6.233217151059717,-1.3532314534100267,5.671938440374769,-6.394474036954553,-1.44539437864165,5.669168821997492,-6.432421539434679,-1.4416238556695593,67.12918874058649,0.028451446443796158,83,0.9579106569290161,1.0,1.0,disabled,single,3,row_4,row_3,-0.04563375189900398,-0.902119517326355,0.6378362233561778,0.2708582934608366,0.859146058519566,0.856485765427351,0.4040399798957333,0,43,0,disabled,0,0.0,50.0,alpha
1200,0.03963467851281166,-0.0006491354433819652,0.0,-0.033659663051366806,0.38890427350997925,0.0034762024879455566,0,0,0,0.017770487815141678,0.5,0.3,0,0,wall,both,1,1,1,1,1,1,0.0,0,0,0,alpha,full,huber,5.520534308684278,-7.076550679428415,-1.4768966805536485,5.623537017813418,-7.17892799730158,-1.4944428871973992,5.685700145161727,-7.163478783297779,-1.4588647902553995,81.52037237652311,0.017770489677786827,112,0.42004936933517456,1.0,1.0,disabled,single,3,row_4,row_3,-0.033659663051366806,-0.9709349870681763,0.6455608947381859,0.2528620843977338,0.8624837366922731,0.9372753240168095,0.40397607277646147,0,43,0,disabled,0,0.0,50.0,alpha
1204,0.6260725855827332,-0.16196978092193604,0.0,-0.07153701037168503,0.5670573711395264,0.004442274570465088,0,0,0,0.025181859731674194,0.5,0.3,0,0,wall,both,1,1,1,1,1,1,0.0,0,0,0,alpha,full,huber,5.785041610892506,-7.640189782259789,-1.4877839090759604,5.7622666290684155,-7.902244899507011,-1.455416576201721,5.766918532884045,-7.91772145158744,-1.449181156944868,67.55770520413053,0.025181859731674194,80,1.0196692943572998,1.0,1.0,disabled,single,3,row_4,row_3,-0.07153701037168503,-0.8405490517616272,0.6249517867457299,0.2896468621289023,0.8627980819666456,0.7690120413899422,0.3985437630564185,0,43,0,disabled,0,0.0,50.0,alpha
1208,0.7076858878135681,-0.2069501429796219,0.0,-0.3685305714607239,1.2877798080444336,0.0007631182670593262,0,0,0,0.018996503204107285,0.5,0.3,0,0,wall,both,1,1,1,1,1,1,0.0,0,0,0,alpha,full,huber,6.035521455079115,-8.596838796428782,-1.3544215545397404,5.875621277255295,-8.449475836250052,-1.329466234188606,5.851552316288968,-8.4134887467859,-1.3345815978445472,70.34634755889029,0.018996503204107285,80,1.008586585521698,1.0,1.0,disabled,single,3,row_4,row_3,-0.3685305714607239,-1.0422801971435547,0.6119122118849493,0.31194884059352984,0.8600176329957758,0.6737496256828308,0.12263587993068803,0,43,0,disabled,0,0.0,50.0,alpha
1212,0.15368354320526123,-0.00975976511836052,0.0,-0.7989764213562012,1.8868615627288818,0.043744444847106934,0,0,0,0.024411248043179512,0.5,0.3,0,0,wall,both,1,1,1,1,1,1,0.0,0,0,0,alpha,full,huber,6.202110950073246,-9.21144704882464,-1.0966173453293284,6.107487963802155,-9.258481637030858,-0.7759514992688287,6.086826454611396,-9.270865573859371,-0.7829246057835939,62.654930141351194,0.024411248043179512,80,0.4729660153388977,1.0,1.0,disabled,single,3,row_4,row_3,-0.7989764213562012,-1.4032464027404785,0.6011255572152614,0.3284990168806383,0.8584059988461546,0.6042699813842773,-0.29002496892552454,0,43,0,disabled,0,0.0,50.0,alpha
1216,0.3853453993797302,-0.0613599456846714,0.0,-1.2309752702713013,2.090505361557007,0.2522997260093689,0,0,0,0.03415565937757492,0.5,0.3,0,0,wall,both,1,1,1,1,1,1,0.0,0,0,0,alpha,full,huber,7.312785294853727,-9.240499089444894,-0.6439205930244043,6.549221666352445,-9.49610302560054,-0.36783535563698216,6.504521608621785,-9.557317703805625,-0.3832694541167765,68.02453327718428,0.03415566310286522,83,1.4244818687438965,1.0,1.0,disabled,single,3,row_3,row_4,-1.2309752702713013,-1.8646031618118286,0.6097334835946011,0.32356307055469374,0.8473509883742869,0.6336278915405273,-0.736241940842604,1,44,0,disabled,0,0.0,50.0,alpha
1220,0.07641161233186722,-0.0024127003271132708,-41.8192138671875,-2.948000431060791,2.4773802757263184,0.6229864358901978,22,0,55,0.04565218463540077,0.6607929515418502,0.3,77,77,wall,both,1,1,1,1,1,1,0.0,1,1,0,alpha,full,huber,7.042490577034975,-9.576904608961154,0.5872412424239002,6.9942599572578965,-9.593953115590388,0.09917658991258452,6.977177310999657,-9.659439356852106,0.061020804444251286,58.47143890030233,0.04565218463540077,117,0.47015634179115295,1.0,1.0,disabled,single,3,row_3,row_4,-2.948000431060791,-3.082963466644287,0.5157006032145031,0.4505924782758356,0.8149887531491925,0.1349630355834961,-2.2857715228352964,0,44,0,disabled,0,0.0,50.0,alpha
1224,0.6241918206214905,-0.16099810600280762,-47.16642761230469,-4.351406097412109,2.6003782749176025,0.8354297876358032,43,0,75,0.048937175422906876,0.5597014925373135,0.3,99,118,wall,both,1,1,1,1,1,1,0.0,2,2,0,alpha,full,huber,7.638930400420784,-9.781712693810135,0.36599361181102363,7.497689332338594,-9.700592191700851,0.579478209227851,7.532558875088469,-9.665632309017695,0.6671851030893361,44.05490181792776,0.048937175422906876,97,0.8927471041679382,1.0,1.0,disabled,single,3,row_3,row_4,-4.351406097412109,-5.052056312561035,0.6199123066294548,0.3076392443686116,0.8492500405142427,0.7006502151489258,-3.873228845545165,0,44,1,disabled,0,0.0,50.0,alpha
1228,1.018373966217041,-0.428547739982605,-45.97902297973633,-0.45712023973464966,1.4250235557556152,0.037875473499298096,18,2,108,0.12569275498390198,0.539568345323741,0.3,101,128,wall,both,1,1,1,1,1,1,0.0,3,3,0,alpha,full,huber,7.958032538995488,-8.578179762565908,1.4953624825831184,7.78791628581615,-9.31188603247138,0.9512203537064143,7.764304126086281,-9.39915747514215,0.9047431116928424,27.3520746001498,0.12569276988506317,83,1.6478900909423828,1.0,1.0,disabled,single,3,row_3,row_2,-0.45712023973464966,-1.8566551208496094,0.6725102940188471,0.16591614951499653,0.8593563876426342,1.3995348811149597,-0.06038237920257683,0,44,0,disabled,0,0.0,50.0,alpha
1232,1.2765017747879028,-0.67332923412323,-41.74607467651367,-1.2510621547698975,2.100450038909912,0.257502019405365,28,0,95,0.060892850160598755,0.5494505494505495,0.3,98,123,wall,both,1,1,1,1,1,1,0.0,10,10,0,alpha,full,huber,8.70197351692446,-9.01375283164503,1.0374631602534752,8.121739998675192,-9.171134445453177,1.092461326733261,8.08150060251084,-9.120271844850624,1.1543020859323887,59.963027120100215,0.060892850160598755,80,1.4765523672103882,1.0,1.0,disabled,single,3,row_3,row_2,-1.2510621547698975,-1.9317647218704224,0.6152134947779574,0.31145871285620974,0.8537670598916206,0.6807025671005249,-0.7652762293334721,0,44,0,disabled,0,0.0,50.0,alpha
1236,0.26133373379707336,-0.028221208602190018,-44.912437438964844,-0.8967475295066833,1.9977566003799438,0.04912889003753662,21,5,91,0.04660964384675026,0.5617977528089888,0.3,104,117,wall,both,1,1,1,1,1,1,0.0,8,8,0,alpha,full,huber,9.06023346345909,-8.620911222063002,1.4567089458544844,8.39503637179423,-8.708945106182442,1.4564124400873575,8.32392932649708,-8.735841115689727,1.4446486627476736,60.34820293938064,0.04660964012145996,107,0.9674848318099976,1.0,1.0,disabled,single,3,row_3,row_2,-0.8967475295066833,-1.0698227882385254,0.5225012405295568,0.43946237258697335,0.8248465175202631,0.17307525873184204,-0.24761960857994136,0,44,0,disabled,0,0.0,50.0,alpha
1240,0.28029829263687134,-0.03246575593948364,-36.19637680053711,-0.2754729390144348,1.1133298873901367,0.002606689929962158,77,11,72,0.03099695034325123,0.48387096774193555,0.3,114,160,wall,both,1,1,1,1,1,1,0.0,11,11,0,alpha,full,huber,9.179937487113397,-7.213084002883398,1.8680215851671562,8.885419998751292,-7.372166653519382,1.9011490745056463,8.71245188808517,-7.357354565944556,1.9393406425488608,81.34863179629428,0.030996952205896378,138,0.9383642971515656,1.0,1.0,disabled,single,3,row_2,row_3,-0.2754729390144348,-0.5037246346473694,0.5341262105442977,0.4251238187525844,0.8290152400739643,0.22825169563293457,0.35165017959972034,1,45,0,disabled,0,0.0,50.0,alpha
1244,0.7729938626289368,-0.24690888822078705,-36.020835876464844,-0.3041251301765442,1.1695784330368042,0.005946218967437744,90,11,50,0.016319599002599716,0.4983388704318937,0.3,120,151,wall,both,1,1,1,1,1,1,0.0,11,11,0,alpha,full,huber,8.60084123447902,-5.871500727628003,1.8835143155712037,8.623487023800536,-6.231818968732064,1.8769246375976016,8.483430329841816,-6.271982148555001,1.8955494812047764,135.88383142614484,0.016319599002599716,196,1.332987666130066,1.0,1.0,disabled,single,3,row_3,row_2,-0.3041251301765442,-0.4160589277744293,0.5087984668200285,0.45491846318358486,0.8224367618887238,0.11193379759788513,0.37157815010963635,1,46,0,disabled,0,0.0,50.0,alpha
1248,0.6017562747001648,-0.14963248372077942,-39.239505767822266,-0.06670314818620682,0.5451309084892273,0.012772560119628906,112,18,18,0.018116850405931473,0.5033557046979865,0.3,96,148,wall,both,1,1,1,1,1,1,0.0,12,12,0,alpha,full,huber,7.406490141224197,-2.7724710272089665,1.5880555429555745,7.643882400238525,-3.5174999232943973,1.979673379010717,7.6115513644207855,-3.5388387038963005,1.9778318220116677,131.86145863285128,0.018116850405931473,169,1.5643928050994873,1.0,1.0,disabled,single,3,row_3,row_2,-0.06670314818620682,-0.8586889505386353,0.6292830178927502,0.28503024632863483,0.8597634142930375,0.7919858023524284,0.3964710263370786,0,46,0,disabled,0,0.0,50.0,alpha
1252,0.3152066171169281,-0.04105587303638458,-13.123315811157227,-0.2271752655506134,1.010205864906311,0.009824156761169434,91,0,13,0.012152533046901226,0.5905511811023622,0.3,89,104,wall,both,1,1,1,1,1,1,0.0,9,9,0,alpha,full,huber,7.561455513634817,-0.986288773362948,1.9001895380043203,7.1944705386715055,-0.729960592700929,1.931848584146333,6.874140147304873,-0.8155666342156391,1.9845651962461925,146.30916361968718,0.012152534909546375,218,1.189694106578827,1.0,1.0,disabled,single,3,row_3,row_2,-0.2271752655506134,-0.5280354022979736,0.5495126592247355,0.4067389887950375,0.8318036267669596,0.30086013674736023,0.37154820213758755,0,46,0,disabled,0,0.0,50.0,alpha
1256,0.941851019859314,-0.3665633797645569,-16.913164138793945,-0.17224957048892975,0.8779956102371216,0.015205681324005127,105,4,15,0.010147224180400372,0.5474452554744526,0.3,107,124,wall,both,1,1,1,1,1,1,0.0,13,13,0,alpha,full,huber,7.332144800156435,-0.45828441315133106,1.916014286533045,6.9417636859260385,-0.3135643919031235,2.0082858037107525,6.805911780076274,-0.2993910321432003,2.0111944203725836,186.60760844444394,0.010147224180400372,250,1.2318675518035889,1.0,1.0,disabled,single,3,row_3,row_2,-0.17224957048892975,-0.610406219959259,0.5765516946783754,0.37200539471341193,0.8380034547174483,0.4381566494703293,0.3784407029371092,0,46,0,disabled,0,0.0,50.0,alpha
1260,0.8862764835357666,-0.32458099722862244,-26.382028579711914,-0.12039404362440109,0.7360324263572693,0.0012656450271606445,100,22,15,0.010622063651680946,0.5226480836236934,0.3,94,137,wall,both,1,1,1,1,1,1,0.0,10,10,0,alpha,full,huber,7.043380325653112,0.3816739585989237,1.7917212314364441,6.823140579147024,0.59437237272041,1.795582882258797,6.6231309193283945,0.6001359506076513,1.8224350177104718,182.17060828292895,0.010622063651680946,250,1.4584687948226929,1.0,1.0,disabled,single,3,row_3,row_2,-0.12039404362440109,-0.6920304894447327,0.5982928448117428,0.3377965851741867,0.8497138755243903,0.5716364458203316,0.39328089423141843,0,46,0,disabled,0,0.0,50.0,alpha
1264,0.8315789699554443,-0.2857535779476166,-24.54860496520996,-0.1734096109867096,0.8832260966300964,0.0037253499031066895,74,28,11,0.011740032583475113,0.5703422053231939,0.3,71,113,wall,both,1,1,1,1,1,1,0.0,13,13,0,alpha,full,huber,7.053184745549152,1.1233598996035397,1.677192523252077,6.921379766499257,1.4001393862364688,1.6834950298745173,6.702877778146375,1.3680020193003268,1.7303664660762959,138.79919275122208,0.011740033514797688,185,1.1931273937225342,1.0,1.0,disabled,single,3,row_3,row_2,-0.1734096109867096,-0.5873469114303589,0.5705060334818962,0.37712867589386645,0.8424021240037904,0.4139373004436493,0.3878219229702611,0,46,0,disabled,0,0.0,50.0,alpha
1268,1.4093990325927734,-0.8208287954330444,-22.755084991455078,-0.23964978754520416,1.038459062576294,0.0012065768241882324,94,14,18,0.01731814444065094,0.5434782608695653,0.3,83,126,wall,both,1,1,1,1,1,1,0.0,5,5,0,alpha,full,huber,7.042244165679939,1.9935306523914027,1.6954632019264206,7.14324577173179,1.9375458892782764,1.5936320914677622,6.905799766413326,1.9253221682608346,1.66585880793434,99.14856551916867,0.01731814444065094,133,1.5524115562438965,1.0,1.0,disabled,single,3,row_3,row_2,-0.23964978754520416,-0.4957360327243805,0.5397146279287975,0.41777971161087535,0.8317264084231465,0.25608624517917633,0.37706495836493026,0,46,0,disabled,0,0.0,50.0,alpha
1272,0.7067148089408875,-0.20638257265090942,-15.669670104980469,-0.20361466705799103,0.9570438861846924,0.0042580366134643555,118,0,19,0.02926148660480976,0.5226480836236934,0.3,119,137,wall,both,1,1,1,1,1,1,0.0,6,6,0,alpha,full,huber,6.834194813803834,2.7077236469347477,1.6522766142478336,6.941922204795266,2.6781772853037484,1.659721324327618,6.892498535080138,2.6872542087692057,1.652449858504876,60.987716155078644,0.02926148660480976,80,0.9252525269985199,1.0,1.0,disabled,single,3,row_3,row_2,-0.20361466705799103,-0.5264264345169067,0.5530288498198332,0.40045379932306086,0.8367739541646778,0.3228117674589157,0.38873044210648244,0,46,0,disabled,0,0.0,50.0,alpha
1276,0.17730914056301117,-0.012991128489375114,-23.882089614868164,-0.2440718412399292,1.0480091571807861,7.104873657226562e-05,113,6,7,0.019316619262099266,0.5434782608695653,0.3,115,126,wall,both,1,1,1,1,1,1,0.0,7,7,0,alpha,full,huber,7.1657565165031185,3.502848454409566,1.8055299109598426,6.999613809167773,3.267540778852455,1.6169667848662803,6.929951775916726,3.268647202477823,1.6274107830594078,93.09914900631009,0.019316619262099266,122,0.4737919718027115,1.0,1.0,disabled,single,3,row_2,row_3,-0.2440718412399292,-0.44983530044555664,0.5289846225424232,0.43060702675261536,0.829326270304456,0.20576345920562744,0.3927240752243324,1,47,0,disabled,0,0.0,50.0,alpha
1280,0.529750645160675,-0.11596518754959106,-19.957561492919922,-0.3139033615589142,1.1883139610290527,0.00508570671081543,122,3,14,0.025502420961856842,0.5190311418685121,0.3,120,139,wall,both,1,1,1,1,1,1,0.0,5,5,0,alpha,full,huber,6.926919548085044,3.5037104849703162,1.6584434190513129,6.969604905742277,3.819712812275484,1.6483810601100066,6.934832407762746,3.8704290684442513,1.6383239877349247,72.09613675545005,0.02550242468714714,83,0.8419584035873413,1.0,1.0,disabled,single,3,row_3,row_2,-0.3139033615589142,-0.36745455861091614,0.4969019117357417,0.4709921602030603,0.8125342639333664,0.05355119705200195,0.38545927149745085,1,48,0,disabled,0,0.0,50.0,alpha
1284,0.5895259380340576,-0.14361190795898438,-19.904876708984375,-0.2892260253429413,1.1396137475967407,0.012341439723968506,120,4,14,0.03638119995594025,0.5208333333333334,0.3,101,138,wall,both,1,1,1,1,1,1,0.0,5,5,0,alpha,full,huber,6.737703984708868,4.243747799831079,1.5921222611667352,6.910752220421397,4.135583910929794,1.6323663581379504,6.9137021282798,4.1328710525014065,1.6342515901738208,58.057913954478074,0.03638119995594025,80,0.8112415075302124,1.0,1.0,disabled,single,3,row_3,row_2,-0.2892260253429413,-0.43434667587280273,0.5165324521911057,0.44675818139739926,0.8225144619199148,0.14512065052986145,0.3713911360927703,0,48,0,disabled,0,0.0,50.0,alpha
1288,0.3566656708717346,-0.0525662787258625,-28.93842887878418,-0.24137336015701294,1.0417698621749878,0.006982982158660889,114,18,15,0.03561128303408623,0.5050505050505051,0.3,114,147,wall,both,1,1,1,1,1,1,0.0,6,6,0,alpha,full,huber,6.898974131492136,5.10086183883959,1.6222060596910088,6.9073382755181365,4.612967695284328,1.590917043065404,6.900963896292146,4.54231341164752,1.6087839147715606,56.50694376920259,0.03561127930879593,80,0.8644764721393585,1.0,1.0,disabled,single,3,row_2,row_3,-0.24137336015701294,-0.4697960615158081,0.5333034550787418,0.42439638759239,0.8328077318886403,0.22842270135879517,0.38729132256199605,1,49,0,disabled,0,0.0,50.0,alpha
1292,0.22320771217346191,-0.02058747224509716,-27.72223663330078,-0.18901509046554565,0.9010115265846252,0.0459294319152832,108,0,27,0.028992190957069397,0.5263157894736842,0.3,110,135,wall,both,1,1,1,1,1,1,0.0,5,5,0,alpha,full,huber,7.13575485432265,4.6341874971336185,1.5446958710787104,7.015827531703536,4.949813272637145,1.6413476973607275,6.95718727628741,4.949347429153015,1.6448606160363157,63.405860740424146,0.028992190957069397,80,0.7234190702438354,1.0,1.0,disabled,single,3,row_2,row_3,-0.1832731068134308,-0.5711618661880493,0.5642536956216556,0.38283925675182967,0.8459796155101404,0.38788875937461853,0.38897820687504314,0,49,0,disabled,0,0.0,50.0,alpha
1296,0.23376204073429108,-0.022580452263355255,-26.943126678466797,-0.2670230567455292,1.094599962234497,0.013714492321014404,122,6,21,0.021382993087172508,0.5016722408026756,0.3,120,149,wall,both,1,1,1,1,1,1,0.0,5,5,0,alpha,full,huber,6.809880512662493,5.3080603581179755,1.574645673113256,6.8445403697734335,5.305045542985375,1.6903380041495966,6.88328500709847,5.305985008197721,1.6646938972252165,79.3439167356595,0.02138299122452736,102,0.6120727360248566,1.0,1.0,disabled,single,3,row_2,row_3,-0.2670230567455292,-0.4398482143878937,0.5219361352890566,0.4390968819611583,0.8272097496161714,0.1728251576423645,0.38318698802842155,0,49,0,disabled,0,0.0,50.0,alpha
1300,0.3332316279411316,-0.04588567093014717,-24.262842178344727,-0.2389882355928421,1.037025809288025,0.001155257225036621,117,15,12,0.015801453962922096,0.5102040816326531,0.3,120,144,wall,both,1,1,1,1,1,1,0.0,3,3,0,alpha,full,huber,6.783559484269208,5.8027029370079815,1.6923802916265487,6.835295893622851,5.865239493032485,1.6740350227853718,6.832231276313007,5.87542629581233,1.6651380487642573,121.60564000725334,0.015801453962922096,169,0.510903000831604,1.0,1.0,disabled,single,3,row_2,row_3,-0.2389882355928421,-0.4817180037498474,0.53657045685948,0.42093065794585094,0.832495074357791,0.2427297681570053,0.38356916308285494,0,49,0,disabled,0,0.0,50.0,alpha
1304,1.0885050296783447,-0.4896046221256256,-24.848154067993164,-0.18651992082595825,0.9159984588623047,0.003949403762817383,115,0,10,0.021151667460799217,0.5454545454545454,0.3,120,125,wall,both,1,1,1,1,1,1,0.0,1,1,0,alpha,full,huber,6.893279785332286,5.87900366871095,1.6515483791294399,6.811748418531378,6.150800206553878,1.6841184378103176,6.80189033850422,6.22847610335613,1.6731390308500265,106.89220756499886,0.021151667460799217,148,1.5645175576210022,1.0,1.0,disabled,single,3,row_2,row_3,-0.18651992082595825,-0.5650694370269775,0.5632543286475343,0.38574701313584825,0.8425436659129248,0.3785495162010193,0.3875040937467965,0,49,0,disabled,0,0.0,50.0,alpha
1308,0.4182438254356384,-0.07228425145149231,-36.52756118774414,-0.12394481152296066,0.7468253970146179,0.0004329681396484375,111,12,9,0.01920112781226635,0.5319148936170213,0.3,120,132,wall,both,1,1,1,1,1,1,0.0,1,1,0,alpha,full,huber,6.869950418688521,7.0863471243421,1.7561897414024026,6.814359948254936,7.334948177977397,1.8303194767839066,6.746279912866687,7.445290719019667,1.8470668566171948,107.48009607675411,0.01920112781226635,159,0.915940523147583,1.0,1.0,disabled,single,3,row_2,row_3,-0.12394481152296066,-0.7037085890769958,0.5982239252521921,0.33502372936725194,0.8544110329130837,0.5797637775540352,0.3898453266565838,0,49,0,disabled,0,0.0,50.0,alpha
1312,0.40972191095352173,-0.06936861574649811,0.0,-0.010116152465343475,0.07804350554943085,0.04633408784866333,0,0,0,0.02468002401292324,0.5,0.3,0,0,wall,both,1,1,1,1,1,1,0.0,0,0,0,alpha,full,huber,7.286616635528849,9.408983113362154,2.0065934082988885,6.556309997771322,9.665734805326643,1.8400725455784275,6.3462315373986655,9.709015591970175,1.8921519172949628,76.45402726247498,0.024680020287632942,102,1.3059306740760803,1.0,1.0,disabled,single,3,row_2,row_1,-0.010116152465343475,-1.2845418453216553,0.6672420594216969,0.1865552039288181,0.8643120814597974,1.2744256928563118,0.3944862387575279,0,49,0,disabled,0,0.0,50.0,alpha
1316,0.35716331005096436,-0.052713073790073395,-31.085800170898438,-0.1253429502248764,0.6932362914085388,0.06741142272949219,46,0,36,0.014330752193927765,0.646551724137931,0.3,82,82,wall,both,1,1,1,1,1,1,0.0,2,2,0,alpha,full,huber,6.769782357689018,10.415407099957957,1.3317140307888957,6.472175030287421,10.608963623708169,1.8181755833820565,6.270310053483637,10.64013235443037,1.8738668925913355,136.11465683943183,0.014330752193927765,185,1.076674222946167,1.0,1.0,disabled,single,3,row_2,row_3,-0.1253429502248764,-1.2673550844192505,0.6644980684344409,0.21209193517568176,0.8586980504061974,1.142012134194374,0.2833803574036092,0,49,0,disabled,0,0.0,50.0,alpha
1320,0.8327838778495789,-0.28658223152160645,-30.193933486938477,-0.8338440656661987,1.9370849132537842,0.00010454654693603516,37,0,30,0.021597661077976227,0.6912442396313364,0.3,67,67,wall,both,1,1,1,1,1,1,0.0,2,2,0,alpha,full,huber,5.594210617664529,11.095433402470757,1.7539992138134481,5.814926993805296,11.569861470623346,1.5802264848925502,5.858439250871953,11.667659050235013,1.558083696632509,114.98510688770988,0.021597661077976227,196,1.6512864232063293,1.0,1.0,disabled,single,3,row_3,row_2,-0.8338440656661987,-0.8911240100860596,0.4978543383391785,0.4701386242953126,0.8122158211382478,0.05727994441986084,-0.13639632762938558,1,50,0,disabled,0,0.0,50.0,alpha
1324,0.334089070558548,-0.04612211138010025,-47.05976486206055,-1.8788572549819946,2.691934585571289,0.25649118423461914,16,0,60,0.020531898364424706,0.663716814159292,0.3,76,76,wall,both,1,1,1,1,1,1,0.0,1,1,0,alpha,full,huber,6.526788550697203,12.45532843851741,0.9684967493490735,6.21895063825678,12.6166403559214,0.8652120640982963,6.062897295680688,12.675450155477352,0.8945137553696272,98.6525211039555,0.020531898364424706,213,1.0194907188415527,1.0,1.0,disabled,single,3,row_2,row_3,-1.8788572549819946,-3.1796209812164307,0.6725532336347527,0.18315220709994004,0.8570134818107319,1.300763726234436,-1.4821832421642305,1,51,1,disabled,0,0.0,50.0,alpha
1328,0.6151920557022095,-0.15638895332813263,-47.751121520996094,-1.9629117250442505,2.8985204696655273,0.15330588817596436,22,0,78,0.019719943404197693,0.6000000000000001,0.3,100,100,wall,both,1,1,1,1,1,1,0.0,1,1,0,alpha,full,huber,5.624403915974868,12.300358913271427,1.1399357183785472,6.226250842299972,12.766172564765693,0.7579969988142042,6.252226379270224,12.849311020779194,0.711121988778876,111.73270672574012,0.019719941541552544,218,1.3932095766067505,1.0,1.0,disabled,single,3,row_2,row_3,-1.9629117250442505,-2.193450927734375,0.5345982495562804,0.42452730512244413,0.8291985629206888,0.2305392026901245,-1.336671975456073,0,51,1,disabled,0,0.0,50.0,alpha
1332,0.05860806256532669,-0.0014193822862580419,0.0,-3.313755512237549,2.857431650161743,0.6060823202133179,0,0,0,0.018575288355350494,0.5,0.3,0,0,wall,both,1,1,1,1,1,1,0.0,0,0,0,alpha,full,huber,6.465047257297063,12.61063257189957,0.5350847334608555,6.484233610464221,12.917874100895808,0.3419639260714202,6.517402729060956,13.005536762120819,0.32418120215136303,87.34906816776362,0.018575288355350494,112,0.6580627262592316,1.0,1.0,disabled,single,3,row_2,row_3,-3.313755512237549,-4.698361396789551,0.6784874465775141,0.16990850611129876,0.8503385054506747,1.384605884552002,-2.9258662106311206,0,51,1,disabled,0,0.0,50.0,alpha
1336,0.1539594680070877,-0.009794842451810837,0.0,-2.7856316566467285,2.82462477684021,0.49809080362319946,0,0,0,0.023727724328637123,0.5,0.3,0,0,wall,both,1,1,1,1,1,1,0.0,0,0,0,alpha,full,huber,6.484656584060224,12.581664335628473,-0.3956099560123114,6.787995680234952,12.982682337863015,-0.04579103323409729,6.8306994751082275,13.04823491985913,-0.06346920308260184,75.67593308545686,0.023727724328637123,92,0.6254701614379883,1.0,1.0,disabled,single,3,row_2,row_3,-2.7856316566467285,-3.8753106594085693,0.6573773098710421,0.22109205271614896,0.8655713678041577,1.0896790027618408,-2.366134523347797,0,51,1,disabled,0,0.0,50.0,alpha
1340,1.1900113821029663,-0.5851764678955078,-48.47917556762695,-0.9190112352371216,1.976361870765686,0.11179178953170776,2,0,63,0.033863674849271774,0.6976744186046512,0.3,51,65,wall,both,1,1,1,1,1,1,0.0,3,3,0,alpha,full,huber,7.95412790398596,11.643179446620461,-1.9179673484057296,7.957858263069126,12.491110441460544,-1.1204351867617512,8.005907146382308,12.706526491510962,-1.0100540272169174,70.39927651580771,0.033863674849271774,164,2.4647563695907593,1.0,1.0,disabled,single,3,row_2,row_1,-0.9190112352371216,-1.0760055780410767,0.5204740723419463,0.4448538187581765,0.8167747022710888,0.15699434280395508,-0.2659960300855275,0,51,0,disabled,0,0.0,50.0,alpha
1344,0.9728037118911743,-0.3910525143146515,-45.46833038330078,-0.6712551712989807,1.7379977703094482,0.0008037686347961426,28,7,67,0.05302095785737038,0.5952380952380952,0.3,67,102,wall,both,1,1,1,1,1,1,0.0,11,11,0,alpha,full,huber,8.812414397964172,11.801670091877716,-1.426011055357841,8.401997821351456,11.776735428544953,-1.7606250078333874,8.394542123162791,11.923183711466011,-1.7016434059329286,74.77867936585999,0.05302095040678978,185,1.620341420173645,1.0,1.0,disabled,single,3,row_1,row_2,-0.6712551712989807,-1.470544457435608,0.6844804300290489,0.3077755452177694,0.6598036145974429,0.7992892861366272,-0.2921599464672452,1,52,0,disabled,0,0.0,50.0,alpha
1348,0.749036967754364,-0.23184147477149963,-41.890689849853516,-0.6389802694320679,1.6957035064697266,0.0002034306526184082,42,17,78,0.048997439444065094,0.5226480836236934,0.3,99,137,wall,both,1,1,1,1,1,1,0.0,10,10,0,alpha,full,huber,8.34968757327574,11.393547620174568,-1.4459369896476693,8.683499352670498,11.540555846826756,-1.6744538679774241,8.52907661108803,11.527387481793241,-1.7848690457414107,70.84744186547933,0.04899744689464569,143,0.6425765156745911,1.0,1.0,disabled,single,3,row_1,row_2,-0.6389802694320679,-0.8572664856910706,0.5433092173590879,0.4367637375958523,0.7712870190317798,0.21828621625900269,-0.028903609368903127,0,52,0,disabled,0,0.0,50.0,alpha
1352,0.20918767154216766,-0.018082430586218834,-39.555240631103516,-0.33282551169395447,1.2234437465667725,0.007000744342803955,44,6,111,0.024653688073158264,0.48231511254019294,0.3,120,161,wall,both,1,1,1,1,1,1,0.0,13,13,0,alpha,full,huber,8.502125868585999,10.780853638077819,-1.5845051968071726,8.628581247782138,10.957074621552064,-1.6394428551890667,8.540455336864497,11.01432237706457,-1.7129637980129955,90.33706901576313,0.024653688073158264,148,0.5653389692306519,1.0,1.0,disabled,single,3,row_1,row_2,-0.33282551169395447,-0.603570818901062,0.5568884159077558,0.42480047246999725,0.7629329484768155,0.27074530720710754,0.2525648779364569,0,52,0,disabled,0,0.0,50.0,alpha
1356,0.7068783640861511,-0.20647811889648438,-36.97368240356445,-0.1298772692680359,0.7634628415107727,0.009251952171325684,81,4,77,0.03654804080724716,0.4807692307692307,0.3,120,162,wall,both,1,1,1,1,1,1,0.0,13,13,0,alpha,full,huber,7.900320632337536,9.987620009604887,-1.3044673152499593,8.526731442530885,10.363348288050684,-1.575800488847231,8.503946809253826,10.453954756692532,-1.620576386943033,88.48923894745319,0.03654804080724716,138,1.4077484011650085,1.0,1.0,disabled,single,3,row_2,row_1,-0.1298772692680359,-0.662489652633667,0.5933508474810484,0.34833807533610345,0.8427799162756288,0.5326123833656311,0.39209213730524817,1,53,0,disabled,0,0.0,50.0,alpha
1360,0.3232584297657013,-0.04318017140030861,-32.552276611328125,-0.3247072994709015,1.2084065675735474,0.007140100002288818,98,0,68,0.04321102052927017,0.4746835443037975,0.3,120,166,wall,both,1,1,1,1,1,1,0.0,9,9,0,alpha,full,huber,8.45327480663119,9.675445630324615,-1.3465374255753044,8.506637750604707,9.724142496005513,-1.4137861152219762,8.492306169974002,9.789203222413626,-1.4518020880527218,52.53294749965729,0.04321102052927017,80,0.58932825922966,1.0,1.0,disabled,single,3,row_1,row_2,-0.3247072994709015,-0.3581755757331848,0.49461354422283943,0.478333631392237,0.7986026528706954,0.033468276262283325,0.3792712406038753,1,54,0,disabled,0,0.0,50.0,alpha
1364,0.29559212923049927,-0.03610525280237198,-33.9388427734375,-0.1213659793138504,0.738991916179657,0.00143510103225708,88,8,39,0.04645911976695061,0.5263157894736842,0.3,120,135,wall,both,1,1,1,1,1,1,0.0,8,8,0,alpha,full,huber,9.021821665830279,9.066363248569868,-1.422843931231185,8.713156286902553,9.264282895321749,-1.3706761548563742,8.638021278150951,9.297688986135222,-1.4035322671993797,52.72805552166172,0.04645911976695061,80,0.7455453276634216,1.0,1.0,disabled,single,3,row_1,row_2,-0.1213659793138504,-0.6662775874137878,0.625034956747207,0.3624534205006607,0.7163876038906425,0.5449116080999374,0.3485817207004227,0,54,0,disabled,0,0.0,50.0,alpha
1368,0.7136600017547607,-0.2104589343070984,-35.113197326660156,-0.18096774816513062,0.8945567011833191,0.027729570865631104,109,25,50,0.029014339670538902,0.44910179640718567,0.3,120,184,wall,both,1,1,1,1,1,1,0.0,10,10,0,alpha,full,huber,8.872114198232422,9.021963405421422,-1.605307994709043,8.800561215679233,8.617953343392536,-1.4615066846298905,8.781754171481444,8.602018347442533,-1.4759992828008193,66.66569907161285,0.029014339670538902,80,1.0669556856155396,1.0,1.0,disabled,single,3,row_1,row_2,-0.18096774816513062,-0.5549746155738831,0.5826626867294011,0.40085572300451633,0.7488325107813636,0.37400686740875244,0.35917909384891145,0,54,0,disabled,0,0.0,50.0,alpha
1372,0.9046149849891663,-0.3381521701812744,-36.61629867553711,-0.19803667068481445,0.9314057230949402,0.03588205575942993,113,37,36,0.03384910151362419,0.4464285714285714,0.3,120,186,wall,both,1,1,1,1,1,1,0.0,9,9,0,alpha,full,huber,8.889298193203254,8.753768426078029,-1.6379584244479872,8.762046826545319,8.278975467062136,-1.524856689997405,8.787597856613147,8.248888639362443,-1.513715817123818,60.00976453174204,0.03384910151362419,80,1.1497319340705872,1.0,1.0,disabled,single,3,row_1,row_2,-0.19803667068481445,-0.531928300857544,0.5724956795700342,0.40998212394948336,0.7557314717056705,0.3338916301727295,0.3597134194999638,0,54,0,disabled,0,0.0,50.0,alpha
1376,0.17676177620887756,-0.01291104406118393,-32.39120864868164,-0.17492900788784027,0.8845484852790833,0.016089141368865967,108,3,48,0.029192892834544182,0.4854368932038835,0.3,120,159,wall,both,1,1,1,1,1,1,0.0,9,9,0,alpha,full,huber,9.086545198172312,8.010813530986121,-1.5740647887562798,8.899696325956846,7.734366428422326,-1.4752374612360677,8.862561453972013,7.732985121690134,-1.4999601849633597,60.1201875314316,0.029192892834544182,80,0.6317995190620422,1.0,1.0,disabled,single,3,row_1,row_2,-0.17492900788784027,-0.5600723624229431,0.5855596587802706,0.3983873276289038,0.7463608552685117,0.38514335453510284,0.36025819951502325,0,54,0,disabled,0,0.0,50.0,alpha
1380,0.35516998171806335,-0.052126333117485046,-28.734941482543945,-0.17022772133350372,0.8752283453941345,7.152557373046875e-05,111,0,20,0.029084457084536552,0.5338078291814947,0.3,120,131,wall,both,1,1,1,1,1,1,0.0,9,9,0,alpha,full,huber,9.42547345498271,6.120283229051915,-1.395128122389066,9.14502140424026,6.4328985850722304,-1.2453960831378776,9.05817510594432,6.45052495597994,-1.2621661363998375,64.5637226247947,0.029084457084536552,80,1.003997564315796,1.0,1.0,disabled,single,3,row_1,row_2,-0.17022772133350372,-0.5836169123649597,0.592296482033551,0.3917477480302983,0.7433593730836758,0.413389191031456,0.35352023388436393,0,54,0,disabled,0,0.0,50.0,alpha
1384,0.36994367837905884,-0.05655302852392197,-14.082979202270508,-0.24831438064575195,1.0567864179611206,0.005796253681182861,127,5,13,0.02289261855185032,0.5084745762711864,0.3,120,145,wall,both,1,1,1,1,1,1,0.0,11,11,0,alpha,full,huber,9.033962725920281,5.116925113826751,-1.4003632342650307,9.19960370869382,5.587129055476609,-1.3612097096984592,9.248016984844373,5.62418327491395,-1.3450900071522558,81.0649466717903,0.022892620414495468,107,0.6970795392990112,1.0,1.0,disabled,single,3,row_2,row_1,-0.24831438064575195,-0.45332157611846924,0.5285409635644019,0.43057137940548357,0.8305486552315954,0.20500719547271729,0.3893205869202093,1,55,0,disabled,0,0.0,50.0,alpha
1388,0.8078243732452393,-0.2696612477302551,-26.35584831237793,-0.1322493702173233,0.7667085528373718,0.019908905029296875,128,4,24,0.032335806638002396,0.49019607843137253,0.3,103,156,wall,both,1,1,1,1,1,1,0.0,11,11,0,alpha,full,huber,8.944286055906732,4.149577490957668,-1.3109923262258787,9.204448027938486,4.268284336682537,-1.4532601574944324,9.354773373761923,4.309150501201831,-1.3972074077202847,57.98887514388874,0.032335806638002396,80,1.1910778284072876,1.0,1.0,disabled,single,3,row_2,row_1,-0.1322493702173233,-0.6597229242324829,0.5906901575229492,0.34856267554096043,0.8484950147600903,0.5274735540151596,0.3942142969859923,0,55,0,disabled,0,0.0,50.0,alpha
1392,0.12279202789068222,-0.006230529863387346,-43.79688262939453,-0.04983125627040863,0.44190144538879395,0.039710402488708496,77,0,86,0.020239638164639473,0.47923322683706066,0.3,120,163,wall,both,1,1,1,1,1,1,0.0,13,13,0,alpha,full,huber,11.37677221958931,2.6430157859238044,-1.105239421548645,9.770669966981576,2.1374861343204348,-1.225875916947198,9.75577683170605,2.1323763171894243,-1.2369311847796716,71.4437986184651,0.020239638164639473,80,1.925581157207489,1.0,1.0,disabled,single,3,row_1,row_2,-0.04983125627040863,-1.853825569152832,0.8575036151492424,0.14117935199925583,0.4169492191519928,1.8039943128824234,0.10389862776303654,1,56,0,disabled,0,0.0,50.0,alpha
1396,0.4813774824142456,-0.09575383365154266,-30.2928466796875,-0.28320807218551636,1.1286647319793701,0.005483090877532959,99,32,19,0.034356195479631424,0.5,0.3,90,150,wall,both,1,1,1,1,1,1,0.0,10,10,0,alpha,full,huber,9.783662127996008,1.4927524032554604,-1.30531215161115,9.841194189326094,1.0521723522964095,-1.207490609031582,9.970795833302974,1.0537900720193298,-1.1963673651218232,62.24050022349806,0.03435619920492172,97,1.3193559646606445,1.0,1.0,disabled,single,3,row_2,row_1,-0.28320807218551636,-0.3953639268875122,0.5090449026812496,0.4550377467527053,0.8214824334868679,0.11215585470199585,0.39201097668860063,1,57,0,disabled,0,0.0,50.0,alpha
1400,1.1093460321426392,-0.5085325241088867,-23.140878677368164,-0.3096189796924591,1.1795153617858887,0.010510146617889404,119,8,25,0.012215688824653625,0.49668874172185423,0.3,120,152,wall,both,1,1,1,1,1,1,0.0,9,9,0,alpha,full,huber,10.152444624934574,0.3918111768772523,-1.231705558589353,10.457666295616995,0.14247954428626564,-1.1517050426956332,10.42146034982083,0.08717227527492223,-1.1936971424488532,136.93939460241924,0.012215688824653625,164,1.2840447425842285,1.0,1.0,disabled,single,3,row_1,row_2,-0.3096189796924591,-0.36354154348373413,0.49940871939865233,0.4731924958394244,0.7993828435768587,0.053922563791275024,0.38471146184742155,1,58,0,disabled,0,0.0,50.0,alpha
1404,1.1371251344680786,-0.5343196988105774,-29.824010848999023,-0.32164326310157776,1.2030771970748901,3.713369369506836e-05,148,15,17,0.017632711678743362,0.45454545454545453,0.3,120,180,wall,both,1,1,1,1,1,1,0.0,8,8,0,alpha,full,huber,10.195672833498191,0.0495300619334369,-1.3681967395333405,10.42810931531458,-0.226093716181864,-1.2542779568219107,10.496276065844139,-0.26479386558391893,-1.2586574717743033,139.1981940879734,0.017632709816098213,213,1.7604998350143433,1.0,1.0,disabled,single,3,row_1,row_2,-0.32164326310157776,-0.3470260798931122,0.4921306135165712,0.47979615618895655,0.8015894026707743,0.025382816791534424,0.3873678599932274,0,58,0,disabled,0,0.0,50.0,alpha
1408,0.39730626344680786,-0.06522820889949799,-29.49928092956543,-0.13414420187473297,0.7736024260520935,0.016806840896606445,104,0,16,0.010250275954604149,0.5555555555555556,0.3,120,120,wall,both,1,1,1,1,1,1,0.0,2,2,0,alpha,full,huber,9.84202520522951,-0.5863984239026251,-1.1887161418832721,10.456177961626754,-0.9843170354828354,-1.3310884326526438,10.577465170837012,-0.9804791712724099,-1.2994901271029227,183.59255072738472,0.010250275954604149,240,1.0563817620277405,1.0,1.0,disabled,single,3,row_2,row_1,-0.13414420187473297,-0.6298052668571472,0.5858227906666202,0.3568645413764176,0.8448448466049158,0.49566106498241425,0.40059373826977296,1,59,0,disabled,0,0.0,50.0,alpha
1412,1.3495540618896484,-0.7526017427444458,-25.742076873779297,-0.22530104219913483,1.0061269998550415,0.009225130081176758,126,2,20,0.011260145343840122,0.5033557046979865,0.3,120,148,wall,both,1,1,1,1,1,1,0.0,5,5,0,alpha,full,huber,10.651387259680716,-1.0952602967569072,-1.3530486236563197,10.554212087161542,-1.4036414576060687,-1.3354172972293712,10.631173988182026,-1.4522781194398373,-1.320265862595502,182.06164845007893,0.011260145343840122,229,1.7954238653182983,1.0,1.0,disabled,single,3,row_1,row_2,-0.22530104219913483,-0.48374810814857483,0.5536311299640571,0.4275415893373382,0.7654121592460971,0.25844706594944,0.36595560218900436,1,60,0,disabled,0,0.0,50.0,alpha
1416,0.5716472268104553,-0.13503329455852509,-27.996286392211914,-0.21662329137325287,0.9873215556144714,0.00022751092910766602,126,6,12,0.012342935428023338,0.5102040816326531,0.3,120,144,wall,both,1,1,1,1,1,1,0.0,4,4,0,alpha,full,huber,10.784721169571958,-1.9292406628431833,-1.3822364198750492,10.893509612193405,-2.0377708843249267,-1.2807213684624499,10.859061074481804,-2.10098999815825,-1.2951284515924604,156.6132247905597,0.012342935428023338,207,0.7715213894844055,1.0,1.0,disabled,single,3,row_1,row_2,-0.21662329137325287,-0.5050948262214661,0.5606340035388477,0.4201436840525575,0.7647232739491431,0.2884715348482132,0.36206369510074965,0,60,0,disabled,0,0.0,50.0,alpha
1420,0.581099808216095,-0.13953594863414764,-31.78558921813965,-0.2754710018634796,1.1133819818496704,3.218650817871094e-05,110,9,24,0.023865818977355957,0.5119453924914675,0.3,120,143,wall,both,1,1,1,1,1,1,0.0,6,6,0,alpha,full,huber,10.754917317463097,-2.394364842037037,-1.368931504405548,10.928087476258709,-2.5727361961259856,-1.3516650411218964,10.978903620615348,-2.6499052257633293,-1.3192337449649312,89.17869177787723,0.023865818977355957,122,1.0162498950958252,1.0,1.0,disabled,single,3,row_1,row_2,-0.2754710018634796,-0.43473562598228455,0.5271435903925884,0.4495325903523411,0.7846005574503193,0.15926462411880493,0.3648112981517152,0,60,0,disabled,0,0.0,50.0,alpha
1424,0.31802690029144287,-0.04179384931921959,-30.60259246826172,-0.292003870010376,1.1463052034378052,0.0003083944320678711,107,12,26,0.028096988797187805,0.5084745762711864,0.3,120,145,wall,both,1,1,1,1,1,1,0.0,4,4,0,alpha,full,huber,10.774819861311606,-2.645809233770455,-1.3360693132881518,10.830548251372601,-2.730163346342643,-1.3767600092063625,10.916397779332618,-2.768323800155256,-1.3479639565474288,75.52422631661332,0.028096988797187805,107,0.5460161566734314,1.0,1.0,disabled,single,3,row_1,row_2,-0.292003870010376,-0.4203201234340668,0.5190687707146824,0.45656000042440353,0.7888456141301847,0.1283162534236908,0.36371502839004966,0,60,0,disabled,0,0.0,50.0,alpha
1428,1.2213011980056763,-0.6163539886474609,-26.5847110748291,-0.27973583340644836,1.1219675540924072,5.4836273193359375e-06,107,0,39,0.03232835605740547,0.5067567567567568,0.3,120,146,wall,both,1,1,1,1,1,1,0.0,8,8,0,alpha,full,huber,10.986060429137082,-3.656162340526236,-1.3948047633299763,11.038673870486566,-3.2593663656518372,-1.3134923659701423,11.03121089401391,-3.2482923879175924,-1.3211177071727818,82.68995414011349,0.03232835605740547,112,1.4819371104240417,1.0,1.0,disabled,single,3,row_1,row_2,-0.27973583340644836,-0.4348718225955963,0.5264351038865178,0.4507857067774401,0.7830933495019197,0.15513598918914795,0.3618913810735318,0,60,0,disabled,0,0.0,50.0,alpha
1432,0.11117485165596008,-0.005107374861836433,-33.57797622680664,-0.275625616312027,1.113694429397583,5.543231964111328e-06,108,17,25,0.02635079249739647,0.5,0.3,120,150,wall,both,1,1,1,1,1,1,0.0,7,7,0,alpha,full,huber,10.914449316073073,-3.197435950043207,-1.394790309858299,11.008602621919335,-3.4372072976441026,-1.3497867211035286,11.050529337524868,-3.4767173180457442,-1.3338528797957578,76.64730966639002,0.02635079249739647,102,0.4719725251197815,1.0,1.0,disabled,single,3,row_1,row_2,-0.275625616312027,-0.44463038444519043,0.5298300956968401,0.4474440996197196,0.7823839007046741,0.16900476813316345,0.359573281675727,0,60,0,disabled,0,0.0,50.0,alpha
1436,0.7561511397361755,-0.2362663447856903,-37.7374153137207,-0.33297377824783325,1.2240830659866333,0.0003846287727355957,98,17,29,0.032709382474422455,0.5102040816326531,0.3,120,144,wall,both,1,1,1,1,1,1,0.0,3,3,0,alpha,full,huber,10.81384263845925,-3.6863155021537914,-1.410049996771729,11.077357345105565,-3.9450873536142272,-1.3545565039337302,11.121450644139092,-3.9669115910510993,-1.3389623421791206,62.18473990696639,0.03270938619971275,80,1.165320873260498,1.0,1.0,disabled,single,3,row_2,row_1,-0.33297377824783325,-0.3737119436264038,0.49466700864289115,0.4749201387761154,0.808039867409528,0.04073816537857056,0.37089667434872764,1,61,0,disabled,0,0.0,50.0,alpha
1440,0.39203792810440063,-0.06350980699062347,-31.300729751586914,-0.3343280553817749,1.2265655994415283,0.0008399486541748047,81,21,52,0.02433418668806553,0.49342105263157904,0.3,120,154,wall,both,1,1,1,1,1,1,0.0,5,5,0,alpha,full,huber,10.913406993021663,-3.848369621918903,-1.357128878922318,11.178209827653495,-4.19462964174764,-1.3517888381608945,11.190329062376804,-4.251683250160277,-1.3430984389803238,77.91258545915288,0.02433418668806553,107,0.5114248394966125,1.0,1.0,disabled,single,3,row_1,row_2,-0.3343280553817749,-0.3706727623939514,0.49533963427809924,0.4776598890889106,0.7984269239984108,0.036344707012176514,0.36818356645639916,1,62,0,disabled,0,0.0,50.0,alpha
1444,0.9605441689491272,-0.3812583088874817,-37.619815826416016,-0.26398664712905884,1.0899243354797363,0.0005149245262145996,96,11,36,0.02728992886841297,0.5119453924914675,0.3,120,143,wall,both,1,1,1,1,1,1,0.0,1,1,0,alpha,full,huber,11.129112260900861,-4.289854777495172,-1.430211818803015,11.283103422280261,-4.529453529066253,-1.3561569865059246,11.284556494719567,-4.590898366588007,-1.347127161724779,65.37839298959051,0.02728992886841297,80,1.1427860260009766,1.0,1.0,disabled,single,3,row_1,row_2,-0.26398664712905884,-0.4485260248184204,0.5344142633878656,0.44435861801352067,0.7770620166461188,0.18453937768936157,0.3625973195155213,0,62,0,disabled,0,0.0,50.0,alpha
1448,0.34524351358413696,-0.04925334081053734,0.0,-0.012626130133867264,0.20378944277763367,0.028849899768829346,0,0,0,0.031188257038593292,0.5,0.3,0,0,wall,both,1,1,1,1,1,1,0.0,0,0,0,alpha,full,huber,12.190372358140948,-5.122448393253187,-1.1407957047611723,11.663448648306833,-5.694326291256338,-1.2627781828763256,11.623295490799151,-5.770805685049954,-1.301474072082654,62.27638353105896,0.03118825890123844,83,0.8762260675430298,1.0,1.0,disabled,single,3,row_1,row_2,-0.012626130133867264,-1.177198052406311,0.7589330887136072,0.23682978919768716,0.5736292991614222,1.1645719222724438,0.2632155325012836,0,62,0,disabled,0,0.0,50.0,alpha
1452,0.3478958010673523,-0.05001301318407059,0.0,-0.6727480888366699,1.5711396932601929,0.17443698644638062,0,0,0,0.018882399424910545,0.5,0.3,0,0,wall,both,1,1,1,1,1,1,0.0,0,0,0,alpha,full,huber,11.418271762399518,-7.748507784969637,-0.7461935264045838,11.880595561322341,-7.825076291061875,-0.4432963573159323,12.026371776954473,-7.84824195243069,-0.41718072747241,83.76069364772164,0.018882401287555695,107,0.9674242734909058,1.0,1.0,disabled,single,3,row_2,row_1,-0.6727480888366699,-0.9121301174163818,0.5384373944821205,0.42381167853686524,0.8208661214565905,0.23938202857971191,-0.05366404060623753,1,63,0,disabled,0,0.0,50.0,alpha
1456,0.04430046305060387,-0.0008109632763080299,0.0,-0.6229031085968018,1.4861693382263184,0.17988848686218262,0,0,0,0.009640495292842388,0.5,0.3,0,0,wall,both,1,1,1,1,1,1,0.0,0,0,0,alpha,full,huber,13.820213138109251,-7.2602163174868375,1.1754379597473923,13.784703318687635,-8.027754084981835,0.8234159726284411,13.655049075457319,-8.240189383134878,0.7259233705344061,162.53199101260267,0.009640495292842388,213,1.1915903091430664,1.0,1.0,disabled,single,3,row_1,row_2,-0.6229031085968018,-3.114610195159912,0.9232398212318506,0.0764152239113573,0.27299306850796656,2.4917070865631104,-0.5430368583549083,1,64,0,disabled,0,0.0,50.0,alpha
1460,1.2341865301132202,-0.6294282674789429,-38.26240921020508,-0.9663094282150269,2.0713388919830322,0.05616867542266846,30,0,90,0.0271762628108263,0.5555555555555556,0.3,120,120,wall,both,1,1,1,1,1,1,0.0,2,2,0,alpha,full,huber,14.708743991224706,-6.5899765095397544,1.4478718150277547,14.830805894481895,-6.819796289952377,1.8053571083759463,14.734991524909818,-7.074396072830272,1.7651497136977223,130.91489544183148,0.02717626467347145,250,1.6846293807029724,1.0,1.0,disabled,single,3,row_1,row_2,-0.9663094282150269,-4.544683456420898,0.9727991337943479,0.027161583199552072,0.12516939378634354,3.5783740282058716,-0.938731770019178,0,64,0,disabled,0,0.0,50.0,alpha
1464,1.0935519933700562,-0.4941553771495819,-41.34452438354492,-1.573682427406311,2.6313138008117676,0.09267723560333252,40,20,90,0.010362294502556324,0.5,0.3,116,150,wall,both,1,1,1,1,1,1,0.0,3,3,0,alpha,full,huber,15.174887196547663,-5.557324787146704,2.218552858062827,14.675433364980933,-5.755524695029504,2.403076583977182,14.624808873395343,-5.955669787396988,2.4142571269460866,200.5038965759634,0.010362294502556324,250,1.3175756335258484,1.0,1.0,disabled,single,3,row_1,row_2,-1.573682427406311,-5.858893394470215,0.9864069661842089,0.01358353023839477,0.0720043254738694,4.285210967063904,-1.5599961624799155,0,64,1,disabled,0,0.0,50.0,alpha
1468,0.3329028785228729,-0.045795176178216934,-42.525638580322266,-2.170912265777588,3.0428099632263184,0.16670066118240356,42,5,87,0.013222584500908852,0.528169014084507,0.3,112,134,wall,both,1,1,1,1,1,1,0.0,7,7,0,alpha,full,huber,15.39038529420414,-4.571114930508115,2.3457549331651144,14.463278113790532,-5.1780410973661155,2.514734869400944,14.285572219515966,-5.3050900055735015,2.6036360185024847,166.93706146322592,0.013222582638263702,250,1.5679247975349426,1.0,1.0,disabled,single,3,row_1,row_2,-2.170912265777588,-6.939201354980469,0.9915727888867621,0.008423313422506969,0.04867622754946122,4.768289089202881,-2.1624493449570883,0,64,1,disabled,0,0.0,50.0,alpha
1472,1.3635951280593872,-0.7683436870574951,-34.350791931152344,-0.586738109588623,1.608221411705017,0.05419439077377319,54,9,47,0.009167912416160107,0.5769230769230769,0.3,75,110,wall,both,1,1,1,1,1,1,0.0,6,6,0,alpha,full,huber,13.972803919839922,-4.7960469208833105,2.090737489503031,14.023878412881558,-4.696419555088161,2.1853967213036505,13.82132428047501,-4.779202768156567,2.2886231939929154,188.62156546379586,0.009167912416160107,250,1.5328456163406372,1.0,1.0,disabled,single,3,row_1,row_2,-0.586738109588623,-3.7656264305114746,0.9599429898005679,0.039964260857087396,0.16878074649254882,3.1788883209228516,-0.5458567276805635,0,64,0,disabled,0,0.0,50.0,alpha
1476,0.11209837347269058,-0.005192580632865429,-24.75325584411621,-0.76771479845047,1.8437016010284424,0.05496025085449219,76,0,44,0.0116000110283494,0.5555555555555556,0.3,120,120,wall,both,1,1,1,1,1,1,0.0,1,1,0,alpha,full,huber,14.140339106489858,-4.418901512409402,2.0930879696254294,13.869209377626294,-4.380104425484943,2.0448748899066356,13.732147096379354,-4.427415163298871,2.11620211350734,155.24737197056533,0.011600010097026825,202,0.6143365800380707,1.0,1.0,disabled,single,3,row_1,row_2,-0.76771479845047,-4.213917255401611,0.9690649297674752,0.03088063102449163,0.13837736551041394,3.4462024569511414,-0.7362911360982102,0,64,0,disabled,0,0.0,50.0,alpha
1480,0.8725161552429199,-0.31458035111427307,-32.69462203979492,-0.4014354348182678,1.3440371751785278,0.0011289715766906738,77,33,34,0.020899668335914612,0.5102040816326531,0.3,88,144,wall,both,1,1,1,1,1,1,0.0,3,3,0,alpha,full,huber,13.474259624153813,-3.569969574379498,1.7909964058302128,13.57579574647724,-3.6203489711267363,1.9000751631590427,13.476339340843122,-3.7036770405879667,1.9881080815102763,110.9211482216167,0.020899668335914612,159,0.9213327765464783,1.0,1.0,disabled,single,3,row_1,row_2,-0.4014354348182678,-3.3096206188201904,0.9480969151661417,0.051742088654427136,0.20517170706087018,2.9081851840019226,-0.34813688405381404,0,64,0,disabled,0,0.0,50.0,alpha
1484,0.2772602438926697,-0.03176580369472504,-35.07225799560547,-0.29150334000587463,1.1451692581176758,0.004380702972412109,52,36,35,0.020007971674203873,0.5494505494505495,0.3,77,123,wall,both,1,1,1,1,1,1,0.0,4,4,0,alpha,full,huber,13.24632493332798,-3.4205301075965204,1.8371104734116894,13.329748087512483,-3.1791322412332605,1.880300544416529,13.285797270326812,-3.167255053395052,1.9302006670859067,108.80312480540414,0.020007969811558723,143,0.7524471282958984,1.0,1.0,disabled,single,3,row_1,row_2,-0.29150334000587463,-2.982182264328003,0.93624033589503,0.06350974053040305,0.2388238758927886,2.6906789243221283,-0.2256202736604032,0,64,0,disabled,0,0.0,50.0,alpha
1488,0.26734495162963867,-0.02953443117439747,-25.353931427001953,-0.30398330092430115,1.1695832014083862,5.960464477539063e-08,84,0,51,0.02211238443851471,0.5263157894736842,0.3,120,135,wall,both,1,1,1,1,1,1,0.0,2,2,0,alpha,full,huber,13.012476213253388,-2.0346325744041267,1.7802668064304425,13.141528612873298,-2.372794711905608,1.88115253177582,13.103504924973256,-2.4563111943300484,1.9082978453326103,89.90494044476678,0.02211238443851471,127,0.5763037800788879,1.0,1.0,disabled,single,3,row_1,row_2,-0.30398330092430115,-3.016786575317383,0.9375412280877705,0.062206373299084246,0.23532291685790857,2.7128032743930817,-0.23948875544674164,0,64,0,disabled,0,0.0,50.0,alpha
1492,0.3643329441547394,-0.05485061928629875,-26.869747161865234,-0.16078540682792664,0.850520670413971,0.0028477907180786133,93,0,27,0.02727208472788334,0.5555555555555556,0.3,120,120,wall,both,1,1,1,1,1,1,0.0,1,1,0,alpha,full,huber,12.654318571099571,-1.8847211960539516,1.7051998428671222,12.803836858684173,-1.7562499967269372,1.9389942626085857,12.842379363925776,-1.7968393058392556,1.9319501552448592,66.75138543868329,0.027272086590528488,87,0.7071100473403931,1.0,1.0,disabled,single,3,row_1,row_2,-0.16078540682792664,-2.504728078842163,0.9119863017528654,0.08750380673319595,0.3010528860736097,2.3439426720142365,-0.06865509779949674,0,64,0,disabled,0,0.0,50.0,alpha
1496,0.29256293177604675,-0.035369034856557846,-24.14716148376465,-0.4048290550708771,1.3495779037475586,0.004489779472351074,79,0,41,0.03213905915617943,0.5555555555555556,0.3,120,120,wall,both,1,1,1,1,1,1,0.0,1,1,0,alpha,full,huber,13.057746140267406,-1.3832445226988193,1.8754835116109216,12.764408029760084,-1.3776166610495633,1.8458524614623495,12.73176019584052,-1.386941414297676,1.8948563257924773,60.75932556844808,0.03213905915617943,80,0.7761254906654358,1.0,1.0,disabled,single,3,row_1,row_2,-0.4048290550708771,-3.2780497074127197,0.9463356823237274,0.0534836873286051,0.2103752641993056,2.8732206523418427,-0.34967112609241674,0,64,0,disabled,0,0.0,50.0,alpha
1500,1.1590073108673096,-0.5550817847251892,-30.800827026367188,-0.17293280363082886,0.8821423053741455,0.0011077523231506348,75,0,45,0.02671772427856922,0.5555555555555556,0.3,120,120,wall,both,1,1,1,1,1,1,0.0,3,3,0,alpha,full,huber,12.573059018754558,-1.3514987942706673,1.8277607701219782,12.67155374503112,-1.0886304151809139,1.8102490062919532,12.647723158750246,-1.0712678571796816,1.8553281282673755,64.65966942383366,0.02671772427856922,80,1.4832735657691956,1.0,1.0,disabled,single,3,row_1,row_2,-0.17293280363082886,-2.519336700439453,0.9121937913290864,0.08730856440512268,0.30050313751818086,2.3464038968086243,-0.08102998264253569,0,64,0,disabled,0,0.0,50.0,alpha
1504,0.9878633618354797,-0.4032537341117859,-30.22045135498047,-0.2273770272731781,1.008830189704895,0.017238736152648926,72,13,48,0.03547246381640434,0.5300353356890459,0.3,109,133,wall,both,1,1,1,1,1,1,0.0,3,3,0,alpha,full,huber,12.647580615522546,-0.7839402604089144,1.8385568020037715,12.553606958975148,-0.6933086785783278,1.803470223572701,12.528720478601958,-0.6334884587364322,1.8323168564359094,58.705903922844506,0.03547246381640434,80,1.2249221801757812,1.0,1.0,disabled,single,3,row_1,row_2,-0.2269105464220047,-2.712850570678711,0.9228356400092159,0.07682354148177158,0.2739766289307224,2.4859400242567062,-0.1466064145901344,0,64,0,disabled,0,0.0,50.0,alpha
1508,0.2935759723186493,-0.03561440110206604,-26.73836326599121,-0.1858377307653427,0.9144778847694397,1.4781951904296875e-05,70,0,50,0.03267858549952507,0.5555555555555556,0.3,120,120,wall,both,1,1,1,1,1,1,0.0,3,3,0,alpha,full,huber,12.462026236138604,-0.34407988384553173,1.8284560098439675,12.440207585233587,-0.29515835431091186,1.8264536367902195,12.438588966500353,-0.29254282958531275,1.8323708241424992,54.19154288726052,0.03267858549952507,80,0.46500761806964874,1.0,1.0,disabled,single,3,row_1,row_2,-0.1858377307653427,-2.55373215675354,0.913954563084743,0.08561722007951854,0.2959896293172859,2.3678944259881973,-0.09586330984055257,0,64,0,disabled,0,0.0,50.0,alpha
1512,0.165012925863266,-0.011251763440668583,-20.69312858581543,-0.2887048125267029,1.139809250831604,0.0005976557731628418,85,2,31,0.03742443770170212,0.5597014925373135,0.3,116,118,wall,both,1,1,1,1,1,1,0.0,4,4,0,alpha,full,huber,12.507168181125406,0.43727796740118463,1.7993499818340233,12.358818518220737,0.30328928480300954,1.829886969011568,12.32568991387434,0.2930027097317609,1.834262049593435,55.13896800286468,0.037424441426992416,80,0.4359867125749588,1.0,1.0,disabled,single,3,row_1,row_2,-0.2887048125267029,-2.8660099506378174,0.9291142366401216,0.07059268734576647,0.25782512461231544,2.5773051381111145,-0.2151812321183727,0,64,0,disabled,0,0.0,50.0,alpha
1516,0.9204959273338318,-0.35012924671173096,-33.269744873046875,-0.2648021876811981,1.0916019678115845,0.0009025931358337402,63,16,49,0.024223092943429947,0.539568345323741,0.3,106,128,wall,both,1,1,1,1,1,1,0.0,4,4,0,alpha,full,huber,12.34074588817169,1.0343443083141453,1.8072666123127936,12.271536743884564,1.3803118346107301,1.7958166954021264,12.159811209738987,1.3955696877947636,1.8184519917916937,63.82845169288449,0.024223092943429947,80,1.2331658005714417,1.0,1.0,disabled,single,3,row_1,row_2,-0.2648021876811981,-2.804668664932251,0.9265763291889406,0.07308549713941026,0.2645631350271835,2.539866477251053,-0.18854333547676294,0,64,0,disabled,0,0.0,50.0,alpha
1520,1.3168714046478271,-0.7165910601615906,-31.069324493408203,-0.18102183938026428,0.9025420546531677,0.0009365081787109375,87,6,36,0.03116658702492714,0.5376344086021506,0.3,120,129,wall,both,1,1,1,1,1,1,0.0,4,4,0,alpha,full,huber,11.827620009141764,2.7382058140509615,1.7968776404914202,11.845664016095455,3.2571513530844256,1.7664382192964514,11.76384845990599,3.302117572643268,1.7783825716720214,60.50008835549377,0.03116658702492714,80,1.9155471920967102,1.0,1.0,disabled,single,3,row_1,row_2,-0.18102183938026428,-2.487340211868286,0.9089410936200155,0.09055540887257597,0.3081000479220183,2.306318372488022,-0.08554684897743595,0,64,0,disabled,0,0.0,50.0,alpha
1524,0.14235445857048035,-0.008373880758881569,-29.940279006958008,-0.24792064726352692,1.0559043884277344,0.006212353706359863,80,0,51,0.0362660177052021,0.5338078291814947,0.3,115,131,wall,both,1,1,1,1,1,1,0.0,2,2,0,alpha,full,huber,11.65557006117853,4.941455560796238,1.7698573297881932,11.63630338476069,4.877756926375478,1.7608600422707346,11.531675118691586,4.937987564433181,1.760120979151857,53.526473001988506,0.0362660177052021,80,0.5863609313964844,1.0,1.0,disabled,single,3,row_1,row_2,-0.24778667092323303,-2.7947988510131836,0.9270921526876128,0.07260550824693623,0.26305667897521323,2.5470121800899506,-0.1720843621536459,0,64,0,disabled,0,0.0,50.0,alpha
1528,0.2723133862018585,-0.03064238838851452,-22.417728424072266,-0.39199715852737427,1.3275865316390991,0.009040474891662598,97,0,43,0.030935274437069893,0.5172413793103449,0.3,120,140,wall,both,1,1,1,1,1,1,0.0,4,4,0,alpha,full,huber,11.624677008108836,6.322860467124316,1.8690712022639202,11.539077515468607,5.999141887332948,1.706532104106533,11.445195831409588,5.994176422383201,1.7285855018110503,59.74230248382701,0.030935274437069893,80,0.6501865983009338,1.0,1.0,disabled,single,3,row_1,row_2,-0.39199715852737427,-3.2471301555633545,0.9454010577083712,0.05440609783401747,0.21312137902377348,2.8551329970359802,-0.3358511166983012,0,64,0,disabled,0,0.0,50.0,alpha
1532,0.3934101164340973,-0.06395517289638519,-27.2831974029541,-0.3618738055229187,1.2760995626449585,0.00032651424407958984,72,4,54,0.026924990117549896,0.5357142857142857,0.3,107,130,wall,both,1,1,1,1,1,1,0.0,2,2,0,alpha,full,huber,11.416271840656478,7.253055548916761,1.7727072397057242,11.46052389711379,6.796331402135169,1.7254542045320607,11.401937001016917,6.76022283300169,1.7236219891508906,63.26544653238554,0.026924990117549896,80,0.6392293870449066,1.0,1.0,disabled,single,3,row_1,row_2,-0.3618738055229187,-3.15877628326416,0.9423146877543847,0.05747998524322253,0.221913122618408,2.7969024777412415,-0.3024578087639093,0,64,0,disabled,0,0.0,50.0,alpha
1536,0.992608904838562,-0.407137393951416,-24.531944274902344,-0.2339501529932022,1.0260483026504517,0.0001717209815979004,103,1,53,0.03543363884091377,0.4885993485342019,0.3,99,157,wall,both,1,1,1,1,1,1,0.0,3,3,0,alpha,full,huber,11.083869589514308,7.693052195654897,1.728621316803581,11.094491102792485,7.671639042364154,1.84984598849241,11.164242336837413,7.706875408492648,1.7823389118396165,57.36709759765018,0.03543363884091377,80,1.1386315822601318,1.0,1.0,disabled,single,3,row_1,row_2,-0.2339501529932022,-2.7380926609039307,0.9241025742419764,0.07554137872105345,0.2708976492783092,2.5041425079107285,-0.15501795057586487,0,64,0,disabled,0,0.0,50.0,alpha
1540,0.5687268972396851,-0.13365714251995087,-25.801076889038086,-0.31405672430992126,1.1886425018310547,0.004573464393615723,87,28,20,0.033828508108854294,0.5263157894736842,0.3,77,135,wall,both,1,1,1,1,1,1,0.0,1,1,0,alpha,full,huber,11.162188251835158,8.180334105290346,1.8428284673427058,11.125637780202627,7.980476093608475,1.7682202441189712,11.112323976709522,8.000243087067282,1.7731261552486624,59.18994234057126,0.03382851183414459,80,0.7537701725959778,1.0,1.0,disabled,single,3,row_1,row_2,-0.31405672430992126,-2.9822683334350586,0.9348871737232549,0.0648589066115615,0.24247169017120215,2.6682116091251373,-0.24672729752058256,0,64,0,disabled,0,0.0,50.0,alpha
1544,0.31363579630851746,-0.04064769297838211,0.0,-0.19579774141311646,0.9345310926437378,0.02052992582321167,0,0,0,0.021776750683784485,0.5,0.3,0,0,wall,both,1,1,1,1,1,1,0.0,0,0,0,alpha,full,huber,10.607859083904511,9.67687789287988,1.878464840767803,10.809896354438987,9.193942279568251,1.7612631279250406,10.846444832349153,9.142034194909643,1.7648058452396116,72.43345867978394,0.021776750683784485,87,0.9129942655563354,1.0,1.0,disabled,single,3,row_1,row_2,-0.19529734551906586,-2.578904390335083,0.9151617824302303,0.08439378962305673,0.2932070649604382,2.383607044816017,-0.10664292758231567,0,64,0,disabled,0,0.0,50.0,alpha
1548,0.15386219322681427,-0.009782468900084496,0.0,-0.15387368202209473,0.8321247100830078,4.678964614868164e-05,0,0,0,0.016240356490015984,0.5,0.3,0,0,wall,both,1,1,1,1,1,1,0.0,0,0,0,alpha,full,huber,10.460775229977346,10.096709337695133,1.6851599905203285,10.678120197910891,9.75596621678689,1.787723961897491,10.717227141071307,9.666173684969515,1.7746006088900543,95.43545240526885,0.016240356490015984,122,0.6625228822231293,1.0,1.0,disabled,single,3,row_1,row_2,-0.15387368202209473,-2.441495180130005,0.9073836844191359,0.09210635006410291,0.3117109294945475,2.28762149810791,-0.056683789525333955,0,64,0,disabled,0,0.0,50.0,alpha
1552,0.26531311869621277,-0.029087211936712265,0.0,-0.39034441113471985,1.325208067893982,0.0045084357261657715,0,0,0,0.013252604752779007,0.5,0.3,0,0,wall,both,1,1,1,1,1,1,0.0,0,0,0,alpha,full,huber,10.92069924636322,10.43279059489094,1.5804915974975193,10.662857897201585,10.437855430428069,1.689510540318372,10.616388631539282,10.433822866244139,1.7300717207517469,98.32583291034217,0.013252604752779007,112,0.7058446705341339,1.0,1.0,disabled,single,3,row_1,row_2,-0.39034441113471985,-3.2355668544769287,0.9449123397989674,0.054919568156489164,0.2143728689486066,2.845222443342209,-0.3336812932261596,0,64,0,disabled,0,0.0,50.0,alpha
1556,1.6441550254821777,-1.1170436143875122,0.0,-0.9866325259208679,2.10679030418396,0.008351564407348633,0,0,0,0.010803199373185635,0.5,0.3,0,0,wall,both,1,1,1,1,1,1,0.0,0,0,0,alpha,full,huber,11.295576251476652,11.51641205996203,1.5461537937460417,10.771457631093174,11.250761978544684,1.5929749691663382,10.644022853257864,11.242048357263872,1.664122513710299,127.53350864416515,0.010803199373185635,143,2.3129501342773438,1.0,1.0,disabled,single,3,row_1,row_2,-0.9866325259208679,-4.442991256713867,0.969371605828175,0.030578260085067154,0.13729149117859413,3.4563587307929993,-0.9555252794611347,0,64,0,disabled,0,0.0,50.0,alpha
1560,0.9480829238891602,-0.37143027782440186,0.0,-1.0062214136123657,2.117987871170044,0.047889530658721924,0,0,0,0.007486863061785698,0.5,0.3,0,0,wall,both,1,1,1,1,1,1,0.0,0,0,0,alpha,full,huber,11.572276507714186,11.046568831518481,1.3647538769883205,10.9402049238209,11.41929495988881,1.570739929894921,10.796335424439292,11.452651342608167,1.633176477213805,193.0982104632804,0.007486863061785698,218,1.8024466037750244,1.0,1.0,disabled,single,3,row_1,row_2,-1.0062214136123657,-4.680160999298096,0.9752202224221975,0.024747481566749014,0.11634586519937438,3.67393958568573,-0.9811294492744513,0,64,0,disabled,0,0.0,50.0,alpha
1564,0.6967706680297852,-0.20061545073986053,0.0,-0.9496884346008301,2.067268133163452,9.530782699584961e-05,0,0,0,0.011263130232691765,0.5,0.3,0,0,wall,both,1,1,1,1,1,1,0.0,0,0,0,alpha,full,huber,11.389556979627784,11.303599471806828,1.6616780895562187,11.091591611520691,11.623333605706453,1.5229454369701139,10.950884882365184,11.672067663799943,1.5997781209219388,136.62235646601826,0.01126313116401434,159,1.3074431419372559,1.0,1.0,disabled,single,3,row_1,row_2,-0.9496884346008301,-4.4686689376831055,0.9711800730508697,0.028775703400261966,0.13094661922540046,3.5189805030822754,-0.9204450578498306,0,64,0,disabled,0,0.0,50.0,alpha
1568,0.7439680695533752,-0.228714257478714,0.0,-1.0876041650772095,2.211366891860962,0.014895796775817871,0,0,0,0.009490152820944786,0.5,0.3,0,0,wall,both,1,1,1,1,1,1,0.0,0,0,0,alpha,full,huber,11.449182859023427,11.479911596498928,1.5026670771400106,11.18747772322996,11.864515939425914,1.5561916792668558,11.076264819149795,11.941630677135118,1.6020837536054726,197.21280373726577,0.009490152820944786,235,1.3542513847351074,1.0,1.0,disabled,single,3,row_1,row_2,-1.0876041650772095,-4.7051591873168945,0.9738183856357688,0.02614530940150476,0.12148275307895888,3.617555022239685,-1.0610737099650611,0,64,0,disabled,0,0.0,50.0,alpha
1572,0.5753610134124756,-0.13679350912570953,0.0,-1.4799822568893433,2.572417974472046,0.04815167188644409,0,0,0,0.008578665554523468,0.5,0.3,0,0,wall,both,1,1,1,1,1,1,0.0,0,0,0,alpha,full,huber,11.499442222608927,11.998870286938777,1.3638975707950038,11.252433066551092,12.338566126509821,1.5602280266784792,11.16439379670376,12.439952182378667,1.5996999148169966,208.27071890655313,0.008578665554523468,250,1.1856572031974792,1.0,1.0,disabled,single,3,row_1,row_2,-1.4799822568893433,-5.251861095428467,0.9774826605932269,0.02249069604632065,0.10788693321812615,3.7718788385391235,-1.4572075310858443,0,64,1,disabled,0,0.0,50.0,alpha
1576,1.4984227418899536,-0.9277978539466858,-44.61479568481445,-1.9315601587295532,2.9395787715911865,0.05264097452163696,8,0,54,0.02422231249511242,0.7075471698113207,0.3,62,62,wall,both,1,1,1,1,1,1,0.0,1,1,0,alpha,full,huber,11.874121407677979,12.127670335771477,1.3495720755013139,11.318738056084555,12.353707060702847,1.4919995731751674,11.247091601910018,12.46831858206271,1.5477520731894145,137.07629560458668,0.02422231249511242,250,2.133189082145691,1.0,1.0,disabled,single,3,row_1,row_2,-1.9315601587295532,-6.1367950439453125,0.9852909786307658,0.014697863191685045,0.0767533138105185,4.205234885215759,-1.9167418870720552,0,64,1,disabled,0,0.0,50.0,alpha
1580,1.3686575889587402,-0.7740593552589417,-43.518672943115234,-1.0287580490112305,2.1514716148376465,0.005624294281005859,18,0,75,0.017073825001716614,0.6172839506172839,0.3,93,93,wall,both,1,1,1,1,1,1,0.0,2,2,0,alpha,full,huber,11.00833647006876,11.888895144283115,1.7815936474726533,11.228110031899323,12.230008370795826,1.5011216291103173,11.236797514889265,12.343572782561846,1.524593226990194,147.73943694277813,0.017073823139071465,213,1.739009141921997,1.0,1.0,disabled,single,3,row_1,row_2,-1.0287580490112305,-4.240649223327637,0.9612007248446995,0.03871751507819891,0.16469473364737391,3.2118911743164062,-0.9891860279950548,0,64,0,disabled,0,0.0,50.0,alpha
1584,0.7242223024368286,-0.21673467755317688,-46.01415252685547,-1.892927646636963,2.9112565517425537,0.04824984073638916,9,0,88,0.019804298877716064,0.6072874493927126,0.3,97,97,wall,both,1,1,1,1,1,1,0.0,1,1,0,alpha,full,huber,11.852232740682577,12.109697664596146,1.3635775844643119,11.3520399402851,12.24171398228997,1.4712946209330413,11.300212106892682,12.288226496404825,1.4979309109445413,96.17441836863378,0.019804300740361214,112,1.3104742169380188,1.0,1.0,disabled,single,3,row_1,row_2,-1.892927646636963,-6.070467948913574,0.9848838396224353,0.015104359377082306,0.07846437417107449,4.177540302276611,-1.8776960725553813,0,64,1,disabled,0,0.0,50.0,alpha
1588,1.490355372428894,-0.9178344011306763,-46.43075180053711,-1.8846189975738525,2.9033901691436768,0.05275148153305054,9,0,99,0.044166672974824905,0.5813953488372093,0.3,108,108,wall,both,1,1,1,1,1,1,0.0,1,1,0,alpha,full,huber,11.868411586079771,12.077412909808906,1.3492270986100312,11.567979041421552,12.196656811643578,1.4150109756062017,11.447504024351339,12.238138579952091,1.4564657788568933,54.91948214808161,0.044166672974824905,80,2.0258333683013916,1.0,1.0,disabled,single,3,row_1,row_2,-1.8846189975738525,-6.074272155761719,0.9850632642490262,0.014925224612597623,0.07771166031984916,4.189653158187866,-1.8695695853652825,0,64,1,disabled,0,0.0,50.0,alpha
1592,1.0144222974777222,-0.4252283573150635,0.0,-2.654045820236206,3.242871046066284,0.2787325978279114,0,0,0,0.02107824943959713,0.5,0.3,0,0,wall,both,1,1,1,1,1,1,0.0,0,0,0,alpha,full,huber,12.2136091774106,12.18574156046726,0.9103183143237077,11.651623937227548,12.193240045969457,1.3739673912118104,11.559943206839435,12.214952950319635,1.4151850966137118,70.3359242296238,0.02107824943959713,80,1.752762496471405,1.0,1.0,disabled,single,3,row_1,row_2,-2.654045820236206,-7.278687000274658,0.990283438200468,0.009711881407582034,0.054735434980115245,4.624641180038452,-2.6442817446189273,0,64,1,disabled,0,0.0,50.0,alpha
