frame_idx,gps_dist,log_gps,log_semantic,log_corridor,corridor_dist,corridor_heading_misalign,correct_hits,incorrect_hits,no_hits,weight,gps_weight_used,corridor_weight_used,num_background_used,num_observations,semantic_model_used,semantic_classes_mode,gps_enabled,semantic_enabled,corridor_enabled,background_enabled,dynamic_gps_enabled,pose_smoothing_enabled,detection_drop_rate,detections_raw,detections_kept,detections_dropped,pose_backend_used,diagnostics_level,gnss_robust_mode,raw_best_x,raw_best_y,raw_best_theta,raw_weighted_x,raw_weighted_y,raw_weighted_theta,smoothed_x,smoothed_y,smoothed_theta,ess,max_weight,particle_count,gnss_innovation,gnss_robust_scale,gnss_row_gate_scale,gnss_row_gate_reason,row_likelihood_mode,row_mixture_top_k,row_hypothesis_id,row_hypothesis_second_id,row_hypothesis_score,row_hypothesis_second_score,row_hypothesis_prob,row_hypothesis_second_prob,row_hypothesis_entropy,row_hypothesis_gap,row_marginal_logscore,row_switch_event,row_switch_count,headland_flag,delayed_correction_status,delayed_correction_applied,delayed_correction_m,semantic_penalty_cap,smoother_status
0,0.6517362594604492,-0.17552073299884796,-42.33012390136719,-0.5388706922531128,1.0149388313293457,0.2755722403526306,86,0,41,0.029746323823928833,0.5415162454873647,0.3,116,127,wall,both,1,1,1,1,1,1,0.0,4,4,0,alpha,full,huber,10.669833855120828,9.80233008242385,11.86085520490982,10.669833855120828,9.80233008242385,11.86085520490982,10.669833855120828,9.80233008242385,11.86085520490982,48.324289346640796,0.029746323823928833,100,3.024524211883545,0.9918915471771765,1.0,disabled,single,3,row_1,row_2,-0.4160457253456116,-2.895383834838867,0.9223402349603532,0.07729088754697191,0.27535752118138546,2.4793381094932556,-0.3352046202447032,0,0,0,disabled,0,0.0,50.0,alpha
4,4.299907684326172,-6.941919803619385,-33.036346435546875,-0.3501174747943878,1.2018767595291138,0.08445924520492554,116,20,25,0.03039567545056343,0.48231511254019294,0.3,120,161,wall,both,1,1,1,1,1,1,0.0,3,3,0,alpha,full,huber,6.609454169716611,5.836784154352342,-0.9871938570157663,6.609454169716611,5.836784154352342,-0.9871938570157663,9.772110111549416,6.8549668919471225,-0.7721535739557863,103.00722393877741,0.03039567545056343,246,7.004770040512085,0.42827958414758815,1.0,disabled,single,3,row_2,row_3,-0.3501174747943878,-0.4037620723247528,0.4966159111514489,0.4706771089091271,0.8141581061503935,0.05364459753036499,0.34982089145086326,1,1,0,disabled,0,0.0,50.0,alpha
8,2.645108461380005,-2.8911564350128174,-22.614526748657227,-0.3240770995616913,1.2075543403625488,0.0029465556144714355,113,1,27,0.013652977533638477,0.5154639175257733,0.3,120,141,wall,both,1,1,1,1,1,1,0.0,3,3,0,alpha,full,huber,11.428605183327145,6.764576939301307,-1.3303033249170146,10.761991117354443,7.068556574262318,-1.1792673717875233,10.82323985741554,6.420113743837177,-0.9688248406879216,163.53588779731393,0.013652977533638477,250,4.456206321716309,0.673218379808893,1.0,disabled,single,3,row_1,row_2,-0.3240770995616913,-3.050042152404785,0.938313578400479,0.061443567112548364,0.23316992395225797,2.725965052843094,-0.26040601904920396,1,2,0,disabled,0,0.0,50.0,alpha
12,0.6821485757827759,-0.1922837495803833,-20.007007598876953,-0.4169864058494568,1.369825839996338,0.0009315013885498047,98,0,28,0.011412033811211586,0.5434782608695653,0.3,115,126,wall,both,1,1,1,1,1,1,0.0,3,3,0,alpha,full,huber,11.73720046901472,5.892070356749121,-1.3639222917498695,11.306253031051416,5.854735415840214,-1.345182953591502,11.313127898108162,5.7758979141340525,-1.15613998597586,147.68922299402243,0.01141203474253416,250,2.0761561393737793,1.0,1.0,disabled,single,3,row_1,row_2,-0.4169864058494568,-3.3137431144714355,0.9475127501679177,0.052304566711879,0.20699113264235147,2.8967567086219788,-0.36307152037496315,0,2,0,disabled,0,0.0,50.0,alpha
16,0.4897034764289856,-0.09909483790397644,-42.94804000854492,-0.028312012553215027,0.22347454726696014,0.06494182348251343,92,8,35,0.008997651748359203,0.5263157894736842,0.3,120,135,wall,both,1,1,1,1,1,1,0.0,6,6,0,alpha,full,huber,10.041416892007858,6.381772004720898,-1.7694617449826238,11.180145988817333,5.618894753468737,-1.4507338257017177,11.324926458328903,5.51953773768734,-1.3028739509322953,196.11533112431354,0.008997651748359203,250,1.8674272894859314,1.0,1.0,disabled,single,3,row_1,row_2,-0.028312012553215027,-1.1663060188293457,0.7537348030864891,0.24154277506227437,0.5815444413362842,1.1379940062761307,0.25440268033341223,0,2,0,disabled,0,0.0,50.0,alpha
20,5.713217258453369,-10.445993423461914,-24.281055450439453,-0.3642764091491699,1.2803295850753784,3.457069396972656e-05,104,0,26,0.017046015709638596,0.5357142857142857,0.3,104,130,wall,both,1,1,1,1,1,1,0.0,3,3,0,alpha,full,huber,11.615783936541245,6.077973184078204,-1.4154015162478404,11.61267709868377,5.18562635925406,-1.3463096663482752,11.563614197380252,5.007210123585834,-1.3227488833146315,174.23725834426614,0.017046015709638596,250,6.761530160903931,0.4436865515066989,1.0,disabled,single,3,row_1,row_2,-0.3642764091491699,-3.1639533042907715,0.9424525661119241,0.05732911989156353,0.22160005609764444,2.7996768951416016,-0.30500672049000926,0,2,0,disabled,0,0.0,50.0,alpha
24,1.754052996635437,-1.271364450454712,-31.395498275756836,-0.3131493628025055,1.1868194341659546,0.005865156650543213,62,29,33,0.012906479649245739,0.5474452554744526,0.3,91,124,wall,both,1,1,1,1,1,1,0.0,4,4,0,alpha,full,huber,11.632702416195954,5.548587854981289,-1.4107773317617913,11.607936365416666,4.7607059965672915,-1.3539173745628947,11.67733299027855,4.52244581654854,-1.3317439458255111,184.6042084035748,0.012906479649245739,250,2.99015736579895,1.0,1.0,disabled,single,3,row_1,row_2,-0.3131493628025055,-2.9890220165252686,0.9353471452266114,0.06439558565147677,0.24126116078536425,2.675872653722763,-0.2463118225195477,0,2,0,disabled,0,0.0,50.0,alpha
28,2.283714771270752,-2.155104637145996,-19.397539138793945,-0.44995078444480896,1.4228177070617676,0.004478037357330322,113,7,34,0.01835266314446926,0.49342105263157904,0.3,120,154,wall,both,1,1,1,1,1,1,0.0,5,5,0,alpha,full,huber,12.054446059485569,4.601577913264891,-1.3885879892762603,12.072525405056284,4.051328346687157,-1.2644157031785903,11.967218175210785,3.9082074807825666,-1.2946590286590802,172.62954516082766,0.01835266314446926,250,2.9695868492126465,1.0,1.0,disabled,single,3,row_1,row_2,-0.44995078444480896,-3.3926196098327637,0.9497712924285645,0.05007652750403811,0.20022259276968554,2.9426688253879547,-0.3984167162615369,0,2,0,disabled,0,0.0,50.0,alpha
32,2.9547064304351807,-3.607558012008667,-29.96488380432129,-0.8066727519035339,1.9018055200576782,0.02677065134048462,91,3,55,0.0077014947310090065,0.5016722408026756,0.3,120,149,wall,both,1,1,1,1,1,1,0.0,5,5,0,alpha,full,huber,12.878121112622978,2.552317489013839,-1.1560882905416299,12.520857545411108,3.384132171516982,-1.1621743186741385,12.327964034817956,3.350005281747281,-1.2243898353013993,210.1592085680287,0.007701495196670294,250,3.6510887145996094,0.8216727213458,1.0,disabled,single,3,row_1,row_2,-0.8066727519035339,-4.217801094055176,0.9679927610912962,0.03194757464173999,0.14208634738200515,3.411128342151642,-0.7741420819585411,0,2,0,disabled,0,0.0,50.0,alpha
36,1.6429628133773804,-1.1154242753982544,-30.527238845825195,-0.3840678036212921,1.3146501779556274,3.921985626220703e-05,45,9,51,0.010025832802057266,0.5882352941176471,0.3,96,105,wall,both,1,1,1,1,1,1,0.0,4,4,0,alpha,full,huber,12.401943301981373,1.898178704206535,-1.379141503727008,12.448503712125177,2.3348656309724833,-1.286154554261377,12.547474733773697,2.4012779714731503,-1.2426460115263016,175.52847554954022,0.010025832802057266,250,2.300045609474182,1.0,1.0,disabled,single,3,row_1,row_2,-0.3840678036212921,-3.174739122390747,0.9419664348431214,0.05781789462609743,0.22294412164919902,2.790671318769455,-0.324282166779333,0,2,0,disabled,0,0.0,50.0,alpha
40,0.06729390472173691,-0.0018712683813646436,-23.988988876342773,-0.5466869473457336,1.568467140197754,0.000339508056640625,44,0,34,0.012539154849946499,0.6578947368421053,0.3,78,78,wall,both,1,1,1,1,1,1,0.0,2,2,0,alpha,full,huber,12.553445019959238,2.4749093638259163,-1.3619394049474614,12.55368299568286,2.0146986561149554,-1.2646664037298299,12.624252133774682,1.9915946639568194,-1.250423966466365,177.31824598597325,0.012539154849946499,250,0.8976103663444519,1.0,1.0,disabled,single,3,row_1,row_2,-0.5466869473457336,-3.5940029621124268,0.9545491934904112,0.04532791942840361,0.18574538255720924,3.047316014766693,-0.5001708486931238,0,2,0,disabled,0,0.0,50.0,alpha
44,1.1447914838790894,-0.5415486097335815,-49.93812942504883,-0.019577601924538612,0.14901873469352722,0.05989563465118408,24,11,41,0.013791710138320923,0.663716814159292,0.3,61,76,wall,both,1,1,1,1,1,1,0.0,4,4,0,alpha,full,huber,11.104980941101136,2.5017676565116913,-1.7358574147334962,12.326797158229322,1.7496838352984734,-1.3798676926731401,12.531324138964662,1.7024685521474487,-1.313189187581351,167.0361691888743,0.013791710138320923,250,2.4743611812591553,1.0,1.0,disabled,single,3,row_1,row_2,-0.019577601924538612,-1.5089722871780396,0.8140355843702467,0.18357244683801036,0.4931079336294863,1.489394685253501,0.18617359656798688,0,2,0,disabled,0,0.0,50.0,alpha
48,1.8706035614013672,-1.4459329843521118,-23.532392501831055,-0.44775474071502686,1.4194673299789429,0.0006889700889587402,51,2,41,0.012934735976159573,0.6147540983606558,0.3,79,94,wall,both,1,1,1,1,1,1,0.0,3,3,0,alpha,full,huber,12.7924420286606,0.439771229817287,-1.3396937236563506,12.374460265355847,1.186642891322814,-1.3862437279370377,12.4940763340054,1.288236051489421,-1.3479431966667594,181.9001244664127,0.012934735976159573,250,2.5248589515686035,1.0,1.0,disabled,single,3,row_1,row_2,-0.44775474071502686,-3.3263869285583496,0.9466291604246705,0.05321153704524647,0.20940861615171671,2.8786321878433228,-0.39290688416545355,0,2,0,disabled,0,0.0,50.0,alpha
52,0.7121326923370361,-0.20955906808376312,-29.253141403198242,-0.3517606556415558,1.2577754259109497,0.0070920586585998535,68,0,43,0.012143316678702831,0.5747126436781609,0.3,96,111,wall,both,1,1,1,1,1,1,0.0,3,3,0,alpha,full,huber,12.73459412601709,-0.006361038736452218,-1.1994055088535291,12.518354942792097,0.5188030527675895,-1.3498113867404502,12.55469770865463,0.6895813249114526,-1.3467712434223353,180.62253486590132,0.012143314816057682,250,1.480572760105133,1.0,1.0,disabled,single,3,row_1,row_2,-0.3517606556415558,-3.080547571182251,0.9385058348483554,0.06128298025618172,0.23246820790576905,2.728786915540695,-0.2882944498732142,0,2,0,disabled,0,0.0,50.0,alpha
56,2.171570062637329,-1.9486432075500488,-25.81477165222168,-0.48738762736320496,1.4809471368789673,0.0014757513999938965,44,0,42,0.015560231171548367,0.6355932203389831,0.3,71,86,wall,both,1,1,1,1,1,1,0.0,3,3,0,alpha,full,huber,12.733578947231763,1.0583472676504528,-1.3224820685914447,12.661676571286858,0.48224204928192166,-1.3414013698935154,12.636963273989224,0.4596172697189904,-1.3428331673088452,182.321376594443,0.015560231171548367,250,2.928042411804199,1.0,1.0,disabled,single,3,row_1,row_2,-0.48738762736320496,-3.4496665000915527,0.9507022692504883,0.049152222759065424,0.1974351754311204,2.962278872728348,-0.43683329066914117,0,2,0,disabled,0,0.0,50.0,alpha
60,2.8315861225128174,-3.313173770904541,-32.35517883300781,-0.3822830319404602,1.3068785667419434,0.025922179222106934,48,0,57,0.01184005569666624,0.5882352941176471,0.3,105,105,wall,both,1,1,1,1,1,1,0.0,1,1,0,alpha,full,huber,12.928956575718246,-0.6577287648754209,-1.2607965888804393,12.837704115466916,-0.046010066831360066,-1.2760697508335717,12.781197171983493,0.017733529141342873,-1.312379403695521,176.95860922780054,0.01184005569666624,235,3.4943320751190186,0.8585331718645597,1.0,disabled,single,3,row_1,row_2,-0.3797091841697693,-3.1975080966949463,0.9434623491826925,0.05635987933223973,0.21853433988522747,2.817798912525177,-0.32151036372324865,0,2,0,disabled,0,0.0,50.0,alpha
64,2.462415933609009,-2.50557541847229,-30.747657775878906,-0.29411783814430237,1.1502426862716675,0.005069434642791748,51,5,47,0.02963407151401043,0.5928853754940712,0.3,98,103,wall,both,1,1,1,1,1,1,0.0,2,2,0,alpha,full,huber,12.509892192867632,0.48141017240772077,-1.4775512383737592,12.807182743249587,-0.1785542668019663,-1.3417723708970999,12.846928268840875,-0.27992945680199943,-1.3356609062222415,109.80187884368726,0.02963407151401043,229,3.574073314666748,0.8393784166902923,1.0,disabled,single,3,row_1,row_2,-0.29411783814430237,-2.882152795791626,0.9298214657821737,0.06989245040764927,0.25596019463292363,2.5880349576473236,-0.2213551546031982,0,2,0,disabled,0,0.0,50.0,alpha
68,0.5714055299758911,-0.13491913676261902,-39.545326232910156,-0.1522441804409027,0.19775371253490448,0.1875385046005249,85,5,16,0.011398043483495712,0.5859375,0.3,93,106,wall,both,1,1,1,1,1,1,0.0,2,2,0,alpha,full,huber,11.487637279352588,-1.4302427731792373,-1.9833400339496245,12.783916585300759,-1.1257686044270983,-1.4428191938986747,12.940382803580288,-1.22445857191798,-1.3832949525672222,185.46196254654018,0.011398044414818287,229,2.1918435096740723,1.0,1.0,disabled,single,3,row_1,row_2,-0.06735289841890335,-1.2225587368011475,0.7571571436456672,0.2384989674313244,0.5761178047912339,1.155205838382244,0.2108315612903749,0,2,0,disabled,0,0.0,50.0,alpha
72,0.2465875744819641,-0.02512621134519577,-21.722801208496094,-0.5984656810760498,1.6394901275634766,0.0167732834815979,78,10,42,0.009708949364721775,0.5357142857142857,0.3,117,130,wall,both,1,1,1,1,1,1,0.0,1,1,0,alpha,full,huber,13.290099355191735,-0.9920763594671274,-1.305570503915083,13.026655659684803,-1.4012054652123151,-1.3444080376145324,13.028574673447029,-1.5503033390844192,-1.3629750709826745,177.16508040674006,0.009708949364721775,250,1.055807650089264,1.0,1.0,disabled,single,3,row_1,row_2,-0.5984656810760498,-3.7722342014312744,0.9597447891095683,0.04016110074858502,0.16941854438625523,3.1737685203552246,-0.5573778065353014,0,2,0,disabled,0,0.0,50.0,alpha
76,1.8218787908554077,-1.3715877532958984,-30.290956497192383,-0.23915745317935944,1.0370347499847412,0.0064637064933776855,62,9,49,0.01807524636387825,0.5555555555555556,0.3,105,120,wall,both,1,1,1,1,1,1,0.0,2,2,0,alpha,full,huber,13.112243034697276,-3.28567835401207,-1.5118784402015595,13.222302083170323,-2.198481591388701,-1.3412182728924917,13.185894326021204,-2.1610959284176365,-1.3528424160016101,163.09645060536323,0.01807524636387825,250,3.158472418785095,0.9498262458007939,1.0,disabled,single,3,row_1,row_2,-0.23915745317935944,-2.81109619140625,0.9287392429120434,0.07094388946757553,0.2589201885543557,2.5719387382268906,-0.16523018783322554,0,2,0,disabled,0,0.0,50.0,alpha
80,2.8347508907318115,-3.3205835819244385,-32.14240646362305,-0.4511202871799469,1.4247366189956665,0.0030146241188049316,59,5,69,0.011590649373829365,0.5300353356890459,0.3,120,133,wall,both,1,1,1,1,1,1,0.0,1,1,0,alpha,full,huber,13.533987795802165,-3.4473105524299728,-1.3204509782501461,13.40381018909678,-2.894652240600551,-1.3395536979841218,13.351310230383707,-2.78279558195884,-1.3514077026637437,187.18614990752292,0.011590649373829365,250,3.5699806213378906,0.8403406959883486,1.0,disabled,single,3,row_1,row_2,-0.4511202871799469,-3.450551986694336,0.9524197356038218,0.04744514192848875,0.19225516867784015,2.999431699514389,-0.40237084456539396,0,2,0,disabled,0,0.0,50.0,alpha
84,3.4292092323303223,-4.783164024353027,-30.654579162597656,-1.4505130052566528,2.4575226306915283,0.16298145055770874,66,0,66,0.011459238827228546,0.5319148936170213,0.3,120,132,wall,both,1,1,1,1,1,1,0.0,2,2,0,alpha,full,huber,14.48623896573488,-2.8961755769968294,-0.8191336982919042,13.715169352972666,-3.1779923353656683,-1.2142168287391268,13.579304040832074,-3.1869808857565247,-1.2828791800122916,187.78058108784913,0.011459237895905972,250,4.49497652053833,0.6674117175679289,1.0,disabled,single,3,row_1,row_2,-1.4505130052566528,-5.606640338897705,0.9845599451306414,0.015426201372031316,0.07982851415255145,4.156127333641052,-1.4349525114087682,0,2,0,disabled,0,0.0,50.0,alpha
88,0.3358606696128845,-0.04661255702376366,0.0,-0.7652112245559692,1.8545689582824707,0.014802634716033936,0,0,0,0.007389970123767853,0.5,0.3,0,0,wall,both,1,1,1,1,1,1,0.0,0,0,0,alpha,full,huber,14.144276757083496,-4.379536854883901,-1.209310136783502,13.99316798771387,-3.9951089171674266,-1.1967807481331671,13.886990262567984,-3.9312632252613984,-1.2326565362104835,207.38621461653312,0.007389970123767853,250,0.9901528060436249,1.0,1.0,disabled,single,3,row_1,row_2,-0.7652112245559692,-4.223984241485596,0.969440179818004,0.030506682371201535,0.13707356428120487,3.4587730169296265,-0.7341747162569642,0,2,0,disabled,0,0.0,50.0,alpha
92,0.11483553051948547,-0.005449255928397179,0.0,-0.2989403009414673,1.1287548542022705,0.06223654747009277,0,0,0,0.008503138087689877,0.5,0.3,0,0,wall,both,1,1,1,1,1,1,0.0,0,0,0,alpha,full,huber,11.817179413617867,-7.043793369115999,-1.7116275253186672,14.458158761046667,-7.085464865755846,-1.4009291565105262,14.702763742950136,-7.016102863345506,-1.349864658714631,197.2641169044024,0.008503138087689877,250,3.197374701499939,0.9382697619370831,1.0,disabled,single,3,row_1,row_2,-0.2989403009414673,-0.6386061310768127,0.5744990163554079,0.4090480189826814,0.7516537921621661,0.33966583013534546,0.25531659292842024,0,2,0,disabled,0,0.0,50.0,alpha
96,0.3477366864681244,-0.04996727406978607,0.0,-1.798243761062622,2.8362374305725098,0.051042914390563965,0,0,0,0.006842759903520346,0.5,0.3,0,0,wall,both,1,1,1,1,1,1,0.0,0,0,0,alpha,full,huber,14.52139412001812,-8.392158876855651,-1.6778480507654705,14.467975648976335,-8.055535546507086,-1.633671334812912,14.680163767483073,-7.957880492895269,-1.607542499604989,202.9978571430081,0.006842759903520346,250,1.3693904876708984,1.0,1.0,disabled,single,3,row_1,row_2,-1.798243761062622,-4.837366104125977,0.9542017677452476,0.04568421359250678,0.18674989470604178,3.0391223430633545,-1.7513636277548308,0,2,1,disabled,0,0.0,50.0,alpha
100,0.1681079864501953,-0.011677808128297329,0.0,-0.816946804523468,1.9080482721328735,0.0440329909324646,0,0,0,0.009973878972232342,0.5,0.3,0,0,wall,both,1,1,1,1,1,1,0.0,0,0,0,alpha,full,huber,13.91165225854217,-7.692263535379404,-1.6548235799373683,14.269723637247822,-8.410956169778302,-1.7375423133184367,14.465584624888187,-8.438998983427666,-1.6951338275956922,191.76128823613993,0.009973878972232342,250,1.5264084339141846,1.0,1.0,disabled,single,3,row_1,row_2,-0.816946804523468,-3.320727825164795,0.9241037362075307,0.07556878592396828,0.27074050074474204,2.503781020641327,-0.7380158595042334,0,2,0,disabled,0,0.0,50.0,alpha
104,2.8576440811157227,-3.374433994293213,-49.90296936035156,-2.979738473892212,2.3600404262542725,0.6532930135726929,3,0,117,0.033875785768032074,0.5555555555555556,0.3,120,120,wall,both,1,1,1,1,1,1,0.0,3,3,0,alpha,full,huber,12.73624042777349,-8.628415081598543,3.0013666122986358,13.29539088979112,-9.41050397263751,2.964062993457731,13.801167467558386,-9.559404003492194,3.0761682579211653,83.21849163456582,0.033875785768032074,250,4.410892009735107,0.6801345381793109,1.0,disabled,single,3,row_1,row_2,-2.979738473892212,-3.96981143951416,0.7257546606578558,0.26965383912315777,0.6107670199624364,0.9900729656219482,-2.659195219644495,0,2,0,disabled,0,0.0,50.0,alpha
108,0.6490471363067627,-0.17407527565956116,-48.286441802978516,-1.6538032293319702,2.651118040084839,0.15007662773132324,5,1,118,0.024071332067251205,0.5474452554744526,0.3,120,124,wall,both,1,1,1,1,1,1,0.0,4,4,0,alpha,full,huber,11.319082416236807,-9.085265314316992,2.3507575231379327,12.240249556438245,-9.305794301544891,2.358508069073648,12.798439016133054,-9.418036521417642,2.463654450226662,83.6848909077309,0.024071332067251205,250,2.2028263807296753,1.0,1.0,disabled,single,3,row_2,row_1,-1.6538032293319702,-2.24749755859375,0.6048916020010261,0.3340714667756022,0.8410348268050223,0.5936943292617798,-1.1510972220815308,1,3,1,disabled,0,0.0,50.0,alpha
112,1.0405690670013428,-0.44743138551712036,-49.53889465332031,-0.9615907669067383,2.0801823139190674,7.50422477722168e-05,8,2,121,0.01809769868850708,0.5338078291814947,0.3,120,131,wall,both,1,1,1,1,1,1,0.0,13,13,0,alpha,full,huber,10.8133499900882,-8.672150396474558,1.7835500402319253,11.424108120698577,-8.777542542323575,1.571677040940442,11.84114949703881,-8.880270239950633,1.6348501028368112,111.76403761353005,0.01809770055115223,250,1.9623715281486511,1.0,1.0,disabled,single,3,row_2,row_1,-0.9615907669067383,-2.0228219032287598,0.6607487081864923,0.2286385705260137,0.854722425396532,1.0612311363220215,-0.5472090863355674,0,3,0,disabled,0,0.0,50.0,alpha
116,3.8238351345062256,-5.761574745178223,-38.281192779541016,-0.40044301748275757,1.3423835039138794,8.094310760498047e-05,57,7,95,0.013507973402738571,0.4854368932038835,0.3,120,159,wall,both,1,1,1,1,1,1,0.0,13,13,0,alpha,full,huber,11.340591776083963,-7.370633580590931,1.7830771819789994,11.139564229134491,-8.04587059478765,1.5147221173891106,11.465408492558298,-8.074112222819018,1.4910057077859147,185.677750698844,0.013507971540093422,250,3.379776954650879,0.8876325391448475,1.0,disabled,single,3,row_2,row_1,-0.40044301748275757,-0.6438350677490234,0.5386156381000977,0.42225532406628097,0.8241283656303298,0.24339205026626587,0.21831004682355526,0,3,0,disabled,0,0.0,50.0,alpha
120,2.025369167327881,-1.6950911283493042,-45.84458541870117,-0.1684037744998932,0.624201238155365,0.14158350229263306,19,0,147,0.023842021822929382,0.4746835443037975,0.3,120,166,wall,both,1,1,1,1,1,1,0.0,10,10,0,alpha,full,huber,13.064703473690514,-6.727166936757002,1.246006529236615,11.348585110699062,-7.30712620939997,1.4655960849376557,11.42792006418412,-7.42894884673929,1.4390621817532772,145.77081430401304,0.023842021822929382,250,4.2089831829071045,0.712761222754026,1.0,disabled,single,3,row_1,row_2,-0.1684037744998932,-1.9332537651062012,0.8526372541252586,0.14598212861922846,0.4259292144064191,1.764849990606308,-0.008982693622473698,1,4,0,disabled,0,0.0,50.0,alpha
124,0.9378129839897156,-0.36342695355415344,-37.77240753173828,-0.06506660580635071,0.5172532796859741,0.037076354026794434,55,2,70,0.010443286038935184,0.5415162454873647,0.3,120,127,wall,both,1,1,1,1,1,1,0.0,7,7,0,alpha,full,huber,10.691900066602418,-6.786629570519543,1.522642555052398,11.004078713759602,-6.6980203401583855,1.5721086509244446,11.254494976273769,-6.772955159554808,1.4856208918576925,163.59517435124502,0.010443286038935184,246,1.479148268699646,1.0,1.0,disabled,single,3,row_2,row_1,-0.06506660580635071,-0.9067373871803284,0.6385823847634842,0.275222514570505,0.8527688606592807,0.8416707813739777,0.38343797742293273,1,5,0,disabled,0,0.0,50.0,alpha
128,1.6772233247756958,-1.1624289751052856,-35.02438735961914,-0.3591057360172272,1.269416332244873,0.015752971172332764,44,2,78,0.016866475343704224,0.5474452554744526,0.3,119,124,wall,both,1,1,1,1,1,1,0.0,7,7,0,alpha,full,huber,11.409366894225755,-7.020443349851188,1.61806819868717,11.079258180901173,-6.406610760489004,1.5534188292492959,11.183492173019939,-6.39517997670754,1.5160238456843746,124.91433592361409,0.016866475343704224,159,2.4936306476593018,1.0,1.0,disabled,single,3,row_2,row_1,-0.3591057360172272,-0.4619764983654022,0.5088387821260367,0.45909651923165384,0.8114905245991957,0.10287076234817505,0.31651831111181183,0,5,0,disabled,0,0.0,50.0,alpha
132,2.2446095943450928,-2.0819308757781982,-36.98843765258789,-0.1866120994091034,0.9012380838394165,0.0387110710144043,53,0,83,0.013019568286836147,0.5244755244755245,0.3,120,136,wall,both,1,1,1,1,1,1,0.0,10,10,0,alpha,full,huber,11.071933178788674,-6.536095008285309,1.516647260862217,11.078850159899222,-6.0602242841622616,1.5874113882592822,11.143656884045704,-5.999974099588065,1.5477287071163062,135.05706859368416,0.013019568286836147,153,2.8398356437683105,1.0,1.0,disabled,single,3,row_2,row_1,-0.1866120994091034,-0.5656362771987915,0.5654014105217231,0.3870336972355127,0.8346585526990975,0.3790241777896881,0.38360723958421283,0,5,0,disabled,0,0.0,50.0,alpha
136,3.3667261600494385,-4.628246784210205,-29.6256103515625,-0.23531796038150787,0.9960144758224487,0.06034541130065918,90,18,39,0.02556753344833851,0.5050505050505051,0.3,120,147,wall,both,1,1,1,1,1,1,0.0,8,8,0,alpha,full,huber,10.842509813497585,-5.0208439671810385,2.1175369812215656,10.97250174177237,-5.471430160494853,1.720825527200118,11.062562495234538,-5.541387017771154,1.6317040473362692,109.97943020650328,0.02556753344833851,159,3.846928119659424,0.7798430089371142,1.0,disabled,single,3,row_2,row_1,-0.23531796038150787,-0.5222660899162292,0.547003349336801,0.4105537244508411,0.8296046026111994,0.2869481295347214,0.3679823930953814,0,5,0,disabled,0,0.0,50.0,alpha
140,1.3652770519256592,-0.770240306854248,-25.466529846191406,-0.2280924767255783,1.013098955154419,0.0015943646430969238,100,8,35,0.021298177540302277,0.5119453924914675,0.3,108,143,wall,both,1,1,1,1,1,1,0.0,13,13,0,alpha,full,huber,11.232966346735079,-4.4237524537655455,1.8164845457884935,10.874429088052818,-4.810450721777746,1.8559866472720696,10.954501601082171,-4.946442521436806,1.781543205960686,98.9529417811701,0.021298177540302277,143,1.683777093887329,1.0,1.0,disabled,single,3,row_1,row_2,-0.2280924767255783,-0.49739062786102295,0.5563572857177788,0.4250099315260038,0.7640850054097219,0.26929815113544464,0.3582521141732521,1,6,0,disabled,0,0.0,50.0,alpha
144,1.3678175210952759,-0.7731094360351562,-49.802085876464844,-0.003447853261604905,0.11698158085346222,0.009983420372009277,89,8,39,0.01310513075441122,0.5244755244755245,0.3,94,136,wall,both,1,1,1,1,1,1,0.0,11,11,0,alpha,full,huber,9.802660326357772,-5.496553115074098,1.909781882667188,10.670927064294773,-4.4969089664339075,1.9970535082942256,10.76535268474709,-4.500280362694744,1.8978883785968952,159.49180474813335,0.01310513075441122,185,2.7043044567108154,1.0,1.0,disabled,single,3,row_2,row_3,-0.003447853261604905,-1.3027855157852173,0.6707049332111761,0.1829095257669843,0.8598985205600447,1.2993376625236124,0.395978127324795,1,7,0,disabled,0,0.0,50.0,alpha
148,1.157550573348999,-0.553687334060669,-39.630767822265625,-0.17535659670829773,0.5835232138633728,0.15628200769424438,100,47,34,0.016141429543495178,0.4531722054380664,0.3,120,181,wall,both,1,1,1,1,1,1,0.0,8,8,0,alpha,full,huber,10.282915775856019,-4.31974110270944,2.325902940559141,10.40176222524459,-3.824708183064188,2.0538212888234297,10.439762095186449,-3.738667949509857,2.002938611151806,122.3341123708843,0.016141429543495178,143,1.8211100101470947,1.0,1.0,disabled,single,3,row_2,row_1,-0.1747041940689087,-0.925939679145813,0.6268465555091413,0.29573574362352006,0.8511387446039329,0.7512354850769043,0.2923493022867011,0,7,0,disabled,0,0.0,50.0,alpha
152,4.02298641204834,-6.255338191986084,-29.559059143066406,-0.21202905476093292,0.9767459034919739,0.0023122429847717285,136,19,22,0.023706361651420593,0.4587155963302753,0.3,120,177,wall,both,1,1,1,1,1,1,0.0,7,7,0,alpha,full,huber,10.828889443583721,-2.076747844586944,1.8487037841256315,10.307761842499463,-2.838102793525654,1.916534547725125,10.168533806322182,-2.843413905076427,1.9350808445267624,155.75669449605093,0.023706361651420593,240,5.321179151535034,0.5637848143366064,1.0,disabled,single,3,row_1,row_2,-0.21202905476093292,-0.5181137919425964,0.5651720363160073,0.4161498603734458,0.7616904167839124,0.3060847371816635,0.35859605036726727,1,8,0,disabled,0,0.0,50.0,alpha
156,1.49830162525177,-0.9276478886604309,-19.222444534301758,-0.2597474753856659,1.0811384916305542,0.0004200935363769531,114,0,26,0.014550263062119484,0.5172413793103449,0.3,120,140,wall,both,1,1,1,1,1,1,0.0,5,5,0,alpha,full,huber,10.53140661113311,-0.8295565196414612,1.7940323154977271,10.38225380128534,-1.4607694630251826,1.8012963093339864,10.055378687749727,-1.575082050906162,1.878883334539534,162.8387065758142,0.014550264924764633,250,2.2828147411346436,1.0,1.0,disabled,single,3,row_1,row_2,-0.2597474753856659,-0.43582528829574585,0.5323204664062774,0.44637878064335007,0.7776635329092355,0.17607781291007996,0.37076211515018287,0,8,0,disabled,0,0.0,50.0,alpha
160,2.408238649368286,-2.3965344429016113,-18.452672958374023,-0.11347471922636032,0.7132712602615356,0.010118067264556885,126,0,16,0.015130196698009968,0.5136986301369862,0.3,120,142,wall,both,1,1,1,1,1,1,0.0,11,11,0,alpha,full,huber,10.790845421505217,-0.3621821802967602,1.965393289166852,10.417154539008136,0.0501600789052173,1.776079573239251,9.990760312172682,0.00903885348458592,1.8446591237038001,187.69041991438664,0.015130196698009968,250,3.239730954170227,0.9260028201225654,1.0,disabled,single,3,row_1,row_2,-0.11347471922636032,-0.6796746253967285,0.6304843726883183,0.3579124714467605,0.7102739760767975,0.5661999061703682,0.34779219024350816,0,8,0,disabled,0,0.0,50.0,alpha
164,1.0712088346481323,-0.4741687476634979,-30.451210021972656,-0.28293508291244507,1.1263668537139893,0.01566213369369507,92,6,58,0.009410600177943707,0.49019607843137253,0.3,120,156,wall,both,1,1,1,1,1,1,0.0,12,12,0,alpha,full,huber,12.40702874034781,0.881160279515844,1.5875573856339074,10.570805522186433,0.8970297190150482,1.7354298546764377,10.153870929490587,0.9048049381655838,1.7969139177745204,203.40669443193215,0.009410601109266281,250,3.133105993270874,0.9575162814291146,1.0,disabled,single,3,row_1,row_2,-0.28293508291244507,-2.85542631149292,0.928782586522084,0.07090801355156105,0.2587682037738896,2.572491228580475,-0.2090544857770011,0,8,0,disabled,0,0.0,50.0,alpha
168,2.158317804336548,-1.9249321222305298,-26.368663787841797,-0.3254987299442291,1.2102662324905396,5.960464477539063e-08,119,26,28,0.027076220139861107,0.46439628482972134,0.3,120,173,wall,both,1,1,1,1,1,1,0.0,11,11,0,alpha,full,huber,7.344457281921543,1.3416810929868266,1.7639071956929957,9.833075725558292,1.6037341142364712,1.8586980289407122,9.902426789156895,1.6500348965684257,1.8246102276466658,164.71879991371654,0.027076220139861107,250,4.973625898361206,0.6031816749604128,1.0,disabled,single,3,row_3,row_2,-0.3254987299442291,-0.3765038847923279,0.4964900447239941,0.47180146756173574,0.8114855384820111,0.051005154848098755,0.37469311666207317,1,9,0,disabled,0,0.0,50.0,alpha
172,1.6526936292648315,-1.128676176071167,-21.514142990112305,-0.2838771939277649,1.130098581314087,0.0042032599449157715,115,4,26,0.013212163932621479,0.5084745762711864,0.3,84,145,wall,both,1,1,1,1,1,1,0.0,12,12,0,alpha,full,huber,9.655961687826855,3.355624943006923,1.8339180616331543,10.068204639862046,2.7737179448909037,1.7294957086195448,9.84678952365094,2.7458843996430318,1.7732238434699017,173.46121003289323,0.013212163932621479,250,1.628144383430481,1.0,1.0,disabled,single,3,row_1,row_2,-0.2838771939277649,-0.40730270743370056,0.5172620176934,0.45720141949352405,0.7924612221205443,0.12342551350593567,0.37532853487861106,1,10,0,disabled,0,0.0,50.0,alpha
176,0.9971879720687866,-0.4109024405479431,-22.855327606201172,-0.2952696979045868,1.1526834964752197,0.0013703107833862305,91,23,30,0.010993493720889091,0.5102040816326531,0.3,83,144,wall,both,1,1,1,1,1,1,0.0,6,6,0,alpha,full,huber,9.565415773087347,3.7462958122439263,1.7945555823829764,9.676786182592288,3.925167040632458,1.7820350232676758,9.624919070625086,4.0024022966838215,1.7703712189989051,183.00628907596086,0.010993492789566517,250,1.563641607761383,1.0,1.0,disabled,single,3,row_1,row_2,-0.2952696979045868,-0.40610942244529724,0.5136380584117528,0.4597482818596406,0.795973741954622,0.11083972454071045,0.37096673017817294,0,10,0,disabled,0,0.0,50.0,alpha
180,3.331850528717041,-4.541778564453125,-24.380714416503906,-0.22778098285198212,1.01242995262146,3.4689903259277344e-05,120,7,23,0.009141054004430771,0.5,0.3,120,150,wall,both,1,1,1,1,1,1,0.0,6,6,0,alpha,full,huber,9.200914565150644,3.8272245911073117,1.6223923085830458,9.478221392279984,4.265102794886074,1.800504164295856,9.504130800963399,4.368290625607008,1.7739418834719878,203.15515890148419,0.009141054004430771,250,3.951314926147461,0.7592409251279308,1.0,disabled,single,3,row_2,row_1,-0.22778098285198212,-0.4989039897918701,0.5413232651645643,0.4127712750480442,0.8389190619799983,0.271123006939888,0.38595766308353485,1,11,0,disabled,0,0.0,50.0,alpha
184,1.7212729454040527,-1.2242894172668457,-26.726871490478516,-0.2350766658782959,1.0266904830932617,0.014291703701019287,115,38,24,0.014795809984207153,0.4587155963302753,0.3,120,177,wall,both,1,1,1,1,1,1,0.0,6,6,0,alpha,full,huber,9.626517687265487,4.248418519978422,1.8276011711282836,9.546050558314601,4.6670980614383755,1.7454477999160605,9.479105861691933,4.740935759873427,1.7574319071647277,176.72695755485532,0.014795811846852303,250,2.2251625061035156,1.0,1.0,disabled,single,3,row_1,row_2,-0.2350766658782959,-0.47683221101760864,0.5486263459633074,0.4308078022563692,0.7720217002684615,0.24175554513931274,0.36526101175909065,1,12,0,disabled,0,0.0,50.0,alpha
188,0.27133309841156006,-0.03042217157781124,-25.748830795288086,-0.16389094293117523,0.8494803309440613,0.02941519021987915,115,6,18,0.010964521206915379,0.5190311418685121,0.3,120,139,wall,both,1,1,1,1,1,1,0.0,3,3,0,alpha,full,huber,8.922575451061874,4.776709879258169,1.6058019995525434,9.271800138460732,5.268630980674826,1.764039488094913,9.305504060542788,5.375210454405218,1.7451461829810544,169.47978593668026,0.010964521206915379,224,1.09617680311203,1.0,1.0,disabled,single,3,row_2,row_1,-0.16389094293117523,-0.5941240787506104,0.573828837528976,0.3731938626273729,0.8422011880333788,0.4302331358194351,0.3915331766578368,1,13,0,disabled,0,0.0,50.0,alpha
192,1.020110011100769,-0.4300100803375244,-24.541412353515625,-0.234829843044281,1.0131632089614868,0.040572285652160645,128,9,28,0.013013227842748165,0.47619047619047616,0.3,120,165,wall,both,1,1,1,1,1,1,0.0,3,3,0,alpha,full,huber,8.975669488212272,5.186894905506776,1.5631192978067698,9.022816737200028,5.663455775992444,1.843537366913663,9.116437830458768,5.790271284101365,1.793821911954394,151.48124699927774,0.01301322877407074,191,1.6104615926742554,1.0,1.0,disabled,single,3,row_2,row_1,-0.23253385722637177,-0.48266300559043884,0.5375567907140859,0.41859558512736555,0.8353197334613032,0.2501291483640671,0.3881870101927848,0,13,0,disabled,0,0.0,50.0,alpha
196,1.0204436779022217,-0.43029144406318665,-26.19441032409668,-0.19042661786079407,0.9241526126861572,0.012482225894927979,131,30,20,0.028254572302103043,0.4531722054380664,0.3,120,181,wall,both,1,1,1,1,1,1,0.0,4,4,0,alpha,full,huber,9.25573061425321,6.832737184995633,1.9053182613641138,9.019629103068377,6.399957967873615,1.827145911451381,9.007074220048825,6.363896194208766,1.8112085013001096,80.15851361466238,0.028254572302103043,117,1.712908148765564,1.0,1.0,disabled,single,3,row_1,row_2,-0.19042661786079407,-0.5505933165550232,0.5790860749662025,0.40394730216065866,0.7516881415196869,0.3601666986942291,0.35587753317041537,1,14,0,disabled,0,0.0,50.0,alpha
200,0.8009964823722839,-0.26512205600738525,-21.23971939086914,-0.2666507661342621,1.0953333377838135,0.0030725598335266113,117,12,32,0.024868691340088844,0.48231511254019294,0.3,120,161,wall,both,1,1,1,1,1,1,0.0,3,3,0,alpha,full,huber,8.950438513615937,7.570165788436825,1.825562455968349,9.029378222342826,6.974607089227254,1.8081952356622573,8.957489958361158,6.916999427675863,1.808340875053382,78.47573714810267,0.024868691340088844,107,1.0690627098083496,1.0,1.0,disabled,single,3,row_1,row_2,-0.2666507661342621,-0.42670586705207825,0.5275431152839681,0.4495178195742806,0.783395199798782,0.16005510091781616,0.372873915702303,0,14,0,disabled,0,0.0,50.0,alpha
204,0.8359052538871765,-0.2887345552444458,-27.765827178955078,-0.22720563411712646,1.0111504793167114,6.681680679321289e-05,94,7,63,0.04090552031993866,0.47770700636942676,0.3,120,164,wall,both,1,1,1,1,1,1,0.0,4,4,0,alpha,full,huber,8.954970045084794,8.024565288662235,1.7355911605421905,8.985162954244469,7.49805578149423,1.7787292537090915,8.92167351391309,7.412606952691346,1.791335657794619,59.93873349221488,0.04090552031993866,80,1.322121500968933,1.0,1.0,disabled,single,3,row_1,row_2,-0.22720563411712646,-0.4740827977657318,0.5501875491352785,0.42982667880217085,0.7698680546675891,0.24687716364860535,0.3702904263374651,0,14,0,disabled,0,0.0,50.0,alpha
208,3.0608937740325928,-3.8699843883514404,-31.434864044189453,-0.23629751801490784,1.0311774015426636,0.000808417797088623,99,25,46,0.03504820168018341,0.46875,0.3,120,170,wall,both,1,1,1,1,1,1,0.0,3,3,0,alpha,full,huber,9.020627855317729,7.541981555436277,1.7069395031373098,8.9297289162776,7.836769901427182,1.7771917660277357,8.877189196665643,7.841080457646496,1.7940964770658194,60.807011673213886,0.03504819795489311,80,3.4650079011917114,0.8657988915315944,1.0,disabled,single,3,row_1,row_2,-0.23629751801490784,-0.46754878759384155,0.546086427633648,0.43334145027432436,0.7726414888104715,0.23125126957893372,0.3686805053799206,0,14,0,disabled,0,0.0,50.0,alpha
212,1.226029634475708,-0.6211358308792114,-29.352834701538086,-0.24151428043842316,1.0423333644866943,0.004399120807647705,109,4,60,0.026975952088832855,0.46439628482972134,0.3,120,173,wall,both,1,1,1,1,1,1,0.0,2,2,0,alpha,full,huber,8.7895334776242,8.694355380361605,1.866163214199421,8.910079389254857,8.193507225481033,1.7893463509694996,8.865048648723441,8.143173451061507,1.7828297344767954,81.83248081234493,0.026975948363542557,112,1.582169771194458,1.0,1.0,disabled,single,3,row_1,row_2,-0.24151428043842316,-0.45390570163726807,0.5412013532759267,0.43764145340306554,0.7755028037731265,0.2123914211988449,0.3724496017403648,0,14,0,disabled,0,0.0,50.0,alpha
216,2.9219906330108643,-3.528111457824707,-24.456436157226562,-0.17060153186321259,0.874512791633606,0.012639403343200684,97,8,29,0.028150193393230438,0.528169014084507,0.3,120,134,wall,both,1,1,1,1,1,1,0.0,2,2,0,alpha,full,huber,9.060250692944257,8.20768904421588,1.9314909270783982,8.8868774250764,8.544897128097677,1.7660230923140958,8.821900610758142,8.595174039282288,1.7641956966800532,85.90476938174218,0.028150195255875587,127,3.5259480476379395,0.8508349979829464,1.0,disabled,single,3,row_1,row_2,-0.17060153186321259,-0.5681824684143066,0.588689498489043,0.3955661147901595,0.7441429057987771,0.39758093655109406,0.35925486972004717,0,14,0,disabled,0,0.0,50.0,alpha
220,3.3433196544647217,-4.570213794708252,0.0,-0.033420808613300323,0.3552555441856384,0.03628849983215332,0,0,0,0.03629256784915924,0.5,0.3,0,0,wall,both,1,1,1,1,1,1,0.0,0,0,0,alpha,full,huber,10.218522469180662,8.681977618670444,1.502107171458265,9.292657509917051,9.250779444583987,1.508299853445316,8.96305656523716,9.404078675188837,1.635068395061026,86.14159122296084,0.03629257157444954,164,4.905542373657227,0.6115531722057904,1.0,disabled,single,3,row_1,row_2,-0.033420808613300323,-1.781553030014038,0.8504550628829918,0.14806322121476936,0.43023049758761706,1.7481322214007378,0.12856289604520887,0,14,0,disabled,0,0.0,50.0,alpha
224,0.47374120354652405,-0.09273996949195862,0.0,-0.044125497341156006,0.4052812159061432,0.04322141408920288,0,0,0,0.009047103114426136,0.5,0.3,0,0,wall,both,1,1,1,1,1,1,0.0,0,0,0,alpha,full,huber,9.350515759546147,10.650569607500865,1.9705655773292001,9.18736148239399,10.170314372317257,1.5485291011878153,9.04589885591065,10.242601156954686,1.579474921193972,175.38620675106776,0.009047103114426136,207,1.5600789785385132,1.0,1.0,disabled,single,3,row_1,row_2,-0.044125497341156006,-1.2150774002075195,0.7602412625213297,0.23572925708376907,0.5712615383560875,1.1709519028663635,0.22999394805145212,0,14,0,disabled,0,0.0,50.0,alpha
228,0.43778911232948303,-0.07919806241989136,0.0,-0.17172183096408844,0.8682311177253723,0.03209751844406128,0,0,0,0.007315652444958687,0.5,0.3,0,0,wall,both,1,1,1,1,1,1,0.0,0,0,0,alpha,full,huber,8.762873526103862,9.930094045113675,1.9295345128112693,8.870931066264173,10.422119966142624,1.6404362801987946,8.957279923205174,10.463143189891614,1.6083295884227953,203.5567971320435,0.007315652444958687,250,1.350979745388031,1.0,1.0,disabled,single,3,row_1,row_2,-0.17172183096408844,-0.5811415910720825,0.5919654163139528,0.3930860146365117,0.7402375296746531,0.4094197601079941,0.35258523322905677,0,14,0,disabled,0,0.0,50.0,alpha
232,0.29108402132987976,-0.03501236066222191,0.0,-0.07896396517753601,0.3444366455078125,0.11352121829986572,0,0,0,0.010465500876307487,0.5,0.3,0,0,wall,both,1,1,1,1,1,1,0.0,0,0,0,alpha,full,huber,7.2858500731105735,10.219048814528815,2.182108185982889,8.305951355256038,10.784722073435749,1.8280690942543478,8.623714945388176,10.834332238000583,1.7231494474676925,194.07689306690105,0.010465500876307487,250,1.8009313344955444,1.0,1.0,disabled,single,3,row_2,row_1,-0.07896396517753601,-1.2510936260223389,0.6668678268685289,0.20653341283689086,0.8575999467772102,1.1721296608448029,0.32619944814228485,1,15,0,disabled,0,0.0,50.0,alpha
236,3.1320602893829346,-4.046430587768555,-25.66324234008789,-0.25684985518455505,1.038723349571228,0.06469607353210449,57,0,31,0.020454054698348045,0.6302521008403361,0.3,88,88,wall,both,1,1,1,1,1,1,0.0,1,1,0,alpha,full,huber,8.557176556463519,10.386005560677486,2.0371637214202902,8.156324548587138,10.836537381651624,1.9836747145066482,8.365412646607082,10.995696811598776,1.8952609040094428,147.5065111682569,0.020454054698348045,250,3.920655608177185,0.7651781487114034,1.0,disabled,single,3,row_1,row_2,-0.25684985518455505,-0.5107429623603821,0.552557472375701,0.42866011972329665,0.7655469594771227,0.253893107175827,0.33634797341617007,1,16,0,disabled,0,0.0,50.0,alpha
240,0.3426753282546997,-0.048523299396038055,-25.445348739624023,-0.3735761046409607,1.287229299545288,0.03624802827835083,53,0,34,0.012975947000086308,0.6329113924050632,0.3,87,87,wall,both,1,1,1,1,1,1,0.0,1,1,0,alpha,full,huber,8.381283035706987,10.757751927171773,1.9455554154598511,8.324639118542512,11.196111008723822,1.9314156576877033,8.273628575214023,11.308173738132975,1.9642958811090718,161.17804304623044,0.012975947000086308,250,0.9664305448532104,1.0,1.0,disabled,single,3,row_1,row_2,-0.3735761046409607,-0.5073104500770569,0.5213131092030093,0.45605640323028,0.7833878801079801,0.1337343454360962,0.2778283357453576,0,16,0,disabled,0,0.0,50.0,alpha
244,1.3608492612838745,-0.7652523517608643,-30.556438446044922,-1.0429701805114746,1.223475694656372,0.4171692728996277,36,0,51,0.015600104816257954,0.6329113924050632,0.3,87,87,wall,both,1,1,1,1,1,1,0.0,2,2,0,alpha,full,huber,7.242875467867888,11.126638184277155,2.649580018561066,7.854216282469663,11.410027459881253,2.130934345407605,7.989628568897196,11.538056538526806,2.0518892650749416,141.93692372042216,0.015600104816257954,218,2.3515948057174683,1.0,1.0,disabled,single,3,row_2,row_1,-1.0429701805114746,-2.1541364192962646,0.6611844948109743,0.2176453007292442,0.8611685246645492,1.11116623878479,-0.6292478171271028,1,17,0,disabled,0,0.0,50.0,alpha
248,1.7154945135116577,-1.216083288192749,-40.649024963378906,-0.41849422454833984,1.3708829879760742,0.014578759670257568,29,0,44,0.01802692376077175,0.6726457399103138,0.3,73,73,wall,both,1,1,1,1,1,1,0.0,2,2,0,alpha,full,huber,8.90409701156951,11.51124929028156,1.8464484499320104,7.996482248828569,11.76848596797395,2.0028397555198616,7.902931372138994,11.825922400283407,2.057263076386061,133.03986795407758,0.01802692376077175,196,3.006258487701416,0.9979181804468846,1.0,disabled,single,3,row_1,row_2,-0.41849422454833984,-1.2644823789596558,0.6947295872041418,0.2981314606292159,0.6491300901703795,0.8459881544113159,-0.05426163225899461,1,18,0,disabled,0,0.0,50.0,alpha
252,6.1468706130981445,-11.521167755126953,0.0,-1.5422935485839844,2.6317145824432373,0.027999520301818848,0,0,0,0.009913279674947262,0.5,0.3,0,0,wall,both,1,1,1,1,1,1,0.0,0,0,0,alpha,full,huber,9.281231672127943,12.939776368566234,1.4382874754465984,8.109393615969163,12.629928340891906,2.3647345251404928,7.8116982857213895,12.595631138165261,2.498127151215704,189.34182278331053,0.009913278743624687,250,7.78725528717041,0.38524485063980546,1.0,disabled,single,3,row_1,row_2,-1.5422935485839844,-3.067981719970703,0.8196233841012965,0.17824460202841977,0.483545285945698,1.5256881713867188,-1.3433832166739075,0,18,1,disabled,0,0.0,50.0,alpha
256,2.017117738723755,-1.6813075542449951,0.0,-3.8370933532714844,4.035157680511475,0.23150885105133057,0,0,0,0.010534478351473808,0.5,0.3,0,0,wall,both,1,1,1,1,1,1,0.0,0,0,0,alpha,full,huber,8.76748296649598,14.27629807549885,2.3698009562173024,8.25390829722187,13.221020065277088,2.4850522493470564,7.851176335314467,13.04453571428773,2.672703485756772,193.12608259989335,0.010534478351473808,250,3.1903247833251953,0.9403431323607044,1.0,disabled,single,3,row_1,row_2,-3.8370933532714844,-5.020172119140625,0.7624117942812346,0.23355277210121408,0.568730995260026,1.1830787658691406,-3.5658248964483414,0,18,1,disabled,0,0.0,50.0,alpha
260,2.0676746368408203,-1.7666441202163696,-49.89530563354492,-3.2718703746795654,3.817072629928589,0.09138011932373047,1,0,78,0.04218294098973274,0.6550218340611353,0.3,68,79,wall,both,1,1,1,1,1,1,0.0,12,12,0,alpha,full,huber,7.2889018700884,13.721719437009828,-1.871429855119426,7.300252078336495,14.160136827436379,-2.2452865697557947,6.8214358251026255,13.984430486270002,-2.139154088692967,109.34232052095331,0.04218294098973274,250,2.6900339126586914,1.0,1.0,disabled,single,3,row_2,row_1,-3.2718703746795654,-3.769092559814453,0.5869784001518705,0.35701072987513705,0.8418752160827306,0.4972221851348877,-2.7391031178329452,1,19,1,disabled,0,0.0,50.0,alpha
264,3.8555715084075928,-5.840260028839111,-48.831321716308594,-1.1192127466201782,2.2433409690856934,0.014532625675201416,15,2,86,0.05969822779297829,0.5928853754940712,0.3,83,103,wall,both,1,1,1,1,1,1,0.0,11,11,0,alpha,full,huber,6.224007059162009,11.955971212982725,-1.2699086716217376,6.630259433454299,13.005730084535276,-1.603385920697373,6.589581741979397,13.281716121526781,-1.6796034235062685,57.148125664422764,0.05969822779297829,250,5.863255023956299,0.5116611826950204,1.0,disabled,single,3,row_2,row_3,-1.1192127466201782,-1.930015206336975,0.6327711486783357,0.2812675530975437,0.857295825358826,0.8108024597167969,-0.6615662899394704,0,19,0,disabled,0,0.0,50.0,alpha
268,2.9063661098480225,-3.49048113822937,-45.397212982177734,-1.0737041234970093,1.9491773843765259,0.23708045482635498,19,10,109,0.02316458523273468,0.5208333333333334,0.3,91,138,wall,both,1,1,1,1,1,1,0.0,13,13,0,alpha,full,huber,6.106357296370228,11.560915673410308,-0.7376218305097151,6.455565676579356,12.00289621537081,-1.0233848259753517,6.496336742502297,12.40212564644997,-1.19048985746551,95.36797663753754,0.02316458523273468,250,3.9413105249404907,0.7611681396368272,1.0,disabled,single,3,row_2,row_3,-1.0737041234970093,-1.6344811916351318,0.5958848668040203,0.3401104452264922,0.8512342377514007,0.5607770681381226,-0.5559963164159162,0,19,0,disabled,0,0.0,50.0,alpha
272,1.8222644329071045,-1.3721685409545898,-39.05431365966797,-0.1434897929430008,0.8023408651351929,0.010312139987945557,51,3,82,0.01874913088977337,0.5244755244755245,0.3,120,136,wall,both,1,1,1,1,1,1,0.0,9,9,0,alpha,full,huber,6.426310630845288,10.276620409469832,-1.5843363578406382,6.904212195539724,10.85427921195317,-1.0839039064468943,6.936988971394712,11.0360729239498,-1.131627396260403,162.91174937414243,0.01874912902712822,218,2.6966779232025146,1.0,1.0,disabled,single,3,row_2,row_3,-0.1434897929430008,-0.8677430748939514,0.6216214183576907,0.30129142126447817,0.8545466405608055,0.7242532819509506,0.3319342307619295,0,19,0,disabled,0,0.0,50.0,alpha
276,3.2101478576660156,-4.2400360107421875,-35.24215316772461,-0.12167379260063171,0.7393079400062561,0.007213950157165527,66,3,71,0.030623948201537132,0.5172413793103449,0.3,120,140,wall,both,1,1,1,1,1,1,0.0,10,10,0,alpha,full,huber,6.428492813706027,9.63756542189575,-1.5607896191854238,7.0257368892739205,10.083715199291714,-1.2065142426341275,7.105542329969566,10.295550773239203,-1.175120408533104,106.20182270242604,0.030623948201537132,202,4.292879581451416,0.6988316217772185,1.0,disabled,single,3,row_2,row_3,-0.12167379260063171,-0.7299256324768066,0.6035015135051051,0.32848681776080885,0.8532836251053628,0.6082518398761749,0.38333293796785095,0,19,0,disabled,0,0.0,50.0,alpha
280,0.24898885190486908,-0.02561795338988304,-35.8018798828125,-0.17422401905059814,0.8821794986724854,0.017720162868499756,71,7,61,0.017843035981059074,0.5190311418685121,0.3,120,139,wall,both,1,1,1,1,1,1,0.0,10,10,0,alpha,full,huber,6.367092118190969,9.014538891122791,-1.5599933353886155,6.968178045046192,9.492001688276531,-1.3451439603472,7.1239380246301085,9.685309151438044,-1.2650885640003673,138.68031470031727,0.017843035981059074,196,1.6218152046203613,1.0,1.0,disabled,single,3,row_2,row_3,-0.1731492131948471,-0.6021561622619629,0.5718060876384006,0.3723346241446215,0.8486161933341573,0.4290069490671158,0.3858061395087412,0,19,0,disabled,0,0.0,50.0,alpha
284,0.304859459400177,-0.038404665887355804,-35.74451446533203,-0.3026028871536255,1.0939116477966309,0.09480065107345581,80,19,56,0.014203432016074657,0.49180327868852464,0.3,120,155,wall,both,1,1,1,1,1,1,0.0,13,13,0,alpha,full,huber,8.479546689039614,8.536340076210974,-0.9325103827874694,7.516029709729082,8.792606538881744,-1.1919413887060568,7.434773771611772,8.875239761144496,-1.22326688054738,162.4268780336341,0.014203432016074657,207,1.8136740922927856,1.0,1.0,disabled,single,3,row_2,row_1,-0.3026028871536255,-0.45774218440055847,0.5190450550331671,0.44445614709829634,0.8216109761957747,0.15513929724693298,0.35316170119125745,0,19,0,disabled,0,0.0,50.0,alpha
288,2.24050235748291,-2.0743184089660645,-38.32215118408203,-0.516954243183136,1.0281541347503662,0.26286977529525757,99,7,63,0.009152403101325035,0.47021943573667707,0.3,120,169,wall,both,1,1,1,1,1,1,0.0,9,9,0,alpha,full,huber,5.900415119417874,8.195930941795309,-2.117892638523,7.376743349618566,8.274978194340411,-1.3503646835370904,7.494000405997001,8.331502604127275,-1.2925567748852007,209.86896201752103,0.009152403101325035,250,4.226659059524536,0.7097804572714874,1.0,disabled,single,3,row_3,row_2,-0.516954243183136,-0.7895890474319458,0.543963722277222,0.4141580869163021,0.8291672268480812,0.2726348042488098,0.09191847815713539,1,20,0,disabled,0,0.0,50.0,alpha
292,4.841935157775879,-8.285789489746094,-35.844478607177734,-0.4707624912261963,0.8368517160415649,0.27786368131637573,117,9,54,0.00783776305615902,0.45454545454545453,0.3,120,180,wall,both,1,1,1,1,1,1,0.0,15,15,0,alpha,full,huber,5.846157882724782,7.48218933724464,-2.168005141831923,7.05993932659693,7.802277012202949,-1.4820192560823628,7.330760239438407,7.878580653479778,-1.3821540728417072,216.58978186537038,0.00783776305615902,250,5.93782639503479,0.5052353841986017,1.0,disabled,single,3,row_3,row_2,-0.4707624912261963,-0.9368447065353394,0.5795839815568022,0.3636632702267687,0.8468127427367653,0.46608221530914307,0.07468221475688264,0,20,0,disabled,0,0.0,50.0,alpha
296,2.758599281311035,-3.1445744037628174,-36.08565139770508,-0.5646669864654541,0.6600925326347351,0.3385568857192993,122,8,50,0.010068359784781933,0.45454545454545453,0.3,112,180,wall,both,1,1,1,1,1,1,0.0,14,14,0,alpha,full,huber,5.652134420233223,7.553132893164705,-2.2239651380961574,6.77786170278891,7.3091377933064425,-1.564868486773625,7.096674470575433,7.371958838141594,-1.4628023063137197,193.51519742146945,0.010068359784781933,250,3.6505054235458374,0.8218040112062117,1.0,disabled,single,3,row_3,row_2,-0.5106185674667358,-1.1737157106399536,0.6114967898230605,0.3150755849500622,0.8564091839734235,0.6630971431732178,-0.01877299392193915,0,20,0,disabled,0,0.0,50.0,alpha
300,2.4626095294952393,-2.505969285964966,-35.96704864501953,-0.21764785051345825,0.9895637035369873,0.0031223297119140625,83,27,56,0.011863276362419128,0.4746835443037975,0.3,109,166,wall,both,1,1,1,1,1,1,0.0,15,15,0,alpha,full,huber,6.213173591143397,6.221551656915743,-1.483138340518288,6.301254018821458,6.849540036910035,-1.695329037999467,6.716425773331899,6.9496887342437725,-1.5740452875555628,178.43171611625593,0.011863276362419128,250,3.2967578172683716,0.9099849507555702,1.0,disabled,single,3,row_3,row_2,-0.21764785051345825,-0.5188483595848083,0.5491596194660394,0.4063393451633476,0.8335813659456203,0.3012005090713501,0.3817182833777488,0,20,0,disabled,0,0.0,50.0,alpha
304,0.6338319182395935,-0.16600947082042694,-37.62334442138672,-0.18774615228176117,0.9190245270729065,0.00370103120803833,99,9,65,0.01300802268087864,0.46439628482972134,0.3,114,173,wall,both,1,1,1,1,1,1,0.0,14,14,0,alpha,full,huber,6.207914408994402,5.869053265329386,-1.4673334902603183,6.360686311374236,6.415593197948535,-1.687617978092514,6.538131306903063,6.551911792423235,-1.6276516161243033,176.88402722619648,0.01300802268087864,250,1.408114731311798,1.0,1.0,disabled,single,3,row_3,row_2,-0.18774615228176117,-0.5633774399757385,0.5634897757810664,0.38703607335457896,0.8393446588601,0.37563128769397736,0.38585993751813064,0,20,0,disabled,0,0.0,50.0,alpha
308,0.17787890136241913,-0.013074752874672413,-29.71501350402832,-0.16620849072933197,0.85915607213974,0.02308589220046997,99,28,28,0.015845106914639473,0.49180327868852464,0.3,108,155,wall,both,1,1,1,1,1,1,0.0,11,11,0,alpha,full,huber,6.2031033948329,5.576345865565963,-1.1659800167651855,6.338796416926007,5.937528029603618,-1.6231321782526351,6.42744858729533,6.051186413177896,-1.6200973642323553,182.94699456441043,0.015845106914639473,250,0.9034858644008636,1.0,1.0,disabled,single,3,row_3,row_2,-0.16620849072933197,-0.6054304838180542,0.5752299889477083,0.3707574030238755,0.8435997996105111,0.43922199308872223,0.3867768466478194,0,20,0,disabled,0,0.0,50.0,alpha
312,0.5970497131347656,-0.14730097353458405,-32.44095230102539,-0.16823963820934296,0.869969367980957,0.0035510659217834473,114,0,26,0.00969392154365778,0.5172413793103449,0.3,120,140,wall,both,1,1,1,1,1,1,0.0,11,11,0,alpha,full,huber,6.937399006656357,5.888139144836432,-1.485438712304993,6.494378320916121,5.654344724650837,-1.5484105886511033,6.451334125396169,5.658620236449796,-1.579968712994407,189.18304787006483,0.00969392154365778,250,1.286627471446991,1.0,1.0,disabled,single,3,row_2,row_3,-0.16823963820934296,-0.5971110463142395,0.5725438734845659,0.3728655725191359,0.8458775707152015,0.42887140810489655,0.38942627337316504,1,21,0,disabled,0,0.0,50.0,alpha
316,1.4720144271850586,-0.8953828811645508,-26.595212936401367,-0.13378609716892242,0.6283836364746094,0.10620421171188354,116,0,14,0.013829728588461876,0.5357142857142857,0.3,120,130,wall,both,1,1,1,1,1,1,0.0,15,15,0,alpha,full,huber,6.20677862714439,4.30506151829094,-0.9271430901115831,6.376498351289548,5.086728716259147,-1.5051149066517517,6.411850501393646,5.147468191755285,-1.5266735054289673,188.8152190525158,0.013829728588461876,250,2.340031862258911,1.0,1.0,disabled,single,3,row_3,row_2,-0.13378609716892242,-0.812816858291626,0.6141964820667886,0.3114641113406199,0.8559146808558832,0.6790307611227036,0.3536543014901236,1,22,0,disabled,0,0.0,50.0,alpha
320,0.5393037796020508,-0.12018535286188126,-23.78734588623047,-0.2024398297071457,0.954048752784729,0.006475567817687988,112,8,21,0.01229359395802021,0.5154639175257733,0.3,120,141,wall,both,1,1,1,1,1,1,0.0,11,11,0,alpha,full,huber,6.479088867213789,4.629784409280189,-1.278336079575832,6.6236046356052825,4.225926743707163,-1.3782892884419764,6.542008569509916,4.136749815387503,-1.4413983394857253,186.08909835792258,0.01229359395802021,250,1.2556818723678589,1.0,1.0,disabled,single,3,row_3,row_2,-0.2024398297071457,-0.5274651050567627,0.5534253397225517,0.39985483954961104,0.8370808039875038,0.325025275349617,0.3891885938079137,0,22,0,disabled,0,0.0,50.0,alpha
324,0.5116743445396423,-0.10818621516227722,-33.70713424682617,-0.1832750290632248,0.8083515167236328,0.09657448530197144,110,0,32,0.01210211031138897,0.5136986301369862,0.3,120,142,wall,both,1,1,1,1,1,1,0.0,6,6,0,alpha,full,huber,5.046347969416861,2.677739001832655,-1.8401035095291556,6.570831303166335,3.4204986291210453,-1.4178236185815771,6.606506382016561,3.3937141652473155,-1.426838538644033,197.34952907138242,0.01210211031138897,250,2.004333734512329,1.0,1.0,disabled,single,3,row_3,row_4,-0.1832750290632248,-0.6968867182731628,0.5870563243875352,0.3512538140080789,0.8520299058196086,0.513611689209938,0.3493594817339807,0,22,0,disabled,0,0.0,50.0,alpha
328,3.6809816360473633,-5.407392501831055,-36.043636322021484,-0.20717178285121918,0.9652733206748962,0.0053234100341796875,94,19,43,0.011146402917802334,0.49019607843137253,0.3,120,156,wall,both,1,1,1,1,1,1,0.0,9,9,0,alpha,full,huber,7.802800768419593,0.6628043683748259,-1.2581145952548654,7.40094096529498,1.5928709751069272,-1.2346019968530106,7.1383837614873284,1.5643496008568305,-1.3223777803636838,187.6233850737612,0.011146402917802334,250,4.856817722320557,0.6176884065903587,1.0,disabled,single,3,row_2,row_3,-0.20717178285121918,-0.5227176547050476,0.5497701963483228,0.40099721984927933,0.8435834318663603,0.31554587185382843,0.39108313003874495,1,23,0,disabled,0,0.0,50.0,alpha
332,1.4155540466308594,-0.8280137777328491,-30.549175262451172,-0.26872044801712036,1.0996410846710205,0.001310586929321289,96,19,34,0.010536609217524529,0.5016722408026756,0.3,102,149,wall,both,1,1,1,1,1,1,0.0,11,11,0,alpha,full,huber,7.293077250436098,1.0274172133079844,-1.326852291338926,7.296488549125395,0.8991027838892447,-1.3267724893021449,7.297289019887113,0.9169210091299329,-1.3233520073298553,198.79647577026233,0.010536609217524529,250,1.7782097458839417,1.0,1.0,disabled,single,3,row_3,row_2,-0.26872044801712036,-0.4372525215148926,0.5217616364226086,0.4408385792041486,0.8234087191404407,0.16853207349777222,0.38182398257771355,1,24,0,disabled,0,0.0,50.0,alpha
336,1.8370541334152222,-1.3945322036743164,-30.852237701416016,-0.1262339949607849,0.7530739903450012,0.007125377655029297,124,0,17,0.011091656982898712,0.5154639175257733,0.3,120,141,wall,both,1,1,1,1,1,1,0.0,5,5,0,alpha,full,huber,5.669222009604429,-0.4183608747430967,-1.5196367972396163,7.278534765443362,-0.5705463829351939,-1.4227603737694785,7.485391316838605,-0.6085336298014263,-1.3867913992269223,198.96676477829868,0.011091656051576138,250,3.136186718940735,0.9565756980863905,1.0,disabled,single,3,row_3,row_4,-0.1262339949607849,-0.7022716403007507,0.600101024680901,0.33732955825430944,0.8464300651238974,0.5760376453399658,0.3844232685104273,0,24,0,disabled,0,0.0,50.0,alpha
340,1.7607682943344116,-1.2811177968978882,-43.64944839477539,-0.04761717468500137,0.13788972795009613,0.10310685634613037,128,10,12,0.01767565682530403,0.5,0.3,101,150,wall,both,1,1,1,1,1,1,0.0,7,7,0,alpha,full,huber,9.38729368901877,-1.8926890749353205,-0.940757881299068,7.7887133909113215,-0.9972731614411537,-1.3425137540380798,7.675422318213869,-1.0090714759678165,-1.364171089896823,173.84660926878246,0.01767565682530403,250,3.6125568151474,0.8304367663979823,1.0,disabled,single,3,row_2,row_1,-0.04761717468500137,-1.2563776969909668,0.6623540896598986,0.19775715128879676,0.8685164372823797,1.2087605223059654,0.3643378127163887,1,25,0,disabled,0,0.0,50.0,alpha
344,0.6902454495429993,-0.19687554240226746,-24.06819725036621,-0.2858796715736389,1.1341813802719116,0.002226889133453369,100,3,30,0.008728363551199436,0.5300353356890459,0.3,120,133,wall,both,1,1,1,1,1,1,0.0,5,5,0,alpha,full,huber,7.851812461366053,-1.9162622631862363,-1.3407069684621455,8.082583812517928,-1.8581329251530287,-1.3136578317543028,7.974676159664458,-1.8900210253406997,-1.356410782008689,184.76033142376292,0.008728363551199436,250,0.9402482211589813,1.0,1.0,disabled,single,3,row_3,row_2,-0.2858796715736389,-0.42349541187286377,0.5146825436346589,0.4485116022502605,0.8230171635525771,0.13761574029922485,0.37832531693663496,1,26,0,disabled,0,0.0,50.0,alpha
348,0.30132758617401123,-0.03751996532082558,-26.1385555267334,-0.2974158227443695,1.1568676233291626,0.0012465715408325195,107,14,29,0.012017897330224514,0.5,0.3,120,150,wall,both,1,1,1,1,1,1,0.0,3,3,0,alpha,full,huber,7.947678471947403,-2.326864823513749,-1.3436010010339385,8.124940315078769,-2.347777601358484,-1.2888826574647885,8.105151501668914,-2.3730805115947424,-1.3180659930674274,182.24314874541878,0.012017899192869663,250,0.6414594650268555,1.0,1.0,disabled,single,3,row_3,row_2,-0.2974158227443695,-0.4078838527202606,0.5090005038955308,0.4557666638859379,0.8197421614265481,0.11046802997589111,0.3778904497161616,0,26,0,disabled,0,0.0,50.0,alpha
352,1.1602014303207397,-0.5562261939048767,-36.184364318847656,-0.13713912665843964,0.399032860994339,0.15789252519607544,111,25,21,0.01284054759889841,0.4885993485342019,0.3,120,157,wall,both,1,1,1,1,1,1,0.0,6,6,0,alpha,full,huber,9.081882782366174,-3.267237003931897,-0.8126964018574148,8.44283396247667,-3.066588105766562,-1.1900215836329753,8.3633675512147,-3.0659098964420606,-1.2547586134011457,195.5517761555524,0.01284054759889841,250,1.992586076259613,1.0,1.0,disabled,single,3,row_2,row_3,-0.13713912665843964,-1.0967743396759033,0.6500941958410936,0.24900726084295174,0.8575683113802404,0.9596352130174637,0.2934988832548166,1,27,0,disabled,0,0.0,50.0,alpha
356,1.304632544517517,-0.7033330798149109,-36.76398849487305,-0.07709074765443802,0.5873463153839111,0.010257840156555176,86,13,48,0.013192372396588326,0.5050505050505051,0.3,115,147,wall,both,1,1,1,1,1,1,0.0,5,5,0,alpha,full,huber,7.5654032483864215,-3.4227352690206785,-1.5368938729336263,8.413848531878164,-3.735547369137883,-1.3196837791263112,8.509038585181852,-3.7690203158811633,-1.2860290253850395,183.30652829689762,0.013192372396588326,250,2.467194437980652,1.0,1.0,disabled,single,3,row_3,row_2,-0.07709074765443802,-0.8186413049697876,0.6229069054699525,0.29673708791521264,0.8579672490634337,0.7415505573153496,0.3962674531281614,1,28,0,disabled,0,0.0,50.0,alpha
360,0.300847589969635,-0.03740052506327629,-29.339052200317383,-0.5775768160820007,0.5254351496696472,0.3556334972381592,107,21,20,0.020734939724206924,0.5033557046979865,0.3,120,148,wall,both,1,1,1,1,1,1,0.0,3,3,0,alpha,full,huber,9.047212036849757,-3.76009012771108,-0.5117119838198985,8.67320053198489,-4.065443544356751,-1.1694390373638208,8.659745591423345,-4.151672151911734,-1.2310216508543852,141.94816761882447,0.020734941586852074,196,0.9701079726219177,1.0,1.0,disabled,single,3,row_2,row_3,-0.5775768160820007,-1.4644038677215576,0.648540968619048,0.2671734637862124,0.8419526831931964,0.8868270516395569,-0.14454671329278146,1,29,0,disabled,0,0.0,50.0,alpha
364,3.364691734313965,-4.623202800750732,-35.95397186279297,-0.1440456658601761,0.7957311272621155,0.028594017028808594,84,22,39,0.020847560837864876,0.5084745762711864,0.3,120,145,wall,both,1,1,1,1,1,1,0.0,3,3,0,alpha,full,huber,7.961115004579881,-4.549860603144928,-1.1704652933463613,8.566458527394733,-4.300453212774732,-1.2066690853617887,8.650818075387146,-4.332760813493952,-1.218683230191774,128.79431081120717,0.020847560837864876,169,4.177003383636475,0.7182182355304241,1.0,disabled,single,3,row_3,row_2,-0.1440456658601761,-0.6750522255897522,0.5897352255914503,0.34677186225853746,0.8537292815780803,0.5310065597295761,0.3840359471336542,1,30,0,disabled,0,0.0,50.0,alpha
368,3.4853382110595703,-4.92232608795166,0.0,-0.07363328337669373,0.5701953172683716,0.01841270923614502,0,0,0,0.01150828693062067,0.5,0.3,0,0,wall,both,1,1,1,1,1,1,0.0,0,0,0,alpha,full,huber,7.786531951030744,-4.882511378911856,-1.602374151961075,8.499864564449753,-4.839586402572001,-1.3277548808565984,8.670547550688218,-4.845291059300287,-1.2738852061996546,170.6265166317005,0.01150828693062067,207,4.318207740783691,0.6947326715355162,1.0,disabled,single,3,row_3,row_2,-0.07363328337669373,-0.8683843612670898,0.6285120141299524,0.2838948904248713,0.8626414992318086,0.7947510778903961,0.3907668521970578,0,30,0,disabled,0,0.0,50.0,alpha
372,2.1101441383361816,-1.839962124824524,0.0,-0.17952321469783783,0.8987836837768555,0.0015192031860351562,0,0,0,0.014421424828469753,0.5,0.3,0,0,wall,both,1,1,1,1,1,1,0.0,0,0,0,alpha,full,huber,8.833028948607149,-4.6298148128302845,-1.3271851292330206,8.618109313143849,-5.191477723415203,-1.3251883125658204,8.724716008528283,-5.281127512723604,-1.3003122256644577,182.63846088768864,0.014421422965824604,229,2.870873212814331,1.0,1.0,disabled,single,3,row_2,row_3,-0.17952321469783783,-0.6003900170326233,0.5724567125101738,0.37580497258829243,0.8403473750171184,0.42086680233478546,0.3782949430505267,1,31,0,disabled,0,0.0,50.0,alpha
376,2.114837884902954,-1.8481568098068237,0.0,-0.01429957989603281,0.19890347123146057,0.03673464059829712,0,0,0,0.016710985451936722,0.5,0.3,0,0,wall,both,1,1,1,1,1,1,0.0,0,0,0,alpha,full,huber,7.575742355812113,-5.699960106939156,-1.6390735780660943,8.701890181207027,-6.309273608690603,-1.374315816018011,8.885627562587132,-6.416683714601828,-1.349239810526837,190.43524899378863,0.016710985451936722,250,2.983959913253784,1.0,1.0,disabled,single,3,row_3,row_2,-0.01429957989603281,-1.2223618030548096,0.6637128538745994,0.19830125886689684,0.8662001154759984,1.2080622231587768,0.395606092126736,1,32,0,disabled,0,0.0,50.0,alpha
380,1.8552768230438232,-1.4223356246948242,0.0,-0.04725874960422516,0.4610929489135742,0.0017715692520141602,0,0,0,0.009938754141330719,0.5,0.3,0,0,wall,both,1,1,1,1,1,1,0.0,0,0,0,alpha,full,huber,9.487136930941931,-5.673472188129458,-1.3136992990532725,9.142387990501776,-6.349438402039379,-1.268127037195691,9.039145278136393,-6.494657138035413,-1.3089917282717654,201.3428935411197,0.009938755072653294,250,3.037566900253296,0.9876325686027975,1.0,disabled,single,3,row_2,row_3,-0.04725874960422516,-0.9578931331634521,0.6446145101378133,0.2593084023174497,0.8581208379486713,0.910634383559227,0.39184404995235794,1,33,0,disabled,0,0.0,50.0,alpha
384,0.4426361918449402,-0.08096148818731308,0.0,-0.013947195373475552,0.13405904173851013,0.049382150173187256,0,0,0,0.008370855823159218,0.5,0.3,0,0,wall,both,1,1,1,1,1,1,0.0,0,0,0,alpha,full,huber,10.317243816206231,-6.676189486529585,-1.0302158926903013,9.70860331898253,-6.579999448105635,-1.1478767043610436,9.424053187118716,-6.7245945514644125,-1.2297944984189075,188.59574278333974,0.008370855823159218,250,1.41568922996521,1.0,1.0,disabled,single,3,row_2,row_1,-0.013947195373475552,-1.2441887855529785,0.6700572468672104,0.19580544949223386,0.8570398833132968,1.230241590179503,0.38644493178831385,0,33,0,disabled,0,0.0,50.0,alpha
388,1.2631251811981201,-0.6592914462089539,0.0,-0.2271120846271515,1.0109312534332275,0.001104891300201416,0,0,0,0.006859108805656433,0.5,0.3,0,0,wall,both,1,1,1,1,1,1,0.0,0,0,0,alpha,full,huber,9.977196736792132,-7.679088888149737,-1.3928041607722677,9.806099022535797,-7.165222923585136,-1.1706623015947903,9.706921106863128,-7.203725866616043,-1.2023114694246808,216.35584820201498,0.006859108805656433,250,2.1007543802261353,1.0,1.0,disabled,single,3,row_2,row_3,-0.2271120846271515,-1.2631698846817017,0.6570212813133627,0.23314454115977118,0.8580553881213487,1.0360578000545502,0.19292678474601932,0,33,0,disabled,0,0.0,50.0,alpha
392,1.0251619815826416,-0.43427979946136475,0.0,-0.28697535395622253,1.0993105173110962,0.06718438863754272,0,0,0,0.008248472586274147,0.5,0.3,0,0,wall,both,1,1,1,1,1,1,0.0,0,0,0,alpha,full,huber,11.022611638633737,-7.4001086338398965,-0.9771441507896226,10.32121378280019,-7.350772899914186,-1.0827347520761137,10.072385938920561,-7.428286177373062,-1.144058055975596,188.32005131464197,0.008248472586274147,250,1.9435319900512695,1.0,1.0,disabled,single,3,row_2,row_1,-0.28697535395622253,-0.8851830363273621,0.6047494530573394,0.33248892880264586,0.8440230620113844,0.5982076823711395,0.21596567994736604,0,33,0,disabled,0,0.0,50.0,alpha
396,0.34295621514320374,-0.0486028790473938,0.0,-0.3368287980556488,1.2272930145263672,0.022720277309417725,0,0,0,0.007485638372600079,0.5,0.3,0,0,wall,both,1,1,1,1,1,1,0.0,0,0,0,alpha,full,huber,11.082199722576284,-7.5256929515651905,-1.1322178832785048,10.648973701345188,-7.556648896709989,-1.0530232053371948,10.412623725020508,-7.606710531302646,-1.0925250698842364,207.99580857795135,0.007485639303922653,250,0.9258498549461365,1.0,1.0,disabled,single,3,row_2,row_1,-0.3368287980556488,-0.8915673494338989,0.5973633506243351,0.34301939967548073,0.8429085651132388,0.5547385513782501,0.17840092516104455,0,33,0,disabled,0,0.0,50.0,alpha
400,1.9483708143234253,-1.56865656375885,0.0,-0.06130794808268547,0.525229811668396,0.0010281205177307129,0,0,0,0.015114161185920238,0.5,0.3,0,0,wall,both,1,1,1,1,1,1,0.0,0,0,0,alpha,full,huber,10.21577353301717,-7.2137632071969096,-1.3911413927919327,10.738106722435484,-7.601153095847536,-1.2126546839241956,10.645349854344172,-7.738928987495928,-1.2310723821973275,166.46231202859704,0.01511415932327509,250,2.7654404640197754,1.0,1.0,disabled,single,3,row_2,row_3,-0.06130794808268547,-1.4519596099853516,0.6732018628470278,0.1675687253249888,0.8583006955721163,1.390651661902666,0.33440210143418153,0,33,0,disabled,0,0.0,50.0,alpha
404,4.204772472381592,-6.706047058105469,0.0,-1.295819878578186,1.2774208784103394,0.47815603017807007,0,0,0,0.011222179979085922,0.5,0.3,0,0,wall,both,1,1,1,1,1,1,0.0,0,0,0,alpha,full,huber,9.510178224030332,-7.774850078027014,-2.367576616662586,10.705675170027174,-8.13870728635,-1.847196098297129,10.78320694424921,-8.243533515925721,-1.8183893526790136,203.99039749535595,0.011222179979085922,250,5.715652942657471,0.5248744159412103,1.0,disabled,single,3,row_2,row_3,-1.295819878578186,-1.7117631435394287,0.5675212970665826,0.3744038439685667,0.854592038871761,0.4159432649612427,-0.7293428761180839,0,33,0,disabled,0,0.0,50.0,alpha
408,0.2626025378704071,-0.02849590592086315,0.0,-0.5514453649520874,1.05770742893219,0.27238696813583374,0,0,0,0.00947495922446251,0.5,0.3,0,0,wall,both,1,1,1,1,1,1,0.0,0,0,0,alpha,full,huber,10.422224544276762,-7.720000500833939,-2.101751746310064,10.711418190448704,-8.219627918646154,-2.055527480448769,10.715933783939448,-8.355715676994672,-2.07902831157398,197.39971585527417,0.009474960155785084,250,1.0577993988990784,1.0,1.0,disabled,single,3,row_2,row_1,-0.5514453649520874,-1.8454428911209106,0.6670420234786498,0.18288463084207085,0.865423238365058,1.2939975261688232,-0.14654313361704002,0,33,0,disabled,0,0.0,50.0,alpha
412,1.1188105344772339,-0.5172467231750488,0.0,-0.5164110064506531,1.5243728160858154,0.002729475498199463,0,0,0,0.011853892356157303,0.5,0.3,0,0,wall,both,1,1,1,1,1,1,0.0,0,0,0,alpha,full,huber,12.213510113551783,-7.734062815556871,-1.4308657217147456,11.002398233092944,-8.251944564482562,-2.0323073615154055,10.839142010285032,-8.339777278986423,-2.10545734307238,193.17866411000537,0.011853892356157303,250,2.5630712509155273,1.0,1.0,disabled,single,3,row_1,row_2,-0.5164110064506531,-1.157971978187561,0.6485676294937892,0.34145138533724106,0.6937123525373725,0.641560971736908,-0.08342201182274567,1,34,0,disabled,0,0.0,50.0,alpha
416,0.2904765009880066,-0.03486636281013489,0.0,-0.3410566747188568,0.9507924318313599,0.18531262874603271,0,0,0,0.010273859836161137,0.5,0.3,0,0,wall,both,1,1,1,1,1,1,0.0,0,0,0,alpha,full,huber,10.456231809906804,-7.600445096690883,-1.9643979069812518,10.750809159643525,-8.289309096959087,-2.172659244636469,10.759744859723847,-8.374034917784298,-2.222897374698555,204.81003072967695,0.010273859836161137,250,1.0903800129890442,1.0,1.0,disabled,single,3,row_2,row_1,-0.3410566747188568,-1.5828193426132202,0.6678130765304772,0.19291422130875288,0.8616209724271422,1.2417626678943634,0.06269029543828769,1,35,0,disabled,0,0.0,50.0,alpha
420,2.5452306270599365,-2.6769418716430664,-42.19121170043945,-1.8683550357818604,2.294644832611084,0.4136127233505249,36,0,84,0.013764993287622929,0.5555555555555556,0.3,120,120,wall,both,1,1,1,1,1,1,0.0,1,1,0,alpha,full,huber,9.901883422701975,-8.966759802519748,-2.2899963086754442,10.416383925399852,-8.549019642698893,-2.6388395151703112,10.496139982837462,-8.581922045159665,-2.616141616314958,191.85899629094087,0.013764994218945503,250,3.3429592847824097,0.8974084768714936,1.0,disabled,single,3,row_2,row_3,-1.8683550357818604,-2.514401435852051,0.6064444955012565,0.3178459425657161,0.863014845205925,0.6460464000701904,-1.3682129649222035,0,35,0,disabled,0,0.0,50.0,alpha
424,0.885501503944397,-0.3240136206150055,-33.109153747558594,-2.4997198581695557,1.2583750486373901,0.7254089713096619,46,0,50,0.036547474563121796,0.6097560975609756,0.3,96,96,wall,both,1,1,1,1,1,1,0.0,3,3,0,alpha,full,huber,10.131507165674382,-7.946790787768858,3.0884330080808837,10.125120016517926,-8.395658842401106,-3.0496053365153113,10.245127416650124,-8.5267703216583,-2.9246482834425427,115.43065946840181,0.036547474563121796,250,1.6560262441635132,1.0,1.0,disabled,single,3,row_2,row_3,-2.4997198581695557,-3.799882411956787,0.6901347124736935,0.18805307940054447,0.8266398899442171,1.3001625537872314,-2.128851393191881,0,35,0,disabled,0,0.0,50.0,alpha
428,0.2623172104358673,-0.028434017673134804,-31.755535125732422,-1.6287386417388916,1.1150377988815308,0.5756298303604126,50,0,70,0.023147493600845337,0.5555555555555556,0.3,120,120,wall,both,1,1,1,1,1,1,0.0,3,3,0,alpha,full,huber,9.972813989971513,-7.784389792946458,2.9283312244928457,9.837984587368247,-8.231939017749097,2.857571463569592,9.879506775518756,-8.415072454020887,2.9680781088042387,157.15627608896486,0.023147493600845337,250,0.6529877781867981,1.0,1.0,disabled,single,3,row_2,row_3,-1.6287386417388916,-2.7462809085845947,0.674507097791172,0.22061959565830022,0.835518061878406,1.1175422668457031,-1.2349655613902244,0,35,0,disabled,0,0.0,50.0,alpha
432,2.9950857162475586,-3.706834077835083,-43.217716217041016,-0.47914761304855347,1.4644111394882202,0.025200307369232178,23,6,92,0.01042931992560625,0.5535055350553506,0.3,113,121,wall,both,1,1,1,1,1,1,0.0,3,3,0,alpha,full,huber,8.707170172443666,-8.136384153061512,1.99644342850919,9.005389538991949,-8.090531635985144,2.044019262530963,9.054881588850968,-8.184870490845213,2.102054392365485,182.3633877966823,0.01042931992560625,229,3.412203073501587,0.879197379340443,1.0,disabled,single,3,row_3,row_2,-0.47914761304855347,-0.9514279961585999,0.5811013372363956,0.3623623859248414,0.8456987020196123,0.4722803831100464,0.06368250563955347,1,36,0,disabled,0,0.0,50.0,alpha
436,2.8771698474884033,-3.4207053184509277,-44.783050537109375,-0.5026472806930542,1.428628921508789,0.10967463254928589,20,11,101,0.011104429140686989,0.5319148936170213,0.3,105,132,wall,both,1,1,1,1,1,1,0.0,5,5,0,alpha,full,huber,7.508280490065064,-8.531318270653554,2.244205487066532,8.321001037356218,-7.150828355572566,1.606945339739403,8.398822011620112,-7.175822095104988,1.608975190893542,189.9181139484241,0.011104429140686989,250,3.818525791168213,0.7856435085337479,1.0,disabled,single,3,row_3,row_4,-0.5026472806930542,-1.4597270488739014,0.6509087902139665,0.2499572134496299,0.8551747250986955,0.9570797681808472,-0.07326152690534798,0,36,0,disabled,0,0.0,50.0,alpha
440,1.9984352588653564,-1.6503071784973145,-43.58427810668945,-0.04445243626832962,0.4352988600730896,0.023967385292053223,83,1,46,0.014012545347213745,0.5357142857142857,0.3,120,130,wall,both,1,1,1,1,1,1,0.0,7,7,0,alpha,full,huber,7.6988218598682625,-5.1269936763458634,1.9937878018205089,8.201089657673583,-5.902130993562343,1.587976392516555,8.278443082946776,-5.975777541983615,1.6013656183079465,151.99652625445933,0.014012545347213745,202,3.0750831365585327,0.97558337995292,1.0,disabled,single,3,row_3,row_2,-0.04445243626832962,-0.9894917011260986,0.645178871016151,0.2507580005709052,0.8650701248114421,0.945039264857769,0.39377524495906807,0,36,0,disabled,0,0.0,50.0,alpha
444,1.1747301816940308,-0.5702442526817322,-35.90633010864258,-0.11876125633716583,0.715876042842865,0.034567296504974365,68,11,82,0.008964459411799908,0.48231511254019294,0.3,120,161,wall,both,1,1,1,1,1,1,0.0,6,6,0,alpha,full,huber,6.861503369632584,-6.768443557105691,2.035166339721666,8.038115810898912,-5.283423264534037,1.6017936074469945,8.148042204721794,-5.294818252357398,1.5916966992588968,202.03530491633865,0.008964459411799908,250,1.4550784826278687,1.0,1.0,disabled,single,3,row_3,row_4,-0.11876125633716583,-0.6980441808700562,0.5999959408413869,0.33617772561241804,0.8485937109046561,0.5792829245328903,0.39207113271606453,0,36,0,disabled,0,0.0,50.0,alpha
448,1.5985299348831177,-1.055908203125,-35.27058792114258,-0.18561136722564697,0.9107947945594788,0.017622411251068115,76,20,55,0.04299303889274597,0.4983388704318937,0.3,120,151,wall,both,1,1,1,1,1,1,0.0,8,8,0,alpha,full,huber,6.607100911141952,-6.496500098033511,1.96242052590609,7.601008016178187,-5.129346112017707,1.7506429420948038,7.8689237867602895,-4.944120064520742,1.6619205769885586,98.00620253380755,0.04299304261803627,250,3.944847822189331,0.7604856093878535,1.0,disabled,single,3,row_3,row_4,-0.18561136722564697,-0.5441220998764038,0.5603748324139463,0.39154293241686644,0.8375969335035771,0.35851073265075684,0.3935380083414777,0,36,0,disabled,0,0.0,50.0,alpha
452,1.208042860031128,-0.6030444502830505,-33.81433868408203,-0.1735648810863495,0.8835071921348572,0.004988372325897217,85,32,52,0.011959371156990528,0.47021943573667707,0.3,120,169,wall,both,1,1,1,1,1,1,0.0,7,7,0,alpha,full,huber,6.43412798848522,-5.523799911293491,1.8743330520899546,6.983002090438786,-4.410383797926409,1.8940170853631693,7.37492263340263,-4.118685429231942,1.7724337939847796,178.85490476923226,0.011959371156990528,250,3.127784252166748,0.959145439114534,1.0,disabled,single,3,row_3,row_4,-0.1735648810863495,-0.5552086234092712,0.5648332304292295,0.3856332459890998,0.838957967722139,0.38164374232292175,0.39765987770170685,0,36,0,disabled,0,0.0,50.0,alpha
456,0.3360963463783264,-0.04667799919843674,-33.88982391357422,-0.09017971158027649,0.6318972706794739,0.018832921981811523,112,27,28,0.01201647613197565,0.47318611987381703,0.3,120,167,wall,both,1,1,1,1,1,1,0.0,10,10,0,alpha,full,huber,6.399284456516358,-3.836415222391267,1.9257962565801332,6.5914518164855185,-3.8394602939541405,1.9470274776296514,6.923517468234292,-3.687168388902074,1.876424083016759,181.3586684050151,0.01201647613197565,250,1.285510241985321,1.0,1.0,disabled,single,3,row_3,row_4,-0.09017971158027649,-0.7784417271614075,0.6155454024911275,0.30927990012730017,0.8561815637933299,0.688262015581131,0.395066859280768,0,36,0,disabled,0,0.0,50.0,alpha
460,1.6374046802520752,-1.1078901290893555,-28.171594619750977,-0.16140782833099365,0.828122615814209,0.04698532819747925,124,4,34,0.01239900104701519,0.4807692307692307,0.3,120,162,wall,both,1,1,1,1,1,1,0.0,9,9,0,alpha,full,huber,8.398145312964845,-1.8330026380881592,2.050491315165404,6.7769072655875515,-3.3195422319877514,1.8841428066455637,6.796113773147925,-3.331893165512316,1.8764888682214131,210.25906906783268,0.01239900104701519,250,2.925975203514099,1.0,1.0,disabled,single,3,row_2,row_3,-0.16140782833099365,-0.6413124203681946,0.5810128068088367,0.3595553780897084,0.8510359139765443,0.4799045920372009,0.38157465134193347,1,37,0,disabled,0,0.0,50.0,alpha
464,1.9994350671768188,-1.65195894241333,-25.76950454711914,-0.1459994912147522,0.8094915151596069,0.009680390357971191,109,3,21,0.012806175276637077,0.5300353356890459,0.3,120,133,wall,both,1,1,1,1,1,1,0.0,9,9,0,alpha,full,huber,8.483168064404586,-2.2234270459629446,1.8819873219346128,6.923512015904535,-2.859105826611095,1.8083699197305374,6.7953004025183485,-2.891077299142816,1.8478545272409281,202.21943499949074,0.012806176207959652,250,3.4542911052703857,0.8684849969427154,1.0,disabled,single,3,row_2,row_3,-0.1459994912147522,-0.6442170143127441,0.5847037441822276,0.3552734503579923,0.8502881956566214,0.49821752309799194,0.39065048901086785,0,37,0,disabled,0,0.0,50.0,alpha
468,1.088847279548645,-0.4899125397205353,-22.475967407226562,-0.27597081661224365,1.113919734954834,0.007566094398498535,98,0,29,0.0131193483248353,0.5415162454873647,0.3,120,127,wall,both,1,1,1,1,1,1,0.0,6,6,0,alpha,full,huber,5.611838394831259,-2.149585779061074,1.8572275497397923,6.5774863902162295,-2.3989294173255375,1.8573404742945305,6.627535665781261,-2.438028905529743,1.8584868607864689,182.2784778294838,0.0131193483248353,250,2.2898857593536377,1.0,1.0,disabled,single,3,row_3,row_4,-0.27597081661224365,-0.42260706424713135,0.5171104868780716,0.4465807842558856,0.821426836957714,0.1466362476348877,0.3835279029991715,1,38,0,disabled,0,0.0,50.0,alpha
472,1.1909030675888062,-0.5860537886619568,-23.272052764892578,-0.21992361545562744,0.9546951055526733,0.06525558233261108,112,0,16,0.008850517682731152,0.539568345323741,0.3,120,128,wall,both,1,1,1,1,1,1,0.0,8,8,0,alpha,full,huber,8.229352395533837,-1.3696846464211165,2.0235159918171934,6.702363279010674,-1.9160762607162807,1.883239899550888,6.621675263946768,-2.030806223953221,1.8753499225154773,199.7658701759776,0.008850517682731152,250,1.4418541193008423,1.0,1.0,disabled,single,3,row_2,row_3,-0.21038788557052612,-0.5712029933929443,0.560145973306151,0.39048216989494344,0.8403649267863769,0.3608151078224182,0.36916997703192944,1,39,0,disabled,0,0.0,50.0,alpha
476,2.9560935497283936,-3.6109459400177,-19.662458419799805,-0.2644297480583191,1.0906517505645752,0.0047400593757629395,114,0,21,0.015685442835092545,0.5263157894736842,0.3,120,135,wall,both,1,1,1,1,1,1,0.0,9,9,0,alpha,full,huber,5.605977668138521,-1.9709387894843249,1.8315413174355566,6.047271412308523,-1.539923320959967,1.919304840002472,6.251642475561887,-1.521851378228054,1.9026975683824787,164.52381357007005,0.015685442835092545,250,3.9386250972747803,0.7616871181965922,1.0,disabled,single,3,row_3,row_4,-0.2644297480583191,-0.4363630712032318,0.5228367915732637,0.4402470427805979,0.8220297824682052,0.17193332314491272,0.38405617756178145,1,40,0,disabled,0,0.0,50.0,alpha
480,3.776191473007202,-5.643449783325195,-34.70563888549805,-0.13176892697811127,0.3831099569797516,0.15586018562316895,115,0,12,0.022359460592269897,0.5415162454873647,0.3,120,127,wall,both,1,1,1,1,1,1,0.0,7,7,0,alpha,full,huber,3.951985947206537,-2.915279502589023,2.3068839739327807,5.294582325606799,-1.0667016527989643,1.9807750858738737,5.663347336017423,-0.9757943233534805,1.948430781385749,170.26705359467311,0.022359458729624748,250,5.585047245025635,0.5371485447454313,1.0,disabled,single,3,row_4,row_5,-0.13176892697811127,-1.0932621955871582,0.6465561087997839,0.2471923341519144,0.865643490942592,0.9614932686090469,0.30432636900460575,1,41,0,disabled,0,0.0,50.0,alpha
484,0.39882540702819824,-0.06572797894477844,-22.479900360107422,-0.2179253250360489,0.9872376918792725,0.018112480640411377,109,0,23,0.01458799559623003,0.5319148936170213,0.3,120,132,wall,both,1,1,1,1,1,1,0.0,8,8,0,alpha,full,huber,5.610164811197767,-1.4147476178284468,1.950519296433174,5.322136221760104,-0.8139684543787273,1.9330435695014316,5.436734823019018,-0.7536894173171509,1.9336898547508277,176.49315461763712,0.01458799559623003,250,1.2901741862297058,1.0,1.0,disabled,single,3,row_3,row_4,-0.2179253250360489,-0.5145943760871887,0.5494409474775436,0.40839394135261453,0.8282626543696204,0.29666905105113983,0.3809286517962259,1,42,0,disabled,0,0.0,50.0,alpha
488,1.7097938060760498,-1.2080144882202148,-24.610092163085938,-0.16663029789924622,0.8435868620872498,0.04560309648513794,104,6,20,0.014725033193826675,0.5357142857142857,0.3,120,130,wall,both,1,1,1,1,1,1,0.0,11,11,0,alpha,full,huber,5.709911104915832,-1.1717293892972767,2.0630655826952715,5.373917156735916,-0.5917423849949396,2.003891121255006,5.329407524259195,-0.47277785110184223,1.981513565204983,173.11459341092416,0.01472503412514925,250,2.6482847929000854,1.0,1.0,disabled,single,3,row_3,row_4,-0.16663029789924622,-0.630544126033783,0.5815351518298103,0.36567961904935614,0.8383826817596383,0.46391382813453674,0.3754535606849896,0,42,0,disabled,0,0.0,50.0,alpha
492,0.6516210436820984,-0.17545866966247559,-29.608497619628906,-0.3329951763153076,1.2240638732910156,0.002818286418914795,99,30,25,0.011091980151832104,0.49342105263157904,0.3,120,154,wall,both,1,1,1,1,1,1,0.0,9,9,0,alpha,full,huber,5.037899567286903,0.036518951218157625,1.8009680924222646,4.848841539248179,0.26381077995656854,2.0482743306915703,4.842897825680682,0.46092551241806407,1.9925925872977999,176.16711437509508,0.011091981083154678,250,1.2591389417648315,1.0,1.0,disabled,single,3,row_4,row_3,-0.3329951763153076,-0.3744144141674042,0.49392321266085665,0.4738831760536552,0.8129113563873737,0.04141923785209656,0.37238003751872917,1,43,0,disabled,0,0.0,50.0,alpha
496,0.8614705801010132,-0.30666592717170715,-41.97977828979492,-0.15171870589256287,0.6214087605476379,0.1270725131034851,134,5,15,0.012287119403481483,0.49342105263157904,0.3,120,154,wall,both,1,1,1,1,1,1,0.0,5,5,0,alpha,full,huber,2.5644121032250418,3.2723651149931854,2.254165079750077,3.8210403747688977,2.5655101158650675,2.0160146183640646,3.8477285157584395,2.592356540806929,1.9912759459111937,153.71833260721212,0.012287119403481483,196,2.450676441192627,1.0,1.0,disabled,single,3,row_4,row_5,-0.15171870589256287,-0.8272720575332642,0.6129440246997536,0.31191174101307717,0.8579122282239717,0.6755533516407013,0.3377629550262143,0,43,0,disabled,0,0.0,50.0,alpha
500,0.8731328248977661,-0.3150251805782318,-30.933256149291992,-0.19424547255039215,0.933778703212738,0.010849356651306152,90,0,45,0.012140518054366112,0.5263157894736842,0.3,120,135,wall,both,1,1,1,1,1,1,0.0,3,3,0,alpha,full,huber,3.9022159657018696,4.619879157832889,1.6133696460534477,3.2465326591812764,4.953763316410843,1.9342024522662107,3.0227189947382263,4.945852081968262,1.9705183898495848,195.10560939565988,0.012140518054366112,250,2.0294500589370728,1.0,1.0,disabled,single,3,row_4,row_3,-0.19424547255039215,-0.5557370185852051,0.5590533955017057,0.3894569925883231,0.8450914698171268,0.3614915460348129,0.3872648181573122,0,43,0,disabled,0,0.0,50.0,alpha
504,3.3436238765716553,-4.570968151092529,-27.34147071838379,-0.24505309760570526,1.0500819683074951,0.0019081830978393555,98,0,44,0.011621055193245411,0.5136986301369862,0.3,120,142,wall,both,1,1,1,1,1,1,0.0,3,3,0,alpha,full,huber,4.225219608008418,5.7527301930909465,1.822107627098636,3.424622990241421,5.631202299609381,1.8899134322351634,3.0866968840900757,5.612752633307515,1.9381310415493989,188.72525587089837,0.011621055193245411,250,4.145166397094727,0.7237345169310083,1.0,disabled,single,3,row_3,row_4,-0.24505309760570526,-0.4769083559513092,0.535113640772874,0.4243777076656991,0.8282216988511347,0.23185525834560394,0.38022304437722243,1,44,0,disabled,0,0.0,50.0,alpha
508,2.792604923248291,-3.2225794792175293,-33.46532440185547,-0.3117387890815735,1.1843986511230469,0.0011486411094665527,82,0,62,0.012873680330812931,0.5102040816326531,0.3,103,144,wall,both,1,1,1,1,1,1,0.0,6,6,0,alpha,full,huber,3.8207680039279337,6.472870336435073,1.7801460993708123,3.252614167272161,6.676075630544126,1.8846763602024914,2.949150902928583,6.717450980257697,1.909917207120115,186.89621430490996,0.012873680330812931,250,3.6004605293273926,0.8332267429579167,1.0,disabled,single,3,row_4,row_3,-0.3117387890815735,-0.39189642667770386,0.502436136544351,0.46373390299961864,0.8167359040279079,0.08015763759613037,0.37654794949816384,1,45,0,disabled,0,0.0,50.0,alpha
512,3.4931604862213135,-4.941720485687256,-33.901065826416016,-0.22792786359786987,1.01164710521698,0.011056900024414062,91,0,67,0.00912973191589117,0.48701298701298706,0.3,118,158,wall,both,1,1,1,1,1,1,0.0,4,4,0,alpha,full,huber,3.5216461412002142,7.212686113609063,1.8810564361804003,3.1992605351001897,7.250591257400137,1.913118111983478,2.9493303708704817,7.33802830342477,1.9380340858571339,203.36571606683427,0.00912973191589117,250,4.068690299987793,0.7373380077635795,1.0,disabled,single,3,row_4,row_3,-0.22792786359786987,-0.4975135028362274,0.5427652358211638,0.4145075713582661,0.8314294322286099,0.26958563923835754,0.38315053549307676,0,45,0,disabled,0,0.0,50.0,alpha
516,0.6830329895019531,-0.1927826851606369,0.0,-0.08686225116252899,0.6251674294471741,0.0015798211097717285,0,0,0,0.00961981900036335,0.5,0.3,0,0,wall,both,1,1,1,1,1,1,0.0,0,0,0,alpha,full,huber,5.467043566257719,8.310469395366956,1.7094642483470635,3.437727405161265,8.511461585197097,1.7636046196774593,2.9580693840367434,8.536822872049953,1.8540128352897831,191.57040193182246,0.00961981900036335,250,3.5243475437164307,0.8512213857423648,1.0,disabled,single,3,row_3,row_2,-0.08686225116252899,-0.8053333759307861,0.6264326179444202,0.305384027337351,0.8383434914920728,0.7184711247682571,0.38085181242908156,1,46,0,disabled,0,0.0,50.0,alpha
520,0.18200497329235077,-0.013688351958990097,0.0,-0.2536068856716156,1.0180742740631104,0.07552069425582886,0,0,0,0.00766384694725275,0.5,0.3,0,0,wall,both,1,1,1,1,1,1,0.0,0,0,0,alpha,full,huber,2.107697541753336,7.888285650678083,2.1233407409180716,2.512119359655036,8.418159355601913,1.9058856204866212,2.7105860432279085,8.561700588974395,1.880019839433416,194.98266434543422,0.00766384694725275,250,1.5908498764038086,1.0,1.0,disabled,single,3,row_4,row_5,-0.2536068856716156,-1.148287057876587,0.6081942736068714,0.2485922956585254,0.9267808113327042,0.8946801722049713,0.24365403342419029,1,47,0,disabled,0,0.0,50.0,alpha
524,1.5212377309799194,-0.9562662243843079,0.0,-0.6446620225906372,1.7003198862075806,0.023206055164337158,0,0,0,0.007891424000263214,0.5,0.3,0,0,wall,both,1,1,1,1,1,1,0.0,0,0,0,alpha,full,huber,2.794784822969969,8.647896417647862,1.516358348651874,2.309058417263881,9.052091040083406,1.8724265222265788,2.3876602485050973,9.189283478511848,1.8768806677168834,220.80515573365474,0.007891424000263214,250,2.5757808685302734,1.0,1.0,disabled,single,3,row_4,row_3,-0.6446620225906372,-0.8360592722892761,0.4846449833405519,0.4002219947716478,0.9664240070554507,0.19139724969863892,0.07967662660404817,0,47,0,disabled,0,0.0,50.0,alpha
528,0.5857325196266174,-0.1417696624994278,0.0,-0.09478351473808289,0.6529208421707153,0.00346219539642334,0,0,0,0.008355943486094475,0.5,0.3,0,0,wall,both,1,1,1,1,1,1,0.0,0,0,0,alpha,full,huber,4.380581873965728,10.094914959536325,1.8227741086724967,2.572037954029903,9.543212373147945,1.8091589482677901,2.4207000989977283,9.553419162750394,1.8433706825915586,213.10923330568153,0.008355943486094475,250,2.77836275100708,1.0,1.0,disabled,single,3,row_3,row_2,-0.09478351473808289,-1.6985793113708496,0.7936490464288345,0.15962791246948566,0.6194630226527431,1.6037957966327667,0.13633040772739546,1,48,0,disabled,0,0.0,50.0,alpha
532,0.5450155735015869,-0.122744619846344,0.0,-0.7896451950073242,1.8850358724594116,0.0015346407890319824,0,0,0,0.006546847056597471,0.5,0.3,0,0,wall,both,1,1,1,1,1,1,0.0,0,0,0,alpha,full,huber,2.820396516179353,10.057929517829868,1.794945599941033,2.4453926663491212,9.925737426291075,1.7965528620813564,2.3798220479275027,9.929983686715012,1.8200110940460164,199.39005915279367,0.006546847056597471,250,1.1280202269554138,1.0,1.0,disabled,single,3,row_3,row_4,-0.7896451950073242,-2.140904188156128,0.7080909339678729,0.18333471577212737,0.7965072563240564,1.3512589931488037,-0.4444624392792081,0,48,0,disabled,0,0.0,50.0,alpha
536,1.3299857378005981,-0.730934739112854,0.0,-1.3436280488967896,2.4530272483825684,0.03972381353378296,0,0,0,0.0082360515370965,0.5,0.3,0,0,wall,both,1,1,1,1,1,1,0.0,0,0,0,alpha,full,huber,2.6779278827906503,10.989085449815969,2.0223433180295878,2.6746657805681835,10.353269959132511,1.7412773247644224,2.4933647080143473,10.274744516026942,1.7799595305849252,210.20924845596258,0.0082360515370965,250,2.2028024196624756,1.0,1.0,disabled,single,3,row_3,row_5,-1.3436280488967896,-3.300750494003296,0.8030268290566861,0.11343904898289993,0.6304300856476888,1.9571224451065063,-1.1242608943327752,0,48,0,disabled,0,0.0,50.0,alpha
540,0.5513999462127686,-0.12563714385032654,0.0,-0.6630009412765503,1.727282166481018,0.0001875758171081543,0,0,0,0.008996359072625637,0.5,0.3,0,0,wall,both,1,1,1,1,1,1,0.0,0,0,0,alpha,full,huber,0.6106722569765696,10.01027587477297,1.7616687455680031,2.3958273455271755,10.513318460559852,1.772019842807195,2.410415511675571,10.555056933208549,1.7776001738080414,212.948797916829,0.008996359072625637,250,2.0442060232162476,1.0,1.0,disabled,single,3,row_5,row_4,-0.6630009412765503,-2.8859798908233643,0.847544905354452,0.091777289318316,0.5294236018519347,2.222978949546814,-0.4975894858142976,1,49,0,disabled,0,0.0,50.0,alpha
544,1.4070394039154053,-0.8180826306343079,0.0,-1.1600269079208374,2.2768330574035645,0.044365644454956055,0,0,0,0.008913739584386349,0.5,0.3,0,0,wall,both,1,1,1,1,1,1,0.0,0,0,0,alpha,full,huber,0.6145592249459015,10.625918239827694,2.0412913775731685,2.0978355162357913,10.680520491817566,1.869558800905426,2.2278208085147586,10.74316661940588,1.8350590652757077,216.104016380491,0.008913739584386349,250,2.5713160037994385,1.0,1.0,disabled,single,3,row_5,row_4,-1.1600269079208374,-3.8088138103485107,0.8785821704543664,0.06214824228734041,0.4538667301040462,2.6487869024276733,-1.0305810671426323,0,49,0,disabled,0,0.0,50.0,alpha
548,1.4940050840377808,-0.9223352074623108,0.0,-0.47961559891700745,1.4429582357406616,0.06438547372817993,0,0,0,0.010653545148670673,0.5,0.3,0,0,wall,both,1,1,1,1,1,1,0.0,0,0,0,alpha,full,huber,3.2858517341881535,10.043984453278252,1.3787369070396043,2.016529380269559,10.72208860275561,1.893854898626096,2.0881163328574974,10.858495590015604,1.9005748868412038,203.11022131167084,0.010653545148670673,250,2.2521620988845825,1.0,1.0,disabled,single,3,row_3,row_4,-0.47961559891700745,-2.2434494495391846,0.8129072591994094,0.13932135623046585,0.5882711634247493,1.7638338506221771,-0.2724773506504887,1,50,0,disabled,0,0.0,50.0,alpha
552,0.6356551647186279,-0.16696591675281525,-40.696773529052734,-1.7253079414367676,2.73480486869812,0.12450653314590454,47,0,32,0.013733262196183205,0.6550218340611353,0.3,79,79,wall,both,1,1,1,1,1,1,0.0,1,1,0,alpha,full,huber,2.028892809211882,10.370917198169298,2.243877717297705,1.733451819614574,10.87556048549579,2.112984261551218,1.8565304804796452,11.025535684627389,2.058378468238149,188.7729105134417,0.013733262196183205,250,0.9927460849285126,1.0,1.0,disabled,single,3,row_3,row_5,-1.7253079414367676,-2.0049779415130615,0.46877413182989636,0.35440880283452686,1.029149323136777,0.27967000007629395,-0.9676737196512499,0,50,1,disabled,0,0.0,50.0,alpha
556,0.8729289174079895,-0.31487807631492615,0.0,-1.751593828201294,2.8049397468566895,0.02808290719985962,0,0,0,0.013149517588317394,0.5,0.3,0,0,wall,both,1,1,1,1,1,1,0.0,0,0,0,alpha,full,huber,3.9522608300588,12.211279950984324,1.501985934456048,1.7572393209779522,11.826481827142903,2.5364730503736883,1.5568395927262384,11.897537557361296,2.593228262084696,185.07990054010025,0.013149518519639969,250,3.5443179607391357,0.8464251890579187,1.0,disabled,single,3,row_3,row_2,-1.751593828201294,-3.4372951984405518,0.8378785442638488,0.15527097005229548,0.4715498378634031,1.6857013702392578,-1.5747117039511083,0,50,1,disabled,0,0.0,50.0,alpha
560,3.999563694000244,-6.197265625,-48.01968002319336,-0.26324301958084106,1.0846340656280518,0.02108091115951538,8,1,75,0.01692783087491989,0.641025641025641,0.3,83,84,wall,both,1,1,1,1,1,1,0.0,3,3,0,alpha,full,huber,-0.8009691131542754,9.493635000845915,-1.6049876629616884,1.2183040683736681,12.013393184768269,-2.8615239228466205,1.008463911609116,12.18704611048597,-2.852168833883253,120.03779518597607,0.01692783273756504,250,4.429110527038574,0.6773369013226868,1.0,disabled,single,3,row_5,row_6,-0.26324301958084106,-1.263339638710022,0.7172860559735421,0.2638492993104901,0.6647884191045537,1.000096619129181,0.06903753605977969,1,51,0,disabled,0,0.0,50.0,alpha
564,1.2941137552261353,-0.6920374035835266,-49.97443389892578,-6.6507720947265625,4.346572399139404,0.7751367092132568,7,0,113,0.019186275079846382,0.5555555555555556,0.3,120,120,wall,both,1,1,1,1,1,1,0.0,2,2,0,alpha,full,huber,0.7192121344631666,12.764353866873698,-2.743284940613295,0.8992377649298502,11.995640639982948,-2.367289228761091,0.7150316303479841,12.0202265006548,-2.3479972516944905,129.00850887455337,0.019186275079846382,250,2.302575945854187,1.0,1.0,disabled,single,3,row_5,row_3,-6.6507720947265625,-8.199037551879883,0.8000327071980391,0.1701001112921479,0.5846628720726597,1.5482654571533203,-6.427669426574174,0,51,1,disabled,0,0.0,50.0,alpha
568,1.0826188325881958,-0.48432379961013794,-48.92730712890625,-0.719273030757904,1.7530136108398438,0.09439820051193237,4,3,99,0.04806864261627197,0.5859375,0.3,99,106,wall,both,1,1,1,1,1,1,0.0,10,10,0,alpha,full,huber,0.5269428905346096,10.087461714412047,-0.9612918103712143,0.24764154642059136,11.10076301161508,-1.400174223157892,0.1828946015430315,11.257119418655218,-1.4276948072990203,88.1126391899369,0.04806864261627197,250,2.4080846309661865,1.0,1.0,disabled,single,3,row_5,row_4,-0.719273030757904,-3.1048591136932373,0.8551122427870266,0.07870027545641078,0.5136254715141595,2.3855860829353333,-0.5627504902097913,0,51,0,disabled,0,0.0,50.0,alpha
572,0.7681344151496887,-0.24381425976753235,-49.442012786865234,-0.613500714302063,1.5757207870483398,0.12299501895904541,31,0,87,0.025561198592185974,0.5597014925373135,0.3,104,118,wall,both,1,1,1,1,1,1,0.0,12,12,0,alpha,full,huber,0.7064698208997456,9.756949307729625,-0.8980881848515727,0.28364489539720833,10.581200789798885,-1.152010690909443,0.24907759938244028,10.80944918891885,-1.217732688282783,88.20440434137078,0.025561198592185974,250,1.7805399298667908,1.0,1.0,disabled,single,3,row_5,row_4,-0.613500714302063,-2.544203519821167,0.82457170108108,0.11960101113725875,0.574125814347495,1.930702805519104,-0.4206095366447298,0,51,0,disabled,0,0.0,50.0,alpha
576,0.47777873277664185,-0.09432748705148697,-42.64576721191406,-0.32930028438568115,1.217252254486084,0.002840399742126465,23,0,83,0.030250953510403633,0.5859375,0.3,96,106,wall,both,1,1,1,1,1,1,0.0,12,12,0,alpha,full,huber,0.13487314451460358,9.677203703500146,-1.3239030081628134,0.4357745859005369,10.0991328875824,-1.049930535157606,0.42101669167833167,10.241021857702872,-1.0869064835774775,120.5843096373436,0.03025095723569393,224,0.774263471364975,1.0,1.0,disabled,single,3,row_5,row_6,-0.32930028438568115,-2.384769916534424,0.8311780024294261,0.10641795816918476,0.56522759614649,2.0554696321487427,-0.14438898000369632,0,51,0,disabled,0,0.0,50.0,alpha
580,2.8371496200561523,-3.3262057304382324,-36.322689056396484,-0.18295304477214813,0.9059852361679077,0.011618554592132568,47,0,61,0.030876468867063522,0.5813953488372093,0.3,88,108,wall,both,1,1,1,1,1,1,0.0,10,10,0,alpha,full,huber,0.4108799576142059,9.110229732484301,-1.2467065235870791,0.756729791033235,9.617251073027553,-0.922820611947987,0.6643459119008952,9.78553355030637,-0.9906100573537184,139.53470468473077,0.03087647072970867,250,3.5141292810440063,0.8536965376267363,1.0,disabled,single,3,row_5,row_4,-0.18295304477214813,-2.0294442176818848,0.7917147396117251,0.12492455271147172,0.6518731736617793,1.8464911729097366,0.050601084532893414,0,51,0,disabled,0,0.0,50.0,alpha
584,1.4216490983963013,-0.8351595997810364,-40.098018646240234,-0.2578187882900238,1.0733072757720947,0.02112412452697754,45,5,93,0.01391238160431385,0.5119453924914675,0.3,120,143,wall,both,1,1,1,1,1,1,0.0,12,12,0,alpha,full,huber,0.47891231108217713,9.285066937770138,-1.193384030860605,0.6811009876738662,9.295437975096254,-1.0163073884741538,0.7857852319077925,9.367986837826118,-0.9890626524554085,182.15671137070171,0.013912382535636425,250,2.0720704793930054,1.0,1.0,disabled,single,3,row_5,row_4,-0.2578187882900238,-2.140932321548462,0.8020876551671325,0.12201016541737901,0.6292564463224259,1.883113533258438,-0.037281406921675864,0,51,0,disabled,0,0.0,50.0,alpha
588,0.20895034074783325,-0.018041424453258514,-32.4022216796875,-0.19278088212013245,0.9292733073234558,0.01469278335571289,70,1,58,0.01320390310138464,0.5376344086021506,0.3,120,129,wall,both,1,1,1,1,1,1,0.0,13,13,0,alpha,full,huber,0.6749745157899889,8.407940095243037,-1.227658717585223,0.6974422047926332,8.659442265774842,-1.1706190856116456,0.9267934560189358,8.732136224840113,-1.0769378013804531,158.14170213696235,0.01320390123873949,240,0.8537299335002899,1.0,1.0,disabled,single,3,row_5,row_4,-0.19278088212013245,-1.2359422445297241,0.6932397099150639,0.244255419430404,0.7715721831993204,1.0431613624095917,0.17359855572898208,0,51,0,disabled,0,0.0,50.0,alpha
592,1.7007567882537842,-1.1952784061431885,-40.46637725830078,-0.7041436433792114,1.4904321432113647,0.2270967960357666,70,1,76,0.020379018038511276,0.5050505050505051,0.3,120,147,wall,both,1,1,1,1,1,1,0.0,13,13,0,alpha,full,huber,2.5152166458597516,8.456940263058065,-0.721988322875387,1.160863750126065,8.236922615690405,-1.101973668330812,1.177846395627908,8.235589831677828,-1.082186930732675,135.86532374710075,0.020379018038511276,202,3.228168249130249,0.9293195919414289,1.0,disabled,single,3,row_4,row_3,-0.7041436433792114,-1.2936099767684937,0.5367622246703221,0.29770077712923354,0.9924158366437112,0.5894663333892822,-0.08194357624886395,1,52,0,disabled,0,0.0,50.0,alpha
596,5.34250020980835,-9.526860237121582,-27.832324981689453,-0.3225051164627075,1.204500436782837,0.004958927631378174,101,0,40,0.040981587022542953,0.5154639175257733,0.3,113,141,wall,both,1,1,1,1,1,1,0.0,10,10,0,alpha,full,huber,1.3643446978852034,7.227142316859894,-1.3097511325490976,1.369307725599766,7.594312996857532,-1.1588874732613803,1.3908116481784358,7.694421176800934,-1.1115071762212514,75.77973509819871,0.040981587022542953,153,5.8545451164245605,0.512422389842669,1.0,disabled,single,3,row_4,row_5,-0.3225051164627075,-0.4399930536746979,0.5087871409067047,0.45238871587206353,0.8287697904637338,0.11748793721199036,0.3532204241880813,0,52,0,disabled,0,0.0,50.0,alpha
600,1.121847152709961,-0.520058274269104,-37.775001525878906,-0.2458176612854004,1.0316039323806763,0.04780358076095581,71,0,77,0.0133096594363451,0.5033557046979865,0.3,118,148,wall,both,1,1,1,1,1,1,0.0,12,12,0,alpha,full,huber,3.1786199753753706,7.777168293470382,-1.0989313948863906,1.717444875634879,7.169583613589153,-1.0940448521267496,1.6803931146693794,7.17669687498931,-1.0965694161515458,151.31315970392285,0.0133096594363451,180,1.8477239608764648,1.0,1.0,disabled,single,3,row_4,row_3,-0.2458176612854004,-0.6658092141151428,0.5644182674436158,0.370852360309149,0.867891219105247,0.41999155282974243,0.3261420321121262,0,52,0,disabled,0,0.0,50.0,alpha
604,0.7425642013549805,-0.22785191237926483,-40.18975067138672,-0.15419253706932068,0.8283330798149109,0.020515739917755127,49,39,70,0.008030814118683338,0.48701298701298706,0.3,110,158,wall,both,1,1,1,1,1,1,0.0,14,14,0,alpha,full,huber,3.2567535455080936,7.382544925998252,-1.2064705765158121,2.130342620332612,6.822793846728313,-1.0793847128337266,2.020441608818816,6.775558971315371,-1.0927260469916336,222.15812204453277,0.008030814118683338,250,1.797730803489685,1.0,1.0,disabled,single,3,row_4,row_3,-0.15419253706932068,-0.6605381369590759,0.5859698705892403,0.353160551267417,0.8511494789603553,0.5063455998897552,0.38029436903434255,0,52,0,disabled,0,0.0,50.0,alpha
608,1.2264668941497803,-0.6215789914131165,-36.313575744628906,-0.287284791469574,0.9571273922920227,0.14320826530456543,80,22,50,0.012011359445750713,0.49668874172185423,0.3,113,152,wall,both,1,1,1,1,1,1,0.0,15,15,0,alpha,full,huber,1.6383251742584735,6.550938349483073,-0.8675998965640903,2.1353356084987913,6.231192967504161,-1.037272056575479,2.2273350883799177,6.214958649823394,-1.0651098275649131,182.2514249267906,0.012011359445750713,250,1.923997163772583,1.0,1.0,disabled,single,3,row_4,row_5,-0.287284791469574,-0.601585865020752,0.5507265192827101,0.4021950931127048,0.8387130090981237,0.314301073551178,0.30923213681484674,0,52,0,disabled,0,0.0,50.0,alpha
612,3.2616124153137207,-4.3676347732543945,-31.76349639892578,-0.2953498959541321,0.8158868551254272,0.19004899263381958,110,9,31,0.016082502901554108,0.5,0.3,106,150,wall,both,1,1,1,1,1,1,0.0,14,14,0,alpha,full,huber,1.8736587086395766,5.984512080868328,-0.7826530514201062,2.593992364373455,5.63926838740014,-0.9658103575658818,2.612737286453296,5.56216823242728,-1.015186951513007,192.07673957061712,0.016082502901554108,250,3.660208582878113,0.8196254208116811,1.0,disabled,single,3,row_4,row_5,-0.2953498959541321,-0.7402478456497192,0.5746702253267475,0.3683002143336078,0.8495661424887111,0.44489794969558716,0.25860902792770424,0,52,0,disabled,0,0.0,50.0,alpha
616,0.693183958530426,-0.1985553801059723,-31.378665924072266,-0.17442941665649414,0.8824360966682434,0.018430352210998535,99,15,24,0.010411256924271584,0.5208333333333334,0.3,101,138,wall,both,1,1,1,1,1,1,0.0,14,14,0,alpha,full,huber,3.763283167667635,5.07039686170102,-1.1884970968040667,3.2008225557170564,4.853141652915839,-0.982073649712814,3.194816696824205,4.743715437513714,-1.0188226937053404,211.02415431245677,0.010411256924271584,250,1.0734310746192932,1.0,1.0,disabled,single,3,row_4,row_3,-0.17442941665649414,-0.593485414981842,0.5697248335460914,0.37468943060339477,0.8489782547401166,0.4190559983253479,0.38817236622220896,0,52,0,disabled,0,0.0,50.0,alpha
620,3.7632901668548584,-5.6114630699157715,-22.76913070678711,-0.30190446972846985,1.1655770540237427,0.0001226663589477539,106,0,32,0.018343551084399223,0.5208333333333334,0.3,106,138,wall,both,1,1,1,1,1,1,0.0,12,12,0,alpha,full,huber,1.957441456963943,3.5827937028020034,-1.4127169231004237,3.1246376893926966,3.990008264011319,-1.135781756918277,3.3608703011175622,4.040237523035877,-1.077424658998555,165.3765840262018,0.018343551084399223,250,5.081841230392456,0.590337215192439,1.0,disabled,single,3,row_4,row_5,-0.30190446972846985,-0.380588173866272,0.5022974938997116,0.46428976802249317,0.815651808515526,0.07868370413780212,0.38665824776014124,0,52,0,disabled,0,0.0,50.0,alpha
624,3.5740411281585693,-5.1422505378723145,-22.783470153808594,-0.2931874692440033,1.148626685142517,0.00013554096221923828,102,1,32,0.009823829866945744,0.5263157894736842,0.3,120,135,wall,both,1,1,1,1,1,1,0.0,6,6,0,alpha,full,huber,2.090649946605087,2.921880723658977,-1.380586652622623,2.91541731139011,3.395747763707453,-1.2778615700741918,3.2581045356965714,3.4949040583789364,-1.1828491016383658,201.43048415908453,0.009823830798268318,250,4.919755697250366,0.6097863765220475,1.0,disabled,single,3,row_4,row_5,-0.2931874692440033,-0.3900906443595886,0.5064125276728391,0.4596422337222526,0.816684965737294,0.09690317511558533,0.3872162005237232,0,52,0,disabled,0,0.0,50.0,alpha
628,1.4701759815216064,-0.8931477069854736,-30.361034393310547,-0.2676067054271698,1.0973725318908691,0.0004474520683288574,83,21,35,0.009286066517233849,0.5190311418685121,0.3,118,139,wall,both,1,1,1,1,1,1,0.0,7,7,0,alpha,full,huber,2.1394068629057497,2.940571794077343,-1.367135506633216,2.6060270751238286,2.692794191671215,-1.3821309684492917,3.0494798019248033,2.8065326046317853,-1.2822000905111506,194.90287607337478,0.009286067448556423,250,2.2518714666366577,1.0,1.0,disabled,single,3,row_4,row_5,-0.2676067054271698,-0.42087623476982117,0.5184272615365104,0.44475795024738995,0.8224948267145974,0.15326952934265137,0.3893488420591035,0,52,0,disabled,0,0.0,50.0,alpha
632,1.7118600606918335,-1.2109359502792358,-21.74062156677246,-0.20256410539150238,0.928844690322876,0.05153763294219971,111,7,8,0.01649368554353714,0.5434782608695653,0.3,110,126,wall,both,1,1,1,1,1,1,0.0,13,13,0,alpha,full,huber,1.8777241092147499,1.863229200116365,-1.0712783223319304,2.1708276522597942,2.187539756103014,-1.4886025219316001,2.6467675116177736,2.373709549243907,-1.3855316680963967,172.7889205960081,0.01649368554353714,250,2.3731335401535034,1.0,1.0,disabled,single,3,row_5,row_4,-0.20256410539150238,-0.545839250087738,0.5566096483725929,0.394882810548732,0.839809979012982,0.34327514469623566,0.38332699016724336,1,53,0,disabled,0,0.0,50.0,alpha
636,2.346519947052002,-2.27527117729187,-29.817163467407227,-0.2694578766822815,1.1009541749954224,0.0050057172775268555,90,7,43,0.0113832401111722,0.5172413793103449,0.3,120,140,wall,both,1,1,1,1,1,1,0.0,10,10,0,alpha,full,huber,2.2059184540191166,1.0097908477488575,-1.490923726986091,2.157811757416238,1.6124608649586951,-1.4179375710380162,2.4383223683522317,1.8008222183201466,-1.397807392488459,193.62937828178633,0.0113832401111722,250,3.0872726440429688,0.9717314749601512,1.0,disabled,single,3,row_5,row_4,-0.2694578766822815,-0.4334183931350708,0.520649159962784,0.4419142687154798,0.8236844447720397,0.1639605164527893,0.3832209847646375,0,53,0,disabled,0,0.0,50.0,alpha
640,0.24824656546115875,-0.025465436279773712,-25.312124252319336,-0.350179523229599,1.132122278213501,0.12654048204421997,109,16,16,0.013593458570539951,0.5154639175257733,0.3,120,141,wall,both,1,1,1,1,1,1,0.0,12,12,0,alpha,full,huber,2.256778644553391,2.125393930317388,-0.8669542935321415,2.233993479654325,1.374977553999253,-1.3536271787542131,2.375196903050952,1.3644822204804317,-1.3719118826772918,180.94923588788856,0.013593458570539951,250,1.2852025628089905,1.0,1.0,disabled,single,3,row_4,row_5,-0.350179523229599,-0.47890445590019226,0.513576477336728,0.4515445409657633,0.8182888965442832,0.12872493267059326,0.31617680400364123,1,54,0,disabled,0,0.0,50.0,alpha
644,0.6676023006439209,-0.18417060375213623,-23.406494140625,-0.2604469358921051,1.0825681686401367,0.0017674565315246582,95,12,31,0.01720980927348137,0.5208333333333334,0.3,102,138,wall,both,1,1,1,1,1,1,0.0,13,13,0,alpha,full,huber,2.336126732271657,0.19141158537427672,-1.4502879227491703,2.3249057864841314,0.8061056403277684,-1.3888825326251302,2.394794203514803,0.8632988795701652,-1.3767373749023273,170.24352958699694,0.017209811136126518,250,1.455222725868225,1.0,1.0,disabled,single,3,row_5,row_4,-0.2604469358921051,-0.44282960891723633,0.5240260082192227,0.43666165225267606,0.8276725532209641,0.18238267302513123,0.38576702599456614,1,55,0,disabled,0,0.0,50.0,alpha
648,2.27516770362854,-2.1390035152435303,-36.715023040771484,-0.1121932864189148,0.5836973190307617,0.09454095363616943,94,8,34,0.01803239807486534,0.5244755244755245,0.3,120,136,wall,both,1,1,1,1,1,1,0.0,6,6,0,alpha,full,huber,0.6070751842744916,0.38615816993070484,-1.829160726775882,2.2497836052260904,-0.13097189573439974,-1.4649485173485046,2.4282682410448837,-0.17308311016713612,-1.4183443564676794,147.6322618410476,0.01803239807486534,218,3.5140199661254883,0.8537230946094367,1.0,disabled,single,3,row_5,row_6,-0.1121932864189148,-0.8645619750022888,0.6240363097029719,0.2940764791636853,0.8591025893698725,0.752368688583374,0.3593534372601294,0,55,0,disabled,0,0.0,50.0,alpha
652,1.768996238708496,-1.293118953704834,-24.820629119873047,-0.2558232843875885,1.0729421377182007,3.522634506225586e-05,85,11,39,0.00946062058210373,0.5263157894736842,0.3,120,135,wall,both,1,1,1,1,1,1,0.0,5,5,0,alpha,full,huber,2.445276263825333,-0.46228283160996536,-1.3992154805647061,2.6477158972614427,-0.6092390545809011,-1.3355829812250897,2.582443024478962,-0.6804722009936413,-1.3784631541010086,192.57530369154247,0.00946062058210373,250,2.0600913763046265,1.0,1.0,disabled,single,3,row_5,row_4,-0.2558232843875885,-0.44461843371391296,0.5252303656815133,0.4348676834316812,0.8288629867900261,0.18879514932632446,0.38809503646957233,0,55,0,disabled,0,0.0,50.0,alpha
656,1.3393466472625732,-0.7412601113319397,-28.32154655456543,-0.031728774309158325,0.3716083765029907,0.01597386598587036,109,2,18,0.010541683994233608,0.5376344086021506,0.3,120,129,wall,both,1,1,1,1,1,1,0.0,4,4,0,alpha,full,huber,1.935025411843176,-1.5758144855492136,-1.2118463144380334,2.5322101761093627,-1.813871130556182,-1.3911776661561193,2.6716713063315978,-1.8343364626732377,-1.3652673158486228,185.6297761386582,0.010541683994233608,250,2.2676018476486206,1.0,1.0,disabled,single,3,row_5,row_4,-0.031728774309158325,-0.9727470278739929,0.6444475070378082,0.25148293086743945,0.865765489101657,0.9410182535648346,0.4076331331859324,0,55,0,disabled,0,0.0,50.0,alpha
660,1.6288859844207764,-1.0963923931121826,-30.695266723632812,-0.07561822980642319,0.5813928842544556,0.011103212833404541,127,24,20,0.010880942456424236,0.4672897196261683,0.3,120,171,wall,both,1,1,1,1,1,1,0.0,5,5,0,alpha,full,huber,2.466098939820936,-3.312495831818632,-1.2547230177566608,2.5335624651998234,-3.228561002971615,-1.4335579117912691,2.748549216382986,-3.2314554466402132,-1.3944835322395452,190.67108310706203,0.010880942456424236,250,2.0765289068222046,1.0,1.0,disabled,single,3,row_5,row_4,-0.07561822980642319,-0.8152408003807068,0.6202954652037389,0.29606332010728414,0.8641229879598669,0.7396225705742836,0.40194112787347147,0,55,0,disabled,0,0.0,50.0,alpha
664,1.9511027336120605,-1.5730586051940918,-32.98360061645508,-0.2811969518661499,0.7951915264129639,0.18565136194229126,113,29,12,0.010295920073986053,0.49342105263157904,0.3,120,154,wall,both,1,1,1,1,1,1,0.0,3,3,0,alpha,full,huber,3.6720707557901955,-3.719236156157918,-0.7813561053561959,3.126238276605396,-4.497100871233328,-1.1890006910613642,3.0596557944085534,-4.5505160882600455,-1.2497210816221045,189.20802871753617,0.010295920073986053,250,3.0833581686019897,0.9729651360484712,1.0,disabled,single,3,row_4,row_5,-0.2811969518661499,-0.7881444096565247,0.5862677848046535,0.3531275058414662,0.8505322875674811,0.5069474577903748,0.25278167126186213,1,56,0,disabled,0,0.0,50.0,alpha
668,1.6825759410858154,-1.1698602437973022,-32.0752067565918,-0.13171416521072388,0.7337443232536316,0.05438870191574097,99,22,33,0.011669785715639591,0.49342105263157904,0.3,120,154,wall,both,1,1,1,1,1,1,0.0,3,3,0,alpha,full,huber,3.0289519664829956,-5.682747466629179,-1.0656537942012605,3.184181601334876,-5.479630778150758,-1.2677118073408224,3.270178416011425,-5.460855831829087,-1.2478332909630778,162.0377646944721,0.011669786646962166,224,2.260080337524414,1.0,1.0,disabled,single,3,row_5,row_4,-0.13171416521072388,-0.7227563858032227,0.5979270192568326,0.3311019998436636,0.8612350214711647,0.5910422205924988,0.3825724086449702,1,57,0,disabled,0,0.0,50.0,alpha
672,0.2966890335083008,-0.03637371212244034,0.0,-0.009413828141987324,0.15569467842578888,0.0314103364944458,0,0,0,0.009159157052636147,0.5,0.3,0,0,wall,both,1,1,1,1,1,1,0.0,0,0,0,alpha,full,huber,2.653394138359594,-6.8863415977294204,-1.6482827521668262,3.4311925248544877,-7.227574145885396,-1.3590749570836964,3.6361968619612526,-7.197299935508791,-1.29190262853605,192.47872141232668,0.009159157052636147,250,1.2238309979438782,1.0,1.0,disabled,single,3,row_5,row_4,-0.009413828141987324,-1.277070164680481,0.6639328900196008,0.18689084663236258,0.8692155616984554,1.2676563365384936,0.4001603757191458,0,57,0,disabled,0,0.0,50.0,alpha
676,2.3818562030792236,-2.344313621520996,0.0,-0.2029394954442978,0.9419423341751099,0.03760385513305664,0,0,0,0.015147063881158829,0.5,0.3,0,0,wall,both,1,1,1,1,1,1,0.0,0,0,0,alpha,full,huber,1.0113624870590696,-9.0960486159792,-1.674440519561671,3.0576966062485234,-8.381567802548224,-1.4968155993520922,3.500621352712285,-8.326087967655738,-1.386993676119941,190.02053479624223,0.015147063881158829,250,4.930920600891113,0.6084056594741846,1.0,disabled,single,3,row_6,row_5,-0.2029394954442978,-0.9861727356910706,0.6303413813508993,0.2880195349541812,0.8539466902481327,0.7832332402467728,0.2585542357534326,1,58,0,disabled,0,0.0,50.0,alpha
680,3.815394163131714,-5.7406463623046875,0.0,-0.15982729196548462,0.5052707195281982,0.15892797708511353,0,0,0,0.018122343346476555,0.5,0.3,0,0,wall,both,1,1,1,1,1,1,0.0,0,0,0,alpha,full,huber,5.6049041322764905,-7.8405238400213335,-0.8219571708130147,3.575197450495903,-8.666208469051158,-1.3482410045276287,3.5833370469382047,-8.7405131515856,-1.361555304986324,166.8115106934834,0.018122343346476555,250,5.21981954574585,0.5747325120549424,1.0,disabled,single,3,row_4,row_3,-0.15982729196548462,-1.1460057497024536,0.6428480685514357,0.23978194630224053,0.8779113786005214,0.986178457736969,0.28201957599983585,1,59,0,disabled,0,0.0,50.0,alpha
684,3.70108699798584,-5.457240581512451,0.0,-1.2675613164901733,2.379997730255127,0.04645431041717529,0,0,0,0.008172390051186085,0.5,0.3,0,0,wall,both,1,1,1,1,1,1,0.0,0,0,0,alpha,full,huber,3.1446461449494127,-10.296404745045981,-1.5968682562258005,3.293860132245925,-9.550917041933772,-1.3524216664084534,3.5204260161428595,-9.531058953031497,-1.3260278518542326,212.63011415481236,0.008172390051186085,250,4.70980167388916,0.6369694963233395,1.0,disabled,single,3,row_5,row_6,-1.2675613164901733,-2.5343427658081055,0.6520977178214521,0.18372002128955395,0.8867369783202659,1.2667814493179321,-0.8400004621639916,1,60,0,disabled,0,0.0,50.0,alpha
688,0.5733644962310791,-0.13584581017494202,0.0,-0.3092361390590668,1.1748871803283691,0.024696767330169678,0,0,0,0.010461949743330479,0.5,0.3,0,0,wall,both,1,1,1,1,1,1,0.0,0,0,0,alpha,full,huber,5.092722042349456,-8.699478486288246,-1.1707849866755047,3.7507928027592916,-9.723055004708264,-1.2472972436722936,3.6788685438407596,-9.800248220001247,-1.2792252723482533,199.01155801433325,0.010461949743330479,250,1.8622345328330994,1.0,1.0,disabled,single,3,row_4,row_5,-0.3092361390590668,-1.3441147804260254,0.651726690760003,0.23153861121525243,0.8684955203403605,1.0348786413669586,0.11889385183032414,1,61,0,disabled,0,0.0,50.0,alpha
692,1.8325958251953125,-1.387771725654602,0.0,-1.0730412006378174,2.19736647605896,0.003805398941040039,0,0,0,0.015418067574501038,0.5,0.3,0,0,wall,both,1,1,1,1,1,1,0.0,0,0,0,alpha,full,huber,6.6641053827981365,-9.174188352801538,-1.4807588140322916,4.326743809741538,-10.215181852214974,-1.5021218294629541,4.109624093712456,-10.36362699920067,-1.5825048800940833,168.76105953188213,0.015418067574501038,250,4.4730706214904785,0.6706802225716627,1.0,disabled,single,3,row_4,row_3,-1.0730412006378174,-1.167298436164856,0.5051378878418407,0.4597000454631561,0.8199560083584745,0.09425723552703857,-0.3901173588923428,0,61,0,disabled,0,0.0,50.0,alpha
696,0.5543403625488281,-0.12698067724704742,0.0,-2.2763257026672363,3.200530529022217,0.0019437074661254883,0,0,0,0.007286202162504196,0.5,0.3,0,0,wall,both,1,1,1,1,1,1,0.0,0,0,0,alpha,full,huber,3.3764529586825898,-11.088002251465664,-1.3532257535716183,3.8958182459617614,-10.932627895216982,-1.709590523229811,3.9991652522586043,-10.951816126101757,-1.718673716899738,187.625246628213,0.007286202162504196,250,1.244850993156433,1.0,1.0,disabled,single,3,row_5,row_4,-2.2763257026672363,-3.5570900440216064,0.6494923031149545,0.18044511223868495,0.8905599838188081,1.2807643413543701,-1.8447614092481759,1,62,1,disabled,0,0.0,50.0,alpha
700,1.6227363348007202,-1.0881294012069702,0.0,-2.882563591003418,3.6016018390655518,0.00012069940567016602,0,0,0,0.009573175571858883,0.5,0.3,0,0,wall,both,1,1,1,1,1,1,0.0,0,0,0,alpha,full,huber,5.950129239230049,-11.05403170529334,-1.377955806456186,4.333340638386232,-11.190519261077405,-1.9777609630227544,4.137528470304727,-11.26399493716227,-2.042995105572058,195.53638406652223,0.009573175571858883,250,2.946879506111145,1.0,1.0,disabled,single,3,row_4,row_3,-2.882563591003418,-4.106083869934082,0.6623403677419964,0.19485570212689843,0.8694906775812709,1.223520278930664,-2.4705878864957906,1,63,1,disabled,0,0.0,50.0,alpha
704,1.5308616161346436,-0.9684038758277893,-49.78608322143555,-5.177104473114014,4.2956953048706055,0.513543963432312,1,0,119,0.020002469420433044,0.5555555555555556,0.3,120,120,wall,both,1,1,1,1,1,1,0.0,1,1,0,alpha,full,huber,4.518085287374922,-11.864531342035292,-2.353633964003447,4.127634597283866,-11.688507621891443,-2.5709923366678376,4.006686808198884,-11.722748377479881,-2.64271602920716,113.83704862717444,0.020002471283078194,250,1.913359522819519,1.0,1.0,disabled,single,3,row_4,row_5,-5.023008346557617,-5.177104473114014,0.5082700549851897,0.4356838144590043,0.8674521837032377,0.15409612655639648,-4.346265978204007,0,63,1,disabled,0,0.0,50.0,alpha
708,1.967264175415039,-1.5992265939712524,-49.893157958984375,-4.369172096252441,4.0237908363342285,0.43467581272125244,1,0,117,0.032658398151397705,0.5597014925373135,0.3,118,118,wall,both,1,1,1,1,1,1,0.0,2,2,0,alpha,full,huber,5.783181443803095,-11.512303536833137,-2.3634616215260813,4.465627014668824,-11.568923161466826,-2.976481537783179,4.059110538410789,-11.742298554695779,-3.0361920752903737,80.7602852463136,0.032658398151397705,250,3.9380303621292114,0.7618021508544089,1.0,disabled,single,3,row_4,row_3,-4.369172096252441,-5.930729866027832,0.7092040157769233,0.14879737287194272,0.8043477887932138,1.5615577697753906,-4.025560053858335,0,63,1,disabled,0,0.0,50.0,alpha
712,1.395680546760559,-0.8049273490905762,-49.25428009033203,-1.8094557523727417,2.853419780731201,0.005454957485198975,2,0,118,0.0340963751077652,0.5555555555555556,0.3,120,120,wall,both,1,1,1,1,1,1,0.0,3,3,0,alpha,full,huber,1.7466345573626798,-10.938610466012673,1.8467573321341462,3.8576389729424894,-11.363701112289561,2.813596594224565,3.81375011703862,-11.568300054203034,2.897192563799072,82.81847280118686,0.0340963751077652,250,2.9257127046585083,1.0,1.0,disabled,single,3,row_6,row_5,-1.8094557523727417,-2.2099432945251465,0.5707605496264934,0.3824057535209902,0.8310356713351246,0.4004875421524048,-1.2486702424255574,1,64,1,disabled,0,0.0,50.0,alpha
716,0.7075929641723633,-0.20689578354358673,-49.937164306640625,-3.4195632934570312,3.9019663333892822,0.0941159725189209,10,0,119,0.013387351296842098,0.5376344086021506,0.3,120,129,wall,both,1,1,1,1,1,1,0.0,3,3,0,alpha,full,huber,4.417037089586005,-11.477528649362275,2.2880598365485216,3.5092947200722078,-11.107755739642364,2.0813977023751367,3.2966149267587506,-11.247025312660666,2.1088904316988124,128.0633553823639,0.013387351296842098,250,1.6991378664970398,1.0,1.0,disabled,single,3,row_5,row_4,-3.4195632934570312,-3.6837570667266846,0.5388855871636523,0.41376968657037194,0.8427120135118049,0.2641937732696533,-2.801311294138624,1,65,1,disabled,0,0.0,50.0,alpha
720,1.530984878540039,-0.9685598015785217,-46.12810134887695,-1.5361742973327637,1.4503270387649536,0.5117046236991882,12,9,96,0.017434239387512207,0.5617977528089888,0.3,104,117,wall,both,1,1,1,1,1,1,0.0,4,4,0,alpha,full,huber,3.4910717068292847,-9.196388719249208,0.7900650766909538,3.1803217622995668,-9.954088224459456,1.2894807374210433,3.029506982321957,-10.250444996622413,1.535818786628628,102.91676848471472,0.017434239387512207,250,2.9890248775482178,1.0,1.0,disabled,single,3,row_5,row_4,-1.5361742973327637,-2.0075531005859375,0.545324321304943,0.3403593255429753,0.945421883528023,0.47137880325317383,-0.9297997209842259,0,65,0,disabled,0,0.0,50.0,alpha
724,2.4610674381256104,-2.5028316974639893,-40.74764633178711,-1.1752076148986816,2.2991533279418945,0.011258840560913086,29,0,91,0.012601899914443493,0.5555555555555556,0.3,120,120,wall,both,1,1,1,1,1,1,0.0,2,2,0,alpha,full,huber,2.465339448103965,-10.230588857855453,2.0009260724343605,2.8650385457248246,-9.693177095971675,1.6653353733746952,2.9617366064436146,-9.558461697575275,1.5678832481282008,164.52108776782384,0.012601900845766068,250,3.806001305580139,0.788228841540746,1.0,disabled,single,3,row_5,row_6,-1.1752076148986816,-1.7285914421081543,0.5899164764990422,0.33920245259289866,0.8656788665108908,0.5533838272094727,-0.6474332975391422,0,65,0,disabled,0,0.0,50.0,alpha
728,0.8627815842628479,-0.3076000213623047,-27.16923713684082,-0.15323784947395325,0.8272945880889893,0.016751229763031006,69,3,51,0.015083696693181992,0.5494505494505495,0.3,120,123,wall,both,1,1,1,1,1,1,0.0,3,3,0,alpha,full,huber,3.530783380073642,-8.224931120452757,1.667432743599699,2.978889066450024,-8.71101838518997,1.5736103880326724,2.971402368315026,-8.760727214771102,1.5475311113918266,156.25886851951748,0.015083696693181992,250,1.3309754729270935,1.0,1.0,disabled,single,3,row_5,row_4,-0.15323784947395325,-0.7311498522758484,0.5974104128241696,0.3351882562921342,0.8559258906875782,0.5779120028018951,0.3619130936400987,0,65,0,disabled,0,0.0,50.0,alpha
732,0.159563809633255,-0.010520913638174534,-28.77610206604004,-0.2342434525489807,1.0266915559768677,2.181529998779297e-05,84,11,56,0.017636070027947426,0.4983388704318937,0.3,120,151,wall,both,1,1,1,1,1,1,0.0,4,4,0,alpha,full,huber,1.32531402980655,-8.445983363831628,1.735649496924549,2.5921002202917522,-8.406766426468765,1.6557152268508044,2.785592323061496,-8.418679115247953,1.5860479241218561,175.67454116543388,0.017636070027947426,250,2.0523194074630737,1.0,1.0,disabled,single,3,row_6,row_5,-0.2342434525489807,-0.5065629482269287,0.5425089979101908,0.41318076117957536,0.8350644435846173,0.272319495677948,0.3773071551465197,1,66,0,disabled,0,0.0,50.0,alpha
736,0.7663640975952148,-0.24269172549247742,-37.90568542480469,-0.18251672387123108,0.8937492966651917,0.035029053688049316,59,23,73,0.00998276099562645,0.49180327868852464,0.3,120,155,wall,both,1,1,1,1,1,1,0.0,4,4,0,alpha,full,huber,3.5963032729783926,-7.655543107106795,1.5852621312616222,2.983803191352343,-7.812603802308075,1.5628050680478993,2.8819396582798857,-7.934815476444827,1.556833267707682,186.3253923836636,0.00998276099562645,250,1.0402440428733826,1.0,1.0,disabled,single,3,row_5,row_4,-0.18251672387123108,-0.5744706988334656,0.5652510667574836,0.3819600505498681,0.8453568654091553,0.3919539749622345,0.387968556723323,1,67,0,disabled,0,0.0,50.0,alpha
740,2.2870101928710938,-2.1613287925720215,-35.22774887084961,-0.3244383931159973,1.2066545486450195,0.014678597450256348,67,25,62,0.023637868463993073,0.49342105263157904,0.3,120,154,wall,both,1,1,1,1,1,1,0.0,4,4,0,alpha,full,huber,1.3576772540434598,-7.523441053461391,1.5811707527451837,2.5749952958630447,-7.467062953948121,1.5757818726009987,2.7309943292954904,-7.519984025614194,1.5447886853146837,144.1711153135322,0.023637870326638222,250,3.479502320289612,0.8621922688501897,1.0,disabled,single,3,row_6,row_5,-0.3244383931159973,-0.3372962474822998,0.48747721932784444,0.4812494320261185,0.8105910966633619,0.01285785436630249,0.3940733261040078,1,68,0,disabled,0,0.0,50.0,alpha
744,0.6620000004768372,-0.18109257519245148,-32.013309478759766,-0.30156877636909485,1.1649186611175537,0.0011436939239501953,75,23,45,0.012476322241127491,0.5119453924914675,0.3,120,143,wall,both,1,1,1,1,1,1,0.0,4,4,0,alpha,full,huber,3.8731496707056925,-6.729092232245401,1.7170459508173064,3.3091876885356593,-6.78184160662628,1.5659154701874554,3.0264707632342605,-6.905665055294726,1.5655159454565144,152.96395893424153,0.012476322241127491,250,1.3910954594612122,1.0,1.0,disabled,single,3,row_4,row_5,-0.30156877636909485,-0.42582106590270996,0.5115451978156683,0.45177472303762445,0.8231128009547981,0.12425228953361511,0.3687505578491763,1,69,0,disabled,0,0.0,50.0,alpha
748,0.9192959070205688,-0.34921693801879883,-32.25415802001953,-0.18105188012123108,0.8971019387245178,0.02326512336730957,93,23,39,0.019835691899061203,0.49180327868852464,0.3,120,155,wall,both,1,1,1,1,1,1,0.0,3,3,0,alpha,full,huber,1.5431214958661508,-6.650731771677705,1.9607401849475883,3.0146223938616297,-6.3077487785167925,1.7099299534212387,3.0218321855982806,-6.363240580042273,1.6380281210001488,156.88459039703565,0.019835690036416054,235,1.785923957824707,1.0,1.0,disabled,single,3,row_5,row_6,-0.18105188012123108,-0.5336737036705017,0.5587707612817566,0.39272808563618833,0.8390446479820564,0.35262182354927063,0.40096409696703117,1,70,0,disabled,0,0.0,50.0,alpha
752,2.9397966861724854,-3.571241617202759,-42.81364822387695,-0.15859949588775635,0.8440805673599243,0.008169054985046387,60,43,62,0.022438403218984604,0.47619047619047616,0.3,120,165,wall,both,1,1,1,1,1,1,0.0,3,3,0,alpha,full,huber,1.7319086950195557,-7.419324873315666,1.8725189150094907,2.932310670688145,-6.1764458836352345,1.7660865299375381,2.966221886638932,-6.108711290488447,1.7044493436082302,180.84739657560388,0.022438403218984604,250,4.000842809677124,0.7498420064751572,1.0,disabled,single,3,row_5,row_6,-0.15859949588775635,-0.5645191669464111,0.5693899574921674,0.37942079515333516,0.8405208474053736,0.4059196710586548,0.4045902454060345,0,70,0,disabled,0,0.0,50.0,alpha
756,2.7090706825256348,-3.0326712131500244,-34.04169464111328,-0.17813743650913239,0.895274817943573,0.0023505687713623047,115,48,31,0.01859085075557232,0.43604651162790703,0.3,120,194,wall,both,1,1,1,1,1,1,0.0,12,12,0,alpha,full,huber,1.3148564376206835,-5.340151781106625,1.8131893885029848,2.1284726609050844,-5.529059840098416,1.890766783926107,2.4914404677579913,-5.403081118286136,1.8243818638175977,158.41320520836894,0.01859085075557232,250,4.370556831359863,0.686411392359489,1.0,disabled,single,3,row_5,row_6,-0.17813743650913239,-0.5404988527297974,0.559750975476973,0.3896038999893327,0.8431231611054992,0.362361416220665,0.40212584429450127,0,70,0,disabled,0,0.0,50.0,alpha
760,0.6684730648994446,-0.18465134501457214,-29.81098175048828,-0.19568707048892975,0.9382729530334473,0.0035820603370666504,111,44,29,0.01596447080373764,0.44910179640718567,0.3,120,184,wall,both,1,1,1,1,1,1,0.0,9,9,0,alpha,full,huber,1.219328230670986,-5.04472957947015,1.829277782155212,1.8778134400650723,-5.257670280409688,1.819771490207157,2.1561007390018676,-5.220305888797288,1.8237310352000513,173.73048275213588,0.01596447080373764,250,1.1438700556755066,1.0,1.0,disabled,single,3,row_5,row_6,-0.19568707048892975,-0.5128107070922852,0.5508793749463409,0.40117278843063087,0.8405207405615879,0.3171236366033554,0.4005523435494026,0,70,0,disabled,0,0.0,50.0,alpha
764,2.6939711570739746,-2.9989590644836426,-24.355770111083984,-0.261950820684433,1.0857137441635132,0.0004811882972717285,139,16,36,0.014918319880962372,0.4398826979472141,0.3,120,191,wall,both,1,1,1,1,1,1,0.0,9,9,0,alpha,full,huber,0.9554416806493183,-4.38052188940309,1.768736417339423,1.401931885727656,-4.471357515427801,1.8549493199081193,1.6817380654190006,-4.469470326114973,1.8456702246140004,167.10897657484077,0.014918320812284946,250,3.0357569456100464,0.9882214069668015,1.0,disabled,single,3,row_5,row_6,-0.261950820684433,-0.4230043590068817,0.519208392132043,0.4419743242769752,0.8273017643085832,0.16105353832244873,0.3934991294559359,0,70,0,disabled,0,0.0,50.0,alpha
768,0.22993203997612,-0.02184658870100975,-24.375757217407227,-0.21352554857730865,0.9801650047302246,0.0027754902839660645,130,19,29,0.015348591841757298,0.4573170731707317,0.3,120,178,wall,both,1,1,1,1,1,1,0.0,9,9,0,alpha,full,huber,0.943051949797164,-3.671696688721419,1.8122351790712292,1.033581527065368,-3.5294589993417915,1.8658718384614097,1.2126250426199987,-3.4851797844438672,1.861292144031042,138.19857217923732,0.015348591841757298,218,0.48542065918445587,1.0,1.0,disabled,single,3,row_5,row_6,-0.21352554857730865,-0.4971754550933838,0.5442486578248359,0.4098356917288898,0.8381299473995376,0.28364990651607513,0.39482349639365166,0,70,0,disabled,0,0.0,50.0,alpha
772,2.064286231994629,-1.7608585357666016,-17.573148727416992,-0.14208802580833435,0.7990493774414062,0.007062792778015137,132,0,16,0.03302330523729324,0.5033557046979865,0.3,120,148,wall,both,1,1,1,1,1,1,0.0,5,5,0,alpha,full,huber,0.8819644105687924,-2.2713927487842396,1.8974488322426453,0.7674659878357107,-2.5136081444887153,1.859482822073314,0.8505820977700955,-2.5328875444263605,1.8657222358662588,73.10443635571443,0.03302330523729324,107,2.522329568862915,1.0,1.0,disabled,single,3,row_5,row_6,-0.14208802580833435,-0.6498319506645203,0.5850227979106256,0.35209706569628746,0.855128753042663,0.5077439248561859,0.39401643591389346,0,70,0,disabled,0,0.0,50.0,alpha
776,3.8427889347076416,-5.808568000793457,-23.321685791015625,-0.23251670598983765,1.022899866104126,0.00023615360260009766,107,4,27,0.03212958946824074,0.5208333333333334,0.3,120,138,wall,both,1,1,1,1,1,1,0.0,7,7,0,alpha,full,huber,0.485140813563391,-1.3972745323686553,1.7725018940181894,0.4827080175608114,-1.730639515482379,1.9268956923675011,0.5535833354504773,-1.7595871076729486,1.9080505754533252,63.99533038543988,0.032129593193531036,80,4.105243444442749,0.7307727399360658,1.0,disabled,single,3,row_5,row_6,-0.23251670598983765,-0.4905257523059845,0.538763474758457,0.4162423263550354,0.8375819485056177,0.25800904631614685,0.38596192073452706,0,70,0,disabled,0,0.0,50.0,alpha
780,2.116650104522705,-1.8513253927230835,-29.20033836364746,-0.17621465027332306,0.8600307106971741,0.05387580394744873,106,22,19,0.046535372734069824,0.5050505050505051,0.3,120,147,wall,both,1,1,1,1,1,1,0.0,5,5,0,alpha,full,huber,0.657870749742304,-1.436776943318985,2.0805154917085105,0.3731422873743028,-0.9754871078407229,1.9289281672816405,0.32435791791471813,-0.9711170909547879,1.9327894359940743,50.06350782384714,0.046535372734069824,80,2.756588935852051,1.0,1.0,disabled,single,3,row_5,row_6,-0.17621465027332306,-0.6196041107177734,0.5741864884039051,0.3685457204824481,0.8502249523933028,0.4433894604444504,0.3785863924657187,0,70,0,disabled,0,0.0,50.0,alpha
784,2.508202075958252,-2.599618911743164,-26.927379608154297,-0.23319503664970398,1.0242503881454468,0.0039653778076171875,122,9,26,0.039948996156454086,0.4885993485342019,0.3,120,157,wall,both,1,1,1,1,1,1,0.0,5,5,0,alpha,full,huber,0.20058933274217572,0.15916264581092127,1.839852080201835,0.022474559004797542,-0.39052235320314754,1.9947833813818459,0.07372328096710254,-0.4175553742627233,1.9471952936812347,60.367054352108966,0.039948996156454086,80,2.4286097288131714,1.0,1.0,disabled,single,3,row_5,row_6,-0.23319503664970398,-0.4872599244117737,0.5387626211866041,0.41788663189541886,0.8338922951644715,0.2540648877620697,0.3852851743923976,0,70,0,disabled,0,0.0,50.0,alpha
788,3.4677717685699463,-4.878773212432861,-29.841726303100586,-0.30385565757751465,1.1693280935287476,0.0010998845100402832,101,22,37,0.030808603391051292,0.48387096774193555,0.3,120,160,wall,both,1,1,1,1,1,1,0.0,7,7,0,alpha,full,huber,0.03563200823594115,0.25533736700108983,1.7976740001647968,0.082487078755252,-0.013706642706374852,1.9290385172949844,0.03225102949712563,-0.09961597972088407,1.9364136452303535,68.2936963739446,0.030808599665760994,97,3.6002037525177,0.8332861710679667,1.0,disabled,single,3,row_5,row_6,-0.30385565757751465,-0.39766478538513184,0.5053290964196805,0.4600801738606624,0.8184644427219131,0.09380912780761719,0.37868972829933667,0,70,0,disabled,0,0.0,50.0,alpha
792,0.03870011121034622,-0.000618883699644357,-29.258216857910156,-0.19967985153198242,0.9479236602783203,4.649162292480469e-05,97,6,43,0.03299364447593689,0.5067567567567568,0.3,120,146,wall,both,1,1,1,1,1,1,0.0,5,5,0,alpha,full,huber,0.13886620871602454,0.9259422388344806,1.7575101220706868,0.10640702097489718,0.46170171371897994,1.8713772370605413,0.011373616922853873,0.3324297914647974,1.9032929103527634,76.14760937412865,0.03299364447593689,117,0.6407302618026733,1.0,1.0,disabled,single,3,row_5,row_6,-0.19967985153198242,-0.5466609597206116,0.5572543509828446,0.3938777854640276,0.8403412296992356,0.34698110818862915,0.3850536472598003,0,70,0,disabled,0,0.0,50.0,alpha
796,0.919255793094635,-0.3491864502429962,-25.976577758789062,-0.2856874465942383,1.1338263750076294,0.0013043880462646484,101,10,37,0.05723358690738678,0.5033557046979865,0.3,119,148,wall,both,1,1,1,1,1,1,0.0,8,8,0,alpha,full,huber,-0.06220608837604985,0.9942128868125486,1.7989476953768389,0.10307708358130635,0.8632274729642105,1.8245553575292996,0.004175517737156936,0.7514552149076129,1.8649617036637354,52.89594310661791,0.05723358690738678,87,1.0075547695159912,1.0,1.0,disabled,single,3,row_5,row_6,-0.2856874465942383,-0.42431989312171936,0.5148992031437464,0.4482444419334705,0.8231134540242032,0.13863244652748108,0.37809667293120064,0,70,0,disabled,0,0.0,50.0,alpha
800,1.8985505104064941,-1.4894603490829468,-25.68770408630371,-0.25260859727859497,1.0661286115646362,0.0024297237396240234,116,9,27,0.046499382704496384,0.49668874172185423,0.3,120,152,wall,both,1,1,1,1,1,1,0.0,5,5,0,alpha,full,huber,-0.09099912460468122,1.5394471149562978,1.817589264628948,-0.03324227756640798,1.2591752910381186,1.8524346653173995,-0.07084775746491145,1.1911990363901293,1.8587535404365445,54.81371331341706,0.046499382704496384,80,1.7553247809410095,1.0,1.0,disabled,single,3,row_5,row_6,-0.25260859727859497,-0.46446844935417175,0.5298165036372505,0.42866291963953146,0.8317665863629575,0.21185985207557678,0.3826159546575584,0,70,0,disabled,0,0.0,50.0,alpha
804,3.1328468322753906,-4.0483808517456055,-38.085445404052734,-0.282631516456604,0.7604792714118958,0.19431400299072266,112,5,18,0.028353828936815262,0.5263157894736842,0.3,120,135,wall,both,1,1,1,1,1,1,0.0,6,6,0,alpha,full,huber,-0.7190209545279795,1.14803073281479,2.3747483901786364,-0.26006739903582454,1.609910936758519,1.9822476851460573,-0.23909891734420702,1.649184170017481,1.9276608168625353,71.32617103417688,0.02835383079946041,87,3.9412648677825928,0.7611769573070686,1.0,disabled,single,3,row_6,row_5,-0.282631516456604,-0.8306707143783569,0.5924763253300265,0.3425000203232796,0.8548214530223691,0.5480391979217529,0.24081284756345933,1,71,0,disabled,0,0.0,50.0,alpha
808,1.7771097421646118,-1.305007815361023,-22.745038986206055,-0.2519790232181549,1.0648208856582642,0.001839280128479004,121,8,31,0.03579790145158768,0.48387096774193555,0.3,113,160,wall,both,1,1,1,1,1,1,0.0,6,6,0,alpha,full,huber,-0.16407910970003187,1.9552678968150992,1.8085258007613056,-0.20627480057197195,2.0735693674514595,1.8537785227485821,-0.3009994865244741,2.071427440183209,1.8788319537678326,61.40859404339903,0.035797905176877975,117,1.9893137216567993,1.0,1.0,disabled,single,3,row_5,row_6,-0.2519790232181549,-0.46337446570396423,0.529410899867312,0.42853372348561514,0.833097393896179,0.21139544248580933,0.38401137708714217,1,72,0,disabled,0,0.0,50.0,alpha
812,0.4187329113483429,-0.07245340943336487,-23.68419075012207,-0.20417092740535736,0.9582635164260864,0.005218446254730225,108,9,25,0.020929429680109024,0.5136986301369862,0.3,120,142,wall,both,1,1,1,1,1,1,0.0,4,4,0,alpha,full,huber,-0.1592697254242667,2.5333301145807035,1.8500712438673181,-0.20310557687318026,2.728712651708231,1.824679087464341,-0.359671844320667,2.7383222535361575,1.866222821255076,88.6992457203375,0.020929429680109024,122,0.7145549952983856,1.0,1.0,disabled,single,3,row_5,row_6,-0.20417092740535736,-0.5293750762939453,0.5519039578189148,0.3986843068408451,0.8432747402969692,0.32520414888858795,0.39021030989609395,0,72,0,disabled,0,0.0,50.0,alpha
816,1.1710662841796875,-0.5666926503181458,-25.580116271972656,-0.30440855026245117,1.170376181602478,0.0017787814140319824,105,0,31,0.0382293201982975,0.5244755244755245,0.3,120,136,wall,both,1,1,1,1,1,1,0.0,4,4,0,alpha,full,huber,-0.9227573945548343,4.5708159812294085,1.8214518618971898,-0.6321189169636338,4.189600795147389,1.8342728183165788,-0.706039415171069,4.154470335571224,1.821663763745729,57.52355221458725,0.0382293201982975,80,1.8591388463974,1.0,1.0,disabled,single,3,row_6,row_5,-0.30440855026245117,-0.400546669960022,0.5054716979058198,0.45913942810992076,0.8205063944235124,0.0961381196975708,0.3778546801434388,1,73,0,disabled,0,0.0,50.0,alpha
820,3.0792078971862793,-3.915391206741333,-25.589773178100586,-0.28361332416534424,1.129711627960205,0.000797271728515625,103,0,50,0.03596366196870804,0.49504950495049505,0.3,120,153,wall,both,1,1,1,1,1,1,0.0,4,4,0,alpha,full,huber,-0.8554380749835768,5.328464162993561,1.7289730486283386,-1.1245985855734864,5.407746661424592,1.8615001647998097,-1.0966123303815611,5.488550162346039,1.826969322003361,67.20886253011525,0.03596366196870804,92,3.305167317390442,0.9076696311909004,1.0,disabled,single,3,row_5,row_6,-0.28361332416534424,-0.41974619030952454,0.5140055557333649,0.44858635648090456,0.8246107271087683,0.1361328661441803,0.3819078806002667,1,74,0,disabled,0,0.0,50.0,alpha
824,3.812385082244873,-5.733185768127441,-36.07496643066406,-0.07965092360973358,0.5713648200035095,0.04172128438949585,100,0,26,0.029992979019880295,0.5434782608695653,0.3,120,126,wall,both,1,1,1,1,1,1,0.0,2,2,0,alpha,full,huber,-3.012091550116081,6.338379180988154,2.035358296003862,-2.02178975657206,7.136159058566352,1.984596356246778,-1.8206096001011136,7.310372001353343,1.9122406006030674,109.1807224113909,0.029992979019880295,148,4.772400617599487,0.6286144522185979,1.0,disabled,single,3,row_6,row_7,-0.07965092360973358,-0.8237336277961731,0.6211500953610519,0.2951518731193176,0.8635606905992774,0.7440827041864395,0.39653160318934205,1,75,0,disabled,0,0.0,50.0,alpha
828,3.0869548320770264,-3.934598684310913,0.0,-0.27769482135772705,1.1178605556488037,0.0008881092071533203,0,0,0,0.007542092353105545,0.5,0.3,0,0,wall,both,1,1,1,1,1,1,0.0,0,0,0,alpha,full,huber,-0.7486928925362585,9.55628200848867,1.700152783695005,-2.121936306437756,8.700559319084284,1.9245960894442682,-2.2232217660710525,8.714456246652809,1.9535958985847355,199.37372930756533,0.007542092353105545,235,4.07295560836792,0.7365658476209453,1.0,disabled,single,3,row_5,row_6,-0.27769482135772705,-1.3463977575302124,0.72975042863365,0.25063549210172537,0.6538410024138153,1.0687029361724854,0.03735786051982054,1,76,0,disabled,0,0.0,50.0,alpha
832,4.60943603515625,-7.709345817565918,0.0,-0.04532221704721451,0.4514741599559784,0.002567291259765625,0,0,0,0.012417919933795929,0.5,0.3,0,0,wall,both,1,1,1,1,1,1,0.0,0,0,0,alpha,full,huber,-3.188848936285098,8.20479529137025,1.673808285621461,-2.6340620922025124,8.992729562634842,1.9922727145855057,-2.536243091187087,9.120817063691442,1.9775596413576357,198.30608257547235,0.012417921796441078,250,5.626751661300659,0.5331673015948479,1.0,disabled,single,3,row_6,row_7,-0.04532221704721451,-0.957019031047821,0.6411467890802748,0.25763957622121536,0.8662289241710648,0.9116968140006065,0.3991746311055452,1,77,0,disabled,0,0.0,50.0,alpha
836,1.0140422582626343,-0.4249098002910614,0.0,-0.421172559261322,1.2752649784088135,0.121013343334198,0,0,0,0.010785777121782303,0.5,0.3,0,0,wall,both,1,1,1,1,1,1,0.0,0,0,0,alpha,full,huber,-2.468684652920559,9.362310143301729,2.2425433942861517,-2.747664491236731,9.937108531233434,1.9348803208371155,-2.8473456651679143,10.00574404806356,1.9557372651482225,191.63984853874038,0.010785777121782303,250,2.1513731479644775,1.0,1.0,disabled,single,3,row_6,row_5,-0.421172559261322,-1.2671654224395752,0.6349337635540039,0.27246981052726876,0.8630152439363061,0.8459928631782532,0.03306203563249699,0,77,0,disabled,0,0.0,50.0,alpha
840,1.645580530166626,-1.1189815998077393,0.0,-0.5636734962463379,1.543621301651001,0.09149646759033203,0,0,0,0.010543801821768284,0.5,0.3,0,0,wall,both,1,1,1,1,1,1,0.0,0,0,0,alpha,full,huber,-2.6809861252279603,9.659793675274619,2.1765876735838265,-3.060666193742988,10.150445119992444,2.158473826665577,-3.0392694693822975,10.288542202552343,2.130058578585829,197.14547950579262,0.010543802753090858,250,2.626603841781616,1.0,1.0,disabled,single,3,row_6,row_5,-0.5636734962463379,-1.5854297876358032,0.6516353790000994,0.23456409562844344,0.8665236934826639,1.0217562913894653,-0.1354033880984023,0,77,0,disabled,0,0.0,50.0,alpha
844,1.6699227094650269,-1.1523313522338867,0.0,-1.6023218631744385,2.114840030670166,0.3860873579978943,0,0,0,0.00893841590732336,0.5,0.3,0,0,wall,both,1,1,1,1,1,1,0.0,0,0,0,alpha,full,huber,-4.988456223728442,9.80250495620396,2.631470434662452,-3.699278622288939,10.442676899315234,2.5804615096772974,-3.5327595649633388,10.626800955689308,2.5299022223634324,201.0994636671073,0.00893841590732336,250,2.4200525283813477,1.0,1.0,disabled,single,3,row_7,row_6,-1.6023218631744385,-2.2996773719787598,0.6079988805474011,0.3027227989898207,0.8799604612415745,0.6973555088043213,-1.104739624951841,1,78,0,disabled,0,0.0,50.0,alpha
848,0.021509043872356415,-0.00019117313786409795,-47.57246780395508,-3.9512674808502197,3.6554362773895264,0.49047142267227173,9,0,76,0.013848815113306046,0.6382978723404256,0.3,85,85,wall,both,1,1,1,1,1,1,0.0,3,3,0,alpha,full,huber,-3.8689110043090658,11.59619179674209,2.781639678072356,-4.327087172409567,11.151574027000967,-3.0145860888546387,-4.3739154187301335,11.20062039887983,-2.9755699697486913,137.6111800520896,0.013848815113306046,250,1.089418351650238,1.0,1.0,disabled,single,3,row_6,row_7,-3.9512674808502197,-4.836869239807129,0.6442131061217276,0.2657159344456507,0.8522526647884497,0.8856017589569092,-3.511541783360662,1,79,1,disabled,0,0.0,50.0,alpha
852,2.440007448196411,-2.4601802825927734,-49.84434127807617,-4.528970718383789,3.8197484016418457,0.5614510774612427,5,0,109,0.022168239578604698,0.5681818181818182,0.3,114,114,wall,both,1,1,1,1,1,1,0.0,1,1,0,alpha,full,huber,-3.548033251830579,11.852111172303227,2.8622931024222042,-4.643141966224518,11.154730107737185,-2.4546841571293703,-4.7937509156594285,11.129881968050464,-2.441360646380076,119.3921712582416,0.022168239578604698,250,3.9176801443099976,0.7657592987414178,1.0,disabled,single,3,row_6,row_7,-4.528970718383789,-5.828603267669678,0.6755301684061457,0.18417110941809836,0.8521230902738889,1.2996325492858887,-4.136713256657557,0,79,1,disabled,0,0.0,50.0,alpha
856,0.8518123626708984,-0.2998282313346863,-49.947998046875,-3.4671740531921387,3.8045334815979004,0.24779599905014038,3,0,126,0.01486164703965187,0.5376344086021506,0.3,119,129,wall,both,1,1,1,1,1,1,0.0,5,5,0,alpha,full,huber,-4.084820538303142,11.678679298940725,-2.1155086609503795,-4.821456690844579,10.868745939332136,-1.9147354364020188,-5.008376179441363,10.83012607128431,-1.9377661932076713,122.73077838247721,0.01486164890229702,250,1.8570718169212341,1.0,1.0,disabled,single,3,row_6,row_7,-3.4671740531921387,-4.0179123878479,0.5915695759507248,0.34105404966362596,0.8591816697938082,0.5507383346557617,-2.9421980770013345,0,79,1,disabled,0,0.0,50.0,alpha
860,1.0324182510375977,-0.4404493570327759,-49.49723815917969,-1.1096839904785156,2.2255382537841797,0.046990394592285156,2,0,119,0.021369028836488724,0.5535055350553506,0.3,112,121,wall,both,1,1,1,1,1,1,0.0,9,9,0,alpha,full,huber,-3.8612699755687037,10.043398467166593,-1.0883364385279402,-4.630624126955812,10.135145374439784,-1.3257287531887623,-4.901770495636762,10.268602546994638,-1.4433162855581558,101.65412677801257,0.021369030699133873,250,2.259084463119507,1.0,1.0,disabled,single,3,row_6,row_7,-1.1096839904785156,-1.6331727504730225,0.5885293910248225,0.34867425086635057,0.8531767435928858,0.5234887599945068,-0.579555579217814,0,79,0,disabled,0,0.0,50.0,alpha
864,0.9561376571655273,-0.37776827812194824,-49.13614273071289,-0.8417068123817444,1.9453359842300415,0.013501942157745361,6,5,98,0.016398949548602104,0.5791505791505792,0.3,96,109,wall,both,1,1,1,1,1,1,0.0,8,8,0,alpha,full,huber,-3.634118694951031,9.84825314765169,-1.2315982146250635,-4.261816559863047,9.943123856233353,-1.0785644399316408,-4.566792288621031,9.988826147891968,-1.1614698343952399,114.62691292065783,0.016398949548602104,240,1.8326109647750854,1.0,1.0,disabled,single,3,row_6,row_7,-0.8417068123817444,-1.5741716623306274,0.6201160709530759,0.29810382199412316,0.86187526050265,0.7324648499488831,-0.3638582051315504,0,79,0,disabled,0,0.0,50.0,alpha
868,4.055010795593262,-6.334737777709961,-37.42454528808594,-0.11129122972488403,0.6619212627410889,0.05841296911239624,42,0,80,0.053672146052122116,0.551470588235294,0.3,120,122,wall,both,1,1,1,1,1,1,0.0,5,5,0,alpha,full,huber,-5.056985048321902,8.344395080336353,-1.0764265746765345,-4.789501108879182,9.24774222502332,-1.0714757440120606,-4.584999009545592,9.403574419221261,-1.0004833761611054,64.56036371744254,0.05367215350270271,229,5.208767890930176,0.5759519454156871,1.0,disabled,single,3,row_7,row_6,-0.11129122972488403,-1.208841323852539,0.6555706717772938,0.21875579510763135,0.8699344877491049,1.097550094127655,0.31095793832217855,1,80,0,disabled,0,0.0,50.0,alpha
872,2.185265064239502,-1.9732990264892578,-48.28423309326172,-0.0339166559278965,0.3906685411930084,0.00040602684020996094,24,33,70,0.01780465617775917,0.5415162454873647,0.3,78,127,wall,both,1,1,1,1,1,1,0.0,8,8,0,alpha,full,huber,-5.575198298900982,7.811783297306576,-1.4484083362634843,-4.833747710189525,8.46819239976152,-0.894402457335682,-4.6132176442547665,8.785970419270296,-0.847440406421943,110.8704291633996,0.01780465617775917,250,3.8454957008361816,0.7801334947137417,1.0,disabled,single,3,row_7,row_8,-0.0339166559278965,-1.0259342193603516,0.648556614301445,0.24050280120531192,0.8674828197019165,0.9920175634324551,0.3990893227204657,0,80,0,disabled,0,0.0,50.0,alpha
876,1.4845420122146606,-0.910688042640686,-36.496212005615234,-0.3173021078109741,1.1945698261260986,0.006852626800537109,62,7,71,0.0229242704808712,0.5172413793103449,0.3,107,140,wall,both,1,1,1,1,1,1,0.0,11,11,0,alpha,full,huber,-3.829737791604522,6.735338786042943,-1.2575220814362438,-4.299548883584864,7.68318956401917,-0.7785203983287614,-4.329464923169585,8.090848339926659,-0.7730486610154061,132.96586571926863,0.02292427234351635,250,3.0501859188079834,0.9835466033402986,1.0,disabled,single,3,row_7,row_6,-0.3173021078109741,-0.38032180070877075,0.49829540135210876,0.4678620014195715,0.8170654665975403,0.06301969289779663,0.37926009459966015,0,80,0,disabled,0,0.0,50.0,alpha
880,2.4787356853485107,-2.5388970375061035,-40.95981216430664,-0.051685962826013565,0.4821164309978485,0.002863168716430664,90,4,37,0.01850118860602379,0.5338078291814947,0.3,94,131,wall,both,1,1,1,1,1,1,0.0,11,11,0,alpha,full,huber,-5.564704167186732,6.88088987038702,-1.4956012866086552,-4.211375382438915,7.288728367282523,-0.817797211234082,-4.045201670850597,7.470064961736852,-0.7549256176916916,169.66211407856787,0.01850118860602379,250,3.9116865396499634,0.7669326183453479,1.0,disabled,single,3,row_7,row_8,-0.051685962826013565,-0.8730617165565491,0.631283764788764,0.277655105062884,0.8643737667941399,0.8213757537305355,0.4083138482227477,0,80,0,disabled,0,0.0,50.0,alpha
884,3.8166768550872803,-5.743826866149902,-44.310298919677734,-0.1138271689414978,0.6926125884056091,0.04207128286361694,59,20,74,0.017893923446536064,0.49504950495049505,0.3,120,153,wall,both,1,1,1,1,1,1,0.0,11,11,0,alpha,full,huber,-4.475058882711844,7.529294585061653,-1.128810549730824,-3.849139233957171,6.8520074094919465,-0.9139738970992595,-3.592962164749,6.827783083153303,-0.824341809513788,168.23124830622024,0.017893923446536064,250,5.017245292663574,0.5979376779498354,1.0,disabled,single,3,row_7,row_6,-0.1138271689414978,-0.729226291179657,0.6025718769468175,0.3256450009382818,0.8596726958945167,0.6153991222381592,0.3927211539542088,0,80,0,disabled,0,0.0,50.0,alpha
888,0.5486435890197754,-0.12438420951366425,-28.272050857543945,-0.23088529706001282,1.0190364122390747,0.00546497106552124,85,10,50,0.012514783069491386,0.5084745762711864,0.3,120,145,wall,both,1,1,1,1,1,1,0.0,12,12,0,alpha,full,huber,-3.2807261467094566,5.2930290568693525,-1.2885857510890555,-3.24870239435338,5.83181142182781,-0.9596428389101794,-3.0811619172986724,5.9625843535194685,-0.9046962461463939,172.99521269748772,0.012514783069491386,250,1.301937997341156,1.0,1.0,disabled,single,3,row_6,row_7,-0.23088529706001282,-0.4743247926235199,0.536231263400658,0.42036611503212246,0.834639637879879,0.24343949556350708,0.3923044523357081,1,81,0,disabled,0,0.0,50.0,alpha
892,1.1084003448486328,-0.5076658129692078,-39.497650146484375,-0.10577202588319778,0.6574755311012268,0.04877728223800659,79,10,59,0.013210298493504524,0.5033557046979865,0.3,116,148,wall,both,1,1,1,1,1,1,0.0,11,11,0,alpha,full,huber,-2.919265459667282,5.325781665027199,-1.0795589469418125,-2.4451113362651995,4.771986325827729,-1.1222441837419077,-2.290168864607324,4.765488470189592,-1.0819668332126735,185.77856374962198,0.013210296630859375,250,2.102188229560852,1.0,1.0,disabled,single,3,row_6,row_7,-0.10577202588319778,-0.7474305033683777,0.6070044841259011,0.3195384787711214,0.8593828510188783,0.6416584774851799,0.3934470747093942,0,81,0,disabled,0,0.0,50.0,alpha
896,3.120973587036133,-4.018942832946777,-41.987701416015625,-0.11493544280529022,0.5669497847557068,0.10324239730834961,91,12,39,0.026907499879598618,0.5136986301369862,0.3,120,142,wall,both,1,1,1,1,1,1,0.0,10,10,0,alpha,full,huber,-5.1304197636943485,4.129447970229036,-1.8496598316531139,-2.8309798968195214,4.073743914271638,-1.3358582851176026,-2.362387201231341,4.0470037498849605,-1.2076691229874243,113.12537377713568,0.026907499879598618,250,4.662172555923462,0.6434768263110273,1.0,disabled,single,3,row_7,row_8,-0.11493544280529022,-0.902915894985199,0.6282790093146848,0.28571759644362854,0.8609369519097131,0.7879804521799088,0.34983548602460435,1,82,0,disabled,0,0.0,50.0,alpha
900,3.2299864292144775,-4.289222717285156,-39.478668212890625,-0.18634702265262604,0.9083600044250488,0.027054309844970703,120,0,32,0.015049303881824017,0.49668874172185423,0.3,120,152,wall,both,1,1,1,1,1,1,0.0,10,10,0,alpha,full,huber,-2.623074320929177,2.4123131827711624,-1.177226123738047,-2.7788750627915935,3.6093333646065746,-1.3455631845587395,-2.5356617787822877,3.7361384541374676,-1.2766774693152048,176.57485799094746,0.015049303881824017,250,4.844289064407349,0.6192859179362412,1.0,disabled,single,3,row_6,row_7,-0.18524155020713806,-0.5581181049346924,0.561770891010462,0.38691984194001594,0.8437290206840854,0.3728765547275543,0.3914196292413593,1,83,0,disabled,0,0.0,50.0,alpha
904,0.7195079326629639,-0.2139221876859665,-32.03934097290039,-0.1752852201461792,0.8696674108505249,0.04204016923904419,105,9,44,0.01708819344639778,0.48701298701298706,0.3,120,158,wall,both,1,1,1,1,1,1,0.0,12,12,0,alpha,full,huber,-5.2785670837910486,3.252058492283899,-1.68191201154549,-3.1935749180126995,2.886668936387289,-1.535235114522051,-2.7564169920675328,2.9541903030088412,-1.405990148645031,165.33408893381556,0.01708819344639778,250,3.574843645095825,0.8391975420003533,1.0,disabled,single,3,row_7,row_8,-0.1752852201461792,-0.6213167309761047,0.5757708752871611,0.36858755610178484,0.8464692101349799,0.44603151082992554,0.37676026323767864,1,84,0,disabled,0,0.0,50.0,alpha
908,3.1757850646972656,-4.154839038848877,-30.342971801757812,-0.21904103457927704,0.9928114414215088,0.0007388591766357422,104,0,43,0.012358230538666248,0.5050505050505051,0.3,120,147,wall,both,1,1,1,1,1,1,0.0,13,13,0,alpha,full,huber,-2.6022403600239845,1.7556139012478553,-1.4392509295042204,-3.0255443908435087,2.5889880000666885,-1.490059395201161,-2.8909806914555207,2.771589151537765,-1.4480247719230959,178.5211616022924,0.012358230538666248,250,4.109598875045776,0.7299982531668819,1.0,disabled,single,3,row_6,row_7,-0.21904103457927704,-0.5227758884429932,0.5494876891232016,0.40555297895137704,0.8344929435618724,0.3037348538637161,0.37972787458958523,1,85,0,disabled,0,0.0,50.0,alpha
912,0.45932283997535706,-0.08718077093362808,-30.585378646850586,-0.3129415810108185,1.1866792440414429,0.0012686848640441895,99,14,34,0.00892952736467123,0.5050505050505051,0.3,120,147,wall,both,1,1,1,1,1,1,0.0,9,9,0,alpha,full,huber,-2.9735019052253726,1.9726901115136737,-1.4179248137585996,-2.847127126745229,2.0222273471266003,-1.4898424013607714,-2.8392386253804363,2.155277909740842,-1.471267482937165,181.04861055597,0.00892952736467123,250,0.9752970337867737,1.0,1.0,disabled,single,3,row_7,row_6,-0.3129415810108185,-0.389852911233902,0.5014327824402774,0.4643126942049051,0.817923804354423,0.0769113302230835,0.3773441325729403,1,86,0,disabled,0,0.0,50.0,alpha
916,0.6725196838378906,-0.18689368665218353,-29.856666564941406,-0.15932536125183105,0.8457277417182922,0.009645223617553711,102,10,25,0.010443981736898422,0.5226480836236934,0.3,120,137,wall,both,1,1,1,1,1,1,0.0,5,5,0,alpha,full,huber,-2.3998389510862226,1.4458650944321925,-1.5398095369094864,-2.5978543181766334,1.4950380598986128,-1.4664720621887026,-2.6944332735361405,1.5836850311236048,-1.4737241154527327,195.79914192559235,0.010443982668220997,250,1.052346408367157,1.0,1.0,disabled,single,3,row_6,row_7,-0.15932536125183105,-0.6255231499671936,0.5802408922265083,0.3640333775591347,0.844588947871263,0.46619778871536255,0.3849865689910489,1,87,0,disabled,0,0.0,50.0,alpha
920,2.011770725250244,-1.67240571975708,-35.57182693481445,-0.212360218167305,0.9726044535636902,0.022935032844543457,100,8,33,0.011907818727195263,0.5154639175257733,0.3,120,141,wall,both,1,1,1,1,1,1,0.0,9,9,0,alpha,full,huber,-2.801149339195285,-0.20083434491563024,-1.619908529368619,-2.669597562130689,0.5801875931650331,-1.451940099832355,-2.645059477193221,0.7024271986723378,-1.420507734232781,162.68478801513905,0.011907818727195263,218,2.9241254329681396,1.0,1.0,disabled,single,3,row_7,row_6,-0.212360218167305,-0.5262826681137085,0.5491892566539468,0.4012243158071807,0.8445072565486402,0.3139224499464035,0.3869519489223532,1,88,0,disabled,0,0.0,50.0,alpha
924,0.14214113354682922,-0.008348803035914898,-32.810325622558594,-0.2580430507659912,1.0775814056396484,0.0008102059364318848,102,14,37,0.01540459506213665,0.49504950495049505,0.3,120,153,wall,both,1,1,1,1,1,1,0.0,7,7,0,alpha,full,huber,-2.6679402662792624,-0.3611837710388883,-1.3650672421351016,-2.6648017830103,-0.20905448534070092,-1.4086798888542615,-2.5985502011968826,-0.12563269642014963,-1.3993826017179225,132.50900395882704,0.0154045931994915,180,0.4940604418516159,1.0,1.0,disabled,single,3,row_7,row_6,-0.2580430507659912,-0.45709243416786194,0.5262045512430574,0.4312295877326854,0.8349389537733894,0.19904938340187073,0.38402221038271067,0,88,0,disabled,0,0.0,50.0,alpha
928,0.7953323125839233,-0.2613857388496399,-30.931819915771484,-0.3210909962654114,1.201981544494629,0.0028555989265441895,118,10,39,0.05231045186519623,0.47318611987381703,0.3,120,167,wall,both,1,1,1,1,1,1,0.0,7,7,0,alpha,full,huber,-2.2716226519369735,-1.9791241374853863,-1.329733821158699,-2.4617841303436494,-1.3182660571022957,-1.339119162097953,-2.444533942568869,-1.2166172621612992,-1.3634766398289175,77.46152629652391,0.05231045186519623,138,1.7055315375328064,1.0,1.0,disabled,single,3,row_7,row_6,-0.3210909962654114,-0.3923773169517517,0.4990556900014511,0.4647182797784592,0.8231843377753515,0.07128632068634033,0.37394658998306074,0,88,0,disabled,0,0.0,50.0,alpha
932,0.7528640031814575,-0.2342166304588318,-34.08810043334961,-0.23513466119766235,1.0274441242218018,0.011583685874938965,103,11,35,0.018185846507549286,0.5016722408026756,0.3,120,149,wall,both,1,1,1,1,1,1,0.0,5,5,0,alpha,full,huber,-2.0384610030241204,-1.536461468563668,-1.561715041511994,-2.132027831869414,-1.9035947598411471,-1.2563420564576826,-2.208463845042165,-1.9395692558427866,-1.3090487181036876,104.17593091070756,0.018185848370194435,133,1.3243789672851562,1.0,1.0,disabled,single,3,row_6,row_7,-0.23513466119766235,-0.5038619637489319,0.5424329031409109,0.4146094921129305,0.8320418447130482,0.26872730255126953,0.3765562208652139,1,89,0,disabled,0,0.0,50.0,alpha
936,0.9896525740623474,-0.40471577644348145,-21.081125259399414,-0.31740546226501465,1.1951253414154053,5.4895877838134766e-05,105,0,24,0.02380351349711418,0.5376344086021506,0.3,120,129,wall,both,1,1,1,1,1,1,0.0,3,3,0,alpha,full,huber,-2.106530869607885,-2.9218567813177083,-1.3638667137094571,-2.0751993161669176,-2.535567165680594,-1.254013217921063,-2.0858070491335807,-2.446697922280279,-1.2631707967611943,106.22508499521815,0.02380351349711418,164,1.568451166152954,1.0,1.0,disabled,single,3,row_7,row_6,-0.31740546226501465,-0.40388622879981995,0.5021415952392319,0.46054076522695664,0.8257051251679756,0.0864807665348053,0.37146767456791985,1,90,0,disabled,0,0.0,50.0,alpha
940,3.8893980979919434,-5.924127101898193,-22.533554077148438,-0.21451851725578308,0.9821083545684814,0.006585121154785156,134,8,15,0.028367120772600174,0.4885993485342019,0.3,120,157,wall,both,1,1,1,1,1,1,0.0,5,5,0,alpha,full,huber,-2.2119704703141383,-3.483394834601506,-1.2595228858500132,-2.0438690544913602,-3.6092032920690107,-1.318211715109877,-1.89864286141917,-3.5510517699136,-1.2758167749321243,75.96305755679666,0.028367120772600174,117,4.385699272155762,0.6840414296179887,1.0,disabled,single,3,row_7,row_6,-0.21451851725578308,-0.5480895042419434,0.5529498937344658,0.3961117634447483,0.8460894747116543,0.3335709869861603,0.3779693723842861,0,90,0,disabled,0,0.0,50.0,alpha
944,3.485474109649658,-4.922663688659668,-37.17378616333008,-0.039549339562654495,0.2687028646469116,0.07588565349578857,125,3,29,0.03250860422849655,0.4885993485342019,0.3,120,157,wall,both,1,1,1,1,1,1,0.0,4,4,0,alpha,full,huber,-3.357338819630984,-4.141668991260362,-1.7946723117493375,-2.369005900546888,-4.203674961843728,-1.5081915623853532,-2.0218645140115328,-4.245841630380486,-1.391811755874562,74.6683018023084,0.03250860795378685,117,4.474313735961914,0.6704938851041572,1.0,disabled,single,3,row_7,row_8,-0.039549339562654495,-1.081885814666748,0.6553551464792965,0.23109775942109664,0.8625030768283468,1.0423364751040936,0.38302864236073514,0,90,0,disabled,0,0.0,50.0,alpha
948,2.074826240539551,-1.7788859605789185,-33.195560455322266,-0.09045403450727463,0.6343430280685425,0.01591479778289795,103,18,31,0.014603381976485252,0.49668874172185423,0.3,120,152,wall,both,1,1,1,1,1,1,0.0,2,2,0,alpha,full,huber,-3.6070785459358916,-4.855009381484343,-1.5812335437662743,-2.7359582244916423,-4.832081702634278,-1.6062643262358283,-2.3095103594360697,-4.922560787443793,-1.4895627258640454,117.61616072440023,0.014603384770452976,143,3.797966957092285,0.7898962876435326,1.0,disabled,single,3,row_7,row_8,-0.09045403450727463,-0.7334858179092407,0.6101035965321576,0.32072914751134896,0.8509496576672604,0.6430317834019661,0.40367247134646556,0,90,0,disabled,0,0.0,50.0,alpha
952,0.7266733050346375,-0.21820418536663055,-26.78662109375,-0.2626543939113617,1.087123990058899,0.0024046897888183594,123,14,31,0.020803362131118774,0.4716981132075471,0.3,120,168,wall,both,1,1,1,1,1,1,0.0,2,2,0,alpha,full,huber,-1.820676245440277,-5.092277509625786,-1.333223588825402,-1.7657577868467635,-5.46100033584932,-1.3108376756069238,-2.0178664055827533,-5.434588544859454,-1.398801607048399,97.89718227521223,0.020803360268473625,169,1.3252869844436646,1.0,1.0,disabled,single,3,row_7,row_6,-0.2626543939113617,-0.4863683581352234,0.531736103422889,0.42514630461939745,0.8350398388413058,0.2237139642238617,0.36895356499832443,0,90,0,disabled,0,0.0,50.0,alpha
956,3.246171474456787,-4.329350471496582,-27.673070907592773,-0.28508880734443665,1.1326515674591064,5.0961971282958984e-05,101,14,44,0.025678066536784172,0.4854368932038835,0.3,120,159,wall,both,1,1,1,1,1,1,0.0,2,2,0,alpha,full,huber,-1.726962935847974,-5.339803557581747,-1.3758371228978534,-1.5746668595231506,-5.652853881013619,-1.257993103443944,-1.7684710900071507,-5.70373145187717,-1.3267574678121357,88.63441625882582,0.025678066536784172,122,3.659920334815979,0.8196899728832049,1.0,disabled,single,3,row_7,row_6,-0.28508880734443665,-0.4557022452354431,0.5209188908180219,0.4392114288950721,0.8295605104731488,0.17061343789100647,0.36707212181555127,0,90,0,disabled,0,0.0,50.0,alpha
960,0.13851666450500488,-0.007928457111120224,-28.366117477416992,-0.33278658986091614,1.2237399816513062,0.00010061264038085938,101,17,52,0.027701985090970993,0.46875,0.3,120,170,wall,both,1,1,1,1,1,1,0.0,3,3,0,alpha,full,huber,-1.556836507793698,-5.710467987283227,-1.3799304206484535,-1.5380455169111034,-5.814731278428569,-1.2736435966603583,-1.619864793644946,-5.893340934843607,-1.3071611549421782,84.17861244644291,0.027701985090970993,133,0.4108865261077881,1.0,1.0,disabled,single,3,row_7,row_6,-0.33278658986091614,-0.3941270112991333,0.4981349949155476,0.46849746603165765,0.8158240501885375,0.06134042143821716,0.3640975747029155,0,90,0,disabled,0,0.0,50.0,alpha
964,1.4660966396331787,-0.8881980776786804,-30.491378784179688,-0.23097917437553406,1.0163646936416626,0.01867997646331787,119,21,33,0.03202969580888748,0.46439628482972134,0.3,120,173,wall,both,1,1,1,1,1,1,0.0,2,2,0,alpha,full,huber,-1.6833844307431218,-6.120440857764123,-1.1721541163043268,-1.590028707298035,-6.201726916571893,-1.2611347463872056,-1.5529425087265876,-6.240200920264595,-1.2562147788094389,54.76255001986352,0.03202969953417778,80,1.7358279824256897,1.0,1.0,disabled,single,3,row_7,row_6,-0.23097917437553406,-0.5226970911026001,0.5469443423336952,0.40855605635992603,0.8342349271993126,0.29171791672706604,0.3724290581226508,0,90,0,disabled,0,0.0,50.0,alpha
968,1.3804694414138794,-0.7874776721000671,-31.71837615966797,-0.3522053062915802,1.258936882019043,0.00031113624572753906,93,20,54,0.03715955838561058,0.47318611987381703,0.3,120,167,wall,both,1,1,1,1,1,1,0.0,3,3,0,alpha,full,huber,-1.414998222229029,-6.219605188896955,-1.3906901275368493,-1.3929359725465997,-6.416020383303022,-1.286061998028049,-1.4209422879533558,-6.48791117450199,-1.3004067247155513,53.86392001918208,0.03715956211090088,80,1.6445348262786865,1.0,1.0,disabled,single,3,row_7,row_6,-0.3522053062915802,-0.3665800988674164,0.4878815114511981,0.480918481875287,0.8103850417973849,0.014374792575836182,0.3654774007224538,0,90,0,disabled,0,0.0,50.0,alpha
972,5.4212646484375,-9.72214412689209,-32.094547271728516,-0.34865593910217285,1.2525780200958252,4.231929779052734e-06,81,17,62,0.04291965812444687,0.48387096774193555,0.3,120,160,wall,both,1,1,1,1,1,1,0.0,2,2,0,alpha,full,huber,-1.3494209287037964,-6.566145871504355,-1.3628374050655248,-1.316246627734296,-6.727582602963861,-1.3446018561069648,-1.3172710780318497,-6.792911112750816,-1.3282283420798275,54.240046638192574,0.04291965812444687,80,5.6179797649383545,0.5339997873831642,1.0,disabled,single,3,row_7,row_6,-0.34865593910217285,-0.36555492877960205,0.4884098502490263,0.4802255650752384,0.8108263951633898,0.0168989896774292,0.36794442944174466,0,90,0,disabled,0,0.0,50.0,alpha
976,0.7124547362327576,-0.20974865555763245,-28.9551944732666,-0.20576106011867523,0.9620984792709351,0.003982245922088623,76,0,56,0.055767595767974854,0.5319148936170213,0.3,120,132,wall,both,1,1,1,1,1,1,0.0,1,1,0,alpha,full,huber,-1.3674337490340542,-7.944423740889405,-1.4608681609645937,-1.2173389683875597,-7.403683870020245,-1.337824375172113,-1.2047552412052767,-7.3510849690874105,-1.3306295798286705,49.07475142134013,0.055767595767974854,80,1.5360390543937683,1.0,1.0,disabled,single,3,row_7,row_6,-0.20576106011867523,-0.5336753726005554,0.5548735387426433,0.3997446295809169,0.8337162767817367,0.3279143124818802,0.38325398920199627,0,90,0,disabled,0,0.0,50.0,alpha
980,0.763109028339386,-0.2406344711780548,0.0,-0.19825592637062073,0.9445371627807617,0.00025957822799682617,0,0,0,0.028145646676421165,0.5,0.3,0,0,wall,both,1,1,1,1,1,1,0.0,0,0,0,alpha,full,huber,-1.2666136227403924,-9.215917430783943,-1.3943810108164927,-1.0005075315961944,-8.712842272290114,-1.3308868624510415,-0.9491605012879409,-8.658647958950812,-1.3097504651244143,66.9948658936712,0.028145642951130867,80,1.5743581056594849,1.0,1.0,disabled,single,3,row_7,row_6,-0.19825592637062073,-0.6653081774711609,0.5786920815010278,0.3627515897073093,0.8505484461684127,0.46705225110054016,0.3487288273791367,0,90,0,disabled,0,0.0,50.0,alpha
984,0.9655094146728516,-0.3852100968360901,0.0,-0.07007528096437454,0.4908319115638733,0.06365460157394409,0,0,0,0.030703123658895493,0.5,0.3,0,0,wall,both,1,1,1,1,1,1,0.0,0,0,0,alpha,full,huber,-0.21379964799882517,-8.393901328531689,-1.0406089864360606,-0.6950400862299939,-9.094919293652614,-1.2547831680491965,-0.7431840287027982,-9.172193353254448,-1.2828247956390937,71.57042241343237,0.030703123658895493,92,2.161131978034973,1.0,1.0,disabled,single,3,row_6,row_7,-0.07007528096437454,-0.9044492244720459,0.631234851548522,0.2740482098440858,0.8683936627378895,0.8343739435076714,0.39000201526303446,1,91,0,disabled,0,0.0,50.0,alpha
988,2.3762006759643555,-2.3331942558288574,0.0,-0.1358080804347992,0.7815427780151367,0.004221200942993164,0,0,0,0.01592993550002575,0.5,0.3,0,0,wall,both,1,1,1,1,1,1,0.0,0,0,0,alpha,full,huber,0.2584538269476731,-9.260055832970941,-1.307418716803924,-0.5446471344156808,-9.991783589157968,-1.2734483766653346,-0.4832522243024515,-10.124394402274486,-1.2700072949977017,136.48955403895806,0.01592993550002575,180,2.889511466026306,1.0,1.0,disabled,single,3,row_6,row_7,-0.1358080804347992,-1.3248107433319092,0.6661519334513369,0.20285980200537626,0.8604789791488907,1.18900266289711,0.27042942571894313,0,91,0,disabled,0,0.0,50.0,alpha
992,0.701633632183075,-0.20342552661895752,0.0,-0.8337722420692444,1.9331858158111572,0.028355121612548828,0,0,0,0.011050334200263023,0.5,0.3,0,0,wall,both,1,1,1,1,1,1,0.0,0,0,0,alpha,full,huber,0.6088066323842225,-10.387802020036212,-1.6380388466882678,0.26737251741785595,-10.93677644763607,-1.5134851227891635,0.08278890007256551,-11.145440815661152,-1.5868712259964226,181.7529718947573,0.011050335131585598,250,1.6368076801300049,1.0,1.0,disabled,single,3,row_6,row_7,-0.8337722420692444,-2.1968994140625,0.6783447944511355,0.17356089767880176,0.8500560178566239,1.3631271719932556,-0.4456726681497172,0,91,0,disabled,0,0.0,50.0,alpha
996,1.2991344928741455,-0.6974175572395325,-49.32466506958008,-4.444357872009277,3.79518985748291,0.5519773364067078,2,0,88,0.01779167912900448,0.625,0.3,90,90,wall,both,1,1,1,1,1,1,0.0,1,1,0,alpha,full,huber,-0.39796481318434956,-12.262001351106925,2.876242176321913,0.03004877138674792,-12.059959545679188,-2.7123433532604344,0.04757171389827747,-12.153021502640659,-2.706940607411177,134.94119671046482,0.01779167912900448,250,1.9363707900047302,1.0,1.0,disabled,single,3,row_7,row_6,-4.444357872009277,-4.645916938781738,0.5245607729835149,0.42880497968750886,0.8444889433780279,0.20155906677246094,-3.799163882565975,1,92,1,disabled,0,0.0,50.0,alpha
1000,1.3294882774353027,-0.7303880453109741,-49.61650848388672,-1.9760243892669678,2.9004340171813965,0.16158944368362427,7,3,125,0.022128678858280182,0.5263157894736842,0.3,120,135,wall,both,1,1,1,1,1,1,0.0,4,4,0,alpha,full,huber,-2.5367717505090774,-11.77407630963608,2.34643418834694,-1.0746754712439326,-12.3020479698812,2.421314742789377,-0.8902470565829805,-12.402420606575191,2.4601187199771157,98.86819903938931,0.022128678858280182,250,2.051172971725464,1.0,1.0,disabled,single,3,row_7,row_8,-1.9760243892669678,-2.363294839859009,0.5636424939691794,0.38266109346158067,0.8477726769241315,0.387270450592041,-1.4026892848574268,0,92,1,disabled,0,0.0,50.0,alpha
1004,0.9584411382675171,-0.3795906901359558,-43.75025939941406,-0.6445069313049316,1.6695735454559326,0.07836854457855225,24,0,106,0.02339041233062744,0.5357142857142857,0.3,120,130,wall,both,1,1,1,1,1,1,0.0,3,3,0,alpha,full,huber,-1.8881744986050224,-10.546611267328915,1.371465663589147,-2.075566957219391,-10.95588681951681,1.4813775960791966,-2.0427880069383537,-11.225033072847815,1.6239162034680028,97.7975254002386,0.02339041233062744,250,2.0048857927322388,1.0,1.0,disabled,single,3,row_7,row_8,-0.6445069313049316,-2.030174493789673,0.6666797016751659,0.16677442664775693,0.8675450793782461,1.3856675624847412,-0.2390613755183681,0,92,0,disabled,0,0.0,50.0,alpha
1008,3.1750056743621826,-4.15290641784668,-41.47237014770508,-0.27265363931655884,1.0107439756393433,0.10573321580886841,31,15,89,0.016354236751794815,0.5263157894736842,0.3,120,135,wall,both,1,1,1,1,1,1,0.0,4,4,0,alpha,full,huber,-1.8335385239631996,-9.856533826069413,1.3059919741830965,-1.9883699521173646,-10.444597946037552,1.2713981406625554,-2.0224604431244577,-10.705391454171021,1.4023508532544158,174.4490519669776,0.016354238614439964,250,3.962028980255127,0.7571877982090937,1.0,disabled,single,3,row_7,row_6,-0.27265363931655884,-1.4679135084152222,0.6632681330434478,0.2007217184050637,0.8659918179539885,1.1952598690986633,0.1379223073404145,0,92,0,disabled,0,0.0,50.0,alpha
1012,1.5011266469955444,-0.9311493039131165,-35.77123260498047,-0.6195961236953735,1.6697397232055664,0.0028753280639648438,53,10,67,0.015955381095409393,0.5357142857142857,0.3,120,130,wall,both,1,1,1,1,1,1,0.0,7,7,0,alpha,full,huber,-1.04011808704669,-10.14055405952214,1.6941471020471166,-1.6846276894369172,-10.021270109580936,1.2677553188226836,-1.8230493625463295,-10.18401020775061,1.3415117147629578,181.46192355856348,0.015955382958054543,250,2.2548141479492188,1.0,1.0,disabled,single,3,row_7,row_6,-0.6195961236953735,-1.0116841793060303,0.5651326191118929,0.38182881201768726,0.8458967997015037,0.39208805561065674,-0.0489012724081338,0,92,0,disabled,0,0.0,50.0,alpha
1016,2.362009286880493,-2.305408239364624,-32.013675689697266,-0.19779977202415466,0.9400603175163269,0.018645524978637695,75,16,59,0.07692065834999084,0.5,0.3,120,150,wall,both,1,1,1,1,1,1,0.0,5,5,0,alpha,full,huber,-3.701586098457003,-9.553003936171349,1.6435874150386258,-2.0100163882664877,-9.543488972360684,1.4315271102031464,-1.853883037366633,-9.59531418809824,1.390605582350398,81.8717461276798,0.07692065834999084,250,4.279559373855591,0.7010067481076223,1.0,disabled,single,3,row_8,row_7,-0.19779977202415466,-0.626046359539032,0.5717508878562053,0.37258186976020535,0.8482751564603068,0.4282465875148773,0.36125212118143035,1,93,0,disabled,0,0.0,50.0,alpha
1020,0.7872490882873535,-0.2560996413230896,-37.15299987792969,-0.25860273838043213,1.0662111043930054,0.03827387094497681,71,26,70,0.052603188902139664,0.47318611987381703,0.3,120,167,wall,both,1,1,1,1,1,1,0.0,8,8,0,alpha,full,huber,-3.715868147565023,-8.550437606373954,1.5594349317040468,-2.739967927942489,-8.639957104368271,1.6121280817215204,-2.2011692023841825,-8.591983401823152,1.4849298722502429,62.029082586672494,0.052603188902139664,148,2.538018226623535,1.0,1.0,disabled,single,3,row_8,row_7,-0.25860273838043213,-0.47556164860725403,0.5311077004205467,0.42752207142120124,0.8311386835134492,0.2169589102268219,0.37418771427536046,0,93,0,disabled,0,0.0,50.0,alpha
1024,1.6715242862701416,-1.1545428037643433,-36.29412078857422,-0.25341877341270447,1.0676155090332031,0.00562673807144165,73,35,69,0.03399550914764404,0.4587155963302753,0.3,120,177,wall,both,1,1,1,1,1,1,0.0,8,8,0,alpha,full,huber,-1.031380012751403,-7.106899927940171,1.6465881717266395,-2.072357081429143,-7.7713276431026515,1.4849731923808414,-2.1061745036630577,-7.82629644468388,1.4768092091117602,89.3612090768403,0.03399551287293434,175,4.385604381561279,0.6840562301089268,1.0,disabled,single,3,row_6,row_7,-0.25341877341270447,-0.4721369743347168,0.5300269940695737,0.42590219748132324,0.8375897475862487,0.21871820092201233,0.38140856811352297,1,94,0,disabled,0,0.0,50.0,alpha
1028,2.8791353702545166,-3.425380229949951,-43.581382751464844,-0.20261231064796448,0.37203872203826904,0.20519310235977173,64,30,58,0.025322647765278816,0.49668874172185423,0.3,107,152,wall,both,1,1,1,1,1,1,0.0,7,7,0,alpha,full,huber,-4.487236097490209,-8.278218217233277,2.408496038436354,-3.0835905450350314,-7.3189939714156775,1.7203062641150502,-2.565865079279846,-7.264816297044197,1.602290399820843,98.04286469912357,0.025322647765278816,224,5.993985176086426,0.5005017383040561,1.0,disabled,single,3,row_8,row_7,-0.15163642168045044,-1.1971981525421143,0.6586762649116567,0.23152096498269334,0.8563093360611131,1.0455617308616638,0.26588669553386063,1,95,0,disabled,0,0.0,50.0,alpha
1032,2.545299768447876,-2.6770873069763184,-42.35420608520508,-0.057693034410476685,0.40397730469703674,0.07245403528213501,99,23,43,0.009443200193345547,0.47619047619047616,0.3,120,165,wall,both,1,1,1,1,1,1,0.0,9,9,0,alpha,full,huber,-4.688482204902282,-7.007592269219764,1.3402097871462262,-3.7650880933903186,-7.158347320438594,1.8551100345024247,-3.169630038859439,-7.0797449646273884,1.7418035639818177,190.16723100655753,0.009443200193345547,250,3.5102702379226685,0.8546350556119464,1.0,disabled,single,3,row_8,row_7,-0.057693034410476685,-1.0216052532196045,0.6515531066024035,0.24850095504999697,0.8553010757978383,0.9639122188091278,0.37070333697368935,0,95,0,disabled,0,0.0,50.0,alpha
1036,0.3061734437942505,-0.038736436516046524,-37.51832962036133,-0.061333611607551575,0.5096800923347473,0.029723644256591797,93,40,45,0.01673811487853527,0.4573170731707317,0.3,120,178,wall,both,1,1,1,1,1,1,0.0,10,10,0,alpha,full,huber,-4.6453125586700175,-6.592428056304184,1.4787883395700847,-4.150211672948629,-6.855646304903978,1.8739388223875784,-3.690281661106833,-6.791888602907258,1.8116592296054268,186.45140136406698,0.01673811674118042,250,0.784837156534195,1.0,1.0,disabled,single,3,row_8,row_7,-0.061333611607551575,-0.8786933422088623,0.6338328927838188,0.27989810131080106,0.8567949405347797,0.8173597306013107,0.39463632373039076,0,95,0,disabled,0,0.0,50.0,alpha
1040,1.6793192625045776,-1.165336012840271,-27.190414428710938,-0.31435346603393555,1.1893444061279297,0.0016565322875976562,123,24,34,0.018388334661722183,0.4531722054380664,0.3,104,181,wall,both,1,1,1,1,1,1,0.0,7,7,0,alpha,full,huber,-3.871315303522853,-6.432863781285647,1.7182823786396986,-4.269798443565751,-6.497875587083087,1.8944868137528572,-4.0304073997702,-6.43982959736771,1.8589910585979812,174.3943592663661,0.018388334661722183,240,1.628944218158722,1.0,1.0,disabled,single,3,row_7,row_8,-0.31435346603393555,-0.3749382197856903,0.4993711907188358,0.4700151530151887,0.8083517168380077,0.06058475375175476,0.38005212455420667,1,96,0,disabled,0,0.0,50.0,alpha
1044,2.681870222091675,-2.9720778465270996,-36.45999526977539,-0.09755448251962662,0.6558115482330322,0.02202051877975464,99,39,42,0.009951716288924217,0.45454545454545453,0.3,120,180,wall,both,1,1,1,1,1,1,0.0,6,6,0,alpha,full,huber,-5.867307161745018,-6.313588695258801,1.9334611035080211,-4.650555989757397,-6.103751215724106,1.9487002992313207,-4.428092753559302,-5.97625421343526,1.9055126316054443,213.3864210204706,0.009951716288924217,250,3.0765475034713745,0.9751190243657856,1.0,disabled,single,3,row_8,row_9,-0.09755448251962662,-0.7824700474739075,0.613149210385988,0.3091086247261271,0.8614142095142002,0.6849155649542809,0.3915924800543945,1,97,0,disabled,0,0.0,50.0,alpha
1048,1.1575090885162354,-0.5536476373672485,-28.251468658447266,-0.2481873333454132,1.0568013191223145,0.0008721351623535156,99,6,31,0.010831054300069809,0.5244755244755245,0.3,120,136,wall,both,1,1,1,1,1,1,0.0,8,8,0,alpha,full,huber,-4.140755161373495,-4.23766165672987,1.809012939460552,-4.7575313386752445,-4.851744934427163,1.813931193174776,-4.7954719250827935,-4.831313864295893,1.8623306255253187,196.51101871823244,0.010831054300069809,250,2.4001129865646362,1.0,1.0,disabled,single,3,row_7,row_8,-0.2481873333454132,-0.4330199360847473,0.5256294425071989,0.43692601548324866,0.8228355458814627,0.1848326027393341,0.3949714630884882,1,98,0,disabled,0,0.0,50.0,alpha
1052,4.898906230926514,-8.427040100097656,-36.869075775146484,-0.25870275497436523,0.7014185786247253,0.19130122661590576,120,6,40,0.01231271680444479,0.4746835443037975,0.3,120,166,wall,both,1,1,1,1,1,1,0.0,9,9,0,alpha,full,huber,-2.488152529765858,-3.533706212496624,1.138385143464932,-4.3111593757248645,-3.8695569063934574,1.5954699094789353,-4.651132240369252,-4.024471878521665,1.730935456370192,168.31730130701615,0.01231271680444479,250,6.048352003097534,0.4960028778853503,1.0,disabled,single,3,row_7,row_6,-0.25870275497436523,-0.9036667346954346,0.6047332365468786,0.31729230593456054,0.8673333141905653,0.6449639797210693,0.24426509454320644,0,98,0,disabled,0,0.0,50.0,alpha
1056,1.322191596031189,-0.7223928570747375,-29.223291397094727,-0.23085962235927582,1.0192461013793945,0.0005573034286499023,98,17,29,0.017816096544265747,0.5102040816326531,0.3,120,144,wall,both,1,1,1,1,1,1,0.0,6,6,0,alpha,full,huber,-4.184058847226794,-3.827668002514025,1.8006328375901663,-4.415495234020144,-3.3417584849688007,1.6892799978623323,-4.582388710682709,-3.3792871732794545,1.7124031166915294,166.83869936130594,0.017816096544265747,250,2.050823211669922,1.0,1.0,disabled,single,3,row_7,row_8,-0.23085962235927582,-0.4467930495738983,0.5319855989585287,0.4286681138496419,0.8261688181157174,0.2159334272146225,0.4002792372744315,0,98,0,disabled,0,0.0,50.0,alpha
1060,2.4957809448242188,-2.57393479347229,-24.5865535736084,-0.16545023024082184,0.8628158569335938,0.0020189285278320312,111,16,22,0.01077917218208313,0.5016722408026756,0.3,120,149,wall,both,1,1,1,1,1,1,0.0,8,8,0,alpha,full,huber,-4.565233186960051,-0.7802033092569554,1.7998229463617195,-4.807060568195501,-1.0924453892490664,1.76305917587782,-4.852564521094298,-1.1286916782801144,1.7564310746925695,186.45604193862226,0.010779173113405704,250,2.8919674158096313,1.0,1.0,disabled,single,3,row_7,row_8,-0.16545023024082184,-0.562256932258606,0.566223497670089,0.38076491757358727,0.8454132712726847,0.3968067020177841,0.4033161762710079,0,98,0,disabled,0,0.0,50.0,alpha
1064,0.4973735511302948,-0.10222332924604416,-32.035579681396484,-0.1724141389131546,0.8203404545783997,0.07485061883926392,114,0,25,0.010760392993688583,0.5190311418685121,0.3,120,139,wall,both,1,1,1,1,1,1,0.0,5,5,0,alpha,full,huber,-2.8849073615166287,-0.6236792624803255,1.3469010495353153,-4.544067891547792,-0.4516670791054134,1.6983731904904633,-4.755162977256079,-0.4874759157501949,1.7370208525549895,187.87732056164975,0.010760392993688583,250,2.045388102531433,1.0,1.0,disabled,single,3,row_7,row_6,-0.1724141389131546,-0.6718337535858154,0.5833958805954176,0.354052915829301,0.855379617227813,0.4994196146726608,0.3664751436897429,0,98,0,disabled,0,0.0,50.0,alpha
1068,1.840438961982727,-1.3996758460998535,-31.451242446899414,-0.17728832364082336,0.8923664093017578,0.008975446224212646,103,2,17,0.009869029745459557,0.551470588235294,0.3,120,122,wall,both,1,1,1,1,1,1,0.0,3,3,0,alpha,full,huber,-5.538590370766114,0.5012894344358322,1.65643735497442,-5.0091850484173115,0.15788356799133788,1.8365114548114292,-4.9305864541393465,0.12376370871928534,1.7888985036387313,187.58230103192776,0.009869029745459557,250,2.700421094894409,1.0,1.0,disabled,single,3,row_8,row_7,-0.17728832364082336,-0.5605555176734924,0.5645627303547648,0.38482331578038675,0.8412658870988363,0.38326719403266907,0.39441545240783904,1,99,0,disabled,0,0.0,50.0,alpha
1072,0.38423165678977966,-0.06100577488541603,-45.723785400390625,-0.050440963357686996,0.15085957944393158,0.105446457862854,105,0,15,0.010300661437213421,0.5555555555555556,0.3,120,120,wall,both,1,1,1,1,1,1,0.0,4,4,0,alpha,full,huber,-3.6972367920789715,0.17618926228035098,1.2729034082542894,-4.722974600339048,0.16705672055482268,1.7464587613379292,-4.8267805272391975,0.145410214637054,1.7676786324883302,179.09629508864174,0.010300661437213421,250,1.633522391319275,1.0,1.0,disabled,single,3,row_7,row_6,-0.050440963357686996,-1.2631767988204956,0.6600279374481459,0.19628080806816559,0.8725837604223597,1.2127358354628086,0.36503215203295775,1,100,0,disabled,0,0.0,50.0,alpha
1076,0.2130051702260971,-0.018748430535197258,-22.81355094909668,-0.2650666832923889,1.0921448469161987,0.0010370612144470215,92,0,28,0.013127991929650307,0.5555555555555556,0.3,120,120,wall,both,1,1,1,1,1,1,0.0,4,4,0,alpha,full,huber,-5.1628246510818885,1.1368036471212681,1.818703267716482,-5.012515583448078,0.7886594799997377,1.8379644274286766,-4.973676637462009,0.7379006032434008,1.8078965691170659,130.50280056516536,0.013127991929650307,175,0.5738537907600403,1.0,1.0,disabled,single,3,row_7,row_8,-0.2650666832923889,-0.43407294154167175,0.522130741572682,0.4409413004604703,0.822179379501272,0.16900625824928284,0.3847705763847603,0,100,0,disabled,0,0.0,50.0,alpha
1080,1.0394681692123413,-0.44648516178131104,-26.960752487182617,-0.11779746413230896,0.7070587277412415,0.0405198335647583,111,7,21,0.021166149526834488,0.5190311418685121,0.3,120,139,wall,both,1,1,1,1,1,1,0.0,3,3,0,alpha,full,huber,-4.826525656185587,1.4797142840332616,1.958935098694412,-4.93099213708963,1.229272479208566,1.807169006185905,-4.994177950968414,1.1567475170643433,1.810885766618063,99.44553433228336,0.021166149526834488,133,1.4289227724075317,1.0,1.0,disabled,single,3,row_7,row_8,-0.11442824453115463,-0.7095474600791931,0.6019870451657228,0.33199393805222854,0.8510167022634896,0.5951192155480385,0.3930911090319803,0,100,0,disabled,0,0.0,50.0,alpha
1084,0.6684542894363403,-0.18464097380638123,-27.070117950439453,-0.12704023718833923,0.7557706832885742,0.005173981189727783,111,11,23,0.02398669347167015,0.5084745762711864,0.3,120,145,wall,both,1,1,1,1,1,1,0.0,5,5,0,alpha,full,huber,-4.982566855751787,2.2972561996308247,1.8673932714949428,-4.942030498071356,1.9595870889357594,1.7262371058895516,-5.04125292011821,1.8569632964497824,1.7651571721427484,77.82556942710703,0.0239866953343153,97,1.0079532861709595,1.0,1.0,disabled,single,3,row_7,row_8,-0.12704023718833923,-0.6764155030250549,0.5930064268795943,0.3423487557118303,0.8539001150055725,0.5493752658367157,0.39550980494654864,0,100,0,disabled,0,0.0,50.0,alpha
1088,2.4785757064819336,-2.538569450378418,-27.115217208862305,-0.21626856923103333,0.9623130559921265,0.05067265033721924,105,15,26,0.023137932643294334,0.5067567567567568,0.3,120,146,wall,both,1,1,1,1,1,1,0.0,3,3,0,alpha,full,huber,-5.172151889466844,2.1911407416786357,2.0853320151494543,-5.049568963151446,3.022550765487649,1.7129291808427627,-5.164351260045271,3.0439879437514823,1.74589515452368,96.36692209691356,0.023137934505939484,117,3.2211410999298096,0.9313469689562409,1.0,disabled,single,3,row_7,row_8,-0.21626856923103333,-0.5275415182113647,0.5496825628639871,0.40265012319299165,0.8402995295878359,0.3112729489803314,0.3821457565737416,0,100,0,disabled,0,0.0,50.0,alpha
1092,1.7100601196289062,-1.2083908319473267,-29.25918197631836,-0.2222682237625122,1.000044584274292,0.0025328993797302246,100,15,39,0.015777472406625748,0.49342105263157904,0.3,120,154,wall,both,1,1,1,1,1,1,0.0,4,4,0,alpha,full,huber,-5.582309941609111,4.19401809319793,1.8215311937721292,-5.387917157463889,3.7807833421976227,1.7925878304222507,-5.344086055784145,3.796488526384767,1.7757469936402241,138.44288812485138,0.0157774705439806,180,2.379676342010498,1.0,1.0,disabled,single,3,row_7,row_8,-0.2222682237625122,-0.5223583579063416,0.5477623253256825,0.4057557371100216,0.8383376988139531,0.30009013414382935,0.37964557526159537,0,100,0,disabled,0,0.0,50.0,alpha
1096,2.6910574436187744,-2.9924752712249756,-31.267192840576172,-0.2120327353477478,0.9764437079429626,0.006195187568664551,96,13,55,0.012198052369058132,0.47770700636942676,0.3,120,164,wall,both,1,1,1,1,1,1,0.0,4,4,0,alpha,full,huber,-5.705847266429014,5.006819084992532,1.8617118826763495,-5.707434228355337,4.487276767054736,1.8690833597505783,-5.598461746498886,4.49162927272846,1.8325969225453278,191.77867575053898,0.012198053300380707,250,3.123008131980896,0.960612292129104,1.0,disabled,single,3,row_7,row_8,-0.2120327353477478,-0.5393441915512085,0.553177051505741,0.3987627623771381,0.8400185844441753,0.3273114562034607,0.3800444278825793,0,100,0,disabled,0,0.0,50.0,alpha
1100,1.1260948181152344,-0.5240039229393005,-36.37856674194336,-0.14820760488510132,0.8038459420204163,0.033624231815338135,61,28,37,0.01895832270383835,0.5434782608695653,0.3,98,126,wall,both,1,1,1,1,1,1,0.0,4,4,0,alpha,full,huber,-5.525334224770682,4.978746315641807,2.0103974110530656,-5.792889900991614,5.500478750896267,1.7850398317314704,-5.846685340723753,5.559626478529356,1.810846634274748,140.13207682139512,0.01895832270383835,218,1.9890185594558716,1.0,1.0,disabled,single,3,row_7,row_8,-0.14820760488510132,-0.669784665107727,0.5886943284328866,0.3494393530458124,0.8514883053732201,0.5215770602226257,0.38164059216241875,0,100,0,disabled,0,0.0,50.0,alpha
1104,2.2406935691833496,-2.0746726989746094,-33.87492752075195,-0.3087049126625061,1.0492448806762695,0.12527573108673096,94,26,26,0.018783017992973328,0.5067567567567568,0.3,120,146,wall,both,1,1,1,1,1,1,0.0,2,2,0,alpha,full,huber,-8.381151464718853,5.178110407421291,2.2199781600105295,-6.120559552991354,5.919116008681195,1.888735557401263,-6.036570893569494,5.955690406948823,1.8504434515504231,201.9344140931267,0.018783017992973328,250,3.9152438640594482,0.7662357963290454,1.0,disabled,single,3,row_8,row_9,-0.2963675558567047,-0.5171507000923157,0.5326241217589262,0.42710625315013556,0.8282221483625524,0.22078314423561096,0.33357176019866386,1,101,0,disabled,0,0.0,50.0,alpha
1108,0.4638642966747284,-0.08891326189041138,0.0,-0.21947018802165985,0.9937713146209717,0.0013681650161743164,0,0,0,0.010494031012058258,0.5,0.3,0,0,wall,both,1,1,1,1,1,1,0.0,0,0,0,alpha,full,huber,-8.9558802257064,5.7569067401317575,1.8047294372928082,-6.777634469684438,6.631179946916677,1.9878695787001142,-6.528494490860046,6.716149361536765,1.9124159919638721,195.67792941953593,0.010494031012058258,246,3.007237672805786,0.9975932488239171,1.0,disabled,single,3,row_9,row_8,-0.21947018802165985,-0.5239862203598022,0.549576011143998,0.40530142914602,0.8348247544088386,0.3045160323381424,0.37913799885064225,1,102,0,disabled,0,0.0,50.0,alpha
1112,2.442450761795044,-2.4651098251342773,0.0,-0.13319046795368195,0.7740270495414734,0.0036089420318603516,0,0,0,0.01368094701319933,0.5,0.3,0,0,wall,both,1,1,1,1,1,1,0.0,0,0,0,alpha,full,huber,-7.128304121211926,7.844795211497627,1.6725417576490225,-6.783709348453865,7.135717654619501,1.9511976887623386,-6.7087599958271324,7.074032388679123,1.9398074408168826,188.31506393283246,0.01368094701319933,250,3.37928307056427,0.8877622671305433,1.0,disabled,single,3,row_8,row_7,-0.13319046795368195,-0.8299188613891602,0.6151765936694699,0.30648872773642544,0.8608267323664812,0.6967283934354782,0.35265544026193674,1,103,0,disabled,0,0.0,50.0,alpha
1116,0.985215961933136,-0.4010952413082123,0.0,-0.11554622650146484,0.7080984711647034,0.03178352117538452,0,0,0,0.007886859588325024,0.5,0.3,0,0,wall,both,1,1,1,1,1,1,0.0,0,0,0,alpha,full,huber,-5.674626425178977,8.225100150391565,1.4688842098218302,-6.648151254812351,7.751405443046811,1.8735781975031198,-6.780786089504664,7.677326101758368,1.9300047279056276,216.4585020196616,0.007886859588325024,250,2.3794654607772827,1.0,1.0,disabled,single,3,row_7,row_8,-0.11554622650146484,-1.078894019126892,0.6463825148486878,0.24666808910790763,0.866396759532833,0.9633477926254272,0.3208175956880865,1,104,0,disabled,0,0.0,50.0,alpha
1120,0.6125871539115906,-0.15506736934185028,-28.919342041015625,-0.32947826385498047,1.2139997482299805,0.02195918560028076,100,0,20,0.02947816252708435,0.5555555555555556,0.3,120,120,wall,both,1,1,1,1,1,1,0.0,2,2,0,alpha,full,huber,-6.334992098482773,7.078164658478937,1.931634474729183,-6.554503811908454,8.064271675270598,1.8974329803977603,-6.76434077593357,8.128311505781639,1.9168192683481973,130.00256053150082,0.02947816252708435,250,2.130285382270813,1.0,1.0,disabled,single,3,row_7,row_8,-0.32947826385498047,-0.3545700013637543,0.4902290152630288,0.47808135774539695,0.8116726996951715,0.025091737508773804,0.38340435512178894,0,104,0,disabled,0,0.0,50.0,alpha
1124,2.1027896404266357,-1.827158808708191,-31.382089614868164,-0.05836762487888336,0.512486457824707,0.0008053183555603027,77,0,32,0.02232348546385765,0.5791505791505792,0.3,109,109,wall,both,1,1,1,1,1,1,0.0,3,3,0,alpha,full,huber,-8.145714559406574,7.432911240732792,1.7173900191273646,-6.850784645940242,8.185175286222087,1.9666989647069386,-6.882277452194154,8.36398038493886,1.9402182964434198,156.36556195416563,0.02232348546385765,250,3.3536791801452637,0.8945399481741888,1.0,disabled,single,3,row_8,row_9,-0.05836762487888336,-0.9322993159294128,0.6372198937054748,0.2659167013720601,0.8655060556913708,0.8739316910505295,0.39227285605019857,1,105,0,disabled,0,0.0,50.0,alpha
1128,1.4480571746826172,-0.866474986076355,-35.94648742675781,-0.5532662868499756,1.5543814897537231,0.06330019235610962,26,0,28,0.03245111554861069,0.7352941176470589,0.3,54,54,wall,both,1,1,1,1,1,1,0.0,3,3,0,alpha,full,huber,-4.832229894379291,9.20832617309268,1.363968286522443,-6.760071876881093,9.537532766367248,2.0128561847815467,-7.142042427872774,9.779447570844988,2.0743856580716464,104.92039890468867,0.032451119273900986,250,3.067335844039917,0.9780474498184618,1.0,disabled,single,3,row_7,row_6,-0.5532662868499756,-1.252798080444336,0.6161635970783336,0.3061210813432652,0.859290671140101,0.6995317935943604,-0.06902351581393928,1,106,0,disabled,0,0.0,50.0,alpha
1132,3.4931416511535645,-4.941673755645752,-49.624324798583984,-1.5520399808883667,2.6379153728485107,0.03732031583786011,3,0,127,0.03616281971335411,0.5357142857142857,0.3,120,130,wall,both,1,1,1,1,1,1,0.0,3,3,0,alpha,full,huber,-9.02497887838732,9.534644294270887,-1.1100058338542347,-7.540496480580796,10.637487711736696,-1.8630611355081101,-7.769963820713734,10.98653657149131,-1.8848567647240617,81.48981582770607,0.03616281971335411,250,4.520013809204102,0.6637147864219135,1.0,disabled,single,3,row_8,row_9,-1.5520399808883667,-1.8673688173294067,0.5508504381926018,0.4018723491758456,0.8391000027126968,0.31532883644104004,-0.9557480371764236,1,107,1,disabled,0,0.0,50.0,alpha
1136,0.737250030040741,-0.2246023267507553,-36.335655212402344,-0.30564719438552856,1.1416995525360107,0.06258141994476318,40,9,64,0.019339554011821747,0.5703422053231939,0.3,98,113,wall,both,1,1,1,1,1,1,0.0,8,8,0,alpha,full,huber,-9.551250110955074,7.854508162807058,-1.1050683064512183,-8.530457909771844,8.167299181785335,-0.7905879624753929,-8.50978567469653,8.469888155678234,-0.9301853965031257,145.05561955784145,0.019339554011821747,250,1.3058953881263733,1.0,1.0,disabled,single,3,row_9,row_8,-0.30564719438552856,-0.8771782517433167,0.598345685012676,0.3378620236739566,0.84948662274924,0.5715310573577881,0.2079394290801878,1,108,0,disabled,0,0.0,50.0,alpha
1140,2.9823901653289795,-3.675475835800171,-34.3744010925293,-0.06516661494970322,0.47059378027915955,0.06251907348632812,64,0,61,0.01372935064136982,0.5454545454545454,0.3,120,125,wall,both,1,1,1,1,1,1,0.0,2,2,0,alpha,full,huber,-7.185324979159493,7.318684916036991,-1.0285912200557097,-7.759187243796941,7.314851012338767,-0.7039352052844048,-7.826776535457061,7.4796097426175585,-0.778147960703675,187.64547343694463,0.01372934877872467,250,3.312442898750305,0.9056759895036436,1.0,disabled,single,3,row_8,row_7,-0.06516661494970322,-0.9287496209144592,0.6376396914099177,0.26885988514783776,0.8616675358940522,0.863583005964756,0.38481528722369857,1,109,0,disabled,0,0.0,50.0,alpha
1144,4.878026008605957,-8.37527084350586,-34.93425750732422,-0.24456952512264252,1.048262119293213,0.009647071361541748,96,27,26,0.036762677133083344,0.5016722408026756,0.3,120,149,wall,both,1,1,1,1,1,1,0.0,7,7,0,alpha,full,huber,-8.481963529027842,5.883915373289417,-1.288529131765118,-7.7686256878096165,6.4866296483677175,-0.9005847338523623,-7.496678779809419,6.68643096594878,-0.8382056802886244,93.3118621409964,0.03676268085837364,250,6.514389514923096,0.4605189777380722,1.0,disabled,single,3,row_8,row_9,-0.24456952512264252,-0.48872610926628113,0.5367951701019681,0.42050652809694183,0.8328970621767802,0.2441565841436386,0.377569165817076,0,109,0,disabled,0,0.0,50.0,alpha
1148,1.9440056085586548,-1.5616354942321777,-31.686504364013672,-0.40370166301727295,0.5590240955352783,0.28616881370544434,101,34,30,0.01677582412958145,0.47619047619047616,0.3,120,165,wall,both,1,1,1,1,1,1,0.0,7,7,0,alpha,full,huber,-7.901863238979135,5.289078716342555,-0.6517018082229455,-7.7070911500878125,5.8129803582297885,-0.9921833591656045,-7.395940736379876,6.0207754221847996,-0.923855433120246,171.70548020914902,0.01677582412958145,250,2.7679824829101562,1.0,1.0,disabled,single,3,row_8,row_9,-0.35360997915267944,-1.1170598268508911,0.6250716485483636,0.2913182852359404,0.8604944660499085,0.7634498476982117,0.11627901898607068,0,109,0,disabled,0,0.0,50.0,alpha
1152,2.2231979370117188,-2.042400360107422,-33.14933776855469,-0.3074260354042053,1.1761870384216309,0.00025641918182373047,103,15,37,0.01445925422012806,0.49180327868852464,0.3,120,155,wall,both,1,1,1,1,1,1,0.0,7,7,0,alpha,full,huber,-8.502502332439848,4.200475902127146,-1.3906405584379813,-7.61149647861055,4.594812103027924,-1.1552973412770522,-7.140576079222048,4.827057708856162,-1.0237538478792714,167.19034491476512,0.014459255151450634,250,3.1430355310440063,0.9544912777373232,1.0,disabled,single,3,row_9,row_8,-0.3074260354042053,-0.39804163575172424,0.5058997844607525,0.46207304973823077,0.8116748133518972,0.09061560034751892,0.3739906483312243,1,110,0,disabled,0,0.0,50.0,alpha
1156,2.6462159156799316,-2.893578052520752,-38.45309066772461,-0.2473047822713852,0.43844589591026306,0.22388291358947754,119,29,32,0.016022760421037674,0.45454545454545453,0.3,120,180,wall,both,1,1,1,1,1,1,0.0,11,11,0,alpha,full,huber,-5.262891166761809,5.568783157067626,-0.6923472217807851,-7.051446055461019,4.444531585620217,-1.0608172397050135,-6.977371223096659,4.440997593458945,-1.0538530604894176,178.64265766747752,0.016022760421037674,250,5.354966640472412,0.5602275796316336,1.0,disabled,single,3,row_7,row_8,-0.2473047822713852,-1.1977427005767822,0.6496797287591258,0.25114779691518896,0.8563826205209575,0.950437918305397,0.18397098023587422,1,111,0,disabled,0,0.0,50.0,alpha
1160,2.3350131511688232,-2.2530109882354736,-26.511249542236328,-0.28738972544670105,1.137213110923767,9.810924530029297e-05,118,11,27,0.017892897129058838,0.49019607843137253,0.3,120,156,wall,both,1,1,1,1,1,1,0.0,5,5,0,alpha,full,huber,-8.329928282827352,2.9842309315910254,-1.3930435081050778,-7.5912209192412305,3.6468888824163592,-1.2813599524559398,-7.155778034646703,3.817882104434704,-1.1687645987998097,166.45527679351213,0.017892897129058838,250,3.546331286430359,0.8459446559544974,1.0,disabled,single,3,row_9,row_8,-0.28738972544670105,-0.42779386043548584,0.5160000837948033,0.4484076684623765,0.8197795675698414,0.1404041349887848,0.3742586256608569,1,112,0,disabled,0,0.0,50.0,alpha
1164,1.038475513458252,-0.44563281536102295,-24.989551544189453,-0.18770863115787506,0.9188428521156311,0.0047626495361328125,106,0,23,0.014781428501009941,0.5376344086021506,0.3,120,129,wall,both,1,1,1,1,1,1,0.0,6,6,0,alpha,full,huber,-6.0559766137038356,3.370397928418831,-1.291887189843322,-7.178228716610533,3.044076039523948,-1.1804862589788652,-7.039775738268341,3.1317538294265286,-1.1523880877524748,198.55825973187845,0.014781428501009941,250,2.541547656059265,1.0,1.0,disabled,single,3,row_8,row_7,-0.18770863115787506,-0.5785283446311951,0.5671904591523005,0.38370554196939827,0.8371652538490764,0.39081971347332,0.37935149370638566,1,113,0,disabled,0,0.0,50.0,alpha
1168,0.6362804174423218,-0.16729453206062317,-27.912578582763672,-0.14366601407527924,0.8040503263473511,8.505582809448242e-05,118,6,24,0.011930422857403755,0.5033557046979865,0.3,120,148,wall,both,1,1,1,1,1,1,0.0,7,7,0,alpha,full,huber,-8.414342791117548,1.836532769251043,-1.2531469007201108,-7.378687157349372,1.8786735339876048,-1.3314505817956097,-6.984918755880617,2.000760119111888,-1.2355412512179456,177.69494619336257,0.01193042378872633,250,2.134901762008667,1.0,1.0,disabled,single,3,row_9,row_8,-0.14366601407527924,-0.6356835961341858,0.5839978504869582,0.3570513896750138,0.8487191133238259,0.49201758205890656,0.39419196275842117,1,114,0,disabled,0,0.0,50.0,alpha
1172,0.4326110780239105,-0.07733567804098129,-22.657745361328125,-0.2390543520450592,1.0371094942092896,0.002843022346496582,95,12,25,0.010427877306938171,0.5319148936170213,0.3,120,132,wall,both,1,1,1,1,1,1,0.0,2,2,0,alpha,full,huber,-8.007618490119691,0.8520062019695647,-1.396100863505306,-7.765829463667409,0.9819964603345486,-1.4211662018886602,-7.274010508495605,1.200443939857626,-1.3273320961313413,160.37623961632812,0.010427877306938171,250,0.8494475781917572,1.0,1.0,disabled,single,3,row_9,row_8,-0.2390543520450592,-0.4673519730567932,0.533608186580642,0.42469200650789307,0.8313493194678285,0.228297621011734,0.3890390902857336,0,114,0,disabled,0,0.0,50.0,alpha
1176,0.7588112354278564,-0.23793162405490875,-23.072898864746094,-0.17521928250789642,0.887100875377655,0.00915306806564331,120,12,21,0.01110719796270132,0.49504950495049505,0.3,120,153,wall,both,1,1,1,1,1,1,0.0,4,4,0,alpha,full,huber,-8.161784145044802,0.8862892631965811,-1.3361213253754278,-7.82072707186818,0.7454187724032606,-1.4170921609173481,-7.508331584142445,0.8157713793041681,-1.3668893203751085,191.65212390694032,0.01110719796270132,250,1.1310296058654785,1.0,1.0,disabled,single,3,row_9,row_8,-0.17521928250789642,-0.5692256093025208,0.5660648189230267,0.3817256916280619,0.8438874351621172,0.39400632679462433,0.3938274037626761,0,114,0,disabled,0,0.0,50.0,alpha
1180,2.168118715286255,-1.9424540996551514,-38.150081634521484,-0.12152381241321564,0.7358680963516235,0.01707524061203003,91,5,30,0.013913653790950775,0.5434782608695653,0.3,120,126,wall,both,1,1,1,1,1,1,0.0,4,4,0,alpha,full,huber,-7.075665942559852,-0.08649922802162893,-1.166011324142731,-7.687807152106545,0.24716536437500086,-1.3533081062679346,-7.561583106702825,0.3550194173200676,-1.3536370855327642,141.11724803572443,0.013913653790950775,185,2.925513505935669,1.0,1.0,disabled,single,3,row_8,row_9,-0.12152381241321564,-0.7204155921936035,0.601212743286576,0.33031841206113166,0.8553847668135193,0.5988917797803879,0.387282612496619,1,115,0,disabled,0,0.0,50.0,alpha
1184,1.2240488529205322,-0.6191303730010986,-21.135690689086914,-0.2728995382785797,1.1078799962997437,0.005948662757873535,106,3,33,0.01712464541196823,0.5136986301369862,0.3,120,142,wall,both,1,1,1,1,1,1,0.0,4,4,0,alpha,full,huber,-7.671571755934994,-0.6659076958658674,-1.2774199526743621,-7.678708880311544,-0.496720317231509,-1.3728469914917036,-7.553825059189403,-0.3714368661783317,-1.3525112984204815,106.43694432299364,0.01712464541196823,133,1.5505926609039307,1.0,1.0,disabled,single,3,row_9,row_8,-0.2728995382785797,-0.4632232189178467,0.5272595833455351,0.4358810193238756,0.8210882271793908,0.19032368063926697,0.36716274541590654,1,116,0,disabled,0,0.0,50.0,alpha
1188,1.8388277292251587,-1.3972262144088745,-22.64795684814453,-0.2955639660358429,1.153265357017517,0.0009552240371704102,114,1,21,0.024617286399006844,0.5244755244755245,0.3,120,136,wall,both,1,1,1,1,1,1,0.0,5,5,0,alpha,full,huber,-7.736725225846256,-0.04621780147820259,-1.4384761194542415,-7.594107560890308,-0.7184652094823611,-1.2953837267587702,-7.531864267010034,-0.7347543047729423,-1.3143553642760668,112.10410508528581,0.024617286399006844,153,2.577521800994873,1.0,1.0,disabled,single,3,row_9,row_8,-0.2955639660358429,-0.4185223877429962,0.512425363524704,0.45313796905091525,0.8172974841080158,0.12295842170715332,0.3730362446860407,0,116,0,disabled,0,0.0,50.0,alpha
1192,1.346982479095459,-0.7497363090515137,-25.059036254882812,-0.28885629773139954,1.139398455619812,0.009404301643371582,116,2,21,0.03212108835577965,0.5190311418685121,0.3,120,139,wall,both,1,1,1,1,1,1,0.0,2,2,0,alpha,full,huber,-7.652852829952093,-0.5943112993355628,-1.2492965503823068,-7.369315602752411,-1.164134763298516,-1.2606691016227773,-7.37261684372977,-1.246808607312266,-1.2844783115755887,65.82943874917315,0.03212108835577965,87,1.8689123392105103,1.0,1.0,disabled,single,3,row_9,row_8,-0.28885629773139954,-0.44182196259498596,0.5192916089197586,0.4456348645724925,0.8179803395757912,0.15296566486358643,0.36643338897553746,0,116,0,disabled,0,0.0,50.0,alpha
1196,0.7006320357322693,-0.20284515619277954,-21.74764060974121,-0.3373327851295471,1.2320364713668823,0.0021349191665649414,103,0,17,0.02030884101986885,0.5555555555555556,0.3,120,120,wall,both,1,1,1,1,1,1,0.0,4,4,0,alpha,full,huber,-7.431278233829773,-1.2776197614831202,-1.3211936119120062,-7.212758721293763,-1.5877508711554682,-1.2607717960973945,-7.200802766951637,-1.7293814246871384,-1.271207722446361,94.32282221036368,0.02030884101986885,122,1.2418407797813416,1.0,1.0,disabled,single,3,row_9,row_8,-0.3373327851295471,-0.3861433267593384,0.4967411672119067,0.4730771857062819,0.8073111482334755,0.04881054162979126,0.3623533937324358,0,116,0,disabled,0,0.0,50.0,alpha
1200,0.40823739767074585,-0.06886684894561768,-24.64483642578125,-0.22583507001399994,1.0080554485321045,0.0021135807037353516,103,14,21,0.019101643934845924,0.5208333333333334,0.3,120,138,wall,both,1,1,1,1,1,1,0.0,4,4,0,alpha,full,huber,-7.387346281486766,-2.890021818835704,-1.350268727415514,-7.262072758859759,-2.246611315681068,-1.3632866605613678,-7.150131540757856,-2.2512208019803044,-1.3159000241580079,134.49797660373085,0.019101643934845924,191,1.2719907760620117,1.0,1.0,disabled,single,3,row_9,row_8,-0.22583507001399994,-0.5382787585258484,0.5511662164458992,0.4032645258854182,0.8353114953029483,0.31244368851184845,0.3698837820652332,0,116,0,disabled,0,0.0,50.0,alpha
1204,2.3299009799957275,-2.2431564331054688,-48.42576217651367,-0.00578585360199213,0.15794335305690765,0.007704377174377441,119,0,19,0.010788560844957829,0.5208333333333334,0.3,120,138,wall,both,1,1,1,1,1,1,0.0,7,7,0,alpha,full,huber,-6.079498798203595,-2.2475482882614304,-1.2748359492582977,-6.90873484589764,-3.1111398611228616,-1.2749598954979278,-6.898805998453865,-3.182505070893544,-1.2962844509887035,179.13435957416016,0.010788560844957829,213,3.7559497356414795,0.7987327337030056,1.0,disabled,single,3,row_8,row_9,-0.00578585360199213,-1.2799956798553467,0.6648911877967468,0.1859380537042579,0.8679964044544635,1.2742098262533545,0.4023460254860231,1,117,0,disabled,0,0.0,50.0,alpha
1208,0.650521457195282,-0.17486701905727386,-29.281784057617188,-0.3485834300518036,1.0619629621505737,0.15492701530456543,119,22,21,0.007675372529774904,0.4807692307692307,0.3,120,162,wall,both,1,1,1,1,1,1,0.0,3,3,0,alpha,full,huber,-4.496864192620901,-4.125425122781495,-0.8479613731896491,-6.161412736074544,-4.804067539348651,-1.1630092624486499,-6.275042426595199,-4.898993982917303,-1.216961057926842,221.82379250747678,0.007675372529774904,250,1.6007091403007507,1.0,1.0,disabled,single,3,row_8,row_7,-0.3485834300518036,-0.5005494952201843,0.5160109914736838,0.4432624361904158,0.8324028996969506,0.15196606516838074,0.3130437823700516,0,117,0,disabled,0,0.0,50.0,alpha
1212,1.6456286907196045,-1.1190470457077026,-36.00761413574219,-0.05532076209783554,0.49836358428001404,0.005605638027191162,92,12,52,0.010047250427305698,0.49019607843137253,0.3,120,156,wall,both,1,1,1,1,1,1,0.0,4,4,0,alpha,full,huber,-7.253570793514643,-6.353090150510937,-1.522173047611605,-6.3433288375845915,-5.70509946352812,-1.277388274810619,-6.179998931107795,-5.6517851554137994,-1.2492494800194756,182.78831090345085,0.010047250427305698,250,2.649715304374695,1.0,1.0,disabled,single,3,row_9,row_8,-0.05532076209783554,-0.9176802635192871,0.6386524234643145,0.2696165775907025,0.8589053315832442,0.8623595014214516,0.3930741487353476,1,118,0,disabled,0,0.0,50.0,alpha
1216,0.8053520321846008,-0.2680131793022156,-33.39986801147461,-0.20786172151565552,0.8141397833824158,0.12181568145751953,96,34,32,0.009344570338726044,0.4807692307692307,0.3,120,162,wall,both,1,1,1,1,1,1,0.0,2,2,0,alpha,full,huber,-6.16332736345075,-5.500869081832211,-0.8980473636470525,-6.286697715268626,-5.946535224026787,-1.2415568497846048,-6.176645565715284,-5.9693840406117324,-1.2462874683048946,207.46279063996482,0.009344571270048618,250,1.4566760063171387,1.0,1.0,disabled,single,3,row_8,row_9,-0.20786172151565552,-0.7164468169212341,0.5848488411240162,0.3516964083582588,0.8562040814055549,0.5085850954055786,0.3285401348643915,1,119,0,disabled,0,0.0,50.0,alpha
1220,1.4639688730239868,-0.8856219053268433,-36.024452209472656,-0.171512633562088,0.605917751789093,0.14843201637268066,102,48,35,0.0126096922904253,0.44776119402985076,0.3,120,185,wall,both,1,1,1,1,1,1,0.0,3,3,0,alpha,full,huber,-5.8831241494279505,-5.892193462394936,-0.844963343442171,-5.924181416898723,-6.375024837749239,-1.1342369582097604,-5.956898259808806,-6.4501918622008,-1.1773178424620296,186.12153914005728,0.0126096922904253,250,2.1517776250839233,1.0,1.0,disabled,single,3,row_8,row_9,-0.171512633562088,-0.9162184000015259,0.6194606075943446,0.29416573858710027,0.8681435610568564,0.7447057664394379,0.3073935337909474,0,119,0,disabled,0,0.0,50.0,alpha
1224,0.8435332179069519,-0.29402822256088257,-40.06193542480469,-0.15250694751739502,0.384123831987381,0.17126256227493286,115,18,48,0.009246286936104298,0.4531722054380664,0.3,120,181,wall,both,1,1,1,1,1,1,0.0,3,3,0,alpha,full,huber,-5.502671247800402,-6.897935243305137,-0.8244295492157443,-5.668984988186094,-6.722930315317308,-1.065435924742472,-5.737643070039654,-6.767947885526585,-1.1137202194519107,200.5557779671601,0.009246286936104298,250,1.2724565267562866,1.0,1.0,disabled,single,3,row_8,row_9,-0.15250694751739502,-1.1400444507598877,0.6485671687636642,0.24158661685891336,0.866617740852674,0.9875375032424927,0.2804827574917708,0,119,0,disabled,0,0.0,50.0,alpha
1228,0.911764919757843,-0.3435187041759491,0.0,-0.15050967037677765,0.8084071278572083,0.03597527742385864,0,0,0,0.009051766246557236,0.5,0.3,0,0,wall,both,1,1,1,1,1,1,0.0,0,0,0,alpha,full,huber,-6.8188010141756115,-7.129646445253178,-1.685287037826368,-5.676453672154008,-7.11751538918803,-1.15132135197247,-5.606415633614233,-7.147347738856132,-1.1292080335468038,199.98756517440944,0.009051766246557236,250,1.677703857421875,1.0,1.0,disabled,single,3,row_9,row_8,-0.15050967037677765,-0.6626741886138916,0.586808238866732,0.35161385417576196,0.8519622541719907,0.512164518237114,0.3825475221032433,1,120,0,disabled,0,0.0,50.0,alpha
1232,1.231305480003357,-0.6264930367469788,0.0,-0.027687782421708107,0.05855424329638481,0.08122092485427856,0,0,0,0.01491710264235735,0.5,0.3,0,0,wall,both,1,1,1,1,1,1,0.0,0,0,0,alpha,full,huber,-7.438219579320784,-7.94031929343931,-1.777377243197196,-5.762925518507505,-7.60046064482453,-1.267879648189224,-5.587778286108103,-7.578870809892095,-1.1962787860329436,197.18858981745674,0.014917103573679924,250,3.0825843811035156,0.9732093688627749,1.0,disabled,single,3,row_9,row_8,-0.027687782421708107,-1.374800682067871,0.665286875889801,0.1729677983215084,0.8692835716664469,1.347112899646163,0.37984915661199786,0,120,0,disabled,0,0.0,50.0,alpha
1236,0.9498729705810547,-0.37283414602279663,0.0,-0.16730986535549164,0.8676736950874329,0.0014142394065856934,0,0,0,0.009823637083172798,0.5,0.3,0,0,wall,both,1,1,1,1,1,1,0.0,0,0,0,alpha,full,huber,-6.389581394237963,-8.978519966745997,-1.224880400906394,-5.768202410362679,-8.263567903804068,-1.2672112914634097,-5.577523811455365,-8.176814218892385,-1.220628357714483,204.02301452920642,0.009823637083172798,250,1.9552176594734192,1.0,1.0,disabled,single,3,row_9,row_8,-0.16730986535549164,-0.5888450741767883,0.5701639770911985,0.3740497424384419,0.849175825507601,0.4215352088212967,0.39452141506238403,0,120,0,disabled,0,0.0,50.0,alpha
1240,0.30606982111930847,-0.03871022164821625,0.0,-0.009292617440223694,0.18910466134548187,0.018158376216888428,0,0,0,0.007758776191622019,0.5,0.3,0,0,wall,both,1,1,1,1,1,1,0.0,0,0,0,alpha,full,huber,-7.119195343871872,-8.86068911392878,-1.5624165658091176,-5.727364262115255,-8.98397311477374,-1.2910145625551073,-5.518659550369129,-8.946706862168378,-1.2512163840391044,216.70986827076024,0.007758776191622019,250,1.6891697645187378,1.0,1.0,disabled,single,3,row_9,row_8,-0.009292617440223694,-1.1993645429611206,0.6594646775007383,0.2006087483889765,0.8719953578618114,1.190071925520897,0.4070342503325704,0,120,0,disabled,0,0.0,50.0,alpha
1244,2.152482509613037,-1.9145376682281494,0.0,-0.1950332522392273,0.9329156279563904,0.019960641860961914,0,0,0,0.009558545425534248,0.5,0.3,0,0,wall,both,1,1,1,1,1,1,0.0,0,0,0,alpha,full,huber,-7.7077074856407775,-10.41528070478386,-1.4782069758356715,-5.9008400050400285,-10.238748654492035,-1.4093471450032067,-5.498629108226689,-10.230702420676899,-1.3285841053690561,195.56087411197268,0.009558545425534248,250,4.729933023452759,0.6342584525245685,1.0,disabled,single,3,row_9,row_10,-0.1950332522392273,-0.8014922142028809,0.603976605742736,0.3293353402728322,0.8508959516870669,0.6064589619636536,0.3091865617722197,0,120,0,disabled,0,0.0,50.0,alpha
1248,0.3981624245643616,-0.06550963968038559,0.0,-0.6915929913520813,1.6656829118728638,0.13558828830718994,0,0,0,0.008427120745182037,0.5,0.3,0,0,wall,both,1,1,1,1,1,1,0.0,0,0,0,alpha,full,huber,-4.571188703034,-10.983026050033024,-1.8314120500213134,-4.931033187258735,-11.386848084918023,-2.1835666265556672,-5.050238687248678,-11.474972432827816,-2.2307738385264058,188.82108295327444,0.008427121676504612,250,1.5936542749404907,1.0,1.0,disabled,single,3,row_8,row_9,-0.6915929913520813,-1.8204131126403809,0.6567954433593951,0.2124172496662053,0.8712281098028442,1.1288201212882996,-0.2712103328461481,1,121,0,disabled,0,0.0,50.0,alpha
1252,0.785223126411438,-0.2547832131385803,0.0,-1.7801685333251953,1.825016975402832,0.5047810077667236,0,0,0,0.010856161825358868,0.5,0.3,0,0,wall,both,1,1,1,1,1,1,0.0,0,0,0,alpha,full,huber,-6.202994510061855,-11.34438740157345,2.9162320314334993,-5.6448877561194095,-11.98243046779568,3.118232208546492,-5.592960531870451,-12.044907030283147,-3.1229993996519583,190.42278317276129,0.010856161825358868,250,2.0440183877944946,1.0,1.0,disabled,single,3,row_9,row_8,-1.7801685333251953,-2.613199234008789,0.6647299950879777,0.28897790592363426,0.7724429253329469,0.8330307006835938,-1.371794190125396,1,122,0,disabled,0,0.0,50.0,alpha
1256,0.988625705242157,-0.4038763642311096,-41.52376937866211,-1.034518837928772,2.0824289321899414,0.13175058364868164,54,0,70,0.02927965112030506,0.5474452554744526,0.3,115,124,wall,both,1,1,1,1,1,1,0.0,2,2,0,alpha,full,huber,-5.689837117664034,-11.298800431948136,2.3826560938322077,-6.346076223213037,-11.631502467123674,2.105215276011732,-6.401777528376304,-11.846242779156583,2.1633528516291447,118.79034549490657,0.02927965112030506,250,1.7813937664031982,1.0,1.0,disabled,single,3,row_9,row_8,-1.034518837928772,-1.2163972854614258,0.5279068519280922,0.4401173534809105,0.8085415190135803,0.1818784475326538,-0.3956834102867661,0,122,0,disabled,0,0.0,50.0,alpha
1260,1.3913753032684326,-0.7999691367149353,-27.45995330810547,-0.35511234402656555,1.2641170024871826,0.0008642077445983887,70,6,51,0.017098797485232353,0.5415162454873647,0.3,120,127,wall,both,1,1,1,1,1,1,0.0,7,7,0,alpha,full,huber,-8.326666438424622,-10.098488685827522,1.69052472417538,-7.35087989464578,-9.761059417908829,1.3782671126168318,-7.422671329085961,-9.992168371659458,1.4234146932979916,184.98669524941326,0.017098797485232353,250,1.3425419330596924,1.0,1.0,disabled,single,3,row_10,row_9,-0.35511234402656555,-0.3823765516281128,0.492188989722554,0.4789511268542484,0.8038092030230564,0.02726420760154724,0.353780166768212,1,123,0,disabled,0,0.0,50.0,alpha
1264,0.7490085959434509,-0.23182392120361328,-42.36469650268555,-0.06395339220762253,0.5047735571861267,0.04238319396972656,39,27,81,0.011116513051092625,0.5050505050505051,0.3,120,147,wall,both,1,1,1,1,1,1,0.0,8,8,0,alpha,full,huber,-7.17015298475385,-10.231134195302612,2.155707538201483,-7.184711399709612,-8.773772608145357,1.5393863931771412,-7.212739763316719,-8.770328921512382,1.4722027447337922,188.6002805872557,0.0111165139824152,250,1.8225237727165222,1.0,1.0,disabled,single,3,row_9,row_10,-0.06395339220762253,-1.3336349725723267,0.6731264130830391,0.18909538434601933,0.8544689652439172,1.2696815803647041,0.331868739578356,1,124,0,disabled,0,0.0,50.0,alpha
1268,1.410548210144043,-0.8221678733825684,-26.51342010498047,-0.31426820158958435,1.189204216003418,0.0001252293586730957,116,20,47,0.017715582624077797,0.4504504504504505,0.3,120,183,wall,both,1,1,1,1,1,1,0.0,11,11,0,alpha,full,huber,-6.307667289486937,-7.826826134957036,1.754208220769872,-6.960224649191827,-8.182821881585085,1.4972396075459118,-7.060766470985223,-8.216595433786747,1.4760897394909165,179.30153226175824,0.017715582624077797,250,2.2921706438064575,1.0,1.0,disabled,single,3,row_9,row_8,-0.31426820158958435,-0.39535921812057495,0.5018220056520217,0.4627349693919844,0.8209687644425511,0.0810910165309906,0.3752415909900749,0,124,0,disabled,0,0.0,50.0,alpha
1272,4.238365650177002,-6.789336681365967,-20.83784294128418,-0.22733494639396667,1.0114377737045288,0.0002257227897644043,147,13,32,0.026870593428611755,0.43859649122807015,0.3,120,192,wall,both,1,1,1,1,1,1,0.0,9,9,0,alpha,full,huber,-8.550720646714591,-7.834294530674256,1.7487882569701183,-7.265997363912774,-7.944838110073542,1.626322699305028,-7.142153443714586,-7.8572374142279795,1.5332056494761934,113.28276888997122,0.026870593428611755,250,4.764446020126343,0.6296639708640138,1.0,disabled,single,3,row_9,row_10,-0.22733494639396667,-0.4697607457637787,0.5369902675259431,0.4213880618299523,0.8303722005885162,0.242425799369812,0.3944403620313588,0,124,0,disabled,0,0.0,50.0,alpha
1276,2.842245578765869,-3.338165283203125,-25.04209327697754,-0.23618222773075104,1.0301629304885864,0.009287714958190918,111,31,37,0.025665145367383957,0.45592705167173253,0.3,120,179,wall,both,1,1,1,1,1,1,0.0,10,10,0,alpha,full,huber,-8.663516149903057,-7.232565178580636,1.8617497183866067,-7.649554230877328,-7.360676553361604,1.711227024375324,-7.386097323253637,-7.349533137381851,1.61974192316009,142.31860072385072,0.025665145367383957,250,3.8661699295043945,0.7759617540620029,1.0,disabled,single,3,row_9,row_10,-0.23618222773075104,-0.46824049949645996,0.5351208813953698,0.4242973031294896,0.828391816333906,0.23205827176570892,0.3890803833440515,0,124,0,disabled,0,0.0,50.0,alpha
1280,0.8428693413734436,-0.2935656011104584,-22.549999237060547,-0.2708439230918884,1.103790521621704,0.004917621612548828,82,1,40,0.009866888634860516,0.5494505494505495,0.3,120,123,wall,both,1,1,1,1,1,1,0.0,4,4,0,alpha,full,huber,-8.692568693237194,-7.52437598900337,1.824565493247949,-8.44305626151576,-6.404233703185902,1.8001774731501192,-7.944732093501306,-6.261277139504356,1.6991585413854606,189.82495640306794,0.009866888634860516,250,2.210586190223694,1.0,1.0,disabled,single,3,row_9,row_10,-0.2708439230918884,-0.4172501862049103,0.5171461127295077,0.44671427658453594,0.8209967846876649,0.14640626311302185,0.3885859048122585,0,124,0,disabled,0,0.0,50.0,alpha
1284,1.161707878112793,-0.5576715469360352,-17.917465209960938,-0.28278011083602905,1.128036379814148,0.0015545487403869629,102,0,25,0.008937252685427666,0.5415162454873647,0.3,120,127,wall,both,1,1,1,1,1,1,0.0,11,11,0,alpha,full,huber,-9.221566932854985,-5.939607837394016,1.7968627133755257,-9.035963360421551,-6.092255755570559,1.849763833720789,-8.523550974268472,-5.9195203019398495,1.7680706301090137,174.54651085628788,0.00893725361675024,250,1.5281176567077637,1.0,1.0,disabled,single,3,row_10,row_9,-0.28278011083602905,-0.41878509521484375,0.5214188382528226,0.45511432294196047,0.7858693177088538,0.1360049843788147,0.3684215371635524,1,125,0,disabled,0,0.0,50.0,alpha
1288,0.1061636358499527,-0.004657321609556675,-44.29421615600586,-0.09756304323673248,0.6176833510398865,0.055951833724975586,64,33,75,0.01012911181896925,0.46583850931677023,0.3,120,172,wall,both,1,1,1,1,1,1,0.0,8,8,0,alpha,full,huber,-10.820840778181841,-6.9381677630044996,2.087976833035957,-9.384037497407263,-5.647630655439342,1.8898401824863957,-9.017290814367446,-5.465892280845381,1.8248644900788697,203.4102692247921,0.010129112750291824,250,2.320072889328003,1.0,1.0,disabled,single,3,row_10,row_9,-0.09756304323673248,-2.1755447387695312,0.8880291206019364,0.1111658066518389,0.35539145496788965,2.0779816955327988,0.02118769982027953,0,125,0,disabled,0,0.0,50.0,alpha
1292,2.3986268043518066,-2.3774423599243164,-27.86629295349121,-0.20620112121105194,0.963005006313324,0.005353331565856934,117,4,24,0.008215149864554405,0.5084745762711864,0.3,120,145,wall,both,1,1,1,1,1,1,0.0,8,8,0,alpha,full,huber,-9.537672106777864,-5.069832107563455,1.6306805546501968,-9.93718263948045,-4.500998355814325,1.9063725603773192,-9.647221720623623,-4.328850865689737,1.8561541600111253,222.06751842339153,0.008215149864554405,250,3.0627373456954956,0.9795159236283616,1.0,disabled,single,3,row_10,row_9,-0.20620112121105194,-0.527906060218811,0.5694211671971208,0.41278026679162944,0.7576093550355474,0.3217049390077591,0.3569338090534391,0,125,0,disabled,0,0.0,50.0,alpha
1296,1.6834135055541992,-1.171025276184082,-27.22701644897461,-0.26534566283226013,1.0927281379699707,0.00018149614334106445,123,45,19,0.012330949306488037,0.44510385756676557,0.3,120,187,wall,both,1,1,1,1,1,1,0.0,8,8,0,alpha,full,huber,-9.697690601052084,-1.805505588548564,1.7740971818992897,-9.791199089970902,-2.846567075299428,1.7789334353982724,-9.938278911590592,-2.8409630733840787,1.8316451425941818,181.39933418731513,0.012330949306488037,250,2.3675527572631836,1.0,1.0,disabled,single,3,row_9,row_10,-0.26534566283226013,-0.456461101770401,0.527872524722875,0.4360423558911709,0.8190503272018597,0.19111543893814087,0.37355479204173836,1,126,0,disabled,0,0.0,50.0,alpha
1300,2.5695087909698486,-2.7282543182373047,-25.97111701965332,-0.26254960894584656,1.086929202079773,0.0017799735069274902,132,36,28,0.009362676180899143,0.43352601156069365,0.3,120,196,wall,both,1,1,1,1,1,1,0.0,7,7,0,alpha,full,huber,-9.919348222187372,-0.5675681704129834,1.8065020412933457,-10.12229758080536,-1.703443417485524,1.852651915850668,-10.17264666681585,-1.7388870809056605,1.8547664779851578,208.56199121927986,0.009362676180899143,250,2.933843493461609,1.0,1.0,disabled,single,3,row_9,row_10,-0.26254960894584656,-0.45625999569892883,0.5276954795940281,0.43476644870584036,0.8226739506648274,0.19371038675308228,0.3766862959034887,0,126,0,disabled,0,0.0,50.0,alpha
1304,2.6247975826263428,-2.84692645072937,-33.742645263671875,-0.2163810431957245,0.8566029667854309,0.11429667472839355,103,0,34,0.0347890742123127,0.5226480836236934,0.3,120,137,wall,both,1,1,1,1,1,1,0.0,4,4,0,alpha,full,huber,-7.813281710206256,-1.277051866109751,1.2722542885150308,-9.71816162626077,-0.8645193434709585,1.7105155518008945,-10.085986214106393,-0.8200230292207424,1.7894855008301054,116.64362656470533,0.034789077937603,250,5.254124641418457,0.5709799832974821,1.0,disabled,single,3,row_9,row_8,-0.2163810431957245,-0.6890831589698792,0.5827620214416275,0.36324472866068414,0.8401285392524944,0.47270211577415466,0.3235953292688555,0,126,0,disabled,0,0.0,50.0,alpha
1308,2.3673810958862305,-2.315906286239624,-18.667360305786133,-0.22829890251159668,1.013580322265625,3.5762786865234375e-07,149,5,27,0.011972829699516296,0.4531722054380664,0.3,120,181,wall,both,1,1,1,1,1,1,0.0,9,9,0,alpha,full,huber,-10.112761599302866,1.1783546224388708,1.874572024339498,-10.446851996443765,1.0409471126676757,1.8270486120238871,-10.486297729842242,1.0998213463973658,1.8283901349755922,191.32919306981023,0.011972829699516296,250,2.3436235189437866,1.0,1.0,disabled,single,3,row_9,row_10,-0.22829890251159668,-0.4998224079608917,0.5421138701542773,0.4132086067208966,0.8359904014642212,0.27152350544929504,0.38398030456167354,0,126,0,disabled,0,0.0,50.0,alpha
1312,1.1696878671646118,-0.565359354019165,-31.80253028869629,-0.16720689833164215,0.8582240343093872,0.029406070709228516,109,4,35,0.0076118106953799725,0.5033557046979865,0.3,120,148,wall,both,1,1,1,1,1,1,0.0,2,2,0,alpha,full,huber,-11.149384984550368,2.8629855328357268,1.5160818203752493,-11.085738136206405,2.164398926056887,1.9372931256880728,-10.929786143150839,2.1778304015915295,1.9026133569190904,202.09725987275647,0.00761181116104126,250,1.713365614414215,1.0,1.0,disabled,single,3,row_10,row_9,-0.16720689833164215,-0.6114237308502197,0.600429028584081,0.38507095453975443,0.7351565663999492,0.4442168325185776,0.3429039333189765,1,127,0,disabled,0,0.0,50.0,alpha
1316,2.1697275638580322,-1.9453380107879639,-24.007366180419922,-0.16547121107578278,0.861907958984375,0.009719431400299072,104,17,30,0.010061652399599552,0.4983388704318937,0.3,120,151,wall,both,1,1,1,1,1,1,0.0,3,3,0,alpha,full,huber,-10.408192851429613,3.205985008240746,1.8678434210692112,-10.843239563848991,2.9669512414215533,1.860967856612339,-10.992595786520749,2.8802735083673574,1.8868322609237556,181.6034932901911,0.010061652399599552,250,2.97946560382843,1.0,1.0,disabled,single,3,row_9,row_10,-0.16530628502368927,-0.6055842041969299,0.5762467644076511,0.37102077569263137,0.8406709378990831,0.44027791917324066,0.38591301457415395,1,128,0,disabled,0,0.0,50.0,alpha
1320,2.635280132293701,-2.869711399078369,-44.71213150024414,-0.008825075812637806,0.17615024745464325,0.0217437744140625,59,16,61,0.009800128638744354,0.5244755244755245,0.3,120,136,wall,both,1,1,1,1,1,1,0.0,2,2,0,alpha,full,huber,-9.985761994695913,4.887797595864146,1.5434974256233254,-10.83804778796825,4.153474085242662,1.7965228906302015,-11.092061319196755,4.057368672755418,1.8461043688516865,186.1202114438021,0.00980012770742178,250,3.9936635494232178,0.7511899695289237,1.0,disabled,single,3,row_9,row_10,-0.008825075812637806,-1.2518525123596191,0.6697499810799282,0.19322919894763782,0.8584607397336308,1.2430274365469813,0.3920257229942355,0,128,0,disabled,0,0.0,50.0,alpha
1324,1.3397868871688843,-0.7417474985122681,-35.30097198486328,-0.38309162855148315,0.9173359274864197,0.2191852331161499,83,13,37,0.0182640478014946,0.5300353356890459,0.3,120,133,wall,both,1,1,1,1,1,1,0.0,1,1,0,alpha,full,huber,-8.705844844505728,3.830556419955144,1.0534794537495884,-10.632832901376757,4.610023554917161,1.720519228935518,-10.968196784165688,4.708056143904346,1.7875022482457732,145.97238941262296,0.0182640478014946,250,3.9201918840408325,0.7652686625399768,1.0,disabled,single,3,row_9,row_8,-0.38309162855148315,-0.7956188321113586,0.5732929950982983,0.3795057384180822,0.830775237572973,0.4125272035598755,0.1732667291531509,0,128,0,disabled,0,0.0,50.0,alpha
1328,2.847946882247925,-3.3515710830688477,-16.063676834106445,-0.22501173615455627,1.00605309009552,0.004724979400634766,109,9,19,0.012948662042617798,0.5226480836236934,0.3,120,137,wall,both,1,1,1,1,1,1,0.0,1,1,0,alpha,full,huber,-10.741019574244948,4.382586505076146,1.8255562571177721,-10.782234500559818,4.842990389661264,1.8064989185577347,-10.9416906140613,5.077458311413368,1.801922166347362,168.61533992224247,0.012948662042617798,250,3.889792323112488,0.7712494012018347,1.0,disabled,single,3,row_9,row_10,-0.22501173615455627,-0.5384558439254761,0.5517982578619245,0.4033232690392625,0.83360223031156,0.3134441077709198,0.3695610382405269,0,128,0,disabled,0,0.0,50.0,alpha
1332,2.226637840270996,-2.0487258434295654,-31.856056213378906,-0.10714354366064072,0.6943639516830444,0.0005038976669311523,58,0,62,0.008429684676229954,0.5555555555555556,0.3,120,120,wall,both,1,1,1,1,1,1,0.0,2,2,0,alpha,full,huber,-10.739760195627259,6.216947687825691,1.7126155736517816,-10.85779210728184,5.413830194490917,1.7951653384052368,-10.943997679104289,5.433703938057393,1.80005211503242,206.95703173403095,0.008429684676229954,250,3.557078719139099,0.8433887009186218,1.0,disabled,single,3,row_9,row_10,-0.10714354366064072,-0.7112143635749817,0.603616863244689,0.3299261509345931,0.8507440556234875,0.604070819914341,0.3976720710369269,0,128,0,disabled,0,0.0,50.0,alpha
1336,0.47514206171035767,-0.09328924864530563,-30.014631271362305,-0.28777989745140076,1.071906328201294,0.0891646146774292,83,0,37,0.017622781917452812,0.5555555555555556,0.3,120,120,wall,both,1,1,1,1,1,1,0.0,2,2,0,alpha,full,huber,-8.94089193552467,6.107878972638851,1.326921010339813,-10.570955082391636,5.707424628632876,1.6971973879252904,-10.794015921944261,5.727145437234615,1.7508546679656067,171.6155965176745,0.017622781917452812,250,2.588208794593811,1.0,1.0,disabled,single,3,row_9,row_8,-0.27777886390686035,-0.5028900504112244,0.5328266126133633,0.4254233879892723,0.8316430087946545,0.225111186504364,0.35178034849783224,0,128,0,disabled,0,0.0,50.0,alpha
1340,0.28221502900123596,-0.03291128948330879,0.0,-0.02137361466884613,0.0369144044816494,0.07184946537017822,0,0,0,0.007952092215418816,0.5,0.3,0,0,wall,both,1,1,1,1,1,1,0.0,0,0,0,alpha,full,huber,-9.936930737406072,5.801516733162615,1.3710302043482603,-10.636194542322306,6.1704171243527455,1.7046465486657436,-10.778929916547668,6.29940894433461,1.7324572676818493,208.27713923134397,0.007952092215418816,250,1.4611272811889648,1.0,1.0,disabled,single,3,row_9,row_8,-0.02137361466884613,-1.4028406143188477,0.6687481072890364,0.1679960501868318,0.8646340637053566,1.3814669996500015,0.3809741963290813,0,128,0,disabled,0,0.0,50.0,alpha
1344,1.5287405252456665,-0.9657221436500549,-33.065956115722656,-0.15410208702087402,0.2433573603630066,0.18582427501678467,59,0,28,0.010872048325836658,0.6329113924050632,0.3,87,87,wall,both,1,1,1,1,1,1,0.0,3,3,0,alpha,full,huber,-12.481608223431188,6.558840964496231,2.3343895613309273,-11.313897204007807,7.14875360536424,1.882121328091157,-11.153586385920107,7.381244142181933,1.819281927960322,171.0242067849621,0.010872048325836658,250,3.3405150175094604,0.8980651139945082,1.0,disabled,single,3,row_10,row_9,-0.15410208702087402,-1.4406461715698242,0.7803247580774061,0.21554422415619942,0.5470036700395369,1.2865440845489502,0.09394300242045078,1,129,0,disabled,0,0.0,50.0,alpha
1348,1.4394729137420654,-0.8562323451042175,-33.9218864440918,-0.028914351016283035,0.2616615295410156,0.05793428421020508,62,0,22,0.0824580267071724,0.641025641025641,0.3,84,84,wall,both,1,1,1,1,1,1,0.0,3,3,0,alpha,full,huber,-7.903684548002237,7.176567744175799,1.4154655040884965,-10.343203866741035,7.745758336392697,1.9253956644859742,-10.822116942515066,7.854054144276082,2.0523918995597032,58.95455937454745,0.08245803415775299,250,5.007375955581665,0.5991161891201586,1.0,disabled,single,3,row_8,row_9,-0.028914351016283035,-1.111204743385315,0.6540866624742513,0.2216167329529344,0.8707721955171688,1.082290392369032,0.3956010738590004,1,130,0,disabled,0,0.0,50.0,alpha
1352,2.8660476207733154,-3.3943095207214355,-43.623626708984375,-1.5862268209457397,2.6711506843566895,0.012725353240966797,16,0,50,0.016779659315943718,0.6944444444444444,0.3,66,66,wall,both,1,1,1,1,1,1,0.0,2,2,0,alpha,full,huber,-11.923759318208829,8.923126224666984,1.8746037339509138,-11.268962851181351,7.931878475779984,2.275071593655431,-11.088915169823455,7.975958860060586,2.270134272464003,162.40329042665869,0.016779661178588867,250,4.45440411567688,0.6734907570334192,1.0,disabled,single,3,row_10,row_9,-1.5862268209457397,-1.6764118671417236,0.5100405028761937,0.4660556715209879,0.7884528932282345,0.09018504619598389,-0.9129616819328805,1,131,1,disabled,0,0.0,50.0,alpha
1356,1.9557305574417114,-1.580529808998108,-41.79765701293945,-3.1557507514953613,2.892251491546631,0.5636707544326782,26,0,54,0.011579238809645176,0.6521739130434783,0.3,58,80,wall,both,1,1,1,1,1,1,0.0,1,1,0,alpha,full,huber,-12.064209633287014,9.178570390048996,2.8341825833765597,-11.790141792209987,8.386709482713133,2.682891205800895,-11.574131838677511,8.341355803092155,2.6720191811171983,182.8272865820498,0.011579238809645176,250,3.179049015045166,0.9436784352182686,1.0,disabled,single,3,row_10,row_9,-3.1557507514953613,-3.483919382095337,0.5663441200342255,0.4079045695079373,0.782004880164183,0.3281686305999756,-2.5871973518940368,0,131,1,disabled,0,0.0,50.0,alpha
1360,0.2292616367340088,-0.02171938121318817,0.0,-1.8487448692321777,2.440694570541382,0.35863280296325684,0,0,0,0.009011853486299515,0.5,0.3,0,0,wall,both,1,1,1,1,1,1,0.0,0,0,0,alpha,full,huber,-12.280273938735723,8.753968698171715,2.5894186245769024,-12.230273844602738,8.733717916758739,-3.049891452886947,-12.152562031326578,8.664576480641784,-3.038943431669852,200.78571147518917,0.009011853486299515,250,0.7316977977752686,1.0,1.0,disabled,single,3,row_10,row_9,-1.8487448692321777,-2.446869373321533,0.6362258436183593,0.349823624072682,0.7147312950353591,0.5981245040893555,-1.396543190585936,0,131,0,disabled,0,0.0,50.0,alpha
1364,0.8637118935585022,-0.30826374888420105,0.0,-0.212626650929451,0.9781621098518372,0.0010105371475219727,0,0,0,0.011440248228609562,0.5,0.3,0,0,wall,both,1,1,1,1,1,1,0.0,0,0,0,alpha,full,huber,-12.473231767369422,7.303758936659179,-1.4716520650588416,-12.727307783196608,8.389369796879011,-2.3013987046106736,-12.7217071657059,8.497947417306147,-2.356463349824381,191.24240165742492,0.011440248228609562,250,2.135756254196167,1.0,1.0,disabled,single,3,row_10,row_9,-0.212626650929451,-1.2824442386627197,0.7406274392174501,0.25408786440185266,0.5982058039491169,1.0698175877332687,0.08763091027645314,0,131,0,disabled,0,0.0,50.0,alpha
1368,3.3280084133148193,-4.532252311706543,0.0,-1.09064519405365,2.214951992034912,0.010146081447601318,0,0,0,0.009004957042634487,0.5,0.3,0,0,wall,both,1,1,1,1,1,1,0.0,0,0,0,alpha,full,huber,-14.765583425298331,6.088095417060749,-1.284120316216472,-14.136318954018044,6.634445406486499,-1.141654704516674,-14.220104142105502,6.775530600239504,-1.2033065407043124,206.47621149253442,0.009004957042634487,250,4.3702616691589355,0.6864577517568542,1.0,disabled,single,3,row_10,row_9,-1.09064519405365,-4.930739879608154,0.9789329919870395,0.021038803308255045,0.10237795349450776,3.8400946855545044,-1.0693531098938935,0,131,0,disabled,0,0.0,50.0,alpha
1372,2.676140785217285,-2.9593923091888428,0.0,-0.1136765405535698,0.7065069675445557,0.02597486972808838,0,0,0,0.01173243299126625,0.5,0.3,0,0,wall,both,1,1,1,1,1,1,0.0,0,0,0,alpha,full,huber,-13.102029812979955,5.016310132268274,-1.224528502755434,-13.736493762990195,6.008394292576598,-0.993956526083671,-13.931737328617523,6.2710162897977275,-1.079804289498342,187.5258377593227,0.01173243299126625,250,3.9663820266723633,0.7563567956455471,1.0,disabled,single,3,row_10,row_9,-0.1136765405535698,-2.3019068241119385,0.8985975668476571,0.10074625262635545,0.3321150282337979,2.1882302835583687,-0.006756550489222746,0,131,0,disabled,0,0.0,50.0,alpha
1376,1.6924114227294922,-1.183577060699463,0.0,-0.1598324477672577,0.7761332392692566,0.07976561784744263,0,0,0,0.010345631279051304,0.5,0.3,0,0,wall,both,1,1,1,1,1,1,0.0,0,0,0,alpha,full,huber,-13.125054452844536,4.618598137053744,-1.0508323163675448,-13.494472558717963,5.502512061556461,-0.9197272668082285,-13.651569822462456,5.771672781469999,-0.9646211781949656,195.50549470425744,0.010345631279051304,250,2.542051911354065,1.0,1.0,disabled,single,3,row_10,row_9,-0.1598324477672577,-2.451390266418457,0.9076710234432701,0.09177355509974068,0.31128719615923633,2.2915578186511993,-0.06295917275347407,0,131,0,disabled,0,0.0,50.0,alpha
1380,3.303252696990967,-4.470874309539795,0.0,-1.093428611755371,2.2049615383148193,0.056471049785614014,0,0,0,0.009614745154976845,0.5,0.3,0,0,wall,both,1,1,1,1,1,1,0.0,0,0,0,alpha,full,huber,-14.739250861533488,6.689699652885096,-1.089020964564198,-13.601139025648859,5.468021032287553,-0.9321817698057752,-13.552015029591624,5.51261231003987,-0.9153820406264481,213.19897841044508,0.009614745154976845,250,5.194824457168579,0.5774978586350807,1.0,disabled,single,3,row_10,row_9,-1.093428611755371,-4.783067226409912,0.975590185319597,0.024371245920108683,0.11502478666367977,3.689638614654541,-1.068715938916381,0,131,0,disabled,0,0.0,50.0,alpha
1384,1.8786457777023315,-1.45839262008667,0.0,-0.10740232467651367,0.6951407194137573,0.0022118687629699707,0,0,0,0.011395998299121857,0.5,0.3,0,0,wall,both,1,1,1,1,1,1,0.0,0,0,0,alpha,full,huber,-12.96813767445855,4.035871917186426,-1.4386549815230854,-13.29181338573491,5.009994331807086,-0.9500271401855617,-13.342637603329145,5.158183716421691,-0.9201126655015837,184.8866566566126,0.011395998299121857,250,3.045651078224182,0.9850110610008551,1.0,disabled,single,3,row_10,row_9,-0.10740232467651367,-2.361670732498169,0.9044469259422263,0.09492197302175476,0.318997856694912,2.2542684078216553,-0.006970671021745561,0,131,0,disabled,0,0.0,50.0,alpha
1388,1.7468314170837402,-1.26091730594635,-29.229040145874023,-0.13057257235050201,0.7647850513458252,0.01208031177520752,87,0,33,0.016507430002093315,0.5555555555555556,0.3,120,120,wall,both,1,1,1,1,1,1,0.0,1,1,0,alpha,full,huber,-12.953055352414669,3.6080756984399667,-1.5277250645713243,-13.156716190496866,4.516478185894755,-1.1350731760193173,-13.17136906530865,4.734468076407618,-1.0327147825359555,164.98419324796654,0.016507430002093315,250,2.437109112739563,1.0,1.0,disabled,single,3,row_10,row_9,-0.13057257235050201,-2.4380948543548584,0.908995053624361,0.09045182337818919,0.308230831541874,2.3075222820043564,-0.03515694597367977,0,131,0,disabled,0,0.0,50.0,alpha
1392,0.2425239384174347,-0.02430490031838417,-31.3337459564209,-0.062216661870479584,0.5282846689224243,0.006962120532989502,96,0,24,0.010612094774842262,0.5555555555555556,0.3,120,120,wall,both,1,1,1,1,1,1,0.0,1,1,0,alpha,full,huber,-12.69343158603706,3.5167862994190946,-1.4902012657431485,-12.989593803644318,4.043012943717384,-1.2522544740451018,-13.014288849313992,4.277832615404808,-1.1383263112673259,186.67485482662792,0.010612094774842262,250,0.9406276941299438,1.0,1.0,disabled,single,3,row_10,row_9,-0.062216661870479584,-2.0946028232574463,0.8833420448890842,0.11573768925885783,0.3655857508914981,2.0323861613869667,0.06182612470954382,0,131,0,disabled,0,0.0,50.0,alpha
1396,4.7649359703063965,-8.094882011413574,0.0,-0.022079162299633026,0.2668803036212921,0.03913545608520508,0,0,0,0.013712650164961815,0.5,0.3,0,0,wall,both,1,1,1,1,1,1,0.0,0,0,0,alpha,full,huber,-12.506532583234272,3.9129211097477032,-1.0914416991341245,-12.54824497363628,2.7739545040331044,-1.2238721864594575,-12.428189530820525,2.7610176898112337,-1.1959625107024086,192.9374608550963,0.013712650164961815,250,6.226432800292969,0.48181681168370477,1.0,disabled,single,3,row_10,row_9,-0.022079162299633026,-1.782204031944275,0.851885673908132,0.14654425468878696,0.42812482350387937,1.7601248696446419,0.1382237844107109,0,131,0,disabled,0,0.0,50.0,alpha
1400,2.402385950088501,-2.3849000930786133,-29.110279083251953,-0.49775969982147217,0.9712206721305847,0.2656978368759155,112,0,8,0.01664751209318638,0.5555555555555556,0.3,120,120,wall,both,1,1,1,1,1,1,0.0,4,4,0,alpha,full,huber,-10.215212802550736,1.6474620936220368,-0.5200338148054482,-11.540415549462322,2.028932154054592,-0.9654788482354362,-11.805088448285174,1.9394632143363417,-1.049332112858533,152.44211983633852,0.01664751209318638,250,4.4295759201049805,0.6772657369712495,1.0,disabled,single,3,row_9,row_10,-0.49775969982147217,-0.8547178506851196,0.5628131864351921,0.3938576714882407,0.8264994503471095,0.35695815086364746,0.07704782413948752,1,132,0,disabled,0,0.0,50.0,alpha
1404,0.9142488837242126,-0.34539297223091125,-27.92998695373535,-0.304762601852417,0.9769267439842224,0.15068453550338745,113,0,9,0.012783972546458244,0.551470588235294,0.3,120,122,wall,both,1,1,1,1,1,1,0.0,2,2,0,alpha,full,huber,-10.540099581862513,3.3032388911515387,-0.8571766200681852,-10.99039985118095,2.0361320776695417,-0.8606302206358254,-11.309187608676174,1.8336542929346438,-0.9483498932751084,183.36274942081988,0.012783974409103394,250,2.725881338119507,1.0,1.0,disabled,single,3,row_9,row_10,-0.28859955072402954,-0.5960434079170227,0.5506866718473862,0.40493320864511867,0.8328492688790248,0.30744385719299316,0.3079897344844995,0,132,0,disabled,0,0.0,50.0,alpha
1408,0.610427737236023,-0.15397603809833527,-31.103195190429688,-0.19461803138256073,0.8108929395675659,0.10900282859802246,73,11,50,0.010147811844944954,0.528169014084507,0.3,88,134,wall,both,1,1,1,1,1,1,0.0,2,2,0,alpha,full,huber,-12.551633410745529,1.3229921149444466,-1.7687863012190006,-11.025363173218736,1.4464364110447998,-0.9951423934024839,-10.996809227680165,1.4024978615347494,-0.9643041263994245,206.8662426223879,0.010147811844944954,250,2.618764042854309,1.0,1.0,disabled,single,3,row_10,row_9,-0.16830940544605255,-2.4778716564178467,0.9091753054780896,0.09028539240249224,0.3077441062565184,2.309562250971794,-0.073092057358629,1,133,0,disabled,0,0.0,50.0,alpha
1412,3.582268238067627,-5.162649154663086,-23.2249698638916,-0.3408670127391815,1.2321382761001587,0.02927076816558838,115,5,5,0.010220405645668507,0.5454545454545454,0.3,120,125,wall,both,1,1,1,1,1,1,0.0,1,1,0,alpha,full,huber,-10.586352548095514,1.9063787082064936,-1.1398526123364965,-10.884979110957309,1.1474270401387527,-1.0505790075226475,-10.774799509187122,1.0355330212055467,-1.0002861339731317,196.42995526988403,0.010220405645668507,250,4.255647659301758,0.7049455782465371,1.0,disabled,single,3,row_10,row_9,-0.3408670127391815,-0.36926305294036865,0.49298149439552885,0.47917965820615677,0.8009003859891466,0.028396040201187134,0.36641662962785104,0,133,0,disabled,0,0.0,50.0,alpha
1416,3.4533846378326416,-4.84310245513916,-29.46161651611328,-0.16358846426010132,0.8578529953956604,0.0035869479179382324,75,4,45,0.013932068832218647,0.5474452554744526,0.3,120,124,wall,both,1,1,1,1,1,1,0.0,1,1,0,alpha,full,huber,-12.435752711370938,0.7355436496827678,-1.382250912595086,-10.902293904489646,0.8617808660983266,-1.1494885900506833,-10.715673412766446,0.7571726374566835,-1.0775752676987493,184.67981169912613,0.013932069763541222,250,4.449726104736328,0.6741987999681088,1.0,disabled,single,3,row_10,row_9,-0.16358846426010132,-2.5126307010650635,0.9123828118922912,0.087096562337318,0.3001775718355194,2.349042236804962,-0.07189283716385642,0,133,0,disabled,0,0.0,50.0,alpha
1420,3.327653646469116,-4.531372547149658,-25.57444190979004,-0.33284759521484375,1.2237051725387573,0.004425942897796631,73,0,47,0.013537480495870113,0.5555555555555556,0.3,120,120,wall,both,1,1,1,1,1,1,0.0,1,1,0,alpha,full,huber,-12.624554253070848,-0.4965667836132055,-1.311195785887868,-11.15075175381891,0.38459861983479415,-1.2554282009257207,-10.84109741555409,0.39951901108353105,-1.161422072041701,185.38201027960258,0.013537480495870113,250,5.144073247909546,0.5831954281014842,1.0,disabled,single,3,row_10,row_9,-0.33284759521484375,-3.104910135269165,0.9409320407043735,0.058839204541350706,0.2258940085985229,2.7720625400543213,-0.2719632329171674,0,133,0,disabled,0,0.0,50.0,alpha
1424,1.1222480535507202,-0.5204300284385681,-32.47361755371094,-0.2079509198665619,0.967102587223053,0.005173981189727783,64,19,58,0.007780042011290789,0.5154639175257733,0.3,120,141,wall,both,1,1,1,1,1,1,0.0,1,1,0,alpha,full,huber,-12.16382897163406,-1.6713314530883716,-1.2856230168312752,-10.928298465332595,-0.7836785360622909,-1.280517346626918,-10.63926572300576,-0.7577384702587739,-1.2164992462236959,213.93011418762578,0.007780042011290789,250,3.368483543395996,0.890608477479898,1.0,disabled,single,3,row_10,row_9,-0.2079509198665619,-2.710740804672241,0.9240242968545005,0.07563721937321251,0.2709990694761127,2.5027898848056793,-0.12893400747747213,0,133,0,disabled,0,0.0,50.0,alpha
1428,3.730875015258789,-5.531095027923584,-32.21940231323242,-0.2656930387020111,1.0934239625930786,0.0015248656272888184,64,13,58,0.007797779515385628,0.5263157894736842,0.3,120,135,wall,both,1,1,1,1,1,1,0.0,3,3,0,alpha,full,huber,-12.29182276049222,-1.6739329328419128,-1.332161136357258,-11.01328083794266,-1.2608901852883134,-1.3240650253734996,-10.747292843941052,-1.2228293131160495,-1.2700807790321211,223.6718726121481,0.007797780446708202,250,5.348858118057251,0.5608673727710737,1.0,disabled,single,3,row_10,row_9,-0.2656930387020111,-2.910243511199951,0.9334342963183675,0.06630863325841455,0.2463485072777654,2.64455047249794,-0.19680833599142894,0,133,0,disabled,0,0.0,50.0,alpha
1432,3.21451473236084,-4.250863075256348,-36.742401123046875,-0.17740151286125183,0.8934801816940308,3.6656856536865234e-05,72,7,78,0.009674116969108582,0.4885993485342019,0.3,119,157,wall,both,1,1,1,1,1,1,0.0,3,3,0,alpha,full,huber,-12.094650284717495,-1.6406050135869736,-1.3959528412564306,-11.336009228007958,-2.03815323273431,-1.409510122569551,-10.945629723490143,-1.9401171465127411,-1.336609679154288,211.32688305889744,0.009674116969108582,250,4.063196897506714,0.7383348815413991,1.0,disabled,single,3,row_10,row_9,-0.17740151286125183,-2.5975377559661865,0.917985383219356,0.08161762448382759,0.2861746922132463,2.4201362431049347,-0.09182770195383994,0,133,0,disabled,0,0.0,50.0,alpha
1436,1.750288724899292,-1.265913486480713,-47.50454330444336,-5.905790328979492,3.620952844619751,0.8562016487121582,59,0,59,0.01315539050847292,0.5597014925373135,0.3,85,118,wall,both,1,1,1,1,1,1,0.0,2,2,0,alpha,full,huber,-14.834656006413548,-1.8159496468780822,-2.8318122726890653,-12.008242307463743,-2.8529648690299254,-1.5213869395887476,-11.40154633864401,-2.7125556212942854,-1.4345613074799033,184.1746662178468,0.01315539050847292,250,4.767090559005737,0.6293146653848556,1.0,disabled,single,3,row_10,row_9,-5.905790328979492,-11.370319366455078,0.9957823286026202,0.004216475757775985,0.027283944752661566,5.464529037475586,-5.90156373811769,0,133,1,disabled,0,0.0,50.0,alpha
1440,0.7245553731918335,-0.21693408489227295,-29.88373565673828,-0.2622529864311218,1.0863406658172607,0.0003520846366882324,67,0,68,0.011430015787482262,0.5263157894736842,0.3,120,135,wall,both,1,1,1,1,1,1,0.0,1,1,0,alpha,full,huber,-11.892666438661225,-3.7364915335059257,-1.3514882987691783,-11.805897449256094,-3.4255755465273823,-1.4411633716351457,-11.56901101451086,-3.322274112943354,-1.433938683191763,169.03336049156042,0.011430015787482262,250,0.9293989837169647,1.0,1.0,disabled,single,3,row_10,row_9,-0.2622529864311218,-2.838568687438965,0.929063633497067,0.07065872037995614,0.2578704772236579,2.576315701007843,-0.1886749406845909,0,133,0,disabled,0,0.0,50.0,alpha
1444,0.3713400661945343,-0.05698075890541077,-34.79528045654297,-0.28504613041877747,1.1325668096542358,5.960464477539063e-08,62,0,80,0.01499828603118658,0.5136986301369862,0.3,120,142,wall,both,1,1,1,1,1,1,0.0,2,2,0,alpha,full,huber,-11.802884646906904,-4.40626206812857,-1.3426413364196492,-11.683410226890993,-4.294362294359926,-1.4199094597694149,-11.559761317056289,-4.290818979458829,-1.4383995032868078,148.1973415661922,0.01499828789383173,218,0.5773506164550781,1.0,1.0,disabled,single,3,row_10,row_9,-0.28504613041877747,-2.897796154022217,0.9314330933441962,0.06830441030690833,0.2516389767522327,2.6127500236034393,-0.2140152121076297,0,133,0,disabled,0,0.0,50.0,alpha
1448,1.530699610710144,-0.968198835849762,-39.7816047668457,-0.0425792820751667,0.42813336849212646,0.02126866579055786,118,0,7,0.0318756140768528,0.5454545454545454,0.3,120,125,wall,both,1,1,1,1,1,1,0.0,1,1,0,alpha,full,huber,-10.223417839067215,-4.308558551448196,-1.1362794102575728,-11.2773204378648,-5.110661046353723,-1.312321141762945,-11.358533639994228,-5.151326400110797,-1.3837644637030744,70.87083781018009,0.0318756178021431,92,2.3057907819747925,1.0,1.0,disabled,single,3,row_10,row_9,-0.0425792820751667,-0.9550424814224243,0.7087726858501623,0.28459629390057395,0.6348827035439906,0.9124631993472576,0.30164113412306454,0,133,0,disabled,0,0.0,50.0,alpha
1452,2.3487071990966797,-2.279514789581299,-38.63859939575195,-0.33215653896331787,1.222462773323059,0.003967463970184326,41,29,79,0.0186749417334795,0.5016722408026756,0.3,120,149,wall,both,1,1,1,1,1,1,0.0,1,1,0,alpha,full,huber,-11.658954944012281,-5.6349704014175135,-1.3113890760665097,-11.392315946580723,-6.07147754644111,-1.4030241155575438,-11.290579509422765,-6.0597408051661645,-1.382161520031766,94.13789657014289,0.0186749417334795,122,2.8110064268112183,1.0,1.0,disabled,single,3,row_10,row_9,-0.33215653896331787,-3.0807576179504395,0.9396252095508939,0.060152319495201674,0.229466212102903,2.7486010789871216,-0.26988234249424065,0,133,0,disabled,0,0.0,50.0,alpha
1456,1.8905199766159058,-1.4768866300582886,-46.572669982910156,-1.6543375253677368,2.684598684310913,0.11370033025741577,31,0,141,0.019594011828303337,0.46583850931677023,0.3,120,172,wall,both,1,1,1,1,1,1,0.0,1,1,0,alpha,full,huber,-12.973778479073781,-6.616408941982476,-1.8820002122344834,-11.392456871382628,-7.677873090428811,-1.424947235718183,-11.177447340071046,-7.728246261717365,-1.3844229309516645,118.73712339509792,0.019594011828303337,169,4.167693138122559,0.7198226694183691,1.0,disabled,single,3,row_10,row_9,-1.6543375253677368,-6.027924537658691,0.9875422849515294,0.012448900475273798,0.06708479558890895,4.373587012290955,-1.6418015624481983,0,133,1,disabled,0,0.0,50.0,alpha
1460,3.3809337615966797,-4.6634721755981445,0.0,-3.7299270629882812,3.9082090854644775,0.28677916526794434,0,0,0,0.01611058972775936,0.5,0.3,0,0,wall,both,1,1,1,1,1,1,0.0,0,0,0,alpha,full,huber,-14.115959924782294,-7.194369822411903,-2.177210462637179,-11.729821310982699,-8.217212636618246,-1.5301521599241792,-11.381529547844242,-8.355122995840361,-1.4524361466987439,153.22165266400054,0.01611058972775936,185,6.4877448081970215,0.4624102964422418,1.0,disabled,single,3,row_10,row_9,-3.7299270629882812,-9.449679374694824,0.9967296202666587,0.0032697947918774416,0.021986548449695345,5.719752311706543,-3.726651323875145,0,133,1,disabled,0,0.0,50.0,alpha
1464,2.6840014457702637,-2.9768033027648926,-32.804622650146484,-0.7005691528320312,1.7712234258651733,0.028888583183288574,46,0,74,0.007550599053502083,0.5555555555555556,0.3,120,120,wall,both,1,1,1,1,1,1,0.0,1,1,0,alpha,full,huber,-11.513212204879176,-9.437677129769499,-1.1262941427931628,-11.781833618817515,-9.722217532310843,-1.556500583541716,-11.491773765524123,-9.794731817867039,-1.4954267464517579,221.52909625012185,0.0075505999848246574,250,2.677972197532654,1.0,1.0,disabled,single,3,row_10,row_9,-0.7005691528320312,-3.9839677810668945,0.9637796003212793,0.03614230308402353,0.15629795160897111,3.2833986282348633,-0.663676511948415,0,133,0,disabled,0,0.0,50.0,alpha
1468,1.6381016969680786,-1.1088335514068604,0.0,-0.0912206768989563,0.5264598727226257,0.0852012038230896,0,0,0,0.013693630695343018,0.5,0.3,0,0,wall,both,1,1,1,1,1,1,0.0,0,0,0,alpha,full,huber,-9.110280563063347,-9.82469142899926,-0.9937043335862903,-10.922069447093468,-10.671577239984746,-1.342689081801544,-11.172668499221004,-10.686762247813306,-1.3983171884390804,174.1170275227309,0.013693630695343018,250,3.3653078079223633,0.8914489167789104,1.0,disabled,single,3,row_10,row_9,-0.0912206768989563,-0.8790713548660278,0.6814151244678933,0.30992211475294773,0.6655700743350519,0.7878506779670715,0.29236290093608686,0,133,0,disabled,0,0.0,50.0,alpha
1472,0.15838979184627533,-0.01036666426807642,0.0,-0.2675090730190277,1.0523627996444702,0.07241737842559814,0,0,0,0.007636557798832655,0.5,0.3,0,0,wall,both,1,1,1,1,1,1,0.0,0,0,0,alpha,full,huber,-10.587123618297799,-10.492980672482815,-1.0265845140750263,-10.705545131957848,-10.756882276250932,-1.3273808201649187,-10.939106815589426,-10.72182226203212,-1.3628490043019994,185.87283182778137,0.007636557798832655,250,0.7993571162223816,1.0,1.0,disabled,single,3,row_10,row_9,-0.2675090730190277,-2.865391492843628,0.9304158362655356,0.06925180447693928,0.25466969445597426,2.5978824198246,-0.195385416018176,0,133,0,disabled,0,0.0,50.0,alpha
1476,1.5547224283218384,-0.9988272786140442,0.0,-0.9977053999900818,2.118795871734619,0.004536867141723633,0,0,0,0.007662593387067318,0.5,0.3,0,0,wall,both,1,1,1,1,1,1,0.0,0,0,0,alpha,full,huber,-11.618368430388688,-10.768679844879541,-1.5047834147748498,-10.76892597847155,-11.41001675051509,-1.3485509644485112,-10.773967672301797,-11.445301933905206,-1.3434020452414486,216.4674344356943,0.007662593387067318,250,2.871259570121765,1.0,1.0,disabled,single,3,row_10,row_9,-0.9977053999900818,-4.81854772567749,0.9785293678075959,0.021438930976469248,0.10394696416442287,3.8208423256874084,-0.9760009204827015,0,133,0,disabled,0,0.0,50.0,alpha
1480,0.8431192636489868,-0.2937397360801697,0.0,-0.3175612986087799,1.1953589916229248,0.0027878880500793457,0,0,0,0.010689666494727135,0.5,0.3,0,0,wall,both,1,1,1,1,1,1,0.0,0,0,0,alpha,full,huber,-10.6891804573909,-10.62668394943655,-1.3348031826260622,-10.629195596185532,-11.37829856131183,-1.29443290733489,-10.686808269108191,-11.475644634575932,-1.3173128544972752,199.0321052981695,0.010689666494727135,250,1.9072701930999756,1.0,1.0,disabled,single,3,row_10,row_9,-0.3175612986087799,-3.0828592777252197,0.9405393936759002,0.059213855175502934,0.22708036693008438,2.76529797911644,-0.2562595533766633,0,133,0,disabled,0,0.0,50.0,alpha
1484,0.36478888988494873,-0.054987989366054535,0.0,-0.3632040023803711,1.2784082889556885,0.002217233180999756,0,0,0,0.009668629616498947,0.5,0.3,0,0,wall,both,1,1,1,1,1,1,0.0,0,0,0,alpha,full,huber,-10.428623078880971,-11.122755018467709,-1.3428869825388097,-10.219548984067634,-11.771530206247409,-1.1666249326595475,-10.372000202965587,-11.93695007587389,-1.235772418882198,186.24976093348278,0.009668629616498947,250,1.1485687494277954,1.0,1.0,disabled,single,3,row_10,row_9,-0.3632040023803711,-2.9376697540283203,0.9288735391248424,0.07077507226799858,0.2587595591536636,2.574465751647949,-0.28942132713862456,0,133,0,disabled,0,0.0,50.0,alpha
1488,0.36946845054626465,-0.05640782415866852,0.0,-0.9504826664924622,2.04818058013916,0.0668688416481018,0,0,0,0.006462086923420429,0.5,0.3,0,0,wall,both,1,1,1,1,1,1,0.0,0,0,0,alpha,full,huber,-10.481412725828719,-12.00212176262481,-1.0417202386344542,-10.320365824241446,-11.76831805557014,-1.2474889134049163,-10.34273348497925,-11.862542292721482,-1.2415055329913003,217.2919911549376,0.006462086923420429,250,0.9371347427368164,1.0,1.0,disabled,single,3,row_10,row_9,-0.9504826664924622,-3.7337398529052734,0.9415465446664979,0.05822219254006944,0.22420102378029497,2.7832571864128113,-0.8902511710998616,0,133,0,disabled,0,0.0,50.0,alpha
1492,3.4679863452911377,-4.879305362701416,0.0,-0.6778736114501953,1.2655212879180908,0.2808626890182495,0,0,0,0.01224182453006506,0.5,0.3,0,0,wall,both,1,1,1,1,1,1,0.0,0,0,0,alpha,full,huber,-9.34162324590469,-11.399440783321445,-0.6412549274313699,-10.164661535712543,-11.663545278938948,-1.1634720404479364,-10.253465026918317,-11.763724093753538,-1.202483631312225,188.11045529670596,0.01224182453006506,250,4.268896102905273,0.7027577921042155,1.0,disabled,single,3,row_10,row_9,-0.6778736114501953,-1.9205266237258911,0.7734210834530341,0.22322285612578865,0.5525773501329218,1.2426530122756958,-0.4209419720054442,0,133,0,disabled,0,0.0,50.0,alpha
1496,2.4955737590789795,-2.573507785797119,0.0,-0.6522380113601685,1.6987274885177612,0.051858723163604736,0,0,0,0.020845139399170876,0.5,0.3,0,0,wall,both,1,1,1,1,1,1,0.0,0,0,0,alpha,full,huber,-9.430047762303818,-11.849645645187534,-1.0860310431299753,-10.076927366885684,-11.702709321782686,-1.145425503505807,-10.165196196902,-11.733216707768111,-1.1739545674090157,97.3353899685608,0.020845139399170876,122,3.371621012687683,0.8897797198174875,1.0,disabled,single,3,row_10,row_9,-0.6522380113601685,-2.2339038848876953,0.827621970973162,0.17018577249915112,0.47138384252798987,1.5816658735275269,-0.4630392257138062,0,133,0,disabled,0,0.0,50.0,alpha
1500,1.76386559009552,-1.2856289148330688,0.0,-0.41303226351737976,1.358070731163025,0.027891874313354492,0,0,0,0.02202671393752098,0.5,0.3,0,0,wall,both,1,1,1,1,1,1,0.0,0,0,0,alpha,full,huber,-10.46305924680962,-11.198122007362228,-1.1727528914024496,-10.174125657010318,-11.637450391090217,-1.1845103649066613,-10.169553722026413,-11.685589362427114,-1.1792315388577668,71.0108382876968,0.02202671393752098,83,2.2117104530334473,1.0,1.0,disabled,single,3,row_10,row_9,-0.41303226351737976,-3.037168025970459,0.9321018112884333,0.0675796083453013,0.2501939904147756,2.6241357624530792,-0.3427190328344895,0,133,0,disabled,0,0.0,50.0,alpha
1504,0.8733594417572021,-0.3151887357234955,0.0,-0.969833493232727,2.0889389514923096,0.005642533302307129,0,0,0,0.02810448221862316,0.5,0.3,0,0,wall,both,1,1,1,1,1,1,0.0,0,0,0,alpha,full,huber,-9.788087269467848,-12.237870035290541,-1.3032104320263334,-10.118125437683451,-11.725906711671872,-1.2405973031617272,-10.143638834766946,-11.706234237693216,-1.2099115797517448,65.05466789570112,0.028104474768042564,80,1.3850114345550537,1.0,1.0,disabled,single,3,row_10,row_9,-0.969833493232727,-3.0350286960601807,0.8866644034043575,0.11242331645595141,0.3587406379649504,2.0651952028274536,-0.8495447748034908,0,133,0,disabled,0,0.0,50.0,alpha
1508,2.479801893234253,-2.541081666946411,0.0,-0.4018045961856842,1.3403037786483765,0.0252457857131958,0,0,0,0.10221804678440094,0.5,0.3,0,0,wall,both,1,1,1,1,1,1,0.0,0,0,0,alpha,full,huber,-10.46136732225288,-11.176257232696617,-1.1843124295847878,-10.229922934705757,-11.511814342781388,-1.20732072484273,-10.18678088473635,-11.609024290237302,-1.2086161522972372,24.48554734083871,0.10221804678440094,80,3.112661600112915,0.9638053811860473,1.0,disabled,single,3,row_10,row_9,-0.4018045961856842,-3.020475387573242,0.9317533410444113,0.06792453657827036,0.25112643532686363,2.618670791387558,-0.33111744132993526,0,133,0,disabled,0,0.0,50.0,alpha
1512,6.231998443603516,-11.732227325439453,0.0,-0.40294045209884644,1.343145728111267,0.022370219230651855,0,0,0,0.018992062658071518,0.5,0.3,0,0,wall,both,1,1,1,1,1,1,0.0,0,0,0,alpha,full,huber,-10.48344292091816,-11.160733311956024,-1.1975756337758638,-10.324128187948713,-11.418990850823986,-1.190386966580686,-10.255454536342532,-11.514007570530644,-1.1995015594389615,69.42669669107335,0.018992062658071518,80,6.56515097618103,0.4569582650702589,1.0,disabled,single,3,row_10,row_9,-0.40294045209884644,-3.0439722537994385,0.9331677646017918,0.06652336204992812,0.24733572547600635,2.641031801700592,-0.3337701698060196,0,133,0,disabled,0,0.0,50.0,alpha
1516,4.200709819793701,-6.695974349975586,0.0,-0.9536930322647095,2.0310864448547363,0.09515488147735596,0,0,0,0.0786362811923027,0.5,0.3,0,0,wall,both,1,1,1,1,1,1,0.0,0,0,0,alpha,full,huber,-10.660316126768965,-11.884201215115866,-1.8492716103012465,-10.543367323122364,-11.511361766732051,-1.4596428311691467,-10.399410929732447,-11.512684668631348,-1.329572195304054,26.241329909472004,0.0786362811923027,80,4.60254693031311,0.6518130168845254,1.0,disabled,single,3,row_10,row_9,-0.9536930322647095,-3.9964046478271484,0.9543188888857329,0.04552612172694007,0.18663260155554143,3.042711615562439,-0.9069356339561183,0,133,0,disabled,0,0.0,50.0,alpha
1520,1.7064073085784912,-1.2032338380813599,0.0,-1.0829432010650635,2.1421337127685547,0.1244581937789917,0,0,0,0.029716603457927704,0.5,0.3,0,0,wall,both,1,1,1,1,1,1,0.0,0,0,0,alpha,full,huber,-10.735090509836107,-11.968390244920641,-1.9137313801551292,-10.6415442260988,-11.775940978820497,-1.7434860130780279,-10.520477577915624,-11.644312823725922,-1.5365291041910407,40.50232166030702,0.029716605320572853,80,2.4915616512298584,1.0,1.0,disabled,single,3,row_10,row_9,-1.0829432010650635,-4.251828670501709,0.9595260926193829,0.040348492749898705,0.17029705136536374,3.1688854694366455,-1.0416274311363176,0,133,0,disabled,0,0.0,50.0,alpha
1524,1.024627447128296,-0.4338270425796509,0.0,-0.9806019067764282,2.065481185913086,0.08930784463882446,0,0,0,0.031951576471328735,0.5,0.3,0,0,wall,both,1,1,1,1,1,1,0.0,0,0,0,alpha,full,huber,-10.765281177676028,-11.85647213840455,-1.8353308191072837,-10.696889228483835,-11.893262903837229,-1.854924197129012,-10.60868340319973,-11.768787863781576,-1.6957266506600261,61.386336991192294,0.031951580196619034,80,1.112708866596222,1.0,1.0,disabled,single,3,row_10,row_9,-0.9806019067764282,-4.130748748779297,0.9587944397838801,0.041080348209501225,0.1726075287755822,3.1501468420028687,-0.9385233311969879,0,133,0,disabled,0,0.0,50.0,alpha
1528,1.3672409057617188,-0.7724577188491821,0.0,-0.9953312277793884,2.0756208896636963,0.09642863273620605,0,0,0,0.0397002175450325,0.5,0.3,0,0,wall,both,1,1,1,1,1,1,0.0,0,0,0,alpha,full,huber,-10.784358095003343,-11.855517274970936,-1.8522541667901298,-10.724089363028288,-11.904349758185667,-1.8607270242600615,-10.666386383114009,-11.836568810983621,-1.7782268374600436,58.949386684090086,0.0397002175450325,80,1.4684995412826538,1.0,1.0,disabled,single,3,row_10,row_9,-0.9953312277793884,-4.172824382781982,0.9598635989108136,0.04001674673598621,0.1691927132881291,3.177493155002594,-0.9543671386962765,0,133,0,disabled,0,0.0,50.0,alpha
1532,2.285182237625122,-2.1578750610351562,0.0,-0.3979305028915405,1.327561378479004,0.0392305850982666,0,0,0,0.3573770225048065,0.5,0.3,0,0,wall,both,1,1,1,1,1,1,0.0,0,0,0,alpha,full,huber,-10.43790154406985,-11.179386030703274,-1.128458082240127,-10.61459685482496,-11.634914189318945,-1.608025074623397,-10.640491618969484,-11.735741500151283,-1.6931259560417202,7.442958038636085,0.3573770225048065,80,2.9971566200256348,1.0,1.0,disabled,single,3,row_10,row_9,-0.3979305028915405,-2.987633466720581,0.9298804134124176,0.06978039011057235,0.2560949298363101,2.5897029638290405,-0.3252312140600111,0,133,0,disabled,0,0.0,50.0,alpha
1536,2.2901525497436523,-2.1672720909118652,0.0,-0.41029709577560425,1.3497366905212402,0.03655803203582764,0,0,0,0.03369640186429024,0.5,0.3,0,0,wall,both,1,1,1,1,1,1,0.0,0,0,0,alpha,full,huber,-10.419815423265874,-11.222425568628418,-1.1382608144827522,-10.52490849855207,-11.438207743713612,-1.3959972491731714,-10.582700058760778,-11.586974621932448,-1.5445616026074456,52.76289313608356,0.033696405589580536,80,2.3515539169311523,1.0,1.0,disabled,single,3,row_10,row_9,-0.41029709577560425,-2.9884936809539795,0.9291226622315266,0.07053042533576188,0.2580939671312337,2.5781965851783752,-0.33678258373892267,0,133,0,disabled,0,0.0,50.0,alpha
1540,3.785569906234741,-5.6667022705078125,0.0,-0.37144431471824646,1.2785099744796753,0.04482889175415039,0,0,0,0.02868553251028061,0.5,0.3,0,0,wall,both,1,1,1,1,1,1,0.0,0,0,0,alpha,full,huber,-10.438126230069537,-11.114537065007728,-1.1089320308129826,-10.448957569263115,-11.186535178700456,-1.145305228814074,-10.515828814011947,-11.386754900316452,-1.3449334157107595,50.65285060190422,0.02868553251028061,80,3.8986583948135376,0.7694954766980763,1.0,disabled,single,3,row_10,row_9,-0.37144431471824646,-2.9476540088653564,0.9289917558290478,0.07066074394449066,0.258434463494111,2.57620969414711,-0.2977889002684273,0,133,0,disabled,0,0.0,50.0,alpha
1544,2.1820831298828125,-1.9675565958023071,0.0,-0.3569686710834503,1.2561628818511963,0.03933155536651611,0,0,0,0.03128432482481003,0.5,0.3,0,0,wall,both,1,1,1,1,1,1,0.0,0,0,0,alpha,full,huber,-10.42214043183385,-11.098845050901039,-1.1280942013036799,-10.43851624766975,-11.164180345807031,-1.1353954220076259,-10.477172530840848,-11.275467623061742,-1.2401644188591925,61.30418736346811,0.03128432482481003,80,2.2406798601150513,1.0,1.0,disabled,single,3,row_10,row_9,-0.3569686710834503,-2.9138903617858887,0.9277020113318581,0.07193686663314783,0.26181690023574616,2.5569216907024384,-0.2819239648425459,0,133,0,disabled,0,0.0,50.0,alpha
1548,4.218273162841797,-6.73952054977417,0.0,-0.37203383445739746,1.2830404043197632,0.039016008377075195,0,0,0,0.03791949152946472,0.5,0.3,0,0,wall,both,1,1,1,1,1,1,0.0,0,0,0,alpha,full,huber,-10.348243640141268,-11.192955399878352,-1.1292329865111332,-10.413910409451702,-11.180556351076234,-1.1365949794780954,-10.445541470146274,-11.228011987068989,-1.1883796991686437,57.3729043073586,0.03791949152946472,80,4.285044193267822,0.7001094655483977,1.0,disabled,single,3,row_10,row_9,-0.37203383445739746,-2.8638346195220947,0.9231877110954712,0.07640375157834291,0.2734607583248284,2.4918007850646973,-0.2921111399354217,0,133,0,disabled,0,0.0,50.0,alpha
1552,1.2321146726608276,-0.6273167729377747,0.0,-0.44959351420402527,1.4172857999801636,0.028069734573364258,0,0,0,0.027734864503145218,0.5,0.3,0,0,wall,both,1,1,1,1,1,1,0.0,0,0,0,alpha,full,huber,-10.50725718867227,-11.238298128515924,-1.171995549216645,-10.434997164238853,-11.177640823199596,-1.140397404449936,-10.4402669893923,-11.202832192549696,-1.1643885518092896,70.35667120630302,0.027734868228435516,80,1.335029125213623,1.0,1.0,disabled,single,3,row_10,row_9,-0.44959351420402527,-3.1307613849639893,0.9356388354963384,0.06407547412421026,0.24063523869949113,2.681167870759964,-0.38306777772408424,0,133,0,disabled,0,0.0,50.0,alpha
1556,5.384942054748535,-9.632088661193848,0.0,-0.336065411567688,1.2096940279006958,0.051616132259368896,0,0,0,0.0858166515827179,0.5,0.3,0,0,wall,both,1,1,1,1,1,1,0.0,0,0,0,alpha,full,huber,-10.32851429194956,-11.116014096927215,-1.0867950413918055,-10.40774006071058,-11.162729152194334,-1.1279038058004642,-10.42400352505144,-11.182780672372015,-1.1461461788048766,41.58106223804323,0.0858166515827179,80,5.508811950683594,0.544582030909174,1.0,disabled,single,3,row_10,row_9,-0.336065411567688,-2.7875359058380127,0.9202644839254898,0.07929623241522017,0.2808458630010057,2.4514704942703247,-0.25297124384115915,0,133,0,disabled,0,0.0,50.0,alpha
1560,3.685331344604492,-5.418177127838135,0.0,-0.43904778361320496,1.3983453512191772,0.03328198194503784,0,0,0,0.023624226450920105,0.5,0.3,0,0,wall,both,1,1,1,1,1,1,0.0,0,0,0,alpha,full,huber,-10.467848711288793,-11.246354157044873,-1.1507700629898159,-10.419173037689307,-11.17031682524544,-1.1373609815970307,-10.421588281370372,-11.176548748808727,-1.1417535802009535,73.16897246487855,0.023624228313565254,80,3.7809934616088867,0.7934422607341514,1.0,disabled,single,3,row_10,row_9,-0.43904778361320496,-3.0763823986053467,0.9329365692585082,0.06675322413452414,0.24795305431171694,2.6373346149921417,-0.3696297173778929,0,133,0,disabled,0,0.0,50.0,alpha
1564,1.0718486309051514,-0.4747353494167328,0.0,-0.37743595242500305,1.2975444793701172,0.028424739837646484,0,0,0,0.028594553470611572,0.5,0.3,0,0,wall,both,1,1,1,1,1,1,0.0,0,0,0,alpha,full,huber,-10.490625655010664,-11.091865703374932,-1.1704913976842697,-10.434659238592957,-11.166494872701929,-1.1342823106943245,-10.428123759981665,-11.171521810755328,-1.138017945447639,68.21269948292671,0.028594549745321274,80,1.1595958471298218,1.0,1.0,disabled,single,3,row_10,row_9,-0.37743595242500305,-3.0124573707580566,0.9327905259591355,0.06689734235098314,0.24834838712634938,2.6350214183330536,-0.3078613324256969,0,133,0,disabled,0,0.0,50.0,alpha
1568,5.3513383865356445,-9.548773765563965,0.0,-0.4554775357246399,1.42886221408844,0.020872175693511963,0,0,0,0.02182147651910782,0.5,0.3,0,0,wall,both,1,1,1,1,1,1,0.0,0,0,0,alpha,full,huber,-10.546067539753397,-11.219708161658842,-1.2048196926688806,-10.447790027849504,-11.16735981832127,-1.1369184634100746,-10.437956893915583,-11.169440814538298,-1.1374682044288567,73.35789399978967,0.02182147651910782,80,5.467966794967651,0.5486500032811096,1.0,disabled,single,3,row_10,row_9,-0.4554775357246399,-3.1780052185058594,0.938094855727514,0.06164076287179805,0.23388400292087752,2.7225276827812195,-0.39157332614496476,0,133,0,disabled,0,0.0,50.0,alpha
