frame_idx,gps_dist,log_gps,log_semantic,log_corridor,corridor_dist,corridor_heading_misalign,correct_hits,incorrect_hits,no_hits,weight,gps_weight_used,corridor_weight_used,num_background_used,num_observations,semantic_model_used,semantic_classes_mode,gps_enabled,semantic_enabled,corridor_enabled,background_enabled,dynamic_gps_enabled,pose_smoothing_enabled,detection_drop_rate,detections_raw,detections_kept,detections_dropped,pose_backend_used,diagnostics_level,gnss_robust_mode,raw_best_x,raw_best_y,raw_best_theta,raw_weighted_x,raw_weighted_y,raw_weighted_theta,smoothed_x,smoothed_y,smoothed_theta,ess,max_weight,particle_count,gnss_innovation,gnss_robust_scale,gnss_row_gate_scale,gnss_row_gate_reason,row_likelihood_mode,row_mixture_top_k,row_hypothesis_id,row_hypothesis_second_id,row_hypothesis_score,row_hypothesis_second_score,row_hypothesis_prob,row_hypothesis_second_prob,row_hypothesis_entropy,row_hypothesis_gap,row_marginal_logscore,row_switch_event,row_switch_count,headland_flag,delayed_correction_status,delayed_correction_applied,delayed_correction_m,semantic_penalty_cap,smoother_status
0,0.6898153424263,-0.19663025438785553,-25.83145523071289,-0.22758136689662933,1.0096685886383057,0.015971839427947998,90,0,37,0.06851665675640106,0.5415162454873647,0.3,116,127,wall,both,1,1,1,1,1,1,0.0,4,4,0,alpha,full,huber,8.645274875515797,9.74997904316518,8.137635710550706,8.645274875515797,9.74997904316518,8.137635710550706,8.645274875515797,9.74997904316518,8.137635710550706,46.42319402327169,0.06851665675640106,100,2.2536131143569946,1.0,1.0,disabled,single,3,row_1,row_2,-0.22758136689662933,-0.48041990399360657,0.5520202906814445,0.42869523861908543,0.7672467561143377,0.25283853709697723,0.36658910800311095,0,0,0,disabled,0,0.0,50.0,alpha
4,0.5986484885215759,-0.1480909138917923,-32.46437072753906,-0.5011143684387207,0.18681949377059937,0.3476676940917969,109,25,27,0.019991645589470863,0.48231511254019294,0.3,120,161,wall,both,1,1,1,1,1,1,0.0,3,3,0,alpha,full,huber,9.868577268651991,7.59943692243684,-0.5343014388560228,9.868577268651991,7.59943692243684,-0.5343014388560228,8.943399362949803,9.852508145456962,0.7342755415343216,140.94125465186596,0.019991645589470863,250,4.497516870498657,0.6670347408096278,1.0,disabled,single,3,row_1,row_2,-0.5011143684387207,-1.6728930473327637,0.7601654644537826,0.2355109589224034,0.5725364000917584,1.171778678894043,-0.2268952154267434,0,0,0,disabled,0,0.0,50.0,alpha
8,0.9029811024665833,-0.3369317650794983,-35.022098541259766,-0.09749571979045868,0.42672789096832275,0.11820447444915771,99,0,42,0.011113656684756279,0.5154639175257733,0.3,120,141,wall,both,1,1,1,1,1,1,0.0,3,3,0,alpha,full,huber,9.858446563476797,6.251079966927539,-0.9159479186106774,10.53086235417546,6.685898427965558,-0.9120352501661223,10.335175763256803,8.579050240727629,-0.08199422213216723,177.6890709038676,0.011113656684756279,250,4.009718298912048,0.7481822353490484,1.0,disabled,single,3,row_1,row_2,-0.09749571979045868,-1.006035566329956,0.7076475338356575,0.28526149605946893,0.6376211931801095,0.9085398465394974,0.2483134230236863,0,0,0,disabled,0,0.0,50.0,alpha
12,0.7588239312171936,-0.23793958127498627,-32.26066207885742,-1.5229153633117676,1.9469525814056396,0.4083330035209656,87,0,39,0.011941109783947468,0.5434782608695653,0.3,115,126,wall,both,1,1,1,1,1,1,0.0,3,3,0,alpha,full,huber,12.174027019192232,6.797527590080944,-0.469417102526136,11.265098704452104,5.090855104235807,-0.980307651883,11.240072672861555,6.628210677349873,-0.530287025843732,171.62167029129503,0.011941109783947468,250,3.028215527534485,0.9906824572828681,1.0,disabled,single,3,row_1,row_2,-1.5190784931182861,-5.053434371948242,0.9715993355591397,0.028348883152813448,0.129516318326919,3.534355878829956,-1.4902667274013754,0,0,0,disabled,0,0.0,50.0,alpha
16,0.5820502638816833,-0.13999277353286743,-30.11943244934082,-0.6338282227516174,1.6284565925598145,0.10444265604019165,98,0,37,0.013632938265800476,0.5263157894736842,0.3,120,135,wall,both,1,1,1,1,1,1,0.0,6,6,0,alpha,full,huber,11.98624655255803,5.980082988633056,-0.9459744772350063,11.062084879337148,4.508890279808741,-1.0615416730578213,11.293053932448474,5.37412631422219,-0.7953513945442832,167.92166598005946,0.013632938265800476,250,2.38014817237854,1.0,1.0,disabled,single,3,row_1,row_2,-0.6221575140953064,-3.8096463680267334,0.9602616055005785,0.03963517173280898,0.167829451064122,3.187488853931427,-0.5816079881818782,0,0,0,disabled,0,0.0,50.0,alpha
20,0.816446840763092,-0.2754485309123993,-30.983980178833008,-0.7973257303237915,1.8362069129943848,0.1085212230682373,89,0,41,0.010873697698116302,0.5357142857142857,0.3,104,130,wall,both,1,1,1,1,1,1,0.0,3,3,0,alpha,full,huber,12.377046994825658,5.268034727304524,-0.8322217357111179,11.369920743740183,4.257671621212161,-1.0602360745809312,11.560975868001417,4.5298939375780325,-0.9259508092369533,184.23883135855198,0.010873696766793728,250,2.7117841243743896,1.0,1.0,disabled,single,3,row_1,row_2,-0.7973257303237915,-4.189495086669922,0.9674064677665463,0.032539326036890956,0.14404609338250005,3.3921693563461304,-0.7641891974292405,0,0,0,disabled,0,0.0,50.0,alpha
24,0.08710559457540512,-0.0031352827791124582,-36.6275634765625,-0.15185858309268951,0.766251266002655,0.072379469871521,94,8,22,0.009689787402749062,0.5474452554744526,0.3,91,124,wall,both,1,1,1,1,1,1,0.0,4,4,0,alpha,full,huber,11.44653357167799,4.134754552255278,-1.0165889452692882,11.3100405109682,3.548507681489745,-1.170108754644622,11.624702345586119,3.721895645683813,-1.0414405988275357,189.68621551559272,0.009689788334071636,250,1.625491738319397,1.0,1.0,disabled,single,3,row_1,row_2,-0.15185858309268951,-2.39573073387146,0.9035136244549703,0.09581497986540088,0.3212978506423715,2.2438721507787704,-0.0503944936693939,0,0,0,disabled,0,0.0,50.0,alpha
28,1.3456437587738037,-0.7482467889785767,-20.572391510009766,-0.44936081767082214,1.4220002889633179,0.0014556646347045898,104,18,32,0.014284981414675713,0.49342105263157904,0.3,120,154,wall,both,1,1,1,1,1,1,0.0,5,5,0,alpha,full,huber,12.28992944422875,3.107055358078527,-1.3454303349640608,11.514093979676707,3.0286769067610075,-1.2206822208278643,11.741007258366064,3.0378496072638863,-1.1276406139847297,198.51844115597316,0.014284981414675713,250,2.110921263694763,1.0,1.0,disabled,single,3,row_1,row_2,-0.44936081767082214,-3.3291873931884766,0.9466834498168837,0.05315106783165421,0.20928809502048945,2.8798265755176544,-0.39457030969848267,0,0,0,disabled,0,0.0,50.0,alpha
32,1.1104543209075928,-0.509549081325531,-28.868589401245117,-0.428139865398407,1.387923002243042,0.004036009311676025,73,27,49,0.00851346179842949,0.5016722408026756,0.3,120,149,wall,both,1,1,1,1,1,1,0.0,5,5,0,alpha,full,huber,12.346983624914245,2.5988672479959845,-1.2981226109754682,11.987926871306863,2.58694478237191,-1.1238985493576432,11.995607292409108,2.53956985393076,-1.1217427433059766,206.82932351742429,0.00851346179842949,250,1.9117481112480164,1.0,1.0,disabled,single,3,row_1,row_2,-0.428139865398407,-3.2700674533843994,0.9447297597177045,0.055090171802489055,0.21496098361404364,2.8419275879859924,-0.3712835044605155,0,0,0,disabled,0,0.0,50.0,alpha
36,0.874330461025238,-0.31588998436927795,-36.584163665771484,-0.032740917056798935,0.37332168221473694,0.020824313163757324,79,0,26,0.009149775840342045,0.5882352941176471,0.3,96,105,wall,both,1,1,1,1,1,1,0.0,4,4,0,alpha,full,huber,10.608243088452882,2.3157036658919314,-1.5924331658964583,12.076931159539546,1.8209905317158182,-1.1350190631343273,12.223581481401052,1.7640845847815712,-1.1157547199650653,197.89348893701097,0.009149775840342045,250,1.6274127960205078,1.0,1.0,disabled,single,3,row_1,row_2,-0.032740917056798935,-0.9572938680648804,0.7112124573307287,0.28214418905500693,0.6326880667918711,0.9245529510080814,0.3080431619471998,0,0,0,disabled,0,0.0,50.0,alpha
40,0.8330785632133484,-0.2867850959300995,-22.759597778320312,-0.5032216310501099,1.5048024654388428,0.0019049644470214844,44,0,34,0.010603511705994606,0.6578947368421053,0.3,78,78,wall,both,1,1,1,1,1,1,0.0,2,2,0,alpha,full,huber,12.676877579633933,1.4668518609537284,-1.3150821966503394,12.270056467223206,1.4034220778135622,-1.1280778321751703,12.339561930514975,1.3809228129654951,-1.118684034908417,181.39131161160557,0.01060351263731718,250,1.1847863793373108,1.0,1.0,disabled,single,3,row_1,row_2,-0.5032216310501099,-3.504756450653076,0.9525073186679393,0.04734981776805941,0.19203752349363715,3.0015348196029663,-0.45456414268019085,0,0,0,disabled,0,0.0,50.0,alpha
44,0.2563590407371521,-0.027157006785273552,-31.0093936920166,-0.4259456694126129,1.384466528892517,0.0006587505340576172,34,5,37,0.010914262384176254,0.663716814159292,0.3,61,76,wall,both,1,1,1,1,1,1,0.0,4,4,0,alpha,full,huber,12.817874163083742,0.15841097799812154,-1.2822745215694746,12.706393547870267,0.9422793863427732,-1.1549049427499964,12.610985394017643,0.9962236030832625,-1.1348378468408051,179.20482020360402,0.010914262384176254,250,1.3202698230743408,1.0,1.0,disabled,single,3,row_1,row_2,-0.4259456694126129,-3.2732653617858887,0.9450223732379972,0.05481089073366308,0.2140518297172641,2.8473196923732758,-0.3693989930280854,0,0,0,disabled,0,0.0,50.0,alpha
48,0.2994629442691803,-0.037057049572467804,-22.48348045349121,-0.4672268331050873,1.450003743171692,0.0007308721542358398,53,0,41,0.017142778262495995,0.6147540983606558,0.3,79,94,wall,both,1,1,1,1,1,1,0.0,3,3,0,alpha,full,huber,12.847005866311777,0.3165642859735508,-1.3385809922295777,12.78629118216237,0.549968490103436,-1.221311929122029,12.768840368401492,0.618902973759206,-1.176301626888982,165.73183343134133,0.017142778262495995,250,0.7971334457397461,1.0,1.0,disabled,single,3,row_1,row_2,-0.4672268331050873,-3.377499580383301,0.9482110722590679,0.05164040353088368,0.20476711790541102,2.9102727472782135,-0.4140486816574333,0,0,0,disabled,0,0.0,50.0,alpha
52,0.4296276867389679,-0.07627271115779877,-26.37550163269043,-0.545123815536499,1.5660278797149658,0.005780637264251709,56,0,55,0.016146095469594002,0.5747126436781609,0.3,96,111,wall,both,1,1,1,1,1,1,0.0,3,3,0,alpha,full,huber,13.186458261475163,-0.5787917479824524,-1.381409890026382,13.038755184524211,0.022062561827208088,-1.2117771990644426,12.993172801454172,0.10837831016030532,-1.1919333646954429,167.89921827240272,0.01614609733223915,250,1.0428579449653625,1.0,1.0,disabled,single,3,row_1,row_2,-0.545003354549408,-3.6572062969207764,0.957298425359616,0.04260247008042642,0.17713698785687615,3.1122029423713684,-0.5013632526416101,0,0,0,disabled,0,0.0,50.0,alpha
56,0.5334919095039368,-0.1176089346408844,-26.018625259399414,-0.5424588322639465,1.5623828172683716,0.0011591911315917969,44,0,42,0.012381743639707565,0.6355932203389831,0.3,71,86,wall,both,1,1,1,1,1,1,0.0,3,3,0,alpha,full,huber,13.098137519425858,-0.2161717132970649,-1.3667272604313396,13.179979796897811,-0.31680260637373714,-1.2390644393466654,13.139034737208805,-0.23378227610926838,-1.214245762671974,152.40038656753566,0.012381743639707565,207,0.613040566444397,1.0,1.0,disabled,single,3,row_1,row_2,-0.5424588322639465,-3.6248505115509033,0.9560601765017176,0.04383485064890265,0.18100762496308825,3.082391679286957,-0.49752441048369017,0,0,0,disabled,0,0.0,50.0,alpha
60,0.5003582239151001,-0.1034538596868515,-35.12352752685547,-0.7697330713272095,1.850009560585022,0.04739785194396973,45,0,60,0.014376277104020119,0.5882352941176471,0.3,105,105,wall,both,1,1,1,1,1,1,0.0,1,1,0,alpha,full,huber,13.378117095512065,-0.15003512844453037,-1.0094545864433866,13.328510200858018,-0.5572413581096701,-1.221754518215275,13.304218027390263,-0.5753806901669916,-1.2209280850679372,113.1104496144698,0.014376278035342693,138,0.8777188658714294,1.0,1.0,disabled,single,3,row_1,row_2,-0.7697330713272095,-4.176636695861816,0.9678660279383666,0.03207862922763735,0.14249106120293467,3.406903624534607,-0.7370714691532454,0,0,0,disabled,0,0.0,50.0,alpha
64,0.5238707661628723,-0.11340520530939102,-26.569860458374023,-0.4292187988758087,1.3897773027420044,0.0004432201385498047,51,5,47,0.027077849954366684,0.5928853754940712,0.3,98,103,wall,both,1,1,1,1,1,1,0.0,2,2,0,alpha,full,huber,13.073919340708597,-1.2662283483068597,-1.3906797945536031,13.206453797157405,-1.0178465875455458,-1.3704334422947944,13.314112613172524,-0.9932191036905607,-1.304265782607297,75.31962134756351,0.027077849954366684,107,0.9933283925056458,1.0,1.0,disabled,single,3,row_1,row_2,-0.4292187988758087,-3.333414316177368,0.9478949227153393,0.051937866948921586,0.20579450078665393,2.9041955173015594,-0.3757071749877993,0,0,0,disabled,0,0.0,50.0,alpha
68,1.319944977760315,-0.7199400067329407,-18.401756286621094,-0.5609935522079468,1.5888571739196777,0.00044918060302734375,71,0,35,0.02248564176261425,0.5859375,0.3,93,106,wall,both,1,1,1,1,1,1,0.0,2,2,0,alpha,full,huber,13.442024643595277,-2.0386991128907543,-1.3908791383948271,13.564807244167142,-2.0154292221586205,-1.306333394627953,13.57913955356483,-2.0211216663150844,-1.299354491124389,69.20592308690111,0.0224856436252594,80,1.3326274752616882,1.0,1.0,disabled,single,3,row_1,row_2,-0.5609935522079468,-3.7483551502227783,0.9602593439716248,0.039640122506490384,0.16782062143787926,3.1873615980148315,-0.5204416711742017,0,0,0,disabled,0,0.0,50.0,alpha
72,0.5769036412239075,-0.13752803206443787,-25.710403442382812,-0.8946717381477356,2.005411386489868,0.01538628339767456,75,0,55,0.02295535057783127,0.5357142857142857,0.3,117,130,wall,both,1,1,1,1,1,1,0.0,1,1,0,alpha,full,huber,13.917398643407104,-2.270932060598839,-1.185258554624857,13.77510802460042,-2.4782690690224873,-1.2665478728215036,13.7452483835713,-2.482124636487913,-1.2820747578647433,68.79198223152335,0.02295535057783127,83,0.9572373032569885,1.0,1.0,disabled,single,3,row_1,row_2,-0.8946717381477356,-4.573689937591553,0.9753360226907666,0.02462504097058736,0.11596357355522058,3.679018199443817,-0.8696985094463815,0,0,0,disabled,0,0.0,50.0,alpha
76,0.5681739449501038,-0.13339737057685852,-30.104991912841797,-1.393986463546753,2.3473358154296875,0.20381015539169312,70,0,50,0.016484439373016357,0.5555555555555556,0.3,105,120,wall,both,1,1,1,1,1,1,0.0,2,2,0,alpha,full,huber,14.322745045649818,-2.5955189130418552,-0.7482936424014346,14.0242698121329,-3.0000563878082653,-1.1934064692640742,13.973794762004578,-3.0197792669990604,-1.238486357628436,99.25747837305667,0.016484437510371208,117,1.1452713012695312,1.0,1.0,disabled,single,3,row_1,row_2,-1.3805649280548096,-5.435898780822754,0.9829478450051892,0.017034185029245582,0.08647456971419412,4.055333852767944,-1.3633657108490835,0,0,0,disabled,0,0.0,50.0,alpha
80,0.4585452377796173,-0.08688583970069885,-34.53246307373047,-0.2835686206817627,1.1290653944015503,0.00831592082977295,61,10,62,0.024270817637443542,0.5300353356890459,0.3,120,133,wall,both,1,1,1,1,1,1,0.0,1,1,0,alpha,full,huber,13.294479546813063,-3.790347269937247,-1.5271722388907374,13.821285457676424,-3.5450530603419157,-1.323197022688765,13.9665744280047,-3.5308126523197068,-1.2860513358294783,78.74716390117597,0.02427081950008869,122,1.4032105207443237,1.0,1.0,disabled,single,3,row_1,row_2,-0.2835686206817627,-2.946897506713867,0.9345889025695616,0.06515557490272929,0.24327569522447584,2.6633288860321045,-0.21592009790611377,0,0,0,disabled,0,0.0,50.0,alpha
84,0.2041705995798111,-0.017225468531250954,-33.074859619140625,-0.31957530975341797,1.1990017890930176,0.005131363868713379,58,9,65,0.017915645614266396,0.5319148936170213,0.3,120,132,wall,both,1,1,1,1,1,1,0.0,2,2,0,alpha,full,huber,13.344335051502906,-3.6691617364318425,-1.4994670263168504,13.729621408678195,-3.922261048944306,-1.3776954799948997,13.889762525425727,-3.9289329499207426,-1.3319403222230455,95.75897927388178,0.017915647476911545,127,0.6481277346611023,1.0,1.0,disabled,single,3,row_1,row_2,-0.31957530975341797,-3.063783884048462,0.9393784247846135,0.06040125192840968,0.23013194120059116,2.744208574295044,-0.2570384370838379,0,0,0,disabled,0,0.0,50.0,alpha
88,0.2064877152442932,-0.01761866919696331,0.0,-0.061440903693437576,0.375699907541275,0.08583801984786987,0,0,0,0.012178899720311165,0.5,0.3,0,0,wall,both,1,1,1,1,1,1,0.0,0,0,0,alpha,full,huber,12.768996592400288,-5.062940724398786,-1.7989455594801111,13.613690059345988,-4.628363365775082,-1.4551867805081597,13.813476058787533,-4.623894759313687,-1.3863901235033567,137.04996360885988,0.012178899720311165,169,1.4150683879852295,1.0,1.0,disabled,single,3,row_1,row_2,-0.061440903693437576,-1.8728586435317993,0.8584119024310308,0.1402836321687859,0.4152485371072388,1.8114177398383617,0.09123031823535982,0,0,0,disabled,0,0.0,50.0,alpha
92,0.15632760524749756,-0.010098479688167572,0.0,-0.5722622275352478,1.6025499105453491,0.01954120397567749,0,0,0,0.009504489600658417,0.5,0.3,0,0,wall,both,1,1,1,1,1,1,0.0,0,0,0,alpha,full,huber,13.367193772883228,-7.775313837353119,-1.5549802592532345,13.507823686478623,-7.774153259021536,-1.6355195313186819,13.909119595157875,-7.770566652046137,-1.5440266397651452,142.73487728921202,0.009504488669335842,191,0.946097195148468,1.0,1.0,disabled,single,3,row_1,row_2,-0.5722622275352478,-2.4643754959106445,0.8680751027154747,0.1308648310433624,0.39619899536622266,1.8921132683753967,-0.43078518333624116,0,0,0,disabled,0,0.0,50.0,alpha
96,0.2582264244556427,-0.027554085478186607,0.0,-0.8195340633392334,1.8943904638290405,0.07348626852035522,0,0,0,0.009568534791469574,0.5,0.3,0,0,wall,both,1,1,1,1,1,1,0.0,0,0,0,alpha,full,huber,13.143416474394254,-8.17065148649878,-1.7427214424600441,13.22316292544968,-8.55889768344077,-1.9420319541568314,13.542264104114617,-8.59332726881268,-1.858803799802206,175.59121674945854,0.009568534791469574,229,0.9440503716468811,1.0,1.0,disabled,single,3,row_1,row_2,-0.8195340633392334,-2.3960392475128174,0.8271132979819603,0.17096117778591813,0.4710087370205293,1.576505184173584,-0.62972046876631,0,0,0,disabled,0,0.0,50.0,alpha
100,0.5080887675285339,-0.10667528212070465,0.0,-0.9011570811271667,2.003678321838379,0.04694586992263794,0,0,0,0.012530646286904812,0.5,0.3,0,0,wall,both,1,1,1,1,1,1,0.0,0,0,0,alpha,full,huber,13.516871491898582,-8.148606538729465,-1.6645935006023849,13.183898175567398,-8.864975892586786,-1.9067782581474748,13.280038366303241,-8.962567840242478,-1.9053824501088197,179.97726797989841,0.012530646286904812,240,1.6295070052146912,1.0,1.0,disabled,single,3,row_1,row_2,-0.9011570811271667,-2.888063430786133,0.8786356307461294,0.12047761102706753,0.3748800733957942,1.986906349658966,-0.7717720868663861,0,0,0,disabled,0,0.0,50.0,alpha
104,0.5476132035255432,-0.12391744554042816,-49.947505950927734,-6.395109176635742,3.599428653717041,0.9281302094459534,3,0,117,0.020092204213142395,0.5555555555555556,0.3,120,120,wall,both,1,1,1,1,1,1,0.0,3,3,0,alpha,full,huber,14.13986947450088,-9.618706940599639,-2.999692358423565,13.044260342419665,-9.977372282700498,3.049207654980508,12.961335701000896,-10.064420525899482,3.0136162774259905,106.39904862118847,0.020092204213142395,250,1.4936183094978333,1.0,1.0,disabled,single,3,row_1,row_2,-6.395109176635742,-8.702781677246094,0.9091814216149888,0.09045677907870867,0.3067878454033985,2.3076725006103516,-6.299898555651762,0,0,1,disabled,0,0.0,50.0,alpha
108,0.2656727135181427,-0.02916611172258854,-49.64510726928711,-1.6122013330459595,2.6934866905212402,0.0013922452926635742,5,0,119,0.03741425275802612,0.5474452554744526,0.3,120,124,wall,both,1,1,1,1,1,1,0.0,4,4,0,alpha,full,huber,12.109751747144932,-8.979247634663789,1.837402738824383,12.160614379370255,-9.667686471158303,2.4081015753101203,12.322106953245862,-9.820631161442801,2.457175213097311,76.7007426492127,0.03741425275802612,250,1.3753336668014526,1.0,1.0,disabled,single,3,row_1,row_2,-1.6122013330459595,-1.907387375831604,0.5632848371180602,0.4193053379849402,0.7582725562760624,0.29518604278564453,-1.038231481650945,0,0,1,disabled,0,0.0,50.0,alpha
112,0.2916027009487152,-0.035137247294187546,-49.967384338378906,-2.227522134780884,3.1654415130615234,0.014440596103668213,6,0,125,0.017283396795392036,0.5338078291814947,0.3,120,131,wall,both,1,1,1,1,1,1,0.0,13,13,0,alpha,full,huber,11.474279720744175,-9.656421206845646,1.96595175161295,11.590553272169632,-9.34294987469352,1.7632577569157069,11.677914281663544,-9.360568033095166,1.727400842259768,95.11656716907406,0.017283396795392036,218,0.7920415997505188,1.0,1.0,disabled,single,3,row_2,row_1,-2.227522134780884,-2.752225160598755,0.5924968278434065,0.3505987802083308,0.840695454224615,0.5247030258178711,-1.7041123749429103,1,1,1,disabled,0,0.0,50.0,alpha
116,0.8993056416511536,-0.33419448137283325,-43.73194885253906,-0.7800997495651245,1.8730276823043823,0.010985076427459717,42,12,105,0.03409077599644661,0.4854368932038835,0.3,120,159,wall,both,1,1,1,1,1,1,0.0,13,13,0,alpha,full,huber,11.785409593145669,-8.001272169304194,1.9329876570482147,11.569951253874283,-8.485472413882981,1.6037273178344795,11.563824879608333,-8.53277637729667,1.581783677720078,100.91827531528426,0.03409077599644661,164,1.5074064135551453,1.0,1.0,disabled,single,3,row_1,row_2,-0.7800997495651245,-0.9033800959587097,0.5186822368606782,0.45852329110033097,0.7842183133717832,0.1232803463935852,-0.12363590585689765,1,2,0,disabled,0,0.0,50.0,alpha
120,0.8168651461601257,-0.2757308781147003,-40.91209411621094,-0.48764386773109436,1.4807164669036865,0.010106384754180908,56,8,102,0.02905619516968727,0.4746835443037975,0.3,120,166,wall,both,1,1,1,1,1,1,0.0,10,10,0,alpha,full,huber,11.969929147343779,-7.6550432937057895,1.9269200647059908,11.608577212024707,-7.894191880448098,1.5935069655774021,11.585842898102507,-7.945314167160586,1.5484066070402314,96.40948532336579,0.02905619516968727,127,1.1033276319503784,1.0,1.0,disabled,single,3,row_1,row_2,-0.48764386773109436,-0.8768054842948914,0.58709632445731,0.3978309976092194,0.7425876774477558,0.389161616563797,0.04492250870584791,0,2,0,disabled,0,0.0,50.0,alpha
124,0.6368948221206665,-0.1676177829504013,-46.55593490600586,-0.36847561597824097,0.8860019445419312,0.21803134679794312,16,0,111,0.014904091134667397,0.5415162454873647,0.3,120,127,wall,both,1,1,1,1,1,1,0.0,7,7,0,alpha,full,huber,13.13651877648443,-7.083054558757902,1.11165004506422,11.761662213608385,-7.325073526388438,1.5277291706822649,11.688448581665513,-7.34048609492158,1.5181033643800799,126.64295843558934,0.014904091134667397,153,1.5309165716171265,1.0,1.0,disabled,single,3,row_1,row_2,-0.36847561597824097,-2.1501078605651855,0.8547332447589142,0.14390554994754887,0.4221220757918865,1.7816322445869446,-0.2115097628184566,0,2,0,disabled,0,0.0,50.0,alpha
128,0.16435487568378448,-0.011162200942635536,-38.05482482910156,-0.2517867386341095,1.0644280910491943,0.0013437271118164062,44,2,78,0.011827553622424603,0.5474452554744526,0.3,119,124,wall,both,1,1,1,1,1,1,0.0,7,7,0,alpha,full,huber,11.865388843769962,-7.05764261170897,1.8364747966780532,11.676902260024047,-6.965063135100452,1.6128776340326694,11.691356184289724,-6.958467512785621,1.561994484337255,151.26998286342774,0.011827553622424603,191,0.6523823142051697,1.0,1.0,disabled,single,3,row_1,row_2,-0.2517867386341095,-0.6382601857185364,0.5863951473972764,0.3984254595694333,0.74320860280788,0.3864734470844269,0.28197466505321545,0,2,0,disabled,0,0.0,50.0,alpha
132,0.386956125497818,-0.061873987317085266,-32.10011291503906,-0.21238109469413757,0.9776064157485962,0.0001837015151977539,74,0,62,0.014508431777358055,0.5244755244755245,0.3,120,136,wall,both,1,1,1,1,1,1,0.0,10,10,0,alpha,full,huber,11.630048347073577,-6.239754844041366,1.7654590721185555,11.6749710504949,-6.482899950536261,1.6372187522741797,11.684151030384506,-6.491650256710306,1.5956177084501952,115.97080350762936,0.01450843270868063,148,0.4975966066122055,1.0,1.0,disabled,single,3,row_1,row_2,-0.21238109469413757,-0.5087489485740662,0.5633693953691539,0.4188729612192429,0.7593505221134735,0.2963678538799286,0.36143865163968936,0,2,0,disabled,0,0.0,50.0,alpha
136,0.6146154403686523,-0.15609592199325562,-37.6302604675293,-0.2364540547132492,1.031509280204773,0.001315772533416748,44,12,91,0.019031818956136703,0.5050505050505051,0.3,120,147,wall,both,1,1,1,1,1,1,0.0,8,8,0,alpha,full,huber,11.5545583070229,-6.146128275620494,1.733324341635095,11.587916187535075,-6.176910975733305,1.6683075718764862,11.626880304876703,-6.1436673962603034,1.6293895703413979,94.30483065672381,0.019031818956136703,112,0.6867510676383972,1.0,1.0,disabled,single,3,row_1,row_2,-0.2364540547132492,-0.47394269704818726,0.5481668479016094,0.43228758174378806,0.7690005911761508,0.23748864233493805,0.36472151668779573,0,2,0,disabled,0,0.0,50.0,alpha
140,0.784553587436676,-0.25434890389442444,-32.183109283447266,-0.13407403230667114,0.7762059569358826,0.006752431392669678,96,4,43,0.05621808394789696,0.5119453924914675,0.3,108,143,wall,both,1,1,1,1,1,1,0.0,13,13,0,alpha,full,huber,11.62889725295266,-5.2338978080159535,1.8762835758774745,11.513951244440594,-5.526844544248051,1.8088541659612785,11.552652589394754,-5.597857517033453,1.756819726807855,49.78352741660878,0.05621808394789696,80,1.2574337124824524,1.0,1.0,disabled,single,3,row_1,row_2,-0.13407403230667114,-0.6623775362968445,0.621227413484278,0.3662784059366735,0.7183719188752494,0.5283035039901733,0.3419840264900859,0,2,0,disabled,0,0.0,50.0,alpha
144,1.6780542135238647,-1.1635810136795044,-29.440021514892578,-0.14304117858409882,0.7954765558242798,0.024363338947296143,85,17,34,0.06381171941757202,0.5244755244755245,0.3,94,136,wall,both,1,1,1,1,1,1,0.0,11,11,0,alpha,full,huber,11.483770771305265,-4.578519235945754,1.9811995224273158,11.491358287723898,-4.985435890689904,1.7861680188313198,11.481254062919023,-5.060776931048892,1.7800838942890262,55.839751854326714,0.06381171196699142,87,2.130537271499634,1.0,1.0,disabled,single,3,row_1,row_2,-0.14304117858409882,-0.6538740992546082,0.6170457766931451,0.3702247645112737,0.7213384023289028,0.5108329206705093,0.3397708868733824,0,2,0,disabled,0,0.0,50.0,alpha
148,1.8479716777801514,-1.4111567735671997,-32.55063247680664,-0.17810043692588806,0.8938192129135132,0.011757731437683105,123,32,26,0.033904045820236206,0.4531722054380664,0.3,120,181,wall,both,1,1,1,1,1,1,0.0,8,8,0,alpha,full,huber,11.256042293734849,-3.8762664879129964,1.8969723235099218,11.384012877154728,-4.079029250232374,1.8306701342427005,11.344084472299038,-4.126805248339196,1.8324607917075069,63.55261970028698,0.033904045820236206,80,1.9894651770591736,1.0,1.0,disabled,single,3,row_1,row_2,-0.17810043692588806,-0.5856271386146545,0.5913376759014433,0.3934132224826536,0.7414736339669741,0.4075267016887665,0.347267624192774,0,2,0,disabled,0,0.0,50.0,alpha
152,1.036093831062317,-0.44359108805656433,-32.102386474609375,-0.24203036725521088,1.043615460395813,0.00042694807052612305,109,36,32,0.026381362229585648,0.4587155963302753,0.3,120,177,wall,both,1,1,1,1,1,1,0.0,7,7,0,alpha,full,huber,10.910506793261884,-2.789887546671661,1.8099088975132362,11.155255186253477,-2.9980151970955395,1.726646849315281,11.12614231585114,-3.079965885496227,1.7548980855996916,64.1904054586427,0.026381362229585648,80,1.1393588781356812,1.0,1.0,disabled,single,3,row_1,row_2,-0.24203036725521088,-0.48961275815963745,0.5501615347581901,0.4295033511167514,0.7709432269470968,0.24758239090442657,0.3555129770613368,0,2,0,disabled,0,0.0,50.0,alpha
156,1.0487961769104004,-0.45453450083732605,-25.178537368774414,-0.1120939776301384,0.6631658673286438,0.059320807456970215,110,7,23,0.020740026608109474,0.5172413793103449,0.3,120,140,wall,both,1,1,1,1,1,1,0.0,5,5,0,alpha,full,huber,11.015587780059562,-1.3402585251735286,1.9987775948195088,11.2255752531484,-1.7755591290265849,1.6785748220080625,11.079087460662809,-1.8161547153174102,1.7274312114130366,71.90211083244631,0.020740028470754623,80,1.3406054973602295,1.0,1.0,disabled,single,3,row_1,row_2,-0.10490095615386963,-0.746225893497467,0.6480270219923222,0.3412473083143916,0.6966624000878547,0.6413249373435974,0.32892192674000337,0,2,0,disabled,0,0.0,50.0,alpha
160,0.6177889704704285,-0.15771207213401794,-23.594234466552734,-0.13119082152843475,0.7633373737335205,0.020441293716430664,126,0,16,0.0160214863717556,0.5136986301369862,0.3,120,142,wall,both,1,1,1,1,1,1,0.0,11,11,0,alpha,full,huber,10.728765366231547,-0.3416562467456614,2.025559811216522,11.074764375083056,-0.1728542756724855,1.689839886774235,10.963042560307603,-0.19260139798411713,1.7258132189080433,104.27741313493735,0.0160214900970459,127,0.9088743925094604,1.0,1.0,disabled,single,3,row_1,row_2,-0.13119082152843475,-0.6399382948875427,0.6165065006851597,0.37067341565951323,0.7219184761011767,0.508747473359108,0.35249559040342066,0,2,0,disabled,0,0.0,50.0,alpha
164,1.06746506690979,-0.47086021304130554,-23.183486938476562,-0.16116134822368622,0.851599395275116,0.0004981160163879395,118,20,18,0.013712594285607338,0.49019607843137253,0.3,120,156,wall,both,1,1,1,1,1,1,0.0,12,12,0,alpha,full,huber,10.521722155203191,0.21317434005337743,1.7963397720878813,10.919196258253997,0.6333999509980044,1.7524876708839263,10.873720313652484,0.6789676139697743,1.7460198734803862,170.13674063430406,0.013712594285607338,218,1.669420063495636,1.0,1.0,disabled,single,3,row_1,row_2,-0.16116134822368622,-0.5707362294197083,0.5916415737081604,0.3928100338237728,0.7423191257498504,0.40957488119602203,0.3636929290504959,0,2,0,disabled,0,0.0,50.0,alpha
168,1.210432767868042,-0.6054328680038452,-30.154409408569336,-0.2231110781431198,1.0009992122650146,0.010436177253723145,112,38,23,0.010567002929747105,0.46439628482972134,0.3,120,173,wall,both,1,1,1,1,1,1,0.0,11,11,0,alpha,full,huber,10.228648490022264,0.9299880148166302,1.909374328011456,10.41037173788273,1.3118803325262518,1.826950100939891,10.55516287808421,1.3869657950345062,1.7832892414991885,186.874920782357,0.01056700386106968,250,1.7853127121925354,1.0,1.0,disabled,single,3,row_1,row_2,-0.2231110781431198,-0.4772021770477295,0.5514600747970001,0.42772409220479723,0.7720771991105163,0.2540910989046097,0.37207475860645556,0,2,0,disabled,0,0.0,50.0,alpha
172,2.7100367546081543,-3.034834384918213,-23.731063842773438,-0.2915443778038025,1.1453975439071655,0.0008774399757385254,99,17,29,0.008111231960356236,0.5084745762711864,0.3,84,145,wall,both,1,1,1,1,1,1,0.0,12,12,0,alpha,full,huber,9.704694924188457,2.9895314074780988,1.7840935261447761,10.39918134571417,2.378213497924674,1.7192631864769228,10.36465939549954,2.417499139982934,1.7474470893248517,219.07108626669506,0.008111231960356236,250,2.2271372079849243,1.0,1.0,disabled,single,3,row_1,row_2,-0.2915443778038025,-0.38912495970726013,0.5106836006590197,0.46320496251043675,0.7948440078815061,0.09758058190345764,0.3804606795362687,0,2,0,disabled,0,0.0,50.0,alpha
176,0.8196697235107422,-0.27762746810913086,-27.4523868560791,-0.32699742913246155,1.2130488157272339,0.0002378225326538086,83,31,30,0.011903170496225357,0.5102040816326531,0.3,83,144,wall,both,1,1,1,1,1,1,0.0,6,6,0,alpha,full,huber,9.604906085337085,3.169372719217901,1.7640095129842495,9.62196559812092,3.551728818076735,1.8359233696468413,9.848506032992816,3.644489875834344,1.7844270151159627,173.13035668599892,0.011903170496225357,250,1.550077736377716,1.0,1.0,disabled,single,3,row_1,row_2,-0.32699742913246155,-0.3559969663619995,0.49242716239501744,0.47835207446824984,0.8048137938740012,0.028999537229537964,0.3814112937890486,0,2,0,disabled,0,0.0,50.0,alpha
180,0.35580235719680786,-0.05231211706995964,-21.06154441833496,-0.11249855160713196,0.7079591751098633,0.016560494899749756,128,12,10,0.012839242815971375,0.5,0.3,120,150,wall,both,1,1,1,1,1,1,0.0,6,6,0,alpha,full,huber,10.044245602724667,3.5926026743146275,1.9244426647563326,9.675379076772149,3.9736026056910974,1.7801768375321891,9.70762807734264,4.035965198657618,1.770806118148684,179.74117652248484,0.012839243747293949,250,1.1059491634368896,1.0,1.0,disabled,single,3,row_1,row_2,-0.11249855160713196,-0.7104890942573547,0.6372296200996552,0.3504224823921163,0.7088702627241074,0.5979905426502228,0.3381266656428864,0,2,0,disabled,0,0.0,50.0,alpha
184,0.628609836101532,-0.1632852703332901,-28.583984375,-0.20758211612701416,0.9662704467773438,0.004899740219116211,110,43,24,0.014225528575479984,0.4587155963302753,0.3,120,177,wall,both,1,1,1,1,1,1,0.0,6,6,0,alpha,full,huber,9.720502558424226,3.9547614107459617,1.8412315988593235,9.650644291135812,4.3792974651780145,1.7722840235600652,9.635530890643171,4.425844009773179,1.769282136325078,178.0253578412509,0.014225529506802559,250,1.1819559931755066,1.0,1.0,disabled,single,3,row_1,row_2,-0.20758211612701416,-0.522096574306488,0.5668122094004729,0.4138541389370398,0.7632029127639515,0.3145144581794739,0.36014511433822005,0,2,0,disabled,0,0.0,50.0,alpha
188,0.6769314408302307,-0.1893537938594818,-27.09706687927246,-0.09490722417831421,0.6535085439682007,0.0007031559944152832,120,9,10,0.015048657543957233,0.5190311418685121,0.3,120,139,wall,both,1,1,1,1,1,1,0.0,3,3,0,alpha,full,huber,9.907792372717296,4.857520377398235,1.876677073497298,9.72521543361737,5.092032841301598,1.7056497739678966,9.617957175113197,5.124862832460161,1.721876440497721,128.42859020696778,0.015048657543957233,164,1.1566929817199707,1.0,1.0,disabled,single,3,row_1,row_2,-0.09490722417831421,-0.7407903075218201,0.649338196952046,0.34038271003766546,0.6942645195859046,0.6458830833435059,0.33689436912494775,0,2,0,disabled,0,0.0,50.0,alpha
192,0.4583035111427307,-0.08679425716400146,-25.956636428833008,-0.17720606923103333,0.8929096460342407,0.0027579069137573242,121,21,23,0.012720645405352116,0.47619047619047616,0.3,120,165,wall,both,1,1,1,1,1,1,0.0,3,3,0,alpha,full,huber,9.620967534919934,4.997644738611102,1.764887754420446,9.634903943049032,5.5021489394558785,1.7066511236622388,9.590012896981968,5.577147880263325,1.7137439190870154,159.82876662530217,0.01272064633667469,202,1.0425182580947876,1.0,1.0,disabled,single,3,row_1,row_2,-0.17720606923103333,-0.5607755780220032,0.5850186253214357,0.39864614792021325,0.7474727659006782,0.38356950879096985,0.35890552486977023,0,2,0,disabled,0,0.0,50.0,alpha
196,0.25974762439727783,-0.027879681438207626,-25.846555709838867,-0.3101244866847992,1.1813383102416992,3.993511199951172e-05,120,27,34,0.011650362983345985,0.4531722054380664,0.3,120,181,wall,both,1,1,1,1,1,1,0.0,4,4,0,alpha,full,huber,8.912823356665694,6.5114679255331,1.749387551962946,9.305001137045572,6.016280556362038,1.7983321364819063,9.39791936154047,6.064187727737874,1.756762617381682,174.88589015148173,0.01165036391466856,240,1.1123088002204895,1.0,1.0,disabled,single,3,row_2,row_1,-0.3101244866847992,-0.38560014963150024,0.5018287046002697,0.46534691101073,0.814133767549459,0.07547566294670105,0.37937195673228863,1,3,0,disabled,0,0.0,50.0,alpha
200,0.6149272322654724,-0.1562543362379074,-27.26780891418457,-0.1846402883529663,0.9115172624588013,0.0009778141975402832,106,30,25,0.021265683695673943,0.48231511254019294,0.3,120,161,wall,both,1,1,1,1,1,1,0.0,3,3,0,alpha,full,huber,9.392351374669923,6.098134915084243,1.7787308352946782,9.322905821019202,6.469276140674272,1.7958775954600197,9.314214242906903,6.512603643738389,1.7749591129930495,81.38597288395243,0.021265683695673943,97,0.9808433055877686,1.0,1.0,disabled,single,3,row_1,row_2,-0.1846402883529663,-0.557705819606781,0.5821249391638832,0.4008629368619681,0.750718057904316,0.3730655312538147,0.35642989383359946,1,4,0,disabled,0,0.0,50.0,alpha
204,0.30340489745140076,-0.038039062172174454,-29.433591842651367,-0.21297118067741394,0.9789626598358154,0.0003616809844970703,94,20,50,0.0253581665456295,0.47770700636942676,0.3,120,164,wall,both,1,1,1,1,1,1,0.0,4,4,0,alpha,full,huber,9.095683442447633,7.421391724429945,1.7740485554424588,9.209292783658697,6.920507343250202,1.8599320832599544,9.218004863282786,6.922910738871762,1.8152461915398845,80.84858355138881,0.0253581665456295,107,0.8049611449241638,1.0,1.0,disabled,single,3,row_1,row_2,-0.21297118067741394,-0.5026320219039917,0.5611606436807639,0.4200385008124733,0.7632664439964576,0.28966084122657776,0.3647768814009139,0,4,0,disabled,0,0.0,50.0,alpha
208,0.48800161480903625,-0.09840726107358932,-33.446380615234375,-0.14210250973701477,0.7949368953704834,0.020256519317626953,108,33,29,0.0170759167522192,0.46875,0.3,120,170,wall,both,1,1,1,1,1,1,0.0,3,3,0,alpha,full,huber,9.288395279677138,7.388916797186207,1.948772162526744,9.176462230487562,7.293733921184676,1.8033478260658016,9.146851878449766,7.320516793944808,1.819129773957485,107.44459961409034,0.0170759167522192,138,0.7607582807540894,1.0,1.0,disabled,single,3,row_1,row_2,-0.14210250973701477,-0.6365944743156433,0.6127117664349016,0.373681062377457,0.7264494891081439,0.49449196457862854,0.3477581454627214,0,4,0,disabled,0,0.0,50.0,alpha
212,1.0986988544464111,-0.4988178312778473,-29.84748077392578,-0.20731182396411896,0.963864803314209,0.014511406421661377,111,24,38,0.0224454365670681,0.46439628482972134,0.3,120,173,wall,both,1,1,1,1,1,1,0.0,2,2,0,alpha,full,huber,8.986648304992631,8.115120552867122,1.9428973845007382,9.086657688802894,7.7565679276435056,1.7965067153472534,9.085190287780403,7.672957103507771,1.7989265651115058,97.28831604719915,0.02244543842971325,127,1.581183910369873,1.0,1.0,disabled,single,3,row_1,row_2,-0.20731182396411896,-0.5067172050476074,0.5637353732984228,0.41787383801154626,0.761230806086475,0.29940538108348846,0.36585850990636826,0,4,0,disabled,0,0.0,50.0,alpha
216,1.253973364830017,-0.6497724056243896,-22.311925888061523,-0.20402556657791138,0.911257803440094,0.06910932064056396,117,0,17,0.025951841846108437,0.528169014084507,0.3,120,134,wall,both,1,1,1,1,1,1,0.0,2,2,0,alpha,full,huber,8.923736659906824,8.68585742699488,2.146282716023828,8.919872668442395,8.364659705586025,1.838448119394493,8.941977590071158,8.278605951070462,1.808456625537607,70.21314305648905,0.025951838120818138,87,1.6921367645263672,1.0,1.0,disabled,single,3,row_1,row_2,-0.20402556657791138,-0.5607820153236389,0.578326254200883,0.4047953838264156,0.7516803950791116,0.35675644874572754,0.34359154934113423,0,4,0,disabled,0,0.0,50.0,alpha
220,0.3074095845222473,-0.03904985636472702,0.0,-0.10592387616634369,0.6882193684577942,0.012804746627807617,0,0,0,0.020380742847919464,0.5,0.3,0,0,wall,both,1,1,1,1,1,1,0.0,0,0,0,alpha,full,huber,7.9701025304802,9.003625953065212,1.9303352338233157,8.531675632533316,9.325866028322986,1.9180960084994159,8.612435957513384,9.2834145685842,1.8620969370168527,72.96492143942254,0.020380742847919464,83,0.6391041278839111,1.0,1.0,disabled,single,3,row_2,row_1,-0.10592387616634369,-0.7062920928001404,0.602341499909196,0.3304503243418757,0.8527121134355028,0.6003682166337967,0.4010068427502784,1,5,0,disabled,0,0.0,50.0,alpha
224,0.41474661231040955,-0.07108047604560852,0.0,-0.029711054638028145,0.1012435257434845,0.0819825530052185,0,0,0,0.033975038677453995,0.5,0.3,0,0,wall,both,1,1,1,1,1,1,0.0,0,0,0,alpha,full,huber,7.271804706983921,9.700805867720977,2.108735871518169,7.938062869627135,10.099905026168408,1.963560048478725,8.123574924687073,10.12589367255434,1.9005046658173406,60.08036019630587,0.033975038677453995,80,1.475181221961975,1.0,1.0,disabled,single,3,row_2,row_1,-0.029711054638028145,-1.2944008111953735,0.6693017540528542,0.18896187105795914,0.8605109939928305,1.2646897565573454,0.37180921351353846,0,5,0,disabled,0,0.0,50.0,alpha
228,0.33887413144111633,-0.047452762722969055,0.0,-0.08926510065793991,0.633792519569397,1.2218952178955078e-05,0,0,0,0.023951547220349312,0.5,0.3,0,0,wall,both,1,1,1,1,1,1,0.0,0,0,0,alpha,full,huber,8.99402089302091,10.415966596261695,1.6804304981830187,8.092720533484655,10.406625387051228,1.80942954012155,8.068494774324826,10.391664742908203,1.8533410906958565,68.97930201274352,0.02395155094563961,80,1.30987948179245,1.0,1.0,disabled,single,3,row_1,row_2,-0.08926510065793991,-0.82861328125,0.6710827555189913,0.32039169059899675,0.6729649032554589,0.7393481805920601,0.30959771733429703,1,6,0,disabled,0,0.0,50.0,alpha
232,0.3543618619441986,-0.051889389753341675,0.0,-0.33153992891311646,1.1054754257202148,0.12121069431304932,0,0,0,0.014940371736884117,0.5,0.3,0,0,wall,both,1,1,1,1,1,1,0.0,0,0,0,alpha,full,huber,9.090503993578057,11.233337735981612,1.1780071663513176,8.207960717240416,10.88407683669548,1.7374878557257336,8.092370287830924,10.844470920034222,1.8003645793399157,109.25264383319508,0.014940371736884117,127,1.2956064939498901,1.0,1.0,disabled,single,3,row_1,row_2,-0.33153992891311646,-1.341402530670166,0.7290959513647678,0.2655870721060641,0.6103206993206499,1.0098626017570496,-0.015589993806218116,0,6,0,disabled,0,0.0,50.0,alpha
236,0.46927911043167114,-0.09100119769573212,-33.203365325927734,-0.728825032711029,1.7822439670562744,0.075001060962677,43,0,45,0.010104269720613956,0.6302521008403361,0.3,88,88,wall,both,1,1,1,1,1,1,0.0,1,1,0,alpha,full,huber,8.144745464189526,11.317035546165636,2.090754559533732,8.257789294715176,11.274283446395984,1.793320902174357,8.150144216063342,11.222965507360104,1.8386915637794097,171.7803382078403,0.010104270651936531,213,0.8052342534065247,1.0,1.0,disabled,single,3,row_2,row_1,-0.728825032711029,-0.7549721598625183,0.4919127455614292,0.47921733795748395,0.8038447656767866,0.026147127151489258,-0.01937110807360498,1,7,0,disabled,0,0.0,50.0,alpha
240,0.28173625469207764,-0.032799720764160156,-30.244800567626953,-0.5807288289070129,1.5351970195770264,0.11816203594207764,46,0,41,0.01492072269320488,0.6329113924050632,0.3,87,87,wall,both,1,1,1,1,1,1,0.0,1,1,0,alpha,full,huber,7.982922054474188,11.127777616203753,2.1920417518900255,7.943745147364709,11.521412393604656,2.068512515620136,7.983271343905603,11.581481614601785,2.004559639960272,161.95501584581228,0.01492072269320488,250,0.754470944404602,1.0,1.0,disabled,single,3,row_2,row_1,-0.5807288289070129,-0.8247029185295105,0.53850686210518,0.4219243995039459,0.8251981744939982,0.24397408962249756,0.03822621056046649,0,7,0,disabled,0,0.0,50.0,alpha
244,0.4442119896411896,-0.08153896778821945,-34.985260009765625,-1.0115001201629639,1.9122436046600342,0.22075295448303223,40,0,47,0.01275775395333767,0.6329113924050632,0.3,87,87,wall,both,1,1,1,1,1,1,0.0,2,2,0,alpha,full,huber,8.186517434029803,11.53594986464413,2.3528169911409,8.077688883168491,11.86327345752375,1.8843820258488433,7.961907565707106,11.894705450599902,1.948744984721161,175.22237415078197,0.01275775395333767,250,0.7994593977928162,1.0,1.0,disabled,single,3,row_1,row_2,-1.0115001201629639,-1.050907015800476,0.4963965464482164,0.4772155141432938,0.7966203294270267,0.03940689563751221,-0.3111199372917036,1,8,0,disabled,0,0.0,50.0,alpha
248,0.23076537251472473,-0.02200523018836975,-33.45381546020508,-1.2101893424987793,2.117072820663452,0.2290775179862976,36,0,37,0.017357561737298965,0.6726457399103138,0.3,73,73,wall,both,1,1,1,1,1,1,0.0,2,2,0,alpha,full,huber,7.960843538338193,11.793386863184342,2.3914993614154785,7.960693917770278,12.09259666988913,2.031668303602384,7.896558284219132,12.166457204672,2.0201052102504313,156.87960494551155,0.017357561737298965,250,0.8327088356018066,1.0,1.0,disabled,single,3,row_2,row_1,-1.2101893424987793,-1.373726725578308,0.5215301759386437,0.44284939824178077,0.8190103793453122,0.1635373830795288,-0.559201200020041,1,9,0,disabled,0,0.0,50.0,alpha
252,0.527191162109375,-0.1148473247885704,0.0,-1.4413483142852783,2.5467758178710938,0.0,0,0,0,0.010497938841581345,0.5,0.3,0,0,wall,both,1,1,1,1,1,1,0.0,0,0,0,alpha,full,huber,8.5764599010333,12.584926356235417,1.6753319868685486,7.912727469593803,12.812945208711527,2.4796035161336434,7.742848374909984,12.859234152829249,2.5369827136444645,180.5709963025127,0.010497938841581345,229,1.6378525495529175,1.0,1.0,disabled,single,3,row_1,row_2,-1.4413483142852783,-2.1290478706359863,0.6592125052532056,0.33140672331914056,0.6845082286472466,0.687699556350708,-1.0246389840661714,1,10,1,disabled,0,0.0,50.0,alpha
256,0.37794166803359985,-0.05902475491166115,0.0,-1.813178539276123,2.8495962619781494,0.046140968799591064,0,0,0,0.010381000116467476,0.5,0.3,0,0,wall,both,1,1,1,1,1,1,0.0,0,0,0,alpha,full,huber,8.510164044877996,12.8860230113695,1.9804440838132322,7.894989675407382,13.136577335816877,2.6769218867538815,7.658423139580233,13.127919578985729,2.788066085674564,196.89297011764805,0.010381000116467476,250,1.1479025483131409,1.0,1.0,disabled,single,3,row_1,row_2,-1.813178539276123,-2.4820706844329834,0.6548449253891196,0.33546120197202156,0.6885835487196386,0.6688921451568604,-1.3898217127672026,0,10,1,disabled,0,0.0,50.0,alpha
260,0.2570189833641052,-0.02729700691998005,-48.79443359375,-0.8912570476531982,1.986814260482788,0.05867111682891846,4,0,75,0.02837570384144783,0.6550218340611353,0.3,68,79,wall,both,1,1,1,1,1,1,0.0,12,12,0,alpha,full,huber,4.685706653619733,11.401551228367476,-1.057805211572699,5.944175202560058,13.054386407416409,-1.6366470459284592,6.001664966623476,13.350934992805065,-1.7771530268204034,95.62853170267313,0.02837570384144783,250,2.714465379714966,1.0,1.0,disabled,single,3,row_3,row_2,-0.8912570476531982,-1.9169055223464966,0.6567148733438528,0.2354742267368813,0.8568195264059291,1.0256484746932983,-0.4707517102240489,1,11,0,disabled,0,0.0,50.0,alpha
264,0.49117743968963623,-0.09969227015972137,-47.46450424194336,-0.5387290120124817,1.3936764001846313,0.16198551654815674,19,1,83,0.025722667574882507,0.5928853754940712,0.3,83,103,wall,both,1,1,1,1,1,1,0.0,11,11,0,alpha,full,huber,5.8350586944560865,10.293422120653371,-0.8634394587068637,5.832422431178578,11.605353695729963,-0.828694790774315,5.861896442079901,12.167850589334218,-1.1112573276084574,77.82975915496326,0.025722671300172806,250,2.606478452682495,1.0,1.0,disabled,single,3,row_2,row_3,-0.5387290120124817,-0.5759274363517761,0.4932469061132083,0.47523596451761974,0.8111106281563981,0.037198424339294434,0.16801639453828354,1,12,0,disabled,0,0.0,50.0,alpha
268,0.11942131072282791,-0.005893161054700613,-46.7484245300293,-1.3277029991149902,1.51668381690979,0.44726622104644775,18,0,120,0.013069720938801765,0.5208333333333334,0.3,91,138,wall,both,1,1,1,1,1,1,0.0,13,13,0,alpha,full,huber,5.520282873815946,10.64323003855756,-0.4168997055117454,6.122431630930441,10.852906011251106,-0.392334432456199,6.10163676052518,11.249741421096132,-0.5907916127570281,167.37013981498998,0.013069720938801765,250,0.9821870028972626,1.0,1.0,disabled,single,3,row_3,row_2,-1.3277029991149902,-1.6756205558776855,0.5596792706579152,0.39522148604770135,0.8314782571091797,0.3479175567626953,-0.7473116088210094,1,13,0,disabled,0,0.0,50.0,alpha
272,1.4808261394500732,-0.9061347246170044,-36.22372055053711,-0.38885292410850525,1.3163385391235352,0.030504226684570312,60,0,76,0.01958630420267582,0.5244755244755245,0.3,120,136,wall,both,1,1,1,1,1,1,0.0,9,9,0,alpha,full,huber,5.42936293321838,10.46115787099119,-1.1544237127604806,7.052161429243079,10.212963064989147,-0.5810871504774117,7.101068223181539,10.359827624676157,-0.5803698959214207,170.56659190409007,0.01958630420267582,250,2.4176865816116333,1.0,1.0,disabled,single,3,row_3,row_2,-0.38885292410850525,-0.7526698708534241,0.5612528321622624,0.3900810501649394,0.8384997184298522,0.3638169467449188,0.18873086966105812,0,13,0,disabled,0,0.0,50.0,alpha
276,1.2994904518127441,-0.6977997422218323,-31.988664627075195,-0.1738659143447876,0.8742347955703735,0.03140056133270264,58,1,81,0.01323449332267046,0.5172413793103449,0.3,120,140,wall,both,1,1,1,1,1,1,0.0,10,10,0,alpha,full,huber,5.456020369267107,9.701083948657702,-1.1507931786879264,7.366500979829413,9.67700997100263,-0.7676316587206581,7.4668690171994685,9.840147281396806,-0.6800503664068782,171.05905297319802,0.01323449332267046,250,1.7760007977485657,1.0,1.0,disabled,single,3,row_3,row_2,-0.1738659143447876,-0.6502904891967773,0.5820590000269238,0.36145850245646743,0.8451445649297108,0.47642457485198975,0.3673175474272634,0,13,0,disabled,0,0.0,50.0,alpha
280,1.5518174171447754,-0.9950980544090271,-39.5204963684082,-0.195247083902359,0.9234707951545715,0.03748875856399536,46,16,77,0.014916145242750645,0.5190311418685121,0.3,120,139,wall,both,1,1,1,1,1,1,0.0,10,10,0,alpha,full,huber,5.5872782958766924,9.293638775557348,-1.1273720282375126,7.667516087142113,9.075145749405179,-0.8453976066994578,7.735322671314341,9.291535711723824,-0.7676803661133835,182.72547205695034,0.01491614617407322,250,2.5558007955551147,1.0,1.0,disabled,single,3,row_3,row_2,-0.195247083902359,-0.5942230224609375,0.5673288081949671,0.3806815145445206,0.8429488097063973,0.3989759385585785,0.3715691508009601,0,13,0,disabled,0,0.0,50.0,alpha
284,0.2047874629497528,-0.017329713329672813,-37.856510162353516,-0.21879605948925018,0.9922319054603577,0.001779317855834961,61,24,70,0.02292729541659355,0.49180327868852464,0.3,120,155,wall,both,1,1,1,1,1,1,0.0,13,13,0,alpha,full,huber,5.847273123888923,8.275464947339243,-1.316246988079525,7.821332828743704,8.470485809799303,-0.9549886181067327,8.029613263944638,8.60157383685995,-0.8560863963042262,161.3460719579916,0.02292729541659355,250,2.6904174089431763,1.0,1.0,disabled,single,3,row_3,row_2,-0.21879605948925018,-0.5248191356658936,0.5492884781977833,0.4044793516215893,0.83733374150368,0.30602307617664337,0.380335454791601,0,13,0,disabled,0,0.0,50.0,alpha
288,1.4698115587234497,-0.892704963684082,-32.29998779296875,-0.2986171841621399,1.1592013835906982,0.0012661218643188477,82,30,57,0.01102219894528389,0.47021943573667707,0.3,120,169,wall,both,1,1,1,1,1,1,0.0,9,9,0,alpha,full,huber,8.76374882970042,7.313051064097354,-1.3645048935425057,8.344648204890788,7.773657128753871,-0.9625716769197453,8.355712410098953,7.970097897941088,-0.9150700294549514,192.3331756527422,0.01102219894528389,250,2.111134171485901,1.0,1.0,disabled,single,3,row_2,row_1,-0.2986171841621399,-0.3899956941604614,0.5053956446049833,0.46126054975925856,0.8152071241790997,0.09137850999832153,0.38379651762170786,1,14,0,disabled,0,0.0,50.0,alpha
292,1.5518755912780762,-0.9951726794242859,-35.037662506103516,-0.5585914850234985,1.0117871761322021,0.284814715385437,122,31,27,0.014622888527810574,0.45454545454545453,0.3,120,180,wall,both,1,1,1,1,1,1,0.0,15,15,0,alpha,full,huber,6.036626637891398,7.412023817700176,-0.6301875897723317,8.195777936520432,7.374450812027503,-0.9966059537633605,8.37521852573015,7.502789768251898,-0.950704048967081,189.5574907440538,0.014622889459133148,250,3.2596596479415894,0.9203414846990056,1.0,disabled,single,3,row_3,row_2,-0.5150936841964722,-0.7960684299468994,0.545793852543066,0.4121002311515947,0.8291812843846569,0.28097474575042725,0.09042024977920693,1,15,0,disabled,0,0.0,50.0,alpha
296,2.254686117172241,-2.1006650924682617,-35.40671920776367,-0.14143534004688263,0.7935336232185364,0.01918935775756836,114,26,40,0.015861673280596733,0.45454545454545453,0.3,112,180,wall,both,1,1,1,1,1,1,0.0,14,14,0,alpha,full,huber,8.595877074682033,6.064850283371912,-1.2049202961286414,8.05382191012444,6.919709521841439,-1.0815025009439843,8.316600124462312,7.016631009038559,-1.0053943014615863,180.6245052067313,0.015861675143241882,250,2.8210434913635254,1.0,1.0,disabled,single,3,row_2,row_1,-0.14143534004688263,-0.6460080742835999,0.5862135434473402,0.3539343335826785,0.8492277684649535,0.5045727342367172,0.392635807125726,1,16,0,disabled,0,0.0,50.0,alpha
300,1.0691258907318115,-0.47232651710510254,-29.439952850341797,-0.2793061435222626,1.1211049556732178,0.0002716183662414551,100,25,41,0.013756152242422104,0.4746835443037975,0.3,109,166,wall,both,1,1,1,1,1,1,0.0,15,15,0,alpha,full,huber,8.945691010423818,5.962859502928802,-1.377833262417052,8.388324388459202,6.499987504141977,-1.1550259120477602,8.434163760632808,6.609364043990718,-1.0751897221536426,178.0839148602096,0.013756152242422104,250,1.8197294473648071,1.0,1.0,disabled,single,3,row_2,row_1,-0.2793061435222626,-0.41968318819999695,0.5154023759169979,0.44790038974807994,0.8226454434591361,0.14037704467773438,0.3835012274016376,0,16,0,disabled,0,0.0,50.0,alpha
304,0.926138162612915,-0.35443466901779175,-28.68861198425293,-0.13087500631809235,0.7618341445922852,0.02157074213027954,132,9,32,0.015882141888141632,0.46439628482972134,0.3,114,173,wall,both,1,1,1,1,1,1,0.0,14,14,0,alpha,full,huber,8.636011008245498,5.642817632602091,-1.193059466544302,8.535679251402414,6.18229137629247,-1.2035327309864459,8.545950815398076,6.270973628879844,-1.1361812098703092,165.48487148568293,0.015882141888141632,250,1.1550208926200867,1.0,1.0,disabled,single,3,row_2,row_1,-0.13087500631809235,-0.6687155961990356,0.5913355867116042,0.3453447159960835,0.8525800590026398,0.5378405898809433,0.39449658779637675,0,16,0,disabled,0,0.0,50.0,alpha
308,1.3715786933898926,-0.7773669958114624,-27.403810501098633,-0.16182199120521545,0.8415665030479431,0.03296923637390137,109,18,28,0.012512510642409325,0.49180327868852464,0.3,108,155,wall,both,1,1,1,1,1,1,0.0,11,11,0,alpha,full,huber,8.788291848512664,5.226088459634398,-1.143644315976638,8.672316806608837,5.6788385208980365,-1.223461535477992,8.688911332944283,5.787056629278293,-1.1745268397180368,195.48077103514836,0.012512510642409325,250,2.0076992511749268,1.0,1.0,disabled,single,3,row_2,row_1,-0.16155584156513214,-0.6059626936912537,0.5745444622482891,0.36840049024283167,0.8496696030656306,0.4444068521261215,0.39262195017546053,0,16,0,disabled,0,0.0,50.0,alpha
312,0.7771170139312744,-0.2495499551296234,-29.900394439697266,-0.08560261130332947,0.5808626413345337,0.05101966857910156,118,0,22,0.011614789254963398,0.5172413793103449,0.3,120,140,wall,both,1,1,1,1,1,1,0.0,11,11,0,alpha,full,huber,8.471019234534559,5.534148721182205,-1.0803300733346148,8.68166909418013,5.273635247918217,-1.2687324762160814,8.75245267320187,5.343288336960673,-1.2173443945197369,197.11324408167457,0.011614789254963398,250,1.2849808931350708,1.0,1.0,disabled,single,3,row_2,row_1,-0.08560261130332947,-0.8241962790489197,0.6214207120947098,0.29690572376113045,0.86077800158156,0.7385936677455902,0.39014433993528264,0,16,0,disabled,0,0.0,50.0,alpha
316,0.07858025282621384,-0.0025515935849398375,-33.68722152709961,-0.07168074697256088,0.5660232901573181,0.010896921157836914,107,0,23,0.013601906597614288,0.5357142857142857,0.3,120,130,wall,both,1,1,1,1,1,1,0.0,15,15,0,alpha,full,huber,7.625247021354413,3.8814188535331042,-1.6586306576288679,8.627209670453038,4.63278860587286,-1.3658347120275727,8.753729263606093,4.762349155539318,-1.2757212488795426,178.6751892424679,0.013601907528936863,250,1.6289072632789612,1.0,1.0,disabled,single,3,row_2,row_3,-0.07168074697256088,-0.8466020226478577,0.6270178842692758,0.2888922519890931,0.859592990446508,0.7749212756752968,0.3950994682279804,0,16,0,disabled,0,0.0,50.0,alpha
320,0.6414637565612793,-0.17003130912780762,-24.835378646850586,-0.3498975336551666,1.2546260356903076,0.004962623119354248,110,4,27,0.009246432222425938,0.5154639175257733,0.3,120,141,wall,both,1,1,1,1,1,1,0.0,11,11,0,alpha,full,huber,6.9068639797794305,3.962615988154603,-1.2825860848856117,8.581280300470501,3.4579440539390793,-1.4281128777469712,8.802960641245573,3.570903827954633,-1.3408340058635102,213.0760969734054,0.009246432222425938,250,1.5165675282478333,1.0,1.0,disabled,single,3,row_3,row_2,-0.3498975336551666,-0.3658433258533478,0.4886548353622528,0.4809246427182503,0.8082313849424972,0.015945792198181152,0.36620136324215813,1,17,0,disabled,0,0.0,50.0,alpha
324,0.2749995291233063,-0.031249893829226494,-30.525516510009766,-0.191218763589859,0.9160640239715576,0.034062743186950684,103,3,36,0.01033663097769022,0.5136986301369862,0.3,120,142,wall,both,1,1,1,1,1,1,0.0,6,6,0,alpha,full,huber,7.34406985869423,3.2743112519371667,-1.609739034403769,8.405294573556215,2.6886809429054406,-1.4540758558053493,8.663873068305646,2.745537996119456,-1.3946824904448116,209.30174459037602,0.01033663097769022,250,1.5183025598526,1.0,1.0,disabled,single,3,row_2,row_3,-0.19026543200016022,-0.5409440398216248,0.5575522592901755,0.3926339016548186,0.8422008936740223,0.35067860782146454,0.3939336094038086,1,18,0,disabled,0,0.0,50.0,alpha
328,0.9351044297218323,-0.36133068799972534,-29.000144958496094,-0.2586766481399536,1.0788911581039429,0.001452326774597168,101,20,35,0.010852938517928123,0.49019607843137253,0.3,120,156,wall,both,1,1,1,1,1,1,0.0,9,9,0,alpha,full,huber,7.405667333696091,0.29822314821811613,-1.3462873195856442,8.328457798076576,0.8637645314445015,-1.4700723299036949,8.6274054846766,0.8788425739305554,-1.4240349227894151,212.27980464772082,0.010852937586605549,250,1.840210199356079,1.0,1.0,disabled,single,3,row_3,row_2,-0.2586766481399536,-0.45294514298439026,0.5274446648597834,0.43431733965324765,0.8244301899683977,0.19426849484443665,0.38103467173417627,1,19,0,disabled,0,0.0,50.0,alpha
332,0.9655227661132812,-0.3852207660675049,-34.61647033691406,-0.3450697362422943,1.246119499206543,5.882978439331055e-05,84,24,41,0.009344655089080334,0.5016722408026756,0.3,102,149,wall,both,1,1,1,1,1,1,0.0,11,11,0,alpha,full,huber,7.70788667477907,-0.25034270144782017,-1.372188666365357,8.297595799259401,0.1472701997818108,-1.4726878151591054,8.488754315456013,0.18732253040602284,-1.4471382414712013,203.31272073246416,0.009344655089080334,250,1.9543045163154602,1.0,1.0,disabled,single,3,row_2,row_3,-0.3450697362422943,-0.36613303422927856,0.48867934466502744,0.47849379323687863,0.8147750068528095,0.021063297986984253,0.3709790052357671,1,20,0,disabled,0,0.0,50.0,alpha
336,0.6668834686279297,-0.1837742030620575,-22.21872329711914,-0.3367663323879242,1.2310348749160767,0.0002929568290710449,111,0,30,0.013030687347054482,0.5154639175257733,0.3,120,141,wall,both,1,1,1,1,1,1,0.0,5,5,0,alpha,full,huber,7.7419676171135,-0.7546935997408685,-1.3574832419055123,8.29290740876178,-1.2291809620270542,-1.5069765321596413,8.470542623944258,-1.3118644353460103,-1.4907925954926766,192.07793736121835,0.013030687347054482,250,1.9698718786239624,1.0,1.0,disabled,single,3,row_3,row_2,-0.3367663323879242,-0.3858228921890259,0.4967856956480707,0.4730032111761075,0.807389989010206,0.049056559801101685,0.36283020936839316,1,21,0,disabled,0,0.0,50.0,alpha
340,0.6661960482597351,-0.18339551985263824,-22.552946090698242,-0.30054971575737,1.1629557609558105,0.0006454586982727051,108,5,37,0.013804742135107517,0.5,0.3,101,150,wall,both,1,1,1,1,1,1,0.0,7,7,0,alpha,full,huber,7.758540620142206,-1.2034453955888482,-1.345759256305025,8.36415916345116,-1.4949037551584845,-1.4533141549765942,8.427115313026462,-1.6006697524589852,-1.4715718884989573,197.70038913878815,0.013804742135107517,250,1.5582071542739868,1.0,1.0,disabled,single,3,row_3,row_2,-0.30054971575737,-0.4297560453414917,0.5133877890652443,0.45116140326859,0.8197726521592006,0.1292063295841217,0.3661740795169306,0,21,0,disabled,0,0.0,50.0,alpha
344,0.2449592500925064,-0.024795468896627426,-24.92564582824707,-0.2590242326259613,1.0795670747756958,0.00279921293258667,107,0,26,0.011116458103060722,0.5300353356890459,0.3,120,133,wall,both,1,1,1,1,1,1,0.0,5,5,0,alpha,full,huber,8.003362765902809,-3.073515641703483,-1.3186982401339509,8.085731225386876,-2.5729647509099425,-1.5529920690971677,8.28093071006681,-2.553072139866557,-1.5297782999811884,180.6943340272033,0.011116459034383297,250,1.111513078212738,1.0,1.0,disabled,single,3,row_3,row_2,-0.2590242326259613,-0.4535113573074341,0.5268388124518298,0.43372362320202573,0.8274433990446299,0.19448712468147278,0.3818364033243138,0,21,0,disabled,0,0.0,50.0,alpha
348,0.025984056293964386,-0.0002789963618852198,-25.721189498901367,-0.2986876368522644,1.1593507528305054,8.374452590942383e-05,109,6,35,0.011900203302502632,0.5,0.3,120,150,wall,both,1,1,1,1,1,1,0.0,3,3,0,alpha,full,huber,8.034163422558546,-2.792988561225097,-1.3805949628946976,8.00315722717255,-3.0265525620708873,-1.531159915033454,8.13775585631071,-3.0474122268971247,-1.52588838083801,181.2382711840759,0.011900203302502632,250,0.9028112590312958,1.0,1.0,disabled,single,3,row_3,row_2,-0.2986876368522644,-0.4050949811935425,0.5081889107134435,0.456891482103698,0.8190265289212972,0.10640734434127808,0.3782143921952972,0,21,0,disabled,0,0.0,50.0,alpha
352,0.5568008422851562,-0.12811040878295898,-30.120649337768555,-0.3135140538215637,1.1877604722976685,0.001442253589630127,97,12,48,0.01055647898465395,0.4885993485342019,0.3,120,157,wall,both,1,1,1,1,1,1,0.0,6,6,0,alpha,full,huber,8.23810328425646,-3.7979171786257138,-1.3564646080829108,8.229560234361706,-3.7607333527865414,-1.4096536868419647,8.20268970950889,-3.761101480801199,-1.4684858588909318,186.298703944081,0.01055647898465395,250,0.9761481881141663,1.0,1.0,disabled,single,3,row_3,row_2,-0.3135140538215637,-0.39128828048706055,0.5019383718828627,0.4643799710887106,0.8163865285901791,0.07777422666549683,0.3757638781786852,0,21,0,disabled,0,0.0,50.0,alpha
356,0.6476563811302185,-0.17333006858825684,-29.019729614257812,-0.29665452241897583,1.1553276777267456,0.0029816031455993652,90,14,43,0.013113840483129025,0.5050505050505051,0.3,115,147,wall,both,1,1,1,1,1,1,0.0,5,5,0,alpha,full,huber,8.254229204002401,-4.100252787233074,-1.3329380887883537,8.236000391891618,-4.460165200155327,-1.4458788556125262,8.256627488401353,-4.492496720466772,-1.4559901863730398,186.04165362638227,0.013113840483129025,250,1.0767008066177368,1.0,1.0,disabled,single,3,row_3,row_2,-0.29665452241897583,-0.41573038697242737,0.5106150064838367,0.4532935957217592,0.821742084012888,0.11907586455345154,0.37548486228589617,0,21,0,disabled,0,0.0,50.0,alpha
360,0.17305660247802734,-0.012375449761748314,-38.09405517578125,-0.2693829834461212,0.4932398200035095,0.2296808362007141,100,10,38,0.00997148361057043,0.5033557046979865,0.3,120,148,wall,both,1,1,1,1,1,1,0.0,3,3,0,alpha,full,huber,7.7671169619871,-5.178334819316052,-2.058639577784411,8.123657676505097,-4.957914324335643,-1.5396287800453012,8.208678837059622,-4.966879346922346,-1.5010971026891256,197.16316416432034,0.00997148361057043,250,0.9544369280338287,1.0,1.0,disabled,single,3,row_3,row_2,-0.23261120915412903,-1.1346615552902222,0.6437604134220888,0.26119735784434445,0.8578581073984637,0.9020503461360931,0.20781744179124273,0,21,0,disabled,0,0.0,50.0,alpha
364,1.0745227336883545,-0.47710704803466797,-34.25764465332031,-0.17209278047084808,0.8715991377830505,0.028321385383605957,88,2,55,0.010522956028580666,0.5084745762711864,0.3,120,145,wall,both,1,1,1,1,1,1,0.0,3,3,0,alpha,full,huber,8.297882727452004,-5.877827380399233,-1.1286219977146992,8.141900568250133,-5.302933229091579,-1.5119690028273212,8.17904399047719,-5.2533128581646285,-1.5063709148419104,207.71428678330597,0.01052295695990324,250,1.5224233269691467,1.0,1.0,disabled,single,3,row_3,row_2,-0.17209278047084808,-0.6206441521644592,0.5755421031427547,0.3675138529456133,0.849017164297295,0.44855137169361115,0.38035011378512407,0,21,0,disabled,0,0.0,50.0,alpha
368,0.4352433681488037,-0.07827966660261154,0.0,-0.04774243384599686,0.46009689569473267,0.0130995512008667,0,0,0,0.00944521464407444,0.5,0.3,0,0,wall,both,1,1,1,1,1,1,0.0,0,0,0,alpha,full,huber,6.88883523691304,-5.639238000548008,-1.5292235552853988,7.890007130328355,-5.866170727022887,-1.587222913612281,8.036069078543337,-5.838318292399249,-1.547463064902564,190.34072250487992,0.00944521464407444,250,1.7174497842788696,1.0,1.0,disabled,single,3,row_3,row_4,-0.04774243384599686,-0.8939756751060486,0.6366658895039302,0.27314745305080906,0.8589142348918543,0.8462332412600517,0.40376783343877437,0,21,0,disabled,0,0.0,50.0,alpha
372,0.15357159078121185,-0.009745551273226738,0.0,-0.15068314969539642,0.8177130222320557,0.022646069526672363,0,0,0,0.0066737583838403225,0.5,0.3,0,0,wall,both,1,1,1,1,1,1,0.0,0,0,0,alpha,full,huber,8.311634989960934,-6.210920591006201,-1.153961694570432,8.177375457339593,-6.340832016097476,-1.4472697931723713,8.119557122310955,-6.361922525976519,-1.4981418953191878,200.0590370316336,0.0066737583838403225,250,0.7870630919933319,1.0,1.0,disabled,single,3,row_3,row_2,-0.15068314969539642,-0.6583981513977051,0.5860378669368587,0.3527181884641689,0.8517718264011336,0.5077150017023087,0.38368772245129257,0,21,0,disabled,0,0.0,50.0,alpha
376,0.7881993055343628,-0.256718248128891,0.0,-0.10282362997531891,0.5305950045585632,0.09931761026382446,0,0,0,0.008713018149137497,0.5,0.3,0,0,wall,both,1,1,1,1,1,1,0.0,0,0,0,alpha,full,huber,9.702552853741837,-6.95272237802364,-0.8963316857655235,8.632662403589054,-7.409431792135559,-1.3343040664419465,8.443899373564355,-7.516959949462251,-1.42814877056617,203.89151697363462,0.008713019080460072,250,1.9245655536651611,1.0,1.0,disabled,single,3,row_2,row_3,-0.10282362997531891,-0.9748760461807251,0.6413536383210545,0.2681451897018462,0.8552319791797939,0.8720524162054062,0.3413506463666968,1,22,0,disabled,0,0.0,50.0,alpha
380,0.06744413822889328,-0.0018796329386532307,0.0,-0.12171132862567902,0.713160514831543,0.04614049196243286,0,0,0,0.007461949717253447,0.5,0.3,0,0,wall,both,1,1,1,1,1,1,0.0,0,0,0,alpha,full,huber,8.084772222213392,-7.765139816607393,-1.675083197012734,8.47780416896047,-7.605013362445206,-1.4081216180318403,8.477183248795708,-7.667296635120321,-1.4184434987095067,203.37406406027557,0.007461948785930872,250,0.8150330185890198,1.0,1.0,disabled,single,3,row_3,row_2,-0.12171132862567902,-1.2276456356048584,0.6618883749548554,0.21901990516428452,0.8591464541003249,1.1059343069791794,0.29094702653001264,1,23,0,disabled,0,0.0,50.0,alpha
384,0.750091016292572,-0.23249444365501404,0.0,-0.5589374303817749,1.5780725479125977,0.036823272705078125,0,0,0,0.006250690668821335,0.5,0.3,0,0,wall,both,1,1,1,1,1,1,0.0,0,0,0,alpha,full,huber,8.299523077164046,-8.630741384667289,-1.642343413807651,8.571643995618071,-8.094502381423077,-1.3887493522447394,8.555617270055969,-8.074723997388066,-1.404956707579626,225.76865903050458,0.006250690668821335,250,1.3958817720413208,1.0,1.0,disabled,single,3,row_3,row_2,-0.5589374303817749,-1.5854313373565674,0.6555719187476418,0.23486575746051166,0.8593441163094062,1.0264939069747925,-0.13669016444720106,0,23,0,disabled,0,0.0,50.0,alpha
388,0.5416891574859619,-0.12125088274478912,0.0,-1.0426756143569946,2.1659061908721924,0.006962776184082031,0,0,0,0.006532295607030392,0.5,0.3,0,0,wall,both,1,1,1,1,1,1,0.0,0,0,0,alpha,full,huber,9.70711549200662,-8.869920648752657,-1.2277153326211723,8.83571672318357,-8.654330474873206,-1.36367764751221,8.750474465466926,-8.637283733942615,-1.3864002469637502,219.73806167335295,0.006532294675707817,250,1.3958100080490112,1.0,1.0,disabled,single,3,row_2,row_3,-1.0426756143569946,-1.551685094833374,0.5879954486693209,0.35343858177613635,0.8460258995815563,0.5090094804763794,-0.5116395428852298,1,24,0,disabled,0,0.0,50.0,alpha
392,0.2725377380847931,-0.030692901462316513,0.0,-1.118604063987732,2.2435948848724365,3.236532211303711e-05,0,0,0,0.006137634161859751,0.5,0.3,0,0,wall,both,1,1,1,1,1,1,0.0,0,0,0,alpha,full,huber,9.531881829285744,-8.90288595589899,-1.3538347506815236,9.10932139033922,-8.88471852159602,-1.3203862078604016,8.974557412893915,-8.916616903810398,-1.3549281726372746,213.14933182674503,0.006137634161859751,250,0.7485161423683167,1.0,1.0,disabled,single,3,row_2,row_3,-1.118604063987732,-1.4247910976409912,0.5500495458700962,0.40497337488311874,0.8343606181667151,0.3061870336532593,-0.5208571425750207,0,24,0,disabled,0,0.0,50.0,alpha
396,0.23253630101680756,-0.02234427072107792,0.0,-1.6003403663635254,2.680072069168091,0.031946003437042236,0,0,0,0.006466170772910118,0.5,0.3,0,0,wall,both,1,1,1,1,1,1,0.0,0,0,0,alpha,full,huber,8.87965888683492,-9.575565247988274,-1.623571220938047,9.069986876064315,-9.185610315686507,-1.3718651536591153,9.051236525512287,-9.17488963400571,-1.357381102376036,216.1017445257701,0.006466170772910118,250,0.8678458333015442,1.0,1.0,disabled,single,3,row_3,row_2,-1.6003403663635254,-2.1530961990356445,0.5948358876386993,0.34224597912182536,0.8499907038492729,0.5527558326721191,-1.0808706357873128,1,25,1,disabled,0,0.0,50.0,alpha
400,0.2128618061542511,-0.018723201006650925,0.0,-1.0648210048675537,2.1886603832244873,0.008915603160858154,0,0,0,0.007731513120234013,0.5,0.3,0,0,wall,both,1,1,1,1,1,1,0.0,0,0,0,alpha,full,huber,8.490013357864317,-9.212763611117664,-1.5037580637336239,8.883681738556412,-9.434808146968276,-1.6231918144289266,8.988066816509228,-9.451593589781789,-1.5687689636955928,197.74366326412016,0.007731514051556587,250,0.6893399059772491,1.0,1.0,disabled,single,3,row_3,row_2,-1.0648210048675537,-1.984870195388794,0.6453376623949352,0.2571666959183945,0.8588510509984106,0.9200491905212402,-0.6268394132879435,0,25,0,disabled,0,0.0,50.0,alpha
404,0.7352734208106995,-0.2233995944261551,0.0,-3.1878767013549805,3.784435749053955,0.035762667655944824,0,0,0,0.00839315541088581,0.5,0.3,0,0,wall,both,1,1,1,1,1,1,0.0,0,0,0,alpha,full,huber,9.423253394123668,-10.537911814478894,-1.6383706983293163,9.028728659498205,-10.087758075098813,-2.0336753509044985,9.011020524605488,-10.092351363408127,-2.080477269731831,207.47799142207964,0.00839315541088581,250,1.4759427309036255,1.0,1.0,disabled,single,3,row_3,row_2,-3.1878767013549805,-3.311866283416748,0.5119473222669243,0.4522486555585233,0.8208521483832325,0.12398958206176758,-2.51834315592179,0,25,1,disabled,0,0.0,50.0,alpha
408,0.9043800234794617,-0.3379765450954437,0.0,-4.019813537597656,3.9783427715301514,0.3509281873703003,0,0,0,0.012370789423584938,0.5,0.3,0,0,wall,both,1,1,1,1,1,1,0.0,0,0,0,alpha,full,huber,8.845891224129506,-10.983661769406359,-2.2345577332371525,8.8067842251081,-10.42792315496862,-2.3492285167506135,8.842467272505473,-10.377504993982999,-2.3569227882513113,193.16996676099154,0.012370789423584938,250,1.637281894683838,1.0,1.0,disabled,single,3,row_3,row_2,-4.019813537597656,-4.927343845367432,0.6438462718320139,0.25980456661418583,0.8590892383135881,0.9075303077697754,-3.579518247889121,0,25,1,disabled,0,0.0,50.0,alpha
412,1.0061216354370117,-0.41829782724380493,0.0,-3.9042587280273438,4.1221795082092285,0.1772107481956482,0,0,0,0.012050244025886059,0.5,0.3,0,0,wall,both,1,1,1,1,1,1,0.0,0,0,0,alpha,full,huber,9.696156736116993,-10.85177909683702,-1.9502855401568515,8.900178076402097,-10.528421288214803,-2.346295522453502,8.848002717130015,-10.486676310275906,-2.401398661880094,155.66477255225882,0.012050244025886059,185,1.6983582973480225,1.0,1.0,disabled,single,3,row_2,row_3,-3.9042587280273438,-4.0106425285339355,0.5081989173917152,0.45691123600729755,0.8189489246426562,0.1063838005065918,-3.2273763896490237,1,26,1,disabled,0,0.0,50.0,alpha
416,0.6350474953651428,-0.1666468381881714,0.0,-3.851656675338745,4.0855584144592285,0.18676388263702393,0,0,0,0.008160092867910862,0.5,0.3,0,0,wall,both,1,1,1,1,1,1,0.0,0,0,0,alpha,full,huber,9.334848803470301,-10.91469087783516,-1.991229551978278,8.994479151050992,-10.687424109347813,-2.3834297123018144,8.882620325433049,-10.639055324890968,-2.4762532679350846,205.20595416320748,0.008160092867910862,250,1.1761655807495117,1.0,1.0,disabled,single,3,row_3,row_2,-3.851656675338745,-4.16596794128418,0.5511405806775402,0.40249337939340146,0.8370491127102777,0.31431126594543457,-3.2558913103133333,1,27,1,disabled,0,0.0,50.0,alpha
420,0.1273851990699768,-0.0067053670063614845,-49.95989990234375,-4.196373462677002,3.83207368850708,0.47812795639038086,8,0,112,0.028289606794714928,0.5555555555555556,0.3,120,120,wall,both,1,1,1,1,1,1,0.0,1,1,0,alpha,full,huber,8.958697970093187,-10.792185095960031,-2.3918772830175317,8.969612814361273,-10.773920458041095,-2.650202274423974,8.823215602359916,-10.797390269451338,-2.748500942560054,91.73083343792963,0.028289606794714928,250,0.564323365688324,1.0,1.0,disabled,single,3,row_3,row_2,-4.196373462677002,-4.969982624053955,0.627963852303842,0.28970797805199694,0.8566652657430933,0.7736091613769531,-3.7311007884806924,0,27,1,disabled,0,0.0,50.0,alpha
424,0.27858591079711914,-0.03207029402256012,-49.62731170654297,-4.062466144561768,3.8596179485321045,0.4292601943016052,2,0,94,0.02405139058828354,0.6097560975609756,0.3,96,96,wall,both,1,1,1,1,1,1,0.0,3,3,0,alpha,full,huber,8.193018124341435,-11.006255014472014,-2.333514419460486,8.563157789810381,-10.813568194784803,-2.907351456938407,8.617236026576562,-10.832390912422618,-2.9197010067766387,107.79168682475162,0.024051392450928688,235,0.7551804780960083,1.0,1.0,disabled,single,3,row_3,row_4,-4.062466144561768,-5.229189395904541,0.6660620304537233,0.20740212749614517,0.858511322890005,1.1667232513427734,-3.6560936706022735,0,27,1,disabled,0,0.0,50.0,alpha
428,0.5822171568870544,-0.14007307589054108,-49.830989837646484,-4.867325305938721,3.9847779273986816,0.5727137327194214,2,0,118,0.029037414118647575,0.5555555555555556,0.3,120,120,wall,both,1,1,1,1,1,1,0.0,3,3,0,alpha,full,huber,8.07046135726881,-11.146670812251294,-2.4994322545747214,8.2288472598263,-10.884070912320814,3.1217461407870943,8.257938720364479,-10.893682054035306,3.102639085745942,95.8589678248397,0.029037415981292725,175,0.8781959414482117,1.0,1.0,disabled,single,3,row_3,row_4,-4.867325305938721,-5.842934608459473,0.6523196641342376,0.24590011617525512,0.8562020379181468,0.975609302520752,-4.440104751148558,0,27,1,disabled,0,0.0,50.0,alpha
432,0.09354130178689957,-0.0036156922578811646,-48.908912658691406,-2.992759943008423,3.6557183265686035,0.07493698596954346,4,0,117,0.024345943704247475,0.5535055350553506,0.3,113,121,wall,both,1,1,1,1,1,1,0.0,3,3,0,alpha,full,huber,7.45016867263698,-10.830391045236025,2.161062459820611,7.484239198999583,-10.699274611037346,2.292498856273362,7.478545162289201,-10.772966920659078,2.293574677707536,71.46498288913045,0.024345939978957176,175,0.5282687544822693,1.0,1.0,disabled,single,3,row_3,row_4,-2.992759943008423,-3.4526872634887695,0.580186141090725,0.36628864293556945,0.8404335348688203,0.4599273204803467,-2.448353648993842,0,27,1,disabled,0,0.0,50.0,alpha
436,0.19391365349292755,-0.015538225881755352,-46.331844329833984,-1.449615478515625,1.6592247486114502,0.45306599140167236,18,0,114,0.0685863345861435,0.5319148936170213,0.3,105,132,wall,both,1,1,1,1,1,1,0.0,5,5,0,alpha,full,huber,7.678259325889502,-8.840802799687122,0.7793689462602629,6.884978949707161,-9.542523666554429,1.6700836048447016,6.812341639089476,-9.711026039122908,1.7363044661172164,33.912296597248655,0.0685863271355629,97,1.237876534461975,1.0,1.0,disabled,single,3,row_3,row_4,-1.449615478515625,-2.452911615371704,0.655369062066295,0.24030342451392592,0.8553711002622915,1.003296136856079,-1.0270587300247276,0,27,0,disabled,0,0.0,50.0,alpha
440,0.23495188355445862,-0.022810904309153557,-39.656761169433594,-0.4382376968860626,1.403641939163208,0.010060012340545654,40,1,89,0.043763238936662674,0.5357142857142857,0.3,120,130,wall,both,1,1,1,1,1,1,0.0,7,7,0,alpha,full,huber,6.905451955562697,-8.355583347835257,1.9134319218948335,6.695752863843123,-8.454720793573049,1.7565494829417354,6.664646782124924,-8.519741080823596,1.749316801132374,57.06479566357238,0.043763235211372375,80,0.630866140127182,1.0,1.0,disabled,single,3,row_3,row_4,-0.4382376968860626,-0.7591428756713867,0.5540965746485184,0.40199265416867525,0.8307394897150904,0.3209051787853241,0.1521785880709371,0,27,0,disabled,0,0.0,50.0,alpha
444,0.4651971757411957,-0.0894249677658081,-38.429954528808594,-0.17071177065372467,0.8737795948982239,0.01601719856262207,50,11,100,0.0799877718091011,0.48231511254019294,0.3,120,161,wall,both,1,1,1,1,1,1,0.0,6,6,0,alpha,full,huber,6.888753797917326,-7.563140124483516,1.950689054335177,6.577559991545964,-7.647732823079604,1.7168258447288773,6.563220366886072,-7.743482479558375,1.7231884093120522,35.43405482694542,0.0799877792596817,80,0.7486555576324463,1.0,1.0,disabled,single,3,row_3,row_4,-0.17071177065372467,-0.6213268041610718,0.57887732473672,0.36888153430177834,0.8385397135678649,0.4506150335073471,0.37595292757923104,0,27,0,disabled,0,0.0,50.0,alpha
448,1.0340579748153687,-0.4418495297431946,-38.83757400512695,-0.17034631967544556,0.8751133680343628,0.006325960159301758,60,19,72,0.03363757207989693,0.4983388704318937,0.3,120,151,wall,both,1,1,1,1,1,1,0.0,8,8,0,alpha,full,huber,6.726024745147087,-6.9074336478621925,1.8840080533583183,6.507305688645971,-6.95043847011063,1.7085966326706465,6.49584960652529,-7.068885220205732,1.7066432773030584,59.6999782562086,0.033637575805187225,80,1.3635688424110413,1.0,1.0,disabled,single,3,row_3,row_4,-0.17034631967544556,-0.5730282664299011,0.5691025306961263,0.38045909402835637,0.8391264092786046,0.40268194675445557,0.39334834686841025,0,27,0,disabled,0,0.0,50.0,alpha
452,1.384789228439331,-0.7924137115478516,-36.651893615722656,-0.17562803626060486,0.8875737190246582,0.011757373809814453,74,37,58,0.0262705460190773,0.47021943573667707,0.3,120,169,wall,both,1,1,1,1,1,1,0.0,7,7,0,alpha,full,huber,6.498791147057061,-5.864204379250945,1.9279038222591893,6.453476636711573,-5.925835524872571,1.6910969386428913,6.404179081656883,-5.940054401661016,1.6933350707818908,69.67247479200968,0.0262705460190773,87,1.5932103395462036,1.0,1.0,disabled,single,3,row_3,row_4,-0.17562803626060486,-0.5547628402709961,0.5643459928506752,0.38626849937910374,0.8388392008351455,0.37913480401039124,0.3964597168134756,0,27,0,disabled,0,0.0,50.0,alpha
456,0.9772222638130188,-0.3946129381656647,-34.13905334472656,-0.09371048212051392,0.6356753706932068,0.03096747398376465,106,26,35,0.058543987572193146,0.47318611987381703,0.3,120,167,wall,both,1,1,1,1,1,1,0.0,10,10,0,alpha,full,huber,6.493378851339776,-4.430504254937729,1.980927897089411,6.302552033928377,-5.177173520171649,1.8448888437374638,6.315508017097262,-5.254333919042615,1.7858054044692206,72.89360884736764,0.058543987572193146,148,1.985200822353363,1.0,1.0,disabled,single,3,row_3,row_4,-0.09371048212051392,-0.7625023722648621,0.6129146677787227,0.31401282588008267,0.8549474610694404,0.6687918901443481,0.3958190748913719,0,27,0,disabled,0,0.0,50.0,alpha
460,0.21960954368114471,-0.0199290718883276,-37.67950439453125,-0.06539203226566315,0.536973237991333,0.017958879470825195,92,33,37,0.013326067477464676,0.4807692307692307,0.3,120,162,wall,both,1,1,1,1,1,1,0.0,9,9,0,alpha,full,huber,6.653006019463349,-4.798614606757294,1.9212183381744623,6.3540869004838,-4.715192080657185,1.7882227841603422,6.302202216383913,-4.7997170728257865,1.7832195177050334,132.2244599940709,0.013326069340109825,175,0.6932519674301147,1.0,1.0,disabled,single,3,row_3,row_4,-0.06539203226566315,-0.833139955997467,0.6268947645082095,0.2909148937670198,0.857315375764242,0.7677479237318039,0.4015845598700373,0,27,0,disabled,0,0.0,50.0,alpha
464,1.3070728778839111,-0.7059667110443115,-25.03885269165039,-0.1692897528409958,0.8598383665084839,0.034985899925231934,108,3,22,0.018173029646277428,0.5300353356890459,0.3,120,133,wall,both,1,1,1,1,1,1,0.0,9,9,0,alpha,full,huber,6.137637165303578,-3.6571577291531,2.0133535100493294,6.237424931463684,-4.109995846376225,1.8624331414528434,6.225900650826559,-4.231782591479364,1.828251462843891,126.30842600031477,0.018173029646277428,180,1.9419211745262146,1.0,1.0,disabled,single,3,row_3,row_4,-0.1692897528409958,-0.6063603162765503,0.5744339836491658,0.37104175976368875,0.8449319510655213,0.4370705634355545,0.38508034642261146,0,27,0,disabled,0,0.0,50.0,alpha
468,0.25480586290359497,-0.026828937232494354,-25.923185348510742,-0.10876712948083878,0.6975735425949097,0.012441813945770264,95,7,25,0.015201590023934841,0.5415162454873647,0.3,120,127,wall,both,1,1,1,1,1,1,0.0,6,6,0,alpha,full,huber,6.309501240817399,-3.6963215177102176,1.9059641779314385,6.170713139605353,-3.7294848615698766,1.8231676035761746,6.146237106141011,-3.7682392765366495,1.8315988932287723,144.20131106910964,0.015201590955257416,180,0.6640831530094147,1.0,1.0,disabled,single,3,row_3,row_4,-0.10876712948083878,-0.7263884544372559,0.604943233767322,0.3262008513836258,0.8537213178785167,0.6176213249564171,0.39385352435638976,0,27,0,disabled,0,0.0,50.0,alpha
472,0.5685896277427673,-0.1335926353931427,-22.311798095703125,-0.12538966536521912,0.7499905228614807,0.009810149669647217,104,5,19,0.013383733108639717,0.539568345323741,0.3,120,128,wall,both,1,1,1,1,1,1,0.0,8,8,0,alpha,full,huber,6.201271816221836,-3.3894221606081296,1.888241724413498,6.19381650858076,-3.4578554036020037,1.7820852256533122,6.137011681777393,-3.464906925323089,1.8113286017878405,144.842986622781,0.013383733108639717,180,0.794183075428009,1.0,1.0,disabled,single,3,row_3,row_4,-0.12538966536521912,-0.6828742027282715,0.5953261042377905,0.3409121407731293,0.8511401368123162,0.5574845373630524,0.39325628385995126,0,27,0,disabled,0,0.0,50.0,alpha
476,1.2173460721969604,-0.6123684048652649,-28.605876922607422,-0.14260151982307434,0.799380362033844,0.012119650840759277,107,5,23,0.011804659850895405,0.5263157894736842,0.3,120,135,wall,both,1,1,1,1,1,1,0.0,9,9,0,alpha,full,huber,6.159955380049915,-3.438877275269437,1.9039020183369502,6.183987853307548,-3.0766967342271725,1.7647341275726287,6.103626581193202,-3.009945743517612,1.793401551803739,157.5506715638063,0.01180466078221798,191,1.460463523864746,1.0,1.0,disabled,single,3,row_3,row_4,-0.14260151982307434,-0.6454079151153564,0.5860881001339875,0.354484182044623,0.8485348476898392,0.5028063952922821,0.39168363935662887,0,27,0,disabled,0,0.0,50.0,alpha
480,0.7463002800941467,-0.23015046119689941,-27.552038192749023,-0.08868254721164703,0.61544269323349,0.03324633836746216,113,0,14,0.011441640555858612,0.5415162454873647,0.3,120,127,wall,both,1,1,1,1,1,1,0.0,7,7,0,alpha,full,huber,6.2286296780462544,-2.7790983825914632,2.00663619654102,6.214962187802981,-2.4492164769386937,1.7071321051759212,6.0979276815697165,-2.4058452683438745,1.7569612827474028,151.04851172214228,0.011441641487181187,180,0.9215148687362671,1.0,1.0,disabled,single,3,row_3,row_4,-0.08868254721164703,-0.7927263975143433,0.6178831034305523,0.3055933926773091,0.8564418873215236,0.7040438503026962,0.3927734452294852,0,27,0,disabled,0,0.0,50.0,alpha
484,0.5864224433898926,-0.14210383594036102,-46.95570755004883,-0.014896778389811516,0.25839751958847046,0.0038071274757385254,98,0,34,0.010495362803339958,0.5319148936170213,0.3,120,132,wall,both,1,1,1,1,1,1,0.0,8,8,0,alpha,full,huber,6.949632688478496,-1.818843130281017,1.8214234640522147,6.2664404311185455,-2.1118485037498655,1.6556310646022414,6.165306745967088,-2.1098040468912904,1.699248852982059,167.86469735184593,0.010495362803339958,191,1.4678295850753784,1.0,1.0,disabled,single,3,row_3,row_2,-0.014896778389811516,-1.152014970779419,0.6623565951587509,0.2124455843451563,0.8620951224830866,1.1371181923896074,0.3970544263005597,0,27,0,disabled,0,0.0,50.0,alpha
488,0.3040998876094818,-0.03821352869272232,-29.582080841064453,-0.1022719144821167,0.6663151979446411,0.029742121696472168,102,10,18,0.009590329602360725,0.5357142857142857,0.3,120,130,wall,both,1,1,1,1,1,1,0.0,11,11,0,alpha,full,huber,5.99520922714834,-1.7214509297485616,2.0044047208427296,6.172747001198311,-1.652460429714948,1.6975521708011667,6.144742311416216,-1.6673710776788873,1.7111235890936793,168.7167326576182,0.009590329602360725,207,0.4757377803325653,1.0,1.0,disabled,single,3,row_3,row_4,-0.1022719144821167,-0.7403503060340881,0.610377287151185,0.3224663784546894,0.847654495297816,0.6380783915519714,0.3914060950006045,0,27,0,disabled,0,0.0,50.0,alpha
492,0.6422194242477417,-0.17043215036392212,-31.359500885009766,-0.27847254276275635,1.1194301843643188,0.0003708004951477051,108,15,31,0.015063167549669743,0.49342105263157904,0.3,120,154,wall,both,1,1,1,1,1,1,0.0,9,9,0,alpha,full,huber,5.387450549147435,-0.9351645503411272,1.7686367297370094,5.857402946412151,-0.6158016371919905,1.7270075246600654,5.909075585486678,-0.5394365004955859,1.696764196226396,115.72860932204175,0.015063167549669743,143,0.9180037379264832,1.0,1.0,disabled,single,3,row_3,row_4,-0.27847254276275635,-0.4463838040828705,0.522755408694636,0.4419525058840631,0.8179786233370461,0.16791126132011414,0.3701690513460174,0,27,0,disabled,0,0.0,50.0,alpha
496,1.6599360704421997,-1.1385899782180786,-35.172142028808594,-0.15990488231182098,0.8475857973098755,0.007982313632965088,104,29,21,0.01844368316233158,0.49342105263157904,0.3,120,154,wall,both,1,1,1,1,1,1,0.0,5,5,0,alpha,full,huber,5.2470816411492995,1.3418296728710435,1.8899724954701975,5.5929543989903365,1.6253725932879206,1.6809849233510326,5.601467325520388,1.7072989062253532,1.675846902868976,118.13914630094435,0.01844368316233158,148,2.074503779411316,1.0,1.0,disabled,single,3,row_3,row_4,-0.15990488231182098,-0.609346330165863,0.5775421933279792,0.3684629094981888,0.8425383532392086,0.44944144785404205,0.3890688949034775,0,27,0,disabled,0,0.0,50.0,alpha
500,1.0852733850479126,-0.4867017865180969,-31.7876033782959,-0.15973085165023804,0.846839427947998,0.009483098983764648,91,9,35,0.010338161140680313,0.5263157894736842,0.3,120,135,wall,both,1,1,1,1,1,1,0.0,3,3,0,alpha,full,huber,6.506812319667821,3.8835226123940547,1.6215127315139668,5.637718333678954,4.143341242843386,1.63457800273715,5.5001662204914705,4.196976407600385,1.662991643563946,194.98024017265772,0.010338161140680313,250,1.8712260127067566,1.0,1.0,disabled,single,3,row_3,row_2,-0.15973085165023804,-0.6289371848106384,0.5802781105651055,0.3629630928224936,0.8464993663061138,0.4692063331604004,0.3845169377409706,0,27,0,disabled,0,0.0,50.0,alpha
504,0.5214394927024841,-0.11235501617193222,-40.79076385498047,-0.049703940749168396,0.4387974739074707,0.04116499423980713,111,4,27,0.0071427966468036175,0.5136986301369862,0.3,120,142,wall,both,1,1,1,1,1,1,0.0,3,3,0,alpha,full,huber,5.97623101650268,4.517011487018636,1.4614665037185013,5.493781535143768,4.81949868874271,1.6708810327940626,5.467490875610176,4.854792814714132,1.6748514686860299,209.51351627693114,0.007142797578126192,250,1.134020745754242,1.0,1.0,disabled,single,3,row_3,row_2,-0.049703940749168396,-0.9418795704841614,0.6407657897424246,0.2625622975303784,0.8621825168378395,0.892175629734993,0.395387330697914,0,27,0,disabled,0,0.0,50.0,alpha
508,0.6698712706565857,-0.1854245960712433,-30.719783782958984,-0.33783769607543945,1.232949137687683,0.0024031400680541992,93,23,28,0.011235733516514301,0.5102040816326531,0.3,103,144,wall,both,1,1,1,1,1,1,0.0,6,6,0,alpha,full,huber,4.024089347250339,5.567773007018648,1.83014885673642,4.820702217968133,5.904951807962141,1.7666147327993174,5.054360140113764,5.981989519603847,1.719246606986843,184.45426868118534,0.011235733516514301,250,1.4056435823440552,1.0,1.0,disabled,single,3,row_4,row_3,-0.33783769607543945,-0.3652682602405548,0.4903323035364589,0.4770650084058707,0.8141338441235626,0.027430564165115356,0.37483425117314373,1,28,0,disabled,0,0.0,50.0,alpha
512,0.3041124939918518,-0.03821669891476631,-29.995161056518555,-0.3027488589286804,1.1666710376739502,0.008244693279266357,102,21,35,0.011542771942913532,0.48701298701298706,0.3,118,158,wall,both,1,1,1,1,1,1,0.0,4,4,0,alpha,full,huber,3.786948185884797,6.580172982502476,1.8607113781652815,4.253039011652048,6.556145361668198,1.8801080012800504,4.563663933580423,6.631907154793796,1.826193730438784,172.6164596075599,0.011542771942913532,250,1.0322697162628174,1.0,1.0,disabled,single,3,row_4,row_3,-0.3027488589286804,-0.40208154916763306,0.5067460670876744,0.4588288817989013,0.8178986870321642,0.09933269023895264,0.3769963958019341,0,28,0,disabled,0,0.0,50.0,alpha
516,0.24035584926605225,-0.023872287943959236,0.0,-6.521251634694636e-05,0.01138834934681654,0.0029859542846679688,0,0,0,0.008911188691854477,0.5,0.3,0,0,wall,both,1,1,1,1,1,1,0.0,0,0,0,alpha,full,huber,5.017090034127008,7.416329120688045,1.842979951473584,4.152258677090109,7.801109579337348,1.8507289441121455,4.188282597457349,7.846048107436756,1.8416548197979505,200.73378683938125,0.008911188691854477,250,1.3025371432304382,1.0,1.0,disabled,single,3,row_3,row_4,-6.521251634694636e-05,-1.4072108268737793,0.6718049166337194,0.1644854935797472,0.8603796263220165,1.4071456143574324,0.3977220707169992,1,29,0,disabled,0,0.0,50.0,alpha
520,0.6371043920516968,-0.16772809624671936,0.0,-0.15462200343608856,0.8230363726615906,0.031659603118896484,0,0,0,0.008270255289971828,0.5,0.3,0,0,wall,both,1,1,1,1,1,1,0.0,0,0,0,alpha,full,huber,4.16212197708616,7.438837741256578,2.0179844172602195,3.9864964277814616,7.850846730845205,1.8897779788388285,4.0561809646336116,7.924742670722026,1.8657870108636025,207.4117192413317,0.008270255289971828,250,1.2920255064964294,1.0,1.0,disabled,single,3,row_3,row_4,-0.15462200343608856,-0.631388247013092,0.5826765531557259,0.3617183938266746,0.8432143486142921,0.4767662435770035,0.3855010404840582,0,29,0,disabled,0,0.0,50.0,alpha
524,0.1714642345905304,-0.012148753739893436,0.0,-0.06541584432125092,0.5425599217414856,3.606081008911133e-05,0,0,0,0.007597364019602537,0.5,0.3,0,0,wall,both,1,1,1,1,1,1,0.0,0,0,0,alpha,full,huber,2.8863799582222787,8.146876502347725,1.7517022923930856,3.515336721394379,8.519785512237185,1.9091246065709602,3.6536800300323193,8.597695060678275,1.8881132956041675,210.26715326753725,0.007597362156957388,250,0.9900780022144318,1.0,1.0,disabled,single,3,row_4,row_3,-0.06541584432125092,-0.8342121839523315,0.6261700545938859,0.29027409950185074,0.8595853517744116,0.7687963396310806,0.40271744774581514,1,30,0,disabled,0,0.0,50.0,alpha
528,0.4131941497325897,-0.07054933905601501,0.0,-0.23659184575080872,0.674007773399353,0.18229544162750244,0,0,0,0.008548435755074024,0.5,0.3,0,0,wall,both,1,1,1,1,1,1,0.0,0,0,0,alpha,full,huber,4.139585142008604,8.322567363733503,2.3790670216230225,3.4959479334812764,8.8074827829696,1.8475661398726262,3.5118044905956403,8.88092384790349,1.8681905923376192,210.93236883981226,0.008548436686396599,250,1.2630722522735596,1.0,1.0,disabled,single,3,row_3,row_4,-0.23659184575080872,-0.8768455982208252,0.6093735808433328,0.32123654768010396,0.851759392688133,0.6402537524700165,0.25873192035440795,1,31,0,disabled,0,0.0,50.0,alpha
532,0.6748915314674377,-0.1882142871618271,0.0,-0.07965854555368423,0.48883041739463806,0.08066326379776001,0,0,0,0.00791577622294426,0.5,0.3,0,0,wall,both,1,1,1,1,1,1,0.0,0,0,0,alpha,full,huber,2.8017069168208124,8.319424009808962,2.1644997398052412,3.36206821228226,9.04716964059841,1.8459977061135702,3.377309566438739,9.142482308001272,1.8571434709351529,210.04128633278364,0.00791577622294426,250,1.203064203262329,1.0,1.0,disabled,single,3,row_4,row_3,-0.07965854555368423,-0.9026579856872559,0.632748621126496,0.27784788289874124,0.8613056131168751,0.8229994401335716,0.37802351318141997,1,32,0,disabled,0,0.0,50.0,alpha
536,0.7646276354789734,-0.2415931522846222,0.0,-0.06685840338468552,0.06789614260196686,0.12700128555297852,0,0,0,0.011921945959329605,0.5,0.3,0,0,wall,both,1,1,1,1,1,1,0.0,0,0,0,alpha,full,huber,4.707583343220468,9.362866661999545,1.2300586166102976,3.5173701097159205,9.316825356272144,1.8449283487734782,3.4194249416426348,9.35696236908381,1.850351231034022,194.62614275215117,0.011921945959329605,250,2.0344609022140503,1.0,1.0,disabled,single,3,row_3,row_2,-0.06685840338468552,-1.420802116394043,0.6712422685787159,0.17332811467351797,0.8606854188392404,1.3539437130093575,0.3317667477867563,1,33,0,disabled,0,0.0,50.0,alpha
540,0.17694281041622162,-0.01293750386685133,0.0,-0.08276154100894928,0.6098667979240417,0.005161881446838379,0,0,0,0.008513097651302814,0.5,0.3,0,0,wall,both,1,1,1,1,1,1,0.0,0,0,0,alpha,full,huber,4.031709988906112,9.29445312230213,1.84118730894361,3.626771626017199,9.561371422956523,1.8297951791012392,3.4925863900055614,9.611787717209324,1.841683692179612,200.74766444501176,0.008513097651302814,250,0.8294898867607117,1.0,1.0,disabled,single,3,row_3,row_4,-0.08276154100894928,-0.7857441902160645,0.6201691484049283,0.3070496962834702,0.8495498138422628,0.7029826492071152,0.3950014771347126,0,33,0,disabled,0,0.0,50.0,alpha
544,1.289492130279541,-0.687103271484375,0.0,-0.23160511255264282,0.8719003200531006,0.12391138076782227,0,0,0,0.010995795018970966,0.5,0.3,0,0,wall,both,1,1,1,1,1,1,0.0,0,0,0,alpha,full,huber,3.0687212323696293,8.961531585331189,2.2632022826196625,3.5491747370504854,9.65028178358102,1.9215499063808097,3.4928580975182024,9.744051859015794,1.8930963771991847,195.54637128124006,0.010995794087648392,250,2.015736699104309,1.0,1.0,disabled,single,3,row_4,row_3,-0.23160511255264282,-0.6529680490493774,0.5717759955744226,0.37517191542541134,0.8432214325835423,0.4213629364967346,0.32740286787995,1,34,0,disabled,0,0.0,50.0,alpha
548,0.1681767851114273,-0.011687368154525757,0.0,-0.1773287057876587,0.8929568529129028,0.005749881267547607,0,0,0,0.008093546144664288,0.5,0.3,0,0,wall,both,1,1,1,1,1,1,0.0,0,0,0,alpha,full,huber,4.0648556053769305,10.107103092696658,1.6322492855439013,3.6574718825604555,9.93626180117289,1.9319187329556429,3.546223558937579,9.961079765090865,1.9486254599677162,193.98150572689983,0.008093546144664288,250,0.7356016039848328,1.0,1.0,disabled,single,3,row_3,row_4,-0.1773287057876587,-1.0687038898468018,0.6445673551166284,0.26433153784041996,0.8530438072095075,0.8913751840591431,0.2618472487247559,1,35,0,disabled,0,0.0,50.0,alpha
552,0.616720974445343,-0.1571672558784485,-32.37419128417969,-0.133308544754982,0.7745183706283569,0.0007269978523254395,62,0,17,0.01614396832883358,0.6550218340611353,0.3,79,79,wall,both,1,1,1,1,1,1,0.0,1,1,0,alpha,full,huber,4.107423968902249,9.987423076622026,1.701404779428069,3.7627550750277097,10.190943745238792,1.8866371716677661,3.6096919070009132,10.227651858841519,1.9692302098596794,152.8624669702186,0.01614396832883358,240,1.2351778745651245,1.0,1.0,disabled,single,3,row_3,row_4,-0.133308544754982,-1.0487176179885864,0.6471256190845147,0.2590785658258046,0.8535368481264785,0.9154090732336044,0.3019063023364113,0,35,0,disabled,0,0.0,50.0,alpha
556,0.6063381433486938,-0.15191981196403503,0.0,-1.1613919734954834,2.1753456592559814,0.1640210747718811,0,0,0,0.019973278045654297,0.5,0.3,0,0,wall,both,1,1,1,1,1,1,0.0,0,0,0,alpha,full,huber,2.72103576053195,11.101905759867964,2.3409768525916297,3.2858474760099274,11.140195834868234,2.52468490054666,3.245212629164767,11.172277168811563,2.5427600579819476,81.86856458717799,0.019973278045654297,97,1.356106162071228,1.0,1.0,disabled,single,3,row_4,row_3,-1.1613919734954834,-1.5672441720962524,0.5719048166835903,0.3811223204051242,0.8308661295925667,0.40585219860076904,-0.6026092676470785,1,36,0,disabled,0,0.0,50.0,alpha
560,0.4473102390766144,-0.0826803520321846,-40.48992919921875,-4.144641876220703,2.1211795806884766,0.8777640461921692,21,0,63,0.02441222220659256,0.641025641025641,0.3,83,84,wall,both,1,1,1,1,1,1,0.0,3,3,0,alpha,full,huber,2.055740182790237,11.11425637716022,-2.829751864336288,2.249997466529502,11.374394069769632,-2.820953891332681,2.3675958446737537,11.508811053098725,-2.8571179201776578,84.68606139550438,0.02441222220659256,127,1.0027590990066528,1.0,1.0,disabled,single,3,row_4,row_3,-4.144641876220703,-5.114058494567871,0.6388628211894839,0.24232338497722142,0.8828383550359211,0.969416618347168,-3.6965763512448744,0,36,0,disabled,0,0.0,50.0,alpha
564,0.07443408668041229,-0.0022894353605806828,-40.42026901245117,-2.293431282043457,2.073507308959961,0.5725473165512085,27,0,93,0.03803824260830879,0.5555555555555556,0.3,120,120,wall,both,1,1,1,1,1,1,0.0,2,2,0,alpha,full,huber,1.8880606643314808,11.050048569777797,-2.510621060526532,1.7870872850524429,11.122400065208144,-2.2681947124066566,1.833064716124476,11.23334434532914,-2.3009245366644757,69.43549298186527,0.03803824260830879,117,0.5635468363761902,1.0,1.0,disabled,single,3,row_4,row_3,-2.293431282043457,-3.517068386077881,0.6609441392202503,0.1944222271624542,0.8717540118831417,1.2236371040344238,-1.8793453298414997,0,36,0,disabled,0,0.0,50.0,alpha
568,1.3500807285308838,-0.7531892657279968,-45.347537994384766,-0.10533829033374786,0.6167643070220947,0.07139545679092407,12,0,94,0.04115840792655945,0.5859375,0.3,99,106,wall,both,1,1,1,1,1,1,0.0,10,10,0,alpha,full,huber,1.9802081359683086,9.581825588198663,-1.0013358398667416,1.409495560944173,10.145223127367377,-1.2076486207958383,1.344649307290876,10.349503361695884,-1.3078956486029862,56.65562057589097,0.04115840792655945,127,2.5206072330474854,1.0,1.0,disabled,single,3,row_4,row_5,-0.10533829033374786,-1.4327688217163086,0.6705389387871228,0.1777985635288166,0.8611235420102178,1.3274305313825607,0.294335213359175,0,36,0,disabled,0,0.0,50.0,alpha
572,0.7710794806480408,-0.24568742513656616,-38.73860549926758,-0.29625365138053894,1.1284701824188232,0.057009994983673096,33,2,83,0.038983095437288284,0.5597014925373135,0.3,104,118,wall,both,1,1,1,1,1,1,0.0,12,12,0,alpha,full,huber,1.883672711811482,10.086799399103276,-1.0422042721963836,1.728110234929483,9.90651104575981,-1.0286470858152539,1.5814785866715035,10.009525782726724,-1.0961513063876716,55.28507986785666,0.038983095437288284,80,1.230936050415039,1.0,1.0,disabled,single,3,row_4,row_5,-0.29625365138053894,-1.636755108833313,0.6731039488791828,0.17616099412254915,0.8575559064525953,1.340501457452774,0.09960185389706955,0,36,0,disabled,0,0.0,50.0,alpha
576,0.260215699672699,-0.027980253100395203,-43.308528900146484,-0.2828957140445709,0.7728298902511597,0.1918114423751831,34,0,72,0.029604874551296234,0.5859375,0.3,96,106,wall,both,1,1,1,1,1,1,0.0,12,12,0,alpha,full,huber,1.464281417860976,9.301617399046986,-0.7517711863873053,1.8591249772408678,9.481277997077386,-0.9385502204258899,1.8276726605783904,9.537042607055437,-0.9704256352640632,62.327096645192725,0.029604874551296234,80,0.8774649202823639,1.0,1.0,disabled,single,3,row_4,row_5,-0.2828957140445709,-0.9909122586250305,0.6199434873711249,0.30539675884315076,0.8523842537894892,0.7080165445804596,0.1952312404541996,0,36,0,disabled,0,0.0,50.0,alpha
580,0.13670752942562103,-0.007722706068307161,-35.263336181640625,-0.34284624457359314,1.2180253267288208,0.056783199310302734,49,0,59,0.038047995418310165,0.5813953488372093,0.3,88,108,wall,both,1,1,1,1,1,1,0.0,10,10,0,alpha,full,huber,1.096284857798226,9.563404579586658,-1.7201091834404536,1.85553792941525,9.305417383862048,-0.986350856054373,1.9254839552365637,9.289176017481921,-0.9641347552502042,58.84277838140534,0.038047995418310165,80,1.1548125743865967,1.0,1.0,disabled,single,3,row_4,row_5,-0.34284624457359314,-0.6982679963111877,0.5594565625033109,0.3921106760189841,0.8386588219226155,0.3554217517375946,0.23794314594689325,0,36,0,disabled,0,0.0,50.0,alpha
584,0.3547327220439911,-0.05199806019663811,-37.3190803527832,-0.1937289983034134,0.9336807727813721,0.0010617375373840332,62,0,81,0.037634626030921936,0.5119453924914675,0.3,120,143,wall,both,1,1,1,1,1,1,0.0,12,12,0,alpha,full,huber,1.3065427405268601,9.341044016233973,-1.4275828986658459,1.856577288797327,9.026251745091795,-1.1088833984078903,1.9934150171920075,8.99206673799703,-1.0221130063705193,61.52160190702834,0.037634626030921936,80,1.1069841980934143,1.0,1.0,disabled,single,3,row_4,row_5,-0.1937289983034134,-0.7276118993759155,0.5915398799225231,0.34683397309769465,0.8495712391100312,0.5338829010725021,0.3312971778550451,0,36,0,disabled,0,0.0,50.0,alpha
588,0.4148849546909332,-0.07112790644168854,-36.09888458251953,-0.13501477241516113,0.7794652581214905,0.00014078617095947266,70,1,58,0.03299311175942421,0.5376344086021506,0.3,120,129,wall,both,1,1,1,1,1,1,0.0,13,13,0,alpha,full,huber,1.3970524263461415,8.937417930113096,-1.3982772923045013,1.8476208715662312,8.538903833625609,-1.1596814041919508,2.071424872517772,8.48403781507513,-1.087994137628161,63.422723887716074,0.03299311175942421,83,1.172776460647583,1.0,1.0,disabled,single,3,row_4,row_5,-0.13501477241516113,-0.6723806262016296,0.5913834100850627,0.3455366450149495,0.8521471247580503,0.5373658537864685,0.39027595147803995,0,36,0,disabled,0,0.0,50.0,alpha
592,0.9827665686607361,-0.3991033732891083,-28.45366668701172,-0.2469719797372818,1.0541934967041016,0.0016496777534484863,90,2,55,0.03614756837487221,0.5050505050505051,0.3,120,147,wall,both,1,1,1,1,1,1,0.0,13,13,0,alpha,full,huber,1.2780019089543173,8.072106500180633,-1.4389457267677166,1.7618680118084233,8.05193037014723,-1.2447880479324493,2.019300166947711,8.02101324042332,-1.1591222886573478,57.90916157206823,0.036147572100162506,87,1.593083381652832,1.0,1.0,disabled,single,3,row_4,row_5,-0.2469719797372818,-0.47472381591796875,0.5328805627934908,0.4243444375053786,0.8339964320747849,0.22775183618068695,0.38248598500497843,0,36,0,disabled,0,0.0,50.0,alpha
596,0.6351627707481384,-0.1667073369026184,-28.17294692993164,-0.3432466387748718,1.242688536643982,0.004270732402801514,94,11,36,0.03209772706031799,0.5154639175257733,0.3,113,141,wall,both,1,1,1,1,1,1,0.0,10,10,0,alpha,full,huber,1.1488844253415316,7.529785856988277,-1.3098578761132327,1.343447483093925,7.501716323899212,-1.3921897306324185,1.737525354806349,7.529400300328806,-1.2666259838691065,64.70535907122789,0.03209773078560829,102,1.0009553730487823,1.0,1.0,disabled,single,3,row_5,row_4,-0.3432466387748718,-0.36133718490600586,0.48866231347272787,0.47990162707199313,0.811016897298466,0.018090546131134033,0.3728369547780185,1,37,0,disabled,0,0.0,50.0,alpha
600,1.534780502319336,-0.9733682870864868,-31.017555236816406,-0.3276524841785431,1.2138365507125854,0.007513821125030518,93,6,49,0.025589654222130775,0.5033557046979865,0.3,118,148,wall,both,1,1,1,1,1,1,0.0,12,12,0,alpha,full,huber,1.296848976573072,7.036875735156466,-1.2757181677066192,1.2906433347185975,6.95794243717384,-1.433842219015708,1.5685145221757684,6.970525531989993,-1.3440275034199525,72.62189179196389,0.025589657947421074,92,1.6912170052528381,1.0,1.0,disabled,single,3,row_4,row_5,-0.3276524841785431,-0.37923476099967957,0.49636028200878923,0.4714060201637816,0.8129057020123667,0.051582276821136475,0.372800756743599,1,38,0,disabled,0,0.0,50.0,alpha
604,0.08103972673416138,-0.002713817171752453,-33.66182327270508,-0.29815250635147095,1.157315969467163,0.011204838752746582,89,32,37,0.016170743852853775,0.48701298701298706,0.3,110,158,wall,both,1,1,1,1,1,1,0.0,14,14,0,alpha,full,huber,1.4469470039852117,6.490549198442917,-1.2595422194593648,1.4651054915440103,6.449114169816216,-1.3294178709500546,1.5626300537804232,6.462760172977889,-1.341471669684001,105.21332773680727,0.016170743852853775,138,0.41221876442432404,1.0,1.0,disabled,single,3,row_4,row_5,-0.29815250635147095,-0.4096199870109558,0.5095931975060144,0.45584155171241086,0.8179609615301816,0.11146748065948486,0.37599001715487157,0,38,0,disabled,0,0.0,50.0,alpha
608,0.45353057980537415,-0.08499585837125778,-40.04438400268555,-0.0847969502210617,0.5915132164955139,0.041542768478393555,69,14,69,0.023087410256266594,0.49668874172185423,0.3,113,152,wall,both,1,1,1,1,1,1,0.0,15,15,0,alpha,full,huber,0.8377994638634019,5.633636493289562,-1.6619376928899983,1.4758700578857868,5.816373331115824,-1.3533672529329768,1.5813696958118029,5.822548251978416,-1.3475302370898457,78.04994545374713,0.023087410256266594,107,1.3524503707885742,1.0,1.0,disabled,single,3,row_5,row_4,-0.0847969502210617,-0.8031783103942871,0.6186261239011674,0.30160545712024545,0.8603174363348602,0.7183813601732254,0.3954572387177235,1,39,0,disabled,0,0.0,50.0,alpha
612,1.7781364917755127,-1.3065162897109985,-33.906288146972656,-0.2261805236339569,1.0049798488616943,0.02064412832260132,92,29,29,0.018829911947250366,0.5,0.3,106,150,wall,both,1,1,1,1,1,1,0.0,14,14,0,alpha,full,huber,1.4006414854897098,4.917198633749949,-1.179086231395295,1.5282688710362846,5.0338213540313355,-1.373689205348339,1.6352926051223986,5.022627041629947,-1.3603365801667018,89.38455193331673,0.018829911947250366,107,2.0001060962677,1.0,1.0,disabled,single,3,row_5,row_4,-0.2261805236339569,-0.4793693721294403,0.5385685733561096,0.4181022339367966,0.8338926605971329,0.2531888484954834,0.39265992543629413,0,39,0,disabled,0,0.0,50.0,alpha
616,0.6747762560844421,-0.18814998865127563,-35.43467330932617,-0.20954957604408264,0.6102932095527649,0.1762424111366272,103,6,29,0.019960831850767136,0.5208333333333334,0.3,101,138,wall,both,1,1,1,1,1,1,0.0,14,14,0,alpha,full,huber,-0.1018058379822902,4.172260453311234,-1.985421319591024,1.3163402531527915,3.9685412768988075,-1.504514878150094,1.5625422828234805,3.962250858503551,-1.452618122250828,79.80249072292412,0.019960831850767136,92,1.8798432350158691,1.0,1.0,disabled,single,3,row_5,row_6,-0.20954957604408264,-0.9341849088668823,0.6188707615925532,0.2998436380459753,0.8621399904956211,0.7246353328227997,0.2703092378477989,0,39,0,disabled,0,0.0,50.0,alpha
620,0.42909935116767883,-0.07608523219823837,-30.809499740600586,-0.10864058136940002,0.6757133603096008,0.04193127155303955,116,14,8,0.019263427704572678,0.5208333333333334,0.3,106,138,wall,both,1,1,1,1,1,1,0.0,12,12,0,alpha,full,huber,1.3929014904791324,3.1396105833368053,-1.107909878079612,1.425153731377771,3.1807608186309952,-1.482730093465449,1.5276825576518294,3.189607464492802,-1.4677965415448848,131.07300811483412,0.019263427704572678,169,1.1404492855072021,1.0,1.0,disabled,single,3,row_5,row_4,-0.10864058136940002,-0.7434396147727966,0.6066521352294908,0.3215511100610593,0.8571426964366944,0.6347990334033966,0.39115915941530316,0,39,0,disabled,0,0.0,50.0,alpha
624,0.9175382256507874,-0.34788280725479126,-26.955347061157227,-0.07059307396411896,0.5598000288009644,0.015287816524505615,122,5,8,0.01173990499228239,0.5263157894736842,0.3,120,135,wall,both,1,1,1,1,1,1,0.0,6,6,0,alpha,full,huber,1.3228870034125302,2.8693657485644586,-1.2204148134581672,1.250862950080843,2.712791078740657,-1.4950134555614267,1.3988708104684457,2.7005998203676524,-1.486610985655148,196.37968034611356,0.011739905923604965,250,1.307466208934784,1.0,1.0,disabled,single,3,row_5,row_4,-0.07059307396411896,-0.8306580185890198,0.6243234178245217,0.2919561405148553,0.8612022604808891,0.7600649446249008,0.4004936731227925,0,39,0,disabled,0,0.0,50.0,alpha
628,0.9851440191268921,-0.40103667974472046,-27.51070213317871,-0.1101282611489296,0.6978076100349426,0.021690845489501953,115,17,7,0.008767399936914444,0.5190311418685121,0.3,118,139,wall,both,1,1,1,1,1,1,0.0,7,7,0,alpha,full,huber,1.522752493551237,2.5322440675596987,-1.1868360757542036,1.0364595103515923,2.1631678499101454,-1.5408080018030392,1.223033461510997,2.1266579568960027,-1.5134195491964153,211.61331576572894,0.008767399936914444,250,1.109246551990509,1.0,1.0,disabled,single,3,row_5,row_4,-0.1101282611489296,-0.707233190536499,0.6007687332361459,0.3306647849166194,0.8558039151939608,0.5971049293875694,0.39941696062141985,0,39,0,disabled,0,0.0,50.0,alpha
632,0.5126596689224243,-0.10860328376293182,-24.15924072265625,-0.14366382360458374,0.7992336750030518,0.02049189805984497,114,7,5,0.010999834164977074,0.5434782608695653,0.3,110,126,wall,both,1,1,1,1,1,1,0.0,13,13,0,alpha,full,huber,1.6973247567953376,2.1331165997836408,-1.1900841617220306,1.5528030072355161,1.9181419460538929,-1.388909316139335,1.41104627781749,1.8963824636794446,-1.4512947945428967,173.805500876317,0.010999834164977074,250,1.1598737835884094,1.0,1.0,disabled,single,3,row_5,row_4,-0.14366382360458374,-0.6273531913757324,0.5821357824075994,0.35888943331466994,0.8496708563079824,0.4836893677711487,0.397387731751212,0,39,0,disabled,0,0.0,50.0,alpha
636,0.4825044274330139,-0.09620270133018494,-25.148420333862305,-0.20426009595394135,0.9090662002563477,0.07106870412826538,118,10,12,0.011249007657170296,0.5172413793103449,0.3,120,140,wall,both,1,1,1,1,1,1,0.0,10,10,0,alpha,full,huber,1.8493786913569341,1.9081171243693114,-1.0135956138607263,1.9304115398142028,1.636868018133995,-1.245277904243246,1.717685299136285,1.578855741641933,-1.3443591223143239,177.91351592898397,0.01124900858849287,250,1.0193822383880615,1.0,1.0,disabled,single,3,row_5,row_4,-0.20426009595394135,-0.5670456290245056,0.560233896589011,0.3897746828696481,0.8416099421592442,0.36278553307056427,0.3751408140194943,0,39,0,disabled,0,0.0,50.0,alpha
640,0.2278337925672531,-0.021449685096740723,-26.964130401611328,-0.27983731031417847,0.757111132144928,0.19326573610305786,111,15,15,0.008478764444589615,0.5154639175257733,0.3,120,141,wall,both,1,1,1,1,1,1,0.0,12,12,0,alpha,full,huber,2.7446786296491954,1.5871585439865397,-0.7432958466840813,2.2718840743520357,1.2627841284291108,-1.1417578471996102,2.068321575870833,1.2061046107534557,-1.2392530818129226,190.89203943913776,0.00847876351326704,250,0.8816823661327362,1.0,1.0,disabled,single,3,row_4,row_5,-0.27983731031417847,-0.8370269536972046,0.5963197796585911,0.3415818823346695,0.8477741323446661,0.5571896433830261,0.23714090243903874,1,40,0,disabled,0,0.0,50.0,alpha
644,0.9488803744316101,-0.3720553517341614,-20.501895904541016,-0.2924443185329437,1.1471701860427856,9.000301361083984e-06,104,5,29,0.028681660071015358,0.5208333333333334,0.3,102,138,wall,both,1,1,1,1,1,1,0.0,13,13,0,alpha,full,huber,2.2225104850416226,1.178456532233061,-1.397117123318557,2.3302638260994346,0.9529944934705785,-1.2086605681714384,2.278731541543121,0.8741802865348108,-1.220296992243297,123.14934381421293,0.028681663796305656,202,1.4271382093429565,1.0,1.0,disabled,single,3,row_5,row_4,-0.2924443185329437,-0.40420153737068176,0.5096526898392236,0.4557626978370116,0.8180042535110775,0.11175721883773804,0.38158146703211204,1,41,0,disabled,0,0.0,50.0,alpha
648,0.2669619619846344,-0.02944987267255783,-23.446489334106445,-0.2577136754989624,1.0768989324569702,9.340047836303711e-05,90,12,34,0.013797539286315441,0.5244755244755245,0.3,120,136,wall,both,1,1,1,1,1,1,0.0,6,6,0,alpha,full,huber,2.422481666038751,-0.3256483041853204,-1.3755208519700826,2.6138430855915944,-0.1273139972008075,-1.2781153698146372,2.6328741497824364,-0.1411761137342566,-1.2467075913712307,162.20286569552542,0.013797539286315441,246,0.5033378899097443,1.0,1.0,disabled,single,3,row_5,row_4,-0.2577136754989624,-0.44666653871536255,0.5251558087051796,0.43473738399754186,0.829365836423492,0.18895286321640015,0.3863466064355181,0,41,0,disabled,0,0.0,50.0,alpha
652,2.1561543941497803,-1.9210751056671143,-23.830520629882812,-0.20942164957523346,0.9707715511322021,1.1324882507324219e-06,91,5,39,0.03614848852157593,0.5263157894736842,0.3,120,135,wall,both,1,1,1,1,1,1,0.0,5,5,0,alpha,full,huber,2.3219442449428627,-0.3657518413167846,-1.3906971150821545,2.5522053372792195,-0.678220088721882,-1.3675520886473993,2.67239601740969,-0.6862716097156213,-1.3086293252639392,72.89588639704183,0.03614848852157593,102,2.7000714540481567,1.0,1.0,disabled,single,3,row_5,row_4,-0.20942164957523346,-0.5157762169837952,0.5488590161143972,0.4040291544643203,0.8393643469375505,0.3063545674085617,0.3904920221252809,0,41,0,disabled,0,0.0,50.0,alpha
656,0.8060312867164612,-0.26846548914909363,-24.99165153503418,-0.0642024427652359,0.5288705229759216,0.022388994693756104,103,2,24,0.03179892897605896,0.5376344086021506,0.3,120,129,wall,both,1,1,1,1,1,1,0.0,4,4,0,alpha,full,huber,2.091996953539683,-1.560220796885735,-1.1771827220177655,2.5553460138838067,-1.7635891318956252,-1.3663179882546825,2.7475515000675506,-1.7987757529789805,-1.3179205624793697,75.97025245290034,0.03179892525076866,112,1.4200381636619568,1.0,1.0,disabled,single,3,row_5,row_4,-0.0642024427652359,-0.8354605436325073,0.625751413096671,0.28936680005234283,0.8615463850839132,0.7712581008672714,0.4045996476627874,0,41,0,disabled,0,0.0,50.0,alpha
660,1.2531572580337524,-0.6489269137382507,-33.355812072753906,-0.11186787486076355,0.7094931602478027,0.0011644363403320312,111,13,47,0.03193497657775879,0.4672897196261683,0.3,120,171,wall,both,1,1,1,1,1,1,0.0,5,5,0,alpha,full,huber,2.514564166949567,-2.80718758886146,-1.4587531777733982,2.6287542663396044,-3.079201371687962,-1.4354277505353765,2.84322253152716,-3.12609371381841,-1.3717450749269724,59.59476413584034,0.03193497657775879,80,1.6944531798362732,1.0,1.0,disabled,single,3,row_5,row_4,-0.11186787486076355,-0.7084570527076721,0.6003721354686457,0.3306169686467082,0.8567383513377103,0.5965891778469086,0.3983377153846681,0,41,0,disabled,0,0.0,50.0,alpha
664,0.4139384925365448,-0.07080374658107758,-32.558406829833984,-0.08698706328868866,0.6255702972412109,0.0023745298385620117,102,9,43,0.02749885991215706,0.49342105263157904,0.3,120,154,wall,both,1,1,1,1,1,1,0.0,3,3,0,alpha,full,huber,2.6434911808046175,-4.092259462262572,-1.4728067148278523,2.937135832759396,-4.390591913986635,-1.2956396537798844,3.018924627758124,-4.436520372646106,-1.2916713343250783,59.52851029921568,0.027498861774802208,80,0.7731642425060272,1.0,1.0,disabled,single,3,row_5,row_4,-0.08698706328868866,-0.779661238193512,0.6148681051552322,0.30757950502026443,0.8599685388033509,0.6926741749048233,0.3993604340496672,0,41,0,disabled,0,0.0,50.0,alpha
668,1.3155125379562378,-0.7151129245758057,-30.914608001708984,-0.13635551929473877,0.7833231091499329,0.0005089044570922852,82,14,58,0.029669784009456635,0.49342105263157904,0.3,120,154,wall,both,1,1,1,1,1,1,0.0,3,3,0,alpha,full,huber,3.0347470147035027,-5.388791444088577,-1.3583553556220376,3.0554891280941145,-5.307350102530392,-1.328420056495404,3.1555257767575853,-5.321923848048303,-1.2991625418918558,60.846300674067415,0.029669785872101784,80,1.5173485279083252,1.0,1.0,disabled,single,3,row_5,row_4,-0.13635551929473877,-0.6640752553939819,0.5900688788488998,0.3481103536855886,0.8506883556887654,0.5277197360992432,0.39116048578996687,0,41,0,disabled,0,0.0,50.0,alpha
672,0.12343595176935196,-0.0062960474751889706,0.0,-0.015103560872375965,0.0334402397274971,0.06032818555831909,0,0,0,0.024912569671869278,0.5,0.3,0,0,wall,both,1,1,1,1,1,1,0.0,0,0,0,alpha,full,huber,2.5674455048875204,-7.0871025513986625,-1.7529990627471776,3.2085522752316757,-7.086926444927766,-1.398761823636402,3.4019200848747504,-7.072624309417442,-1.3374106872767917,60.78897740174412,0.024912569671869278,80,0.9968029260635376,1.0,1.0,disabled,single,3,row_5,row_6,-0.015103560872375965,-1.3937851190567017,0.6684047388982323,0.16837814758028596,0.865106780347175,1.3786815581843257,0.3877578315000825,0,41,0,disabled,0,0.0,50.0,alpha
676,0.40592160820961,-0.06808774918317795,0.0,-0.04675336927175522,0.40658602118492126,0.04954034090042114,0,0,0,0.03487724810838699,0.5,0.3,0,0,wall,both,1,1,1,1,1,1,0.0,0,0,0,alpha,full,huber,4.747785751122017,-7.274171123507782,-1.0774065560075683,3.724897130702729,-8.061119301007292,-1.2504396364528434,3.69574913388335,-8.10507711702875,-1.2865597240406876,62.22705131061856,0.03487724810838699,80,1.454864263534546,1.0,1.0,disabled,single,3,row_4,row_5,-0.04675336927175522,-0.993981122970581,0.6447196150614556,0.25003171335927177,0.8665388698273315,0.9472277536988258,0.3921863927574391,1,42,0,disabled,0,0.0,50.0,alpha
680,0.8027646541595459,-0.26629385352134705,0.0,-0.36898839473724365,1.2368212938308716,0.08436250686645508,0,0,0,0.035197943449020386,0.5,0.3,0,0,wall,both,1,1,1,1,1,1,0.0,0,0,0,alpha,full,huber,3.978214261623159,-7.784992930335304,-0.8771608002031304,3.8969634404754756,-8.408421221996122,-1.1962608654830704,3.8691470212328185,-8.486637209590072,-1.235348259424418,83.79072421190725,0.035197947174310684,117,1.6958450078964233,1.0,1.0,disabled,single,3,row_5,row_4,-0.36898839473724365,-0.4189195930957794,0.49701791853314237,0.472810597639005,0.8072695164087064,0.04993119835853577,0.330140805411568,1,43,0,disabled,0,0.0,50.0,alpha
684,0.9364015460014343,-0.36233383417129517,0.0,-0.3173671364784241,1.1934324502944946,0.014517486095428467,0,0,0,0.022800710052251816,0.5,0.3,0,0,wall,both,1,1,1,1,1,1,0.0,0,0,0,alpha,full,huber,3.473242246817515,-8.979597505973295,-1.4614694184245294,3.8861526578378234,-9.16923229111846,-1.1851165119266327,3.9952127644051423,-9.196845787285067,-1.1792717518323692,91.74883206114218,0.022800713777542114,127,1.6170278787612915,1.0,1.0,disabled,single,3,row_5,row_4,-0.3173671364784241,-1.1000738143920898,0.6248831599501093,0.28567591679936855,0.8676629730869269,0.7827066779136658,0.15282345432335914,0,43,0,disabled,0,0.0,50.0,alpha
688,0.6936911940574646,-0.19884605705738068,0.0,-0.4900888204574585,1.4802147150039673,0.027965188026428223,0,0,0,0.015293780714273453,0.5,0.3,0,0,wall,both,1,1,1,1,1,1,0.0,0,0,0,alpha,full,huber,2.425311194493236,-9.46082313952459,-1.52791701881267,3.728525305138492,-9.512136081167036,-1.2485091625693956,3.9098425359932376,-9.518758839858837,-1.2064531817858728,128.99385017852467,0.015293782576918602,159,1.7188812494277954,1.0,1.0,disabled,single,3,row_5,row_6,-0.4900888204574585,-1.1767451763153076,0.6109795992089044,0.307479129553616,0.8680446005027684,0.6866563558578491,0.00260288909397699,0,43,0,disabled,0,0.0,50.0,alpha
692,0.16449856758117676,-0.011181727051734924,0.0,-1.0707728862762451,1.8069148063659668,0.2908288836479187,0,0,0,0.009568274952471256,0.5,0.3,0,0,wall,both,1,1,1,1,1,1,0.0,0,0,0,alpha,full,huber,3.700572395972239,-9.565032213913428,-2.07334059729623,3.9510662165453123,-10.086015382595114,-1.6474899124553655,4.051687082936737,-10.143233052145032,-1.6188028763090987,196.31443895037418,0.009568274952471256,250,1.0647037029266357,1.0,1.0,disabled,single,3,row_5,row_4,-1.0707728862762451,-1.5718162059783936,0.5698661993120789,0.3452808954684076,0.896955231430302,0.5010433197021484,-0.5084192025184314,0,43,0,disabled,0,0.0,50.0,alpha
696,0.9109825491905212,-0.3429294228553772,0.0,-1.369299292564392,2.191986322402954,0.27181506156921387,0,0,0,0.010403315536677837,0.5,0.3,0,0,wall,both,1,1,1,1,1,1,0.0,0,0,0,alpha,full,huber,3.2465249386863637,-10.158046980810292,-2.045992900173426,3.711152242872725,-10.645841184945684,-1.858057025759684,3.851275920077901,-10.692691160539212,-1.811055966272182,205.75191207823732,0.010403315536677837,250,1.8217948079109192,1.0,1.0,disabled,single,3,row_5,row_4,-1.369299292564392,-2.490478992462158,0.6239899560304096,0.20335527494378036,0.9214526054634992,1.1211796998977661,-0.8976782857170262,0,43,0,disabled,0,0.0,50.0,alpha
700,0.8689194917678833,-0.31199219822883606,0.0,-3.235018491744995,2.3065993785858154,0.7091637849807739,0,0,0,0.010014255531132221,0.5,0.3,0,0,wall,both,1,1,1,1,1,1,0.0,0,0,0,alpha,full,huber,3.3177222655836713,-10.258977041249029,-2.566561859373959,3.6423696309170386,-10.88548963130742,-2.20568252820991,3.6946260338594596,-10.96914993630448,-2.2031470128518578,205.22539819513287,0.010014256462454796,250,1.758566677570343,1.0,1.0,disabled,single,3,row_5,row_4,-3.235018491744995,-3.906039237976074,0.5243448929300385,0.2680380409258002,1.0178124296530544,0.6710207462310791,-2.5894128731847186,0,43,0,disabled,0,0.0,50.0,alpha
704,0.6285538673400879,-0.1632561832666397,-48.597007751464844,-1.487154483795166,2.2896296977996826,0.28095030784606934,5,0,115,0.02118556946516037,0.5555555555555556,0.3,120,120,wall,both,1,1,1,1,1,1,0.0,1,1,0,alpha,full,huber,2.5732655574204397,-10.301532813947603,2.619088748032441,3.03242878504625,-11.047070430961977,-3.078838069549021,3.1831846559187387,-11.21294604955791,-2.976714849287651,95.87321359337925,0.02118556946516037,250,1.2746272683143616,1.0,1.0,disabled,single,3,row_5,row_6,-1.487154483795166,-2.347776412963867,0.6523394722688326,0.2758737021965973,0.8230369168114898,0.8606219291687012,-1.0599642942307452,0,43,0,disabled,0,0.0,50.0,alpha
708,0.29524505138397217,-0.036020513623952866,-48.798553466796875,-1.1395100355148315,2.264463424682617,0.00016570091247558594,3,0,115,0.01317893248051405,0.5597014925373135,0.3,118,118,wall,both,1,1,1,1,1,1,0.0,2,2,0,alpha,full,huber,2.47069532152586,-10.265254394304383,1.8325225773284322,2.4473648279730154,-10.719200366288902,2.4450837618282,2.599486910143504,-10.971168900493698,2.649183818064863,118.61308335580105,0.01317893248051405,240,0.9944894313812256,1.0,1.0,disabled,single,3,row_5,row_6,-1.1395100355148315,-1.6889851093292236,0.5890591667700901,0.340036021542807,0.8661888056504107,0.5494750738143921,-0.6102813880595811,0,43,0,disabled,0,0.0,50.0,alpha
712,1.5556275844573975,-0.9999905824661255,-48.21650695800781,-1.5150458812713623,2.5841548442840576,0.08725845813751221,10,0,110,0.025534827262163162,0.5555555555555556,0.3,120,120,wall,both,1,1,1,1,1,1,0.0,3,3,0,alpha,full,huber,2.6385651146001825,-10.600966787407703,2.271577394945121,2.380202145285523,-10.573746053125596,2.2035483665747613,2.363541747172192,-10.690708787845043,2.2932637430619955,76.3946538437177,0.02553482912480831,153,1.9551429748535156,1.0,1.0,disabled,single,3,row_5,row_6,-1.5150458812713623,-2.213594913482666,0.6144324291582065,0.3055611523878284,0.8636062166084792,0.6985490322113037,-1.0279895645627941,0,43,1,disabled,0,0.0,50.0,alpha
716,0.250774085521698,-0.025986628606915474,-42.85206985473633,-1.718914270401001,2.7529690265655518,0.09224069118499756,20,6,103,0.03240079805254936,0.5376344086021506,0.3,120,129,wall,both,1,1,1,1,1,1,0.0,3,3,0,alpha,full,huber,1.868412174407205,-10.821174603633066,2.1751442503605247,1.8456788517802059,-10.231848796743247,1.6469368691048771,1.854904513752017,-10.184419567268108,1.5896956046951445,90.96263067940204,0.03240079805254936,196,1.131792664527893,1.0,1.0,disabled,single,3,row_6,row_5,-1.718914270401001,-1.9331722259521484,0.532207868950059,0.4295663401780279,0.8234276669766476,0.21425795555114746,-1.0881931355541206,1,44,1,disabled,0,0.0,50.0,alpha
720,0.8932695388793945,-0.3297233581542969,-36.46609878540039,-0.7562124133110046,1.8446694612503052,0.0028633475303649902,34,0,83,0.019699839875102043,0.5617977528089888,0.3,104,117,wall,both,1,1,1,1,1,1,0.0,4,4,0,alpha,full,huber,1.6537009431264345,-9.81646218219121,1.817952475206564,1.4924216380188815,-9.764842314657859,1.5244404198006076,1.6486041361675623,-9.586761328055651,1.3937012143165752,144.45227814336351,0.019699841737747192,207,1.226662516593933,1.0,1.0,disabled,single,3,row_6,row_5,-0.7562124133110046,-0.9911879897117615,0.5363786602398903,0.4240556899883259,0.8257005055475823,0.23497557640075684,-0.13329750164876253,0,44,0,disabled,0,0.0,50.0,alpha
724,1.45064115524292,-0.8695701956748962,-24.539350509643555,-0.4748438596725464,1.4616737365722656,0.004090070724487305,67,0,53,0.012572599574923515,0.5555555555555556,0.3,120,120,wall,both,1,1,1,1,1,1,0.0,2,2,0,alpha,full,huber,1.6661377625650517,-9.101181413910954,1.8327344229066407,1.398819367647765,-9.197978267469876,1.5473813726416272,1.5768007262707524,-9.006510562946644,1.4378474616056405,178.59351329671725,0.012572599574923515,250,1.6970805525779724,1.0,1.0,disabled,single,3,row_6,row_5,-0.4748438596725464,-0.5276324152946472,0.4969500051896641,0.47139711585771843,0.811311500817343,0.05278855562210083,0.2244219914525455,0,44,0,disabled,0,0.0,50.0,alpha
728,1.164461374282837,-0.5603182911872864,-24.752717971801758,-0.29628294706344604,1.1546744108200073,8.32676887512207e-05,69,3,51,0.010870772413909435,0.5494505494505495,0.3,120,123,wall,both,1,1,1,1,1,1,0.0,3,3,0,alpha,full,huber,1.4462320838016365,-8.768011548901,1.7551659138685407,1.2681703262478274,-8.615851296730611,1.6050797121095444,1.4516745995405311,-8.458005499640995,1.4982478801689822,184.9703449968228,0.010870772413909435,250,1.5824178457260132,1.0,1.0,disabled,single,3,row_6,row_5,-0.29628294706344604,-0.5103027820587158,0.5309483130584995,0.42865176068832883,0.8288941938915058,0.21401983499526978,0.33680765428737003,0,44,0,disabled,0,0.0,50.0,alpha
732,1.4911270141601562,-0.918785035610199,-28.975515365600586,-0.2854362726211548,1.1332430839538574,0.00348663330078125,78,9,64,0.01698511838912964,0.4983388704318937,0.3,120,151,wall,both,1,1,1,1,1,1,0.0,4,4,0,alpha,full,huber,1.438550642112499,-8.675777694531002,1.8257897777619263,1.2814938600850567,-8.395938115820343,1.6244986840742475,1.3688465208658194,-8.275658181849685,1.5457980371221556,139.76365356685844,0.01698511838912964,185,1.900111198425293,1.0,1.0,disabled,single,3,row_6,row_5,-0.2854362726211548,-0.4859512746334076,0.5280558893673438,0.43211299959080757,0.8281439396887609,0.2005150020122528,0.35311687718203555,0,44,0,disabled,0,0.0,50.0,alpha
736,1.068335771560669,-0.47162866592407227,-48.52573013305664,-0.15832239389419556,0.15054425597190857,0.19379132986068726,63,19,73,0.01832573488354683,0.49180327868852464,0.3,120,155,wall,both,1,1,1,1,1,1,0.0,4,4,0,alpha,full,huber,2.7734658589751797,-7.508259147787993,1.2176455301302358,1.4890879910635682,-7.998732199244666,1.532610310141138,1.4390476851853746,-7.96063743112928,1.5216109452544506,143.67851283440336,0.01832573488354683,196,2.553489327430725,1.0,1.0,disabled,single,3,row_5,row_4,-0.0814627856016159,-1.3477567434310913,0.6642424180333382,0.18723288426372747,0.868674516203062,1.2662939578294754,0.3276453231326701,1,45,0,disabled,0,0.0,50.0,alpha
740,0.1371186375617981,-0.007769223768264055,-35.45795822143555,-0.23231689631938934,1.0219030380249023,0.007879078388214111,73,21,60,0.033029403537511826,0.49342105263157904,0.3,120,154,wall,both,1,1,1,1,1,1,0.0,4,4,0,alpha,full,huber,1.5505620267429623,-7.403646734170216,1.8633344173156274,1.400664434155464,-7.615845753853698,1.5940128429092792,1.4259447634076263,-7.608323435272679,1.5362930092422076,53.52716424544796,0.033029403537511826,80,0.4485412985086441,1.0,1.0,disabled,single,3,row_5,row_6,-0.23231689631938934,-0.44993364810943604,0.5323885838372631,0.428271307880439,0.8260667064430686,0.2176167517900467,0.3980647392017763,0,45,0,disabled,0,0.0,50.0,alpha
744,0.40131640434265137,-0.0665515884757042,-33.605316162109375,-0.1678699254989624,0.869145929813385,1.6629695892333984e-05,79,20,44,0.029807016253471375,0.5119453924914675,0.3,120,143,wall,both,1,1,1,1,1,1,0.0,4,4,0,alpha,full,huber,1.6834356488609263,-7.272859533035584,1.7434893256477881,1.5011893627988036,-7.1564656636695405,1.6179085796488835,1.4749460331728015,-7.139135421314359,1.5872646621509903,64.45432893132238,0.029807016253471375,80,0.7549240589141846,1.0,1.0,disabled,single,3,row_5,row_6,-0.1678699254989624,-0.5547549724578857,0.5658013757761686,0.38427484681024054,0.8393846166465233,0.38688504695892334,0.40164226305951123,0,45,0,disabled,0,0.0,50.0,alpha
748,0.30717310309410095,-0.038989800959825516,-34.214813232421875,-0.2377670258283615,1.0340611934661865,0.006035506725311279,83,23,49,0.032809000462293625,0.49180327868852464,0.3,120,155,wall,both,1,1,1,1,1,1,0.0,3,3,0,alpha,full,huber,1.4821805279235984,-7.070978822783415,1.8476441014143195,1.5179633546811067,-6.774338897632619,1.6609302615642259,1.4949971360489283,-6.719404288321622,1.62440263341888,61.654016816958205,0.032809000462293625,80,0.7730189561843872,1.0,1.0,disabled,single,3,row_5,row_6,-0.2377670258283615,-0.4513290524482727,0.531446450407786,0.42925039254454816,0.826181539157739,0.2135620266199112,0.39438581226736,0,45,0,disabled,0,0.0,50.0,alpha
752,0.26538583636283875,-0.02910315990447998,-35.68964767456055,-0.25273165106773376,1.066408634185791,0.0018826723098754883,92,30,43,0.02729218266904354,0.47619047619047616,0.3,120,165,wall,both,1,1,1,1,1,1,0.0,3,3,0,alpha,full,huber,1.3534466908265999,-6.501631728077489,1.6763478842679422,1.4967705527984294,-6.524754270548762,1.6778248767688857,1.4881847243094883,-6.467208449624888,1.6535057732332694,63.07029518576204,0.02729218453168869,80,0.42356806993484497,1.0,1.0,disabled,single,3,row_5,row_6,-0.25273165106773376,-0.4466267228126526,0.5271857403843995,0.4342662664963377,0.8252324485108538,0.19389507174491882,0.38747069292119274,0,45,0,disabled,0,0.0,50.0,alpha
756,0.4076816439628601,-0.06867947429418564,-35.1302375793457,-0.11874864250421524,0.7306892275810242,0.0050160884857177734,140,35,19,0.040666285902261734,0.43604651162790703,0.3,120,194,wall,both,1,1,1,1,1,1,0.0,12,12,0,alpha,full,huber,1.4382650106078116,-5.074000421484384,1.8515351509472238,1.3819239996053694,-5.58423393583315,1.7219800544954533,1.39854653935492,-5.605271787153811,1.71451671391479,67.52977855863638,0.040666285902261734,97,1.0412862300872803,1.0,1.0,disabled,single,3,row_5,row_6,-0.11874864250421524,-0.6928913593292236,0.5976414107011773,0.3365841558877132,0.8531600640834394,0.5741427168250084,0.396015710044746,0,45,0,disabled,0,0.0,50.0,alpha
760,0.34823381900787354,-0.05011024326086044,-27.974445343017578,-0.281204491853714,1.1249085664749146,0.00021886825561523438,127,30,27,0.05105283111333847,0.44910179640718567,0.3,120,184,wall,both,1,1,1,1,1,1,0.0,9,9,0,alpha,full,huber,1.0045354654592402,-4.893216932405151,1.730411253597996,1.251009697814157,-5.205501259752197,1.7305315344704684,1.3027441430479518,-5.2841174657580705,1.724178482380304,63.7118950524191,0.05105283111333847,107,0.9919053316116333,1.0,1.0,disabled,single,3,row_5,row_6,-0.281204491853714,-0.4175809919834137,0.5144400958446632,0.448856221272075,0.8227947403208039,0.1363765001296997,0.38347167042182395,0,45,0,disabled,0,0.0,50.0,alpha
764,0.30854764580726624,-0.03933952376246452,-24.233970642089844,-0.2503889501094818,1.061475396156311,0.0010495781898498535,136,22,33,0.04460090026259422,0.4398826979472141,0.3,120,191,wall,both,1,1,1,1,1,1,0.0,9,9,0,alpha,full,huber,0.9101699938248627,-3.9587274154005896,1.783534399215526,1.130650635855679,-4.314456523725899,1.7845014621927264,1.1546410671055904,-4.40505434894439,1.7606700193464295,60.365012621758964,0.04460090398788452,92,0.6381145715713501,1.0,1.0,disabled,single,3,row_5,row_6,-0.2503889501094818,-0.45086976885795593,0.5276097183940178,0.43176265257686164,0.8301240912925563,0.20048081874847412,0.38900948819531733,0,45,0,disabled,0,0.0,50.0,alpha
768,0.2853243350982666,-0.033640485256910324,-23.722864151000977,-0.24744422733783722,1.055115818977356,0.0035355091094970703,137,12,29,0.03955299034714699,0.4573170731707317,0.3,120,178,wall,both,1,1,1,1,1,1,0.0,9,9,0,alpha,full,huber,0.835961238394889,-3.4800018269198687,1.8218276823584052,0.8327220862272979,-3.378028502396827,1.833899376492925,0.8868211417258518,-3.367922983426884,1.8028058104130134,54.21297912813894,0.03955299034714699,80,0.6119223833084106,1.0,1.0,disabled,single,3,row_5,row_6,-0.24744422733783722,-0.4516124427318573,0.5282418453438538,0.43068889316876735,0.8310370218498134,0.20416821539402008,0.39075683238256653,0,45,0,disabled,0,0.0,50.0,alpha
772,1.179080605506897,-0.5744757056236267,-27.634109497070312,-0.21472430229187012,0.9802823662757874,0.01699620485305786,111,3,34,0.020766176283359528,0.5033557046979865,0.3,120,148,wall,both,1,1,1,1,1,1,0.0,5,5,0,alpha,full,huber,0.3143493197763222,-3.1177388028890207,1.5748894077915319,0.3988583531031982,-2.557829269056153,1.9230045156952627,0.5176809741677505,-2.4958966988107436,1.8682399158682195,91.48998718625592,0.02076617442071438,117,1.607235312461853,1.0,1.0,disabled,single,3,row_6,row_5,-0.21472430229187012,-0.5086922645568848,0.5469156399373534,0.40761642814588245,0.8363786912061384,0.29396796226501465,0.38873640931116094,1,46,0,disabled,0,0.0,50.0,alpha
776,0.8997687101364136,-0.3345387279987335,-33.28718185424805,-0.07854024320840836,0.594214677810669,0.004302501678466797,89,4,45,0.02824995666742325,0.5208333333333334,0.3,120,138,wall,both,1,1,1,1,1,1,0.0,7,7,0,alpha,full,huber,0.8319683339221994,-0.9167333364742417,1.6596087424302333,0.4201093390585519,-1.6279157455748723,1.8299260411638987,0.36141802923254,-1.68380564372355,1.8608245898525047,82.48414431260616,0.028249958530068398,122,1.8707541227340698,1.0,1.0,disabled,single,3,row_5,row_6,-0.07854024320840836,-0.8053644895553589,0.619305439476373,0.29939816553347975,0.8618386132744172,0.7268242463469505,0.4006164446027073,1,47,0,disabled,0,0.0,50.0,alpha
780,0.0,0.0,-27.920639038085938,-0.16772989928722382,0.854428768157959,0.03669792413711548,106,25,16,0.019418776035308838,0.02,0.3,120,147,wall,both,1,1,1,1,1,1,0.0,5,5,0,alpha,full,huber,0.5517577862799217,-0.8315331215549724,2.024157058749714,0.27976923296705236,-0.8411779081330767,1.8663361718485916,0.2083892019896308,-0.8580741770981966,1.877880445477139,86.0915979705307,0.019418776035308838,107,inf,0.0,1.0,disabled,single,3,row_5,row_6,-0.16772989928722382,-0.605586588382721,0.5736807830692313,0.3702640595195493,0.8481743107038208,0.43785668909549713,0.3879522651284433,0,47,0,disabled,0,0.0,50.0,alpha
784,0.0,0.0,-27.237354278564453,-0.21562771499156952,0.9844558238983154,0.007986247539520264,128,4,25,0.042571309953927994,0.02,0.3,120,157,wall,both,1,1,1,1,1,1,0.0,5,5,0,alpha,full,huber,0.18384351408297286,0.47227094846878764,1.8756893702201491,0.2232303199932732,-0.3012085061099818,1.8332886554761756,0.13996686453978763,-0.31029307843084375,1.8389934354699324,78.05597199321046,0.042571309953927994,122,inf,0.0,1.0,disabled,single,3,row_5,row_6,-0.21562771499156952,-0.5178664326667786,0.5485457950827002,0.40546398366634073,0.8370339166367267,0.30223871767520905,0.3848567962697095,0,47,0,disabled,0,0.0,50.0,alpha
788,0.0,0.0,-26.694156646728516,-0.21561887860298157,0.9850224852561951,0.000922083854675293,110,16,34,0.11208368837833405,0.02,0.3,120,160,wall,both,1,1,1,1,1,1,0.0,7,7,0,alpha,full,huber,0.12540550453481028,0.7931495804288369,1.7916638841657253,0.22732717114149972,0.08173507516780132,1.8406955153844728,0.15826334747947662,0.013581955753228334,1.838141215169447,32.36417039373606,0.11208368837833405,80,inf,0.0,1.0,disabled,single,3,row_5,row_6,-0.21561887860298157,-0.5213504433631897,0.5492664247754274,0.4045810349530079,0.8371676972353164,0.30573156476020813,0.3835527855553116,0,47,0,disabled,0,0.0,50.0,alpha
792,1.1430909633636475,-0.5399408936500549,-27.22331428527832,-0.2646859586238861,1.0912985801696777,0.0028971433639526367,102,8,36,0.04043154790997505,0.5067567567567568,0.3,120,146,wall,both,1,1,1,1,1,1,0.0,5,5,0,alpha,full,huber,0.1660340532198002,-0.030971596192234135,1.8253610988796112,0.10977486281169116,0.13367989175175182,1.8426607692560162,0.09305438088215699,0.2203443056471993,1.839798461420047,52.46744229022018,0.04043154790997505,80,1.3574053049087524,1.0,1.0,disabled,single,3,row_5,row_6,-0.2646859586238861,-0.442212849855423,0.5230295227147463,0.43795274657546035,0.8271410272030347,0.17752689123153687,0.38343140910113505,0,47,0,disabled,0,0.0,50.0,alpha
796,0.9924511909484863,-0.40700802206993103,-26.252607345581055,-0.25682997703552246,1.0750056505203247,0.0023070573806762695,104,10,34,0.062317561358213425,0.5033557046979865,0.3,119,148,wall,both,1,1,1,1,1,1,0.0,8,8,0,alpha,full,huber,0.12272253671745362,0.3009894049569956,1.817162804916678,-0.02633201100193766,0.34242261972140386,1.8935524281577611,-0.01148367943107923,0.42850218415871866,1.867713014511608,46.21972442615727,0.062317561358213425,80,1.04615318775177,1.0,1.0,disabled,single,3,row_5,row_6,-0.25682997703552246,-0.45631957054138184,0.5276998194125034,0.43226464493258693,0.8287020229028155,0.19948959350585938,0.3823977037512657,0,47,0,disabled,0,0.0,50.0,alpha
800,3.105468988418579,-3.980501890182495,-26.9185733795166,-0.23273813724517822,1.0233598947525024,0.0017474889755249023,112,13,27,0.0607893131673336,0.49668874172185423,0.3,120,152,wall,both,1,1,1,1,1,1,0.0,5,5,0,alpha,full,huber,0.125068454753768,0.5789740385132045,1.8083502183192932,-0.2796607011074134,0.537406728836072,2.001741348365261,-0.2101240704029122,0.6555550112720985,1.9347825373844119,39.67358206115618,0.0607893131673336,80,3.122440218925476,0.9607870094090668,1.0,disabled,single,3,row_5,row_6,-0.23273813724517822,-0.49305739998817444,0.5402279588146883,0.41641065870602084,0.8335395014298804,0.2603192627429962,0.3830259453040463,0,47,0,disabled,0,0.0,50.0,alpha
804,2.341513156890869,-2.2655718326568604,-24.39643669128418,-0.22440053522586823,1.0048348903656006,0.002438366413116455,99,10,26,0.02297622337937355,0.5263157894736842,0.3,120,135,wall,both,1,1,1,1,1,1,0.0,6,6,0,alpha,full,huber,0.06202369142387179,1.0336744241774927,1.8185647463082768,-0.5519955629875676,0.9398646520030678,2.075022520440305,-0.48123547344707646,1.0300110237826121,2.012062732983593,72.58788312156256,0.0229762252420187,80,2.0421844720840454,1.0,1.0,disabled,single,3,row_5,row_6,-0.22440053522586823,-0.5066885948181152,0.5444220711104165,0.4105249688284878,0.8361836098266427,0.282288059592247,0.38362993171697357,0,47,0,disabled,0,0.0,50.0,alpha
808,1.5105232000350952,-0.9428431391716003,-31.897724151611328,-0.31555935740470886,1.1916446685791016,6.872415542602539e-05,111,17,32,0.03891565278172493,0.48387096774193555,0.3,113,160,wall,both,1,1,1,1,1,1,0.0,6,6,0,alpha,full,huber,-0.277140218840625,1.1281134023677009,1.7525107158404865,-0.48888993190174385,1.3658560604885959,1.8922561021540607,-0.5716127698943864,1.397156745480833,1.9402717015311008,60.93653298234376,0.03891565278172493,80,2.0012162923812866,1.0,1.0,disabled,single,3,row_6,row_5,-0.31555935740470886,-0.3883334696292877,0.5010129851170089,0.4658473041455896,0.8150290154568575,0.07277411222457886,0.37556390243121585,1,48,0,disabled,0,0.0,50.0,alpha
812,0.9274706244468689,-0.35545527935028076,-19.374629974365234,-0.2653118073940277,1.0926382541656494,0.0015625357627868652,111,2,29,0.028617078438401222,0.5136986301369862,0.3,120,142,wall,both,1,1,1,1,1,1,0.0,4,4,0,alpha,full,huber,-0.22278059478270584,2.1213776609733124,1.8046263198681851,-0.6525041752000272,2.0849426031959384,1.9026678096943241,-0.7314698231002277,2.0733444029602683,1.935937056251701,80.60435494069438,0.02861708030104637,112,0.893578827381134,1.0,1.0,disabled,single,3,row_5,row_6,-0.2653118073940277,-0.44369444251060486,0.5225184696979652,0.43715057318051737,0.8303844181231128,0.17838263511657715,0.38378313966965427,1,49,0,disabled,0,0.0,50.0,alpha
816,0.7111493349075317,-0.2089807391166687,-34.35729217529297,-0.18391487002372742,0.7847869396209717,0.10736536979675293,109,12,15,0.01083031389862299,0.5244755244755245,0.3,120,136,wall,both,1,1,1,1,1,1,0.0,4,4,0,alpha,full,huber,-2.5540367604085157,2.741949589299851,2.2110698540610407,-1.222407224183311,3.3853658426041635,1.8567189344667843,-1.2334449981774758,3.4017302203554687,1.8677439393191442,137.9727701972286,0.010830314829945564,159,1.1405298709869385,1.0,1.0,disabled,single,3,row_6,row_7,-0.18391487002372742,-0.6914902925491333,0.5858985411010742,0.35268355636894677,0.8521468654475937,0.5075754225254059,0.35069377242429434,1,50,0,disabled,0,0.0,50.0,alpha
820,0.8129706978797913,-0.27310800552368164,-41.40800476074219,-0.07635440677404404,0.5861685276031494,0.0002639889717102051,95,19,39,0.012590118683874607,0.49504950495049505,0.3,120,153,wall,both,1,1,1,1,1,1,0.0,4,4,0,alpha,full,huber,-2.5898793515512915,3.9624723845026306,1.748345458832656,-1.767853969422601,4.628871297075756,1.8693730778214575,-1.7196894807654657,4.705163488339677,1.8539458663008928,143.5419293636784,0.012590119615197182,169,1.940779685974121,1.0,1.0,disabled,single,3,row_6,row_7,-0.07635440677404404,-0.8043118715286255,0.6205158744242958,0.29964358634119687,0.8590464835030202,0.7279574647545815,0.4008496846121992,0,50,0,disabled,0,0.0,50.0,alpha
824,0.12863706052303314,-0.006837807595729828,-36.56865692138672,-0.06973884254693985,0.5217866897583008,0.04756993055343628,104,0,22,0.010708813555538654,0.5434782608695653,0.3,120,126,wall,both,1,1,1,1,1,1,0.0,2,2,0,alpha,full,huber,-2.95188469788391,6.302496927987584,2.0496288801530067,-2.7143620628087373,6.459536012859492,1.92460783686476,-2.5261693163997307,6.5616112776456035,1.8957346130608244,183.51365401873815,0.010708813555538654,246,1.1055899262428284,1.0,1.0,disabled,single,3,row_6,row_7,-0.06973884254693985,-0.8707276582717896,0.6283230159477409,0.2820447017196514,0.8651599646246118,0.8009888157248497,0.3949620455983318,0,50,0,disabled,0,0.0,50.0,alpha
828,0.7962011694908142,-0.2619571387767792,0.0,-0.018442794680595398,0.21471813321113586,0.044815003871917725,0,0,0,0.007923224940896034,0.5,0.3,0,0,wall,both,1,1,1,1,1,1,0.0,0,0,0,alpha,full,huber,-0.43435072518990125,8.124677675963332,1.4473895267675783,-2.70770939979662,7.956435891549309,1.8735066627177601,-2.8422075526421375,7.970512049414609,1.9197981914503597,204.46724356399613,0.007923224940896034,250,2.3316526412963867,1.0,1.0,disabled,single,3,row_5,row_6,-0.018442794680595398,-1.1571625471115112,0.6606294420581601,0.21155252825520973,0.8654132794843746,1.1387197524309158,0.3961194036759407,1,51,0,disabled,0,0.0,50.0,alpha
832,0.500760018825531,-0.10362007468938828,0.0,-0.12255431711673737,0.7057336568832397,0.05393707752227783,0,0,0,0.007618530187755823,0.5,0.3,0,0,wall,both,1,1,1,1,1,1,0.0,0,0,0,alpha,full,huber,-2.038113025966102,8.171627280883412,2.0880977423851323,-2.474218019644492,8.566895220634027,1.8186985455763829,-2.7284721904906686,8.542159571259505,1.873873703285886,197.7274848167764,0.0076185292564332485,250,1.4692343473434448,1.0,1.0,disabled,single,3,row_6,row_5,-0.12255431711673737,-0.7216460108757019,0.6009944681416821,0.33013248259684175,0.8561502952753214,0.5990916937589645,0.3866152317957109,1,52,0,disabled,0,0.0,50.0,alpha
836,1.1301387548446655,-0.5277742147445679,0.0,-0.14417029917240143,0.8005856275558472,0.020645737648010254,0,0,0,0.009990434162318707,0.5,0.3,0,0,wall,both,1,1,1,1,1,1,0.0,0,0,0,alpha,full,huber,-2.458717444593196,8.799125581148633,1.554607157147288,-2.359553861078711,9.557791040064988,1.7186316559179124,-2.665014748619482,9.546687775060422,1.795769963652746,196.90167958592585,0.009990434162318707,250,1.724940836429596,1.0,1.0,disabled,single,3,row_6,row_5,-0.14417029917240143,-1.0835157632827759,0.6437595235362873,0.2516350394441814,0.866883914273315,0.9393454641103745,0.29625973409844114,0,52,0,disabled,0,0.0,50.0,alpha
840,0.19759556651115417,-0.016133887693285942,0.0,-0.42869821190834045,1.3883758783340454,0.009199321269989014,0,0,0,0.008316387422382832,0.5,0.3,0,0,wall,both,1,1,1,1,1,1,0.0,0,0,0,alpha,full,huber,-2.5534775246639216,9.423658301231264,1.6224153753258008,-2.5671998810712595,9.930370261200501,1.8536526372028956,-2.656804805440828,9.95692095037633,1.89766433310675,186.74484637466242,0.008316387422382832,250,0.7090397477149963,1.0,1.0,disabled,single,3,row_6,row_5,-0.42869821190834045,-1.3553495407104492,0.6426036038625982,0.25439208692196474,0.8665358733152037,0.9266513288021088,0.013529012155978015,0,52,0,disabled,0,0.0,50.0,alpha
844,0.5392473340034485,-0.12016020715236664,0.0,-0.7842800617218018,1.8786243200302124,0.0012973546981811523,0,0,0,0.014163784682750702,0.5,0.3,0,0,wall,both,1,1,1,1,1,1,0.0,0,0,0,alpha,full,huber,-2.8899230418026134,9.918947820772251,1.70721804009281,-2.8024876916726504,10.312647718534052,2.177954850009506,-2.8259729522406603,10.4152105007174,2.212451769789997,150.34214565910287,0.014163782820105553,207,1.135743260383606,1.0,1.0,disabled,single,3,row_6,row_5,-0.7842800617218018,-1.9859246015548706,0.6615251922877198,0.198920157689827,0.8693983784393067,1.2016445398330688,-0.3710728491488334,0,52,0,disabled,0,0.0,50.0,alpha
848,0.31301823258399963,-0.040487777441740036,-46.25970458984375,-2.5163722038269043,3.2076549530029297,0.23733848333358765,39,0,46,0.020844828337430954,0.6382978723404256,0.3,85,85,wall,both,1,1,1,1,1,1,0.0,3,3,0,alpha,full,huber,-2.83805129382651,11.252835277166938,2.461539448850166,-3.0965283143521596,11.159088312018618,2.8854263726914473,-3.2669142038057566,11.215359132975397,2.9573036883274266,110.85619888941736,0.020844828337430954,235,0.7004241943359375,1.0,1.0,disabled,single,3,row_6,row_5,-2.5163722038269043,-3.426051378250122,0.644870832124941,0.25965942332545233,0.8572821992521189,0.9096791744232178,-2.077666961314365,0,52,1,disabled,0,0.0,50.0,alpha
852,0.0891149640083313,-0.003281602170318365,-49.57295227050781,-3.3562161922454834,3.343520164489746,0.4622030258178711,1,0,113,0.01858317106962204,0.5681818181818182,0.3,114,114,wall,both,1,1,1,1,1,1,0.0,1,1,0,alpha,full,huber,-3.288141275948552,11.34398219966467,2.761135777317439,-3.5051230457296585,11.299786300750364,-2.880478231948465,-3.6538005826909066,11.309489549939244,-2.8294135083413576,95.78194036646069,0.01858317106962204,213,0.5100218653678894,1.0,1.0,disabled,single,3,row_6,row_5,-3.3562161922454834,-4.760039806365967,0.681689220502777,0.16746096033173483,0.8457922017566744,1.4038236141204834,-2.9730347788369413,0,52,1,disabled,0,0.0,50.0,alpha
856,0.26075679063796997,-0.02809673734009266,-49.683021545410156,-3.736687421798706,3.854863166809082,0.3262600302696228,12,0,117,0.03414497897028923,0.5376344086021506,0.3,119,129,wall,both,1,1,1,1,1,1,0.0,5,5,0,alpha,full,huber,-4.588965343618023,11.435775386686434,-2.2514487643792047,-4.125749648421911,11.089436479827281,-2.286458157273594,-4.13824919825492,11.115885491859885,-2.3176539846240996,72.67930646000393,0.03414497897028923,164,1.053027093410492,1.0,1.0,disabled,single,3,row_7,row_6,-3.736687421798706,-3.8282594680786133,0.5070249902124131,0.46265805839744295,0.8069599354877719,0.09157204627990723,-3.0574924355528115,1,53,1,disabled,0,0.0,50.0,alpha
860,0.09669340401887894,-0.003863477148115635,-47.93578338623047,-2.6310198307037354,3.4023923873901367,0.11973327398300171,7,1,113,0.04565257206559181,0.5535055350553506,0.3,112,121,wall,both,1,1,1,1,1,1,0.0,9,9,0,alpha,full,huber,-4.545065704285872,10.968827063604783,-1.9142829891385142,-4.466160967457039,10.710116305006853,-1.8875435846740067,-4.458795438598262,10.741272348572085,-1.914167597008992,40.023800006440176,0.04565257206559181,80,0.5402197241783142,1.0,1.0,disabled,single,3,row_7,row_6,-2.6310198307037354,-2.7044217586517334,0.5012534517209719,0.46577837779812337,0.8145576057305995,0.07340192794799805,-1.9403764165450452,0,53,1,disabled,0,0.0,50.0,alpha
864,0.2960262894630432,-0.03621139004826546,-44.5263557434082,-1.1587097644805908,2.279031753540039,0.033169329166412354,20,0,89,0.05072924867272377,0.5791505791505792,0.3,96,109,wall,both,1,1,1,1,1,1,0.0,8,8,0,alpha,full,huber,-4.808732188451024,9.87499045214589,-1.6781909828405315,-4.550454048247177,10.233851462031524,-1.7685091614950685,-4.5449596772204615,10.362194917829047,-1.7418678509023717,34.232786153874144,0.05072924867272377,80,0.9436838924884796,1.0,1.0,disabled,single,3,row_7,row_6,-1.1587097644805908,-1.7079230546951294,0.592911157524468,0.34234920346033615,0.85411043669607,0.5492132902145386,-0.6359990545951205,0,53,0,disabled,0,0.0,50.0,alpha
868,0.45699772238731384,-0.08630038052797318,-42.440704345703125,-1.1115362644195557,2.2364861965179443,0.0015157461166381836,21,2,99,0.03258930891752243,0.551470588235294,0.3,120,122,wall,both,1,1,1,1,1,1,0.0,5,5,0,alpha,full,huber,-4.507972999129208,9.758299195978765,-1.4749764051760188,-4.597210605035033,9.754012779748141,-1.531887523729154,-4.609556680807958,9.820129520128958,-1.520888274273218,56.69919165649931,0.03258931264281273,80,0.5703999102115631,1.0,1.0,disabled,single,3,row_7,row_6,-1.1115362644195557,-1.3512253761291504,0.5354813431199077,0.42135551771579605,0.8342760778766338,0.23968911170959473,-0.486947034606074,0,53,0,disabled,0,0.0,50.0,alpha
872,1.4941200017929077,-0.9224771857261658,-44.34178161621094,-0.5839369297027588,1.620631456375122,0.008315324783325195,26,11,90,0.04822152480483055,0.5415162454873647,0.3,78,127,wall,both,1,1,1,1,1,1,0.0,8,8,0,alpha,full,huber,-4.674988300419039,9.164991966938528,-1.2908611932023843,-4.631478337928277,9.347075863573119,-1.3155512685458475,-4.613617123795834,9.399859048063153,-1.3182172610830818,47.687925510032876,0.04822152480483055,80,1.5038655996322632,1.0,1.0,disabled,single,3,row_7,row_6,-0.5839369297027588,-1.1161441802978516,0.589844947095967,0.34642018654441603,0.854081144777826,0.5322072505950928,-0.05604135154975354,0,53,0,disabled,0,0.0,50.0,alpha
876,0.7564980387687683,-0.23648318648338318,-47.52954864501953,-0.5826107263565063,1.544498085975647,0.11341869831085205,23,8,109,0.03225754201412201,0.5172413793103449,0.3,107,140,wall,both,1,1,1,1,1,1,0.0,11,11,0,alpha,full,huber,-5.148732849420491,9.171770545138116,-1.90080563504263,-4.610181425682082,9.020328646058042,-1.2965489718551482,-4.5686012403959095,9.024020231000454,-1.2674513751091687,64.87383916095109,0.03225754201412201,80,1.3756734728813171,1.0,1.0,disabled,single,3,row_7,row_6,-0.5826107263565063,-1.648176908493042,0.6568536702234659,0.22630758903815734,0.8631812707862899,1.0655661821365356,-0.162316716887073,0,53,0,disabled,0,0.0,50.0,alpha
880,0.4534932076931,-0.08498185873031616,-40.24308395385742,-0.27553731203079224,1.0072696208953857,0.11075985431671143,46,5,80,0.03445524722337723,0.5338078291814947,0.3,94,131,wall,both,1,1,1,1,1,1,0.0,11,11,0,alpha,full,huber,-4.830309850581861,8.56931095035504,-0.9447956304713676,-4.6402048819297885,8.445411468923222,-1.3339711941576993,-4.523393124500234,8.435533832796835,-1.2602139662003815,59.86778994235364,0.03445524722337723,80,0.9815545678138733,1.0,1.0,disabled,single,3,row_7,row_6,-0.27553731203079224,-1.074927568435669,0.627147223017975,0.2819672874099217,0.8675285439037612,0.7993902564048767,0.1910366484295939,0,53,0,disabled,0,0.0,50.0,alpha
884,0.9422671794891357,-0.3668873906135559,-40.192256927490234,-0.23827242851257324,0.9916707277297974,0.0695376992225647,47,2,104,0.037791505455970764,0.49504950495049505,0.3,120,153,wall,both,1,1,1,1,1,1,0.0,11,11,0,alpha,full,huber,-4.331739961344787,8.127614994713369,-1.0447871028956492,-4.5641974368912495,7.6266535033694645,-1.3586417906007018,-4.412068313373875,7.57389017030868,-1.2993199305188543,67.26445317459189,0.037791505455970764,80,1.4582023620605469,1.0,1.0,disabled,single,3,row_7,row_6,-0.23827242851257324,-0.5827674865722656,0.5557787834698109,0.39381264880585876,0.8440425541017057,0.3444950580596924,0.3491125068480051,0,53,0,disabled,0,0.0,50.0,alpha
888,0.63377845287323,-0.1659814566373825,-44.26761245727539,-0.2184193879365921,0.9619539380073547,0.055966854095458984,46,15,84,0.01052398607134819,0.5084745762711864,0.3,120,145,wall,both,1,1,1,1,1,1,0.0,12,12,0,alpha,full,huber,-4.125789170583894,7.039578600147467,-1.0837653718733211,-4.0710381338128725,6.7154450205070635,-1.2763095667455393,-4.1037790019126215,6.668034312175832,-1.3005186705666067,141.9973917556982,0.01052398607134819,164,1.30918288230896,1.0,1.0,disabled,single,3,row_7,row_6,-0.21410737931728363,-0.547225296497345,0.5533537777165213,0.39658072825228924,0.8441565212764839,0.33311791718006134,0.3776503599844626,0,53,0,disabled,0,0.0,50.0,alpha
892,1.7076219320297241,-1.2049474716186523,-36.04704284667969,-0.09051358699798584,0.5889756083488464,0.0573539137840271,116,5,27,0.012194582261145115,0.5033557046979865,0.3,116,148,wall,both,1,1,1,1,1,1,0.0,11,11,0,alpha,full,huber,-4.2044074935695805,5.501861504943953,-1.0509250413984423,-3.8799804437865415,5.275982204156109,-1.4407286663708594,-3.7967615800720638,5.23854168139899,-1.439120286737256,206.1764303657479,0.012194582261145115,250,2.4193074703216553,1.0,1.0,disabled,single,3,row_7,row_6,-0.0894487053155899,-0.808974027633667,0.620943533973665,0.3023891693137591,0.8544617544364059,0.7195253223180771,0.38706642344587056,0,53,0,disabled,0,0.0,50.0,alpha
896,1.0094902515411377,-0.4211035668849945,-32.96213912963867,-0.15745791792869568,0.8011764287948608,0.060251057147979736,115,7,20,0.013470707461237907,0.5136986301369862,0.3,120,142,wall,both,1,1,1,1,1,1,0.0,10,10,0,alpha,full,huber,-3.8718878127439313,4.858046854638745,-1.042349305315752,-3.5961777074351255,4.577636187742056,-1.3612332299527703,-3.636569496884205,4.498495359974262,-1.3989333221672995,180.9380605926236,0.013470709323883057,250,1.8084923028945923,1.0,1.0,disabled,single,3,row_7,row_6,-0.15745791792869568,-0.6409866809844971,0.583416126218288,0.35973654200959004,0.8451683431736744,0.4835287630558014,0.38139666221527235,0,53,0,disabled,0,0.0,50.0,alpha
900,0.5245545506477356,-0.11370144039392471,-31.416709899902344,-0.19611144065856934,0.9263905882835388,0.03637450933456421,107,8,37,0.01526764128357172,0.49668874172185423,0.3,120,152,wall,both,1,1,1,1,1,1,0.0,10,10,0,alpha,full,huber,-3.7619445393457824,4.95345633410254,-1.120705946253969,-3.3839334986720186,4.492751236661231,-1.2604772704805896,-3.482466635394217,4.40803646392936,-1.3297666118660674,178.98573743503383,0.01526764128357172,250,1.4206210374832153,1.0,1.0,disabled,single,3,row_7,row_6,-0.19611144065856934,-0.5415886044502258,0.5578840145074451,0.3949163292099951,0.8366108049923318,0.3454771637916565,0.38749275685365037,0,53,0,disabled,0,0.0,50.0,alpha
904,1.4046968221664429,-0.8153608441352844,-33.00529479980469,-0.1556277573108673,0.8347592949867249,0.01380777359008789,112,19,27,0.014294392429292202,0.48701298701298706,0.3,120,158,wall,both,1,1,1,1,1,1,0.0,12,12,0,alpha,full,huber,-3.731432096289541,4.27224989225704,-1.2245492937594828,-3.2382346284397983,3.900875458507728,-1.288691155971238,-3.267954732152165,3.8028913499593475,-1.3092627406450559,192.3443121479268,0.014294394291937351,250,2.1533045768737793,1.0,1.0,disabled,single,3,row_7,row_6,-0.1556277573108673,-0.6006624102592468,0.5764660828252008,0.36940065913987785,0.8432853445159971,0.4450346529483795,0.39521101660666846,0,53,0,disabled,0,0.0,50.0,alpha
908,0.032843753695487976,-0.000445748824859038,-30.399015426635742,-0.2731422483921051,1.1086626052856445,0.0006315112113952637,96,6,45,0.009556006640195847,0.5050505050505051,0.3,120,147,wall,both,1,1,1,1,1,1,0.0,13,13,0,alpha,full,huber,-3.092727708210304,3.81325557786428,-1.405808867540194,-3.1805719547397695,3.92244552902168,-1.2696480153446812,-3.2198942045753474,3.8686461484436308,-1.2894553779948683,188.67400803987022,0.009556006640195847,250,0.4432191401720047,1.0,1.0,disabled,single,3,row_6,row_7,-0.2731422483921051,-0.4238389730453491,0.5175836565566392,0.44517810702785277,0.8236758910025842,0.15069672465324402,0.38544186333338726,1,54,0,disabled,0,0.0,50.0,alpha
912,0.3366208076477051,-0.046823788434267044,-27.836454391479492,-0.20287178456783295,0.9492896199226379,0.025316715240478516,125,4,18,0.026144912466406822,0.5050505050505051,0.3,120,147,wall,both,1,1,1,1,1,1,0.0,9,9,0,alpha,full,huber,-2.7761975847839615,3.056105307429308,-1.595764617213357,-2.974228051845876,3.391087776260262,-1.3530941763154967,-3.023941386844111,3.39548724380744,-1.3236086734504138,97.06651992536345,0.026144912466406822,133,0.8598760962486267,1.0,1.0,disabled,single,3,row_6,row_7,-0.2019665390253067,-0.5405741930007935,0.5555367722264001,0.39596552506200144,0.8401551223224166,0.33860765397548676,0.38585393644086274,0,54,0,disabled,0,0.0,50.0,alpha
916,0.8976117372512817,-0.33293673396110535,-28.152570724487305,-0.25279197096824646,1.064966082572937,0.013627767562866211,104,8,25,0.026463912799954414,0.5226480836236934,0.3,120,137,wall,both,1,1,1,1,1,1,0.0,5,5,0,alpha,full,huber,-2.9269454109847146,3.217012036614783,-1.5355490153923679,-2.85070740278622,3.0207874409564233,-1.3440966900592843,-2.875223407535319,2.977634423166643,-1.338707024644648,67.27227998056391,0.026463912799954414,80,1.2348945140838623,1.0,1.0,disabled,single,3,row_6,row_7,-0.25279197096824646,-0.45963120460510254,0.5292066990357241,0.43032462138470445,0.82942313856608,0.20683923363685608,0.38358421705554724,0,54,0,disabled,0,0.0,50.0,alpha
920,0.24385996162891388,-0.024573422968387604,-33.062320709228516,-0.21335871517658234,0.9798539280891418,0.00016933679580688477,85,21,35,0.028651440516114235,0.5154639175257733,0.3,120,141,wall,both,1,1,1,1,1,1,0.0,9,9,0,alpha,full,huber,-3.293891919021714,2.700621299575184,-1.3575660279965496,-2.9760876888315524,2.311137184895011,-1.4574644762588331,-2.8517649080252334,2.2770883343324435,-1.3557613770419776,60.04840900289411,0.028651440516114235,80,1.073809564113617,1.0,1.0,disabled,single,3,row_7,row_6,-0.21335871517658234,-0.5139276385307312,0.5483704817135224,0.4060117892282879,0.836274224927774,0.30056892335414886,0.38744544376315515,1,55,0,disabled,0,0.0,50.0,alpha
924,0.8602164387702942,-0.30577367544174194,-32.98051834106445,-0.2389514446258545,0.5352804660797119,0.207227885723114,118,17,18,0.03272458538413048,0.49504950495049505,0.3,120,153,wall,both,1,1,1,1,1,1,0.0,7,7,0,alpha,full,huber,-2.1727308692862874,1.9752508075277293,-0.7549138314142758,-2.8089393743481175,1.6605061066449671,-1.3461916358660282,-2.755894282716497,1.6068661635607433,-1.3357652966284042,83.6428588590318,0.03272458538413048,97,1.8349413871765137,1.0,1.0,disabled,single,3,row_6,row_7,-0.23847359418869019,-1.0348520278930664,0.6289416043837336,0.28362699581053746,0.8621095211530454,0.7963784337043762,0.22524327122038973,1,56,0,disabled,0,0.0,50.0,alpha
928,0.43988895416259766,-0.07995962351560593,-34.5593147277832,-0.38084354996681213,0.5344316363334656,0.2788483500480652,134,14,19,0.017818506807088852,0.47318611987381703,0.3,120,167,wall,both,1,1,1,1,1,1,0.0,7,7,0,alpha,full,huber,-2.0224689411066,1.0932166425002827,-0.6354748779671295,-2.6375978779941502,0.7573725707222478,-1.3229915977446636,-2.585613870228399,0.7002438600858971,-1.3236042051075134,125.49857438573754,0.017818506807088852,169,1.0030652284622192,1.0,1.0,disabled,single,3,row_6,row_7,-0.38084354996681213,-1.1374913454055786,0.6224704951278612,0.29208604525530546,0.8647424677314242,0.7566477954387665,0.09321549918471572,0,56,0,disabled,0,0.0,50.0,alpha
932,0.053254179656505585,-0.0011719040339812636,-24.78277587890625,-0.281328022480011,1.1251411437988281,0.0013500452041625977,108,15,26,0.015896689146757126,0.5016722408026756,0.3,120,149,wall,both,1,1,1,1,1,1,0.0,5,5,0,alpha,full,huber,-2.604836121486917,-0.4786197846955401,-1.3612283233373328,-2.6234852412809073,-0.12988718492429285,-1.37565974450298,-2.5210513777959163,-0.09471020635642594,-1.3487713447656342,151.59861292150103,0.015896691009402275,235,0.7637922763824463,1.0,1.0,disabled,single,3,row_7,row_6,-0.281328022480011,-0.4320196211338043,0.5160640143119848,0.4438733250914601,0.8308040334142031,0.15069159865379333,0.38019643997105634,1,57,0,disabled,0,0.0,50.0,alpha
936,0.17210765182971954,-0.012240100651979446,-22.58711814880371,-0.2996474504470825,1.161084532737732,0.004015624523162842,103,5,21,0.010356522165238857,0.5376344086021506,0.3,120,129,wall,both,1,1,1,1,1,1,0.0,3,3,0,alpha,full,huber,-2.48138336979352,-1.0264436071402518,-1.3235497571786903,-2.5242409795670966,-0.6779549157702058,-1.3484629835929363,-2.4798978526835462,-0.605565434754685,-1.3302569929281043,177.5717468254049,0.010356523096561432,235,0.5672265291213989,1.0,1.0,disabled,single,3,row_7,row_6,-0.2996474504470825,-0.4233187139034271,0.5102463099390284,0.4508895035812978,0.8286920839205278,0.1236712634563446,0.3732142587398867,0,57,0,disabled,0,0.0,50.0,alpha
940,0.1041320338845253,-0.004480777308344841,-24.2374210357666,-0.18993417918682098,0.9201368689537048,0.020937561988830566,142,0,15,0.0178228709846735,0.4885993485342019,0.3,120,157,wall,both,1,1,1,1,1,1,0.0,5,5,0,alpha,full,huber,-2.5821623577343917,-1.86131931986808,-1.191817706651843,-2.407794793263281,-1.7653641821366837,-1.3393902726227802,-2.322561854608646,-1.7232137161541772,-1.319949151772031,106.8999858794932,0.01782287284731865,148,0.5003625750541687,1.0,1.0,disabled,single,3,row_7,row_6,-0.18993417918682098,-0.58394455909729,0.56383610547303,0.3802212180978673,0.8520547477429427,0.39401037991046906,0.3830574836605487,0,57,0,disabled,0,0.0,50.0,alpha
944,0.8134588003158569,-0.273436039686203,-26.11944580078125,-0.22314204275608063,1.0020674467086792,7.927417755126953e-06,136,3,18,0.02402488701045513,0.4885993485342019,0.3,120,157,wall,both,1,1,1,1,1,1,0.0,4,4,0,alpha,full,huber,-1.8799973322135042,-2.3417256667720903,-1.4053813077213244,-2.0930945264811194,-2.531412329328207,-1.252098105805171,-2.1103199442000378,-2.5034759972345526,-1.2858312160044243,68.06429183227436,0.02402488701045513,83,1.1940959692001343,1.0,1.0,disabled,single,3,row_6,row_7,-0.22314204275608063,-0.5192065238952637,0.5483938587434877,0.40786215747241056,0.8321278001320632,0.29606448113918304,0.37761948709898197,1,58,0,disabled,0,0.0,50.0,alpha
948,0.183280348777771,-0.013880862854421139,-33.28004837036133,-0.12127496302127838,0.7349995970726013,0.017324745655059814,96,29,27,0.01879175938665867,0.49668874172185423,0.3,120,152,wall,both,1,1,1,1,1,1,0.0,2,2,0,alpha,full,huber,-1.4491201127147306,-3.0543483574517345,-1.5268023457084499,-1.7150132280866484,-3.2350081131514203,-1.2102708003180558,-1.7942706068323486,-3.2425135861309706,-1.2385756929700904,97.70784733394612,0.01879175938665867,112,0.647728830575943,1.0,1.0,disabled,single,3,row_6,row_7,-0.12127496302127838,-0.6816440224647522,0.5950647548033297,0.33978095900624256,0.8536033407820751,0.5603690594434738,0.39781008473472346,0,58,0,disabled,0,0.0,50.0,alpha
952,0.2693682014942169,-0.0299831535667181,-34.233909606933594,-0.21807007491588593,0.9896028637886047,0.010438799858093262,98,33,37,0.01556070614606142,0.4716981132075471,0.3,120,168,wall,both,1,1,1,1,1,1,0.0,2,2,0,alpha,full,huber,-1.5962360636604056,-3.61464880024612,-1.2374543020080133,-1.509677525746315,-3.6551159709338954,-1.157382424970188,-1.5662374878061822,-3.676706583683779,-1.1965804652830536,105.53418309359246,0.01556070614606142,133,0.4544777572154999,1.0,1.0,disabled,single,3,row_6,row_7,-0.21807007491588593,-0.5264191031455994,0.5496829539401481,0.4038294504206455,0.8377656531290435,0.30834902822971344,0.38034353943095256,0,58,0,disabled,0,0.0,50.0,alpha
956,0.8176072835922241,-0.2762320935726166,-32.57904052734375,-0.2064635306596756,0.9626601934432983,0.011362254619598389,92,34,33,0.014691691845655441,0.4854368932038835,0.3,120,159,wall,both,1,1,1,1,1,1,0.0,2,2,0,alpha,full,huber,-1.4330250444502142,-4.423977443980546,-1.2637230840513343,-1.3768716145909687,-3.999509791295198,-1.150220101585738,-1.4086563904140292,-3.9902987171736752,-1.1717603960003602,129.47818733117555,0.014691691845655441,148,1.0526791214942932,1.0,1.0,disabled,single,3,row_6,row_7,-0.2064635306596756,-0.5551927089691162,0.5577498435779907,0.3935394726636918,0.8398406627578969,0.3487291783094406,0.3773811954616908,0,58,0,disabled,0,0.0,50.0,alpha
960,0.28507158160209656,-0.03358091413974762,-31.244245529174805,-0.32192671298980713,1.2033857107162476,0.00538712739944458,94,43,33,0.02192658744752407,0.46875,0.3,120,170,wall,both,1,1,1,1,1,1,0.0,3,3,0,alpha,full,huber,-1.7369283628075445,-4.041599339613584,-1.3107666998609242,-1.506467595991678,-4.245896346237306,-1.2802150981405156,-1.4141255697962696,-4.245489411762412,-1.2329483697763692,104.68405315175146,0.02192658744752407,148,0.7785188853740692,1.0,1.0,disabled,single,3,row_6,row_7,-0.32192671298980713,-0.4017709791660309,0.5023382646465135,0.46378888550340736,0.8168559921330336,0.07984426617622375,0.3665548392675696,0,58,0,disabled,0,0.0,50.0,alpha
964,0.4273476004600525,-0.07546527683734894,-33.481483459472656,-0.23729681968688965,1.0326781272888184,0.008766531944274902,87,45,41,0.020398329943418503,0.46439628482972134,0.3,120,173,wall,both,1,1,1,1,1,1,0.0,2,2,0,alpha,full,huber,-1.3624699192677872,-5.310477214444864,-1.2601712654158361,-1.4362410160710504,-4.744194043230268,-1.212881417255253,-1.366757365631392,-4.689229714789914,-1.194981721660558,117.0602164638368,0.020398329943418503,159,1.0358597040176392,1.0,1.0,disabled,single,3,row_6,row_7,-0.23729681968688965,-0.4981432557106018,0.5405123745532706,0.41641030964751935,0.8328218671571987,0.26084643602371216,0.3779409278374142,0,58,0,disabled,0,0.0,50.0,alpha
968,0.7291954755783081,-0.21972151100635529,-37.79344940185547,-0.11245639622211456,0.6410348415374756,0.07196664810180664,91,36,40,0.02167072892189026,0.47318611987381703,0.3,120,167,wall,both,1,1,1,1,1,1,0.0,3,3,0,alpha,full,huber,-0.914185518942848,-5.590137508302473,-1.0109821219865522,-1.3242912732985435,-5.176181686565677,-1.2599894824490405,-1.2878903981191803,-5.097740478680064,-1.2567539383516066,93.49538738530424,0.021670730784535408,127,1.4139593839645386,1.0,1.0,disabled,single,3,row_6,row_7,-0.11245639622211456,-0.8003897070884705,0.6151633445510221,0.30918955102760187,0.8571110943670439,0.6879333108663559,0.37341104932320746,0,58,0,disabled,0,0.0,50.0,alpha
972,1.005670428276062,-0.4179227650165558,-34.53474807739258,-0.2814469337463379,1.1249076128005981,0.007717728614807129,86,34,40,0.03239738941192627,0.48387096774193555,0.3,120,160,wall,both,1,1,1,1,1,1,0.0,2,2,0,alpha,full,huber,-1.3074660752123217,-6.136568824085461,-1.2683608034971232,-1.1851919570929041,-5.650754317386189,-1.2211638600242756,-1.177986886051869,-5.566371410269353,-1.2446829508565107,89.98882376329354,0.03239738941192627,138,1.6811816692352295,1.0,1.0,disabled,single,3,row_6,row_7,-0.2814469337463379,-0.4249281883239746,0.5159815424094361,0.44701392208822543,0.8233304830011541,0.14348125457763672,0.3802373509183655,0,58,0,disabled,0,0.0,50.0,alpha
976,1.3355377912521362,-0.7370501160621643,-28.55461311340332,-0.2671239376068115,1.0963839292526245,2.7954578399658203e-05,74,7,51,0.027505232021212578,0.5319148936170213,0.3,120,132,wall,both,1,1,1,1,1,1,0.0,1,1,0,alpha,full,huber,-1.4415736554496488,-6.9444909881891554,-1.3965047085315203,-1.2166419260654997,-6.301208616678231,-1.2608933665260367,-1.1241635018929603,-6.192549376949158,-1.2503913798939739,84.32818090132955,0.027505232021212578,127,2.238229274749756,1.0,1.0,disabled,single,3,row_7,row_6,-0.2671239376068115,-0.4408855438232422,0.5228856793166151,0.4394839719193616,0.8237840849021361,0.17376160621643066,0.3812684875965955,1,59,0,disabled,0,0.0,50.0,alpha
980,0.23084016144275665,-0.02201949618756771,0.0,-0.04585719853639603,0.45295560359954834,0.008044421672821045,0,0,0,0.013651574030518532,0.5,0.3,0,0,wall,both,1,1,1,1,1,1,0.0,0,0,0,alpha,full,huber,-2.025830663582766,-7.349701845235121,-1.2770566191624588,-1.1579675573769836,-7.530973683152271,-1.3397410703557602,-0.9598692534791917,-7.479813092437489,-1.2740584691094254,127.31479311035226,0.013651574961841106,159,1.0360487699508667,1.0,1.0,disabled,single,3,row_7,row_6,-0.04585719853639603,-0.9469700455665588,0.6430993166147058,0.26117386199618786,0.8591437420566528,0.9011128470301628,0.3955989099478365,0,59,0,disabled,0,0.0,50.0,alpha
984,0.2455282211303711,-0.024910788983106613,0.0,-0.19535128772258759,0.9346520304679871,0.017314493656158447,0,0,0,0.008727842010557652,0.5,0.3,0,0,wall,both,1,1,1,1,1,1,0.0,0,0,0,alpha,full,huber,-0.707057329804364,-8.141442096827365,-1.2129754418784267,-1.0124793054521497,-8.16915318150616,-1.33657749026592,-0.908338006653147,-8.122115093169556,-1.3058759587399609,158.37299297925455,0.008727842941880226,185,0.668972909450531,1.0,1.0,disabled,single,3,row_6,row_7,-0.19535128772258759,-0.5692580342292786,0.5603214172353643,0.38552414805853635,0.849935861936052,0.373906746506691,0.3838934128331576,1,60,0,disabled,0,0.0,50.0,alpha
988,0.4090956449508667,-0.069156713783741,0.0,-0.15118862688541412,0.8147591352462769,0.029987096786499023,0,0,0,0.007452294696122408,0.5,0.3,0,0,wall,both,1,1,1,1,1,1,0.0,0,0,0,alpha,full,huber,-1.6935966771434245,-9.648827434110006,-1.557012230057292,-1.0233801844824495,-9.379327287294332,-1.4196197391151784,-0.8383043797965073,-9.304950283177615,-1.3546185577730572,215.02410553673633,0.007452294696122408,250,1.1331666707992554,1.0,1.0,disabled,single,3,row_7,row_6,-0.15118862688541412,-1.162971019744873,0.6499837455711732,0.23631483507509304,0.8681309233163973,1.011782392859459,0.2796192963332953,1,61,0,disabled,0,0.0,50.0,alpha
992,0.5916082262992859,-0.14462822675704956,0.0,-1.3485814332962036,2.4435884952545166,0.07285529375076294,0,0,0,0.006718062330037355,0.5,0.3,0,0,wall,both,1,1,1,1,1,1,0.0,0,0,0,alpha,full,huber,-0.9579110202266132,-11.106218273609308,-1.6955770183679122,-0.7135605680368238,-10.678756072559423,-1.739297407485542,-0.6454189623111597,-10.62644039191067,-1.7420829997322895,214.2591907830598,0.006718063727021217,250,1.3662216663360596,1.0,1.0,disabled,single,3,row_7,row_6,-1.3485814332962036,-1.818103313446045,0.5787020339911084,0.3618630564604868,0.8521384435474666,0.4695218801498413,-0.8016138776468127,0,61,0,disabled,0,0.0,50.0,alpha
996,0.3339129090309143,-0.04607348516583443,-44.804779052734375,-3.4228930473327637,2.2108263969421387,0.7566357851028442,16,0,74,0.015448414720594883,0.625,0.3,90,90,wall,both,1,1,1,1,1,1,0.0,1,1,0,alpha,full,huber,-0.9339649779737005,-10.82016195381383,-3.128129255874698,-0.9047358557650335,-11.48238005905787,-2.794769965673773,-0.8724763701196319,-11.58531153204245,-2.8257598004857796,123.43586738303644,0.015448414720594883,250,1.415839970111847,1.0,1.0,disabled,single,3,row_7,row_6,-3.4228930473327637,-4.388438701629639,0.6757767548210639,0.2573191447503025,0.7950684750562842,0.965545654296875,-3.031000545503379,0,61,0,disabled,0,0.0,50.0,alpha
1000,0.03188284859061241,-0.0004200479306746274,-46.08058547973633,-1.3712215423583984,2.359919786453247,0.18093127012252808,14,8,113,0.021065110340714455,0.5263157894736842,0.3,120,135,wall,both,1,1,1,1,1,1,0.0,4,4,0,alpha,full,huber,-1.9149592790715104,-11.318194161196232,2.4411031025012395,-1.846814018641793,-11.494246636929262,2.3680993052021453,-1.7636552128011096,-11.651325325169962,2.374101404646198,94.90623870970002,0.021065110340714455,250,0.7879299819469452,1.0,1.0,disabled,single,3,row_7,row_8,-1.3712215423583984,-2.5558595657348633,0.6682844335200868,0.20439938677779443,0.8562760378105463,1.1846380233764648,-0.9681801449691374,0,61,0,disabled,0,0.0,50.0,alpha
1004,0.38959887623786926,-0.06272201985120773,-32.574832916259766,-0.4086032509803772,1.3559852838516235,0.001003861427307129,65,10,55,0.014716261066496372,0.5357142857142857,0.3,120,130,wall,both,1,1,1,1,1,1,0.0,3,3,0,alpha,full,huber,-3.625544179361816,-10.332805439961685,1.7921861073310952,-3.0278130286407343,-10.553283903697398,1.7038922777070198,-2.9258592368733147,-10.596914963500625,1.692164886616455,178.4094167476835,0.014716261066496372,250,1.389307975769043,1.0,1.0,disabled,single,3,row_8,row_7,-0.4086032509803772,-0.9014378190040588,0.5831831850524651,0.3562621299695522,0.8519858305237491,0.49283456802368164,0.13065067993753365,1,62,0,disabled,0,0.0,50.0,alpha
1008,0.7474083304405212,-0.23083437979221344,-36.476409912109375,-0.13724306225776672,0.6944561004638672,0.08583509922027588,52,15,68,0.018752433359622955,0.5263157894736842,0.3,120,135,wall,both,1,1,1,1,1,1,0.0,4,4,0,alpha,full,huber,-3.9251701238152052,-9.219042307218452,1.4196436258613705,-3.106127980391959,-10.056982692042443,1.5281562891428655,-3.039129493937099,-10.184164095790674,1.564854269068797,169.12105598074024,0.018752433359622955,250,1.863698124885559,1.0,1.0,disabled,single,3,row_8,row_7,-0.13724306225776672,-0.7373559474945068,0.6006704019047737,0.3296176949508362,0.857653540031784,0.6001128852367401,0.37246584875611677,0,62,0,disabled,0,0.0,50.0,alpha
1012,0.05417182296514511,-0.0012126390356570482,-30.73488998413086,-0.09504438191652298,0.6461506485939026,0.02355283498764038,78,10,42,0.01956148073077202,0.5357142857142857,0.3,120,130,wall,both,1,1,1,1,1,1,0.0,7,7,0,alpha,full,huber,-4.068754486563303,-8.875568780383986,1.619530339920324,-3.4283188739460817,-9.567190451149052,1.5637486454000116,-3.2522109110729893,-9.681125970812026,1.5707600859588124,138.44743099882393,0.01956148073077202,250,1.5302886366844177,1.0,1.0,disabled,single,3,row_8,row_7,-0.09504438191652298,-0.7520292401313782,0.6086029060952922,0.3155070900919307,0.8618666073033862,0.6569848582148552,0.4015448845643705,0,62,0,disabled,0,0.0,50.0,alpha
1016,0.1013990119099617,-0.0042486609891057014,-32.71876525878906,-0.1376955360174179,0.7776121497154236,0.028528988361358643,74,15,61,0.012340880930423737,0.5,0.3,120,150,wall,both,1,1,1,1,1,1,0.0,5,5,0,alpha,full,huber,-3.825566747438635,-9.304593199829355,1.5975574596577555,-3.6161727265849275,-9.14832959857448,1.6345169152817765,-3.4523809188177563,-9.140003546224289,1.6067246704876403,170.1417462705506,0.012340880930423737,250,0.6686514317989349,1.0,1.0,disabled,single,3,row_8,row_7,-0.1376955360174179,-0.6543598175048828,0.5872073892773523,0.35027332547778434,0.8533880677033744,0.5166642814874649,0.39468168182439356,0,62,0,disabled,0,0.0,50.0,alpha
1020,0.93903648853302,-0.3643758296966553,-39.929683685302734,-0.20127804577350616,0.9497044682502747,0.014407515525817871,64,46,57,0.010237512178719044,0.47318611987381703,0.3,120,167,wall,both,1,1,1,1,1,1,0.0,8,8,0,alpha,full,huber,-3.8190013824927598,-8.637617327604296,1.667042652524609,-3.747352746921411,-8.267177618879701,1.6855650790718923,-3.631888662676773,-8.179387044098029,1.62970791499405,169.56005069940366,0.010237513110041618,207,1.419608235359192,1.0,1.0,disabled,single,3,row_8,row_7,-0.20127804577350616,-0.5234846472740173,0.5514947901015319,0.3995847130330956,0.8423784885535841,0.32220660150051117,0.3938448413384221,0,62,0,disabled,0,0.0,50.0,alpha
1024,0.7834755778312683,-0.25365039706230164,-37.111412048339844,-0.20164361596107483,0.7471665143966675,0.1378718614578247,90,31,56,0.013076942414045334,0.4587155963302753,0.3,120,177,wall,both,1,1,1,1,1,1,0.0,8,8,0,alpha,full,huber,-4.239916069436001,-7.563368061991699,2.2877306050483606,-3.9576946481178936,-7.5028209314053935,1.7441107919274326,-3.829981981699083,-7.486826719679351,1.6787670302569593,146.5580385448661,0.013076940551400185,185,1.1819493770599365,1.0,1.0,disabled,single,3,row_8,row_7,-0.20164361596107483,-0.7818053960800171,0.6002840188715742,0.3360436720584338,0.8481706426695214,0.5801617801189423,0.30870875502072526,0,62,0,disabled,0,0.0,50.0,alpha
1028,0.5353133678436279,-0.11841339617967606,-32.20681381225586,-0.30691954493522644,1.1752173900604248,0.0003279447555541992,80,32,40,0.04701917618513107,0.49668874172185423,0.3,107,152,wall,both,1,1,1,1,1,1,0.0,7,7,0,alpha,full,huber,-3.791757731849682,-6.753588500584011,1.750237439563925,-4.035674471755178,-6.768013865205778,1.7418076738471377,-3.973099969021051,-6.814825895492316,1.7140200152594867,61.799801289011604,0.04701917991042137,97,0.6661440134048462,1.0,1.0,disabled,single,3,row_7,row_8,-0.30691954493522644,-0.3911009728908539,0.5034263448019141,0.4627819473530419,0.8165544127993394,0.08418142795562744,0.37939831898062304,1,63,0,disabled,0,0.0,50.0,alpha
1032,0.23151171207427979,-0.022147798910737038,-30.695287704467773,-0.2029280960559845,0.9555861949920654,0.0013089179992675781,112,18,35,0.040005531162023544,0.47619047619047616,0.3,120,165,wall,both,1,1,1,1,1,1,0.0,9,9,0,alpha,full,huber,-3.6683263325150164,-6.268438739934123,1.8270191249781558,-3.887996024596863,-6.455369588801938,1.6956119746946001,-3.943237105435025,-6.499628389617921,1.7179193417972272,86.74188437408834,0.040005531162023544,138,0.6775020658969879,1.0,1.0,disabled,single,3,row_7,row_8,-0.2029280960559845,-0.5150901079177856,0.5506685815042682,0.40301393151002673,0.8370919749767964,0.31216201186180115,0.3936940402113914,0,63,0,disabled,0,0.0,50.0,alpha
1036,1.0284086465835571,-0.43703484535217285,-29.203857421875,-0.22668695449829102,1.009995698928833,1.2040138244628906e-05,111,20,47,0.034427039325237274,0.4573170731707317,0.3,120,178,wall,both,1,1,1,1,1,1,0.0,10,10,0,alpha,full,huber,-3.795086817442485,-5.926155686064527,1.7709397720664075,-3.7870180788116956,-6.0962024888153685,1.6835880067467166,-3.8808548185709424,-6.1189103761955375,1.7045417106927,91.83104739835753,0.034427039325237274,133,1.2277579307556152,1.0,1.0,disabled,single,3,row_7,row_8,-0.22668695449829102,-0.4665641486644745,0.5362858946074889,0.42190923592943136,0.8309658648706408,0.23987719416618347,0.396400920150774,0,63,0,disabled,0,0.0,50.0,alpha
1040,0.6922911405563354,-0.19804422557353973,-25.19070816040039,-0.18696396052837372,0.9163123369216919,0.009647488594055176,152,0,29,0.052295979112386703,0.4531722054380664,0.3,104,181,wall,both,1,1,1,1,1,1,0.0,7,7,0,alpha,full,huber,-3.7881625403855312,-5.466279361579209,1.8780234215704832,-3.7493709376091067,-5.592443270045505,1.6988315831831977,-3.833879018901756,-5.641017548321992,1.707604683856788,67.39835258537995,0.052295979112386703,127,0.9691400527954102,1.0,1.0,disabled,single,3,row_7,row_8,-0.18696396052837372,-0.5208325386047363,0.555080581423126,0.39751978915150626,0.8379880860981648,0.3338685780763626,0.4016780234932512,0,63,0,disabled,0,0.0,50.0,alpha
1044,0.8408406376838684,-0.29215410351753235,-31.706052780151367,-0.0849565640091896,0.6158550381660461,0.012837827205657959,137,9,34,0.03419119864702225,0.45454545454545453,0.3,120,180,wall,both,1,1,1,1,1,1,0.0,6,6,0,alpha,full,huber,-3.5899696459825994,-4.8387328423650615,1.8994133242055984,-3.847773314803567,-4.9060707733847915,1.7198998463121595,-3.879356512127343,-4.961965037725411,1.715419217775267,70.27997047534322,0.034191202372312546,102,1.1671186685562134,1.0,1.0,disabled,single,3,row_7,row_8,-0.0849565640091896,-0.7482860684394836,0.6120935684096671,0.3153098026411061,0.8547980072030064,0.663329504430294,0.40591355458875916,0,63,0,disabled,0,0.0,50.0,alpha
1048,0.2666601538658142,-0.029383324086666107,-32.303741455078125,-0.21713651716709137,0.8901258111000061,0.10030359029769897,116,0,20,0.027180586010217667,0.5244755244755245,0.3,120,136,wall,both,1,1,1,1,1,1,0.0,8,8,0,alpha,full,huber,-4.030132120690725,-3.657408119637515,2.126648332975563,-4.057741375456427,-3.720078895998413,1.7462134115904562,-4.057487594742655,-3.729493622597458,1.73342502781807,61.46474232961268,0.027180587872862816,80,0.6346402168273926,1.0,1.0,disabled,single,3,row_7,row_8,-0.18480949103832245,-0.5803072452545166,0.5660915697755052,0.38117481234723233,0.8449165957598916,0.39549775421619415,0.3841899387705977,0,63,0,disabled,0,0.0,50.0,alpha
1052,0.5370889902114868,-0.11920023709535599,-33.50000762939453,-0.22206607460975647,0.9994291663169861,0.004886984825134277,95,37,34,0.02766996994614601,0.4746835443037975,0.3,120,166,wall,both,1,1,1,1,1,1,0.0,9,9,0,alpha,full,huber,-4.340744428458316,-2.9435466385041007,1.7581077004763968,-4.418351715326205,-3.0600648224518787,1.876661978862373,-4.305555356821107,-3.059057849949448,1.8070786922082869,62.88706883651517,0.02766996994614601,80,0.6000076532363892,1.0,1.0,disabled,single,3,row_7,row_8,-0.2219686210155487,-0.45774608850479126,0.5352048794491514,0.42278854411209627,0.8316889856319344,0.23577746748924255,0.40313703213667207,0,63,0,disabled,0,0.0,50.0,alpha
1056,0.39345166087150574,-0.06396868824958801,-31.92658805847168,-0.21753248572349548,0.983874499797821,0.024346351623535156,112,14,18,0.03888412192463875,0.5102040816326531,0.3,120,144,wall,both,1,1,1,1,1,1,0.0,6,6,0,alpha,full,huber,-4.522644905767052,-1.8198722881770504,1.9658966389617394,-4.550280111494912,-2.3916233049845887,1.8550749565226419,-4.504994362407453,-2.4226757547332434,1.8333722139407325,58.27016822536544,0.03888412192463875,80,1.0797635912895203,1.0,1.0,disabled,single,3,row_7,row_8,-0.21753248572349548,-0.4686114490032196,0.5387589503443414,0.4191334187894048,0.8310566136288532,0.2510789632797241,0.40095453881053,0,63,0,disabled,0,0.0,50.0,alpha
1060,0.8931542634963989,-0.3296382427215576,-24.662580490112305,-0.18289940059185028,0.9072166085243225,0.0005357861518859863,120,12,17,0.0472879596054554,0.5016722408026756,0.3,120,149,wall,both,1,1,1,1,1,1,0.0,8,8,0,alpha,full,huber,-4.658022696723085,-0.5080332791566584,1.7611318804655074,-4.916396251703086,-0.22723984259025504,1.8241041274721115,-4.992529920119497,-0.24315330535067947,1.8474380991143171,54.963434489803866,0.0472879633307457,80,1.5234667658805847,1.0,1.0,disabled,single,3,row_7,row_8,-0.18289940059185028,-0.532363772392273,0.5570498542394395,0.3927567129026673,0.8431590917013876,0.34946437180042267,0.4022011375501251,0,63,0,disabled,0,0.0,50.0,alpha
1064,0.47625336050987244,-0.09372614324092865,-26.62334632873535,-0.3259409964084625,1.2109063863754272,0.004894912242889404,102,8,29,0.017896896228194237,0.5190311418685121,0.3,120,139,wall,both,1,1,1,1,1,1,0.0,5,5,0,alpha,full,huber,-5.13836373150007,0.41996621739269857,1.8721406138791945,-5.122406195087968,0.41875486272146506,1.901973242661245,-5.139671359291754,0.3875522133267103,1.884324390851253,86.81737377931589,0.017896896228194237,107,0.7119869589805603,1.0,1.0,disabled,single,3,row_7,row_8,-0.3259409964084625,-0.3572501242160797,0.4918343930320382,0.4766740540601213,0.8110895668095045,0.03130912780761719,0.38367222227208075,0,63,0,disabled,0,0.0,50.0,alpha
1068,0.1874149590730667,-0.014514200389385223,-20.139083862304688,-0.19280879199504852,0.9314687252044678,0.0005518198013305664,97,2,23,0.023002315312623978,0.551470588235294,0.3,120,122,wall,both,1,1,1,1,1,1,0.0,3,3,0,alpha,full,huber,-5.016663796969285,1.218432794565358,1.8063784640393052,-5.139972387090727,1.0297149838172122,1.857332456199816,-5.221053371246461,0.9912381457511068,1.872960773481056,86.88891033391448,0.023002317175269127,127,0.4340345561504364,1.0,1.0,disabled,single,3,row_7,row_8,-0.19280879199504852,-0.5388609170913696,0.5581263281705032,0.3948607638717493,0.8361299576050415,0.3460521250963211,0.3903611556583668,0,63,0,disabled,0,0.0,50.0,alpha
1072,0.5309922099113464,-0.11650940030813217,-25.700698852539062,-0.30416226387023926,1.1699063777923584,0.001636505126953125,108,0,12,0.02339627593755722,0.5555555555555556,0.3,120,120,wall,both,1,1,1,1,1,1,0.0,4,4,0,alpha,full,huber,-5.243739016098009,0.4424787477000365,1.7333003962168725,-5.1965758167337555,0.9996036828683369,1.8490113290499637,-5.207590716264473,0.9958391911655834,1.8609860512655096,79.05196073776561,0.02339627593755722,92,0.947780191898346,1.0,1.0,disabled,single,3,row_8,row_7,-0.30416226387023926,-0.3811292052268982,0.502161888845396,0.4649619685076393,0.8142455524126956,0.07696694135665894,0.38467045966833047,1,64,0,disabled,0,0.0,50.0,alpha
1076,0.6049927473068237,-0.15124638378620148,-36.9885139465332,-0.18483522534370422,0.9117420315742493,0.0051381587982177734,98,0,22,0.023500915616750717,0.5555555555555556,0.3,120,120,wall,both,1,1,1,1,1,1,0.0,4,4,0,alpha,full,huber,-5.712828766875225,1.683114740333501,1.7746509207323644,-5.407590588457822,1.4824488182012878,1.9101286652396623,-5.388718263317845,1.5016626718034423,1.8906323974111485,69.32305367519444,0.023500915616750717,80,1.0737177729606628,1.0,1.0,disabled,single,3,row_8,row_7,-0.18483522534370422,-0.5504611134529114,0.5598500274504,0.38840284123855146,0.8453219138407497,0.36562588810920715,0.39525111390052314,0,64,0,disabled,0,0.0,50.0,alpha
1080,0.6753313541412354,-0.18845969438552856,-28.61886978149414,-0.2948720455169678,1.1495598554611206,0.017203867435455322,88,14,37,0.041574571281671524,0.5190311418685121,0.3,120,139,wall,both,1,1,1,1,1,1,0.0,3,3,0,alpha,full,huber,-5.270033625731763,1.5236836905011322,1.8590505403415847,-5.461769497165168,1.7325309952098253,1.884813168335318,-5.479306079837922,1.780839823857605,1.8910757618398115,59.688853652945454,0.041574571281671524,80,1.0298595428466797,1.0,1.0,disabled,single,3,row_7,row_8,-0.2948720455169678,-0.39780092239379883,0.5075999745893899,0.457952198648003,0.8178712879408416,0.10292887687683105,0.3831895476852415,1,65,0,disabled,0,0.0,50.0,alpha
1084,1.723388910293579,-1.2273014783859253,-25.032167434692383,-0.25139015913009644,1.0632261037826538,0.006623983383178711,108,10,27,0.05380791425704956,0.5084745762711864,0.3,120,145,wall,both,1,1,1,1,1,1,0.0,5,5,0,alpha,full,huber,-5.235681125442509,1.9876601124265445,1.8807879094175775,-5.490349555233437,2.234706285662523,1.8165495060089831,-5.572543561036689,2.293245052367251,1.850408369813339,55.67429704775475,0.05380791425704956,80,2.218595027923584,1.0,1.0,disabled,single,3,row_7,row_8,-0.25139015913009644,-0.45276013016700745,0.5277115477187724,0.43146217711205315,0.8305725630009781,0.201369971036911,0.38781529656677005,0,65,0,disabled,0,0.0,50.0,alpha
1088,1.1033333539962769,-0.5030349493026733,-32.90114974975586,-0.23311659693717957,1.024219036102295,5.930662155151367e-05,118,20,8,0.024781428277492523,0.5067567567567568,0.3,120,146,wall,both,1,1,1,1,1,1,0.0,3,3,0,alpha,full,huber,-5.861145978347793,2.8928356369125403,1.7411765760139009,-5.926853788471591,3.211871169604574,1.899011302340256,-5.9203758470658165,3.331207526620906,1.8815618141077222,67.15954702971224,0.024781428277492523,80,1.6455156207084656,1.0,1.0,disabled,single,3,row_8,row_7,-0.23311659693717957,-0.5049328207969666,0.5436360369617922,0.41424755306282685,0.8298016557013239,0.271816223859787,0.3763587088052335,1,66,0,disabled,0,0.0,50.0,alpha
1092,0.20357440412044525,-0.017125016078352928,-34.84938049316406,-0.24274834990501404,1.04307222366333,0.015420913696289062,96,26,32,0.02328186295926571,0.49342105263157904,0.3,120,154,wall,both,1,1,1,1,1,1,0.0,4,4,0,alpha,full,huber,-6.019904234975096,3.863593254788475,1.9279141002478042,-6.070937340863062,3.958439654619638,1.9085231214745537,-6.110534611898167,4.010429863870919,1.901547968958396,64.6045821422966,0.02328186295926571,83,0.5798617601394653,1.0,1.0,disabled,single,3,row_8,row_7,-0.24274834990501404,-0.4942937195301056,0.5398877732429987,0.4198157485129922,0.8265699744061998,0.25154536962509155,0.37364563844567467,0,66,0,disabled,0,0.0,50.0,alpha
1096,0.9687599539756775,-0.387808233499527,-32.13814163208008,-0.25057291984558105,1.055215835571289,0.027704477310180664,112,6,46,0.014535758644342422,0.47770700636942676,0.3,120,164,wall,both,1,1,1,1,1,1,0.0,4,4,0,alpha,full,huber,-6.160733434450914,4.702011115020507,1.5155561907393214,-6.378620501411609,4.5823776358732875,1.9800928813841343,-6.362390477731127,4.629075967258051,1.9510021710211927,119.59435270890047,0.014535758644342422,133,0.9306179881095886,1.0,1.0,disabled,single,3,row_8,row_7,-0.25057291984558105,-0.48899999260902405,0.536518435639074,0.42270471056898845,0.8285199955924499,0.238427072763443,0.37208143486201684,0,66,0,disabled,0,0.0,50.0,alpha
1100,0.6210993528366089,-0.15940678119659424,-32.21809005737305,-0.3269595205783844,1.2129676342010498,0.0012214183807373047,69,10,47,0.016291135922074318,0.5434782608695653,0.3,98,126,wall,both,1,1,1,1,1,1,0.0,4,4,0,alpha,full,huber,-6.049849201059811,5.550546813845255,1.816363644041906,-6.499307692005951,5.69092363521082,1.8644204512434908,-6.632568629170217,5.700701316014075,1.9097395682686908,145.73547660639744,0.016291135922074318,202,1.2578880786895752,1.0,1.0,disabled,single,3,row_7,row_8,-0.3269595205783844,-0.38056597113609314,0.49658364146662853,0.4706644787884451,0.8142795343160928,0.05360645055770874,0.3730438269382469,1,67,0,disabled,0,0.0,50.0,alpha
1104,0.6588689684867859,-0.17938360571861267,-31.7684383392334,-0.22009897232055664,0.9952110648155212,0.00012534856796264648,86,0,60,0.010745183564722538,0.5067567567567568,0.3,120,146,wall,both,1,1,1,1,1,1,0.0,2,2,0,alpha,full,huber,-5.922331653331074,6.026138345348394,1.7827661567149704,-6.349751750118381,6.105665926407459,1.8026476955855837,-6.543661942242851,6.1124629450997485,1.8568459876395549,180.19064092849308,0.010745184496045113,246,1.1268285512924194,1.0,1.0,disabled,single,3,row_7,row_8,-0.22009897232055664,-0.5017297863960266,0.544387381687399,0.41076869823021744,0.8357309487508471,0.28163081407546997,0.3879952145375378,0,67,0,disabled,0,0.0,50.0,alpha
1108,0.9205573201179504,-0.3501759469509125,0.0,-0.09547199308872223,0.6537090539932251,0.011162102222442627,0,0,0,0.015766464173793793,0.5,0.3,0,0,wall,both,1,1,1,1,1,1,0.0,0,0,0,alpha,full,huber,-6.790928829631721,6.102142448858226,1.5644958466466221,-6.604870388130255,6.829190856022759,1.8021256194464577,-6.689012758429442,6.886398775517026,1.8227452803816107,176.5007389429451,0.015766464173793793,224,1.8997048139572144,1.0,1.0,disabled,single,3,row_8,row_7,-0.09547199308872223,-0.7478083372116089,0.6112129180908953,0.3183365094606006,0.8521832382649124,0.6523363441228867,0.3968379126445379,1,68,0,disabled,0,0.0,50.0,alpha
1112,0.6268325448036194,-0.16236324608325958,0.0,-0.10154568403959274,0.6759848594665527,5.352497100830078e-05,0,0,0,0.008803046308457851,0.5,0.3,0,0,wall,both,1,1,1,1,1,1,0.0,0,0,0,alpha,full,huber,-6.807653724873219,6.374131631579167,1.703698713936161,-6.504813368799078,7.067302281213445,1.7742060873001964,-6.622968845842672,7.122893183216339,1.806476284294681,202.71488649467122,0.008803046308457851,250,1.1413080096244812,1.0,1.0,disabled,single,3,row_8,row_7,-0.10154568403959274,-0.7166130542755127,0.6055317715809887,0.3273531845216083,0.8506253904727187,0.61506737023592,0.40010256168108305,0,68,0,disabled,0,0.0,50.0,alpha
1116,0.6644555926322937,-0.18243852257728577,0.0,-0.0021217630710452795,0.06384386122226715,0.017260193824768066,0,0,0,0.011041494086384773,0.5,0.3,0,0,wall,both,1,1,1,1,1,1,0.0,0,0,0,alpha,full,huber,-5.216613347553299,7.389730432601605,1.5356168403880517,-6.333129774261639,7.6016843867075625,1.7343191807415381,-6.523179019716997,7.634504263262974,1.793709641263737,192.59766146408919,0.011041495017707348,250,2.131175398826599,1.0,1.0,disabled,single,3,row_7,row_8,-0.0021217630710452795,-1.3022617101669312,0.664559120882796,0.18108814425800168,0.8694083561575953,1.3001399470958859,0.40650967123718157,1,69,0,disabled,0,0.0,50.0,alpha
1120,0.8114355206489563,-0.2720775306224823,-33.700069427490234,-0.05694526433944702,0.5062147974967957,0.00012236833572387695,85,0,35,0.011857548728585243,0.5555555555555556,0.3,120,120,wall,both,1,1,1,1,1,1,0.0,2,2,0,alpha,full,huber,-5.638609424219456,7.8588843797657795,1.706039138253936,-6.059424870602268,8.128055293785376,1.6762325512031213,-6.322843189188829,8.147393936037314,1.7380715104299327,180.63998668492846,0.011857548728585243,250,1.668945074081421,1.0,1.0,disabled,single,3,row_7,row_8,-0.05694526433944702,-0.9873705506324768,0.6429928716243525,0.2535873530803034,0.8665485543432809,0.9304252862930298,0.3846763765872804,0,69,0,disabled,0,0.0,50.0,alpha
1124,0.44463852047920227,-0.08169563114643097,-30.111188888549805,-0.288191556930542,1.0730605125427246,0.08897411823272705,60,0,49,0.0144248241558671,0.5791505791505792,0.3,109,109,wall,both,1,1,1,1,1,1,0.0,3,3,0,alpha,full,huber,-6.922428293744224,8.003158954329985,2.1825569921027688,-6.218922129008022,8.433720802235307,1.7432037162327099,-6.2986969113156075,8.50037098630487,1.7390967932471728,178.28912433465402,0.01442482229322195,250,1.0201510190963745,1.0,1.0,disabled,single,3,row_8,row_7,-0.288191556930542,-0.7440683245658875,0.5780789261830507,0.3664395767831373,0.8451259704052156,0.45587676763534546,0.25985331221167995,1,70,0,disabled,0,0.0,50.0,alpha
1128,0.24215786159038544,-0.02423158288002014,-41.623680114746094,-1.06515634059906,2.1885621547698975,0.013603270053863525,21,0,33,0.029953395947813988,0.7352941176470589,0.3,54,54,wall,both,1,1,1,1,1,1,0.0,3,3,0,alpha,full,huber,-7.002245257893981,9.301100869041402,1.9226575632089542,-6.735164717027947,9.977924451506215,1.989411431150874,-6.672722665313406,10.101503172457733,1.9621025296581855,114.17011390536807,0.02995339222252369,250,1.1106489896774292,1.0,1.0,disabled,single,3,row_8,row_7,-1.06515634059906,-1.355135440826416,0.5456285420621542,0.4082824923782156,0.8381129001555087,0.28997910022735596,-0.4593394799416618,0,70,0,disabled,0,0.0,50.0,alpha
1132,1.0746898651123047,-0.4772554934024811,-49.923614501953125,-3.541290044784546,3.986022472381592,0.050816357135772705,2,0,128,0.035792406648397446,0.5357142857142857,0.3,120,130,wall,both,1,1,1,1,1,1,0.0,3,3,0,alpha,full,huber,-8.266368744064067,11.145733206756695,-1.7042313798113975,-7.829570133919871,11.346563651389104,-1.8467723257658624,-7.613921612924603,11.52536948963656,-1.9328539240596683,93.88242928982375,0.035792406648397446,250,1.9793205261230469,1.0,1.0,disabled,single,3,row_8,row_7,-3.541290044784546,-4.862347602844238,0.6634892707218512,0.17705406268827018,0.8714850281958183,1.3210575580596924,-3.131047448715741,0,70,1,disabled,0,0.0,50.0,alpha
1136,1.044498085975647,-0.45081663131713867,-37.85639953613281,-0.45517730712890625,1.4251124858856201,0.030736565589904785,40,9,64,0.036514949053525925,0.5703422053231939,0.3,98,113,wall,both,1,1,1,1,1,1,0.0,8,8,0,alpha,full,huber,-9.78511200297228,8.179602837610442,-1.212146242961047,-8.623821487998523,8.817160249644322,-0.8913798412472413,-8.540413676038227,9.056201820353426,-1.004579915556853,125.39100831240792,0.036514949053525925,250,1.551453173160553,1.0,1.0,disabled,single,3,row_9,row_8,-0.45517730712890625,-1.2294347286224365,0.6298395680260986,0.29038502404718386,0.8519588303651315,0.7742574214935303,0.00711283882429703,1,71,0,disabled,0,0.0,50.0,alpha
1140,0.7787715792655945,-0.2506137192249298,-33.707881927490234,-0.16768868267536163,0.8469069004058838,0.045092999935150146,60,0,65,0.029917500913143158,0.5454545454545454,0.3,120,125,wall,both,1,1,1,1,1,1,0.0,2,2,0,alpha,full,huber,-9.32335607187304,7.12923713730303,-1.159273520640447,-8.235465693058734,7.828328959895018,-0.8807761204317394,-8.124130243515514,7.989831673369622,-0.9037656778042056,121.46822875304227,0.029917500913143158,191,2.1124329566955566,1.0,1.0,disabled,single,3,row_9,row_8,-0.16768868267536163,-0.6309393048286438,0.5788804613037734,0.36425179643741157,0.8473532257070833,0.46325062215328217,0.3789705972100069,0,71,0,disabled,0,0.0,50.0,alpha
1144,0.7137202024459839,-0.21049444377422333,-37.09111404418945,-0.2530691623687744,1.0398019552230835,0.05601125955581665,83,25,41,0.01598353311419487,0.5016722408026756,0.3,120,149,wall,both,1,1,1,1,1,1,0.0,7,7,0,alpha,full,huber,-8.996555597838364,6.278725794691665,-1.1244434049850778,-8.104710004741355,6.943084076070861,-0.9811646317696394,-7.878118017019288,7.115261699925526,-0.9413044877975283,149.85824120419977,0.01598353311419487,213,1.4688773155212402,1.0,1.0,disabled,single,3,row_9,row_8,-0.25022831559181213,-0.505911648273468,0.5389362511757994,0.41734530923553853,0.8346793979508558,0.2556833326816559,0.3679296718771742,0,71,0,disabled,0,0.0,50.0,alpha
1148,3.150400400161743,-4.091902256011963,-35.7671012878418,-0.3374905288219452,0.30701932311058044,0.2784837484359741,88,30,47,0.009917713701725006,0.47619047619047616,0.3,120,165,wall,both,1,1,1,1,1,1,0.0,7,7,0,alpha,full,huber,-7.765529325250524,6.129386259466525,-0.6627381591246073,-8.22153114007656,6.163452502877809,-1.0777603776978486,-7.903834211451338,6.367747969757786,-1.0181933461408201,184.5865419661719,0.009917713701725006,250,3.2316006422042847,0.9283325299606608,1.0,disabled,single,3,row_8,row_9,-0.295146644115448,-1.3668960332870483,0.6530507857480189,0.22361045774098035,0.8713259495941632,1.0717493891716003,0.13095373564654883,1,72,0,disabled,0,0.0,50.0,alpha
1152,0.2233319878578186,-0.020610405132174492,-34.22145462036133,-0.33029720187187195,1.219153642654419,0.00031238794326782227,96,21,38,0.012083255685865879,0.49180327868852464,0.3,120,155,wall,both,1,1,1,1,1,1,0.0,7,7,0,alpha,full,huber,-8.493161336121299,4.427518632961412,-1.388289353869424,-8.192817735164322,4.776864039618731,-1.1771112747672723,-7.778156080439981,5.031236617757173,-1.0818297711346685,161.58665170267028,0.012083256617188454,250,1.05687814950943,1.0,1.0,disabled,single,3,row_9,row_8,-0.33029720187187195,-0.3689791262149811,0.49476520848803873,0.47599216756967944,0.804795722062613,0.03868192434310913,0.37337475335666304,1,73,0,disabled,0,0.0,50.0,alpha
1156,0.4263777434825897,-0.075123131275177,-32.86857986450195,-0.2998627722263336,1.1616291999816895,1.1920928955078125e-07,111,27,42,0.015241928398609161,0.45454545454545453,0.3,120,180,wall,both,1,1,1,1,1,1,0.0,11,11,0,alpha,full,huber,-8.444370123924404,3.7535956512380166,-1.412832198090361,-8.184619499603963,4.238583678897774,-1.2215493582485604,-7.9052911123829475,4.414058104830655,-1.1632570813888896,183.00796548133158,0.015241926535964012,250,0.7634273171424866,1.0,1.0,disabled,single,3,row_9,row_8,-0.2998627722263336,-0.41204214096069336,0.5102288268033855,0.456085337827617,0.8156100918615253,0.11217936873435974,0.3730332016575696,0,73,0,disabled,0,0.0,50.0,alpha
1160,0.6122632026672363,-0.15490339696407318,-28.726093292236328,-0.2747252881526947,1.111873984336853,6.854534149169922e-06,113,14,29,0.019363781437277794,0.49019607843137253,0.3,120,156,wall,both,1,1,1,1,1,1,0.0,5,5,0,alpha,full,huber,-8.417742825231601,3.3005084026851645,-1.3827375496424428,-8.240566729164073,3.688124942425148,-1.369785639355596,-7.996932417375043,3.799927110086223,-1.2676794526993738,141.92715899334263,0.019363781437277794,218,1.042294979095459,1.0,1.0,disabled,single,3,row_9,row_8,-0.2747252881526947,-0.4461924731731415,0.5225919264879819,0.4402460253658666,0.8226804741686669,0.17146718502044678,0.37422908660320875,0,73,0,disabled,0,0.0,50.0,alpha
1164,0.0325658954679966,-0.00043823866872116923,-22.81627655029297,-0.26239436864852905,1.08663010597229,0.0007263422012329102,102,0,27,0.017276594415307045,0.5376344086021506,0.3,120,129,wall,both,1,1,1,1,1,1,0.0,6,6,0,alpha,full,huber,-8.359543530586384,2.868286111877008,-1.3409190227938126,-8.214339788334687,2.95628431761274,-1.3505861068130853,-8.029155929391667,3.0566294586836236,-1.286895438619367,108.3853658591657,0.017276594415307045,169,0.4022015333175659,1.0,1.0,disabled,single,3,row_9,row_8,-0.26239436864852905,-0.4593145251274109,0.5279193989065291,0.4335570808681087,0.8250298309938064,0.19692015647888184,0.37641729186621053,0,73,0,disabled,0,0.0,50.0,alpha
1168,0.9113801121711731,-0.343228816986084,-24.173851013183594,-0.2934880554676056,1.149189829826355,0.00179290771484375,114,4,30,0.03248484432697296,0.5033557046979865,0.3,120,148,wall,both,1,1,1,1,1,1,0.0,7,7,0,alpha,full,huber,-8.14919492135601,2.1150254785830715,-1.3260823995088422,-8.08967061294402,1.9084960645263205,-1.4088011566112653,-7.923264539783255,1.9481759786834913,-1.3414702140592194,63.6147208162811,0.03248484805226326,80,1.239974856376648,1.0,1.0,disabled,single,3,row_9,row_8,-0.2934880554676056,-0.4150165617465973,0.5114554542559415,0.452927463014891,0.8204377899063542,0.1215285062789917,0.37700673036895216,0,73,0,disabled,0,0.0,50.0,alpha
1172,0.75621098279953,-0.23630374670028687,-28.46039390563965,-0.28927668929100037,1.1409404277801514,9.238719940185547e-06,94,10,28,0.03174272179603577,0.5319148936170213,0.3,120,132,wall,both,1,1,1,1,1,1,0.0,2,2,0,alpha,full,huber,-7.82192682922199,1.7272532507932696,-1.3176273270183254,-7.9686676745273655,1.4056326590154007,-1.3748790913775877,-7.885205066201534,1.3797583713891357,-1.3571530222964419,61.80514678683232,0.03174272179603577,80,1.2115406394004822,1.0,1.0,disabled,single,3,row_8,row_9,-0.28927668929100037,-0.4020685851573944,0.5095821418879848,0.45522835145558066,0.8195663185988925,0.11279189586639404,0.38488752943814175,1,74,0,disabled,0,0.0,50.0,alpha
1176,0.9264729619026184,-0.3546909689903259,-25.484146118164062,-0.1630183905363083,0.8540586829185486,0.015061259269714355,117,17,19,0.02626209147274494,0.49504950495049505,0.3,120,153,wall,both,1,1,1,1,1,1,0.0,4,4,0,alpha,full,huber,-8.13375960036625,0.48046102191227663,-1.2209876275555047,-8.083378726512048,0.9948136178391629,-1.438049128661005,-7.9633000799848235,1.0256101075277666,-1.3922782673294871,77.87120081382128,0.02626209333539009,102,1.425637125968933,1.0,1.0,disabled,single,3,row_9,row_8,-0.1630183905363083,-0.5996969938278198,0.5743585885296717,0.3711385031023092,0.8449239434971945,0.43667860329151154,0.3914829684889448,1,75,0,disabled,0,0.0,50.0,alpha
1180,0.6759077310562134,-0.1887815147638321,-25.663223266601562,-0.1125006377696991,0.7104775905609131,0.008959770202636719,105,5,16,0.019626794382929802,0.5434782608695653,0.3,120,126,wall,both,1,1,1,1,1,1,0.0,4,4,0,alpha,full,huber,-8.30647606047697,0.6315911952045743,-1.2608006755235872,-8.20897660384817,0.5987437148494839,-1.427784513144948,-8.069626550498665,0.6312470887623838,-1.4035697624484604,83.47845358817456,0.019626792520284653,102,0.906648576259613,1.0,1.0,disabled,single,3,row_9,row_8,-0.1125006377696991,-0.704204261302948,0.6003086802827259,0.33220105285931756,0.8543731745541319,0.5917036235332489,0.39781065115126135,0,75,0,disabled,0,0.0,50.0,alpha
1184,0.3819224536418915,-0.06027469411492348,-26.0324764251709,-0.19851531088352203,0.9447042346000671,0.0068138837814331055,104,11,27,0.021638955920934677,0.5136986301369862,0.3,120,142,wall,both,1,1,1,1,1,1,0.0,4,4,0,alpha,full,huber,-8.016190905687914,0.33709964111967883,-1.2779604554375645,-8.024984473578812,0.09094818314504045,-1.3091862061139121,-7.9989615255177196,0.060912910439568,-1.3456472441894338,82.99310778364755,0.021638957783579826,112,0.7825989127159119,1.0,1.0,disabled,single,3,row_9,row_8,-0.19851531088352203,-0.5400376915931702,0.5567183300462099,0.395652792562015,0.8379214606291172,0.34152238070964813,0.38718054719611794,0,75,0,disabled,0,0.0,50.0,alpha
1188,0.7383756041526794,-0.22528865933418274,-20.633073806762695,-0.1905784010887146,0.926053524017334,0.0012274980545043945,111,2,23,0.02946956641972065,0.5244755244755245,0.3,120,136,wall,both,1,1,1,1,1,1,0.0,5,5,0,alpha,full,huber,-7.901605961501514,-0.41359462631333527,-1.3452112889369343,-7.945819705925141,-0.23579114207433907,-1.293982848855937,-7.930670049934612,-0.2728331449317021,-1.3102228982091264,62.55364693183621,0.02946956641972065,80,0.7219188511371613,1.0,1.0,disabled,single,3,row_9,row_8,-0.1905784010887146,-0.5764866471290588,0.5662102117260648,0.38492833034882046,0.8370463115946091,0.38590824604034424,0.3782114698324037,0,75,0,disabled,0,0.0,50.0,alpha
1192,1.3884100914001465,-0.7965630888938904,-28.66367530822754,-0.1252836138010025,0.7507063150405884,0.0034317374229431152,111,14,14,0.031032389029860497,0.5190311418685121,0.3,120,139,wall,both,1,1,1,1,1,1,0.0,2,2,0,alpha,full,huber,-8.058625707463912,-0.532104035215128,-1.3118948710244474,-7.855941095357605,-0.7066283592143046,-1.3132569176212168,-7.818287982985383,-0.7787558953509499,-1.308705986541338,58.64607610571369,0.031032385304570198,80,1.7495092749595642,1.0,1.0,disabled,single,3,row_9,row_8,-0.1252836138010025,-0.7118051648139954,0.6019955983075698,0.3348653740301882,0.8462837952097269,0.5865215510129929,0.3822215316804901,0,75,0,disabled,0,0.0,50.0,alpha
1196,0.7964417934417725,-0.2621155083179474,-29.626070022583008,-0.1388273537158966,0.7903347015380859,0.0022642016410827637,93,0,27,0.06338149309158325,0.5555555555555556,0.3,120,120,wall,both,1,1,1,1,1,1,0.0,4,4,0,alpha,full,huber,-7.731922378301721,-2.084748807025825,-1.4826039531753052,-7.770887174507916,-1.4850799453141141,-1.3695904781106722,-7.7163499763653896,-1.4500465531478905,-1.3377309009358744,44.87310703249781,0.06338149309158325,80,1.6448933482170105,1.0,1.0,disabled,single,3,row_9,row_8,-0.1388273537158966,-0.6873651146888733,0.596018078183368,0.34437570880974744,0.8436313322635022,0.5485377609729767,0.3786569261384828,0,75,0,disabled,0,0.0,50.0,alpha
1200,0.509412944316864,-0.10723204910755157,-40.136592864990234,-0.03135381266474724,0.36849308013916016,0.016994953155517578,97,5,36,0.02382553368806839,0.5208333333333334,0.3,120,138,wall,both,1,1,1,1,1,1,0.0,4,4,0,alpha,full,huber,-8.16191891662013,-2.0708007599754157,-1.5711734690352448,-7.861481106901104,-1.9971744513273766,-1.4573490283316002,-7.738906204092455,-1.9922091778784372,-1.3961927972878807,64.119594742986,0.02382553368806839,80,1.0565516352653503,1.0,1.0,disabled,single,3,row_9,row_8,-0.030890241265296936,-1.056387186050415,0.658486907597883,0.23614539457648176,0.8530621176643831,1.025496944785118,0.3869203988907881,0,75,0,disabled,0,0.0,50.0,alpha
1204,0.5129337310791016,-0.10871943086385727,-22.26205825805664,-0.2066878229379654,0.9644024968147278,0.0011186599731445312,115,6,17,0.0317595899105072,0.5208333333333334,0.3,120,138,wall,both,1,1,1,1,1,1,0.0,7,7,0,alpha,full,huber,-7.479301259048266,-2.572276692791192,-1.3679927357138748,-7.688572796552303,-2.931646169092641,-1.4074450841475648,-7.630225680694231,-2.96806760561502,-1.4026734318784584,62.88553248781314,0.0317595899105072,80,0.9710274934768677,1.0,1.0,disabled,single,3,row_9,row_8,-0.2066878229379654,-0.5642765164375305,0.5604883642416526,0.39198351651221885,0.8363906844302557,0.3575886934995651,0.37225897335198566,0,75,0,disabled,0,0.0,50.0,alpha
1208,0.08532138913869858,-0.003008156782016158,-30.310781478881836,-0.18071016669273376,0.9017353057861328,0.001940906047821045,96,35,31,0.01876957342028618,0.4807692307692307,0.3,120,162,wall,both,1,1,1,1,1,1,0.0,3,3,0,alpha,full,huber,-7.108261842968616,-4.763525078956873,-1.3989716336079443,-7.0455864856669415,-4.736161644046216,-1.3194746576036607,-7.166969886951565,-4.775424110698042,-1.348388245949225,80.2799445522089,0.01876957342028618,112,0.6710314452648163,1.0,1.0,disabled,single,3,row_9,row_8,-0.18071016669273376,-0.582663357257843,0.5682964641834567,0.38019718878166725,0.8415970807795348,0.40195319056510925,0.3844018857486763,0,75,0,disabled,0,0.0,50.0,alpha
1212,0.6106581091880798,-0.15409228205680847,-27.546518325805664,-0.19947774708271027,0.9474437832832336,8.749961853027344e-05,97,27,32,0.01684028096497059,0.49019607843137253,0.3,120,156,wall,both,1,1,1,1,1,1,0.0,4,4,0,alpha,full,huber,-6.895634797072734,-5.76927911085978,-1.3873443750822263,-6.924014489550032,-5.555780495225054,-1.3670859896787,-6.959328731445355,-5.531906968186638,-1.3598119314647077,119.00767084978128,0.01684028096497059,159,1.0511916875839233,1.0,1.0,disabled,single,3,row_9,row_8,-0.19947774708271027,-0.5565450191497803,0.5597094505455426,0.3916429326980691,0.839017469290489,0.35706727206707,0.3808597211249338,0,75,0,disabled,0,0.0,50.0,alpha
1216,0.507010281085968,-0.10622290521860123,-33.86753845214844,-0.08604639768600464,0.621479868888855,0.007272958755493164,96,20,46,0.023730233311653137,0.4807692307692307,0.3,120,162,wall,both,1,1,1,1,1,1,0.0,2,2,0,alpha,full,huber,-7.287474151509651,-5.413834336167214,-1.5212545023595763,-6.949300953091685,-5.901854531525489,-1.4284843788774535,-6.919996407497036,-5.893274963725217,-1.3950324585739349,94.97778469657224,0.023730233311653137,122,1.2263349294662476,1.0,1.0,disabled,single,3,row_9,row_8,-0.08604639768600464,-0.808330237865448,0.6209245878616445,0.3015469718100914,0.8556510895363207,0.7222838401794434,0.3904992433523857,0,75,0,disabled,0,0.0,50.0,alpha
1220,0.37511321902275085,-0.058144595474004745,-39.569522857666016,-0.10779458284378052,0.6961933970451355,0.004610180854797363,93,46,46,0.01220061257481575,0.44776119402985076,0.3,120,185,wall,both,1,1,1,1,1,1,0.0,3,3,0,alpha,full,huber,-7.096792511418485,-6.082143029880523,-1.4966344143423969,-6.95088611165334,-6.407867637610311,-1.4389376782718646,-6.8908286214862,-6.436199810333942,-1.4040406976276019,139.85185401022264,0.01220061257481575,169,0.788744330406189,1.0,1.0,disabled,single,3,row_9,row_8,-0.10779458284378052,-0.7482367753982544,0.609021500469151,0.3209904523017076,0.852898713101361,0.6404421925544739,0.3881071245046042,0,75,0,disabled,0,0.0,50.0,alpha
1224,0.6084476113319397,-0.15297871828079224,-32.2775764465332,-0.2994149923324585,1.1605380773544312,0.005314826965332031,110,42,29,0.04022955521941185,0.4531722054380664,0.3,120,181,wall,both,1,1,1,1,1,1,0.0,3,3,0,alpha,full,huber,-6.602174447877172,-6.219146008163388,-1.313094496492488,-6.767767019539184,-6.6366602596105935,-1.3255215852753102,-6.793806162342387,-6.720756792551361,-1.357124477301116,99.8579514655753,0.04022955521941185,169,1.2408231496810913,1.0,1.0,disabled,single,3,row_9,row_8,-0.29935938119888306,-0.4172496795654297,0.5108834717405745,0.4540699341632391,0.8190502497036432,0.11789029836654663,0.3722543732311685,0,75,0,disabled,0,0.0,50.0,alpha
1228,0.3136172592639923,-0.040642887353897095,0.0,-0.17635653913021088,0.8899479508399963,0.009324848651885986,0,0,0,0.012681596912443638,0.5,0.3,0,0,wall,both,1,1,1,1,1,1,0.0,0,0,0,alpha,full,huber,-6.842304085998948,-6.435554774657383,-1.279569776451055,-6.546401833368797,-6.955484402478455,-1.2737893225941908,-6.614216712761414,-7.050411133245245,-1.312144147782267,127.59027830282271,0.012681596912443638,153,0.8556252121925354,1.0,1.0,disabled,single,3,row_9,row_8,-0.17635653913021088,-0.598257303237915,0.5717180894708689,0.37493221709008684,0.8438270664293208,0.42190076410770416,0.38275272053829656,0,75,0,disabled,0,0.0,50.0,alpha
1232,0.25479745864868164,-0.026827167719602585,0.0,-0.11924990266561508,0.7320199012756348,0.006480693817138672,0,0,0,0.008764373138546944,0.5,0.3,0,0,wall,both,1,1,1,1,1,1,0.0,0,0,0,alpha,full,huber,-6.767721485876773,-7.8639897963474965,-1.2576480871146034,-6.527965924803974,-7.502345684444416,-1.3390686641726652,-6.514589114675324,-7.496230751015587,-1.3233413511423957,179.5891481460357,0.008764373138546944,218,0.6623127162456512,1.0,1.0,disabled,single,3,row_9,row_8,-0.11924990266561508,-0.7144438028335571,0.599565111870168,0.3306335553901627,0.8584531345971739,0.595193900167942,0.39230079745443347,0,75,0,disabled,0,0.0,50.0,alpha
1236,0.5233252048492432,-0.1131691262125969,0.0,-0.005185551475733519,0.1467178463935852,0.009923815727233887,0,0,0,0.013048798777163029,0.5,0.3,0,0,wall,both,1,1,1,1,1,1,0.0,0,0,0,alpha,full,huber,-7.440831625497772,-7.421886809854035,-1.5572384713151386,-6.5711610448205455,-7.988115120504154,-1.3981711703017943,-6.48516302027146,-8.006406171030466,-1.3496395796884015,189.8763940913604,0.013048798777163029,250,1.8231133818626404,1.0,1.0,disabled,single,3,row_9,row_8,-0.005185551475733519,-1.260831356048584,0.665142735382113,0.1894937140483623,0.8667542353511379,1.2556458045728505,0.4025680702099979,0,75,0,disabled,0,0.0,50.0,alpha
1240,0.07215200364589691,-0.0021512031089514494,0.0,-0.06074416637420654,0.5221856832504272,0.006043553352355957,0,0,0,0.007314790040254593,0.5,0.3,0,0,wall,both,1,1,1,1,1,1,0.0,0,0,0,alpha,full,huber,-6.807756703290546,-8.725896115988675,-1.4815548942921781,-6.711067251919427,-8.712284462263188,-1.461237336714617,-6.532419708585385,-8.737071990530477,-1.4008333821058185,199.2171767919507,0.007314790040254593,250,0.6525472700595856,1.0,1.0,disabled,single,3,row_9,row_8,-0.06074416637420654,-0.8810809254646301,0.6299324709142876,0.2773487849389172,0.8673150629525196,0.8203367590904236,0.4013984879924463,0,75,0,disabled,0,0.0,50.0,alpha
1244,0.248518705368042,-0.025521300733089447,0.0,-0.07026191800832748,0.5607935190200806,0.009590089321136475,0,0,0,0.008536366745829582,0.5,0.3,0,0,wall,both,1,1,1,1,1,1,0.0,0,0,0,alpha,full,huber,-5.243625034207419,-9.154795577717032,-1.165991965355611,-6.341600700041695,-9.94584271952619,-1.3794873485142636,-6.325169901760356,-9.997981090191445,-1.3884627061579415,214.65048606197084,0.008536367677152157,250,1.9851550459861755,1.0,1.0,disabled,single,3,row_8,row_9,-0.07026191800832748,-0.8209312558174133,0.6215900130338005,0.2934218675819456,0.8648440928516108,0.7506693378090858,0.40521262859738033,1,76,0,disabled,0,0.0,50.0,alpha
1248,0.18718084692955017,-0.014477962628006935,0.0,-0.9104034900665283,1.4832708835601807,0.3213503360748291,0,0,0,0.009139901027083397,0.5,0.3,0,0,wall,both,1,1,1,1,1,1,0.0,0,0,0,alpha,full,huber,-5.589166037520551,-10.492529518624258,-2.1294694380409736,-5.8422980418301,-11.164178864058554,-2.257693894730973,-5.947603056201123,-11.24675748248082,-2.297776773008501,196.23183555061485,0.009139901027083397,250,1.4426963329315186,1.0,1.0,disabled,single,3,row_8,row_9,-0.9104034900665283,-1.0559601783752441,0.5167892291079774,0.4467854145584588,0.8217662950708672,0.14555668830871582,-0.25028332182626467,0,76,0,disabled,0,0.0,50.0,alpha
1252,0.9496841430664062,-0.3726859390735626,0.0,-0.8518850803375244,1.4042351245880127,0.31836163997650146,0,0,0,0.00923693086951971,0.5,0.3,0,0,wall,both,1,1,1,1,1,1,0.0,0,0,0,alpha,full,huber,-7.406411538503785,-11.166918729539555,2.684319390943595,-6.773735316846588,-11.756801467856851,3.0006789238199008,-6.641391573375874,-11.796441092356144,3.0679077979232847,195.85797156238212,0.00923693086951971,250,2.1377429962158203,1.0,1.0,disabled,single,3,row_9,row_10,-0.8518850803375244,-1.9621583223342896,0.6869288622962686,0.2263217131446153,0.8063059951078042,1.1102732419967651,-0.4763605398847513,1,77,0,disabled,0,0.0,50.0,alpha
1256,0.24879999458789825,-0.02557910792529583,-38.89567184448242,-0.8201259970664978,1.7825877666473389,0.16711419820785522,61,0,63,0.02844374068081379,0.5474452554744526,0.3,115,124,wall,both,1,1,1,1,1,1,0.0,2,2,0,alpha,full,huber,-8.019489115079143,-11.306147481651813,2.450017345929697,-7.89269126674809,-11.606797664221148,1.9911308762222522,-7.717651071795898,-11.663492330772222,2.060171596932233,153.90819230757165,0.02844374068081379,250,0.6455235183238983,1.0,1.0,disabled,single,3,row_9,row_10,-0.8201259970664978,-1.045028805732727,0.5365890646636625,0.4285167170302777,0.8142601406305083,0.22490280866622925,-0.19760327693357338,0,77,0,disabled,0,0.0,50.0,alpha
1260,1.928850531578064,-1.5373820066452026,-25.034568786621094,-0.24504704773426056,1.050099492073059,0.0003858804702758789,81,7,39,0.017448654398322105,0.5415162454873647,0.3,120,127,wall,both,1,1,1,1,1,1,0.0,7,7,0,alpha,full,huber,-8.53630130152832,-10.083370954463737,1.7598824991623463,-8.49762727458025,-9.858978474172815,1.303555529444161,-8.56050802195131,-9.893914404495824,1.3344682743632,179.02104202479543,0.017448654398322105,250,2.136926054954529,1.0,1.0,disabled,single,3,row_10,row_9,-0.24504704773426056,-0.4992656707763672,0.5515057123278256,0.4277049434565889,0.7719855144918271,0.25421862304210663,0.3500560348059202,1,78,0,disabled,0,0.0,50.0,alpha
1264,0.650917112827301,-0.17507979273796082,-28.28629493713379,-0.20061013102531433,0.9501263499259949,0.0005462169647216797,102,18,27,0.019282037392258644,0.5050505050505051,0.3,120,147,wall,both,1,1,1,1,1,1,0.0,8,8,0,alpha,full,huber,-8.357332848823503,-8.490401286090263,1.8030884791926685,-8.18849707107287,-8.61708037731145,1.3789653529214914,-8.225390742020458,-8.64972918280444,1.3475190151385714,164.95251521408318,0.019282037392258644,250,0.7839973270893097,1.0,1.0,disabled,single,3,row_9,row_10,-0.20061013102531433,-0.5083197951316833,0.549692092093224,0.4040944447595841,0.8371693169545608,0.307709664106369,0.3977868590528376,1,79,0,disabled,0,0.0,50.0,alpha
1268,0.9338623285293579,-0.3603714406490326,-23.223079681396484,-0.27545905113220215,1.1133577823638916,6.252527236938477e-05,125,16,42,0.016644664108753204,0.4504504504504505,0.3,120,183,wall,both,1,1,1,1,1,1,0.0,11,11,0,alpha,full,huber,-8.559491447946804,-8.313931153703868,1.781215123510786,-8.339160295726543,-8.29226298654907,1.4761151959460546,-8.235901287616919,-8.223835423911579,1.4031856688933777,176.45613444984355,0.016644664108753204,250,1.1296098828315735,1.0,1.0,disabled,single,3,row_9,row_10,-0.27545905113220215,-0.40506890416145325,0.5133116250854293,0.4509124804509623,0.8206078491921778,0.1296098530292511,0.39141311079918417,0,79,0,disabled,0,0.0,50.0,alpha
1272,0.7778798937797546,-0.2500401437282562,-29.382421493530273,-0.22136227786540985,0.9977893829345703,0.005455076694488525,117,23,52,0.013612193055450916,0.43859649122807015,0.3,120,192,wall,both,1,1,1,1,1,1,0.0,9,9,0,alpha,full,huber,-8.780339843931658,-8.986884963269935,1.6698475431708886,-8.475863706709362,-8.016193409869029,1.5153133866766804,-8.33417542892061,-7.9104268090650125,1.44124895786325,190.03034256607438,0.013612193986773491,250,1.6618672013282776,1.0,1.0,disabled,single,3,row_10,row_9,-0.22136227786540985,-0.47576022148132324,0.5517410955764076,0.4278107662491505,0.7708909922120614,0.2543979436159134,0.373314094621377,1,80,0,disabled,0,0.0,50.0,alpha
1276,0.33631211519241333,-0.046737950295209885,-20.9755916595459,-0.308824747800827,1.1788057088851929,0.002645134925842285,125,26,28,0.013318993151187897,0.45592705167173253,0.3,120,179,wall,both,1,1,1,1,1,1,0.0,10,10,0,alpha,full,huber,-8.846386365816523,-7.01084559317648,1.798102841295889,-8.693100079186099,-7.442442148642655,1.6769876129348813,-8.50140028660178,-7.421346573696752,1.556643871633396,169.38808661544778,0.013318993151187897,250,0.8284485936164856,1.0,1.0,disabled,single,3,row_9,row_10,-0.308824747800827,-0.38206997513771057,0.5016377497658516,0.4662085274597771,0.812362113867305,0.07324522733688354,0.3810522859905424,1,81,0,disabled,0,0.0,50.0,alpha
1280,0.14038069546222687,-0.008143280632793903,-18.238201141357422,-0.2842998802661896,1.1310832500457764,0.00010025501251220703,96,0,27,0.010311941616237164,0.5494505494505495,0.3,120,123,wall,both,1,1,1,1,1,1,0.0,4,4,0,alpha,full,huber,-8.979988021292664,-5.912715417092479,1.755178294865134,-8.977979765355013,-6.146878114782428,1.7352629069386134,-8.755668753980215,-6.165734500878374,1.6351522325163614,179.84588995906068,0.010311942547559738,250,0.6662893295288086,1.0,1.0,disabled,single,3,row_9,row_10,-0.2842998802661896,-0.4169204831123352,0.5145408279082277,0.4506334699258359,0.8180264576320939,0.13262060284614563,0.3801804920553056,0,81,0,disabled,0,0.0,50.0,alpha
1284,1.1010452508926392,-0.5009506940841675,-29.789583206176758,-0.15147611498832703,0.8251205086708069,0.0066762566566467285,91,0,36,0.022776896134018898,0.5415162454873647,0.3,120,127,wall,both,1,1,1,1,1,1,0.0,11,11,0,alpha,full,huber,-8.56914285847594,-6.496799333406121,1.6254006640728553,-9.0450328505239,-5.7344086875566465,1.7278390193022044,-8.929832015882683,-5.695546470358776,1.6751050684651716,111.01774513739741,0.02277689427137375,143,1.9523476362228394,1.0,1.0,disabled,single,3,row_9,row_10,-0.15147611498832703,-0.6241279244422913,0.5818945771827531,0.362722283782765,0.8431692538875735,0.47265180945396423,0.3899898715312461,0,81,0,disabled,0,0.0,50.0,alpha
1288,0.11322259157896042,-0.005297254305332899,-20.589635848999023,-0.3043743073940277,1.1700998544692993,0.00547558069229126,131,16,25,0.01892276294529438,0.46583850931677023,0.3,120,172,wall,both,1,1,1,1,1,1,0.0,8,8,0,alpha,full,huber,-9.179032761863041,-4.886770501402519,1.7850019893141011,-9.152439360848646,-5.052205448748213,1.7301542993462196,-9.082624238509586,-5.05172361786318,1.6985387676868609,95.7719758603161,0.01892276480793953,133,0.4595164358615875,1.0,1.0,disabled,single,3,row_9,row_10,-0.3043743073940277,-0.4021301567554474,0.5067504009461316,0.45955688290522406,0.8159931647992054,0.09775584936141968,0.37536239504539715,0,81,0,disabled,0,0.0,50.0,alpha
1292,0.669064462184906,-0.1849782019853592,-28.060409545898438,-0.22858422994613647,1.0111149549484253,0.018484413623809814,112,7,26,0.01965610310435295,0.5084745762711864,0.3,120,145,wall,both,1,1,1,1,1,1,0.0,8,8,0,alpha,full,huber,-9.69820564611063,-4.006842720785422,1.6061282010239033,-9.496784860383993,-3.7515083414304633,1.8099164017431224,-9.387954882896612,-3.7328899553681953,1.7447632194980223,74.92841134534558,0.01965610310435295,92,0.997351884841919,1.0,1.0,disabled,single,3,row_10,row_9,-0.22858422994613647,-0.4821713864803314,0.5524104495577822,0.4286771971397733,0.7659902550831009,0.25358715653419495,0.3648797110291978,1,82,0,disabled,0,0.0,50.0,alpha
1296,1.2828720808029175,-0.6800664663314819,-29.981006622314453,-0.28785496950149536,1.1379923820495605,0.004178047180175781,123,43,21,0.029156027361750603,0.44510385756676557,0.3,120,187,wall,both,1,1,1,1,1,1,0.0,8,8,0,alpha,full,huber,-9.616189813024569,-2.51602869297039,1.8177384624535176,-9.912494157484424,-2.3323230340703196,1.8714431961073674,-9.797683282871628,-2.272755409382376,1.8222045526921784,64.66951574122895,0.0291560310870409,80,1.5816740989685059,1.0,1.0,disabled,single,3,row_9,row_10,-0.28785496950149536,-0.4247092604637146,0.5162972174864687,0.4502614038594156,0.814218209203513,0.13685429096221924,0.37321770694431045,1,83,0,disabled,0,0.0,50.0,alpha
1300,1.0454915761947632,-0.4516746401786804,-27.37555694580078,-0.20662237703800201,0.9642617106437683,6.711483001708984e-05,127,35,34,0.03324175253510475,0.43352601156069365,0.3,120,196,wall,both,1,1,1,1,1,1,0.0,7,7,0,alpha,full,huber,-9.639578861972865,-1.4163819950261995,1.7434565962545934,-9.901549397346294,-1.3135750234361026,1.8251980276865807,-9.978395245016635,-1.2640335033707426,1.8363192389521128,58.42796354194997,0.03324175253510475,80,1.4438188672065735,1.0,1.0,disabled,single,3,row_9,row_10,-0.20662237703800201,-0.5416995286941528,0.557377090794626,0.39868230131937565,0.8297294518855789,0.3350771516561508,0.3778908878582038,0,83,0,disabled,0,0.0,50.0,alpha
1304,0.6569222211837769,-0.1783251315355301,-20.79690170288086,-0.08854081481695175,0.6295687556266785,0.010633528232574463,118,0,19,0.03936470299959183,0.5226480836236934,0.3,120,137,wall,both,1,1,1,1,1,1,0.0,4,4,0,alpha,full,huber,-9.56675583549425,0.06489878801751281,1.8927896038035117,-9.938285872902693,-0.22837727813152525,1.7867082364816542,-10.074840774737797,-0.2586502914293622,1.8183582236539628,57.72725199098735,0.03936470299959183,80,1.1278470158576965,1.0,1.0,disabled,single,3,row_9,row_10,-0.08854081481695175,-0.7889666557312012,0.6172941460075513,0.30640869188024,0.8565414308680114,0.7004258409142494,0.39386881803150425,0,83,0,disabled,0,0.0,50.0,alpha
1308,0.6969937682151794,-0.20074394345283508,-20.405872344970703,-0.17578615248203278,0.8890414237976074,0.005916774272918701,145,6,30,0.027514565736055374,0.4531722054380664,0.3,120,181,wall,both,1,1,1,1,1,1,0.0,9,9,0,alpha,full,huber,-10.022649731013516,1.2780586263471891,1.9842363443095064,-10.24761195380099,1.6275973008922957,1.805035264721784,-10.393378582269271,1.6631252893734176,1.8318198227364695,73.78302687966239,0.027514567598700523,97,1.3400784730911255,1.0,1.0,disabled,single,3,row_9,row_10,-0.17578615248203278,-0.5825542211532593,0.5683793833259322,0.3784261931104881,0.8449066883250834,0.4067680686712265,0.3891800023531172,0,83,0,disabled,0,0.0,50.0,alpha
1312,0.48175087571144104,-0.0959024429321289,-23.204708099365234,-0.18109020590782166,0.9022480249404907,0.006820380687713623,108,8,32,0.018285520374774933,0.5033557046979865,0.3,120,148,wall,both,1,1,1,1,1,1,0.0,2,2,0,alpha,full,huber,-10.461429084126271,3.2959383074042723,1.8451672766748688,-10.503565084403373,2.848229628207415,1.8336502044234615,-10.58505626835895,2.8056342547403292,1.8525067401672226,109.72865692227609,0.018285522237420082,148,1.165969431400299,1.0,1.0,disabled,single,3,row_9,row_10,-0.18109020590782166,-0.5813009142875671,0.5687753534162007,0.38118119455155147,0.8384578363100661,0.4002107083797455,0.38317952636762154,0,83,0,disabled,0,0.0,50.0,alpha
1316,0.5351917743682861,-0.11835960298776627,-31.638782501220703,-0.0684785395860672,0.5417240262031555,0.02827906608581543,109,12,30,0.021664461120963097,0.4983388704318937,0.3,120,151,wall,both,1,1,1,1,1,1,0.0,3,3,0,alpha,full,huber,-10.123250471140794,3.4650819284344534,1.9666905239647754,-10.518415675191788,3.557648151165198,1.8060574173513877,-10.62988029937048,3.5007704516042093,1.8343237329173459,77.3346786119709,0.021664459258317947,97,1.069040060043335,1.0,1.0,disabled,single,3,row_9,row_10,-0.0684785395860672,-0.874691367149353,0.633306343994069,0.2828004239872217,0.8543809085130503,0.8062128275632858,0.38832247856388863,0,83,0,disabled,0,0.0,50.0,alpha
1320,0.4344937801361084,-0.07801026850938797,-27.45988655090332,-0.11613291501998901,0.6864070296287537,0.052922725677490234,102,11,23,0.025123251602053642,0.5244755244755245,0.3,120,136,wall,both,1,1,1,1,1,1,0.0,2,2,0,alpha,full,huber,-10.431936268153118,4.486261597980554,2.0550981272833884,-10.618611181306717,4.619855262611654,1.7798469232432377,-10.75699783459401,4.610390501560024,1.8115121211549994,63.35510419462391,0.02512325532734394,83,0.8127263784408569,1.0,1.0,disabled,single,3,row_9,row_10,-0.11393625289201736,-0.7930833101272583,0.6159044202236778,0.3122939002146692,0.8510719880340838,0.6791470572352409,0.3707272365700135,0,83,0,disabled,0,0.0,50.0,alpha
1324,0.17873559892177582,-0.01320099737495184,-25.46243667602539,-0.21056590974330902,0.9462704658508301,0.0532689094543457,87,0,46,0.022401729598641396,0.5300353356890459,0.3,120,133,wall,both,1,1,1,1,1,1,0.0,1,1,0,alpha,full,huber,-10.891200276760975,5.555316362570013,2.080281817572051,-10.843565564946143,5.427379564763127,1.7781660617252244,-10.88807521920201,5.399748598314778,1.799029540792283,67.94193593663856,0.022401731461286545,87,0.6315023303031921,1.0,1.0,disabled,single,3,row_9,row_10,-0.21056590974330902,-0.555665135383606,0.5586537257076516,0.3956106824159034,0.8332107080611906,0.34509922564029694,0.37165954114098243,0,83,0,disabled,0,0.0,50.0,alpha
1328,0.20152848958969116,-0.01678253524005413,-30.725242614746094,-0.09726761281490326,0.6615918874740601,0.00015348196029663086,72,0,65,0.02649848163127899,0.5226480836236934,0.3,120,137,wall,both,1,1,1,1,1,1,0.0,1,1,0,alpha,full,huber,-10.709798450032103,6.292209742723439,1.6983913556020038,-10.800745601426566,6.098562837175821,1.7175793234443362,-10.902999803965091,6.0551302822271955,1.7632260150639176,66.58497122177515,0.02649848163127899,80,0.6731265187263489,1.0,1.0,disabled,single,3,row_9,row_10,-0.09726761281490326,-0.7414441108703613,0.6093470760616924,0.3199649692629012,0.853751005722271,0.6441764980554581,0.3980996493638303,0,83,0,disabled,0,0.0,50.0,alpha
1332,0.1104317158460617,-0.005039323586970568,-26.262130737304688,-0.2957490384578705,1.1532721519470215,0.0067386627197265625,69,0,51,0.04699544236063957,0.5555555555555556,0.3,120,120,wall,both,1,1,1,1,1,1,0.0,2,2,0,alpha,full,huber,-11.1293283144184,5.705965562748024,1.8685711278147252,-11.001368608838067,6.301328844003618,1.7795510922453979,-10.990355682852593,6.361207413668604,1.7728969163107777,61.47521614263255,0.04699544236063957,97,1.0342164039611816,1.0,1.0,disabled,single,3,row_9,row_10,-0.2957490384578705,-0.393442839384079,0.5072588735491169,0.46004654588471483,0.8133199005537057,0.0976938009262085,0.38298476852804497,0,83,0,disabled,0,0.0,50.0,alpha
1336,0.26402148604393005,-0.028804687783122063,-32.31464385986328,-0.20977924764156342,0.8614831566810608,0.1048322319984436,49,0,71,0.022771235555410385,0.5555555555555556,0.3,120,120,wall,both,1,1,1,1,1,1,0.0,2,2,0,alpha,full,huber,-11.715476122091516,6.470075102382698,2.1768900264318205,-11.302948622400564,6.579220113471546,1.9322865180709623,-11.191328939614209,6.622878386493779,1.8548216336776218,78.83153292715429,0.022771235555410385,102,0.8893217444419861,1.0,1.0,disabled,single,3,row_10,row_9,-0.20977924764156342,-0.6581708192825317,0.6005046998148253,0.38351506246682165,0.7399007487359406,0.4483915716409683,0.3002055633485389,1,84,0,disabled,0,0.0,50.0,alpha
1340,0.19892087578773499,-0.016351040452718735,0.0,-0.2935362458229065,1.1102186441421509,0.0693466067314148,0,0,0,0.020616447553038597,0.5,0.3,0,0,wall,both,1,1,1,1,1,1,0.0,0,0,0,alpha,full,huber,-11.667250697228962,6.931501562335065,2.089502942317516,-11.680802060556873,7.168243495838702,1.9899539995162472,-11.550420453330766,7.230728798657279,1.9270944759631092,71.46343735044806,0.020616445690393448,87,0.5216159224510193,1.0,1.0,disabled,single,3,row_10,row_9,-0.2935362458229065,-0.5785869359970093,0.5593929206829862,0.420650126750358,0.7673317643920206,0.2850506901741028,0.2873669076681129,0,84,0,disabled,0,0.0,50.0,alpha
1344,0.3815542757511139,-0.060158539563417435,-37.45966720581055,-0.8983041048049927,1.779420256614685,0.218392014503479,39,0,48,0.03362179175019264,0.6329113924050632,0.3,87,87,wall,both,1,1,1,1,1,1,0.0,3,3,0,alpha,full,huber,-12.315746607981472,8.023009177931828,2.388458067413789,-12.241943094232738,8.32687051483855,2.09037775178779,-12.139784207593706,8.395230045726214,2.0207287439492685,57.708049555346705,0.03362179175019264,80,0.7409403920173645,1.0,1.0,disabled,single,3,row_10,row_9,-0.8983041048049927,-1.6652002334594727,0.6762689623614904,0.3140947655762557,0.6730068059884808,0.76689612865448,-0.5071396960510348,0,84,0,disabled,0,0.0,50.0,alpha
1348,0.8759151697158813,-0.31703612208366394,-38.308807373046875,-1.2901318073272705,1.9886435270309448,0.31744396686553955,32,0,52,0.05818682909011841,0.641025641025641,0.3,84,84,wall,both,1,1,1,1,1,1,0.0,3,3,0,alpha,full,huber,-12.518663913322742,8.247559530093913,2.5344430400001166,-12.486785318699976,8.63783992806149,2.4563028915642233,-12.447965037446764,8.7715994147463,2.4185689210933017,51.41711112815877,0.05818682909011841,97,1.3122862577438354,1.0,1.0,disabled,single,3,row_10,row_9,-1.2901318073272705,-2.2527050971984863,0.7182367750617422,0.27430098670061237,0.6290704204751204,0.9625732898712158,-0.9591758133120676,0,84,0,disabled,0,0.0,50.0,alpha
1352,6.416708946228027,-12.190186500549316,-46.75088119506836,-0.6403603553771973,1.6825674772262573,0.05248093605041504,7,0,59,0.02408711053431034,0.6944444444444444,0.3,66,66,wall,both,1,1,1,1,1,1,0.0,2,2,0,alpha,full,huber,-12.553507985647641,7.941740073983621,2.040313222759461,-12.495774202366132,8.586797679274252,2.6553244503814692,-12.537453562056896,8.72572240469854,2.6433492115938213,98.06207250595473,0.02408711053431034,153,6.988681316375732,0.42926553153460617,1.0,disabled,single,3,row_10,row_9,-0.6403603553771973,-1.6503431797027588,0.7288030863566833,0.2654484756388518,0.6122867690408492,1.0099828243255615,-0.3240086571791022,0,84,0,disabled,0,0.0,50.0,alpha
1356,0.24738626182079315,-0.02528924122452736,-45.09403610229492,-1.705706238746643,2.6231448650360107,0.20801883935928345,9,0,71,0.018504967913031578,0.6521739130434783,0.3,58,80,wall,both,1,1,1,1,1,1,0.0,1,1,0,alpha,full,huber,-12.457448470743914,8.880660449235041,2.371650555010593,-12.66392264114397,8.923023842727355,2.972731216761902,-12.772326159601622,8.924173287539936,3.0035466561626114,128.59254099845654,0.018504967913031578,169,0.8672561645507812,1.0,1.0,disabled,single,3,row_10,row_9,-1.705706238746643,-2.42217755317688,0.6651367816457692,0.32490128306035515,0.6823973173354655,0.7164713144302368,-1.2979436659551211,0,84,1,disabled,0,0.0,50.0,alpha
1360,0.6938212513923645,-0.19892063736915588,0.0,-3.7653634548187256,3.7248663902282715,0.40880006551742554,0,0,0,0.00894611980766058,0.5,0.3,0,0,wall,both,1,1,1,1,1,1,0.0,0,0,0,alpha,full,huber,-12.52675921910181,9.98396404875227,2.6531516807759017,-12.984276184403626,9.167226093938696,-2.784628351611568,-13.139167103195955,9.092622032430342,-2.740548143509456,181.69188180368585,0.00894611980766058,207,2.001887321472168,1.0,1.0,disabled,single,3,row_10,row_9,-3.7653634548187256,-4.3552751541137695,0.6343858657528036,0.3516884474035122,0.7157441340149,0.589911699295044,-3.310265566200335,0,84,1,disabled,0,0.0,50.0,alpha
1364,0.58199143409729,-0.13996447622776031,0.0,-3.0333666801452637,3.6928932666778564,0.02628403902053833,0,0,0,0.007441518362611532,0.5,0.3,0,0,wall,both,1,1,1,1,1,1,0.0,0,0,0,alpha,full,huber,-14.10886864842967,9.607265298002044,-1.6564737528139544,-13.487543168390598,9.157761726132215,-2.2357113626631806,-13.56548261548647,9.028926521268883,-2.1744220347704366,222.92452889428773,0.007441518362611532,250,1.4287871718406677,1.0,1.0,disabled,single,3,row_10,row_9,-3.0333666801452637,-5.338735103607178,0.9088811801845094,0.09063549807588014,0.30813302487490085,2.305368423461914,-2.937825771928146,0,84,1,disabled,0,0.0,50.0,alpha
1368,0.38899970054626465,-0.06252924352884293,0.0,-1.97141695022583,2.976942300796509,0.02236950397491455,0,0,0,0.007054195273667574,0.5,0.3,0,0,wall,both,1,1,1,1,1,1,0.0,0,0,0,alpha,full,huber,-14.677470935922909,8.342254841663637,-1.214779143835002,-14.933957802229457,7.914677803292745,-1.3014807152921823,-14.889535115680896,7.587353367375898,-1.1921988885650943,200.49594418088657,0.0070541962049901485,250,1.3080307841300964,1.0,1.0,disabled,single,3,row_10,row_9,-1.97141695022583,-5.1974945068359375,0.9617201261619813,0.03819275823274808,0.16305558026141162,3.2260775566101074,-1.932385150435756,0,84,1,disabled,0,0.0,50.0,alpha
1372,0.13967005908489227,-0.008061042986810207,0.0,-1.4401949644088745,2.542588472366333,0.02962595224380493,0,0,0,0.006987908389419317,0.5,0.3,0,0,wall,both,1,1,1,1,1,1,0.0,0,0,0,alpha,full,huber,-14.617076187786758,7.7407390184000135,-1.182669435740623,-14.741424889208645,7.722014343690004,-1.2597825942559933,-14.764962554514838,7.553037540096316,-1.2071634975148937,197.79504312506705,0.006987908389419317,250,0.7995936274528503,1.0,1.0,disabled,single,3,row_10,row_9,-1.4401949644088745,-4.743033409118652,0.964451427519545,0.035471197392078,0.15408113996561454,3.302838444709778,-1.4039991562343588,0,84,1,disabled,0,0.0,50.0,alpha
1376,0.1500408947467804,-0.009302590973675251,0.0,-0.9730679392814636,2.0901825428009033,0.023266494274139404,0,0,0,0.0073312390595674515,0.5,0.3,0,0,wall,both,1,1,1,1,1,1,0.0,0,0,0,alpha,full,huber,-14.4396148645387,7.154178409901446,-1.2105559269738821,-14.480712600521095,7.4028020786647994,-1.1321375272390426,-14.56684853822476,7.360630412432649,-1.1345059124186485,200.47745759695792,0.0073312390595674515,250,0.7262830138206482,1.0,1.0,disabled,single,3,row_10,row_9,-0.9730679392814636,-4.220109462738037,0.9624812583644164,0.037430020540476915,0.16060189195860636,3.2470415234565735,-0.9348272544425096,0,84,0,disabled,0,0.0,50.0,alpha
1380,0.31599679589271545,-0.04126197472214699,0.0,-0.37727782130241394,1.2931407690048218,0.03728741407394409,0,0,0,0.009448172524571419,0.5,0.3,0,0,wall,both,1,1,1,1,1,1,0.0,0,0,0,alpha,full,huber,-13.836059399761002,6.401229301650399,-1.1527515368394776,-14.205816437139346,7.074630734656219,-1.0690984246032866,-14.31865559777508,7.096897180383154,-1.0687827351370451,188.51443743932364,0.009448172524571419,250,0.7898222804069519,1.0,1.0,disabled,single,3,row_10,row_9,-0.37727782130241394,-3.1457748413085938,0.9407277188460815,0.059036548884406896,0.2264986680639504,2.76849702000618,-0.3161762870552839,0,84,0,disabled,0,0.0,50.0,alpha
1384,0.1458408534526825,-0.008789071813225746,0.0,-0.727157711982727,1.808924913406372,8.767843246459961e-05,0,0,0,0.00698817940428853,0.5,0.3,0,0,wall,both,1,1,1,1,1,1,0.0,0,0,0,alpha,full,huber,-14.198898110156607,7.004695133437968,-1.4134510197983072,-14.11267894803296,6.913846998004975,-1.1280402472524738,-14.14903832186399,6.893599658354418,-1.085819566290338,206.3490494716019,0.006988179869949818,250,0.49395108222961426,1.0,1.0,disabled,single,3,row_10,row_9,-0.727157711982727,-3.7454071044921875,0.9532590093914065,0.046601711010462954,0.18975421520615873,3.0182493925094604,-0.6792890829303238,0,84,0,disabled,0,0.0,50.0,alpha
1388,0.36513039469718933,-0.055090997368097305,-33.25739288330078,-0.5971485376358032,1.6385302543640137,0.011400341987609863,42,0,78,0.0176684632897377,0.5555555555555556,0.3,120,120,wall,both,1,1,1,1,1,1,0.0,1,1,0,alpha,full,huber,-14.01516662019573,6.994193039209731,-1.2755485571017589,-14.075408656758906,6.783937128419376,-1.217776479836893,-14.054300822403746,6.730351633587252,-1.1569198848391204,125.87031686380092,0.01766846515238285,175,0.6644225120544434,1.0,1.0,disabled,single,3,row_10,row_9,-0.5971485376358032,-3.4183363914489746,0.943616619740169,0.05617838681498315,0.218254117654044,2.8211878538131714,-0.5391132191522221,0,84,0,disabled,0,0.0,50.0,alpha
1392,0.4903576076030731,-0.09935974329710007,-36.22888946533203,-0.4943014085292816,1.4891983270645142,0.019020020961761475,40,0,80,0.02702753059566021,0.5555555555555556,0.3,120,120,wall,both,1,1,1,1,1,1,0.0,1,1,0,alpha,full,huber,-14.031102927379823,6.097151748056087,-1.23134226064845,-14.03669718303028,6.428454125514813,-1.233544733606945,-13.997870361499082,6.457879543224516,-1.1910739921998297,65.55109464787213,0.02702753059566021,87,0.8790434002876282,1.0,1.0,disabled,single,3,row_10,row_9,-0.4943014085292816,-3.530362606048584,0.9540460367748524,0.04581679510924153,0.187359507916245,3.0360611975193024,-0.44725805640853333,0,84,0,disabled,0,0.0,50.0,alpha
1396,0.6659194827079773,-0.1832432895898819,0.0,-0.059200532734394073,0.5076897740364075,0.02170562744140625,0,0,0,0.029035435989499092,0.5,0.3,0,0,wall,both,1,1,1,1,1,1,0.0,0,0,0,alpha,full,huber,-12.856233539432559,4.671381357978944,-1.2442171033861364,-13.209950263619346,4.854191810523096,-1.1361550595885674,-13.283480680437638,4.871666602691578,-1.1784777877332155,58.680831318272986,0.029035435989499092,80,1.2896615266799927,1.0,1.0,disabled,single,3,row_10,row_9,-0.059200532734394073,-2.0523033142089844,0.879205881786344,0.1198110970896786,0.37421276972357875,1.9931027814745903,0.0695356532508363,0,84,0,disabled,0,0.0,50.0,alpha
1400,0.978134274482727,-0.3953498601913452,-29.301511764526367,-0.28943687677383423,1.1412562131881714,9.107589721679688e-05,70,0,50,0.028925471007823944,0.5555555555555556,0.3,120,120,wall,both,1,1,1,1,1,1,0.0,4,4,0,alpha,full,huber,-13.310499076777132,3.470554889031449,-1.3586356717133203,-13.114548391286487,3.7797428576921748,-1.1818639268336417,-13.022132211755395,3.864030684342721,-1.148782290673039,59.23547007219166,0.028925471007823944,80,1.5826323628425598,1.0,1.0,disabled,single,3,row_10,row_9,-0.28943687677383423,-3.0236105918884277,0.9387832805169888,0.060971768116889175,0.2318991926986466,2.7341737151145935,-0.22626625219049237,0,84,0,disabled,0,0.0,50.0,alpha
1404,1.0178841352462769,-0.42813560366630554,-26.260820388793945,-0.25978779792785645,1.081202745437622,0.0015744566917419434,67,0,55,0.028242304921150208,0.551470588235294,0.3,120,122,wall,both,1,1,1,1,1,1,0.0,2,2,0,alpha,full,huber,-13.14508744750495,2.9532001382303457,-1.316008545142284,-13.124807350725959,3.26552115374811,-1.1914269146435037,-13.01307035536532,3.388893689678275,-1.1634733291862007,62.49937020212397,0.028242306783795357,80,1.417187213897705,1.0,1.0,disabled,single,3,row_10,row_9,-0.25978779792785645,-2.8904154300689697,0.9325401708591349,0.06717388776698849,0.24886576664114907,2.6306276321411133,-0.1899447482051443,0,84,0,disabled,0,0.0,50.0,alpha
1408,0.28257930278778076,-0.03299630805850029,-30.01215171813965,-0.3045434355735779,1.1705152988433838,0.004297614097595215,69,15,50,0.06102162227034569,0.528169014084507,0.3,88,134,wall,both,1,1,1,1,1,1,0.0,2,2,0,alpha,full,huber,-13.113620367929302,2.331142203454265,-1.289656645584488,-13.03846623034603,2.6149217308920756,-1.275316193878241,-12.922792765575988,2.7215941154883767,-1.2119527445928489,42.209265135820495,0.061021625995635986,80,0.5093007981777191,1.0,1.0,disabled,single,3,row_10,row_9,-0.3045434355735779,-3.0138700008392334,0.937349069459843,0.062410228926297176,0.2357791589806371,2.7093265652656555,-0.23984390889914334,0,84,0,disabled,0,0.0,50.0,alpha
1412,0.4438146948814392,-0.08139317482709885,-30.02475357055664,-0.1772109866142273,0.8929999470710754,0.00016492605209350586,65,5,55,0.025048114359378815,0.5454545454545454,0.3,120,125,wall,both,1,1,1,1,1,1,0.0,1,1,0,alpha,full,huber,-12.804920010276792,2.1937938274801367,-1.364238454541816,-12.788116693337548,2.137090813923131,-1.1767379628025236,-12.756617427025077,2.1545624285653546,-1.1871899207097818,63.16829049476436,0.025048114359378815,80,0.614076167345047,1.0,1.0,disabled,single,3,row_10,row_9,-0.1772109866142273,-2.577681303024292,0.9164599318143284,0.08310027666992281,0.29007755360208226,2.4004703164100647,-0.08997405525930044,0,84,0,disabled,0,0.0,50.0,alpha
1416,0.5335982441902161,-0.11765582859516144,-25.359651565551758,-0.25510475039482117,1.071399211883545,0.0020217299461364746,74,4,46,0.03133661299943924,0.5474452554744526,0.3,120,124,wall,both,1,1,1,1,1,1,0.0,1,1,0,alpha,full,huber,-12.804643277960956,1.2424473899082924,-1.361125369884528,-12.674503189060982,1.6524608629805342,-1.2200098834925521,-12.634817587842392,1.688523238710638,-1.2062878077880088,61.31717218238936,0.03133661299943924,80,1.1157235503196716,1.0,1.0,disabled,single,3,row_10,row_9,-0.25508826971054077,-2.859009027481079,0.9308290819598695,0.06886547178527795,0.2534501427687462,2.6039207577705383,-0.1834086657164457,0,84,0,disabled,0,0.0,50.0,alpha
1420,0.08095496892929077,-0.0027081435546278954,-24.737749099731445,-0.26494964957237244,1.0917645692825317,0.004197359085083008,73,0,47,0.03338583931326866,0.5555555555555556,0.3,120,120,wall,both,1,1,1,1,1,1,0.0,1,1,0,alpha,full,huber,-12.851977309457984,1.379306653835993,-1.2907454950595103,-12.622687984720432,1.3467104455488088,-1.276790756727133,-12.565724998792744,1.3369307410367526,-1.236459619987037,56.384805287095375,0.03338583931326866,80,0.4073970913887024,1.0,1.0,disabled,single,3,row_10,row_9,-0.26494964957237244,-2.8916549682617188,0.932289177396681,0.06741973128068589,0.24955362264919217,2.6267053186893463,-0.1948374133268247,0,84,0,disabled,0,0.0,50.0,alpha
1424,0.6272872686386108,-0.1625988930463791,-34.67870330810547,-0.1676156222820282,0.868427038192749,0.0023882389068603516,62,21,58,0.0260020662099123,0.5154639175257733,0.3,120,141,wall,both,1,1,1,1,1,1,0.0,1,1,0,alpha,full,huber,-12.317699968898033,-0.1692625848637206,-1.3361889716985627,-12.264626110730019,0.09481377663426088,-1.2419875434364205,-12.218018434301968,0.1295467404662917,-1.2347531186011151,63.38923011220825,0.0260020662099123,80,1.009152203798294,1.0,1.0,disabled,single,3,row_10,row_9,-0.1676156222820282,-2.5372772216796875,0.9140172591215864,0.08547191606789198,0.29627120425348025,2.3696615993976593,-0.07770979764095132,0,84,0,disabled,0,0.0,50.0,alpha
1428,0.3787260055541992,-0.05926999822258949,-30.023988723754883,-0.26586565375328064,1.0933600664138794,0.007226347923278809,77,0,58,0.032966747879981995,0.5263157894736842,0.3,120,135,wall,both,1,1,1,1,1,1,0.0,3,3,0,alpha,full,huber,-12.571429314923547,0.012953000057618735,-1.3326559081146248,-12.233376770179122,-0.28894554182661225,-1.3023302183216279,-12.158902501258435,-0.2940529445567083,-1.2683403116948948,59.29710758815487,0.03296675160527229,80,0.7724392414093018,1.0,1.0,disabled,single,3,row_10,row_9,-0.26586565375328064,-2.876984119415283,0.9312749428157473,0.06840432734497477,0.25236993462079627,2.6111184656620026,-0.1946649283378965,0,84,0,disabled,0,0.0,50.0,alpha
1432,0.6111100316047668,-0.15432044863700867,-32.64219284057617,-0.23235951364040375,1.022528886795044,0.0016891956329345703,76,3,78,0.06900621205568314,0.4885993485342019,0.3,119,157,wall,both,1,1,1,1,1,1,0.0,3,3,0,alpha,full,huber,-12.254869338792895,-1.4809706347752625,-1.3471821605810572,-12.106618473435665,-1.051475670491633,-1.3355172261996553,-12.043242231508692,-0.9891478982964026,-1.298742997300727,51.55384823792241,0.06900621205568314,80,1.1373713612556458,1.0,1.0,disabled,single,3,row_10,row_9,-0.23235951364040375,-2.796015977859497,0.9282007011267787,0.07149242628099409,0.2602487696468634,2.5636564642190933,-0.15785221682680933,0,84,0,disabled,0,0.0,50.0,alpha
1436,0.23168696463108063,-0.022181343287229538,-40.400115966796875,-0.16015231609344482,0.8485312461853027,0.0060852766036987305,51,5,62,0.0323759987950325,0.5597014925373135,0.3,85,118,wall,both,1,1,1,1,1,1,0.0,2,2,0,alpha,full,huber,-11.930393768918384,-2.2796033290857682,-1.2770150669907891,-12.02599878252983,-1.8132024982236752,-1.3851520571342073,-11.955189055925445,-1.72401852957834,-1.3475105253258526,58.983067417562445,0.0323759987950325,80,0.9132118821144104,1.0,1.0,disabled,single,3,row_10,row_9,-0.16015231609344482,-2.5305747985839844,0.9141415818557563,0.08541852353797487,0.29560824990338735,2.3704224824905396,-0.07038250013123654,0,84,0,disabled,0,0.0,50.0,alpha
1440,0.5412316918373108,-0.12104617059230804,-33.650482177734375,-0.34225672483444214,1.2410298585891724,8.440017700195312e-05,59,7,69,0.030917271971702576,0.5263157894736842,0.3,120,135,wall,both,1,1,1,1,1,1,0.0,1,1,0,alpha,full,huber,-12.353338402223873,-2.1515602111354326,-1.3744005388179463,-12.007756734437567,-2.2940951964934815,-1.3838741557318914,-11.93316702260183,-2.2618694546113023,-1.3617686841631105,63.435380828512635,0.030917271971702576,80,1.0285536050796509,1.0,1.0,disabled,single,3,row_10,row_9,-0.34225672483444214,-3.1530282497406006,0.9430788803162592,0.056734268024136045,0.2196656241488791,2.8107715249061584,-0.28365137325494844,0,84,0,disabled,0,0.0,50.0,alpha
1444,0.44553342461586,-0.08202481269836426,-35.7279167175293,-0.2236374020576477,1.0031790733337402,3.5881996154785156e-05,62,0,80,0.03120911680161953,0.5136986301369862,0.3,120,142,wall,both,1,1,1,1,1,1,0.0,2,2,0,alpha,full,huber,-11.836382718095015,-3.5941934902235864,-1.3695554881890326,-11.776349111206258,-3.375968573052065,-1.3707716409810438,-11.755955802379948,-3.3034319236579934,-1.3777455943782961,63.94434218355019,0.03120911680161953,92,0.6248683333396912,1.0,1.0,disabled,single,3,row_10,row_9,-0.2236374020576477,-2.7196998596191406,0.923561451679234,0.07610963617518104,0.2721039737710467,2.496062457561493,-0.1441194626549906,0,84,0,disabled,0,0.0,50.0,alpha
1448,1.360451340675354,-0.7648048996925354,-33.564491271972656,-0.3355214595794678,1.2287547588348389,0.0006730556488037109,56,0,69,0.03178998827934265,0.5454545454545454,0.3,120,125,wall,both,1,1,1,1,1,1,0.0,1,1,0,alpha,full,huber,-11.947357880847226,-4.20311115846546,-1.3413339199993075,-11.724689837245318,-4.31398762432494,-1.3832966234661728,-11.66027055522611,-4.260745890792903,-1.3889252501004323,61.0889480399157,0.03178998827934265,80,1.7743737697601318,1.0,1.0,disabled,single,3,row_10,row_9,-0.3355214595794678,-3.0484495162963867,0.9375901062184402,0.06220185421359261,0.23494187551759832,2.712928056716919,-0.2710790471229789,0,84,0,disabled,0,0.0,50.0,alpha
1452,0.866636335849762,-0.3103547692298889,-38.347129821777344,-0.39273202419281006,1.3293639421463013,0.002159714698791504,41,29,79,0.02977600321173668,0.5016722408026756,0.3,120,149,wall,both,1,1,1,1,1,1,0.0,1,1,0,alpha,full,huber,-11.860378135015265,-5.064623776437573,-1.3416587330274292,-11.614037883104753,-5.179453835749393,-1.3938160706796565,-11.560565240571062,-5.169928915612792,-1.3801378907915014,63.435263131942584,0.02977600321173668,80,1.2615799307823181,1.0,1.0,disabled,single,3,row_10,row_9,-0.39273202419281006,-3.298664093017578,0.9479724114011371,0.05185199089330945,0.20561730871344622,2.905932068824768,-0.3393021451446917,0,84,0,disabled,0,0.0,50.0,alpha
1456,0.728622317314148,-0.21937623620033264,-39.5822868347168,-0.4431988596916199,1.4121886491775513,0.002536594867706299,41,52,79,0.02688029408454895,0.46583850931677023,0.3,120,172,wall,both,1,1,1,1,1,1,0.0,1,1,0,alpha,full,huber,-11.647238226625245,-6.816944895789417,-1.3292547354540334,-11.515116872513339,-6.921951116972954,-1.401492696410801,-11.386339908382865,-6.906736108619153,-1.3716838466778412,63.22863193388078,0.02688029408454895,83,0.9960394501686096,1.0,1.0,disabled,single,3,row_10,row_9,-0.4431988596916199,-3.4025299549102783,0.9505642375415627,0.0492901688975895,0.19784435863663202,2.9593310952186584,-0.3924993232492039,0,84,0,disabled,0,0.0,50.0,alpha
1460,1.6537206172943115,-1.1300793886184692,0.0,-0.8030224442481995,1.863717794418335,0.08735430240631104,0,0,0,0.016424262896180153,0.5,0.3,0,0,wall,both,1,1,1,1,1,1,0.0,0,0,0,alpha,full,huber,-12.004450127224082,-7.391250656480146,-1.8108010544909092,-11.556757086018774,-7.632691431699676,-1.4114447786049003,-11.410796231084278,-7.649311131695028,-1.3867129139021928,84.63939753723747,0.016424264758825302,92,2.309548020362854,1.0,1.0,disabled,single,3,row_10,row_9,-0.8030224442481995,-4.244161605834961,0.9689117546512725,0.031032479372012547,0.13891324987333853,3.4411391615867615,-0.7714407045385044,0,84,0,disabled,0,0.0,50.0,alpha
1464,1.4067128896713257,-0.8177030086517334,-29.051593780517578,-0.6218516826629639,1.6728169918060303,0.0009251832962036133,53,0,67,0.01655706949532032,0.5555555555555556,0.3,120,120,wall,both,1,1,1,1,1,1,0.0,1,1,0,alpha,full,huber,-11.57606358664938,-8.653472873185006,-1.4102645754344236,-11.44544562051352,-9.076807690466019,-1.4594521786467194,-11.3044215193974,-9.108106236702417,-1.414040927605984,110.25466059541111,0.01655707135796547,133,1.935552716255188,1.0,1.0,disabled,single,3,row_10,row_9,-0.6218516826629639,-3.804126262664795,0.9600729200758027,0.03983455134710881,0.16836615375244512,3.182274580001831,-0.5811056436703089,0,84,0,disabled,0,0.0,50.0,alpha
1468,0.025985512882471085,-0.0002790276485029608,0.0,-1.087077021598816,2.211751699447632,0.00023174285888671875,0,0,0,0.00755566218867898,0.5,0.3,0,0,wall,both,1,1,1,1,1,1,0.0,0,0,0,alpha,full,huber,-11.897648528720225,-9.761511350293087,-1.3887755553496914,-11.513945993431225,-9.995097542488583,-1.4910446907005044,-11.355745378502466,-10.000340928615152,-1.4318020834656735,186.95030081437645,0.007555661257356405,229,0.7914535999298096,1.0,1.0,disabled,single,3,row_10,row_9,-1.087077021598816,-4.850549697875977,0.9772936107701159,0.02267616682681236,0.10862311173774472,3.7634726762771606,-1.0641088723059184,0,84,0,disabled,0,0.0,50.0,alpha
1472,0.7739354372024536,-0.24751077592372894,0.0,-0.6260985136032104,1.6784747838974,0.0030017495155334473,0,0,0,0.010092224925756454,0.5,0.3,0,0,wall,both,1,1,1,1,1,1,0.0,0,0,0,alpha,full,huber,-11.403037222049523,-9.519728590710555,-1.289743990414873,-11.460067674567831,-9.89933950540043,-1.4896398897551155,-11.413122641338417,-9.944790145847055,-1.4607209866103943,194.57216768762956,0.010092225857079029,250,1.3473891019821167,1.0,1.0,disabled,single,3,row_10,row_9,-0.6260985136032104,-3.807569742202759,0.9600390797510399,0.0398651601441389,0.1684933739466793,3.1814712285995483,-0.5853172263284038,0,84,0,disabled,0,0.0,50.0,alpha
1476,0.1862282007932663,-0.01433096919208765,0.0,-0.30240797996520996,1.152036190032959,0.042801499366760254,0,0,0,0.012390537187457085,0.5,0.3,0,0,wall,both,1,1,1,1,1,1,0.0,0,0,0,alpha,full,huber,-10.752769224094378,-10.171683722381903,-1.1158575640503101,-11.159476243553726,-10.582418254429651,-1.3967680567446976,-11.235282539916792,-10.64233558437986,-1.4164465825437393,126.24436808417275,0.012390537187457085,169,0.7231197357177734,1.0,1.0,disabled,single,3,row_10,row_9,-0.30240797996520996,-2.9554049968719482,0.9339281251097902,0.06578569835748498,0.24520038342426323,2.6529970169067383,-0.2340521824069089,0,84,0,disabled,0,0.0,50.0,alpha
1480,0.8950352668762207,-0.33102816343307495,0.0,-0.610530436038971,1.6575243473052979,1.1920928955078125e-07,0,0,0,0.013506199233233929,0.5,0.3,0,0,wall,both,1,1,1,1,1,1,0.0,0,0,0,alpha,full,huber,-11.299343079140929,-9.960044002972156,-1.410033175128823,-11.163572420134802,-10.572331102568365,-1.3804894095298152,-11.186774804181002,-10.662110185740652,-1.3968633742458831,168.98953950815036,0.013506199233233929,213,1.7095990180969238,1.0,1.0,disabled,single,3,row_10,row_9,-0.610530436038971,-3.780994415283203,0.9596114263687892,0.04028843516179655,0.16987791554583917,3.170463979244232,-0.569303595380398,0,84,0,disabled,0,0.0,50.0,alpha
1484,0.505873441696167,-0.10574708878993988,0.0,-1.1619844436645508,2.2864339351654053,0.007910490036010742,0,0,0,0.007878958247601986,0.5,0.3,0,0,wall,both,1,1,1,1,1,1,0.0,0,0,0,alpha,full,huber,-11.68377012567881,-11.115677680307899,-1.283626570857689,-11.181978411554269,-11.186496069884466,-1.417045733488769,-11.133718949696792,-11.237462789866655,-1.4007580791711127,185.67382348213314,0.00787895917892456,218,1.1273908615112305,1.0,1.0,disabled,single,3,row_10,row_9,-1.1619844436645508,-5.141750812530518,0.9816300092959616,0.01834667016948323,0.09180458370420229,3.979766368865967,-1.1434436294292085,0,84,0,disabled,0,0.0,50.0,alpha
1488,0.44234558939933777,-0.08085521310567856,0.0,-1.4376088380813599,2.541957139968872,0.020466506481170654,0,0,0,0.008712531067430973,0.5,0.3,0,0,wall,both,1,1,1,1,1,1,0.0,0,0,0,alpha,full,huber,-11.739467242310555,-11.563963112196957,-1.6121571155523113,-11.280397073048542,-11.270867322139747,-1.4868323357327353,-11.212794078017378,-11.265141484793965,-1.443670074299667,187.2580126633564,0.008712531067430973,218,1.1554675698280334,1.0,1.0,disabled,single,3,row_10,row_9,-1.4376088380813599,-5.57634973526001,0.9842903409702829,0.01569245491713649,0.08096983135855149,4.13874089717865,-1.4217744745909262,0,84,1,disabled,0,0.0,50.0,alpha
1492,0.5592946410179138,-0.12926052510738373,0.0,-1.337187647819519,2.4492573738098145,0.03172183036804199,0,0,0,0.01295522227883339,0.5,0.3,0,0,wall,both,1,1,1,1,1,1,0.0,0,0,0,alpha,full,huber,-11.731888049574142,-11.391826585097446,-1.6620423447186095,-11.361716342627629,-11.298305203051695,-1.5230212380045118,-11.294619288980025,-11.28402334985308,-1.483340500744696,112.32253603063913,0.01295522227883339,122,1.0997098088264465,1.0,1.0,disabled,single,3,row_10,row_9,-1.337187647819519,-5.441956996917725,0.9837555549085175,0.016225889717306298,0.08318321965642476,4.104769349098206,-1.3208098152199064,0,84,0,disabled,0,0.0,50.0,alpha
1496,0.5151240825653076,-0.10964992642402649,0.0,-1.3449499607086182,2.454436779022217,0.03905439376831055,0,0,0,0.019359225407242775,0.5,0.3,0,0,wall,both,1,1,1,1,1,1,0.0,0,0,0,alpha,full,huber,-11.73961852743466,-11.38838571720224,-1.6898883926813113,-11.449551809647918,-11.337349120433707,-1.5832991418816893,-11.379832175347367,-11.313352523672425,-1.5333198213131924,73.02503407193143,0.019359225407242775,80,0.9173442721366882,1.0,1.0,disabled,single,3,row_10,row_9,-1.3449499607086182,-5.462510108947754,0.9839588168213016,0.016022979251632694,0.08234519742120769,4.117560148239136,-1.3287787250790002,0,84,0,disabled,0,0.0,50.0,alpha
1500,1.2856628894805908,-0.6830285787582397,0.0,-2.2133543491363525,3.125476598739624,0.10210567712783813,0,0,0,0.02555234357714653,0.5,0.3,0,0,wall,both,1,1,1,1,1,1,0.0,0,0,0,alpha,full,huber,-12.406210291835908,-11.555656935546068,-1.8653249337332334,-11.553784815811506,-11.357025240045568,-1.6160753140304036,-11.475496774476447,-11.337621973887046,-1.5746966403717264,69.44957744133573,0.02555234357714653,80,2.1042054891586304,1.0,1.0,disabled,single,3,row_10,row_9,-2.2133543491363525,-7.159168720245361,0.9929333422128833,0.007062853603716785,0.04207075470534103,4.945814371109009,-2.2062626042653415,0,84,1,disabled,0,0.0,50.0,alpha
1504,0.10101713985204697,-0.004216719884425402,0.0,-1.4159914255142212,2.52113938331604,0.02934575080871582,0,0,0,0.02485773153603077,0.5,0.3,0,0,wall,both,1,1,1,1,1,1,0.0,0,0,0,alpha,full,huber,-11.81115773130945,-11.395793729919443,-1.65235114771823,-11.578541169898324,-11.361039582138229,-1.6439568875071036,-11.532173038407812,-11.350975066507335,-1.6093239226814127,64.56795088063681,0.02485773153603077,80,0.4754292070865631,1.0,1.0,disabled,single,3,row_10,row_9,-1.4159914255142212,-5.608874797821045,0.9851066678060586,0.014877746234394203,0.07755829558159999,4.192883372306824,-1.4009860740298894,0,84,1,disabled,0,0.0,50.0,alpha
1508,1.2292916774749756,-0.6244454383850098,0.0,-0.7919735908508301,1.8863166570663452,0.01760166883468628,0,0,0,0.03598983585834503,0.5,0.3,0,0,wall,both,1,1,1,1,1,1,0.0,0,0,0,alpha,full,huber,-11.344172819634702,-10.88678765162015,-1.5973932960897583,-11.485813386859501,-11.274178982348065,-1.6002156409577595,-11.506675230056242,-11.308737220219736,-1.6047697818195858,61.66814617411837,0.03598983585834503,80,1.7096105217933655,1.0,1.0,disabled,single,3,row_10,row_9,-0.7919735908508301,-4.349858283996582,0.9722383231661346,0.02770786394139372,0.1272631666591317,3.557884693145752,-0.7638192747178837,0,84,0,disabled,0,0.0,50.0,alpha
1512,0.23721209168434143,-0.023251891136169434,0.0,-0.7772423028945923,1.8686938285827637,0.017420470714569092,0,0,0,0.02528330124914646,0.5,0.3,0,0,wall,both,1,1,1,1,1,1,0.0,0,0,0,alpha,full,huber,-11.32286776780396,-10.89337108226276,-1.5964206163491566,-11.438824750645121,-11.207721138740812,-1.5887754916581234,-11.469357466380126,-11.253178375406328,-1.5967726367388544,65.13569908925307,0.02528330124914646,80,0.6479338705539703,1.0,1.0,disabled,single,3,row_10,row_9,-0.7772423028945923,-4.313477039337158,0.9716468032023952,0.02829705203338371,0.12937583640755046,3.536234736442566,-0.748479391146634,0,84,0,disabled,0,0.0,50.0,alpha
1516,0.33851006627082825,-0.04735085368156433,0.0,-1.1335912942886353,2.243560314178467,0.060665786266326904,0,0,0,0.02037680707871914,0.5,0.3,0,0,wall,both,1,1,1,1,1,1,0.0,0,0,0,alpha,full,huber,-11.642387252289048,-11.103469943252943,-1.7596034580201738,-11.473582327486314,-11.18436929020437,-1.5434217526397602,-11.47168113998853,-11.215333378545251,-1.5700971946893072,71.26697606346728,0.02037680894136429,80,0.5919901430606842,1.0,1.0,disabled,single,3,row_10,row_9,-1.1335912942886353,-5.102705478668213,0.9814355523150154,0.018539473556818196,0.09258841690788161,3.9691141843795776,-1.1148523644270145,0,84,0,disabled,0,0.0,50.0,alpha
1520,0.3048590421676636,-0.03840456157922745,0.0,-1.1798020601272583,2.288285970687866,0.06298118829727173,0,0,0,0.021180029958486557,0.5,0.3,0,0,wall,both,1,1,1,1,1,1,0.0,0,0,0,alpha,full,huber,-11.678624349125947,-11.132512989976297,-1.7662928677873224,-11.528952392531593,-11.19439641049746,-1.5529340942742735,-11.503180328887215,-11.203818046118965,-1.5615156444817901,70.8721023362463,0.021180029958486557,80,0.5052073299884796,1.0,1.0,disabled,single,3,row_10,row_9,-1.1798020601272583,-5.197317123413086,0.9822982021528464,0.017679041945722326,0.08912903563332326,4.017515063285828,-1.1619417115818254,0,84,0,disabled,0,0.0,50.0,alpha
1524,0.26558005809783936,-0.029145773500204086,0.0,-1.0107117891311646,2.11664080619812,0.060861408710479736,0,0,0,0.02231266349554062,0.5,0.3,0,0,wall,both,1,1,1,1,1,1,0.0,0,0,0,alpha,full,huber,-11.521547765633045,-11.063291141645465,-1.7601734608818382,-11.508925825342656,-11.123534785284889,-1.5121334983524635,-11.506340351937707,-11.159662252660222,-1.5368245714171267,60.840951257995506,0.02231266349554062,80,0.3790746480226517,1.0,1.0,disabled,single,3,row_10,row_9,-1.0107117891311646,-4.836856842041016,0.978639019237028,0.0213279367459944,0.10353643184306431,3.826145052909851,-0.9891193607178778,0,84,0,disabled,0,0.0,50.0,alpha
1528,0.7980899214744568,-0.26320144534111023,0.0,-1.2971501350402832,2.408930540084839,0.04316902160644531,0,0,0,0.035697370767593384,0.5,0.3,0,0,wall,both,1,1,1,1,1,1,0.0,0,0,0,alpha,full,huber,-11.712195627776016,-11.34289334121805,-1.704392190297985,-11.549375654188868,-11.155596666789823,-1.4885646680602822,-11.530009768175844,-11.157426180431504,-1.5126946197387041,60.415029382839336,0.035697370767593384,80,1.0682725310325623,1.0,1.0,disabled,single,3,row_10,row_9,-1.2971501350402832,-5.378238677978516,0.9833721362548723,0.016608241989684417,0.08475971327382303,4.081088542938232,-1.2803824765435283,0,84,0,disabled,0,0.0,50.0,alpha
1532,0.2799686789512634,-0.03238944709300995,0.0,-1.0133051872253418,2.1059510707855225,0.0824441909790039,0,0,0,0.07793336361646652,0.5,0.3,0,0,wall,both,1,1,1,1,1,1,0.0,0,0,0,alpha,full,huber,-11.40688367512969,-11.270097233290963,-1.8183984769137287,-11.50429679524367,-11.178317842682015,-1.5083944394189126,-11.515867633063149,-11.168916594669284,-1.5105445295788082,37.90006647047964,0.07793335616588593,80,0.47376376390457153,1.0,1.0,disabled,single,3,row_10,row_9,-1.0133051872253418,-4.76851749420166,0.9771017448360856,0.022859767316902452,0.10939811574469212,3.7552123069763184,-0.990140694921194,0,84,0,disabled,0,0.0,50.0,alpha
1536,1.2577879428863525,-0.653731644153595,0.0,-1.3420684337615967,2.4545562267303467,0.028060197830200195,0,0,0,0.07658449560403824,0.5,0.3,0,0,wall,both,1,1,1,1,1,1,0.0,0,0,0,alpha,full,huber,-11.684940338609403,-11.485327153211694,-1.646945998067678,-11.566164237680706,-11.24775145472001,-1.551613203848105,-11.543530765602805,-11.212275767697182,-1.5310788667134565,41.452368616025595,0.07658449560403824,80,1.6248319149017334,1.0,1.0,disabled,single,3,row_10,row_9,-1.3420684337615967,-5.409445285797119,0.9831464267854572,0.016833672839758226,0.08568118084721078,4.0673768520355225,-1.3250712229233095,0,84,0,disabled,0,0.0,50.0,alpha
1540,0.26413407921791077,-0.028829261660575867,0.0,-1.3101922273635864,2.425899028778076,0.024337172508239746,0,0,0,0.021339362487196922,0.5,0.3,0,0,wall,both,1,1,1,1,1,1,0.0,0,0,0,alpha,full,huber,-11.634438992820746,-11.51310593258138,-1.6305639324655197,-11.568592975918712,-11.281991609599542,-1.5732634475690142,-11.557314981276553,-11.250619480743481,-1.552171157141235,72.87787613393908,0.021339362487196922,80,0.5217344760894775,1.0,1.0,disabled,single,3,row_10,row_9,-1.3101922273635864,-5.323921203613281,0.9822330357491084,0.017744925917149372,0.0893859307982735,4.013728976249695,-1.2922655358631476,0,84,0,disabled,0,0.0,50.0,alpha
1544,0.056238897144794464,-0.001306947786360979,0.0,-1.0591965913772583,2.1832051277160645,5.3822994232177734e-05,0,0,0,0.02158454991877079,0.5,0.3,0,0,wall,both,1,1,1,1,1,1,0.0,0,0,0,alpha,full,huber,-11.553690165232537,-11.154299200155826,-1.3991134011723516,-11.530207110099154,-11.230768344547037,-1.5340437222784484,-11.542405652128984,-11.239701355835438,-1.5431074397098414,63.71766700866909,0.02158455178141594,80,0.17063257098197937,1.0,1.0,disabled,single,3,row_10,row_9,-1.0591965913772583,-4.9023895263671875,0.9789945580204045,0.020975039778271583,0.10215588760973808,3.843192934989929,-1.0379673961976226,0,84,0,disabled,0,0.0,50.0,alpha
1548,1.4193345308303833,-0.8324423432350159,0.0,-1.2957626581192017,2.4000368118286133,0.06206631660461426,0,0,0,0.017158184200525284,0.5,0.3,0,0,wall,both,1,1,1,1,1,1,0.0,0,0,0,alpha,full,huber,-11.723345663548178,-11.30148662758993,-1.7636641392051913,-11.550510161613424,-11.22959032946499,-1.5234915848023813,-11.546863132345425,-11.234140291331691,-1.5332995122561113,75.95115263256017,0.017158184200525284,80,1.6147318482398987,1.0,1.0,disabled,single,3,row_10,row_9,-1.2957626581192017,-5.395323753356934,0.9836715213841579,0.01630922545192253,0.08353265425498926,4.099561095237732,-1.2792994007275618,0,84,0,disabled,0,0.0,50.0,alpha
1552,0.3989261984825134,-0.06576120108366013,0.0,-1.3914344310760498,2.501401424407959,0.015558779239654541,0,0,0,0.0256340354681015,0.5,0.3,0,0,wall,both,1,1,1,1,1,1,0.0,0,0,0,alpha,full,huber,-11.70724051467299,-11.538953661551282,-1.5861226324796742,-11.599066419273449,-11.285791309986546,-1.5722435692405388,-11.575574729690043,-11.262553961858998,-1.5527715407483247,69.42223167068698,0.0256340354681015,80,0.7443140149116516,1.0,1.0,disabled,single,3,row_10,row_9,-1.3914344310760498,-5.486654281616211,0.9836022989544393,0.01637902900043462,0.08381235757950223,4.095219850540161,-1.3749007997191471,0,84,1,disabled,0,0.0,50.0,alpha
1556,1.029683232307434,-0.4381188154220581,0.0,-1.0417966842651367,2.1215553283691406,0.10092514753341675,0,0,0,0.0503137931227684,0.5,0.3,0,0,wall,both,1,1,1,1,1,1,0.0,0,0,0,alpha,full,huber,-11.377272669486391,-11.350334185089427,-1.8626359558488854,-11.554664534294048,-11.309910988582669,-1.6191185386173563,-11.564074122222246,-11.288600326557017,-1.5859450396828403,50.893944250367234,0.0503137931227684,80,1.248177409172058,1.0,1.0,disabled,single,3,row_10,row_9,-1.0417966842651367,-4.7947163581848145,0.9770495867013529,0.022911013432841888,0.10959973597639548,3.7529196739196777,-1.0185788100822126,0,84,0,disabled,0,0.0,50.0,alpha
1560,0.8709996342658997,-0.3134877383708954,0.0,-1.3385021686553955,2.452484369277954,0.021613478660583496,0,0,0,0.01992543786764145,0.5,0.3,0,0,wall,both,1,1,1,1,1,1,0.0,0,0,0,alpha,full,huber,-11.659733976559854,-11.522778950869668,-1.6177784899877008,-11.578075563446312,-11.343033814835739,-1.6426855352794423,-11.571774914895482,-11.318538745110313,-1.614315287481141,73.32124967495085,0.01992543786764145,80,1.1713811755180359,1.0,1.0,disabled,single,3,row_10,row_9,-1.3385021686553955,-5.380807876586914,0.9827255440380976,0.017253657859579063,0.08739381448924367,4.0423057079315186,-1.3210767684334286,0,84,0,disabled,0,0.0,50.0,alpha
1564,0.4601789712905884,-0.08750606328248978,0.0,-1.039724349975586,2.1170177459716797,0.10356295108795166,0,0,0,0.048374243080616,0.5,0.3,0,0,wall,both,1,1,1,1,1,1,0.0,0,0,0,alpha,full,huber,-11.354936509527844,-11.377091942299806,-1.8686242219932363,-11.489239041888975,-11.322739122608787,-1.6665983714174173,-11.526380184741903,-11.320848952734474,-1.640456829449279,40.24160545543376,0.048374246805906296,80,0.7317957282066345,1.0,1.0,disabled,single,3,row_10,row_9,-1.039724349975586,-4.774960994720459,0.97664891616204,0.02331018976298798,0.11110936434932756,3.735236644744873,-1.0160963095931765,0,84,0,disabled,0,0.0,50.0,alpha
1568,0.22325536608695984,-0.02059626393020153,0.0,-1.0234988927841187,2.1015851497650146,0.10146236419677734,0,0,0,0.020956536754965782,0.5,0.3,0,0,wall,both,1,1,1,1,1,1,0.0,0,0,0,alpha,full,huber,-11.327596030713904,-11.390691726721684,-1.8638614426134281,-11.442256881059503,-11.32365977056753,-1.714260701620054,-11.480112367716583,-11.322394902542655,-1.6773587655346662,68.12254248959138,0.020956536754965782,80,0.42726413905620575,1.0,1.0,disabled,single,3,row_10,row_9,-1.0234988927841187,-4.728768825531006,0.9759545317120828,0.024002213763032864,0.11370754734785651,3.705269932746887,-0.9991596127693252,0,84,0,disabled,0,0.0,50.0,alpha
