frame_idx,gps_dist,log_gps,log_semantic,log_corridor,corridor_dist,corridor_heading_misalign,correct_hits,incorrect_hits,no_hits,weight,gps_weight_used,corridor_weight_used,num_background_used,num_observations,semantic_model_used,semantic_classes_mode,gps_enabled,semantic_enabled,corridor_enabled,background_enabled,dynamic_gps_enabled,pose_smoothing_enabled,detection_drop_rate,detections_raw,detections_kept,detections_dropped,pose_backend_used,diagnostics_level,gnss_robust_mode,raw_best_x,raw_best_y,raw_best_theta,raw_weighted_x,raw_weighted_y,raw_weighted_theta,smoothed_x,smoothed_y,smoothed_theta,ess,max_weight,particle_count,gnss_innovation,gnss_robust_scale,gnss_row_gate_scale,gnss_row_gate_reason,row_likelihood_mode,row_mixture_top_k,row_hypothesis_id,row_hypothesis_second_id,row_hypothesis_score,row_hypothesis_second_score,row_hypothesis_prob,row_hypothesis_second_prob,row_hypothesis_entropy,row_hypothesis_gap,row_marginal_logscore,row_switch_event,row_switch_count,headland_flag,delayed_correction_status,delayed_correction_applied,delayed_correction_m,semantic_penalty_cap,smoother_status
0,0.0,0.0,-32.51985549926758,-0.06414937227964401,0.49340271949768066,0.04962158203125,86,0,41,0.06046893820166588,0.02,0.3,116,127,wall,both,0,1,1,1,1,1,0.0,4,4,0,alpha,standard,huber,7.64153507579401,9.897670257069832,8.300522833376244,7.64153507579401,9.897670257069832,8.300522833376244,7.64153507579401,9.897670257069832,8.300522833376244,23.542605091093858,0.06046893075108528,100,inf,0.0,1.0,disabled,single,3,row_2,row_1,-0.06414937227964401,-0.8958838582038879,0.6371829525394572,0.2773616743365215,0.8530749132736292,0.8317344859242439,0.38654908272904187,0,0,0,disabled,0,0.0,50.0,alpha
4,0.0,0.0,-34.615928649902344,-1.7454310655593872,2.6619603633880615,0.20453721284866333,103,0,58,0.08507069945335388,0.02,0.3,120,161,wall,both,0,1,1,1,1,1,0.0,3,3,0,alpha,standard,huber,12.93869821536,6.5555384771516145,-0.7560629987053402,12.93869821536,6.5555384771516145,-0.7560629987053402,9.976804018938381,9.267048480643963,0.7048383230224315,25.091841408436867,0.08507069200277328,92,inf,0.0,1.0,disabled,single,3,row_1,row_2,-1.7454310655593872,-6.074400424957275,0.9869798398282048,0.01300950512978385,0.06954526956875194,4.328969359397888,-1.7323254000961512,1,1,1,disabled,0,0.0,50.0,alpha
8,0.0,0.0,-25.1809139251709,-0.2998883128166199,1.1560819149017334,0.026575326919555664,124,0,17,0.020863015204668045,0.02,0.3,120,141,wall,both,0,1,1,1,1,1,0.0,3,3,0,alpha,standard,huber,9.30921552556716,4.482466682204382,-1.2798110096808215,9.341438490450546,5.215988158889084,-1.2599282687472215,10.159579873413593,7.491673859906019,-0.27065934067866193,100.25242068763194,0.020863015204668045,169,inf,0.0,1.0,disabled,single,3,row_2,row_1,-0.29700568318367004,-0.39315423369407654,0.5072753328102971,0.460772932958811,0.8113450418671837,0.0961485505104065,0.38169567687028705,1,2,0,disabled,0,0.0,50.0,alpha
12,0.0,0.0,-21.67702865600586,-0.23767656087875366,1.0341858863830566,0.00046890974044799805,95,2,29,0.019220003858208656,0.02,0.3,115,126,wall,both,0,1,1,1,1,1,0.0,3,3,0,alpha,standard,huber,9.706380136376422,3.6318169664391533,-1.3687696062046053,9.607242537679973,3.6009314519279636,-1.2304075450651204,10.236188390810803,5.246218317428609,-0.7496695317080393,119.11819849357337,0.019220005720853806,175,inf,0.0,1.0,disabled,single,3,row_1,row_2,-0.23767656087875366,-0.4781433343887329,0.5476055521020913,0.4305607628876325,0.7760859483195105,0.24046677350997925,0.3645234857666184,1,3,0,disabled,0,0.0,50.0,alpha
16,0.0,0.0,-20.866193771362305,-0.27571046352386475,1.1138617992401123,0.000701606273651123,108,7,20,0.056522902101278305,0.02,0.3,120,135,wall,both,0,1,1,1,1,1,0.0,6,6,0,alpha,standard,huber,9.717652257389966,3.099563726896188,-1.3619318139340777,9.772428257769278,3.1199601572971956,-1.2442678069834026,10.109127827372909,3.9576039776355287,-0.9964057144392271,49.81057195570025,0.056522902101278305,92,inf,0.0,1.0,disabled,single,3,row_1,row_2,-0.27571046352386475,-0.41116005182266235,0.5205658221350868,0.4546222031043022,0.7899348067393186,0.1354495882987976,0.37712847596516463,0,3,0,disabled,0,0.0,50.0,alpha
20,0.0,0.0,-22.42824935913086,-0.28470999002456665,1.1318987607955933,9.202957153320312e-05,95,9,26,0.04375826567411423,0.02,0.3,104,130,wall,both,0,1,1,1,1,1,0.0,3,3,0,alpha,standard,huber,9.773050494800772,2.6737806569253806,-1.385828855993879,9.99095256959845,2.511131293229989,-1.270682883715912,10.219263371984486,2.891436452376554,-1.1317013737519157,54.989286116115075,0.04375826567411423,80,inf,0.0,1.0,disabled,single,3,row_1,row_2,-0.28470999002456665,-0.387301504611969,0.5122460225028166,0.46229975810134805,0.7927899084415622,0.10259151458740234,0.3842402666265079,0,3,0,disabled,0,0.0,50.0,alpha
24,0.0,0.0,-20.90039825439453,-0.2703734040260315,1.1030279397964478,0.000727534294128418,88,4,32,0.06215581297874451,0.02,0.3,91,124,wall,both,0,1,1,1,1,1,0.0,4,4,0,alpha,standard,huber,9.98985812745149,1.6466413432570204,-1.3498494327096302,10.10544759537145,1.8522342612985945,-1.2911582809965836,10.299349375106866,2.0160809843312317,-1.2048406442609976,46.67775774277277,0.06215581297874451,80,inf,0.0,1.0,disabled,single,3,row_1,row_2,-0.2703734040260315,-0.409121572971344,0.5214359636962873,0.45388247796662784,0.7894360048424782,0.1387481689453125,0.38079540058359007,0,3,0,disabled,0,0.0,50.0,alpha
28,0.0,0.0,-21.843669891357422,-0.2126379907131195,0.9781294465065002,0.002698242664337158,128,1,25,0.021634336560964584,0.02,0.3,120,154,wall,both,0,1,1,1,1,1,0.0,5,5,0,alpha,standard,huber,10.309426778189428,0.6374388963088949,-1.303339144056482,10.326303127813068,1.0613897883436019,-1.2722772830454867,10.439700226921195,1.1634421258581304,-1.2351381678102717,81.89456353289178,0.021634336560964584,107,inf,0.0,1.0,disabled,single,3,row_1,row_2,-0.2126379907131195,-0.4888441264629364,0.5573802058120347,0.4228601319454751,0.7672937061032281,0.2762061357498169,0.37186968549141675,0,3,0,disabled,0,0.0,50.0,alpha
32,0.0,0.0,-21.96889305114746,-0.21445555984973907,0.9822900891304016,0.002915680408477783,117,3,29,0.04448883980512619,0.02,0.3,120,149,wall,both,0,1,1,1,1,1,0.0,5,5,0,alpha,standard,huber,10.250866096006964,0.9139453653548784,-1.3004347879684255,10.446598838697469,0.5014435903938164,-1.2592317062945566,10.534750068096407,0.5377600245808252,-1.2431580986872042,51.531836174189515,0.04448883980512619,80,inf,0.0,1.0,disabled,single,3,row_1,row_2,-0.21445555984973907,-0.48898613452911377,0.5567529486697903,0.42309258309527303,0.7686720714647232,0.2745305746793747,0.3711781167901935,0,3,0,disabled,0,0.0,50.0,alpha
36,0.0,0.0,-25.357376098632812,-0.24142462015151978,1.042236566543579,0.0028929710388183594,82,0,23,0.041678398847579956,0.02,0.3,96,105,wall,both,0,1,1,1,1,1,0.0,4,4,0,alpha,standard,huber,10.599795588106161,-0.958786109403814,-1.3946573053458462,10.669315539003183,-0.42282992298401056,-1.2684956389040627,10.74460126419256,-0.390225905566099,-1.2432006855405466,50.62935753531608,0.041678398847579956,80,inf,0.0,1.0,disabled,single,3,row_1,row_2,-0.24142462015151978,-0.4628215432167053,0.5441402001410547,0.43607315302123206,0.7706704963483789,0.22139692306518555,0.36712372433146057,0,3,0,disabled,0,0.0,50.0,alpha
40,0.0,0.0,-21.909128189086914,-0.2408602088689804,1.0398004055023193,0.012093126773834229,56,0,22,0.03941313177347183,0.02,0.3,78,78,wall,both,0,1,1,1,1,1,0.0,2,2,0,alpha,standard,huber,10.647837986782246,-1.46403455898693,-1.3333085217329048,10.777897392795904,-0.9985610634267926,-1.2528021692516986,10.82911204173078,-0.9196012754648322,-1.244769186234422,47.203211351646324,0.03941313549876213,80,inf,0.0,1.0,disabled,single,3,row_1,row_2,-0.2408602088689804,-0.4606088101863861,0.5430703194853743,0.4359337193906209,0.7746102357762753,0.2197486013174057,0.3696562567491717,0,3,0,disabled,0,0.0,50.0,alpha
44,0.0,0.0,-27.76007652282715,-0.057604461908340454,0.27513909339904785,0.09995782375335693,48,0,28,0.09143876284360886,0.02,0.3,61,76,wall,both,0,1,1,1,1,1,0.0,4,4,0,alpha,standard,huber,11.340083589789257,-0.7574982215681669,-0.8676430848331007,11.076454023935161,-1.4095225313561008,-1.079741696739323,11.016224739628951,-1.3401251950916984,-1.1602987994984708,33.2451148343546,0.09143876284360886,80,inf,0.0,1.0,disabled,single,3,row_1,row_2,-0.057604461908340454,-1.147329568862915,0.7447758677507254,0.25047477516344085,0.5916289575091709,1.0897251069545746,0.23706749261501742,0,3,0,disabled,0,0.0,50.0,alpha
48,0.0,0.0,-22.665714263916016,-0.13534697890281677,0.7802481055259705,0.003864288330078125,73,0,21,0.12293899804353714,0.02,0.3,79,94,wall,both,0,1,1,1,1,1,0.0,3,3,0,alpha,standard,huber,11.17445989300573,-2.7648910428543925,-1.4488462269055178,11.153307127824913,-1.9264357478799377,-1.2358215544230653,11.14967949587001,-1.7959976424695656,-1.1962869158683331,20.942018988640005,0.12293899804353714,80,inf,0.0,1.0,disabled,single,3,row_1,row_2,-0.13534697890281677,-0.6795070171356201,0.6246876787731633,0.362524396471807,0.7175038058699205,0.5441600382328033,0.3351564892044906,0,3,0,disabled,0,0.0,50.0,alpha
52,0.0,0.0,-27.06348991394043,-0.12044031172990799,0.7354102730751038,0.007923483848571777,96,0,15,0.03224433213472366,0.02,0.3,96,111,wall,both,0,1,1,1,1,1,0.0,3,3,0,alpha,standard,huber,11.133532512526578,-2.3575725533817895,-1.4868735202194043,11.09287063406729,-2.494342280876284,-1.3448938265793733,11.190656428029882,-2.363829601433971,-1.2684843229425835,55.98197333932198,0.03224433213472366,80,inf,0.0,1.0,disabled,single,3,row_1,row_2,-0.12044031172990799,-0.7025748491287231,0.6338343460937096,0.35412611230246344,0.7098365050098834,0.5821345373988152,0.33552733071941804,0,3,0,disabled,0,0.0,50.0,alpha
56,0.0,0.0,-24.51091194152832,-0.14316415786743164,0.8022642731666565,0.005766510963439941,79,0,7,0.06726489961147308,0.02,0.3,71,86,wall,both,0,1,1,1,1,1,0.0,3,3,0,alpha,standard,huber,11.126842572813162,-2.647036124051159,-1.4683491716262946,11.084291555668411,-2.7317411718899134,-1.3985980242674443,11.166864339534616,-2.6774723563481135,-1.3322880342559336,41.43695139673752,0.06726489961147308,80,inf,0.0,1.0,disabled,single,3,row_1,row_2,-0.14316415786743164,-0.6588932275772095,0.6177657783869909,0.3688464071254054,0.7231696588916929,0.5157290697097778,0.3384817348692302,0,3,0,disabled,0,0.0,50.0,alpha
60,0.0,0.0,-29.353899002075195,-0.14028272032737732,0.793628990650177,0.008808910846710205,87,0,18,0.03472943976521492,0.02,0.3,105,105,wall,both,0,1,1,1,1,1,0.0,1,1,0,alpha,standard,huber,11.132812591014472,-2.6336173232376607,-1.4937348501064138,11.152599912670672,-3.070340958715815,-1.4278730473183865,11.200288198290643,-3.063287407889975,-1.3830084854114728,57.012057466443494,0.03472943976521492,80,inf,0.0,1.0,disabled,single,3,row_1,row_2,-0.14028272032737732,-0.6652254462242126,0.6200149988754052,0.3667942057802226,0.7213450818867406,0.5249427258968353,0.3377288891737133,0,3,0,disabled,0,0.0,50.0,alpha
64,0.0,0.0,-26.124004364013672,-0.13124707341194153,0.7684898376464844,0.0013840794563293457,83,0,20,0.035144541412591934,0.02,0.3,98,103,wall,both,0,1,1,1,1,1,0.0,2,2,0,alpha,standard,huber,11.242141989556883,-3.0671495503798294,-1.4507380103772722,11.20288045878032,-3.4970066072798334,-1.4127660433941263,11.236387960275849,-3.4843020365335757,-1.4064722833287306,56.94590094872909,0.035144541412591934,80,inf,0.0,1.0,disabled,single,3,row_1,row_2,-0.13124707341194153,-0.6890113353729248,0.6280151051457686,0.3595308391739776,0.714550861302386,0.5577642619609833,0.33394398661137414,0,3,0,disabled,0,0.0,50.0,alpha
68,0.0,0.0,-18.64865493774414,-0.15327712893486023,0.8305044770240784,0.0007143616676330566,94,2,10,0.03857225552201271,0.02,0.3,93,106,wall,both,0,1,1,1,1,1,0.0,2,2,0,alpha,standard,huber,11.324684366751594,-3.901327486451714,-1.4359192989479521,11.343370519149799,-4.57981999584363,-1.4328417651274241,11.374196335067051,-4.563066127492329,-1.4137119267348415,62.52267439904156,0.03857225924730301,80,inf,0.0,1.0,disabled,single,3,row_1,row_2,-0.15327712893486023,-0.6313896179199219,0.6088979837864628,0.3774878000372781,0.7283274924617228,0.47811248898506165,0.34282741067741124,0,3,0,disabled,0,0.0,50.0,alpha
72,0.0,0.0,-20.496047973632812,-0.15506018698215485,0.8353267908096313,2.384185791015625e-05,107,0,23,0.018435826525092125,0.02,0.3,117,130,wall,both,0,1,1,1,1,1,0.0,1,1,0,alpha,standard,huber,11.38466959111225,-4.272880034397011,-1.3884903652893266,11.431793407469772,-5.004164044885943,-1.3733581492650468,11.439906024996612,-5.020528525168067,-1.3926586138917414,104.67127988507515,0.018435826525092125,138,inf,0.0,1.0,disabled,single,3,row_1,row_2,-0.15506018698215485,-0.6233943700790405,0.6066298428380033,0.37977714032344606,0.7293303115607013,0.4683341830968857,0.3447763010581627,0,3,0,disabled,0,0.0,50.0,alpha
76,0.0,0.0,-26.22934341430664,-0.11534292250871658,0.6067220568656921,0.09064978361129761,82,0,38,0.016583379358053207,0.02,0.3,105,120,wall,both,0,1,1,1,1,1,0.0,2,2,0,alpha,standard,huber,11.852198734251271,-5.498842479465438,-0.9525079623283954,11.559511240072307,-5.526416487011639,-1.3421618409053178,11.552417064806498,-5.558301206138003,-1.3681559714625566,96.8883393928014,0.016583379358053207,127,inf,0.0,1.0,disabled,single,3,row_1,row_2,-0.11224168539047241,-0.8220033049583435,0.6641634859578416,0.32660997218382065,0.6804989585764938,0.7097616195678711,0.29698526062894204,0,3,0,disabled,0,0.0,50.0,alpha
80,0.0,0.0,-32.224609375,-0.07743577659130096,0.39155274629592896,0.10307615995407104,84,0,49,0.018917972221970558,0.02,0.3,120,133,wall,both,0,1,1,1,1,1,0.0,1,1,0,alpha,standard,huber,12.176776608397665,-5.995758869083632,-0.8989307231538346,11.704660364480086,-5.913999456849002,-1.2972052663287197,11.68344385570694,-5.984115775753766,-1.3378902645665158,113.62182446536899,0.018917972221970558,159,inf,0.0,1.0,disabled,single,3,row_1,row_2,-0.07743577659130096,-1.019773244857788,0.7152152672169849,0.27873070541734013,0.6267190658927327,0.9423374682664871,0.2577359319794704,0,3,0,disabled,0,0.0,50.0,alpha
84,0.0,0.0,-31.753507614135742,-0.0495564267039299,0.29875051975250244,0.08533495664596558,82,0,50,0.014109529554843903,0.02,0.3,120,132,wall,both,0,1,1,1,1,1,0.0,2,2,0,alpha,standard,huber,12.353075170260366,-6.370303974777989,-0.9408463456970191,11.85272406012811,-6.252271996757969,-1.2459544367584618,11.82051520168595,-6.316952558934091,-1.2919892649733453,148.31670409933798,0.014109529554843903,218,inf,0.0,1.0,disabled,single,3,row_1,row_2,-0.0495564267039299,-1.0935394763946533,0.7359277614153874,0.2590831140710757,0.6020167416747453,1.0439830496907234,0.25706688861721416,0,3,0,disabled,0,0.0,50.0,alpha
88,0.0,0.0,0.0,-1.3382922361415694e-06,0.002451465232297778,2.6226043701171875e-05,0,0,0,0.010099401697516441,0.02,0.3,0,0,wall,both,0,1,1,1,1,1,0.0,0,0,0,alpha,standard,huber,12.620321628506948,-6.1816065763821015,-1.3497237379338418,12.087220478283411,-6.877884530095722,-1.2353181306779462,12.05508872695594,-6.93247500875769,-1.2564802699633997,142.3021891494868,0.010099401697516441,153,inf,0.0,1.0,disabled,single,3,row_1,row_2,-1.3382922361415694e-06,-1.3792940378189087,0.7966550357907669,0.2005631294319594,0.5197064871121692,1.3792926995266725,0.2273321839648425,0,3,0,disabled,0,0.0,50.0,alpha
92,0.0,0.0,0.0,-1.447859764099121,2.5521881580352783,0.009633541107177734,0,0,0,0.007604131940752268,0.02,0.3,0,0,wall,both,0,1,1,1,1,1,0.0,0,0,0,alpha,standard,huber,13.539242899924355,-8.734155439299624,-1.2180464978757317,13.123559234952275,-9.65673699802566,-1.2873096027560544,13.087457493572689,-9.798765873679795,-1.3049667487138532,232.28562897987152,0.007604131009429693,250,inf,0.0,1.0,disabled,single,3,row_1,row_2,-1.447859764099121,-3.3486266136169434,0.8690759326560189,0.12988684538195677,0.39419080935175527,1.9007668495178223,-1.3075349859160228,0,3,1,disabled,0,0.0,50.0,alpha
96,0.0,0.0,0.0,-2.633314609527588,3.4180455207824707,0.09531909227371216,0,0,0,0.006815710570663214,0.02,0.3,0,0,wall,both,0,1,1,1,1,1,0.0,0,0,0,alpha,standard,huber,14.635372955406913,-9.125047353359518,-0.9167981140038632,13.43843554312744,-10.256761983400587,-1.4746801562835232,13.382773083489479,-10.426306933919834,-1.505597955339906,232.21417822720315,0.006815710570663214,250,inf,0.0,1.0,disabled,single,3,row_1,row_2,-2.633314609527588,-5.654026985168457,0.9533905124454168,0.046493485955229646,0.1892197947743239,3.020712375640869,-2.5855839219822236,0,3,1,disabled,0,0.0,50.0,alpha
100,0.0,0.0,0.0,-3.1408424377441406,3.736043691635132,0.0978243350982666,0,0,0,0.00727471150457859,0.02,0.3,0,0,wall,both,0,1,1,1,1,1,0.0,0,0,0,alpha,standard,huber,14.862291503084935,-9.353387711102119,-0.9109546457798592,13.629449705368925,-10.569465741403539,-1.5012365061951884,13.53338314792275,-10.733834505279262,-1.5260086519015263,232.58976584950813,0.007274711970239878,250,inf,0.0,1.0,disabled,single,3,row_1,row_2,-3.1408424377441406,-6.366517543792725,0.9617149487170957,0.03820792632867722,0.16301090916781955,3.225675106048584,-3.101805254414011,0,3,1,disabled,0,0.0,50.0,alpha
104,0.0,0.0,-50.000003814697266,-5.075906753540039,4.69635534286499,0.20684272050857544,0,0,120,0.007368077524006367,0.02,0.3,120,120,wall,both,0,1,1,1,1,1,0.0,3,3,0,alpha,standard,huber,9.704934983056816,-11.430644377364045,2.45062253772816,13.65161436473314,-11.647131536102753,-2.90553146506162,13.624182878192322,-11.8112017476363,-2.91565903708122,233.8865708789034,0.007368077524006367,250,inf,0.0,1.0,disabled,single,3,row_2,row_3,-5.075906753540039,-5.128945827484131,0.49768666264228983,0.4719776409407074,0.807686375116605,0.0530390739440918,-4.378122162077181,1,4,1,disabled,0,0.0,50.0,alpha
108,0.0,0.0,-50.0,-4.246275424957275,4.371094226837158,0.009831368923187256,1,0,123,0.00625742319971323,0.02,0.3,120,124,wall,both,0,1,1,1,1,1,0.0,4,4,0,alpha,standard,huber,9.47074737587046,-11.166695113868814,1.911806634922713,13.125588238912918,-11.667253418977975,2.786974607978168,13.154579293315038,-11.776939046281033,2.823566725767522,237.1695723571228,0.00625742319971323,250,inf,0.0,1.0,disabled,single,3,row_3,row_2,-4.246275424957275,-4.432443618774414,0.525031723984361,0.43584666407272604,0.8270277395934563,0.18616819381713867,-3.6019788333780243,1,5,1,disabled,0,0.0,50.0,alpha
112,0.0,0.0,-50.0,-3.6832354068756104,3.9719314575195312,0.20848041772842407,1,0,130,0.006049326155334711,0.02,0.3,120,131,wall,both,0,1,1,1,1,1,0.0,13,13,0,alpha,standard,huber,9.80195863440697,-10.712375343818602,1.1382971906098192,12.206379741930498,-11.349607887545375,1.8598926473758248,12.336586869037113,-11.444304821982154,1.958914043824933,230.6226070815297,0.006049326155334711,250,inf,0.0,1.0,disabled,single,3,row_2,row_3,-3.6832354068756104,-3.9291951656341553,0.5372797894852288,0.4201279145304687,0.8325357510804163,0.24595975875854492,-3.061999109966813,1,6,1,disabled,0,0.0,50.0,alpha
116,0.0,0.0,-49.68000030517578,-2.5985071659088135,3.3987817764282227,0.0877918004989624,5,1,153,0.10432764887809753,0.02,0.3,120,159,wall,both,0,1,1,1,1,1,0.0,13,13,0,alpha,standard,huber,10.479341910243638,-10.147165500010235,1.373647347994564,11.29935813002973,-10.456445027715878,1.6372863780325067,11.633358835659132,-10.57629027544992,1.7143198086016742,15.422322545302398,0.10432764887809753,250,inf,0.0,1.0,disabled,single,3,row_2,row_3,-2.5985071659088135,-3.7271158695220947,0.663817146538457,0.2147335648139438,0.8583815423026968,1.1286087036132812,-2.1887586167594106,0,6,1,disabled,0,0.0,50.0,alpha
120,0.0,0.0,-48.53912353515625,-1.9389822483062744,2.7895472049713135,0.22668743133544922,5,0,161,0.0763716995716095,0.02,0.3,120,166,wall,both,0,1,1,1,1,1,0.0,10,10,0,alpha,standard,huber,10.42359867789829,-9.540459457390511,1.109055081576681,10.91989255732399,-9.676196817777162,1.4003982178676377,11.207160535166008,-9.84741300946813,1.5181202986261475,16.48108027398448,0.0763716995716095,80,inf,0.0,1.0,disabled,single,3,row_2,row_3,-1.9389822483062744,-3.0981333255767822,0.6629624329575743,0.20800606732429353,0.8633283320733208,1.1591510772705078,-1.5279452956988664,0,6,1,disabled,0,0.0,50.0,alpha
124,0.0,0.0,-41.421329498291016,-1.1824967861175537,2.3066999912261963,0.004491150379180908,36,0,91,0.2562588155269623,0.02,0.3,120,127,wall,both,0,1,1,1,1,1,0.0,7,7,0,alpha,standard,huber,9.740244067453746,-9.021167984936364,1.8906123364154492,10.159667547929438,-9.199036029659782,1.7242763682483369,10.644926893212102,-9.227409695475863,1.6012338089560743,11.380710975110947,0.25625884532928467,80,inf,0.0,1.0,disabled,single,3,row_2,row_3,-1.1824967861175537,-1.700214147567749,0.5895239699042073,0.3512850559610272,0.8463594661359928,0.5177173614501953,-0.6540568877012992,0,6,0,disabled,0,0.0,50.0,alpha
128,0.0,0.0,-42.65724182128906,-0.7001535296440125,1.7745084762573242,0.009928405284881592,26,0,98,0.07141361385583878,0.02,0.3,119,124,wall,both,0,1,1,1,1,1,0.0,7,7,0,alpha,standard,huber,9.788675588980036,-8.487033603570623,1.936832986098242,9.862060412831706,-8.758545635787481,1.788592401443351,10.209000856648464,-8.793835952662057,1.6914170903305932,41.01146925416205,0.07141361385583878,80,inf,0.0,1.0,disabled,single,3,row_2,row_3,-0.7001535296440125,-1.3724433183670044,0.6144561417936433,0.3137033410346279,0.8521077843984344,0.6722897887229919,-0.21313580493800693,0,6,0,disabled,0,0.0,50.0,alpha
132,0.0,0.0,-40.78022384643555,-0.5342236757278442,1.549972653388977,0.00930798053741455,32,1,103,0.0727471187710762,0.02,0.3,120,136,wall,both,0,1,1,1,1,1,0.0,10,10,0,alpha,standard,huber,9.683479112118395,-8.22258076887271,1.9323486622973505,9.661439310443626,-8.255601496501457,1.8433745908647288,9.883143014946315,-8.294035368167215,1.7634069307421383,30.724271076990533,0.0727471262216568,80,inf,0.0,1.0,disabled,single,3,row_2,row_3,-0.5342236757278442,-1.1380984783172607,0.6037951263685121,0.3300882830419232,0.8500900126475527,0.6038748025894165,-0.029703342386850684,0,6,0,disabled,0,0.0,50.0,alpha
136,0.0,0.0,-45.517887115478516,-0.19267027080059052,0.9078320264816284,0.04830467700958252,20,16,111,0.03465809300541878,0.02,0.3,120,147,wall,both,0,1,1,1,1,1,0.0,8,8,0,alpha,standard,huber,9.538862314480593,-7.385484523085109,2.1078875940972406,9.48061188044596,-7.780327274522259,1.8681010724228608,9.628265435903245,-7.839800609967725,1.8131809317605576,56.23624349000017,0.03465809300541878,80,inf,0.0,1.0,disabled,single,3,row_2,row_3,-0.19267027080059052,-0.7942084074020386,0.603455855222617,0.3306745811725644,0.8498966075004892,0.6015381366014481,0.31241211825209825,0,6,0,disabled,0,0.0,50.0,alpha
140,0.0,0.0,-41.4567985534668,-0.1397222876548767,0.7862108945846558,0.02404886484146118,32,6,105,0.09303997457027435,0.02,0.3,108,143,wall,both,0,1,1,1,1,1,0.0,13,13,0,alpha,standard,huber,9.428240825159076,-6.92537215148219,2.015555919659487,9.356958047228323,-7.247190605402205,1.938807981875541,9.429383631165951,-7.3130010989071845,1.9136923154745658,34.25001537637754,0.09303997457027435,80,inf,0.0,1.0,disabled,single,3,row_2,row_3,-0.1397222876548767,-0.7013903260231018,0.5966411161259225,0.3402388084138541,0.8493259243472076,0.5616680383682251,0.37671720421278865,0,6,0,disabled,0,0.0,50.0,alpha
144,0.0,0.0,-39.508155822753906,-0.08608044683933258,0.5202679634094238,0.0797041654586792,61,13,62,0.034352391958236694,0.02,0.3,94,136,wall,both,0,1,1,1,1,1,0.0,11,11,0,alpha,standard,huber,9.57076052977821,-6.356080482622773,2.1977624546045584,9.299302654052076,-6.736417360288805,1.9972090698412328,9.289330352286473,-6.8039780490029855,1.9640407141273393,57.13509127402562,0.034352391958236694,80,inf,0.0,1.0,disabled,single,3,row_2,row_3,-0.08608044683933258,-0.9416365623474121,0.6387477467741365,0.2714976539988503,0.856664292197182,0.8555561155080795,0.36216521818627984,0,6,0,disabled,0,0.0,50.0,alpha
148,0.0,0.0,-41.61820983886719,-0.15655070543289185,0.8291261196136475,0.030448079109191895,84,47,50,0.062725730240345,0.02,0.3,120,181,wall,both,0,1,1,1,1,1,0.0,8,8,0,alpha,standard,huber,9.128416331139787,-5.761584027435608,2.0157610314556607,8.919056170482644,-5.880189967457543,2.0256702355016234,8.931331804591,-5.923840148911956,2.021939252256125,47.534058736471614,0.0627257376909256,80,inf,0.0,1.0,disabled,single,3,row_2,row_3,-0.15655070543289185,-0.652074933052063,0.5854370672355832,0.3566783745657993,0.846078907928575,0.49552422761917114,0.3788458817955709,0,6,0,disabled,0,0.0,50.0,alpha
152,0.0,0.0,-30.48401641845703,-0.24213525652885437,1.0436102151870728,0.0051457881927490234,113,16,48,0.07178140431642532,0.02,0.3,120,177,wall,both,0,1,1,1,1,1,0.0,7,7,0,alpha,standard,huber,8.743861695366418,-4.933230342849454,1.8698500374669056,8.61637478933265,-4.990815484675275,1.9298416148364905,8.565824629517072,-5.013783860930644,1.9512346986346056,31.24424385148827,0.07178140431642532,80,inf,0.0,1.0,disabled,single,3,row_2,row_3,-0.24213525652885437,-0.4996647238731384,0.5405451552978245,0.417819161035517,0.8295159440336022,0.25752946734428406,0.37304184529684636,0,6,0,disabled,0,0.0,50.0,alpha
156,0.0,0.0,-20.93915367126465,-0.22781911492347717,1.0124677419662476,0.00227510929107666,105,7,28,0.03336448222398758,0.02,0.3,120,140,wall,both,0,1,1,1,1,1,0.0,5,5,0,alpha,standard,huber,8.518547956185081,-3.58975011364195,1.8267479032941676,8.310829005085019,-3.8009229269669156,1.8793282038613128,8.219200794943433,-3.8306679757324202,1.9259762088571186,56.940162913496486,0.03336448222398758,80,inf,0.0,1.0,disabled,single,3,row_2,row_3,-0.22781911492347717,-0.49867674708366394,0.543450944743802,0.4145036632391655,0.8296894472715269,0.27085763216018677,0.3819967196319817,0,6,0,disabled,0,0.0,50.0,alpha
160,0.0,0.0,-16.212732315063477,-0.21700361371040344,0.9877078533172607,0.007189750671386719,122,3,17,0.034204866737127304,0.02,0.3,120,142,wall,both,0,1,1,1,1,1,0.0,11,11,0,alpha,standard,huber,8.273733866669247,-2.054127224857041,1.8627182819945078,8.028312675482091,-2.22806017334912,1.8995514621537024,7.860814778322096,-2.266055221896994,1.9299415053198183,58.91198284153707,0.034204866737127304,80,inf,0.0,1.0,disabled,single,3,row_2,row_3,-0.21700361371040344,-0.5172881484031677,0.5476333773981705,0.4055813658412226,0.8390325525754565,0.3002845346927643,0.38514562156343,0,6,0,disabled,0,0.0,50.0,alpha
164,0.0,0.0,-22.717763900756836,-0.19123823940753937,0.9276681542396545,0.00045418739318847656,108,30,18,0.03142845630645752,0.02,0.3,120,156,wall,both,0,1,1,1,1,1,0.0,12,12,0,alpha,standard,huber,8.17462642341586,-0.9241972978789013,1.79941865339784,7.890286979764484,-1.262052220960971,1.868935154314892,7.728585565223021,-1.3184669008172332,1.9063077584017565,57.32145862750782,0.03142845630645752,80,inf,0.0,1.0,disabled,single,3,row_2,row_3,-0.19123823940753937,-0.5861705541610718,0.5652786731303436,0.3808427352630431,0.8474897885470593,0.3949323147535324,0.3791982032451341,0,6,0,disabled,0,0.0,50.0,alpha
168,0.0,0.0,-24.506559371948242,-0.2510370910167694,1.062857747077942,0.00013500452041625977,109,37,27,0.04848393425345421,0.02,0.3,120,173,wall,both,0,1,1,1,1,1,0.0,11,11,0,alpha,standard,huber,7.92203517517869,-0.37637846049911594,1.7966792388957762,7.626800191282216,-0.5071602986194581,1.8989504099462828,7.552264340588668,-0.5271346393728167,1.8994333384630693,51.6435000976799,0.04848393425345421,80,inf,0.0,1.0,disabled,single,3,row_2,row_3,-0.2510370910167694,-0.4823208749294281,0.5330788888811333,0.42300569336979443,0.8365508368649638,0.2312837839126587,0.37804876559394895,0,6,0,disabled,0,0.0,50.0,alpha
172,0.0,0.0,-34.067508697509766,-0.2410213053226471,1.0414377450942993,0.0004242062568664551,67,45,33,0.03774562105536461,0.02,0.3,84,145,wall,both,0,1,1,1,1,1,0.0,12,12,0,alpha,standard,huber,7.700237519551086,0.7833204268148823,1.7606421616257322,7.5279593664097595,0.637472617006861,1.8493433690828085,7.3786448829914635,0.5833420583663241,1.8705592291097348,53.19605200185515,0.03774562105536461,80,inf,0.0,1.0,disabled,single,3,row_2,row_3,-0.2410213053226471,-0.46926313638687134,0.5324538154473762,0.4237969000709466,0.8363176736507061,0.22824183106422424,0.3892378113915316,0,6,0,disabled,0,0.0,50.0,alpha
176,0.0,0.0,-25.517757415771484,-0.34452012181282043,1.245126724243164,4.8100948333740234e-05,87,27,30,0.03067180886864662,0.02,0.3,83,144,wall,both,0,1,1,1,1,1,0.0,6,6,0,alpha,standard,huber,7.305346065293325,1.7206410894267523,1.773344545299408,7.219214274034564,1.8701167462623238,1.8508619241507445,7.110031789604577,1.8764451168624674,1.8534523622603558,60.17504328215425,0.03067180886864662,80,inf,0.0,1.0,disabled,single,3,row_3,row_2,-0.34452012181282043,-0.364800363779068,0.4892136126586017,0.4793921694609681,0.8108922702948339,0.02028024196624756,0.3704359273767208,1,7,0,disabled,0,0.0,50.0,alpha
180,0.0,0.0,-19.836397171020508,-0.23168988525867462,1.0210779905319214,0.0004780888557434082,117,12,21,0.036848340183496475,0.02,0.3,120,150,wall,both,0,1,1,1,1,1,0.0,6,6,0,alpha,standard,huber,7.378486994625248,2.6471758953959332,1.824532028518286,6.9964539733930975,2.300414309841072,1.8628397172420637,6.987498816144455,2.316441251100083,1.8466502315758175,64.62010345852315,0.036848340183496475,87,inf,0.0,1.0,disabled,single,3,row_2,row_3,-0.23168988525867462,-0.4885527193546295,0.5385422315036518,0.41654857595884387,0.8374496763312728,0.2568628340959549,0.3871994758684312,1,8,0,disabled,0,0.0,50.0,alpha
184,0.0,0.0,-23.766279220581055,-0.20955859124660492,0.9703711867332458,0.008709967136383057,148,12,17,0.08184405416250229,0.02,0.3,120,177,wall,both,0,1,1,1,1,1,0.0,6,6,0,alpha,standard,huber,7.447812021469588,2.570676181739942,1.9256891583913802,6.995802335920878,2.7390877961130657,1.8385602683797004,6.936193266841052,2.7462768029776123,1.8403423154484626,28.071393282836308,0.08184405416250229,80,inf,0.0,1.0,disabled,single,3,row_2,row_3,-0.20955859124660492,-0.5265536308288574,0.5503414003674153,0.40083255599852885,0.8425485003299711,0.3169950395822525,0.38765787414016306,0,8,0,disabled,0,0.0,50.0,alpha
188,0.0,0.0,-18.777463912963867,-0.21940286457538605,0.9936361312866211,8.13603401184082e-05,114,9,16,0.040094587951898575,0.02,0.3,120,139,wall,both,0,1,1,1,1,1,0.0,3,3,0,alpha,standard,huber,7.23364445134663,3.4127788144357982,1.806365359419532,6.873826869468864,3.4408691635912025,1.7975021667830848,6.8115445785620325,3.4553282008491104,1.8033327264670076,54.159597363884735,0.040094587951898575,80,inf,0.0,1.0,disabled,single,3,row_2,row_3,-0.21940286457538605,-0.48187917470932007,0.5405470635178116,0.4157588468882966,0.834207172191564,0.262476310133934,0.39577070707970785,0,8,0,disabled,0,0.0,50.0,alpha
192,0.0,0.0,-21.32903480529785,-0.24466663599014282,1.0492844581604004,0.0003275275230407715,119,29,17,0.03165367245674133,0.02,0.3,120,165,wall,both,0,1,1,1,1,1,0.0,3,3,0,alpha,standard,huber,7.111327049502435,4.1797391704383795,1.8233557932713609,6.813584675720859,4.049093673902592,1.8117937769307464,6.7556085526920375,4.022833170565415,1.807043388705912,59.03083329986779,0.03165367245674133,80,inf,0.0,1.0,disabled,single,3,row_2,row_3,-0.24466663599014282,-0.4973160922527313,0.5385331434447481,0.41830029603399677,0.8335326065889883,0.2526494562625885,0.3742396005741242,0,8,0,disabled,0,0.0,50.0,alpha
196,0.0,0.0,-26.534719467163086,-0.23019900918006897,1.0176891088485718,0.003335714340209961,113,47,21,0.03413351997733116,0.02,0.3,120,181,wall,both,0,1,1,1,1,1,0.0,4,4,0,alpha,standard,huber,6.974175673260737,4.804487706453845,1.8221541762630604,6.805845372362528,4.561808390838991,1.852493756775175,6.725182049507286,4.56042645716046,1.8304931623377652,54.94091168473524,0.03413351997733116,80,inf,0.0,1.0,disabled,single,3,row_2,row_3,-0.23019900918006897,-0.4814954102039337,0.5378081672254975,0.41830278195918846,0.8353501422989433,0.25129640102386475,0.39005433972058945,0,8,0,disabled,0,0.0,50.0,alpha
200,0.0,0.0,-24.728403091430664,-0.26306068897247314,1.0879465341567993,0.00281524658203125,103,37,21,0.02657271921634674,0.02,0.3,120,161,wall,both,0,1,1,1,1,1,0.0,3,3,0,alpha,standard,huber,6.869588953644576,4.998912756000612,1.8155070622684217,6.71894074200298,5.037463145069485,1.8563843259513158,6.662797165632428,5.0446740974537185,1.8420777507167392,63.823149932720334,0.02657271921634674,80,inf,0.0,1.0,disabled,single,3,row_2,row_3,-0.26306068897247314,-0.43890053033828735,0.5224171599397421,0.43817859759555544,0.8281820351890015,0.1758398413658142,0.38622816431024687,0,8,0,disabled,0,0.0,50.0,alpha
204,0.0,0.0,-28.657875061035156,-0.283237487077713,1.1289669275283813,0.00036019086837768555,88,40,36,0.03015158884227276,0.02,0.3,120,164,wall,both,0,1,1,1,1,1,0.0,4,4,0,alpha,standard,huber,6.705423148471452,5.714298072834973,1.7672943340873557,6.708851456789621,5.413710405682907,1.8637370271655882,6.637239124751044,5.4306031171336375,1.850707982354546,59.90496512720979,0.030151590704917908,80,inf,0.0,1.0,disabled,single,3,row_2,row_3,-0.283237487077713,-0.4225238859653473,0.5150517417489471,0.4480841126061053,0.8231117187755763,0.13928639888763428,0.3802504268719704,0,8,0,disabled,0,0.0,50.0,alpha
208,0.0,0.0,-31.999357223510742,-0.20301778614521027,0.9558064937591553,0.0008707046508789062,98,38,34,0.03791845589876175,0.02,0.3,120,170,wall,both,0,1,1,1,1,1,0.0,3,3,0,alpha,standard,huber,6.861437435448651,5.829116865083782,1.6987191573265017,6.639723219947815,5.917494382234354,1.8717300252211613,6.583465355779284,5.890212260864147,1.871051768942496,55.93576693405935,0.03791845589876175,80,inf,0.0,1.0,disabled,single,3,row_2,row_3,-0.20301778614521027,-0.5364886522293091,0.5546015010246729,0.39733469008448147,0.8395556184975164,0.3334708660840988,0.3864876531593213,0,8,0,disabled,0,0.0,50.0,alpha
212,0.0,0.0,-32.31097412109375,-0.19016098976135254,0.9250529408454895,0.0002834200859069824,91,51,31,0.026523295789957047,0.02,0.3,120,173,wall,both,0,1,1,1,1,1,0.0,2,2,0,alpha,standard,huber,6.871714695051374,5.951263730362179,1.7642617480993437,6.581966854691047,6.141526310965713,1.8414552095828651,6.548280452961288,6.139413457914669,1.847361809721816,65.18831089969703,0.026523295789957047,80,inf,0.0,1.0,disabled,single,3,row_2,row_3,-0.19016098976135254,-0.5595783591270447,0.5615730014051135,0.3881238181927908,0.8417583307308771,0.36941736936569214,0.38685251208588944,0,8,0,disabled,0,0.0,50.0,alpha
216,0.0,0.0,-20.963672637939453,-0.22862155735492706,1.014290690422058,0.0007880926132202148,91,14,29,0.029571205377578735,0.02,0.3,120,134,wall,both,0,1,1,1,1,1,0.0,2,2,0,alpha,standard,huber,6.661671365314224,6.689046780416004,1.7664644878966316,6.468824794887647,6.634317859493061,1.8696562193344586,6.441449201167595,6.634027583427483,1.8482782978127457,63.10954314506702,0.029571205377578735,80,inf,0.0,1.0,disabled,single,3,row_2,row_3,-0.22862155735492706,-0.5054841637611389,0.5433910165505597,0.4119766028433607,0.8355398429794314,0.27686260640621185,0.38130455669918417,0,8,0,disabled,0,0.0,50.0,alpha
220,0.0,0.0,0.0,-0.03319258987903595,0.3617042899131775,0.031768202781677246,0,0,0,0.020125361159443855,0.02,0.3,0,0,wall,both,0,1,1,1,1,1,0.0,0,0,0,alpha,standard,huber,7.123170470344309,7.8938280005003785,1.517397833682967,6.1785562798282605,7.563393049670837,1.8532773738461732,6.175993248252938,7.5695188041449555,1.8495984558278007,74.91991615999598,0.020125361159443855,80,inf,0.0,1.0,disabled,single,3,row_2,row_3,-0.03319258987903595,-1.050328016281128,0.651718756523707,0.2356806445208482,0.8655616100991317,1.017135426402092,0.39494957526177865,0,8,0,disabled,0,0.0,50.0,alpha
224,0.0,0.0,0.0,-0.00679419282823801,0.14403270184993744,0.02313232421875,0,0,0,0.01336255855858326,0.02,0.3,0,0,wall,both,0,1,1,1,1,1,0.0,0,0,0,alpha,standard,huber,7.17756917302925,8.723790817926783,1.5546251071394925,5.934020671221732,8.424732435461593,1.843041537119765,5.929878600711305,8.43473915682647,1.8339961695433349,101.3267349496672,0.01336255669593811,107,inf,0.0,1.0,disabled,single,3,row_2,row_3,-0.00679419282823801,-1.2651753425598145,0.6648790359818395,0.18890117101204643,0.8673088571521889,1.2583811497315764,0.40135596282318686,0,8,0,disabled,0,0.0,50.0,alpha
228,0.0,0.0,0.0,-0.0011153449304401875,0.06492359191179276,0.006616055965423584,0,0,0,0.006923167500644922,0.02,0.3,0,0,wall,both,0,1,1,1,1,1,0.0,0,0,0,alpha,standard,huber,4.866419979804611,8.456081523265723,1.8807769757775405,5.8052038863345565,8.70211136920968,1.8224304984028274,5.830683030079083,8.695449065141068,1.8265873216994928,193.80103311230496,0.006923167500644922,207,inf,0.0,1.0,disabled,single,3,row_3,row_2,-0.0011153449304401875,-1.3476089239120483,0.6679726482022209,0.17377366001313033,0.8653860560933467,1.3464935789816082,0.40239270715841186,1,9,0,disabled,0,0.0,50.0,alpha
232,0.0,0.0,0.0,-0.00010517483315197751,0.016468383371829987,0.003316938877105713,0,0,0,0.005473403260111809,0.02,0.3,0,0,wall,both,0,1,1,1,1,1,0.0,0,0,0,alpha,standard,huber,7.381522939603197,8.524750444115416,1.8516056722147862,5.703864017750578,9.077790263211034,1.7984751537838262,5.712988781663384,9.089064379507445,1.8174813438707798,234.6341909781331,0.005473403260111809,250,inf,0.0,1.0,disabled,single,3,row_2,row_1,-0.00010517483315197751,-1.3388416767120361,0.6670750714132196,0.17489155367486392,0.8665696810977199,1.3387365018788842,0.4047475137223253,1,10,0,disabled,0,0.0,50.0,alpha
236,0.0,0.0,-23.713706970214844,-0.2051974982023239,0.9207310080528259,0.0641743540763855,66,0,22,0.012660100124776363,0.02,0.3,88,88,wall,both,0,1,1,1,1,1,0.0,1,1,0,alpha,standard,huber,6.288131077537546,9.341668414133274,2.061193018673812,5.691324228099796,9.3710101323462,1.921744449249783,5.665439481947444,9.385643065229925,1.9114617195825536,191.3760776811286,0.012660100124776363,250,inf,0.0,1.0,disabled,single,3,row_2,row_3,-0.2051974982023239,-0.5956909656524658,0.5650134910580898,0.3823575407427895,0.8451330117529148,0.3904934674501419,0.36570817193952654,0,10,0,disabled,0,0.0,50.0,alpha
240,0.0,0.0,-24.56527328491211,-0.11852773278951645,0.7303249835968018,0.00010585784912109375,56,0,31,0.010711662471294403,0.02,0.3,87,87,wall,both,0,1,1,1,1,1,0.0,1,1,0,alpha,standard,huber,6.422040149299686,9.810043870713859,1.7155423505631013,5.586571520792457,9.749331586594675,1.9800887813273722,5.554718044719381,9.775648546927439,1.9967328507154622,192.99563778671293,0.010711662471294403,250,inf,0.0,1.0,disabled,single,3,row_2,row_3,-0.11852773278951645,-0.748443067073822,0.6075533093565824,0.32360530835314244,0.8520706963207079,0.6299153342843056,0.37978762280060496,0,10,0,disabled,0,0.0,50.0,alpha
244,0.0,0.0,-24.63165283203125,-0.11732406914234161,0.7264540195465088,0.0034829378128051758,53,0,34,0.012712494470179081,0.02,0.3,87,87,wall,both,0,1,1,1,1,1,0.0,2,2,0,alpha,standard,huber,6.443679100407945,9.998848242183131,1.6175049765389398,5.48389131117257,9.996378197694717,1.9330606094670044,5.443710646746545,10.055856976865854,1.9691708819078366,171.12335592243903,0.012712494470179081,250,inf,0.0,1.0,disabled,single,3,row_2,row_3,-0.11732406914234161,-0.8070365786552429,0.6166871575537545,0.3094044583827477,0.8535928138781069,0.6897125095129013,0.36606935252204015,0,10,0,disabled,0,0.0,50.0,alpha
248,0.0,0.0,-16.76466178894043,-0.3718189001083374,0.8753212690353394,0.2222183346748352,66,0,7,0.014254632405936718,0.02,0.3,73,73,wall,both,0,1,1,1,1,1,0.0,2,2,0,alpha,standard,huber,2.8843810198378863,9.508200784373955,2.439762607484603,5.224897627652608,10.188163943784502,1.9684440163868524,5.255367819960645,10.29018231713183,1.998706015236003,173.80086991636372,0.014254633337259293,250,inf,0.0,1.0,disabled,single,3,row_4,row_3,-0.3718189001083374,-0.9048467874526978,0.5929757002992755,0.3479732236364931,0.8442973990411838,0.5330278873443604,0.15078295828856914,1,11,0,disabled,0,0.0,50.0,alpha
252,0.0,0.0,0.0,-0.11885486543178558,0.7298625707626343,0.01081305742263794,0,0,0,0.006244281772524118,0.02,0.3,0,0,wall,both,0,1,1,1,1,1,0.0,0,0,0,alpha,standard,huber,6.782154871907162,10.466266719435946,1.8481819469149592,5.277937699678612,10.952932947904914,2.4349532326356003,5.112430961861106,10.995305811654752,2.5039579743882294,228.73372018022332,0.006244282238185406,250,inf,0.0,1.0,disabled,single,3,row_2,row_3,-0.11885486543178558,-1.2750211954116821,0.6649917930307584,0.20926646023627818,0.8593558928343037,1.1561663299798965,0.2891257142777821,1,12,0,disabled,0,0.0,50.0,alpha
256,0.0,0.0,0.0,-0.3422858417034149,1.1362926959991455,0.1164623498916626,0,0,0,0.0060780770145356655,0.02,0.3,0,0,wall,both,0,1,1,1,1,1,0.0,0,0,0,alpha,standard,huber,7.229489948296244,10.97061015620347,2.1884247748982144,5.139250332073598,11.26035957163077,2.742057605468584,4.9630053423761,11.262719271237238,2.804121575403798,234.11442970397593,0.0060780770145356655,250,inf,0.0,1.0,disabled,single,3,row_2,row_1,-0.3422858417034149,-1.4375118017196655,0.6620355946858366,0.22142708831048447,0.8573865318902653,1.0952259600162506,0.07015011437957491,0,12,0,disabled,0,0.0,50.0,alpha
260,0.0,0.0,-42.22908020019531,-0.07041501253843307,0.5542690753936768,0.02292531728744507,17,0,62,0.03707520291209221,0.02,0.3,68,79,wall,both,0,1,1,1,1,1,0.0,12,12,0,alpha,standard,huber,2.5823027294849874,9.371537146705055,-1.1669591407577118,3.1058214932040125,11.288153370204306,-1.7809519171263077,3.2234946566442164,11.528670855762496,-1.8412777175547108,49.00457804465876,0.03707520663738251,250,inf,0.0,1.0,disabled,single,3,row_4,row_3,-0.07041501253843307,-0.9350719451904297,0.6385280699630848,0.2689454858436821,0.8598658838217802,0.8646569326519966,0.3781746295833385,1,13,0,disabled,0,0.0,50.0,alpha
264,0.0,0.0,-33.26304244995117,-0.685706377029419,1.7517282962799072,0.03053605556488037,41,0,62,0.08919719606637955,0.02,0.3,83,103,wall,both,0,1,1,1,1,1,0.0,11,11,0,alpha,standard,huber,2.956788860630516,10.563630237743439,-1.6292586318810873,2.9985780799368666,10.338734435980186,-1.3701536021907363,3.0389104112633647,10.654641111528043,-1.4140490786838218,37.768690355675645,0.08919720351696014,235,inf,0.0,1.0,disabled,single,3,row_4,row_3,-0.685706377029419,-0.917563259601593,0.535934310021589,0.4250278580198257,0.824548150076066,0.23185688257217407,-0.061962695677620916,0,13,0,disabled,0,0.0,50.0,alpha
268,0.0,0.0,-34.872406005859375,-0.3971613049507141,1.3368356227874756,0.0022891759872436523,71,18,49,0.03451661020517349,0.02,0.3,91,138,wall,both,0,1,1,1,1,1,0.0,13,13,0,alpha,standard,huber,2.9940973005516307,10.052342988349478,-1.313821543360372,3.0533503518404856,9.88743389744499,-1.1372026922219534,3.080797411745242,10.017894615168352,-1.1146216181775879,61.776055319844566,0.03451661020517349,148,inf,0.0,1.0,disabled,single,3,row_4,row_3,-0.3971613049507141,-0.6846967339515686,0.5467616450259318,0.4101313724396578,0.8311754944114839,0.2875354290008545,0.206581016071396,0,13,0,disabled,0,0.0,50.0,alpha
272,0.0,0.0,-31.1033935546875,-0.14040903747081757,0.7889536619186401,0.0226137638092041,74,0,62,0.011767756193876266,0.02,0.3,120,136,wall,both,0,1,1,1,1,1,0.0,9,9,0,alpha,standard,huber,2.977963020372606,8.99442875173094,-1.168427354072878,3.5874855769651637,8.838642475426347,-1.1880587460871865,3.6122987766828203,8.854070079005098,-1.1457706964365884,161.56421297227243,0.011767757125198841,229,inf,0.0,1.0,disabled,single,3,row_4,row_3,-0.14040903747081757,-0.6445054411888123,0.585997207001732,0.35397228518781265,0.8496536501029088,0.5040964037179947,0.39403121815431386,0,13,0,disabled,0,0.0,50.0,alpha
276,0.0,0.0,-27.00377655029297,-0.23305313289165497,1.0230042934417725,0.010947644710540771,87,1,52,0.02419382333755493,0.02,0.3,120,140,wall,both,0,1,1,1,1,1,0.0,10,10,0,alpha,standard,huber,3.356608275646847,8.24706134816886,-1.2502767293343635,3.761967876397646,8.358123367993695,-1.245220501284865,3.803002357745876,8.341833599648165,-1.2015451879465655,90.49841497984605,0.02419382706284523,148,inf,0.0,1.0,disabled,single,3,row_4,row_3,-0.23305313289165497,-0.4718579053878784,0.5360373932259426,0.42216623134924136,0.8310057016574595,0.23880477249622345,0.39049822397180234,0,13,0,disabled,0,0.0,50.0,alpha
280,0.0,0.0,-29.672813415527344,-0.2512836754322052,1.0633158683776855,0.0027201175689697266,91,8,40,0.031215423718094826,0.02,0.3,120,139,wall,both,0,1,1,1,1,1,0.0,10,10,0,alpha,standard,huber,3.497814899936746,7.671164954743921,-1.3246080899254835,3.918551212690295,7.887902739832909,-1.2701220211372155,3.939939671314548,7.902546085918287,-1.2407899841021057,58.17635269900925,0.031215419992804527,83,inf,0.0,1.0,disabled,single,3,row_4,row_3,-0.2512836754322052,-0.4542871117591858,0.5289495858673575,0.43176855405413034,0.8266506068805693,0.2030034363269806,0.38557847705089354,0,13,0,disabled,0,0.0,50.0,alpha
284,0.0,0.0,-31.50941276550293,-0.2716520428657532,1.1056374311447144,6.139278411865234e-06,91,16,48,0.06490526348352432,0.02,0.3,120,155,wall,both,0,1,1,1,1,1,0.0,13,13,0,alpha,standard,huber,3.7221420688713303,6.598405029434705,-1.4058688866484577,4.175021282155509,7.096139464590153,-1.263838100522541,4.180468241249985,7.134282861356718,-1.2470659465064915,51.93944020474839,0.06490526348352432,80,inf,0.0,1.0,disabled,single,3,row_4,row_3,-0.2716520428657532,-0.4390575885772705,0.5212621004807358,0.44091294021676003,0.824539166257205,0.16740554571151733,0.37985024892128993,0,13,0,disabled,0,0.0,50.0,alpha
288,0.0,0.0,-30.839698791503906,-0.351716548204422,1.258060097694397,0.0007117390632629395,90,26,53,0.07984362542629242,0.02,0.3,120,169,wall,both,0,1,1,1,1,1,0.0,9,9,0,alpha,standard,huber,6.411917270873714,6.6658375989353065,-1.3663629958088834,4.273575111136898,6.433574723018083,-1.3627905374090235,4.305854839496774,6.52781984825694,-1.310669234800723,31.9114806876734,0.07984362542629242,80,inf,0.0,1.0,disabled,single,3,row_3,row_2,-0.351716548204422,-0.3553965985774994,0.4858134334759214,0.48402890116716546,0.8075316401751569,0.0036800503730773926,0.37021406231546516,1,14,0,disabled,0,0.0,50.0,alpha
292,0.0,0.0,-33.147422790527344,-0.17125490307807922,0.8762036561965942,0.012596189975738525,113,20,47,0.06517907977104187,0.02,0.3,120,180,wall,both,0,1,1,1,1,1,0.0,15,15,0,alpha,standard,huber,3.7013602671549153,5.356913927526062,-1.2218966042710946,4.437132146525189,5.98216859744608,-1.3412224701692381,4.423391253488925,6.0573844195147055,-1.3208119098429059,40.88660681049728,0.06517908722162247,80,inf,0.0,1.0,disabled,single,3,row_4,row_3,-0.17125490307807922,-0.5973997712135315,0.5709852265473025,0.3728657622869488,0.8495162222816979,0.42614486813545227,0.3891370395296888,1,15,0,disabled,0,0.0,50.0,alpha
296,0.0,0.0,-31.29449462890625,-0.23716744780540466,1.0330796241760254,6.765127182006836e-05,128,12,40,0.08965083956718445,0.02,0.3,112,180,wall,both,0,1,1,1,1,1,0.0,14,14,0,alpha,standard,huber,3.9308248570638122,4.994449721437859,-1.392416222429204,4.4321946552788285,5.385306355271804,-1.3150820604502982,4.478531546060706,5.4907440961132155,-1.3072380116526556,31.461304434365914,0.08965084701776505,83,inf,0.0,1.0,disabled,single,3,row_4,row_3,-0.23716744780540466,-0.4878304600715637,0.5373554661774234,0.41821548390994684,0.8366778462047404,0.25066301226615906,0.3839280074700646,0,15,0,disabled,0,0.0,50.0,alpha
300,0.0,0.0,-28.16098976135254,-0.3001208007335663,1.1621288061141968,0.00010925531387329102,107,20,39,0.11773432046175003,0.02,0.3,109,166,wall,both,0,1,1,1,1,1,0.0,15,15,0,alpha,standard,huber,4.1219490157539145,4.683996730132559,-1.366001330809361,4.234609082009612,4.935039689657836,-1.3063518630538944,4.382358715337386,5.044337377087773,-1.3017745527522446,23.438300348932795,0.11773433536291122,83,inf,0.0,1.0,disabled,single,3,row_4,row_3,-0.3001208007335663,-0.4064520597457886,0.5074067035138524,0.4562229427439312,0.8228093888304487,0.10633125901222229,0.37832161967311906,0,15,0,disabled,0,0.0,50.0,alpha
304,0.0,0.0,-27.16695213317871,-0.19060342013835907,0.9250012040138245,0.010662555694580078,141,3,29,0.040320608764886856,0.02,0.3,114,173,wall,both,0,1,1,1,1,1,0.0,14,14,0,alpha,standard,huber,3.9128362759673854,4.515741205818479,-1.23462336510703,4.159774657370207,4.686073300676843,-1.2600467084864169,4.291209331149357,4.733867215781086,-1.2777306139195956,56.91087937226781,0.040320608764886856,80,inf,0.0,1.0,disabled,single,3,row_4,row_3,-0.19060342013835907,-0.5619060397148132,0.5609102058874388,0.38693557733129497,0.8457494616110948,0.37130261957645416,0.38759102693888414,0,15,0,disabled,0,0.0,50.0,alpha
308,0.0,0.0,-26.904157638549805,-0.16973905265331268,0.8716902136802673,0.01472383737564087,112,15,28,0.04626211151480675,0.02,0.3,108,155,wall,both,0,1,1,1,1,1,0.0,11,11,0,alpha,standard,huber,3.903334875599488,4.282880601337732,-1.2089704609049827,4.188812768196891,4.273577020097447,-1.2479592633239156,4.285291314505157,4.313684145774048,-1.2575504056656417,67.41818594853687,0.046262115240097046,102,inf,0.0,1.0,disabled,single,3,row_4,row_3,-0.16937460005283356,-0.6005420684814453,0.5720112859836524,0.3716643839977608,0.849407755324278,0.43116746842861176,0.38922195700350315,0,15,0,disabled,0,0.0,50.0,alpha
312,0.0,0.0,-27.484106063842773,-0.15473957359790802,0.8271216154098511,0.025770246982574463,108,0,32,0.0375981405377388,0.02,0.3,120,140,wall,both,0,1,1,1,1,1,0.0,11,11,0,alpha,standard,huber,3.943716364587966,3.887168390132546,-1.1290548311358917,4.272159572411237,3.8704564182229975,-1.2860672644645188,4.3319773432524045,3.903478562742984,-1.267523571617758,56.22856688993197,0.0375981368124485,80,inf,0.0,1.0,disabled,single,3,row_4,row_3,-0.15473957359790802,-0.627028226852417,0.5799491130812273,0.36164089270976985,0.8496912226902265,0.47228865325450897,0.3900753417596474,0,15,0,disabled,0,0.0,50.0,alpha
316,0.0,0.0,-24.120756149291992,-0.10638076812028885,0.6642379760742188,0.045185625553131104,103,0,27,0.04941735416650772,0.02,0.3,120,130,wall,both,0,1,1,1,1,1,0.0,15,15,0,alpha,standard,huber,3.8936346309687933,3.225531780811537,-1.1292775925682017,4.321243805692546,3.402362747998597,-1.2384407757394753,4.386607542497247,3.434420791249563,-1.2371138692845045,53.37839711243544,0.04941735416650772,80,inf,0.0,1.0,disabled,single,3,row_4,row_3,-0.10638076812028885,-0.7592357993125916,0.6090108978687987,0.3170251572224925,0.8588256951792533,0.6528550311923027,0.38953834861780834,0,15,0,disabled,0,0.0,50.0,alpha
320,0.0,0.0,-23.276269912719727,-0.15667733550071716,0.8350523710250854,0.020522117614746094,112,2,27,0.04070933908224106,0.02,0.3,120,141,wall,both,0,1,1,1,1,1,0.0,11,11,0,alpha,standard,huber,4.301000855200672,1.9243069480491162,-1.1725458566475435,4.6039724382532485,2.3320759822260277,-1.211892122923741,4.668425400825814,2.3600229572065645,-1.213419938654376,53.6657746395236,0.04070933908224106,80,inf,0.0,1.0,disabled,single,3,row_4,row_3,-0.15667733550071716,-0.6248933672904968,0.5793248681816124,0.36272587125724726,0.8491422692277006,0.46821603178977966,0.38921453831539043,0,15,0,disabled,0,0.0,50.0,alpha
324,0.0,0.0,-25.129228591918945,-0.2823285162448883,1.1271106004714966,0.0023322105407714844,101,4,37,0.030051082372665405,0.02,0.3,120,142,wall,both,0,1,1,1,1,1,0.0,6,6,0,alpha,standard,huber,4.762307847988997,1.0510413340690365,-1.3263526475003105,4.796613537966161,1.5614763548341182,-1.242682434548499,4.861134020074497,1.5935547441212046,-1.2252787462118193,88.7830137479589,0.030051082372665405,117,inf,0.0,1.0,disabled,single,3,row_4,row_3,-0.2823285162448883,-0.4226454496383667,0.5152754820120936,0.4478170331210735,0.8231886513078503,0.1403169333934784,0.3807250885620226,0,15,0,disabled,0,0.0,50.0,alpha
328,0.0,0.0,-26.643695831298828,-0.23068837821483612,1.0187716484069824,0.0033164620399475098,120,5,31,0.042472388595342636,0.02,0.3,120,156,wall,both,0,1,1,1,1,1,0.0,9,9,0,alpha,standard,huber,4.954199952107547,-0.7439565728315651,-1.3342544242061867,5.2836369152716305,-0.3232997816478669,-1.2452899739357202,5.379626273939797,-0.25557574579329734,-1.2269418726889316,56.06818082799853,0.042472388595342636,80,inf,0.0,1.0,disabled,single,3,row_4,row_3,-0.23068837821483612,-0.5093474984169006,0.5432746620465293,0.41114908877732265,0.8376590568650919,0.2786591202020645,0.37945188542873354,0,15,0,disabled,0,0.0,50.0,alpha
332,0.0,0.0,-28.461599349975586,-0.2621307969093323,1.086077094078064,0.001172780990600586,101,10,38,0.04340178519487381,0.02,0.3,102,149,wall,both,0,1,1,1,1,1,0.0,11,11,0,alpha,standard,huber,5.086249273091014,-1.1528719738027848,-1.3672836676976368,5.224851921098297,-1.149230258355944,-1.3023909299232341,5.393039240402301,-1.0222727686457014,-1.263443273803024,51.3050759983559,0.04340178892016411,80,inf,0.0,1.0,disabled,single,3,row_4,row_3,-0.2621307969093323,-0.46930167078971863,0.528481843002861,0.42959271057757437,0.8329898505755846,0.20717087388038635,0.37561603307101654,0,15,0,disabled,0,0.0,50.0,alpha
336,0.0,0.0,-22.39572525024414,-0.24706138670444489,1.054279088973999,0.003846585750579834,113,1,27,0.03359034284949303,0.02,0.3,120,141,wall,both,0,1,1,1,1,1,0.0,5,5,0,alpha,standard,huber,5.436008905281703,-3.0582342577491186,-1.312807132188991,5.56330619864089,-2.80873657944972,-1.3209123132772955,5.706222213081632,-2.6964732525867756,-1.305913002217415,59.523863557438915,0.03359034284949303,80,inf,0.0,1.0,disabled,single,3,row_4,row_3,-0.24706138670444489,-0.4639614522457123,0.5311569537368562,0.42758687899579767,0.8308614501187944,0.2169000655412674,0.3856363332859951,0,15,0,disabled,0,0.0,50.0,alpha
340,0.0,0.0,-24.690723419189453,-0.2807486355304718,1.1239291429519653,0.0028777718544006348,105,13,32,0.03172563388943672,0.02,0.3,101,150,wall,both,0,1,1,1,1,1,0.0,7,7,0,alpha,standard,huber,5.5455857959638095,-3.2845378647928083,-1.3246623760081158,5.547274245748878,-3.264167580811364,-1.2778056428463527,5.668211648796763,-3.19085993436007,-1.2913778357962058,57.103888617981134,0.03172563388943672,80,inf,0.0,1.0,disabled,single,3,row_4,row_3,-0.2807486355304718,-0.421329140663147,0.5152896684902907,0.4477113427346672,0.8234149257416462,0.14058050513267517,0.38227743782305923,0,15,0,disabled,0,0.0,50.0,alpha
344,0.0,0.0,-26.441530227661133,-0.2308180332183838,1.0180659294128418,0.011000990867614746,115,1,17,0.028958635404706,0.02,0.3,120,133,wall,both,0,1,1,1,1,1,0.0,5,5,0,alpha,standard,huber,5.641456601735284,-4.407343955640123,-1.2289190657933584,5.803422263441992,-4.2097895137849,-1.2514462780054592,5.858330631061297,-4.154697915248829,-1.2889083780839585,64.30109614437906,0.028958635404706,80,inf,0.0,1.0,disabled,single,3,row_4,row_3,-0.2308180332183838,-0.4832102656364441,0.5386051184454748,0.41846382693627837,0.8329788764367039,0.2523922324180603,0.3879545621906475,0,15,0,disabled,0,0.0,50.0,alpha
348,0.0,0.0,-29.00636863708496,-0.2746999263763428,1.111822247505188,0.00022554397583007812,92,1,57,0.05348819121718407,0.02,0.3,120,150,wall,both,0,1,1,1,1,1,0.0,3,3,0,alpha,standard,huber,5.844935936851011,-4.9584642967332035,-1.3986252038637634,5.899785421839597,-4.785205801089092,-1.2488845897941427,5.946256601117346,-4.726359670490627,-1.2643157572697392,51.52067363580297,0.05348819121718407,80,inf,0.0,1.0,disabled,single,3,row_4,row_3,-0.2746999263763428,-0.41114744544029236,0.5145584050761384,0.44892756425170643,0.822303239580374,0.13644751906394958,0.3897462856477797,0,15,0,disabled,0,0.0,50.0,alpha
352,0.0,0.0,-30.991849899291992,-0.2903865575790405,1.1431008577346802,0.0018069148063659668,100,3,54,0.03591291606426239,0.02,0.3,120,157,wall,both,0,1,1,1,1,1,0.0,6,6,0,alpha,standard,huber,5.911696804998888,-5.136592175071384,-1.3172616783950493,6.099993473590411,-5.440128616295043,-1.231612844281409,6.127866470808715,-5.425629354430171,-1.2486791258265184,60.83180066276684,0.03591291606426239,80,inf,0.0,1.0,disabled,single,3,row_4,row_3,-0.2903865575790405,-0.3889162838459015,0.5064766345140809,0.45895330143533797,0.8183006249489986,0.09852972626686096,0.38989053004382623,0,15,0,disabled,0,0.0,50.0,alpha
356,0.0,0.0,-29.30035972595215,-0.2682260572910309,1.0986288785934448,0.0013191699981689453,88,0,59,0.043455902487039566,0.02,0.3,115,147,wall,both,0,1,1,1,1,1,0.0,5,5,0,alpha,standard,huber,6.035135434372358,-5.995946980182037,-1.3253452641366872,6.293822171919018,-6.139266009155285,-1.221522646514539,6.329542702514345,-6.148926967539423,-1.2339087152918398,50.25110011103707,0.043455906212329865,80,inf,0.0,1.0,disabled,single,3,row_4,row_3,-0.2682260572910309,-0.4160521626472473,0.5175841864960338,0.4464583369997096,0.8204739475862793,0.14782610535621643,0.3903570305630225,0,15,0,disabled,0,0.0,50.0,alpha
360,0.0,0.0,-34.12164306640625,-0.25785303115844727,1.0771901607513428,2.396106719970703e-05,71,0,77,0.028758976608514786,0.02,0.3,120,148,wall,both,0,1,1,1,1,1,0.0,3,3,0,alpha,standard,huber,6.098344184251903,-6.428689630346078,-1.3836417333548106,6.371780627090745,-6.544601856305665,-1.2207160033800675,6.425445327576176,-6.574040160614302,-1.2305999788159088,62.938994336648136,0.028758980333805084,80,inf,0.0,1.0,disabled,single,3,row_4,row_3,-0.25785303115844727,-0.4317631423473358,0.5235055117088289,0.4399396012664349,0.8210170022971047,0.17391011118888855,0.38935468899387393,0,15,0,disabled,0,0.0,50.0,alpha
364,0.0,0.0,-29.526357650756836,-0.2812744975090027,1.1250481605529785,0.0003193020820617676,80,0,65,0.04438566043972969,0.02,0.3,120,145,wall,both,0,1,1,1,1,1,0.0,3,3,0,alpha,standard,huber,6.136158586139055,-6.37293030685849,-1.3514447893667787,6.416962116998446,-6.737029156975697,-1.2598116582281136,6.454764465576357,-6.7596981047014655,-1.2450436806056984,59.29446620480719,0.04438566416501999,83,inf,0.0,1.0,disabled,single,3,row_4,row_3,-0.2812744975090027,-0.4023546874523163,0.5122300892925435,0.4538168612309506,0.8160712177065048,0.1210801899433136,0.38770686423098677,0,15,0,disabled,0,0.0,50.0,alpha
368,0.0,0.0,0.0,-0.010194629430770874,0.2024078220129013,0.016344845294952393,0,0,0,0.01571815460920334,0.02,0.3,0,0,wall,both,0,1,1,1,1,1,0.0,0,0,0,alpha,standard,huber,7.394990152532108,-6.821323277291336,-1.1890751532554038,6.594080295856419,-7.224056730738987,-1.2616505066895438,6.610897315791797,-7.250478485275193,-1.2540132443230894,102.647225852967,0.01571815460920334,112,inf,0.0,1.0,disabled,single,3,row_3,row_4,-0.010194629430770874,-1.1559454202651978,0.6634811517560847,0.210977112332309,0.860991715062084,1.1457507908344269,0.40006020348314963,1,16,0,disabled,0,0.0,50.0,alpha
372,0.0,0.0,0.0,-0.0029912935569882393,0.07677570730447769,0.02029639482498169,0,0,0,0.009235630743205547,0.02,0.3,0,0,wall,both,0,1,1,1,1,1,0.0,0,0,0,alpha,standard,huber,7.7286006233048,-7.23637697032282,-1.5719436425012556,6.759257451722291,-7.733806401342645,-1.2748996822481895,6.769528714779077,-7.751293341368687,-1.2652319295673597,171.14263312184426,0.009235630743205547,185,inf,0.0,1.0,disabled,single,3,row_3,row_2,-0.0029912935569882393,-1.4053436517715454,0.6728956372140998,0.16554414367430645,0.8588162043820122,1.4023523582145572,0.3931737388094817,0,16,0,disabled,0,0.0,50.0,alpha
376,0.0,0.0,0.0,-0.23288817703723907,1.0025326013565063,0.048342883586883545,0,0,0,0.006773822475224733,0.02,0.3,0,0,wall,both,0,1,1,1,1,1,0.0,0,0,0,alpha,standard,huber,7.67520019782472,-8.184114717164839,-1.0579153669273902,7.127936623755278,-8.840130021978421,-1.3141754641181442,7.141267272736229,-8.903704664998077,-1.3016294865283549,230.91354363232745,0.006773822475224733,250,inf,0.0,1.0,disabled,single,3,row_3,row_4,-0.23288817703723907,-1.428588628768921,0.6680478336917451,0.2020791245836718,0.8577279815932708,1.1957004517316818,0.17050732364896248,0,16,0,disabled,0,0.0,50.0,alpha
380,0.0,0.0,0.0,-0.2539401352405548,1.0595804452896118,0.033014655113220215,0,0,0,0.0072113461792469025,0.02,0.3,0,0,wall,both,0,1,1,1,1,1,0.0,0,0,0,alpha,standard,huber,5.4090386615127715,-8.643182618033116,-1.6511653332838143,7.308852699462044,-8.901372516420954,-1.2754356119436068,7.260817379238976,-9.001667927437834,-1.2888408536464822,227.17155123078032,0.0072113461792469025,250,inf,0.0,1.0,disabled,single,3,row_4,row_3,-0.2539401352405548,-1.6218501329421997,0.6665625855936065,0.16973256297647493,0.8676530051948004,1.367909997701645,0.15168110666544715,1,17,0,disabled,0,0.0,50.0,alpha
384,0.0,0.0,0.0,-0.39667680859565735,1.3270846605300903,0.03606635332107544,0,0,0,0.006802666932344437,0.02,0.3,0,0,wall,both,0,1,1,1,1,1,0.0,0,0,0,alpha,standard,huber,5.450846141809429,-8.907457817025136,-1.6628805662955477,7.4008133755920245,-9.128004804919675,-1.2564176118322965,7.386362999425838,-9.23874865329686,-1.2739895148418923,231.3568064344473,0.006802666932344437,250,inf,0.0,1.0,disabled,single,3,row_4,row_3,-0.39667680859565735,-1.768437385559082,0.6667577341612405,0.16912975236635366,0.8673991926886022,1.3717605769634247,0.008651707599746261,0,17,0,disabled,0,0.0,50.0,alpha
388,0.0,0.0,0.0,-0.7608703374862671,1.8059468269348145,0.0940517783164978,0,0,0,0.006569572724401951,0.02,0.3,0,0,wall,both,0,1,1,1,1,1,0.0,0,0,0,alpha,standard,huber,8.377428932581203,-8.845249015431953,-0.9329426328253403,7.729401983197506,-9.498919761076895,-1.220285537670376,7.647322995605354,-9.618202724235907,-1.2492205956739661,232.07420497812507,0.006569572724401951,250,inf,0.0,1.0,disabled,single,3,row_3,row_2,-0.7608703374862671,-1.7306805849075317,0.6504709289785684,0.24662929005912487,0.8589834196347483,0.9698102474212646,-0.3308116651868255,1,18,0,disabled,0,0.0,50.0,alpha
392,0.0,0.0,0.0,-0.7859413027763367,1.8746525049209595,0.034932851791381836,0,0,0,0.00813253317028284,0.02,0.3,0,0,wall,both,0,1,1,1,1,1,0.0,0,0,0,alpha,standard,huber,9.889508391975426,-8.60940279296268,-1.080693804935673,7.851861842734378,-9.712111622499672,-1.2351790673668566,7.8058741039036565,-9.808097402072598,-1.2437347767456102,231.0789128543855,0.00813253317028284,250,inf,0.0,1.0,disabled,single,3,row_2,row_3,-0.7859413027763367,-1.5500621795654297,0.6276581317211243,0.2923275047056834,0.8539459304222489,0.764120876789093,-0.3201816657956086,1,19,0,disabled,0,0.0,50.0,alpha
396,0.0,0.0,0.0,-0.9185912609100342,1.9986426830291748,0.08702051639556885,0,0,0,0.008526021614670753,0.02,0.3,0,0,wall,both,0,1,1,1,1,1,0.0,0,0,0,alpha,standard,huber,10.144025017635075,-8.758075440748094,-0.9255220383982312,7.9913883882650705,-9.858277312968177,-1.2274606883954216,7.944192760246893,-9.942656821587398,-1.2295821717983568,228.3693351060353,0.008526021614670753,250,inf,0.0,1.0,disabled,single,3,row_2,row_3,-0.9185912609100342,-1.9457528591156006,0.657325825874833,0.23533692885774732,0.8558215079711746,1.0271615982055664,-0.4990158072742359,0,19,0,disabled,0,0.0,50.0,alpha
400,0.0,0.0,0.0,-1.0250529050827026,2.1331429481506348,0.05830490589141846,0,0,0,0.008393590338528156,0.02,0.3,0,0,wall,both,0,1,1,1,1,1,0.0,0,0,0,alpha,standard,huber,10.510136114148557,-8.87016319995812,-1.0026272659674031,7.940824941652581,-10.10721411352807,-1.356068942451052,7.988135962243319,-10.162127130262157,-1.371308062417816,229.14384711086618,0.008393590338528156,250,inf,0.0,1.0,disabled,single,3,row_2,row_3,-1.0250529050827026,-2.438265085220337,0.6746825192350807,0.16419094645817972,0.8562913027712501,1.4132121801376343,-0.6315398644537062,0,19,0,disabled,0,0.0,50.0,alpha
404,0.0,0.0,0.0,-1.6183360815048218,2.687016010284424,0.05831342935562134,0,0,0,0.007721003144979477,0.02,0.3,0,0,wall,both,0,1,1,1,1,1,0.0,0,0,0,alpha,standard,huber,10.71424051760881,-9.396889382768023,-1.6889789654820164,8.485246807014569,-10.542636134124143,-1.7988974112088383,8.319187570808378,-10.656506528218207,-1.8643578492451123,223.88024370286087,0.007721003144979477,250,inf,0.0,1.0,disabled,single,3,row_2,row_1,-1.6183360815048218,-2.9221839904785156,0.672571497364495,0.18259316074902712,0.8571168140357286,1.3038479089736938,-1.2216892241311923,0,19,1,disabled,0,0.0,50.0,alpha
408,0.0,0.0,0.0,-2.0642764568328857,2.934990882873535,0.19171327352523804,0,0,0,0.006534708198159933,0.02,0.3,0,0,wall,both,0,1,1,1,1,1,0.0,0,0,0,alpha,standard,huber,10.802589007271028,-9.631961318372104,-1.975350259799244,8.631200292492036,-10.699406935431437,-2.0221550928877465,8.457449636163608,-10.790407462451821,-2.0853263660765187,230.66228492885614,0.0065347072668373585,250,inf,0.0,1.0,disabled,single,3,row_2,row_1,-2.0642764568328857,-3.3071601390838623,0.6684416519622267,0.1928794588909122,0.86064539309275,1.2428836822509766,-1.6614702885523742,0,19,1,disabled,0,0.0,50.0,alpha
412,0.0,0.0,0.0,-1.9349100589752197,2.822543144226074,0.20076775550842285,0,0,0,0.006860927678644657,0.02,0.3,0,0,wall,both,0,1,1,1,1,1,0.0,0,0,0,alpha,standard,huber,10.683491213133808,-9.54042942768201,-1.9905699631730092,8.780251378837853,-10.673756628932267,-2.0205879693723903,8.616765597544333,-10.75848780454481,-2.102746674252142,230.64570006572373,0.006860927678644657,250,inf,0.0,1.0,disabled,single,3,row_2,row_1,-1.9349100589752197,-3.2900166511535645,0.6705394847614475,0.17294541030678878,0.8617506871665238,1.3551065921783447,-1.5352373695140602,0,19,1,disabled,0,0.0,50.0,alpha
416,0.0,0.0,0.0,-1.9966195821762085,2.9960546493530273,0.021442055702209473,0,0,0,0.006321464665234089,0.02,0.3,0,0,wall,both,0,1,1,1,1,1,0.0,0,0,0,alpha,standard,huber,7.60868124941291,-10.176906568187356,1.9789243773067149,8.762059048217115,-10.707154550373948,-2.140400130911699,8.665114595149085,-10.783882823713668,-2.2054124834260507,233.51248833227336,0.006321464665234089,250,inf,0.0,1.0,disabled,single,3,row_3,row_4,-1.9966195821762085,-2.7463386058807373,0.6263731656172861,0.2959608792819611,0.8518264327559718,0.7497190237045288,-1.5288106079001824,1,20,1,disabled,0,0.0,50.0,alpha
420,0.0,0.0,-49.837486267089844,-1.7088618278503418,2.7723710536956787,0.014452874660491943,1,0,119,0.029592443257570267,0.02,0.3,120,120,wall,both,0,1,1,1,1,1,0.0,1,1,0,alpha,standard,huber,7.423796378181239,-9.942564627276578,1.94168998566753,8.825802714307056,-10.561749934662124,-2.511369230945652,8.672668221982205,-10.771494946089227,-2.5436640285663765,49.7727020628351,0.029592445120215416,250,inf,0.0,1.0,disabled,single,3,row_3,row_4,-1.7088618278503418,-2.300043821334839,0.6027935741617311,0.33375020142242745,0.846341789883609,0.5911819934844971,-1.2026813555798703,0,20,1,disabled,0,0.0,50.0,alpha
424,0.0,0.0,-48.73613739013672,-1.3677990436553955,2.475191593170166,0.03940629959106445,3,0,93,0.04941686987876892,0.02,0.3,96,96,wall,both,0,1,1,1,1,1,0.0,3,3,0,alpha,standard,huber,7.541567623185035,-9.65318410926685,1.4898017550792533,7.541567623185035,-9.65318410926685,1.4898017550792533,7.994240590978325,-10.194785118975823,2.522886709818824,28.34029086581778,0.04941687360405922,117,inf,0.0,1.0,disabled,single,3,row_3,row_4,-1.3677990436553955,-2.13899564743042,0.6293603955352077,0.29105360351239584,0.8520839444229114,0.7711966037750244,-0.904747823166159,0,20,0,disabled,0,0.0,50.0,alpha
428,0.0,0.0,-49.2729377746582,-1.0495047569274902,2.170888662338257,0.023349404335021973,5,0,115,0.03422245755791664,0.02,0.3,120,120,wall,both,0,1,1,1,1,1,0.0,3,3,0,alpha,standard,huber,7.448683734354161,-9.34066046075151,1.5549458989528784,7.9276420942295776,-9.830324938391705,1.7324329538823706,7.835950556580556,-9.907714691637246,1.9876836970015184,34.071319809876094,0.03422246128320694,80,inf,0.0,1.0,disabled,single,3,row_3,row_4,-1.0495047569274902,-1.778585433959961,0.6237020711965009,0.3008440810298608,0.8507920479288238,0.7290806770324707,-0.5774222822936268,0,20,0,disabled,0,0.0,50.0,alpha
432,0.0,0.0,-48.351104736328125,-1.1805297136306763,1.4612735509872437,0.4159007668495178,4,8,109,0.06088810786604881,0.02,0.3,113,121,wall,both,0,1,1,1,1,1,0.0,3,3,0,alpha,standard,huber,7.7045381361277805,-8.642552889915205,0.8244412548917857,7.54539225646466,-8.782896964288085,0.7781802754536611,7.532751484133989,-8.965267179983565,0.9789376929254736,22.17008282638797,0.06088810786604881,80,inf,0.0,1.0,disabled,single,3,row_3,row_4,-1.1805297136306763,-2.2572860717773438,0.6612512840796736,0.22528754564380626,0.8561961218507812,1.0767563581466675,-0.7669083597165898,0,20,0,disabled,0,0.0,50.0,alpha
436,0.0,0.0,-44.88608932495117,-2.397188425064087,1.3029515743255615,0.7034783363342285,24,10,98,0.04665635526180267,0.02,0.3,105,132,wall,both,0,1,1,1,1,1,0.0,5,5,0,alpha,standard,huber,8.84715542906484,-7.750193189021558,-0.10037703681037247,8.406006197404194,-7.914361776434035,0.22248570262364345,8.299590297390965,-7.961016549610137,0.3551870226156564,51.91706095033715,0.04665635898709297,80,inf,0.0,1.0,disabled,single,3,row_3,row_2,-2.397188425064087,-2.51188063621521,0.5102045099687881,0.4549190241115834,0.8186928386477863,0.11469221115112305,-1.724244791360133,0,20,0,disabled,0,0.0,50.0,alpha
440,0.0,0.0,-35.88816833496094,-1.5268462896347046,0.8567582964897156,0.5780252814292908,65,0,65,0.0935492068529129,0.02,0.3,120,130,wall,both,0,1,1,1,1,1,0.0,7,7,0,alpha,standard,huber,9.543554907184634,-7.314295015498572,-0.21061646391222144,9.450323576036624,-7.594922063050021,0.172409940565669,9.408080623691564,-7.58326085628997,0.2666883081935607,35.557805350958134,0.0935492068529129,80,inf,0.0,1.0,disabled,single,3,row_2,row_3,-1.5268462896347046,-2.250365972518921,0.6284860536469675,0.3048421662618773,0.834581024796877,0.7235196828842163,-1.062404848535266,1,21,0,disabled,0,0.0,50.0,alpha
444,0.0,0.0,-42.339839935302734,-1.945412278175354,0.3627550005912781,0.6851726770401001,55,19,87,0.04315875470638275,0.02,0.3,120,161,wall,both,0,1,1,1,1,1,0.0,6,6,0,alpha,standard,huber,10.064105476007546,-7.0976843749639045,-0.09526898068870526,9.97099115144192,-7.379906475586738,0.10205174806568802,10.008469794493925,-7.391973713852533,0.17448711451105092,49.79768421832316,0.04315875470638275,80,inf,0.0,1.0,disabled,single,3,row_2,row_3,-1.945412278175354,-3.3182172775268555,0.6915192053291314,0.17522763933146765,0.8288377340245344,1.3728049993515015,-1.5765479233456616,0,21,0,disabled,0,0.0,50.0,alpha
448,0.0,0.0,-42.806278228759766,-0.5304705500602722,0.8344604969024658,0.3034045100212097,53,0,98,0.037710368633270264,0.02,0.3,120,151,wall,both,0,1,1,1,1,1,0.0,8,8,0,alpha,standard,huber,10.653189427004081,-7.458833718569223,-0.545635480380132,10.21665086363132,-7.10911540195955,0.21163929947738308,10.36052523797104,-7.194525356429695,0.18381396330592592,71.47703783496759,0.037710368633270264,107,inf,0.0,1.0,disabled,single,3,row_2,row_1,-0.5304705500602722,-1.5618488788604736,0.6625520893314494,0.23620990823378046,0.8454661190658631,1.0313783288002014,-0.11881445125365847,0,21,0,disabled,0,0.0,50.0,alpha
452,0.0,0.0,-36.327247619628906,-1.93826425075531,1.0411055088043213,0.6448739171028137,108,0,61,0.12734727561473846,0.02,0.3,120,169,wall,both,0,1,1,1,1,1,0.0,7,7,0,alpha,standard,huber,11.645645924603617,-6.606135310622324,-0.1492169219593067,10.800033817279036,-6.417202212034706,0.40213078164402677,11.098555141625816,-6.674729199290517,0.28743733528389237,38.13663853893323,0.12734727561473846,175,inf,0.0,1.0,disabled,single,3,row_1,row_2,-1.93826425075531,-2.1146159172058105,0.5342950665576377,0.44791190793299285,0.7663314387949962,0.1763516664505005,-1.3114572172255028,1,22,0,disabled,0,0.0,50.0,alpha
456,0.0,0.0,-31.72129249572754,-0.8362783789634705,0.7129066586494446,0.42097216844558716,91,0,76,0.023371025919914246,0.02,0.3,120,167,wall,both,0,1,1,1,1,1,0.0,10,10,0,alpha,standard,huber,12.054297142702856,-6.728913634897047,-0.4037037868200839,10.964860885537647,-5.855265462525502,0.48410816143727614,11.282168878945297,-6.148005728713194,0.4024661955701272,140.94699442786234,0.023371027782559395,250,inf,0.0,1.0,disabled,single,3,row_1,row_2,-0.8362783789634705,-1.4593064785003662,0.6448130729013547,0.3458248267555023,0.6938765294196851,0.6230280995368958,-0.3974835653189664,0,22,0,disabled,0,0.0,50.0,alpha
460,0.0,0.0,-35.33140563964844,-0.43360579013824463,1.0053317546844482,0.22628933191299438,120,11,31,0.012557161040604115,0.02,0.3,120,162,wall,both,0,1,1,1,1,1,0.0,9,9,0,alpha,standard,huber,10.60505591169818,-3.759232302563472,1.073160712397108,11.098348909675458,-5.490180403607218,0.5615672452996127,11.329953253287869,-5.722820812351799,0.47822214382512174,181.8153253917048,0.012557161040604115,250,inf,0.0,1.0,disabled,single,3,row_2,row_1,-0.43360579013824463,-0.7011511325836182,0.5416615541548687,0.4145095545619093,0.8342151038172398,0.26754534244537354,0.17950812127602633,1,23,0,disabled,0,0.0,50.0,alpha
464,0.0,0.0,-26.99711799621582,-0.2642096281051636,1.0903867483139038,2.4974346160888672e-05,84,4,45,0.037919364869594574,0.02,0.3,120,133,wall,both,0,1,1,1,1,1,0.0,9,9,0,alpha,standard,huber,8.577333122778569,-4.313792714130208,1.7522125006069622,10.720242581096578,-4.61653219039305,0.9723692069456884,11.165893269136372,-5.025578072951277,0.730720808650358,117.38811788926226,0.037919364869594574,250,inf,0.0,1.0,disabled,single,3,row_2,row_3,-0.2642096281051636,-0.4608781337738037,0.5280786365624776,0.4337970074145287,0.8240300298021488,0.19666850566864014,0.37430044537663243,0,23,0,disabled,0,0.0,50.0,alpha
468,0.0,0.0,-25.759204864501953,-0.2521880865097046,1.0635722875595093,0.014116942882537842,86,2,39,0.014513136819005013,0.02,0.3,120,127,wall,both,0,1,1,1,1,1,0.0,6,6,0,alpha,standard,huber,8.51077426359471,-3.8217440832018865,1.9275073206005189,10.240602613963368,-3.61022353907266,1.3689561783288389,10.801202594957832,-4.117881471497128,1.0557278535083379,165.86724016945556,0.014513134956359863,250,inf,0.0,1.0,disabled,single,3,row_2,row_3,-0.2521880865097046,-0.47072911262512207,0.5327268423856233,0.42814750576642924,0.8254803674021783,0.21854102611541748,0.37755839050862805,0,23,0,disabled,0,0.0,50.0,alpha
472,0.0,0.0,-24.508106231689453,-0.24895276129245758,1.0424491167068481,0.042762577533721924,105,0,23,0.02103268913924694,0.02,0.3,120,128,wall,both,0,1,1,1,1,1,0.0,8,8,0,alpha,standard,huber,8.487147372575945,-3.5851435822475843,2.052778963657998,9.938599409171054,-3.0485036748725216,1.5807952467715052,10.394385831784351,-3.410269325718505,1.3227480924867203,146.16199527133193,0.02103268913924694,250,inf,0.0,1.0,disabled,single,3,row_2,row_3,-0.24895276129245758,-0.4893490970134735,0.5373530980173488,0.4225294214377084,0.8267729607335893,0.24039633572101593,0.37214710105699167,0,23,0,disabled,0,0.0,50.0,alpha
476,0.0,0.0,-23.804746627807617,-0.2847685217857361,1.1320127248764038,0.0005493760108947754,96,5,34,0.030881313607096672,0.02,0.3,120,135,wall,both,0,1,1,1,1,1,0.0,9,9,0,alpha,standard,huber,8.406600118824704,-3.640878936345777,1.7924293328911283,9.29809864587763,-2.6196218599372516,1.7651340405904785,9.852462879800727,-2.7344195683051336,1.549311253662104,117.8395115414131,0.03088131733238697,250,inf,0.0,1.0,disabled,single,3,row_2,row_3,-0.2847685217857361,-0.4227258563041687,0.5157749412388352,0.44931004616896475,0.8180879116802805,0.13795733451843262,0.3773162472503022,0,23,0,disabled,0,0.0,50.0,alpha
480,0.0,0.0,-22.02373695373535,-0.1433734893798828,0.8003095984458923,0.01597130298614502,109,0,18,0.021930087357759476,0.02,0.3,120,127,wall,both,0,1,1,1,1,1,0.0,7,7,0,alpha,standard,huber,8.514781254186401,-2.3469248175294775,1.9216955949516876,8.752872493680966,-2.1493596470748493,1.811032364563133,9.2542015143656,-2.1095264171926345,1.6868662633701907,115.4690214909918,0.021930087357759476,191,inf,0.0,1.0,disabled,single,3,row_2,row_3,-0.1433734893798828,-0.651553750038147,0.586505989061036,0.35283573860780704,0.850505740331995,0.5081802606582642,0.39019891003309315,0,23,0,disabled,0,0.0,50.0,alpha
484,0.0,0.0,-23.84807586669922,-0.14831501245498657,0.80797278881073,0.02819138765335083,109,0,23,0.03839244693517685,0.02,0.3,120,132,wall,both,0,1,1,1,1,1,0.0,8,8,0,alpha,standard,huber,8.438559562779135,-1.9527777971727578,1.9807438170067835,8.443371096163377,-1.9321214759954752,1.8699777444483499,8.792413037576765,-1.8761684394288856,1.7713746832165072,61.70474330103815,0.03839245066046715,87,inf,0.0,1.0,disabled,single,3,row_2,row_3,-0.14831501245498657,-0.649398922920227,0.5847371695219881,0.354276808659797,0.851975210652218,0.5010839104652405,0.3882778031214785,0,23,0,disabled,0,0.0,50.0,alpha
488,0.0,0.0,-22.688426971435547,-0.20458075404167175,0.9225976467132568,0.06148099899291992,102,6,22,0.03149157762527466,0.02,0.3,120,130,wall,both,0,1,1,1,1,1,0.0,11,11,0,alpha,standard,huber,8.281732128833267,-1.5187918149063109,2.0127399544351183,8.285311243684848,-1.6109423539069445,1.9533027239769822,8.475158129250937,-1.5416732600231802,1.875061780798811,62.439772583879886,0.03149157762527466,80,inf,0.0,1.0,disabled,single,3,row_2,row_3,-0.20244961977005005,-0.5903921723365784,0.5646944541450307,0.3831176963609761,0.8443801166789319,0.3879425525665283,0.3690208634686636,0,23,0,disabled,0,0.0,50.0,alpha
492,0.0,0.0,-28.245738983154297,-0.3324722349643707,1.2231619358062744,3.814697265625e-06,103,12,39,0.022580446675419807,0.02,0.3,120,154,wall,both,0,1,1,1,1,1,0.0,9,9,0,alpha,standard,huber,7.598724073064776,0.027384053852681056,1.744162336113111,7.83888743309295,-0.4300811934161984,1.939112337101048,7.958927303207801,-0.40076438451743795,1.8847856982994529,108.60353285167221,0.022580446675419807,148,inf,0.0,1.0,disabled,single,3,row_3,row_2,-0.3324722349643707,-0.3727608025074005,0.49463149748648466,0.47509960094960674,0.8076453197786811,0.040288567543029785,0.3714700082114776,1,24,0,disabled,0,0.0,50.0,alpha
496,0.0,0.0,-30.703128814697266,-0.3448251783847809,1.2456777095794678,0.00011867284774780273,103,26,25,0.020993521437048912,0.02,0.3,120,154,wall,both,0,1,1,1,1,1,0.0,5,5,0,alpha,standard,huber,7.2860689015862805,1.8222914428185844,1.7789430110770086,7.021822479774082,1.6544838024140631,1.9116399702648588,7.1147353021958715,1.7421015570026652,1.885185177362418,92.04464660248004,0.020993521437048912,112,inf,0.0,1.0,disabled,single,3,row_3,row_2,-0.3448251783847809,-0.36637717485427856,0.4895193387869857,0.4790820954368247,0.8108977258923386,0.02155199646949768,0.3695061321814693,0,24,0,disabled,0,0.0,50.0,alpha
500,0.0,0.0,-28.849348068237305,-0.12188206613063812,0.7399343252182007,0.007253885269165039,111,11,13,0.01252426765859127,0.02,0.3,120,135,wall,both,0,1,1,1,1,1,0.0,3,3,0,alpha,standard,huber,7.244796449484802,4.869750081659343,1.8609736825932384,6.294579537703601,4.0863179494342985,1.9134744808636281,6.306103017008487,4.130976879128432,1.9071090198739054,171.50705953092506,0.012524268589913845,196,inf,0.0,1.0,disabled,single,3,row_2,row_3,-0.12188206613063812,-0.680595338344574,0.5941824386743425,0.3398393941317599,0.8554525917476704,0.5587132722139359,0.39868680483001173,1,25,0,disabled,0,0.0,50.0,alpha
504,0.0,0.0,-24.80714988708496,-0.2907984256744385,1.1438934803009033,0.0023407340049743652,106,10,26,0.008978521451354027,0.02,0.3,120,142,wall,both,0,1,1,1,1,1,0.0,3,3,0,alpha,standard,huber,6.756107826367294,5.330015293606358,1.8088871920681155,6.235828298367878,4.770269726866093,1.897364895329834,6.162913614534114,4.781616067675869,1.9101520881088945,208.39953317010804,0.008978520520031452,250,inf,0.0,1.0,disabled,single,3,row_2,row_3,-0.2907984256744385,-0.40878134965896606,0.5103676770586231,0.4535694850775073,0.8216991093349643,0.11798292398452759,0.38182545192936024,0,25,0,disabled,0,0.0,50.0,alpha
508,0.0,0.0,-29.24311637878418,-0.3460024297237396,1.2477248907089233,0.0032457709312438965,92,14,38,0.01514559704810381,0.02,0.3,103,144,wall,both,0,1,1,1,1,1,0.0,6,6,0,alpha,standard,huber,6.422118853874739,6.542925235655419,1.818089437608858,6.009973098758701,5.921177632900262,1.8898535083259018,5.894847634037243,5.929458056928228,1.8985163044615678,178.4173187688921,0.01514559704810381,250,inf,0.0,1.0,disabled,single,3,row_3,row_2,-0.3460024297237396,-0.3605467677116394,0.4886469324140005,0.4815913202531423,0.8064052552801481,0.01454433798789978,0.370112640168484,1,26,0,disabled,0,0.0,50.0,alpha
512,0.0,0.0,-29.326587677001953,-0.3110329210758209,1.1829450130462646,0.003968298435211182,99,12,47,0.03445715084671974,0.02,0.3,118,158,wall,both,0,1,1,1,1,1,0.0,4,4,0,alpha,standard,huber,6.236346605268383,7.2565753949619864,1.8266149911508816,5.889457820230001,6.738220006705278,1.9420656034337151,5.783135049768333,6.694144184101416,1.946807380252979,118.35410833704351,0.03445715084671974,250,inf,0.0,1.0,disabled,single,3,row_3,row_2,-0.3110329210758209,-0.40288209915161133,0.5055255496539178,0.461162005162121,0.8151128249137723,0.0918491780757904,0.3711237773918685,0,26,0,disabled,0,0.0,50.0,alpha
516,0.0,0.0,0.0,-9.73409041762352e-05,0.014010063372552395,0.003627955913543701,0,0,0,0.006367136724293232,0.02,0.3,0,0,wall,both,0,1,1,1,1,1,0.0,0,0,0,alpha,standard,huber,4.875465542861313,8.147346643449035,1.8508899530223673,5.384403544374351,7.9796605560312885,1.9173828130002597,5.347094439865851,7.950167967193765,1.9352885791491055,229.35052208202944,0.006367137189954519,250,inf,0.0,1.0,disabled,single,3,row_3,row_4,-9.73409041762352e-05,-1.391510248184204,0.6693269486432541,0.16647743021008254,0.8638514769190637,1.3914129072800279,0.40138528485954655,0,26,0,disabled,0,0.0,50.0,alpha
520,0.0,0.0,0.0,-5.5494085245300084e-05,0.011914027854800224,0.0024223923683166504,0,0,0,0.005923842079937458,0.02,0.3,0,0,wall,both,0,1,1,1,1,1,0.0,0,0,0,alpha,standard,huber,2.517451787543007,7.033477719065459,1.8128282658500847,5.22603887232405,8.097602901854472,1.885309590859115,5.252376205425993,8.105004760457428,1.9103696965493242,233.04859537084866,0.005923842079937458,250,inf,0.0,1.0,disabled,single,3,row_4,row_5,-5.5494085245300084e-05,-1.3985475301742554,0.6701603279268804,0.1655088955770086,0.8626903704633319,1.39849203608901,0.40018280572520615,1,27,0,disabled,0,0.0,50.0,alpha
524,0.0,0.0,0.0,-0.00024188446695916355,0.032952334731817245,0.00037795305252075195,0,0,0,0.005369154270738363,0.02,0.3,0,0,wall,both,0,1,1,1,1,1,0.0,0,0,0,alpha,standard,huber,4.8284473524976725,8.483358862186055,1.7381876099095512,4.924320144065566,8.787510413200733,1.8551935454941404,4.95160695405861,8.821036952485592,1.8834391079086181,235.97022210406743,0.005369154270738363,250,inf,0.0,1.0,disabled,single,3,row_3,row_2,-0.00024188446695916355,-1.3825055360794067,0.6681444259256969,0.16771073921481658,0.8654905432058231,1.3822636516124476,0.40300903787218967,1,28,0,disabled,0,0.0,50.0,alpha
528,0.0,0.0,0.0,-5.999822315061465e-05,0.01643090695142746,3.069639205932617e-05,0,0,0,0.0054501560516655445,0.02,0.3,0,0,wall,both,0,1,1,1,1,1,0.0,0,0,0,alpha,standard,huber,4.7675168914920825,8.706722727347083,1.7578500548398726,4.826288706840405,9.066158949989957,1.8344515236088532,4.828344172618029,9.123955411312906,1.8592961903579583,231.93622052626785,0.0054501560516655445,250,inf,0.0,1.0,disabled,single,3,row_3,row_4,-5.999822315061465e-05,-1.3804599046707153,0.6677498902649034,0.1679243837254428,0.8660394309695176,1.3803999064475647,0.40378159310452905,0,28,0,disabled,0,0.0,50.0,alpha
532,0.0,0.0,0.0,-0.0001662365102674812,0.027245784178376198,0.0005586147308349609,0,0,0,0.005832125898450613,0.02,0.3,0,0,wall,both,0,1,1,1,1,1,0.0,0,0,0,alpha,standard,huber,4.686817402078908,9.242709880350507,1.7729649725326695,4.6217355149044,9.34610576881407,1.819611521576703,4.664084627019276,9.416718400586927,1.8395031776768889,224.54186268153404,0.0058321263641119,250,inf,0.0,1.0,disabled,single,3,row_3,row_4,-0.0001662365102674812,-1.4044890403747559,0.6715683152517845,0.16489236739351373,0.8607111207578418,1.4043228038644884,0.39797329638648643,0,28,0,disabled,0,0.0,50.0,alpha
536,0.0,0.0,0.0,-0.00039677071617916226,0.02367229573428631,0.008166968822479248,0,0,0,0.005640697665512562,0.02,0.3,0,0,wall,both,0,1,1,1,1,1,0.0,0,0,0,alpha,standard,huber,2.293128642862085,8.501891085120167,1.6322033255767723,4.567208557315588,9.489271498944703,1.77072815855783,4.577982176126979,9.575811468532294,1.8044309892970656,226.76400866270876,0.005640697665512562,250,inf,0.0,1.0,disabled,single,3,row_4,row_3,-0.00039677071617916226,-1.341503620147705,0.6662387421962057,0.17425874390989352,0.8678297387560978,1.341106849431526,0.4057104301951471,1,29,0,disabled,0,0.0,50.0,alpha
540,0.0,0.0,0.0,-0.00013472540013026446,0.02460538037121296,0.00021380186080932617,0,0,0,0.005410594400018454,0.02,0.3,0,0,wall,both,0,1,1,1,1,1,0.0,0,0,0,alpha,standard,huber,2.1978252860075727,9.003547812866332,1.7807744745138354,4.417491056427156,9.690933031190973,1.765584086568727,4.455412686516977,9.783255109654657,1.786618025044877,232.86372126970628,0.005410594400018454,250,inf,0.0,1.0,disabled,single,3,row_4,row_3,-0.00013472540013026446,-1.351986289024353,0.6670426566288412,0.17260442803453682,0.8668162230899302,1.3518515636242228,0.4047665567445085,0,29,0,disabled,0,0.0,50.0,alpha
544,0.0,0.0,0.0,-0.0023371432907879353,0.08625106513500214,0.012945055961608887,0,0,0,0.005739424843341112,0.02,0.3,0,0,wall,both,0,1,1,1,1,1,0.0,0,0,0,alpha,standard,huber,2.1306251488974546,8.765893592776154,1.5990168919892929,4.163166103709607,9.811205079596002,1.794819526824476,4.269986232093674,9.911249633350435,1.802198353853651,229.54103196790675,0.005739424843341112,250,inf,0.0,1.0,disabled,single,3,row_4,row_5,-0.0023371432907879353,-1.3052648305892944,0.665819375590711,0.18092647597126338,0.8675891714812112,1.3029276872985065,0.4043997097562073,0,29,0,disabled,0,0.0,50.0,alpha
548,0.0,0.0,0.0,-0.0006782870041206479,0.050140753388404846,0.00541311502456665,0,0,0,0.005874750204384327,0.02,0.3,0,0,wall,both,0,1,1,1,1,1,0.0,0,0,0,alpha,standard,huber,2.2458739396324376,8.889196662707798,1.6559985814177747,3.9855180588046317,9.94826210156124,1.8978268767263287,4.086614230104672,10.045833609758922,1.8861305201802923,230.03046286362772,0.0058747511357069016,250,inf,0.0,1.0,disabled,single,3,row_4,row_3,-0.0006782870041206479,-1.3213354349136353,0.6663809897341423,0.17789694389192096,0.8672215774040435,1.3206571479095146,0.40521542834179103,0,29,0,disabled,0,0.0,50.0,alpha
552,0.0,0.0,-19.13859748840332,-0.24272748827934265,0.8428896069526672,0.1441786289215088,75,0,4,0.07539048790931702,0.02,0.3,79,79,wall,both,0,1,1,1,1,1,0.0,1,1,0,alpha,standard,huber,2.6541918213908087,9.689320211562507,2.3037545730802726,3.122783876084926,9.835481546980889,2.096257402717495,3.5097449095397533,10.073487244149408,2.0427928554908314,53.67167770565524,0.07539049535989761,250,inf,0.0,1.0,disabled,single,3,row_4,row_3,-0.24272748827934265,-0.9819951057434082,0.6246492992771376,0.29824722409588167,0.852353134039736,0.7392676174640656,0.22783741961036463,0,29,0,disabled,0,0.0,50.0,alpha
556,0.0,0.0,0.0,-0.3346545994281769,1.2208378314971924,0.029050350189208984,0,0,0,0.0064125871285796165,0.02,0.3,0,0,wall,both,0,1,1,1,1,1,0.0,0,0,0,alpha,standard,huber,8.821545743464904,11.190454576185088,1.9171124863190965,2.7725386218259733,10.745344811910579,2.6096776829322286,2.885881897014933,10.870840542341085,2.622037771990307,230.26683717744135,0.0064125871285796165,250,inf,0.0,1.0,disabled,single,3,row_1,row_2,-0.3346545994281769,-1.028817057609558,0.6607384386625728,0.33003397306889937,0.6829069259655611,0.6941624581813812,0.07974262351727168,1,30,0,disabled,0,0.0,50.0,alpha
560,0.0,0.0,-30.093204498291016,-1.3258543014526367,2.2746546268463135,0.20769166946411133,42,0,42,0.05499256029725075,0.02,0.3,83,84,wall,both,0,1,1,1,1,1,0.0,3,3,0,alpha,standard,huber,8.27537415100576,12.10000962328061,2.331697520575352,2.324341544836672,11.014064378412652,-2.8292878379720876,2.229975436951539,11.1481214671911,-2.8216460364931812,112.92086197811894,0.05499256029725075,250,inf,0.0,1.0,disabled,single,3,row_1,row_2,-1.3258543014526367,-1.5696542263031006,0.5498068378672792,0.43085305306823773,0.7679690163409874,0.24379992485046387,-0.7276660351328168,0,30,0,disabled,0,0.0,50.0,alpha
564,0.0,0.0,-40.117000579833984,-0.10936803370714188,0.6883150339126587,0.031632423400878906,28,0,92,0.03480501100420952,0.02,0.3,120,120,wall,both,0,1,1,1,1,1,0.0,2,2,0,alpha,standard,huber,0.032973947996663644,9.080447590302683,-1.6458836850095195,1.4050314933351764,10.131282915818321,-2.0356923641034985,1.5633724092995789,10.518325420789044,-2.1669374206706586,46.17328213579701,0.03480501472949982,250,inf,0.0,1.0,disabled,single,3,row_5,row_4,-0.10936803370714188,-1.025432825088501,0.640993242482341,0.2564552340694899,0.8676073907924257,0.9160647913813591,0.33536833055912796,1,31,0,disabled,0,0.0,50.0,alpha
568,0.0,0.0,-39.0517692565918,-0.311501145362854,1.0720661878585815,0.11723208427429199,34,7,65,0.02312317118048668,0.02,0.3,99,106,wall,both,0,1,1,1,1,1,0.0,10,10,0,alpha,standard,huber,1.2334497342334974,9.510354190006256,-1.870572545373888,0.3498635533678356,8.948964146234678,-1.0635569322056955,0.6809019239497575,9.33823516658001,-1.1688562463110062,117.46633004292455,0.02312317304313183,207,inf,0.0,1.0,disabled,single,3,row_4,row_5,-0.311501145362854,-0.8003650307655334,0.5836132140777057,0.35794329261722324,0.8479912557638389,0.48886388540267944,0.22701567487313867,1,32,0,disabled,0,0.0,50.0,alpha
572,0.0,0.0,-30.68775749206543,-0.23799438774585724,1.0007604360580444,0.06149262189865112,54,0,64,0.033065225929021835,0.02,0.3,104,118,wall,both,0,1,1,1,1,1,0.0,12,12,0,alpha,standard,huber,1.2071263961559398,9.25354569645081,-1.7340125720609707,0.2033977297670767,8.54544964782978,-1.0305818863490819,0.4573009950862883,8.810394068389124,-1.0275990055085953,130.27217697267778,0.033065225929021835,250,inf,0.0,1.0,disabled,single,3,row_4,row_5,-0.23799438774585724,-0.6409236788749695,0.5679827733265627,0.37961660093374466,0.8435025705031817,0.40292929112911224,0.327669801625469,0,32,0,disabled,0,0.0,50.0,alpha
576,0.0,0.0,-28.54319190979004,-0.4069533944129944,0.27832266688346863,0.30900830030441284,71,0,35,0.029452230781316757,0.02,0.3,96,106,wall,both,0,1,1,1,1,1,0.0,12,12,0,alpha,standard,huber,0.18588876487087666,7.4402963673522455,-0.5943744466860368,0.3949117223161629,8.105828718563616,-1.008548215425918,0.5287189805390212,8.24776742463339,-0.9711484823245393,119.29097829616956,0.02945222705602646,229,inf,0.0,1.0,disabled,single,3,row_5,row_4,-0.4069533944129944,-1.4967633485794067,0.656566706217615,0.22079051217906157,0.8671144079049772,1.0898099541664124,0.013777587126561075,1,33,0,disabled,0,0.0,50.0,alpha
580,0.0,0.0,-27.30423927307129,-0.19666220247745514,0.9406107068061829,0.0035492777824401855,79,2,27,0.018811415880918503,0.02,0.3,88,108,wall,both,0,1,1,1,1,1,0.0,10,10,0,alpha,standard,huber,0.822190252647827,7.648995834870766,-1.3180328095704488,0.5188582144450411,7.882373010132853,-1.082954386332219,0.6056938510939638,7.926268186993499,-1.0127979439193657,136.59690907348184,0.018811415880918503,207,inf,0.0,1.0,disabled,single,3,row_5,row_4,-0.19666220247745514,-0.5523022413253784,0.5585004144534187,0.3913550959945905,0.8425470664264532,0.3556400388479233,0.38583771591258875,0,33,0,disabled,0,0.0,50.0,alpha
584,0.0,0.0,-28.689193725585938,-0.0691758543252945,0.3918086588382721,0.09268277883529663,101,0,42,0.020986337214708328,0.02,0.3,120,143,wall,both,0,1,1,1,1,1,0.0,12,12,0,alpha,standard,huber,0.41562136740875033,6.766470779130989,-0.9683728352322554,0.7033784979565181,7.3299494245616055,-0.9874850526385217,0.7577065992525356,7.440824491876283,-0.9857454278204161,130.6044117400237,0.020986337214708328,202,inf,0.0,1.0,disabled,single,3,row_5,row_4,-0.0691758543252945,-1.0405045747756958,0.6479590084793249,0.24530411227236068,0.8646945398525437,0.9713287204504013,0.36475198882503257,0,33,0,disabled,0,0.0,50.0,alpha
588,0.0,0.0,-27.55888557434082,-0.13056910037994385,0.6846520304679871,0.0804281234741211,90,1,38,0.017706841230392456,0.02,0.3,120,129,wall,both,0,1,1,1,1,1,0.0,13,13,0,alpha,standard,huber,0.8028333672456274,6.281041333272871,-0.9688778889673024,1.0114064914907182,6.7240657750452595,-1.0753844235167442,1.0647430380797616,6.793740951165539,-1.0276618580155064,105.21720293615469,0.017706843093037605,159,inf,0.0,1.0,disabled,single,3,row_5,row_4,-0.13056910037994385,-0.7787373661994934,0.6095483440264498,0.31879555294858336,0.8550744232878915,0.6481682658195496,0.36446791530960027,0,33,0,disabled,0,0.0,50.0,alpha
592,0.0,0.0,-23.062625885009766,-0.25296562910079956,0.867827832698822,0.1448209285736084,131,1,15,0.06406384706497192,0.02,0.3,120,147,wall,both,0,1,1,1,1,1,0.0,13,13,0,alpha,standard,huber,1.1176834851973927,5.643316318871555,-0.827784798098619,1.210279678098599,6.148368232649699,-1.0159644983994907,1.276293390567031,6.22095333879054,-1.014544374084541,44.273671234632936,0.06406385451555252,83,inf,0.0,1.0,disabled,single,3,row_5,row_4,-0.25296562910079956,-0.6924269795417786,0.5754837153137227,0.37083216719802614,0.8428545116661372,0.439461350440979,0.29957871870755337,0,33,0,disabled,0,0.0,50.0,alpha
596,0.0,0.0,-30.59113121032715,-0.1614493578672409,0.7805667519569397,0.07989329099655151,104,18,19,0.03256780281662941,0.02,0.3,113,141,wall,both,0,1,1,1,1,1,0.0,10,10,0,alpha,standard,huber,1.0815338155489953,5.3800349416622755,-0.9702412477682083,1.400627492482083,5.7130243558295435,-1.0933629616272087,1.463362253963874,5.750700680260724,-1.0449236420800982,59.47809248206908,0.03256780281662941,80,inf,0.0,1.0,disabled,single,3,row_5,row_4,-0.1614493578672409,-0.671367883682251,0.5870785734247008,0.3525668116804363,0.8496789572133909,0.5099185258150101,0.3711472543252816,0,33,0,disabled,0,0.0,50.0,alpha
600,0.0,0.0,-28.563919067382812,-0.26772674918174744,1.0973907709121704,0.005237221717834473,120,0,28,0.02692829631268978,0.02,0.3,118,148,wall,both,0,1,1,1,1,1,0.0,12,12,0,alpha,standard,huber,1.6073412335980313,4.325714541998361,-1.2802427892329906,1.6434673709631864,5.0731756345809345,-1.0296473247480926,1.6910945559828212,5.156356941745143,-1.0310788853916408,76.39250414124463,0.02692829817533493,102,inf,0.0,1.0,disabled,single,3,row_5,row_4,-0.26772674918174744,-0.4201757609844208,0.5175855847562978,0.44440036577201747,0.8255917941726657,0.15244901180267334,0.39085363716323385,0,33,0,disabled,0,0.0,50.0,alpha
604,0.0,0.0,-21.897674560546875,-0.31384116411209106,1.188356876373291,0.002251565456390381,129,0,29,0.123088538646698,0.02,0.3,110,158,wall,both,0,1,1,1,1,1,0.0,14,14,0,alpha,standard,huber,1.531056003355558,5.212581022457558,-1.315514693673971,1.743670260856467,4.74236139654034,-1.2105710643905094,1.8365599750081496,4.734101947519831,-1.1255739573900727,19.079333093947447,0.123088538646698,148,inf,0.0,1.0,disabled,single,3,row_5,row_4,-0.3138313889503479,-0.36541682481765747,0.4962981132381331,0.47134548789207925,0.8132378387843675,0.05158543586730957,0.3867471091016085,0,33,0,disabled,0,0.0,50.0,alpha
608,0.0,0.0,-30.768239974975586,-0.2646390199661255,0.6022013425827026,0.21234989166259766,100,34,18,0.021869469434022903,0.02,0.3,113,152,wall,both,0,1,1,1,1,1,0.0,15,15,0,alpha,standard,huber,2.3064472188759826,4.781928530365353,-0.7169741895826882,1.9492462118061487,4.2540633782754815,-1.1831320932216751,2.0244416983802176,4.2062278636783486,-1.1544638010872306,79.04855005610408,0.021869471296668053,97,inf,0.0,1.0,disabled,single,3,row_4,row_5,-0.2646390199661255,-0.9627005457878113,0.6162895956217158,0.30663418276596116,0.8583232931892071,0.6980615258216858,0.21939928319304947,1,34,0,disabled,0,0.0,50.0,alpha
612,0.0,0.0,-26.336830139160156,-0.26386821269989014,1.0896738767623901,0.0009860992431640625,117,2,31,0.026357579976320267,0.02,0.3,106,150,wall,both,0,1,1,1,1,1,0.0,14,14,0,alpha,standard,huber,2.1674482368573567,2.9056817246586477,-1.386626360787,2.0988749727114575,3.4574749955545934,-1.218834978455208,2.217211321991974,3.4510445013778437,-1.1863762487188287,73.22820268203739,0.026357579976320267,92,inf,0.0,1.0,disabled,single,3,row_4,row_5,-0.26386821269989014,-0.4341575801372528,0.5217478486100285,0.44005294758802305,0.8253740374203535,0.17028936743736267,0.38670264374497887,0,34,0,disabled,0,0.0,50.0,alpha
616,0.0,0.0,-23.275455474853516,-0.25384408235549927,1.0687834024429321,0.0001537799835205078,113,0,25,0.015043790452182293,0.02,0.3,101,138,wall,both,0,1,1,1,1,1,0.0,14,14,0,alpha,standard,huber,2.258044047166121,2.4410309668450347,-1.3930267296877774,2.4547783059128188,2.3833844919515124,-1.3248125564548368,2.532186300237907,2.4082277682873285,-1.275786795679263,130.60179191442373,0.015043791383504868,159,inf,0.0,1.0,disabled,single,3,row_4,row_5,-0.25384408235549927,-0.43904510140419006,0.5252861607898478,0.4364798289013276,0.824830037921805,0.1852010190486908,0.3899680143595732,0,34,0,disabled,0,0.0,50.0,alpha
620,0.0,0.0,-26.173471450805664,-0.1795998215675354,0.8858553767204285,0.035738468170166016,118,12,8,0.026865487918257713,0.02,0.3,106,138,wall,both,0,1,1,1,1,1,0.0,12,12,0,alpha,standard,huber,4.295149594843665,2.2156620599431736,-1.1073332312164412,2.645151453203824,1.6722911684588082,-1.3276069704243978,2.694692935142682,1.6731450340632317,-1.3018193167385768,114.8760123459953,0.026865489780902863,185,inf,0.0,1.0,disabled,single,3,row_4,row_3,-0.1795998215675354,-0.5966664552688599,0.5700697055085833,0.3756628291177869,0.8463011239837377,0.41706663370132446,0.3823968136969277,0,34,0,disabled,0,0.0,50.0,alpha
624,0.0,0.0,-25.62619400024414,-0.19923728704452515,0.937516987323761,0.030981242656707764,113,12,10,0.01681378483772278,0.02,0.3,120,135,wall,both,0,1,1,1,1,1,0.0,6,6,0,alpha,standard,huber,4.450235535764003,1.6979329421022773,-1.1259178914543866,2.829809343947587,1.2267250991018317,-1.3089743510368055,2.829588083621661,1.2078442059254546,-1.3106028209896834,146.26074643944685,0.016813786700367928,185,inf,0.0,1.0,disabled,single,3,row_4,row_3,-0.19923728704452515,-0.5501450896263123,0.5578123867919211,0.3927270647532626,0.8413789466204098,0.3509078025817871,0.38449531047963126,0,34,0,disabled,0,0.0,50.0,alpha
628,0.0,0.0,-24.226261138916016,-0.21807026863098145,0.9573352932929993,0.059408605098724365,119,12,8,0.025124667212367058,0.02,0.3,118,139,wall,both,0,1,1,1,1,1,0.0,7,7,0,alpha,standard,huber,4.528784986753544,1.3942276839906889,-1.0482342427376476,3.1843424524315496,0.7007491671557937,-1.289161936170434,3.096569022906098,0.6590010064789973,-1.2995924340473806,118.80287549180109,0.025124669075012207,164,inf,0.0,1.0,disabled,single,3,row_4,row_3,-0.2165684551000595,-0.540623664855957,0.5526467394137132,0.3996798213968745,0.8393709707146919,0.3240552097558975,0.376467834054373,0,34,0,disabled,0,0.0,50.0,alpha
632,0.0,0.0,-20.957687377929688,-0.30334794521331787,1.1683602333068848,1.1146068572998047e-05,94,0,32,0.013243899680674076,0.02,0.3,110,126,wall,both,0,1,1,1,1,1,0.0,13,13,0,alpha,standard,huber,2.41087386139643,0.2533270901080612,-1.3970915440301546,3.205970162234208,0.4863642906086802,-1.2911865869034518,3.18775672388991,0.45250054112621385,-1.2955198723504375,152.34251122008556,0.013243899680674076,191,inf,0.0,1.0,disabled,single,3,row_5,row_4,-0.30334794521331787,-0.3917434811592102,0.5041484432421117,0.461496845685664,0.8179600599446951,0.08839553594589233,0.3815365788206827,1,35,0,disabled,0,0.0,50.0,alpha
636,0.0,0.0,-26.253034591674805,-0.23883244395256042,1.0230066776275635,0.03918564319610596,118,14,8,0.008406277745962143,0.02,0.3,120,140,wall,both,0,1,1,1,1,1,0.0,10,10,0,alpha,standard,huber,4.728033156270449,0.6495022174501696,-1.1137915016527273,3.265998052436606,0.11655479873219576,-1.250160255498823,3.278641949455513,0.09830929588998283,-1.2689128368458829,208.8597825617449,0.008406277745962143,246,inf,0.0,1.0,disabled,single,3,row_4,row_3,-0.23883244395256042,-0.49803468585014343,0.539900318889896,0.4166232290745425,0.8338847853977424,0.259202241897583,0.3775383071592866,1,36,0,disabled,0,0.0,50.0,alpha
640,0.0,0.0,-24.542192459106445,-0.26649218797683716,1.095086693763733,3.898143768310547e-05,96,10,35,0.00769530376419425,0.02,0.3,120,141,wall,both,0,1,1,1,1,1,0.0,12,12,0,alpha,standard,huber,4.8956079214126165,0.11931126678396858,-1.4034924814333167,3.3880244097328784,-0.28919070651221906,-1.2312856435663395,3.3994918071787996,-0.3097074065508797,-1.2462938372620667,215.07441299831927,0.007695304695516825,250,inf,0.0,1.0,disabled,single,3,row_4,row_3,-0.26649218797683716,-0.451314777135849,0.5247298708806503,0.4361826202156258,0.8270014946249226,0.18482258915901184,0.37837949248641656,0,36,0,disabled,0,0.0,50.0,alpha
644,0.0,0.0,-25.584989547729492,-0.28620851039886475,1.134873390197754,0.00019019842147827148,91,20,27,0.016618605703115463,0.02,0.3,102,138,wall,both,0,1,1,1,1,1,0.0,13,13,0,alpha,standard,huber,2.7485571626701457,-1.7587630479263001,-1.3825693150711589,3.4266824014497694,-0.8086696886843487,-1.244359281521615,3.47942987848374,-0.7773127368550636,-1.241666726642957,186.10356134440337,0.016618605703115463,250,inf,0.0,1.0,disabled,single,3,row_5,row_4,-0.28620851039886475,-0.3908647298812866,0.5076524280472059,0.45720908248183423,0.8196453697639311,0.10465621948242188,0.3917497519316785,1,37,0,disabled,0,0.0,50.0,alpha
648,0.0,0.0,-19.08038902282715,-0.22358153760433197,1.0029808282852173,0.002822577953338623,102,0,34,0.02463894709944725,0.02,0.3,120,136,wall,both,0,1,1,1,1,1,0.0,6,6,0,alpha,standard,huber,5.105553115313741,-1.556322311092515,-1.3843524045925168,3.242788131830798,-2.052598448645298,-1.336138663140574,3.5091431759754945,-1.9467773308080987,-1.286404105234029,114.01722088875047,0.02463895082473755,250,inf,0.0,1.0,disabled,single,3,row_4,row_3,-0.22358153760433197,-0.5060651898384094,0.5439780351440713,0.4101099183208915,0.8381986615562291,0.28248365223407745,0.3852648719104167,1,38,0,disabled,0,0.0,50.0,alpha
652,0.0,0.0,-22.145915985107422,-0.21002352237701416,0.9721645712852478,0.00032252073287963867,96,0,39,0.011220816522836685,0.02,0.3,120,135,wall,both,0,1,1,1,1,1,0.0,5,5,0,alpha,standard,huber,2.862635326587171,-3.3068159661265444,-1.3784815035413083,3.188159809173211,-2.6784581724234564,-1.3728116298238056,3.4065154880415465,-2.6020556268747432,-1.3311073527835415,189.45523835671034,0.011220816522836685,250,inf,0.0,1.0,disabled,single,3,row_5,row_4,-0.21002352237701416,-0.5161325335502625,0.5484546115987019,0.40383061291183464,0.8407799070836313,0.3061090111732483,0.3906272303617575,1,39,0,disabled,0,0.0,50.0,alpha
656,0.0,0.0,-26.112546920776367,-0.08407863974571228,0.5870417356491089,0.04285711050033569,110,0,19,0.010612021200358868,0.02,0.3,120,129,wall,both,0,1,1,1,1,1,0.0,4,4,0,alpha,standard,huber,2.705379961828189,-4.677416025821898,-1.0964342876233082,3.3050328726522062,-3.890012993661117,-1.3382464485186658,3.4785106559083165,-3.833416489487444,-1.3151238063711626,190.43137955398092,0.010612021200358868,246,inf,0.0,1.0,disabled,single,3,row_5,row_4,-0.08407863974571228,-0.8213632702827454,0.6215107235192481,0.29733770137274507,0.8600358044298118,0.7372846305370331,0.39152347417988925,0,39,0,disabled,0,0.0,50.0,alpha
660,0.0,0.0,-33.379615783691406,-0.06471860408782959,0.5269973278045654,0.027118444442749023,118,25,28,0.014408573508262634,0.02,0.3,120,171,wall,both,0,1,1,1,1,1,0.0,5,5,0,alpha,standard,huber,2.773832150887049,-5.386849405914394,-1.156842469358537,3.5909267562717733,-5.293441453842607,-1.3056113884610088,3.703091002772058,-5.259061349857652,-1.305438515835685,175.26588107515002,0.014408573508262634,250,inf,0.0,1.0,disabled,single,3,row_5,row_4,-0.06471860408782959,-0.8774335384368896,0.6317472240031047,0.28027588391351616,0.8604893024196443,0.8127149343490601,0.39454732277399646,0,39,0,disabled,0,0.0,50.0,alpha
664,0.0,0.0,-30.28148078918457,-0.12247893214225769,0.7255128622055054,0.0367351770401001,106,0,48,0.010911354795098305,0.02,0.3,120,154,wall,both,0,1,1,1,1,1,0.0,3,3,0,alpha,standard,huber,3.1752755184217136,-6.529225780062388,-1.1319814254789082,3.743526688231366,-6.642588524170428,-1.244242794647727,3.8898533362186747,-6.625383313389644,-1.2328196252133559,185.3014151865506,0.010911354795098305,250,inf,0.0,1.0,disabled,single,3,row_5,row_4,-0.12247893214225769,-0.731959342956543,0.6022436904401529,0.32739970175285443,0.8576984684089324,0.6094804108142853,0.3846141820454364,0,39,0,disabled,0,0.0,50.0,alpha
668,0.0,0.0,-30.764331817626953,-0.2072822004556656,0.8802445530891418,0.09273040294647217,93,0,61,0.017841247841715813,0.02,0.3,120,154,wall,both,0,1,1,1,1,1,0.0,3,3,0,alpha,standard,huber,3.4944771359991407,-7.375228982358583,-0.8568154741570346,3.835473712012461,-7.455429052381648,-1.194014494815742,4.0001398431596416,-7.4808002088478265,-1.2025339064961633,161.06373459990172,0.017841247841715813,250,inf,0.0,1.0,disabled,single,3,row_5,row_4,-0.2072822004556656,-0.6871588230133057,0.5827312049477049,0.360628882233319,0.8451149468951618,0.4798766225576401,0.3327470534727138,0,39,0,disabled,0,0.0,50.0,alpha
672,0.0,0.0,0.0,-0.08560668677091599,0.5290225148200989,0.0757400393486023,0,0,0,0.008551973849534988,0.02,0.3,0,0,wall,both,0,1,1,1,1,1,0.0,0,0,0,alpha,standard,huber,5.716385271340801,-7.781910107840508,-1.0017877147224867,4.404889064462188,-8.995930688121994,-1.1929655708884337,4.514216473728652,-9.069474646673402,-1.1861982432049616,211.97299473753705,0.008551973849534988,235,inf,0.0,1.0,disabled,single,3,row_4,row_3,-0.08560668677091599,-0.9507780075073242,0.6349508387630133,0.26730123833521624,0.8683706437315075,0.8651713207364082,0.3686010155864011,1,40,0,disabled,0,0.0,50.0,alpha
676,0.0,0.0,0.0,-0.41911786794662476,1.0918242931365967,0.19437521696090698,0,0,0,0.007765125948935747,0.02,0.3,0,0,wall,both,0,1,1,1,1,1,0.0,0,0,0,alpha,standard,huber,7.503920423185578,-8.259947567332862,-0.7360579784979997,4.832722697869048,-9.899611039369507,-1.1790639915417003,4.87788909209025,-9.99175008299244,-1.175265679549201,230.8802854134755,0.007765125948935747,250,inf,0.0,1.0,disabled,single,3,row_3,row_4,-0.41911786794662476,-1.4337307214736938,0.6562680996327224,0.23792524802094014,0.855680384905199,1.014612853527069,0.002068017117291099,1,41,0,disabled,0,0.0,50.0,alpha
680,0.0,0.0,0.0,-0.6444059610366821,1.4247695207595825,0.21762114763259888,0,0,0,0.0078821312636137,0.02,0.3,0,0,wall,both,0,1,1,1,1,1,0.0,0,0,0,alpha,standard,huber,7.850748143948363,-8.595448508700489,-0.6978050090987344,5.100628319205285,-10.216658458958081,-1.1359453670220097,5.086585435689166,-10.32187501751406,-1.1495434879481443,230.54157913440463,0.0078821312636137,250,inf,0.0,1.0,disabled,single,3,row_3,row_4,-0.6444059610366821,-1.979020118713379,0.6722747807649275,0.1769828790240208,0.8586661174011888,1.3346141576766968,-0.24731783894870213,0,41,0,disabled,0,0.0,50.0,alpha
684,0.0,0.0,0.0,-1.1722540855407715,2.183361053466797,0.1663190722465515,0,0,0,0.009015318006277084,0.02,0.3,0,0,wall,both,0,1,1,1,1,1,0.0,0,0,0,alpha,standard,huber,8.685319217508,-9.117030846173765,-0.7850685893787803,5.644191713704996,-10.706649816249872,-1.0545612043936454,5.538242744815283,-10.857048571285883,-1.0710917123277386,224.10834325886248,0.009015318006277084,250,inf,0.0,1.0,disabled,single,3,row_3,row_2,-1.1722540855407715,-1.8379364013671875,0.6128880569797093,0.314977115944804,0.8535906171985216,0.665682315826416,-0.6826811107774315,0,41,0,disabled,0,0.0,50.0,alpha
688,0.0,0.0,0.0,-1.3625876903533936,2.4480574131011963,0.08688634634017944,0,0,0,0.009048601612448692,0.02,0.3,0,0,wall,both,0,1,1,1,1,1,0.0,0,0,0,alpha,standard,huber,8.868022598369555,-9.319164158923218,-0.9501854484527232,5.859890974932508,-10.873820918722856,-1.0169604977539681,5.7921325409424345,-11.007289279083455,-1.0365888296258436,227.6440991235974,0.009048601612448692,250,inf,0.0,1.0,disabled,single,3,row_3,row_2,-1.3625876903533936,-1.872063398361206,0.5875234823477782,0.3529902750658891,0.8479127104935449,0.5094757080078125,-0.8307486265444582,0,41,0,disabled,0,0.0,50.0,alpha
692,0.0,0.0,0.0,-1.8406271934509277,2.779726028442383,0.17397749423980713,0,0,0,0.007386208977550268,0.02,0.3,0,0,wall,both,0,1,1,1,1,1,0.0,0,0,0,alpha,standard,huber,9.726760435239344,-9.499803833426856,-0.7470081516111788,6.336222855705569,-11.347373979128848,-1.3386667693379704,6.26166343535394,-11.482175843753541,-1.3794591286703866,232.2748927816037,0.0073862094432115555,250,inf,0.0,1.0,disabled,single,3,row_2,row_3,-1.8406271934509277,-2.2740750312805176,0.5753920430845444,0.37300946128528883,0.8388166228724808,0.43344783782958984,-1.28792353699661,1,42,1,disabled,0,0.0,50.0,alpha
696,0.0,0.0,0.0,-2.2806684970855713,3.1187896728515625,0.17085343599319458,0,0,0,0.007545162457972765,0.02,0.3,0,0,wall,both,0,1,1,1,1,1,0.0,0,0,0,alpha,standard,huber,10.305015308482243,-9.877051055560628,-0.7525735044885096,6.7374244929707805,-11.681067834416051,-1.3876043024354983,6.575313316888208,-11.85991677984902,-1.456157730790733,231.13250082276556,0.007545162457972765,250,inf,0.0,1.0,disabled,single,3,row_2,row_3,-2.2806684970855713,-3.2911250591278076,0.6573735856486023,0.23931864780496956,0.8524990429999776,1.0104565620422363,-1.8611656984968075,0,42,1,disabled,0,0.0,50.0,alpha
700,0.0,0.0,0.0,-2.427356004714966,3.3050029277801514,0.0017774701118469238,0,0,0,0.007991164922714233,0.02,0.3,0,0,wall,both,0,1,1,1,1,1,0.0,0,0,0,alpha,standard,huber,10.696556711761376,-10.027159028260334,-1.28615869239837,6.975751441654969,-11.946212586920703,-1.7682495775406417,6.815624685028517,-12.081687266276703,-1.8069814197764993,226.87316188916887,0.007991164922714233,250,inf,0.0,1.0,disabled,single,3,row_2,row_3,-2.427356004714966,-3.828535795211792,0.6744470612182256,0.16612049459739506,0.856571866063946,1.4011797904968262,-2.033493912337854,0,42,1,disabled,0,0.0,50.0,alpha
704,0.0,0.0,-49.78776168823242,-3.3867337703704834,3.9038023948669434,0.0058501362800598145,1,0,119,0.1167835220694542,0.02,0.3,120,120,wall,both,0,1,1,1,1,1,0.0,1,1,0,alpha,standard,huber,10.993341334592321,-10.58184287764897,-1.4540109775607595,8.834664890075556,-11.385873559576634,-2.0742289286336493,7.867806898368071,-11.941181039619224,-2.2763274822922863,13.557433407679202,0.11678352952003479,250,inf,0.0,1.0,disabled,single,3,row_2,row_1,-3.3867337703704834,-4.608388423919678,0.670824157475772,0.1977200989086878,0.8550453238925637,1.2216546535491943,-2.9874855336224204,0,42,1,disabled,0,0.0,50.0,alpha
708,0.0,0.0,-49.80663299560547,-4.002433776855469,4.243853569030762,0.005987286567687988,3,0,115,0.1365170031785965,0.02,0.3,118,118,wall,both,0,1,1,1,1,1,0.0,2,2,0,alpha,standard,huber,11.23566026983593,-10.874912218026319,-1.4552735310222782,8.021379939979564,-11.599983835448576,-2.6545314614192317,7.834607957906581,-11.891660374499782,-2.6920227636509635,13.231197634559136,0.1365170031785965,175,inf,0.0,1.0,disabled,single,3,row_2,row_1,-4.002433776855469,-5.0142340660095215,0.6573144144845635,0.23897577231260167,0.8528955558782144,1.0118002891540527,-3.5828409627435196,0,42,1,disabled,0,0.0,50.0,alpha
712,0.0,0.0,-49.85287857055664,-5.991268157958984,4.252750396728516,0.6951149106025696,2,0,118,0.13026884198188782,0.02,0.3,120,120,wall,both,0,1,1,1,1,1,0.0,3,3,0,alpha,standard,huber,5.933251791416336,-11.793121508449406,3.0090797171525363,7.489692787357871,-11.680777042008518,-3.032138512305263,7.527021930685637,-11.832555848422068,-2.99518298723593,11.086954639975858,0.13026884198188782,80,inf,0.0,1.0,disabled,single,3,row_4,row_5,-5.991268157958984,-6.861316680908203,0.5870467533169718,0.24593221313712704,0.9565666587403158,0.8700485229492188,-5.458617343532659,1,43,1,disabled,0,0.0,50.0,alpha
716,0.0,0.0,-49.830055236816406,-3.5514416694641113,3.8397345542907715,0.25961148738861084,1,0,128,0.1154799833893776,0.02,0.3,120,129,wall,both,0,1,1,1,1,1,0.0,3,3,0,alpha,standard,huber,5.91776083068717,-11.376403164083637,2.4852493580689323,5.7232669187046135,-11.687349285650129,2.4190514525291977,6.200102613313091,-11.802071442876745,2.473122184848135,11.443657690722628,0.1154799833893776,80,inf,0.0,1.0,disabled,single,3,row_4,row_3,-3.5514416694641113,-4.8396172523498535,0.647819021408785,0.1786512866490016,0.8928623166777654,1.2881755828857422,-3.1172977598767004,0,43,1,disabled,0,0.0,50.0,alpha
720,0.0,0.0,-49.77299880981445,-2.2379660606384277,3.1386451721191406,0.1093817949295044,10,0,107,0.0921453908085823,0.02,0.3,104,117,wall,both,0,1,1,1,1,1,0.0,4,4,0,alpha,standard,huber,4.641848363353431,-10.68577456317374,2.220194474923657,4.848238976776675,-10.96401333976386,1.9994096400639891,5.16860112283651,-11.113704979062463,2.0728991145247617,14.377769180581037,0.0921453908085823,80,inf,0.0,1.0,disabled,single,3,row_4,row_5,-2.2379660606384277,-2.3816628456115723,0.5148522826338338,0.44593947864632366,0.8289162641522241,0.14369678497314453,-1.5740908113392655,0,43,1,disabled,0,0.0,50.0,alpha
724,0.0,0.0,-40.912742614746094,-1.127013087272644,2.25093936920166,0.01621699333190918,37,0,83,0.11149270832538605,0.02,0.3,120,120,wall,both,0,1,1,1,1,1,0.0,2,2,0,alpha,standard,huber,4.094057703896028,-9.835726313174641,1.6703875583519814,4.481168649921938,-10.164595778677532,1.7471243933222302,4.611364365899735,-10.265397736680073,1.877317922050036,16.49078800021383,0.11149270832538605,80,inf,0.0,1.0,disabled,single,3,row_5,row_4,-1.127013087272644,-1.391497254371643,0.538600615058251,0.413430802749573,0.8441354234979057,0.264484167098999,-0.5082321306247447,1,44,0,disabled,0,0.0,50.0,alpha
728,0.0,0.0,-33.92271041870117,-0.5430958867073059,1.5630550384521484,0.0065596699714660645,61,3,59,0.09142565727233887,0.02,0.3,120,123,wall,both,0,1,1,1,1,1,0.0,3,3,0,alpha,standard,huber,3.948354153216416,-9.0397546141384,1.736124088917399,4.162544067939107,-9.344736286565789,1.7192518530908167,4.262942191354412,-9.438110859786217,1.7750691808818164,38.52199131553421,0.09142565727233887,80,inf,0.0,1.0,disabled,single,3,row_5,row_4,-0.5430958867073059,-0.8191738128662109,0.5419448025101454,0.41120267920967957,0.8408175389042067,0.27607792615890503,0.06949523640845501,0,44,0,disabled,0,0.0,50.0,alpha
732,0.0,0.0,-33.31216812133789,-0.4582253098487854,1.4359526634216309,0.0017139315605163574,73,11,67,0.08004960417747498,0.02,0.3,120,151,wall,both,0,1,1,1,1,1,0.0,4,4,0,alpha,standard,huber,4.007659850721549,-8.737496267110934,1.7921695664289032,3.979941996471213,-8.806318561775106,1.6753103502402937,4.077147570310559,-8.945113550015872,1.7096145205615958,28.05775834880485,0.08004960417747498,80,inf,0.0,1.0,disabled,single,3,row_5,row_4,-0.4582253098487854,-0.6134442687034607,0.5176829000638199,0.4432544276303398,0.8281394610809303,0.1552189588546753,0.20016707636051,0,44,0,disabled,0,0.0,50.0,alpha
736,0.0,0.0,-38.36648941040039,-0.22477562725543976,0.9995071887969971,0.026062071323394775,44,27,84,0.10083865374326706,0.02,0.3,120,155,wall,both,0,1,1,1,1,1,0.0,4,4,0,alpha,standard,huber,3.760323018086056,-8.098266332035275,1.6219203477228676,3.9999148368839985,-8.366687885340099,1.6563045276157933,4.012147694043222,-8.46578285858422,1.6653662957114985,41.202438471285255,0.10083863884210587,80,inf,0.0,1.0,disabled,single,3,row_5,row_4,-0.22477562725543976,-0.5283342003822327,0.5484316357133618,0.4048449119022031,0.8386580743582932,0.3035585731267929,0.3759170184059568,0,44,0,disabled,0,0.0,50.0,alpha
740,0.0,0.0,-38.33353805541992,-0.23630131781101227,1.0177289247512817,0.03875279426574707,54,27,73,0.035185620188713074,0.02,0.3,120,154,wall,both,0,1,1,1,1,1,0.0,4,4,0,alpha,standard,huber,3.7075326497841243,-7.618735779460688,1.5714209601813778,3.8915209766420804,-7.959353076635928,1.6297736670942902,3.9304228132950705,-8.025098724829574,1.6260510965632378,56.972096774600985,0.03518562391400337,80,inf,0.0,1.0,disabled,single,3,row_5,row_4,-0.23630131781101227,-0.49520838260650635,0.5392273769404811,0.41622678450205747,0.8364623337278141,0.2589070647954941,0.38131662960437707,0,44,0,disabled,0,0.0,50.0,alpha
744,0.0,0.0,-36.455055236816406,-0.16769444942474365,0.8468495607376099,0.04516720771789551,70,20,53,0.03824014961719513,0.02,0.3,120,143,wall,both,0,1,1,1,1,1,0.0,4,4,0,alpha,standard,huber,3.430351515286501,-7.273037546393916,1.5490265089736743,3.806908038270544,-7.4500169906279,1.6596105568271233,3.8502957705576475,-7.4883430887652125,1.6529946944006255,60.88664770841943,0.03824014961719513,80,inf,0.0,1.0,disabled,single,3,row_5,row_4,-0.16317471861839294,-0.6462085247039795,0.5804052739543186,0.3580572184281368,0.8550774862903812,0.48303380608558655,0.3808539526370379,0,44,0,disabled,0,0.0,50.0,alpha
748,0.0,0.0,-36.454288482666016,-0.23998543620109558,1.0387073755264282,0.007457256317138672,76,23,56,0.027463259175419807,0.02,0.3,120,155,wall,both,0,1,1,1,1,1,0.0,3,3,0,alpha,standard,huber,3.518776411407364,-6.682893972765811,1.8599212976906072,3.734874879960353,-6.942099728987583,1.646164550365692,3.7688230235668874,-6.969526325478816,1.6498847939444303,62.02013076193473,0.027463259175419807,80,inf,0.0,1.0,disabled,single,3,row_5,row_4,-0.23998543620109558,-0.5020679235458374,0.539584784123657,0.4151821909189913,0.8378987581458031,0.2620824873447418,0.37696991728153806,0,44,0,disabled,0,0.0,50.0,alpha
752,0.0,0.0,-36.530643463134766,-0.2666751444339752,1.0954465866088867,0.001377701759338379,88,36,41,0.09448665380477905,0.02,0.3,120,165,wall,both,0,1,1,1,1,1,0.0,3,3,0,alpha,standard,huber,3.8570562874028207,-6.2909151122171485,1.7123788512801923,3.7416517110011878,-6.432734439748987,1.6763876485926719,3.74239550107996,-6.529398007216807,1.665528239407938,34.83810273013002,0.09448666870594025,80,inf,0.0,1.0,disabled,single,3,row_4,row_5,-0.2666751444339752,-0.4591459631919861,0.525514331601775,0.433506436344518,0.8313659643725542,0.19247081875801086,0.37670267228757737,1,45,0,disabled,0,0.0,50.0,alpha
756,0.0,0.0,-34.442073822021484,-0.16318050026893616,0.854260265827179,0.015742003917694092,123,33,38,0.046300821006298065,0.02,0.3,120,194,wall,both,0,1,1,1,1,1,0.0,12,12,0,alpha,standard,huber,3.953805525775014,-5.53187310645013,1.9418776239940927,3.6821547625575946,-5.5987478433250715,1.7872487225611915,3.673546609728832,-5.641641961284865,1.7531622810349932,48.2745706079452,0.046300821006298065,80,inf,0.0,1.0,disabled,single,3,row_4,row_5,-0.16318050026893616,-0.6149868369102478,0.5753277118333339,0.3661830977656473,0.851971323530495,0.45180633664131165,0.38963496664314534,0,45,0,disabled,0,0.0,50.0,alpha
760,0.0,0.0,-31.5540828704834,-0.1619642823934555,0.8537119626998901,0.000909268856048584,107,44,33,0.048061393201351166,0.02,0.3,120,184,wall,both,0,1,1,1,1,1,0.0,9,9,0,alpha,standard,huber,3.934938551534178,-5.432691388068444,1.8068543144003009,3.707081051593734,-5.312482283739173,1.7829148341753944,3.6734312936131666,-5.359965520367098,1.7696929157928682,47.91213180742541,0.048061396926641464,80,inf,0.0,1.0,disabled,single,3,row_4,row_5,-0.1619642823934555,-0.6131045818328857,0.5753066548298033,0.36641365933323067,0.851596096153634,0.45114029943943024,0.3908877852045487,0,45,0,disabled,0,0.0,50.0,alpha
764,0.0,0.0,-24.453807830810547,-0.24905245006084442,1.0584509372711182,0.00476837158203125,145,13,33,0.06704920530319214,0.02,0.3,120,191,wall,both,0,1,1,1,1,1,0.0,9,9,0,alpha,standard,huber,3.4485484599141496,-3.9671926670430664,1.8387419546432096,3.5419165655067877,-4.491624489959921,1.796641510081953,3.5319707364326707,-4.53941839583616,1.7894972599973258,43.082570692626234,0.06704920530319214,80,inf,0.0,1.0,disabled,single,3,row_4,row_5,-0.24905245006084442,-0.4610454738140106,0.5303548259904444,0.42904132449803484,0.8295018187048591,0.2119930237531662,0.3851565633780588,0,45,0,disabled,0,0.0,50.0,alpha
768,0.0,0.0,-24.973237991333008,-0.15595856308937073,0.8363093137741089,0.011431753635406494,146,12,20,0.12513920664787292,0.02,0.3,120,178,wall,both,0,1,1,1,1,1,0.0,9,9,0,alpha,standard,huber,3.503527701617541,-2.975877814818076,1.892398015879655,3.3764925003522754,-3.305240631223918,1.814545641605045,3.3421186578917217,-3.3911658184146134,1.807542563294522,23.113332464854818,0.12513919174671173,80,inf,0.0,1.0,disabled,single,3,row_4,row_5,-0.15595856308937073,-0.6121951937675476,0.5771398002844599,0.365712642290342,0.8486730051165905,0.4562366306781769,0.39371219054373763,0,45,0,disabled,0,0.0,50.0,alpha
772,0.0,0.0,-18.294109344482422,-0.14317362010478973,0.8026464581489563,0.001475691795349121,131,0,17,0.05965619534254074,0.02,0.3,120,148,wall,both,0,1,1,1,1,1,0.0,5,5,0,alpha,standard,huber,3.3866177730222726,-2.117652869102306,1.8867260088003839,3.2045830895370693,-2.2754644684655583,1.8658027027904498,3.163694493945828,-2.3515373950294354,1.8420073858565669,38.75562865083551,0.05965619534254074,80,inf,0.0,1.0,disabled,single,3,row_4,row_5,-0.14317362010478973,-0.631227433681488,0.5827609677713133,0.3577102441780163,0.8503640696964555,0.4880538135766983,0.3968045604241941,0,45,0,disabled,0,0.0,50.0,alpha
776,0.0,0.0,-24.143205642700195,-0.21529421210289001,0.9842624068260193,0.0016742944717407227,102,10,26,0.030987584963440895,0.02,0.3,120,138,wall,both,0,1,1,1,1,1,0.0,7,7,0,alpha,standard,huber,3.030834333454438,-1.4091921356370884,1.7837476479422856,3.0732336880730173,-1.5071190574621063,1.8634468941941293,3.02015686542902,-1.549829822897651,1.8644687513617937,54.17657755175839,0.030987586826086044,80,inf,0.0,1.0,disabled,single,3,row_4,row_5,-0.21529421210289001,-0.4864579141139984,0.5431181522841663,0.414123064101294,0.8314057685980469,0.2711637020111084,0.395134178931401,0,45,0,disabled,0,0.0,50.0,alpha
780,0.0,0.0,-27.80261993408203,-0.1322411149740219,0.7612999677658081,0.029056668281555176,112,19,16,0.03549111261963844,0.02,0.3,120,147,wall,both,0,1,1,1,1,1,0.0,5,5,0,alpha,standard,huber,3.1135144997727844,-0.49453406275134504,1.967527850032166,2.882131180044015,-0.7193599690238313,1.9377753276738665,2.8348012405476792,-0.7311816098981281,1.9154221041444215,54.4144043897163,0.03549111634492874,80,inf,0.0,1.0,disabled,single,3,row_4,row_5,-0.1322411149740219,-0.6642348170280457,0.5914280427151499,0.3474241340015636,0.8488021450422278,0.5319937020540237,0.39297414020435917,0,45,0,disabled,0,0.0,50.0,alpha
784,0.0,0.0,-29.736188888549805,-0.2673493027687073,1.0968220233917236,0.00170212984085083,104,22,31,0.04038413614034653,0.02,0.3,120,157,wall,both,0,1,1,1,1,1,0.0,5,5,0,alpha,standard,huber,2.7124823610444757,-0.12357431409538655,1.8052847232788478,2.756837738256366,-0.18314602892576404,1.90980305372521,2.7063259561221518,-0.1913016772620431,1.8960214639280908,57.33264697163147,0.04038413614034653,80,inf,0.0,1.0,disabled,single,3,row_4,row_5,-0.2673493027687073,-0.4345008432865143,0.521496281980981,0.44122308288515005,0.8231590719335038,0.167151540517807,0.38370383126881114,0,45,0,disabled,0,0.0,50.0,alpha
788,0.0,0.0,-29.228302001953125,-0.2148604691028595,0.9831787347793579,0.0035516023635864258,111,19,30,0.08173869550228119,0.02,0.3,120,160,wall,both,0,1,1,1,1,1,0.0,7,7,0,alpha,standard,huber,2.7212050255407125,0.47597570071617656,1.831235462646804,2.7354082769941,0.13603899540824968,1.84691166950681,2.6864474301486956,0.09512348900545115,1.869763306459694,28.792454490507033,0.08173869550228119,80,inf,0.0,1.0,disabled,single,3,row_4,row_5,-0.2148604691028595,-0.5089389681816101,0.5471511231012353,0.40774686030492363,0.8355053496320277,0.2940784990787506,0.3881697693782862,0,45,0,disabled,0,0.0,50.0,alpha
792,0.0,0.0,-25.182891845703125,-0.25156542658805847,1.0639667510986328,0.0010221600532531738,99,8,39,0.06045074015855789,0.02,0.3,120,146,wall,both,0,1,1,1,1,1,0.0,5,5,0,alpha,standard,huber,2.586344666944148,0.7726562109317845,1.7921485975474338,2.674918294136477,0.44590191466009454,1.8219407809007877,2.637136617973648,0.4274712410951669,1.8452495128875563,42.54843588979281,0.06045074015855789,80,inf,0.0,1.0,disabled,single,3,row_4,row_5,-0.25156542658805847,-0.4564723074436188,0.5289101727609476,0.43091537746546577,0.8287873485673845,0.2049068808555603,0.3853712406993075,0,45,0,disabled,0,0.0,50.0,alpha
796,0.0,0.0,-26.174766540527344,-0.223964124917984,1.0038942098617554,0.0013802051544189453,99,15,34,0.07969789952039719,0.02,0.3,119,148,wall,both,0,1,1,1,1,1,0.0,8,8,0,alpha,standard,huber,2.7095679604223686,0.423137024854647,1.7994758028923075,2.612761587847812,0.6936570676569815,1.8074586607891678,2.5840867090420634,0.7146742448798143,1.8273916565610655,31.267586720498024,0.07969789952039719,80,inf,0.0,1.0,disabled,single,3,row_4,row_5,-0.223964124917984,-0.4949861466884613,0.542581277055603,0.4137723204237279,0.8335572031478713,0.2710220217704773,0.38745326041401984,0,45,0,disabled,0,0.0,50.0,alpha
800,0.0,0.0,-26.88397789001465,-0.2364061176776886,1.0314089059829712,0.0011224150657653809,112,13,27,0.059141289442777634,0.02,0.3,120,152,wall,both,0,1,1,1,1,1,0.0,5,5,0,alpha,standard,huber,2.5229394926871636,1.294612644174224,1.813489506526622,2.507618491236956,1.1257222054122031,1.793854497908956,2.4976658326737,1.1098316852080554,1.8106784331809882,36.60580927725927,0.059141289442777634,80,inf,0.0,1.0,disabled,single,3,row_4,row_5,-0.2364061176776886,-0.47592493891716003,0.5359057446998662,0.4217612834401417,0.8322744269446749,0.23951882123947144,0.3873908651375204,0,45,0,disabled,0,0.0,50.0,alpha
804,0.0,0.0,-22.510684967041016,-0.23468485474586487,1.0276497602462769,0.0009855031967163086,102,6,27,0.034226011484861374,0.02,0.3,120,135,wall,both,0,1,1,1,1,1,0.0,6,6,0,alpha,standard,huber,2.3176936858885098,2.351464307888809,1.8105047829449905,2.418932365499384,1.6858724028918304,1.8358479558562666,2.3989152400820237,1.6533468652787633,1.8304233985898613,58.648283955292996,0.034226011484861374,80,inf,0.0,1.0,disabled,single,3,row_4,row_5,-0.23468485474586487,-0.46624091267585754,0.5348214096342853,0.42427287420631493,0.8292201694836993,0.23155605792999268,0.39113754683617485,0,45,0,disabled,0,0.0,50.0,alpha
808,0.0,0.0,-26.760961532592773,-0.25236189365386963,1.065634846687317,0.0016642212867736816,107,22,31,0.057186949998140335,0.02,0.3,113,160,wall,both,0,1,1,1,1,1,0.0,6,6,0,alpha,standard,huber,2.3160413523924843,2.1640875028054487,1.8238055940519962,2.3088591894840937,2.1462014838031918,1.8317216526859237,2.297589342092956,2.1194121207909533,1.8191848096001664,44.49111414659874,0.057186949998140335,80,inf,0.0,1.0,disabled,single,3,row_4,row_5,-0.25236189365386963,-0.44413185119628906,0.5265230108975301,0.4346430321642707,0.8260518442546377,0.19176995754241943,0.3890983493008766,0,45,0,disabled,0,0.0,50.0,alpha
812,0.0,0.0,-20.784849166870117,-0.21627815067768097,0.9854550361633301,0.010768890380859375,112,4,26,0.047566968947649,0.02,0.3,120,142,wall,both,0,1,1,1,1,1,0.0,4,4,0,alpha,standard,huber,2.3145996619377445,2.6077833268610093,1.857442799178341,2.163855179810632,2.909333352353953,1.8489410721789408,2.145497854250066,2.8635282442129713,1.8485302415285432,50.98821354852647,0.047566968947649,80,inf,0.0,1.0,disabled,single,3,row_4,row_5,-0.21627815067768097,-0.49397146701812744,0.5441184867614753,0.412185591755301,0.8332467133961463,0.27769331634044647,0.3923100986180861,0,45,0,disabled,0,0.0,50.0,alpha
816,0.0,0.0,-27.364042282104492,-0.17855827510356903,0.8957880735397339,0.007653772830963135,108,6,22,0.030629007145762444,0.02,0.3,120,136,wall,both,0,1,1,1,1,1,0.0,4,4,0,alpha,standard,huber,1.992426523721654,4.860194990187107,1.8846104532845498,1.8232788119027288,4.263462690651892,1.8071829795299723,1.7901719708383266,4.2581988722294035,1.7992725544891597,62.467271123021874,0.030629007145762444,80,inf,0.0,1.0,disabled,single,3,row_4,row_5,-0.17855827510356903,-0.5519633293151855,0.5622702994446632,0.3870591949747518,0.8422480440424094,0.3734050542116165,0.39721430974305216,0,45,0,disabled,0,0.0,50.0,alpha
820,0.0,0.0,-26.29982566833496,-0.32687240839004517,1.2128173112869263,3.74913215637207e-05,99,0,54,0.03374608978629112,0.02,0.3,120,153,wall,both,0,1,1,1,1,1,0.0,4,4,0,alpha,standard,huber,1.377424104890638,6.572169344037772,1.7408684803323826,1.4865213696025328,5.646158816223155,1.7927309514948493,1.474296279549017,5.6617678701613805,1.7813891107225963,63.68881107480407,0.03374608978629112,80,inf,0.0,1.0,disabled,single,3,row_4,row_5,-0.32687240839004517,-0.37862643599510193,0.49668060330455244,0.4716292278224614,0.8114262853183732,0.05175402760505676,0.3729357003696442,0,45,0,disabled,0,0.0,50.0,alpha
824,0.0,0.0,-31.30628776550293,-0.2658931612968445,1.084128737449646,0.03396111726760864,85,0,41,0.039901282638311386,0.02,0.3,120,126,wall,both,0,1,1,1,1,1,0.0,2,2,0,alpha,standard,huber,1.3674597589482922,7.3874446724531975,2.0045724988214673,1.167172483243222,7.617156958422343,1.7960538806003727,1.111281523687802,7.645234474307207,1.7951792571394822,62.65033475826806,0.039901282638311386,92,inf,0.0,1.0,disabled,single,3,row_4,row_5,-0.2658931612968445,-0.46215441823005676,0.5269290003319502,0.4330289384876256,0.8288700802174128,0.19626125693321228,0.3747963024478528,0,45,0,disabled,0,0.0,50.0,alpha
828,0.0,0.0,0.0,-0.00907366257160902,0.201968714594841,0.001477956771850586,0,0,0,0.010554300621151924,0.02,0.3,0,0,wall,both,0,1,1,1,1,1,0.0,0,0,0,alpha,standard,huber,1.9730261459436818,9.01332763738952,1.8144701084998092,0.8882967451013322,8.982064882714242,1.8429564252966584,0.8379632067517935,9.040699256119812,1.854245394779138,132.37658810804578,0.010554300621151924,143,inf,0.0,1.0,disabled,single,3,row_4,row_5,-0.00907366257160902,-1.1919249296188354,0.6625868718217601,0.20301917028708674,0.8661540078460853,1.1828512670472264,0.4025299398684524,0,45,0,disabled,0,0.0,50.0,alpha
832,0.0,0.0,0.0,-0.02617708407342434,0.3161941468715668,0.03114640712738037,0,0,0,0.0063967579044401646,0.02,0.3,0,0,wall,both,0,1,1,1,1,1,0.0,0,0,0,alpha,standard,huber,1.9652476156513294,9.23363118174625,1.5098571635467284,0.7596816099647165,9.411349689506327,1.8352414933367904,0.7223995066274068,9.49347816144709,1.8493687788304793,227.2740955325252,0.006396758835762739,250,inf,0.0,1.0,disabled,single,3,row_4,row_5,-0.02617708407342434,-1.251755952835083,0.6651697757707167,0.19528566615802934,0.8649718787057026,1.2255788687616587,0.3815358849259935,0,45,0,disabled,0,0.0,50.0,alpha
836,0.0,0.0,0.0,-0.31952574849128723,1.1679481267929077,0.06337183713912964,0,0,0,0.0068598547950387,0.02,0.3,0,0,wall,both,0,1,1,1,1,1,0.0,0,0,0,alpha,standard,huber,-0.23138583368487575,9.633083829805896,2.1058199676255285,0.4338751321814541,10.249677383045345,1.8424820878715518,0.4352317371358232,10.3586015590488,1.8454427174018626,227.98108295827868,0.0068598547950387,250,inf,0.0,1.0,disabled,single,3,row_5,row_4,-0.31952574849128723,-1.3904285430908203,0.6511324673824853,0.22314243952855256,0.8747754586248593,1.070902794599533,0.10951642605971801,1,46,0,disabled,0,0.0,50.0,alpha
840,0.0,0.0,0.0,-0.5887857675552368,1.5922695398330688,0.07885622978210449,0,0,0,0.006643445231020451,0.02,0.3,0,0,wall,both,0,1,1,1,1,1,0.0,0,0,0,alpha,standard,huber,2.0166723510738707,10.580841262179211,1.3603074258822803,0.18741896142747855,10.583742173295537,1.996780054630846,0.2435115750813916,10.679127432418863,1.9940644186952827,229.95973545179672,0.006643445231020451,250,inf,0.0,1.0,disabled,single,3,row_4,row_3,-0.5887857675552368,-1.8397315740585327,0.6717063658065692,0.19226516421991738,0.85567891973975,1.250945806503296,-0.19085177795832658,1,47,0,disabled,0,0.0,50.0,alpha
844,0.0,0.0,0.0,-1.0202304124832153,2.1426568031311035,0.001786947250366211,0,0,0,0.007472499273717403,0.02,0.3,0,0,wall,both,0,1,1,1,1,1,0.0,0,0,0,alpha,standard,huber,2.2369891999536398,11.138130637282952,1.8198860928934666,0.23491173964261639,11.160309972540194,2.267370393868583,0.12487321505994818,11.196627827414705,2.305359584513802,225.34973788609784,0.007472499273717403,250,inf,0.0,1.0,disabled,single,3,row_4,row_3,-1.0202304124832153,-1.931734561920166,0.6488477753022721,0.26078439341515924,0.8484061888879231,0.9115041494369507,-0.5876732700004281,0,47,0,disabled,0,0.0,50.0,alpha
848,0.0,0.0,-47.431880950927734,-1.987056016921997,2.2848856449127197,0.45010054111480713,9,0,76,0.0162978433072567,0.02,0.3,85,85,wall,both,0,1,1,1,1,1,0.0,3,3,0,alpha,standard,huber,-2.976071925191977,10.318803543387187,-2.3719834408615075,-0.6658451600140545,11.760112963131668,3.1237123920639838,-0.6371739480903882,11.868771435682895,3.122900605375598,99.05172169175856,0.0162978433072567,250,inf,0.0,1.0,disabled,single,3,row_6,row_5,-1.987056016921997,-3.177154302597046,0.6478463493103271,0.19706926527053573,0.8903552103916168,1.1900982856750488,-1.5529542909140255,1,48,0,disabled,0,0.0,50.0,alpha
852,0.0,0.0,-49.988075256347656,-0.897537112236023,2.0096867084503174,0.002036452293395996,4,0,110,0.013828299008309841,0.02,0.3,114,114,wall,both,0,1,1,1,1,1,0.0,1,1,0,alpha,standard,huber,-3.4444799497008263,9.926353633613205,-1.447260924966539,-1.5804619250314156,11.449001902987616,-2.4585349670050496,-1.4162157384058567,11.642763054611828,-2.535643417345564,95.59605622071794,0.013828299008309841,250,inf,0.0,1.0,disabled,single,3,row_6,row_7,-0.897537112236023,-1.8498032093048096,0.6450509865311262,0.24890300078503969,0.8669092451724766,0.9522660970687866,-0.45911119581092685,0,48,0,disabled,0,0.0,50.0,alpha
856,0.0,0.0,-45.789886474609375,-0.522667646408081,1.5335816144943237,0.0026787519454956055,25,0,104,0.014632943086326122,0.02,0.3,119,129,wall,both,0,1,1,1,1,1,0.0,5,5,0,alpha,standard,huber,-3.547397142419179,9.346239147185502,-1.4566422397516268,-2.4993499664392695,10.553123215454786,-1.7369238042725783,-2.2061672679082474,10.908879535463344,-1.896001762625695,88.1272179095065,0.014632943086326122,250,inf,0.0,1.0,disabled,single,3,row_6,row_7,-0.522667646408081,-1.2545439004898071,0.62000511443359,0.2982259656069381,0.8619420270670067,0.7318762540817261,-0.04464009451749318,0,48,0,disabled,0,0.0,50.0,alpha
860,0.0,0.0,-47.53936004638672,-0.25284022092819214,1.064192533493042,0.016947269439697266,22,8,91,0.0211216788738966,0.02,0.3,112,121,wall,both,0,1,1,1,1,1,0.0,9,9,0,alpha,standard,huber,-3.4046638940080083,8.872177207337767,-1.1990657195232974,-2.7854030339837426,9.854859616430884,-1.301351571608837,-2.5906829434022622,10.133615218618097,-1.410245479477205,74.44753168142864,0.0211216788738966,224,inf,0.0,1.0,disabled,single,3,row_6,row_7,-0.25284022092819214,-1.0534374713897705,0.6288885711163399,0.28240913084227187,0.8636355426308098,0.8005972504615784,0.21096096948510235,0,48,0,disabled,0,0.0,50.0,alpha
864,0.0,0.0,-45.10688400268555,-0.12799698114395142,0.718737781047821,0.056869447231292725,12,0,97,0.017963875085115433,0.02,0.3,96,109,wall,both,0,1,1,1,1,1,0.0,8,8,0,alpha,standard,huber,-2.8013288111103574,8.762369182437459,-1.0445603251570512,-2.685911898771951,9.492405999189664,-1.2315469194443383,-2.6260823120965093,9.676120806108395,-1.221425671111113,75.16676788079799,0.017963876947760582,218,inf,0.0,1.0,disabled,single,3,row_6,row_5,-0.12799698114395142,-1.4500654935836792,0.6655199400526429,0.17741650208696258,0.8685303561633169,1.3220685124397278,0.27918969793852366,0,48,0,disabled,0,0.0,50.0,alpha
868,0.0,0.0,-37.87339782714844,-0.11410904675722122,0.7044649124145508,0.03061908483505249,40,2,80,0.029107244685292244,0.02,0.3,120,122,wall,both,0,1,1,1,1,1,0.0,5,5,0,alpha,standard,huber,-2.575603209026343,8.733616765017363,-1.1353321128803247,-2.650366532616456,8.880582949302784,-1.0022830330788952,-2.567335198537404,9.04066014619543,-0.9958649390524594,86.55251354854279,0.029107244685292244,143,inf,0.0,1.0,disabled,single,3,row_6,row_5,-0.11410904675722122,-1.1942102909088135,0.6554232268321717,0.22255626157540737,0.8679851070683946,1.0801012441515923,0.30836505741791964,0,48,0,disabled,0,0.0,50.0,alpha
872,0.0,0.0,-41.96228790283203,-0.09569214284420013,0.5541546940803528,0.08200836181640625,32,15,80,0.12100294977426529,0.02,0.3,78,127,wall,both,0,1,1,1,1,1,0.0,8,8,0,alpha,standard,huber,-2.4566720831827826,8.527382422385802,-0.9756216102579476,-2.2658947743386215,8.598035940292503,-0.9847304368245587,-2.3143806189937006,8.66269625947632,-0.890295177612058,19.426831512241186,0.12100294977426529,122,inf,0.0,1.0,disabled,single,3,row_6,row_5,-0.09569214284420013,-1.0865756273269653,0.6494488631343223,0.24110695117632022,0.8654283648642905,0.9908834844827652,0.33593903579149226,0,48,0,disabled,0,0.0,50.0,alpha
876,0.0,0.0,-31.845455169677734,-0.35537007451057434,1.2644752264022827,0.003817617893218994,64,6,70,0.03611859679222107,0.02,0.3,107,140,wall,both,0,1,1,1,1,1,0.0,11,11,0,alpha,standard,huber,0.6278958680031917,9.348924772820657,-1.3062830496444173,-1.8657104129653732,8.339142515070105,-1.0014862933774091,-1.9590323048919163,8.350608328195113,-0.9059589941347874,53.93839003578789,0.03611859679222107,80,inf,0.0,1.0,disabled,single,3,row_5,row_4,-0.35537007451057434,-0.5590535998344421,0.5276251211811784,0.4303946198632409,0.8332934055275465,0.2036835253238678,0.28399917069599856,1,49,0,disabled,0,0.0,50.0,alpha
880,0.0,0.0,-31.526397705078125,-0.1640254706144333,0.8396650552749634,0.04243665933609009,79,0,52,0.06227649375796318,0.02,0.3,94,131,wall,both,0,1,1,1,1,1,0.0,11,11,0,alpha,standard,huber,-1.7870725293188214,7.566509558985145,-1.0910610210683265,-0.975321003892641,8.043754558835495,-1.0228691577510916,-1.2432879994071908,7.9589705551163075,-0.923916757509887,43.79546440244089,0.06227649375796318,80,inf,0.0,1.0,disabled,single,3,row_6,row_5,-0.1640254706144333,-0.6094895601272583,0.5759605411992771,0.3689182460133626,0.8453981312503975,0.445464089512825,0.38769065488074395,1,50,0,disabled,0,0.0,50.0,alpha
884,0.0,0.0,-33.33013153076172,-0.22381168603897095,0.930730402469635,0.08758348226547241,101,2,50,0.04648852348327637,0.02,0.3,120,153,wall,both,0,1,1,1,1,1,0.0,11,11,0,alpha,standard,huber,-1.5435475859275694,6.684329148840208,-0.9800010360484706,-0.8835573899187483,7.013900483109463,-1.044085853341611,-0.7816340889520095,7.089910502805008,-0.9738933575440614,47.200171920661575,0.04648852348327637,80,inf,0.0,1.0,disabled,single,3,row_6,row_5,-0.22381168603897095,-0.5677326917648315,0.5559679737258075,0.3941729158168597,0.8428446494861438,0.3439210057258606,0.36323290156417365,0,50,0,disabled,0,0.0,50.0,alpha
888,0.0,0.0,-26.356212615966797,-0.5194223523139954,0.7795014977455139,0.306882381439209,107,17,21,0.1182573139667511,0.02,0.3,120,145,wall,both,0,1,1,1,1,1,0.0,12,12,0,alpha,standard,huber,-0.6171826602529898,5.915663918853636,-0.5676937146139736,-0.6965544352861531,5.9434855917513225,-1.0384377080651441,-0.4817907141840551,6.0870259661706925,-1.0188694547390127,31.409808540509047,0.1182573214173317,80,inf,0.0,1.0,disabled,single,3,row_5,row_6,-0.5194223523139954,-1.0741361379623413,0.5984732077760866,0.3436652154953883,0.8391929871828394,0.554713785648346,-0.0060488317073020825,1,51,0,disabled,0,0.0,50.0,alpha
892,0.0,0.0,-25.29245376586914,-0.27069592475891113,1.1036475896835327,0.0022584199905395508,106,0,42,0.03978543356060982,0.02,0.3,116,148,wall,both,0,1,1,1,1,1,0.0,11,11,0,alpha,standard,huber,-0.6171376551608057,4.241125332536222,-1.4498521720681434,-0.16762955831505008,4.511636367562255,-1.2764571970253327,0.05219358807632754,4.633976099675561,-1.2161599441506956,57.23025600862752,0.03978543356060982,80,inf,0.0,1.0,disabled,single,3,row_5,row_6,-0.27069592475891113,-0.43718239665031433,0.5199740034759298,0.440227810965341,0.8295480822985251,0.1664864718914032,0.38328053721297994,0,51,0,disabled,0,0.0,50.0,alpha
896,0.0,0.0,-28.095800399780273,-0.24937888979911804,1.0593270063400269,0.0013050436973571777,105,7,30,0.03610182926058769,0.02,0.3,120,142,wall,both,0,1,1,1,1,1,0.0,10,10,0,alpha,standard,huber,-0.41244690659674965,3.3938595399722606,-1.44961664464552,0.01088530230401067,3.687738381633686,-1.2989038361783263,0.16137201186552255,3.7573450504824013,-1.2562884539867973,57.58297836832613,0.03610182926058769,80,inf,0.0,1.0,disabled,single,3,row_5,row_6,-0.24937888979911804,-0.458859384059906,0.5288463024147414,0.4288972379869366,0.8336826023390576,0.20948049426078796,0.3876785431801304,0,51,0,disabled,0,0.0,50.0,alpha
900,0.0,0.0,-25.89291000366211,-0.258598655462265,1.078737735748291,0.0010143518447875977,111,3,38,0.03899418190121651,0.02,0.3,120,152,wall,both,0,1,1,1,1,1,0.0,10,10,0,alpha,standard,huber,-0.39576094613489143,3.1847297797370646,-1.443567321534506,-0.03974921475206009,3.4452152181006186,-1.3886884973136284,0.07816515309050923,3.501414860433341,-1.3225497911923358,68.2984587178418,0.03899417817592621,122,inf,0.0,1.0,disabled,single,3,row_5,row_6,-0.258598655462265,-0.4464964270591736,0.524695270300866,0.4348146659236927,0.8303641975627525,0.18789777159690857,0.3863389669694798,0,51,0,disabled,0,0.0,50.0,alpha
904,0.0,0.0,-24.920612335205078,-0.2566770911216736,1.0747311115264893,1.901388168334961e-05,122,0,36,0.03277503699064255,0.02,0.3,120,158,wall,both,0,1,1,1,1,1,0.0,12,12,0,alpha,standard,huber,2.1528306513565743,3.116860649342427,-1.4248693820890572,0.1112945459626986,2.723385092081976,-1.4035820256504075,0.17892268431507036,2.7478790923284255,-1.3630997651477748,58.30978564601401,0.03277503699064255,83,inf,0.0,1.0,disabled,single,3,row_4,row_5,-0.2566770911216736,-0.44820839166641235,0.5259380527813468,0.4342637788662769,0.8284804510642415,0.19153130054473877,0.38589475243589677,1,52,0,disabled,0,0.0,50.0,alpha
908,0.0,0.0,-30.078563690185547,-0.05315409228205681,0.4632474184036255,0.03659337759017944,129,6,12,0.030701644718647003,0.02,0.3,120,147,wall,both,0,1,1,1,1,1,0.0,13,13,0,alpha,standard,huber,3.5204315053334145,4.121115431224643,-1.0852082906016136,0.5083490182803013,2.822427722324016,-1.3730015825888742,0.36010716799594744,2.7888808388260005,-1.3680506738683242,65.48589093685462,0.030701644718647003,80,inf,0.0,1.0,disabled,single,3,row_4,row_3,-0.05315409228205681,-0.9412357807159424,0.639170101943652,0.2629828788800896,0.864770837913194,0.8880816884338856,0.39443056752273126,0,52,0,disabled,0,0.0,50.0,alpha
912,0.0,0.0,-30.71575927734375,-0.18316808342933655,0.9051279425621033,0.01649874448776245,111,16,20,0.03657639026641846,0.02,0.3,120,147,wall,both,0,1,1,1,1,1,0.0,9,9,0,alpha,standard,huber,0.005361881319245226,1.912144722047769,-1.57477881271943,0.5818884138511851,2.3837135721161387,-1.3877409626431827,0.5262080602303816,2.351410329265949,-1.3802297145509848,58.602023547833326,0.036576393991708755,80,inf,0.0,1.0,disabled,single,3,row_5,row_6,-0.18316808342933655,-0.5717480182647705,0.5641673569696412,0.38251619982828755,0.8468216085118694,0.38857993483543396,0.3892362558553625,1,53,0,disabled,0,0.0,50.0,alpha
916,0.0,0.0,-26.709421157836914,-0.30874118208885193,1.1786491870880127,0.0025704503059387207,101,9,27,0.028080729767680168,0.02,0.3,120,137,wall,both,0,1,1,1,1,1,0.0,5,5,0,alpha,standard,huber,-0.3848043394850978,1.6785432549990527,-1.472523248156291,0.6283791046781545,1.9333900893787046,-1.4656725992633817,0.6237716691765509,1.907046463819647,-1.427805499796982,61.63765584416495,0.028080731630325317,80,inf,0.0,1.0,disabled,single,3,row_6,row_5,-0.30874118208885193,-0.3934127390384674,0.5040455172136127,0.46312408436818286,0.8139721919387514,0.08467155694961548,0.3763475209680224,1,54,0,disabled,0,0.0,50.0,alpha
920,0.0,0.0,-28.740943908691406,-0.23797279596328735,1.0348318815231323,0.00015497207641601562,106,0,35,0.042122337967157364,0.02,0.3,120,141,wall,both,0,1,1,1,1,1,0.0,9,9,0,alpha,standard,huber,-0.33312801537374864,0.5516515753402657,-1.3566926155323755,0.6299838038979393,1.1027993962464515,-1.4713122783796995,0.6760919997309538,1.1250391347017952,-1.4072345156785777,56.19846729227193,0.042122337967157364,80,inf,0.0,1.0,disabled,single,3,row_6,row_5,-0.23797279596328735,-0.4861859679222107,0.5377171771694057,0.4195235056952882,0.8328095236519784,0.24821317195892334,0.38244975407574144,0,54,0,disabled,0,0.0,50.0,alpha
924,0.0,0.0,-30.207778930664062,-0.24515046179294586,1.0503208637237549,0.0004101395606994629,109,9,35,0.05151161551475525,0.02,0.3,120,153,wall,both,0,1,1,1,1,1,0.0,7,7,0,alpha,standard,huber,-0.1883636488272284,-0.09623365892524027,-1.3456575099129642,0.5326025472441179,0.24467076946158708,-1.3897394893535997,0.6523582714394598,0.3064523981593845,-1.38327579269049,46.400360138237474,0.05151161551475525,80,inf,0.0,1.0,disabled,single,3,row_6,row_5,-0.24515046179294586,-0.4682927429676056,0.5333217678977128,0.42665795623297065,0.8274778321537061,0.22314228117465973,0.38347988305634406,0,54,0,disabled,0,0.0,50.0,alpha
928,0.0,0.0,-29.14521026611328,-0.31142163276672363,1.1838053464889526,0.0003529787063598633,125,5,37,0.08789145946502686,0.02,0.3,120,167,wall,both,0,1,1,1,1,1,0.0,7,7,0,alpha,standard,huber,0.13490419901221962,-1.1150590902947777,-1.382789404595832,0.5248889597090063,-0.8386322083772859,-1.3500395012550315,0.6664805129886782,-0.7672461879383385,-1.3608834048937404,27.86356518504825,0.08789145946502686,80,inf,0.0,1.0,disabled,single,3,row_6,row_5,-0.31142163276672363,-0.38464346528053284,0.5020356979892663,0.4665892853981039,0.8102408044452816,0.0732218325138092,0.3776624175195863,0,54,0,disabled,0,0.0,50.0,alpha
932,0.0,0.0,-20.776887893676758,-0.3199901282787323,1.1998977661132812,0.003306865692138672,125,0,24,0.041567668318748474,0.02,0.3,120,149,wall,both,0,1,1,1,1,1,0.0,5,5,0,alpha,standard,huber,0.27693344610292125,-1.887067456933263,-1.328011912276137,0.6383276184366595,-1.645690760812696,-1.3224964688162013,0.723717150019117,-1.5917201893500934,-1.3408293068153585,61.653126698640904,0.041567668318748474,80,inf,0.0,1.0,disabled,single,3,row_6,row_5,-0.3199901282787323,-0.3845060467720032,0.5000239017599022,0.46878300351564584,0.8098873114070978,0.06451591849327087,0.37310924990396055,0,54,0,disabled,0,0.0,50.0,alpha
936,0.0,0.0,-20.714921951293945,-0.2469910830259323,1.0542579889297485,1.7762184143066406e-05,107,0,22,0.026188669726252556,0.02,0.3,120,129,wall,both,0,1,1,1,1,1,0.0,3,3,0,alpha,standard,huber,0.1646489678819617,-2.099185171573785,-1.3463532510817349,0.6610573215805107,-2.06718436733391,-1.2761213400172564,0.7336702295985025,-2.042949359206891,-1.2901151521651266,69.8902190701683,0.026188669726252556,97,inf,0.0,1.0,disabled,single,3,row_6,row_5,-0.2469910830259323,-0.47637054324150085,0.5344840960095343,0.4249291779469358,0.8285502637167068,0.22937946021556854,0.37946222082708436,0,54,0,disabled,0,0.0,50.0,alpha
940,0.0,0.0,-18.807960510253906,-0.2452525943517685,1.0503920316696167,0.004129648208618164,142,0,15,0.05185853689908981,0.02,0.3,120,157,wall,both,0,1,1,1,1,1,0.0,5,5,0,alpha,standard,huber,0.412957310558033,-3.2603109558173964,-1.2911589350459178,1.0107974973432552,-3.0604049168046257,-1.2865253623759003,1.022927979224459,-3.077199808353751,-1.2734457762671023,47.09312616914707,0.05185854434967041,102,inf,0.0,1.0,disabled,single,3,row_6,row_5,-0.2452525943517685,-0.4594050347805023,0.5312418751438215,0.42883189365319296,0.8277096778416639,0.21415244042873383,0.38728525835561856,0,54,0,disabled,0,0.0,50.0,alpha
944,0.0,0.0,-21.8360538482666,-0.18346452713012695,0.9068266749382019,0.013313710689544678,133,7,17,0.020517846569418907,0.02,0.3,120,157,wall,both,0,1,1,1,1,1,0.0,4,4,0,alpha,standard,huber,2.746837176144689,-3.007420820908349,-1.2471300931578921,1.1771527816535448,-3.8319098917460224,-1.2995589459108834,1.2093015121952648,-3.8236809493172244,-1.2863099483048162,85.57198095610738,0.020517848432064056,107,inf,0.0,1.0,disabled,single,3,row_5,row_4,-0.18346452713012695,-0.5610631704330444,0.562150003771189,0.3853569630974745,0.8459624354518216,0.3775986433029175,0.3925220269477314,1,55,0,disabled,0,0.0,50.0,alpha
948,0.0,0.0,-27.23897933959961,-0.13523216545581818,0.778895378112793,0.01008141040802002,113,12,27,0.01795347034931183,0.02,0.3,120,152,wall,both,0,1,1,1,1,1,0.0,2,2,0,alpha,standard,huber,0.4223116292536824,-4.999889685715305,-1.2505651666576694,1.3360551127889067,-4.570016704439079,-1.2725146922785755,1.3774854379948933,-4.570907718866788,-1.269937005100546,112.67120458273658,0.01795347034931183,153,inf,0.0,1.0,disabled,single,3,row_6,row_5,-0.13523216545581818,-0.6553836464881897,0.589945299917588,0.3506814773635605,0.8464649401872123,0.5201514810323715,0.3924932929286654,1,56,0,disabled,0,0.0,50.0,alpha
952,0.0,0.0,-27.79317283630371,-0.2565920650959015,1.0745524168014526,0.00028961896896362305,110,8,50,0.012161131016910076,0.02,0.3,120,168,wall,both,0,1,1,1,1,1,0.0,2,2,0,alpha,standard,huber,0.8157331617632768,-5.516554220090467,-1.368612539077557,1.5571127941920024,-4.998533691944695,-1.278942121607047,1.541253313559307,-5.015503957475831,-1.273040969666711,180.5884241204425,0.012161129154264927,235,inf,0.0,1.0,disabled,single,3,row_6,row_5,-0.2565920650959015,-0.4497106075286865,0.5267629635970498,0.4342550874240865,0.8263627538719458,0.19311854243278503,0.38441255097406435,0,56,0,disabled,0,0.0,50.0,alpha
956,0.0,0.0,-25.445178985595703,-0.26123157143592834,1.0842009782791138,0.0016556978225708008,109,1,49,0.019018711522221565,0.02,0.3,120,159,wall,both,0,1,1,1,1,1,0.0,2,2,0,alpha,standard,huber,0.8766192808920139,-5.800308472860229,-1.3351282439396472,1.5879840061127228,-5.32811261374483,-1.2908091290939596,1.609836609607573,-5.327172887200687,-1.2802851619462996,147.7608506577764,0.019018711522221565,213,inf,0.0,1.0,disabled,single,3,row_6,row_5,-0.26123157143592834,-0.44408124685287476,0.5243774578733947,0.436750497905344,0.8265457892628971,0.1828496754169464,0.38431194309206207,0,56,0,disabled,0,0.0,50.0,alpha
960,0.0,0.0,-28.057065963745117,-0.2682696282863617,1.098718523979187,0.00129622220993042,102,3,65,0.05570375919342041,0.02,0.3,120,170,wall,both,0,1,1,1,1,1,0.0,3,3,0,alpha,standard,huber,0.9434913435065355,-6.0898326977450825,-1.341759240086121,1.781782587793852,-5.475851167966278,-1.3070320717987227,1.7400357327504037,-5.52811805951273,-1.3006192395784426,50.925814146613035,0.05570375919342041,80,inf,0.0,1.0,disabled,single,3,row_6,row_5,-0.2682696282863617,-0.43545013666152954,0.5208530326134895,0.44066608266315377,0.8262126351620652,0.16718050837516785,0.3840177358506859,0,56,0,disabled,0,0.0,50.0,alpha
964,0.0,0.0,-27.439931869506836,-0.3184202015399933,1.1969691514968872,0.002911210060119629,104,1,68,0.04188069328665733,0.02,0.3,120,173,wall,both,0,1,1,1,1,1,0.0,2,2,0,alpha,standard,huber,1.1339151727344703,-6.529472777436954,-1.2851212739819542,1.6917060340743544,-5.968574262845454,-1.265646342694517,1.7613915764925148,-5.943459371554388,-1.255199619281227,56.904745183602095,0.04188069328665733,80,inf,0.0,1.0,disabled,single,3,row_6,row_5,-0.3184202015399933,-0.36857885122299194,0.4959951093465273,0.4717302966198721,0.813033979199897,0.05015864968299866,0.3827690109542813,0,56,0,disabled,0,0.0,50.0,alpha
968,0.0,0.0,-28.5535945892334,-0.25005239248275757,1.0607712268829346,7.551908493041992e-05,99,0,68,0.0887947529554367,0.02,0.3,120,167,wall,both,0,1,1,1,1,1,0.0,3,3,0,alpha,standard,huber,1.0338436733145713,-6.713816452756765,-1.3737318989397298,1.713252786658931,-6.370988421007114,-1.343657257002809,1.7818584760813783,-6.3223732384191464,-1.3286967744388254,37.24914339341111,0.0887947604060173,80,inf,0.0,1.0,disabled,single,3,row_6,row_5,-0.25005239248275757,-0.44608744978904724,0.5271735241936418,0.4333278951105615,0.8275242660708193,0.19603505730628967,0.39017312423517814,0,56,0,disabled,0,0.0,50.0,alpha
972,0.0,0.0,-28.720640182495117,-0.2689647376537323,1.1001514196395874,0.0006672143936157227,92,0,68,0.06196046248078346,0.02,0.3,120,160,wall,both,0,1,1,1,1,1,0.0,2,2,0,alpha,standard,huber,1.111737408799203,-6.890949716844933,-1.39797681368426,1.7902007960900777,-6.755711547149678,-1.3441568303353755,1.827905465417036,-6.728597000497176,-1.34215085405567,42.34066614327936,0.06196046248078346,80,inf,0.0,1.0,disabled,single,3,row_6,row_5,-0.2689647376537323,-0.41675007343292236,0.517224606415189,0.4461663596609605,0.8221622936726638,0.14778533577919006,0.3903133193536191,0,56,0,disabled,0,0.0,50.0,alpha
976,0.0,0.0,-28.22859764099121,-0.21782135963439941,0.9899898171424866,0.0025159120559692383,76,0,56,0.02728990651667118,0.02,0.3,120,132,wall,both,0,1,1,1,1,1,0.0,1,1,0,alpha,standard,huber,1.1388186938326872,-7.548478842520365,-1.43239493316691,2.033346539182793,-7.146553954722878,-1.3012121823616543,1.9940200132020949,-7.186743745639465,-1.3192847394113623,64.99828041363864,0.02728990651667118,80,inf,0.0,1.0,disabled,single,3,row_6,row_5,-0.21782135963439941,-0.46850430965423584,0.5389579781749999,0.4194543312580475,0.8298084567975851,0.2506829500198364,0.40029631404755295,0,56,0,disabled,0,0.0,50.0,alpha
980,0.0,0.0,0.0,-0.05449522286653519,0.16564762592315674,0.10889178514480591,0,0,0,0.016928954049944878,0.02,0.3,0,0,wall,both,0,1,1,1,1,1,0.0,0,0,0,alpha,standard,huber,2.927121346245939,-8.048079930696327,-0.8198514539643433,2.6125160347612115,-8.24886718587559,-1.2605606620282621,2.478706266289218,-8.333324287829925,-1.2689149447043706,94.28452444844628,0.01692895218729973,102,inf,0.0,1.0,disabled,single,3,row_5,row_4,-0.05449522286653519,-1.3166887760162354,0.6760786160597602,0.19135221971231064,0.8489517787409173,1.2621935531497002,0.3369506908880963,1,57,0,disabled,0,0.0,50.0,alpha
984,0.0,0.0,0.0,-0.06394685059785843,0.5200657248497009,0.030683517456054688,0,0,0,0.0071680182591080666,0.02,0.3,0,0,wall,both,0,1,1,1,1,1,0.0,0,0,0,alpha,standard,huber,3.2793594726357593,-8.088890057383907,-1.539227824458633,2.7633101946673624,-8.721293680430435,-1.2777137321696028,2.7170577272859573,-8.809455043388626,-1.273872317489275,199.7092022858779,0.007168018724769354,213,inf,0.0,1.0,disabled,single,3,row_5,row_4,-0.06394685059785843,-0.8897726535797119,0.6322843804256945,0.2768604141074829,0.8633201465562959,0.8258258029818535,0.3944691664151283,0,57,0,disabled,0,0.0,50.0,alpha
988,0.0,0.0,0.0,-0.17488765716552734,0.8492782115936279,0.05981755256652832,0,0,0,0.00619114562869072,0.02,0.3,0,0,wall,both,0,1,1,1,1,1,0.0,0,0,0,alpha,standard,huber,3.273430665903824,-8.699299357592531,-1.6384971884056527,3.201788691885183,-9.59243402686126,-1.2886635793586843,3.1326212160306897,-9.72694477554581,-1.273138657269467,236.01342606077168,0.00619114562869072,250,inf,0.0,1.0,disabled,single,3,row_5,row_4,-0.17488765716552734,-1.113312005996704,0.641204844779994,0.25086742884743446,0.8721414373345548,0.9384243488311768,0.2695186453081442,0,57,0,disabled,0,0.0,50.0,alpha
992,0.0,0.0,0.0,-0.884143590927124,1.9946483373641968,0.001145780086517334,0,0,0,0.0058434526436030865,0.02,0.3,0,0,wall,both,0,1,1,1,1,1,0.0,0,0,0,alpha,standard,huber,4.781337625995643,-9.54667721406309,-1.4413657465591063,3.702298571797098,-10.58305750841982,-1.6190820093143337,3.6158659996425238,-10.751711433111613,-1.6412353503948902,236.47827507843823,0.0058434526436030865,250,inf,0.0,1.0,disabled,single,3,row_4,row_5,-0.884143590927124,-1.4230246543884277,0.5909912559495673,0.3447846980114961,0.8542923608899903,0.5388810634613037,-0.35818953389403096,1,58,0,disabled,0,0.0,50.0,alpha
996,0.0,0.0,-47.57566833496094,-0.3751983940601349,1.2373046875,0.09259241819381714,16,0,74,0.02245369367301464,0.02,0.3,90,90,wall,both,0,1,1,1,1,1,0.0,1,1,0,alpha,standard,huber,0.8238600959916555,-9.676798117135398,2.175981721732237,4.104730457772076,-10.953888954919133,-2.630100978257545,3.8498781033580967,-11.357033880677168,-2.693001482108966,71.0093233691975,0.02245369367301464,250,inf,0.0,1.0,disabled,single,3,row_6,row_5,-0.3751983940601349,-1.4577112197875977,0.6578000025084406,0.22282531236167216,0.8637944696319615,1.0825128257274628,0.04365594735366668,1,59,0,disabled,0,0.0,50.0,alpha
1000,0.0,0.0,-47.07884216308594,-0.04634564742445946,0.43742242455482483,0.03061652183532715,16,2,117,0.01537260226905346,0.02,0.3,120,135,wall,both,0,1,1,1,1,1,0.0,4,4,0,alpha,standard,huber,0.3252243506725202,-8.98743454595444,1.4941703237672659,3.247774375389155,-11.041138702693885,2.424411032251113,3.181922237938915,-11.345399093357123,2.4686364273590886,95.69942862939145,0.01537260040640831,235,inf,0.0,1.0,disabled,single,3,row_6,row_7,-0.04634564742445946,-1.3668261766433716,0.6710219751596616,0.1791675420320178,0.8601711013237736,1.3204805292189121,0.3526077452568935,0,59,0,disabled,0,0.0,50.0,alpha
1004,0.0,0.0,-39.90056610107422,-1.1158088445663452,0.29214906692504883,0.5183881521224976,70,10,50,0.030150478705763817,0.02,0.3,120,130,wall,both,0,1,1,1,1,1,0.0,3,3,0,alpha,standard,huber,0.41063484923077836,-7.478979155267478,0.7118447611855117,1.354263267190098,-9.504356669318248,1.198085183088709,1.669353964973887,-9.928423970420965,1.4865288506637446,89.80164594287484,0.030150478705763817,250,inf,0.0,1.0,disabled,single,3,row_6,row_5,-1.0044596195220947,-1.9822461605072021,0.6435180208866642,0.24205464105289118,0.8751001764931672,0.9777865409851074,-0.5636543716699015,0,59,0,disabled,0,0.0,50.0,alpha
1008,0.0,0.0,-35.9038200378418,-0.6043992042541504,1.6490910053253174,0.004008591175079346,61,15,59,0.01541233342140913,0.02,0.3,120,135,wall,both,0,1,1,1,1,1,0.0,4,4,0,alpha,standard,huber,1.412660039344904,-9.778485962027036,1.6526905749051837,1.16047481558678,-9.210342062878611,1.1865070698632414,1.3992882831440192,-9.417246646407062,1.2912116414526302,158.03923459837836,0.01541233342140913,250,inf,0.0,1.0,disabled,single,3,row_6,row_5,-0.6043992042541504,-1.0945886373519897,0.5855826219053345,0.3586754187233118,0.8420649639085867,0.49018943309783936,-0.06925121177067894,0,59,0,disabled,0,0.0,50.0,alpha
1012,0.0,0.0,-31.283470153808594,-0.29684609174728394,1.1557679176330566,0.0006544589996337891,68,10,52,0.025293201208114624,0.02,0.3,120,130,wall,both,0,1,1,1,1,1,0.0,7,7,0,alpha,standard,huber,1.2989094400296815,-9.15217844292816,1.7060790377374175,1.0911309928150414,-8.975709799253526,1.3240792543025652,1.2749773706003835,-9.017052533688501,1.3141040766020051,132.01737967609245,0.025293204933404922,250,inf,0.0,1.0,disabled,single,3,row_6,row_5,-0.29684609174728394,-0.7623005509376526,0.5801065971477591,0.3642197577869458,0.844553714750898,0.46545445919036865,0.24769731239557602,0,59,0,disabled,0,0.0,50.0,alpha
1016,0.0,0.0,-31.71615219116211,-0.10171836614608765,0.6733359098434448,0.015391886234283447,87,15,48,0.016337495297193527,0.02,0.3,120,150,wall,both,0,1,1,1,1,1,0.0,5,5,0,alpha,standard,huber,0.8788218180241467,-7.875573359926432,1.5665801689976586,0.9233929010058456,-8.656647699301898,1.5287198473311043,1.1445902237134928,-8.57887392887043,1.4254981318339013,137.5910483748674,0.016337495297193527,250,inf,0.0,1.0,disabled,single,3,row_6,row_5,-0.10171836614608765,-0.6985985636711121,0.6011468594328595,0.3309472726694719,0.8545353571179425,0.5968801975250244,0.40719764969417016,0,59,0,disabled,0,0.0,50.0,alpha
1020,0.0,0.0,-38.44556427001953,-0.2051917463541031,0.959007740020752,0.014129579067230225,81,30,56,0.01065162755548954,0.02,0.3,120,167,wall,both,0,1,1,1,1,1,0.0,8,8,0,alpha,standard,huber,1.5320851960193282,-6.915440892892293,1.5694172728747438,0.9473657427045922,-7.559204169140372,1.5360891446218117,1.1057410917856616,-7.542250048660581,1.4643566784421402,179.76660694531165,0.01065162755548954,246,inf,0.0,1.0,disabled,single,3,row_5,row_6,-0.2051917463541031,-0.5061601400375366,0.5491396788316165,0.40641891563845556,0.8334554420553809,0.30096839368343353,0.39421069937752107,1,60,0,disabled,0,0.0,50.0,alpha
1024,0.0,0.0,-32.41541290283203,-0.16691015660762787,0.8666577935218811,2.872943878173828e-05,101,30,46,0.04667123034596443,0.02,0.3,120,177,wall,both,0,1,1,1,1,1,0.0,8,8,0,alpha,standard,huber,1.4700945638087506,-6.00563212453819,1.7437534122778784,0.9862135575582643,-6.705474749117155,1.5794351486327765,1.0741042164247814,-6.762834480541475,1.5137535903336765,101.91526674186075,0.04667123034596443,250,inf,0.0,1.0,disabled,single,3,row_5,row_6,-0.16691015660762787,-0.5918057560920715,0.57248663012051,0.3743135376500684,0.8432093698770211,0.42489559948444366,0.3908557407201042,0,60,0,disabled,0,0.0,50.0,alpha
1028,0.0,0.0,-29.747962951660156,-0.30522674322128296,1.171972632408142,0.00015908479690551758,93,24,35,0.024527300149202347,0.02,0.3,107,152,wall,both,0,1,1,1,1,1,0.0,7,7,0,alpha,standard,huber,1.047977946898324,-5.393338803538276,1.7334960304129696,1.114708707182463,-5.917666342992842,1.654624027848703,1.1123016008395805,-6.020170422846427,1.5879214722986283,138.47108507304443,0.024527300149202347,250,inf,0.0,1.0,disabled,single,3,row_5,row_6,-0.30522674322128296,-0.3901117444038391,0.5036208206652646,0.46263510989294004,0.8164132754590516,0.08488500118255615,0.3807048907890829,0,60,0,disabled,0,0.0,50.0,alpha
1032,0.0,0.0,-29.229944229125977,-0.14044131338596344,0.7938942313194275,0.009671151638031006,122,15,28,0.025867847725749016,0.02,0.3,120,165,wall,both,0,1,1,1,1,1,0.0,9,9,0,alpha,standard,huber,1.3587823086690998,-4.990540793942384,1.8905214214760635,1.1897896058170367,-5.472599962236648,1.7938951134482977,1.1528871421794713,-5.600312047779791,1.7040116396936469,120.65248705033913,0.025867847725749016,250,inf,0.0,1.0,disabled,single,3,row_5,row_6,-0.14044131338596344,-0.6442995667457581,0.5858329235346896,0.35395733460043716,0.8500542009191069,0.5038582533597946,0.3942793300937514,0,60,0,disabled,0,0.0,50.0,alpha
1036,0.0,0.0,-28.924442291259766,-0.14524288475513458,0.8066925406455994,0.01243501901626587,113,16,49,0.021788394078612328,0.02,0.3,120,178,wall,both,0,1,1,1,1,1,0.0,10,10,0,alpha,standard,huber,1.3125594884201122,-4.808574030058944,1.9091988183956454,1.2049533721374845,-5.041640574073366,1.8581315645604628,1.1601966087842914,-5.133896978746744,1.7848596385477826,110.61228190206829,0.021788394078612328,185,inf,0.0,1.0,disabled,single,3,row_5,row_6,-0.14524288475513458,-0.6345751285552979,0.5831838458997115,0.3575124681378886,0.8497533808939636,0.48933224380016327,0.39400991299074917,0,60,0,disabled,0,0.0,50.0,alpha
1040,0.0,0.0,-21.694561004638672,-0.22451914846897125,1.0051536560058594,0.00035434961318969727,144,11,26,0.017593303695321083,0.02,0.3,104,181,wall,both,0,1,1,1,1,1,0.0,7,7,0,alpha,standard,huber,1.0809942442788452,-4.6336174388540785,1.7643355853312794,1.1665832767318045,-4.56936649345908,1.8399146822372527,1.1233401398922425,-4.637709536125001,1.818305197311357,109.22199195923284,0.017593303695321083,180,inf,0.0,1.0,disabled,single,3,row_5,row_6,-0.22451914846897125,-0.4921327531337738,0.5414540067618163,0.41432244421568065,0.8351554967261187,0.26761360466480255,0.3889780044073966,0,60,0,disabled,0,0.0,50.0,alpha
1044,0.0,0.0,-30.555686950683594,-0.11545941978693008,0.711482048034668,0.026970624923706055,133,10,37,0.03378989174962044,0.02,0.3,120,180,wall,both,0,1,1,1,1,1,0.0,6,6,0,alpha,standard,huber,1.2341844032496117,-3.775257716745479,1.970491157660586,1.0550534363654211,-3.98153227334436,1.8372582873432783,1.0178164974912818,-4.007842389890956,1.8294486950181108,58.561917813353375,0.03378989174962044,80,inf,0.0,1.0,disabled,single,3,row_5,row_6,-0.11545941978693008,-0.7021084427833557,0.5988630128981477,0.3330803845763116,0.8561259081607794,0.5866490229964256,0.39726298022539364,0,60,0,disabled,0,0.0,50.0,alpha
1048,0.0,0.0,-26.5986385345459,-0.1591387242078781,0.8454879522323608,0.00832974910736084,113,3,20,0.04522424563765526,0.02,0.3,120,136,wall,both,0,1,1,1,1,1,0.0,8,8,0,alpha,standard,huber,0.9099802137594344,-2.6378897280249376,1.9076890071701262,0.778832029233417,-2.8104013971727206,1.8677717798518054,0.7443593131824779,-2.812488816824447,1.8512189505701668,53.76317007500469,0.04522424563765526,80,inf,0.0,1.0,disabled,single,3,row_5,row_6,-0.1591387242078781,-0.610176682472229,0.575778285626923,0.36675157355189203,0.8498889706176134,0.4510379582643509,0.39289388896598143,0,60,0,disabled,0,0.0,50.0,alpha
1052,0.0,0.0,-32.890953063964844,-0.198788583278656,0.9330340623855591,0.03614485263824463,105,34,27,0.06022604927420616,0.02,0.3,120,166,wall,both,0,1,1,1,1,1,0.0,9,9,0,alpha,standard,huber,0.7490332447501331,-2.2987676759695983,2.048211308473344,0.647049494909993,-2.2006265093333828,1.8712940237420281,0.6060691503154323,-2.1816373068911776,1.8632916760241631,40.39843914593145,0.06022605299949646,80,inf,0.0,1.0,disabled,single,3,row_5,row_6,-0.198788583278656,-0.5568451881408691,0.5578253523662506,0.38993861134919156,0.8470386604253797,0.35805660486221313,0.38492077090427046,0,60,0,disabled,0,0.0,50.0,alpha
1056,0.0,0.0,-27.07993507385254,-0.2090291976928711,0.9698532223701477,0.0009352564811706543,107,10,27,0.0355362668633461,0.02,0.3,120,144,wall,both,0,1,1,1,1,1,0.0,6,6,0,alpha,standard,huber,0.48756195586875717,-1.121017625642226,1.7956570300366224,0.5392219649472567,-1.5124297627279462,1.8902364646274663,0.4894354280610588,-1.5483483722109281,1.8790594599010824,54.80816602530311,0.0355362668633461,80,inf,0.0,1.0,disabled,single,3,row_5,row_6,-0.2090291976928711,-0.5208421945571899,0.5496639072650785,0.40241907344453604,0.8408374438336715,0.31181299686431885,0.3894190675466812,0,60,0,disabled,0,0.0,50.0,alpha
1060,0.0,0.0,-22.189435958862305,-0.19505324959754944,0.9368581771850586,0.0014063715934753418,116,11,22,0.10606861859560013,0.02,0.3,120,149,wall,both,0,1,1,1,1,1,0.0,8,8,0,alpha,standard,huber,0.21896172083177956,0.5457262467959123,1.802264518205562,0.021474046605461566,0.6483118398071607,1.8557734742190113,-0.07332927490636938,0.6189008405346361,1.8861163954679414,32.20818273316242,0.10606861859560013,80,inf,0.0,1.0,disabled,single,3,row_5,row_6,-0.19505324959754944,-0.5513499975204468,0.559085623905884,0.39150797549501937,0.8408165909498881,0.35629674792289734,0.3863993946035438,0,60,0,disabled,0,0.0,50.0,alpha
1064,0.0,0.0,-22.54546356201172,-0.18298916518688202,0.9074382781982422,0.0006153583526611328,107,4,28,0.035372037440538406,0.02,0.3,120,139,wall,both,0,1,1,1,1,1,0.0,5,5,0,alpha,standard,huber,0.1973130794281694,0.8316381813591205,1.78379983018419,-0.08013043773043815,1.2310593309143183,1.8394922919037824,-0.16303400776742027,1.219117017289608,1.8724230636493342,61.40430570024577,0.035372037440538406,80,inf,0.0,1.0,disabled,single,3,row_5,row_6,-0.18298916518688202,-0.5753852128982544,0.5659078198098143,0.38223482875739534,0.8432471856816659,0.3923960477113724,0.38633491138244347,0,60,0,disabled,0,0.0,50.0,alpha
1068,0.0,0.0,-21.435083389282227,-0.18031789362430573,0.9004285335540771,0.005990028381347656,101,0,21,0.02428448759019375,0.02,0.3,120,122,wall,both,0,1,1,1,1,1,0.0,3,3,0,alpha,standard,huber,-0.1080145758039779,2.5754682083362592,1.8556036755665808,-0.12047900671340392,1.8357873747439508,1.8273353807992636,-0.2178582827627076,1.809730943086844,1.852011572179821,67.52594940330529,0.02428448759019375,87,inf,0.0,1.0,disabled,single,3,row_5,row_6,-0.18031789362430573,-0.5682812929153442,0.5644301486789759,0.3829303950416662,0.8453808707452154,0.3879633992910385,0.39162074958580717,0,60,0,disabled,0,0.0,50.0,alpha
1072,0.0,0.0,-19.874677658081055,-0.21466149389743805,0.9828306436538696,0.0010611414909362793,100,0,20,0.023868240416049957,0.02,0.3,120,120,wall,both,0,1,1,1,1,1,0.0,4,4,0,alpha,standard,huber,-0.07262576353616786,1.9067987609581503,1.794789232346118,-0.033551600294002205,1.8708194622239653,1.81772482747313,-0.11648960740491962,1.8433296286122607,1.8348681998264755,70.22957356699638,0.023868240416049957,92,inf,0.0,1.0,disabled,single,3,row_5,row_6,-0.21466149389743805,-0.5167753100395203,0.5476219776371061,0.40483169423334875,0.8406728518180889,0.3021138161420822,0.3875085580033353,0,60,0,disabled,0,0.0,50.0,alpha
1076,0.0,0.0,-22.196672439575195,-0.19068831205368042,0.9262349009513855,0.0031847357749938965,92,0,28,0.040928471833467484,0.02,0.3,120,120,wall,both,0,1,1,1,1,1,0.0,4,4,0,alpha,standard,huber,-0.12337086209081227,2.514199786619329,1.8259254858945493,-0.13519300866132433,2.3883727422410166,1.846966524260544,-0.1916595808376298,2.3830677817396704,1.8459924012020723,50.968592116296556,0.04092847555875778,80,inf,0.0,1.0,disabled,single,3,row_5,row_6,-0.19068831205368042,-0.5505316257476807,0.5590583664381565,0.39010290615079,0.8437680237691672,0.35984331369400024,0.3908130869910972,0,60,0,disabled,0,0.0,50.0,alpha
1080,0.0,0.0,-26.453571319580078,-0.11715932190418243,0.7164477705955505,0.02752894163131714,109,8,22,0.03450201079249382,0.02,0.3,120,139,wall,both,0,1,1,1,1,1,0.0,3,3,0,alpha,standard,huber,0.10136103440335074,2.4482568558011217,1.9812812548441316,-0.18365537443430577,2.70262435932693,1.8559792263297403,-0.23082475503674965,2.713121391252532,1.8543387927324844,57.659691758602946,0.03450201079249382,80,inf,0.0,1.0,disabled,single,3,row_5,row_6,-0.11715932190418243,-0.7121317982673645,0.6000338527414852,0.33096532066957823,0.8569241121145023,0.5949724763631821,0.3936098822176176,0,60,0,disabled,0,0.0,50.0,alpha
1084,0.0,0.0,-23.343835830688477,-0.21705038845539093,0.9882749915122986,0.0014628767967224121,106,12,27,0.026783358305692673,0.02,0.3,120,145,wall,both,0,1,1,1,1,1,0.0,5,5,0,alpha,standard,huber,-0.21808262858445032,2.693211328557404,1.800192535348705,-0.2769800863414243,3.255566944620394,1.8561938266284401,-0.3336634246606916,3.277269221520467,1.851862045569404,63.09050374778976,0.026783360168337822,83,inf,0.0,1.0,disabled,single,3,row_5,row_6,-0.21705038845539093,-0.5060118436813354,0.5455331165458299,0.4086267128649596,0.837597027619605,0.2889614552259445,0.38894137848800936,0,60,0,disabled,0,0.0,50.0,alpha
1088,0.0,0.0,-20.659507751464844,-0.2529158890247345,1.0668277740478516,0.0,118,0,28,0.04722841456532478,0.02,0.3,120,146,wall,both,0,1,1,1,1,1,0.0,3,3,0,alpha,standard,huber,-0.7778065430729901,5.255946499320199,1.7689455522007398,-0.5682944730863674,4.524086444018129,1.885188707400687,-0.6164463997457865,4.4955138842247875,1.8753773545159707,48.37588901272522,0.04722841456532478,80,inf,0.0,1.0,disabled,single,3,row_5,row_6,-0.2529158890247345,-0.4592180550098419,0.5286363197380938,0.4300917435953577,0.8314317342413253,0.20630216598510742,0.3845386808435911,0,60,0,disabled,0,0.0,50.0,alpha
1092,0.0,0.0,-29.0366268157959,-0.17856058478355408,0.8942406177520752,0.014489889144897461,111,11,32,0.04444370046257973,0.02,0.3,120,154,wall,both,0,1,1,1,1,1,0.0,4,4,0,alpha,standard,huber,-0.6533252004982137,5.5127352745507805,1.9393485565106623,-0.7253646453605676,5.2989585631104195,1.901855574482268,-0.7816322156898138,5.27231062961884,1.8951219656663785,48.799593147245,0.04444370046257973,80,inf,0.0,1.0,disabled,single,3,row_5,row_6,-0.17856058478355408,-0.5740969181060791,0.5660921340256824,0.38116048716753576,0.844943589721898,0.395536333322525,0.39043784827868033,0,60,0,disabled,0,0.0,50.0,alpha
1096,0.0,0.0,-31.144502639770508,-0.2049889862537384,0.9601348042488098,0.005675077438354492,97,14,53,0.04855562373995781,0.02,0.3,120,164,wall,both,0,1,1,1,1,1,0.0,4,4,0,alpha,standard,huber,-0.7578561395717931,5.6986543268293595,1.8754951757915608,-0.9216917163374756,5.973359527714356,1.9007312929491582,-0.961117439551245,5.9626269997798005,1.9081083751576955,50.17259531733619,0.04855562746524811,80,inf,0.0,1.0,disabled,single,3,row_5,row_6,-0.2049889862537384,-0.5241314172744751,0.5517329832055807,0.40098409859602474,0.8388322320217463,0.3191424310207367,0.38970208956135144,0,60,0,disabled,0,0.0,50.0,alpha
1100,0.0,0.0,-34.686187744140625,-0.19788417220115662,0.9436435103416443,0.0009236335754394531,65,0,61,0.03435191884636879,0.02,0.3,98,126,wall,both,0,1,1,1,1,1,0.0,4,4,0,alpha,standard,huber,-1.0163412999653874,7.221082667004679,1.6962992519183429,-1.1963795925970278,7.042630226859265,1.8627592230998935,-1.2642970694236282,7.052145713259934,1.8874620562651439,59.69638375231046,0.03435192257165909,80,inf,0.0,1.0,disabled,single,3,row_5,row_6,-0.19788417220115662,-0.5275542140007019,0.5542509423500198,0.3985956549418038,0.8377387277852473,0.3296700417995453,0.39225355806043927,0,60,0,disabled,0,0.0,50.0,alpha
1104,0.0,0.0,-28.971263885498047,-0.1863870769739151,0.884445309638977,0.055461883544921875,89,0,57,0.08771752566099167,0.02,0.3,120,146,wall,both,0,1,1,1,1,1,0.0,2,2,0,alpha,standard,huber,-0.9888027876596962,7.412207621184044,2.0738929576253664,-1.1317959298824376,7.37005502364857,1.9300727908889477,-1.2538367088285427,7.417464530841647,1.9094197792894638,35.32013252186647,0.08771752566099167,80,inf,0.0,1.0,disabled,single,3,row_5,row_6,-0.1863870769739151,-0.5814110636711121,0.5666629925491814,0.38174039026044404,0.8424285520620414,0.39502398669719696,0.38160344438978233,0,60,0,disabled,0,0.0,50.0,alpha
1108,0.0,0.0,0.0,-0.0568200945854187,0.5039234161376953,0.00976550579071045,0,0,0,0.026296056807041168,0.02,0.3,0,0,wall,both,0,1,1,1,1,1,0.0,0,0,0,alpha,standard,huber,-0.7797111430040963,8.50527886316054,1.8877693916457385,-1.4205657728655283,8.198967214431871,1.927277390989897,-1.477024488483265,8.220632751057344,1.911608061978284,70.12801628661138,0.026296056807041168,80,inf,0.0,1.0,disabled,single,3,row_5,row_6,-0.0568200945854187,-0.8946326375007629,0.6341515653844418,0.27436941961008376,0.8624571237793746,0.8378125429153442,0.398647196409717,0,60,0,disabled,0,0.0,50.0,alpha
1112,0.0,0.0,0.0,-0.06484311819076538,0.46935683488845825,0.06239134073257446,0,0,0,0.019734693691134453,0.02,0.3,0,0,wall,both,0,1,1,1,1,1,0.0,0,0,0,alpha,standard,huber,-0.7432150906358252,8.409157764505212,1.392792923548507,-1.4958264924927773,8.463880390024396,1.8871154676126483,-1.5346501556118777,8.487746191158548,1.9073623652492442,80.30492931979468,0.019734695553779602,87,inf,0.0,1.0,disabled,single,3,row_5,row_6,-0.06484311819076538,-0.9265283346176147,0.6374022833853826,0.26927031617877295,0.8616892888021224,0.8616852164268494,0.3855111764716237,0,60,0,disabled,0,0.0,50.0,alpha
1116,0.0,0.0,0.0,-0.05611846596002579,0.5023261308670044,0.0033124685287475586,0,0,0,0.023945827037096024,0.02,0.3,0,0,wall,both,0,1,1,1,1,1,0.0,0,0,0,alpha,standard,huber,-0.6100540509005858,8.842361461614209,1.8293181133052503,-1.5010651839948834,8.97166504417625,1.8047882424986141,-1.6005020439762485,8.994910275710891,1.879387212619556,71.84573228352555,0.023945827037096024,80,inf,0.0,1.0,disabled,single,3,row_5,row_6,-0.05611846596002579,-1.1419554948806763,0.6555240621955128,0.2213174246766656,0.8685513707281067,1.0858370289206505,0.3662018023372214,0,60,0,disabled,0,0.0,50.0,alpha
1120,0.0,0.0,-32.37464904785156,-0.40931281447410583,1.1966743469238281,0.1493840217590332,86,0,34,0.03743298351764679,0.02,0.3,120,120,wall,both,0,1,1,1,1,1,0.0,2,2,0,alpha,standard,huber,-2.4371886986489524,9.206503294475151,1.2045206895070528,-1.4007536080880336,9.395459671218017,1.727128843809526,-1.5658290092226101,9.451080131831528,1.8063584424110442,77.14427890517648,0.03743298351764679,133,inf,0.0,1.0,disabled,single,3,row_6,row_5,-0.40931281447410583,-1.2431946992874146,0.6311134462789928,0.2741303572527504,0.8685366360009369,0.8338818848133087,0.050956830045945534,1,61,0,disabled,0,0.0,50.0,alpha
1124,0.0,0.0,-35.06257247924805,-0.4262593984603882,1.3846644163131714,0.006888926029205322,52,0,57,0.02582574635744095,0.02,0.3,109,109,wall,both,0,1,1,1,1,1,0.0,3,3,0,alpha,standard,huber,-1.2368464920537467,9.464338414292081,1.6304549750318333,-1.4783802098380052,9.657137769633659,1.74514776343363,-1.5640050755529202,9.757201050444564,1.7742122828381888,113.78326980705478,0.02582574635744095,191,inf,0.0,1.0,disabled,single,3,row_5,row_6,-0.4262593984603882,-0.944027304649353,0.5862617536451172,0.349323512320789,0.8571124569141858,0.5177679061889648,0.10772951210062831,1,62,0,disabled,0,0.0,50.0,alpha
1128,0.0,0.0,-49.651344299316406,-1.6146321296691895,2.5746941566467285,0.1861986517906189,15,0,39,0.014046372845768929,0.02,0.3,54,54,wall,both,0,1,1,1,1,1,0.0,3,3,0,alpha,standard,huber,-3.7835884345037174,10.397405639546083,2.378294045295517,-1.772172780811383,11.225406767210675,1.9442619658686533,-1.8400652780414912,11.348002488549277,1.9570855418125834,113.39465273793125,0.014046374708414078,246,inf,0.0,1.0,disabled,single,3,row_6,row_7,-1.6146321296691895,-2.319556713104248,0.618443688375426,0.3056013756578286,0.8552575672933411,0.7049245834350586,-1.1340829929024747,1,63,1,disabled,0,0.0,50.0,alpha
1132,0.0,0.0,-49.83955764770508,-3.800109386444092,4.123113632202148,0.07394307851791382,2,0,128,0.3512626886367798,0.02,0.3,120,130,wall,both,0,1,1,1,1,1,0.0,3,3,0,alpha,standard,huber,-3.075727808509182,12.155734393263455,-1.7704010354492086,-2.783000391303074,12.522531531399114,-1.9046183905885532,-2.659900637473177,12.734597052414468,-1.9642854503938147,7.94191277059542,0.3512626886367798,180,inf,0.0,1.0,disabled,single,3,row_6,row_5,-3.800109386444092,-4.785611629486084,0.6473240969169756,0.2416148304841547,0.8687949204786829,0.9855022430419922,-3.365201199134941,0,63,1,disabled,0,0.0,50.0,alpha
1136,0.0,0.0,-41.45085525512695,-0.7477151155471802,1.8188974857330322,0.05537909269332886,20,4,89,0.01581617258489132,0.02,0.3,98,113,wall,both,0,1,1,1,1,1,0.0,8,8,0,alpha,standard,huber,-5.080209335754813,9.443464598065768,-1.0855517280520397,-3.8248521547551224,9.875687193942223,-0.8214796649247438,-3.7022747388190016,10.194688579999237,-0.9853455905626776,77.17652975817147,0.01581617258489132,250,inf,0.0,1.0,disabled,single,3,row_7,row_6,-0.7477151155471802,-1.6658772230148315,0.6411926031274143,0.255997525192941,0.8676607977820575,0.9181621074676514,-0.303289721250455,1,64,0,disabled,0,0.0,50.0,alpha
1140,0.0,0.0,-37.48185348510742,-0.3390720784664154,1.2317681312561035,0.021602749824523926,47,3,75,0.04580838978290558,0.02,0.3,120,125,wall,both,0,1,1,1,1,1,0.0,2,2,0,alpha,standard,huber,-4.656811642212365,8.739014357540979,-1.2116751805766455,-3.090330828782041,9.06358602668546,-0.8780186573516413,-3.109668595807074,9.18639506247184,-0.892769783767069,46.27237230218021,0.04580839350819588,80,inf,0.0,1.0,disabled,single,3,row_7,row_6,-0.3390720784664154,-0.9299806356430054,0.5993063951133004,0.33191019030832386,0.857013918657229,0.59090855717659,0.17291022213688223,0,64,0,disabled,0,0.0,50.0,alpha
1144,0.0,0.0,-37.20854568481445,-0.1920061558485031,0.9033240675926208,0.05113852024078369,45,25,79,0.07319682836532593,0.02,0.3,120,149,wall,both,0,1,1,1,1,1,0.0,7,7,0,alpha,standard,huber,-2.2135298161779344,8.786084342737244,-1.0622446433424413,-2.605432397850062,8.414197987783572,-0.9697372693990308,-2.593735665102421,8.465433567383558,-0.930092859593656,41.362820472530295,0.07319682836532593,80,inf,0.0,1.0,disabled,single,3,row_6,row_5,-0.1920061558485031,-0.867945671081543,0.6125567142140924,0.3115942988745598,0.8591733806755555,0.6759395152330399,0.29810759036611767,1,65,0,disabled,0,0.0,50.0,alpha
1148,0.0,0.0,-44.602516174316406,-0.12742620706558228,0.7571747899055481,0.002382993698120117,55,30,80,0.030901724472641945,0.02,0.3,120,165,wall,both,0,1,1,1,1,1,0.0,7,7,0,alpha,standard,huber,-1.9979544986927904,8.229542997315187,-1.3143817004925196,-2.3283897762102495,7.876286745196891,-0.9845611084210829,-2.282133096134073,7.919227485289662,-0.9659878974005012,64.29351300942628,0.030901726335287094,80,inf,0.0,1.0,disabled,single,3,row_6,row_5,-0.12742620706558228,-0.6703785061836243,0.5916483976916543,0.3437656710689217,0.8545435128552237,0.542952299118042,0.3974165362927228,0,65,0,disabled,0,0.0,50.0,alpha
1152,0.0,0.0,-33.31453323364258,-0.19871748983860016,0.9445998668670654,0.010329663753509521,101,10,44,0.12559929490089417,0.02,0.3,120,155,wall,both,0,1,1,1,1,1,0.0,7,7,0,alpha,standard,huber,-1.5451447267783538,6.776068515257432,-1.257789531591453,-1.8342299211139255,6.744133660319958,-1.1384291592710423,-1.7274718576386112,6.826881388547871,-1.0363859890163938,16.59419369377837,0.12559929490089417,107,inf,0.0,1.0,disabled,single,3,row_6,row_5,-0.19871748983860016,-0.5271806120872498,0.5532806313074425,0.3983783656994151,0.8405778516952965,0.3284631222486496,0.393172445622219,0,65,0,disabled,0,0.0,50.0,alpha
1156,0.0,0.0,-38.37146759033203,-0.4184744358062744,0.8452758193016052,0.2522422671318054,115,34,31,0.042957503348588943,0.02,0.3,120,180,wall,both,0,1,1,1,1,1,0.0,11,11,0,alpha,standard,huber,-3.192126571954528,5.787621340152258,-0.6755293916442962,-1.5985184340378966,6.298153367307518,-1.158245310241016,-1.5519947084800798,6.359428844199943,-1.1088831663259802,57.34541503555346,0.042957503348588943,80,inf,0.0,1.0,disabled,single,3,row_6,row_7,-0.4075113534927368,-0.8195379972457886,0.5666439983426237,0.37529207665893627,0.8549348365560595,0.41202664375305176,0.16051268783812245,0,65,0,disabled,0,0.0,50.0,alpha
1160,0.0,0.0,-36.615013122558594,-0.2278941124677658,1.0126731395721436,0.0009521245956420898,95,26,35,0.043704643845558167,0.02,0.3,120,156,wall,both,0,1,1,1,1,1,0.0,5,5,0,alpha,standard,huber,-1.3007170225394178,5.764376163878469,-1.3495386715524578,-1.289918318119682,5.792181728120246,-1.2082253704219401,-1.3035520547110937,5.83793398223912,-1.159712360701091,53.57545040736079,0.043704643845558167,80,inf,0.0,1.0,disabled,single,3,row_6,row_5,-0.2278941124677658,-0.4863888919353485,0.5388847321611205,0.4161338293038136,0.8375222450150142,0.2584947794675827,0.39035947346425737,0,65,0,disabled,0,0.0,50.0,alpha
1164,0.0,0.0,-22.78179168701172,-0.289395272731781,1.1411741971969604,7.766485214233398e-05,99,0,30,0.031205875799059868,0.02,0.3,120,129,wall,both,0,1,1,1,1,1,0.0,6,6,0,alpha,standard,huber,-1.0507346302008302,5.099072295532227,-1.4056426138010236,-1.1256576370948257,5.1698855387739195,-1.2473590450816756,-1.088772183769671,5.2022521649222515,-1.1812983617545207,55.051188270484374,0.031205875799059868,80,inf,0.0,1.0,disabled,single,3,row_6,row_5,-0.289395272731781,-0.41422906517982483,0.5114440716350597,0.451422832712195,0.8242599347263805,0.12483379244804382,0.3811217687038737,0,65,0,disabled,0,0.0,50.0,alpha
1168,0.0,0.0,-24.27167320251465,-0.22584421932697296,1.0081145763397217,0.00046747922897338867,111,8,29,0.03219424560666084,0.02,0.3,120,148,wall,both,0,1,1,1,1,1,0.0,7,7,0,alpha,standard,huber,-0.9569701041841738,3.932825592416443,-1.339689789815232,-0.9097054200847563,4.090127925012496,-1.2768848032271478,-0.8016120751058537,4.130929710086006,-1.2227134989347375,54.013252755365116,0.03219424560666084,80,inf,0.0,1.0,disabled,single,3,row_6,row_5,-0.22584421932697296,-0.49677595496177673,0.5421306972728765,0.41346603698106216,0.8353748279552624,0.27093173563480377,0.3864039484049785,0,65,0,disabled,0,0.0,50.0,alpha
1172,0.0,0.0,-24.2912540435791,-0.10531121492385864,0.6853185296058655,0.015191793441772461,107,12,13,0.03032657504081726,0.02,0.3,120,132,wall,both,0,1,1,1,1,1,0.0,2,2,0,alpha,standard,huber,-1.161400287685323,3.3134416331648944,-1.2236326024420578,-0.7734828591338659,3.5058637553801795,-1.2870138060925764,-0.6915625325672552,3.5264942713026235,-1.2538420220916953,63.04686027935918,0.03032657504081726,80,inf,0.0,1.0,disabled,single,3,row_6,row_5,-0.10495789349079132,-0.7297601103782654,0.6057154965984057,0.32428027280483274,0.8550148735303416,0.6248022168874741,0.39638698722151244,0,65,0,disabled,0,0.0,50.0,alpha
1176,0.0,0.0,-20.893024444580078,-0.2028259038925171,0.9553607702255249,0.0003584623336791992,114,12,27,0.031313929706811905,0.02,0.3,120,153,wall,both,0,1,1,1,1,1,0.0,4,4,0,alpha,standard,huber,-0.8053231965580302,2.843401573998841,-1.3713872232002515,-0.8024940550529557,3.139527408949128,-1.317412403484725,-0.7071508417124701,3.1751799396411107,-1.280304404638974,62.63165936215916,0.031313929706811905,80,inf,0.0,1.0,disabled,single,3,row_6,row_5,-0.2028259038925171,-0.5275356769561768,0.5525337311218499,0.3993366159713033,0.8403752991127558,0.32470977306365967,0.39041489175704436,0,65,0,disabled,0,0.0,50.0,alpha
1180,0.0,0.0,-19.72162628173828,-0.21599191427230835,0.9856659173965454,0.004817664623260498,101,5,20,0.02637462131679058,0.02,0.3,120,126,wall,both,0,1,1,1,1,1,0.0,4,4,0,alpha,standard,huber,-0.7126156910868011,2.4734323175090065,-1.3121674234017202,-0.7893686733368717,2.7407955316659907,-1.3017420844077847,-0.7059231659992782,2.7808990498500847,-1.284561616734622,61.328821764780116,0.02637462131679058,80,inf,0.0,1.0,disabled,single,3,row_6,row_5,-0.21599191427230835,-0.5091294050216675,0.5464750533512276,0.4076264404209572,0.8374503865360576,0.29313749074935913,0.38827470616582904,0,65,0,disabled,0,0.0,50.0,alpha
1184,0.0,0.0,-22.264177322387695,-0.22690747678279877,1.0104858875274658,0.00032716989517211914,102,15,25,0.026002908125519753,0.02,0.3,120,142,wall,both,0,1,1,1,1,1,0.0,4,4,0,alpha,standard,huber,-0.6459862698265786,2.217058625878213,-1.3847849283281704,-0.6566586656180506,2.1547600640215987,-1.2978596687526547,-0.600609217625434,2.170759733991233,-1.2804799026518858,64.02628759932695,0.0260029099881649,80,inf,0.0,1.0,disabled,single,3,row_6,row_5,-0.22690747678279877,-0.49512073397636414,0.5421427999637559,0.4146008201254116,0.8327960492363802,0.26821325719356537,0.38531836689362464,0,65,0,disabled,0,0.0,50.0,alpha
1188,0.0,0.0,-21.777050018310547,-0.2178201973438263,0.9900459051132202,2.014636993408203e-05,106,5,25,0.03326680511236191,0.02,0.3,120,136,wall,both,0,1,1,1,1,1,0.0,5,5,0,alpha,standard,huber,-0.593317765074726,1.7784701890515124,-1.4071588533550714,-0.5842082472586712,1.822948808458953,-1.310258836073442,-0.541501126905267,1.8118107947948094,-1.2857772210491047,55.747861661795085,0.03326680511236191,80,inf,0.0,1.0,disabled,single,3,row_6,row_5,-0.2178201973438263,-0.5120822191238403,0.5479489737036984,0.4082664998807476,0.8323496296153485,0.29426202178001404,0.3837529127050253,0,65,0,disabled,0,0.0,50.0,alpha
1192,0.0,0.0,-20.91094207763672,-0.20530249178409576,0.9611203670501709,0.002434074878692627,120,3,16,0.029429931193590164,0.02,0.3,120,139,wall,both,0,1,1,1,1,1,0.0,2,2,0,alpha,standard,huber,-0.5849547802442632,1.5587635558556225,-1.3310217087452683,-0.4675389718696918,1.2257395728077536,-1.3390820357632358,-0.42302755355299404,1.2239584570236681,-1.3093957070323368,57.68882430830223,0.029429931193590164,80,inf,0.0,1.0,disabled,single,3,row_6,row_5,-0.20530249178409576,-0.5329868793487549,0.5543118885010848,0.399431831620469,0.8357942212944206,0.3276843875646591,0.38472528322836075,0,65,0,disabled,0,0.0,50.0,alpha
1196,0.0,0.0,-18.42738151550293,-0.2591170072555542,1.079827070236206,5.733966827392578e-05,103,0,17,0.039839137345552444,0.02,0.3,120,120,wall,both,0,1,1,1,1,1,0.0,4,4,0,alpha,standard,huber,-0.27399819097437683,0.4850823218866873,-1.363588792716863,-0.31954083773313763,0.5907197577957339,-1.3428491535964353,-0.2904373774531638,0.5928124819921325,-1.3247050989242555,55.710863369620554,0.03983914107084274,80,inf,0.0,1.0,disabled,single,3,row_6,row_5,-0.2591170072555542,-0.45617565512657166,0.5273045316569043,0.43299214748768167,0.8279883076805945,0.19705864787101746,0.380860031149894,0,65,0,disabled,0,0.0,50.0,alpha
1200,0.0,0.0,-19.14395523071289,-0.26124101877212524,1.0842337608337402,0.0010863542556762695,116,0,22,0.0340629406273365,0.02,0.3,120,138,wall,both,0,1,1,1,1,1,0.0,4,4,0,alpha,standard,huber,-0.21368297977969702,0.20466083781551614,-1.3276828001311645,-0.25588000558549284,0.05410400828590858,-1.325861136609864,-0.2110275016607675,0.05604691950885869,-1.3239359504212034,58.70257160154073,0.0340629443526268,80,inf,0.0,1.0,disabled,single,3,row_6,row_5,-0.26124101877212524,-0.4501076340675354,0.5259004651762135,0.43539137961494784,0.8258661736694136,0.18886661529541016,0.38140229508151746,0,65,0,disabled,0,0.0,50.0,alpha
1204,0.0,0.0,-18.083826065063477,-0.25897473096847534,1.0794869661331177,0.0022640228271484375,115,6,17,0.035834621638059616,0.02,0.3,120,138,wall,both,0,1,1,1,1,1,0.0,7,7,0,alpha,standard,huber,0.016136750325370708,-1.0347729871376397,-1.3420558640623728,-0.07870533006336568,-0.9682222147649726,-1.323184838259522,-0.02431533655626009,-0.9594235309945002,-1.3244148855010984,56.77178679114662,0.03583461791276932,80,inf,0.0,1.0,disabled,single,3,row_6,row_5,-0.25897473096847534,-0.4468003511428833,0.5266121144367664,0.43643464179068464,0.8214424123271186,0.18782562017440796,0.3823162962089117,0,65,0,disabled,0,0.0,50.0,alpha
1208,0.0,0.0,-28.892837524414062,-0.21364825963974,0.9640055894851685,0.04181182384490967,104,30,28,0.029408801347017288,0.02,0.3,120,162,wall,both,0,1,1,1,1,1,0.0,3,3,0,alpha,standard,huber,0.30411221056709353,-3.1509011162686775,-1.0918761466310674,0.3632439457385445,-2.84436286401934,-1.2986692589232498,0.3953845619370927,-2.817411355664474,-1.2988562734203393,59.01846068042264,0.029408801347017288,80,inf,0.0,1.0,disabled,single,3,row_6,row_5,-0.21364825963974,-0.5288277864456177,0.5511901200345624,0.4021802085985161,0.8376024066616332,0.3151795268058777,0.38202722426919133,0,65,0,disabled,0,0.0,50.0,alpha
1212,0.0,0.0,-28.439355850219727,-0.13944780826568604,0.7921508550643921,0.0008122920989990234,98,26,32,0.03083711862564087,0.02,0.3,120,156,wall,both,0,1,1,1,1,1,0.0,4,4,0,alpha,standard,huber,0.10536926811675541,-3.0263888253805,-1.422378984631885,0.5287385982850049,-3.5730160146185486,-1.2941076802818088,0.5588587268686599,-3.556214716663634,-1.2985567905018192,60.446109375574736,0.03083711862564087,83,inf,0.0,1.0,disabled,single,3,row_6,row_5,-0.13944780826568604,-0.645097553730011,0.585837980918997,0.3533268406713794,0.8511557157626594,0.505649745464325,0.395264202441314,0,65,0,disabled,0,0.0,50.0,alpha
1216,0.0,0.0,-28.62615394592285,-0.2242562174797058,1.004517912864685,0.002295076847076416,94,42,26,0.02795814350247383,0.02,0.3,120,162,wall,both,0,1,1,1,1,1,0.0,2,2,0,alpha,standard,huber,0.48562122052940515,-3.961838484561448,-1.3468491411432189,0.5401577825016803,-3.9401765596473526,-1.3345530848527827,0.5919927746601912,-3.9229242562466604,-1.3174392410801552,62.26116196624579,0.02795814350247383,80,inf,0.0,1.0,disabled,single,3,row_6,row_5,-0.2242562174797058,-0.4871877431869507,0.5420153168486184,0.4166984151983189,0.8283265774112564,0.2629315257072449,0.3882048005937879,0,65,0,disabled,0,0.0,50.0,alpha
1220,0.0,0.0,-34.521446228027344,-0.19871607422828674,0.9456210732460022,0.0011226534843444824,97,65,23,0.03607106953859329,0.02,0.3,120,185,wall,both,0,1,1,1,1,1,0.0,3,3,0,alpha,standard,huber,0.40041773251041335,-3.799385358656304,-1.3672234296702552,0.7037402611825577,-4.530017844579685,-1.2934181605772335,0.7196182960894141,-4.5123647237754625,-1.2924843300333966,61.010060103071496,0.036071065813302994,80,inf,0.0,1.0,disabled,single,3,row_6,row_5,-0.19871607422828674,-0.5254300236701965,0.5548024432946858,0.40017347592683994,0.8329595780079051,0.3267139494419098,0.3904271124031058,0,65,0,disabled,0,0.0,50.0,alpha
1224,0.0,0.0,-34.29384231567383,-0.19757099449634552,0.9426909685134888,0.004685163497924805,109,42,30,0.0441138818860054,0.02,0.3,120,181,wall,both,0,1,1,1,1,1,0.0,3,3,0,alpha,standard,huber,0.5693961263706752,-4.891331508066004,-1.3177745364387565,0.7915562403352477,-4.875321995836462,-1.2710515427047633,0.8077447617128657,-4.881945372303953,-1.2741112722187398,54.25963759383986,0.0441138818860054,80,inf,0.0,1.0,disabled,single,3,row_6,row_5,-0.19757099449634552,-0.5357354879379272,0.5566418482585898,0.3969290456298716,0.8353902466740977,0.3381644934415817,0.38826225270360015,0,65,0,disabled,0,0.0,50.0,alpha
1228,0.0,0.0,0.0,-0.0014395485632121563,0.08012916892766953,0.0017660260200500488,0,0,0,0.0175413079559803,0.02,0.3,0,0,wall,both,0,1,1,1,1,1,0.0,0,0,0,alpha,standard,huber,2.096777451107303,-5.058685979907917,-1.3308196665696945,0.9017752145745614,-5.33218291164097,-1.33317663482291,0.9194582515827325,-5.3258311985881015,-1.3003312013554384,101.82530297675444,0.0175413079559803,112,inf,0.0,1.0,disabled,single,3,row_5,row_6,-0.0014395485632121563,-1.2976245880126953,0.6665648872822459,0.18235447372730784,0.8662355121149123,1.2961850394494832,0.40417824027669313,1,66,0,disabled,0,0.0,50.0,alpha
1232,0.0,0.0,0.0,-0.0015889627393335104,0.08455827087163925,0.00011217594146728516,0,0,0,0.018653342500329018,0.02,0.3,0,0,wall,both,0,1,1,1,1,1,0.0,0,0,0,alpha,standard,huber,2.346252372350108,-5.508308269192218,-1.405238209686997,0.9204913328081813,-5.776649382276561,-1.3402404188353618,0.9745425854008035,-5.770406551926159,-1.3180207552603296,77.90325556476468,0.018653342500329018,83,inf,0.0,1.0,disabled,single,3,row_5,row_4,-0.0015889627393335104,-1.3092975616455078,0.6675500488978929,0.1805315885321873,0.8651039810538934,1.3077085989061743,0.402551949156919,0,66,0,disabled,0,0.0,50.0,alpha
1236,0.0,0.0,0.0,-4.835725121665746e-05,0.009725172072649002,0.0025880932807922363,0,0,0,0.012714702636003494,0.02,0.3,0,0,wall,both,0,1,1,1,1,1,0.0,0,0,0,alpha,standard,huber,-0.006851600509567776,-6.872957258875752,-1.433406036665387,1.000517564678212,-6.28000997986011,-1.338421728643555,1.0506436394245182,-6.290001951309465,-1.3171045609182488,100.77729109315291,0.012714702636003494,107,inf,0.0,1.0,disabled,single,3,row_6,row_5,-4.835725121665746e-05,-1.355202317237854,0.6662523949133057,0.17183154547086762,0.8679898310982805,1.3551539599866373,0.4060383516407328,1,67,0,disabled,0,0.0,50.0,alpha
1240,0.0,0.0,0.0,-5.3765350457979366e-05,0.015551595948636532,7.075071334838867e-05,0,0,0,0.005560887977480888,0.02,0.3,0,0,wall,both,0,1,1,1,1,1,0.0,0,0,0,alpha,standard,huber,0.18165970604498585,-7.732180428156565,-1.3733406925600393,1.0760343477303242,-7.027082990900361,-1.3539504082747755,1.1526975141642934,-7.035143611160564,-1.3309224085008216,221.57416611329285,0.005560887977480888,235,inf,0.0,1.0,disabled,single,3,row_6,row_5,-5.3765350457979366e-05,-1.3082771301269531,0.6656692875099224,0.17993031141765659,0.8679679550522945,1.3082233647764951,0.4069085317210846,0,67,0,disabled,0,0.0,50.0,alpha
1244,0.0,0.0,0.0,-0.0002526031748857349,0.014582108706235886,0.00709301233291626,0,0,0,0.005441052373498678,0.02,0.3,0,0,wall,both,0,1,1,1,1,1,0.0,0,0,0,alpha,standard,huber,0.28692902255249986,-8.489230324834034,-1.518509130624233,1.3515145923662826,-8.285283569996448,-1.3448943565697415,1.4057353233371122,-8.310203661154262,-1.3362107233831821,231.19339912809707,0.005441052373498678,250,inf,0.0,1.0,disabled,single,3,row_6,row_7,-0.0002526031748857349,-1.3653982877731323,0.6661055243203533,0.17008569840864732,0.8682814249043702,1.3651456845982466,0.40605457289247826,0,67,0,disabled,0,0.0,50.0,alpha
1248,0.0,0.0,0.0,-0.18274301290512085,0.8103145956993103,0.09499096870422363,0,0,0,0.006068260408937931,0.02,0.3,0,0,wall,both,0,1,1,1,1,1,0.0,0,0,0,alpha,standard,huber,2.688251389491702,-8.826628308544912,-1.7302615389321123,1.9405324011593108,-9.476623078217182,-2.187329256380779,1.8434299185545564,-9.552424109838242,-2.236468462446024,228.99097493658667,0.006068260408937931,250,inf,0.0,1.0,disabled,single,3,row_5,row_6,-0.18274301290512085,-1.2834879159927368,0.6506166267949605,0.2164101969535032,0.8791783686020458,1.100744903087616,0.2470916962700031,1,68,0,disabled,0,0.0,50.0,alpha
1252,0.0,0.0,0.0,-0.18951791524887085,0.7432156205177307,0.1279001235961914,0,0,0,0.0068803029134869576,0.02,0.3,0,0,wall,both,0,1,1,1,1,1,0.0,0,0,0,alpha,standard,huber,-1.8566545990623005,-9.655100503425341,2.34141163322134,1.3895706092848892,-10.041950584941791,-3.0796088003476325,1.3713327044311905,-10.104986384709296,-3.0831745624690363,235.0365911481342,0.0068803029134869576,250,inf,0.0,1.0,disabled,single,3,row_7,row_6,-0.18951791524887085,-1.440529704093933,0.6683267830542146,0.1912851910486942,0.861334907418039,1.2510117888450623,0.21346011362512285,1,69,0,disabled,0,0.0,50.0,alpha
1256,0.0,0.0,-37.811527252197266,-0.2544172406196594,0.9503598809242249,0.1147121787071228,57,0,67,0.03863039240241051,0.02,0.3,115,124,wall,both,0,1,1,1,1,1,0.0,2,2,0,alpha,standard,huber,-1.5101779641803155,-9.67820493177021,2.3137764299354986,-0.028293718818214766,-9.881581295938659,2.1469616272441243,0.21310142768967372,-10.004831167431673,2.2041384458368016,118.89400458336091,0.03863039240241051,250,inf,0.0,1.0,disabled,single,3,row_7,row_6,-0.2544172406196594,-1.1239187717437744,0.6395379197914105,0.26806899305066734,0.8588480922348326,0.869501531124115,0.19259212310244034,0,69,0,disabled,0,0.0,50.0,alpha
1260,0.0,0.0,-20.095006942749023,-0.19684937596321106,0.9392921924591064,0.013907134532928467,100,1,26,0.038409821689128876,0.02,0.3,120,127,wall,both,0,1,1,1,1,1,0.0,7,7,0,alpha,standard,huber,-3.1834778742737804,-8.711023367511403,1.9970627010781863,-1.283466962390517,-8.555882089531936,1.6205158603407508,-1.131089496682,-8.49823113689721,1.5649318642637802,87.10475975500837,0.038409825414419174,250,inf,0.0,1.0,disabled,single,3,row_7,row_8,-0.19684937596321106,-0.5301095247268677,0.5556133262229003,0.39814348170393665,0.8353359367411178,0.3332601487636566,0.3908333071439817,0,69,0,disabled,0,0.0,50.0,alpha
1264,0.0,0.0,-30.47001838684082,-0.09027722477912903,0.6327694654464722,0.017847061157226562,100,22,25,0.011104220524430275,0.02,0.3,120,147,wall,both,0,1,1,1,1,1,0.0,8,8,0,alpha,standard,huber,-3.092789125801824,-7.5519257253626275,1.926819950610244,-1.6634488626590618,-7.6010967626877255,1.767485094140189,-1.4206181955279702,-7.447396394402798,1.6570106806982103,172.6287007193745,0.011104220524430275,250,inf,0.0,1.0,disabled,single,3,row_7,row_8,-0.09027722477912903,-0.7835280895233154,0.6170675548812686,0.3085017890259846,0.8540749739219008,0.6932508647441864,0.39249954701841244,0,69,0,disabled,0,0.0,50.0,alpha
1268,0.0,0.0,-22.627050399780273,-0.1250879317522049,0.7493169903755188,0.008791923522949219,150,8,25,0.023174043744802475,0.02,0.3,120,183,wall,both,0,1,1,1,1,1,0.0,11,11,0,alpha,standard,huber,-3.361497870317808,-6.730730075558001,1.9085506274274664,-1.961044150709705,-7.157555564692494,1.8210139628151076,-1.7380984170511966,-7.053733395623721,1.7303808851077234,134.3240378881422,0.023174043744802475,250,inf,0.0,1.0,disabled,single,3,row_7,row_8,-0.1250879317522049,-0.6859391927719116,0.5956773338001058,0.3399667685252512,0.8519362196887127,0.5608512610197067,0.39296821300846174,0,69,0,disabled,0,0.0,50.0,alpha
1272,0.0,0.0,-16.182819366455078,-0.18456733226776123,0.9111836552619934,0.004023909568786621,156,6,30,0.012600372545421124,0.02,0.3,120,192,wall,both,0,1,1,1,1,1,0.0,9,9,0,alpha,standard,huber,-3.562935127387313,-6.557118820923649,1.8655886135934932,-2.4159760707118503,-6.771929885673549,1.8420778082264297,-2.1430364040794156,-6.699271855930306,1.768228776745298,182.23080516637725,0.012600372545421124,250,inf,0.0,1.0,disabled,single,3,row_7,row_8,-0.18456733226776123,-0.5570231080055237,0.5622616038835665,0.3874208047966086,0.8415323330624629,0.37245577573776245,0.3912207177889999,0,69,0,disabled,0,0.0,50.0,alpha
1276,0.0,0.0,-18.61461639404297,-0.2653757929801941,1.092790126800537,0.00020873546600341797,129,22,28,0.02930448204278946,0.02,0.3,120,179,wall,both,0,1,1,1,1,1,0.0,10,10,0,alpha,standard,huber,-3.8568374456456453,-6.035856992829012,1.796280408256508,-2.888381629619449,-6.134521864080762,1.8219309108111958,-2.5988065825470716,-6.1595517880013055,1.7926054300125775,95.1768483638281,0.02930448204278946,250,inf,0.0,1.0,disabled,single,3,row_7,row_8,-0.2653757929801941,-0.41789722442626953,0.5181697288355173,0.4448696949676617,0.8228971821263605,0.15252143144607544,0.3920766355672508,0,69,0,disabled,0,0.0,50.0,alpha
1280,0.0,0.0,-15.727394104003906,-0.2983222007751465,1.1586252450942993,0.0014271736145019531,98,0,25,0.011565727181732655,0.02,0.3,120,123,wall,both,0,1,1,1,1,1,0.0,4,4,0,alpha,standard,huber,-4.135564724365886,-4.867853942836044,1.7924373547416543,-3.2921025117941105,-4.900461105432836,1.7795877548330072,-3.102152633015055,-4.925931751505835,1.775295435653149,140.37533991356975,0.01156572811305523,175,inf,0.0,1.0,disabled,single,3,row_7,row_8,-0.2983222007751465,-0.3708992302417755,0.5014619452152574,0.4663566539104263,0.8124489386023951,0.07257702946662903,0.3919053556078932,0,69,0,disabled,0,0.0,50.0,alpha
1284,0.0,0.0,-20.3113956451416,-0.14352603256702423,0.7986466288566589,0.020909905433654785,101,0,26,0.012264274060726166,0.02,0.3,120,127,wall,both,0,1,1,1,1,1,0.0,11,11,0,alpha,standard,huber,-3.767087805361685,-4.887553457014894,1.9438621359697628,-3.5513544241139794,-4.40792060723675,1.7668386221905013,-3.396620274301534,-4.412447807518168,1.7646764714777143,141.8662360064281,0.012264274060726166,175,inf,0.0,1.0,disabled,single,3,row_7,row_8,-0.14352603256702423,-0.607625424861908,0.5796474763803469,0.3644249847511374,0.8452434731418002,0.46409939229488373,0.40180912700377736,0,69,0,disabled,0,0.0,50.0,alpha
1288,0.0,0.0,-17.773277282714844,-0.25056660175323486,1.0617854595184326,0.0029641389846801758,148,0,24,0.01681077666580677,0.02,0.3,120,172,wall,both,0,1,1,1,1,1,0.0,8,8,0,alpha,standard,huber,-4.061678853981254,-4.724519067587709,1.81601970961668,-3.6570053083408247,-3.8278242769826756,1.7857640554985643,-3.596008195936989,-3.8047976692350476,1.771129347269305,160.9579596006173,0.01681077666580677,218,inf,0.0,1.0,disabled,single,3,row_7,row_8,-0.25056660175323486,-0.42906802892684937,0.5241254231677995,0.4384428995663235,0.8230771441668783,0.1785014271736145,0.39545766435876506,0,69,0,disabled,0,0.0,50.0,alpha
1292,0.0,0.0,-21.447551727294922,-0.12633131444454193,0.7509182095527649,0.01584726572036743,121,0,24,0.018377259373664856,0.02,0.3,120,145,wall,both,0,1,1,1,1,1,0.0,8,8,0,alpha,standard,huber,-4.158747978662422,-2.5445391985692005,1.9230475247880188,-4.026417664794365,-2.496433778154874,1.8151602513219385,-3.9538570585788992,-2.488696075145734,1.7836804340786525,157.08716253137996,0.018377259373664856,240,inf,0.0,1.0,disabled,single,3,row_7,row_8,-0.12633131444454193,-0.6304751634597778,0.5857540895699093,0.35380864286974295,0.8504964820363826,0.5041438490152359,0.4085239054072519,0,69,0,disabled,0,0.0,50.0,alpha
1296,0.0,0.0,-22.066612243652344,-0.31558656692504883,1.191696047782898,7.975101470947266e-05,155,18,14,0.031600672751665115,0.02,0.3,120,187,wall,both,0,1,1,1,1,1,0.0,8,8,0,alpha,standard,huber,-4.951490029668132,-0.4739418845427108,1.715763736936852,-4.486673355379709,-0.8847297125892892,1.8064042283065493,-4.394885230057214,-0.9219309689953619,1.8091436760820843,109.6448865070318,0.031600672751665115,224,inf,0.0,1.0,disabled,single,3,row_7,row_8,-0.31558656692504883,-0.35569414496421814,0.49341860449963704,0.4740203873577045,0.8139178916877858,0.04010757803916931,0.3908108019446279,0,69,0,disabled,0,0.0,50.0,alpha
1300,0.0,0.0,-23.49575424194336,-0.21900561451911926,0.9927362203598022,6.747245788574219e-05,145,25,26,0.015382674522697926,0.02,0.3,120,196,wall,both,0,1,1,1,1,1,0.0,7,7,0,alpha,standard,huber,-4.989948159514951,0.7821030869103791,1.7847757823225052,-4.675643924388002,0.2602722326053927,1.8109336150707775,-4.666593211749236,0.21102653579778824,1.8226565943391648,168.2705250373367,0.015382672660052776,246,inf,0.0,1.0,disabled,single,3,row_7,row_8,-0.21900561451911926,-0.49442869424819946,0.5436009042849379,0.4127294386518714,0.8333308867139282,0.2754230797290802,0.3905343186757537,0,69,0,disabled,0,0.0,50.0,alpha
1304,0.0,0.0,-19.244218826293945,-0.12138822674751282,0.7314698100090027,0.024692535400390625,118,0,19,0.012175018899142742,0.02,0.3,120,137,wall,both,0,1,1,1,1,1,0.0,4,4,0,alpha,standard,huber,-4.848575061618539,1.5123779233193386,1.8959776625345457,-4.867814764908829,1.2006424267910183,1.825010961559823,-4.889806073266687,1.1926659428752684,1.8306782638865737,171.4710714483957,0.012175018899142742,235,inf,0.0,1.0,disabled,single,3,row_7,row_8,-0.12138822674751282,-0.6861657500267029,0.5965613657126975,0.33913714709441256,0.8513481556629285,0.5647775232791901,0.39518493968848045,0,69,0,disabled,0,0.0,50.0,alpha
1308,0.0,0.0,-18.044403076171875,-0.19273041188716888,0.9309815168380737,0.005522966384887695,148,6,27,0.013696696609258652,0.02,0.3,120,181,wall,both,0,1,1,1,1,1,0.0,9,9,0,alpha,standard,huber,-2.9557095349511044,4.031183622773036,1.8764726176798607,-5.2056176840094945,3.1446153585845806,1.8130494058567008,-5.297893977041412,3.1477567857615574,1.8419869134202331,156.4275087042807,0.013696696609258652,250,inf,0.0,1.0,disabled,single,3,row_6,row_7,-0.19273041188716888,-0.5374816060066223,0.5568618460515898,0.39447902993681455,0.8400407552541859,0.34475119411945343,0.39270769015612106,1,70,0,disabled,0,0.0,50.0,alpha
1312,0.0,0.0,-23.619380950927734,-0.12421054393053055,0.7457926869392395,0.012215495109558105,119,3,26,0.009621246717870235,0.02,0.3,120,148,wall,both,0,1,1,1,1,1,0.0,2,2,0,alpha,standard,huber,-2.903571724456164,4.740921660728098,1.904876427558599,-5.372728372034899,4.27361197640094,1.8626702861470619,-5.4751101511633795,4.25632072842461,1.872100326370905,189.25940760103975,0.009621246717870235,250,inf,0.0,1.0,disabled,single,3,row_6,row_7,-0.12421054393053055,-0.6679850816726685,0.5922675308444443,0.34384256931177976,0.8530395174207085,0.5437745377421379,0.39958629203805696,0,70,0,disabled,0,0.0,50.0,alpha
1316,0.0,0.0,-23.13399887084961,-0.1436905413866043,0.8007312417030334,0.01720494031906128,115,4,32,0.01135939359664917,0.02,0.3,120,151,wall,both,0,1,1,1,1,1,0.0,3,3,0,alpha,standard,huber,-5.482223200645173,4.7602854113715045,1.936108072789449,-5.562093609066068,4.898601303477868,1.8842148636465252,-5.609927572070923,4.889453247758445,1.883199249166756,182.2051027992343,0.011359394527971745,246,inf,0.0,1.0,disabled,single,3,row_7,row_8,-0.1436905413866043,-0.6686932444572449,0.5892544224706406,0.34857567236343756,0.8517197109210772,0.5250027030706406,0.38520669055392975,1,71,0,disabled,0,0.0,50.0,alpha
1320,0.0,0.0,-21.040945053100586,-0.18292275071144104,0.9024427533149719,0.02182561159133911,99,0,37,0.010908867232501507,0.02,0.3,120,136,wall,both,0,1,1,1,1,1,0.0,2,2,0,alpha,standard,huber,-5.805595068341638,5.914633672745287,1.9762439777822323,-5.849727720785699,5.895929534626324,1.894223712074139,-5.899114924959468,5.930035269499726,1.893138273695155,185.54298514738994,0.010908868163824081,250,inf,0.0,1.0,disabled,single,3,row_7,row_8,-0.18292275071144104,-0.5752086639404297,0.5658628720714389,0.38224656562127557,0.8433311503976755,0.39228591322898865,0.3864807549131186,0,71,0,disabled,0,0.0,50.0,alpha
1324,0.0,0.0,-19.630542755126953,-0.16868819296360016,0.8708688020706177,0.006104111671447754,100,0,33,0.014134525321424007,0.02,0.3,120,133,wall,both,0,1,1,1,1,1,0.0,1,1,0,alpha,standard,huber,-5.725012466300924,5.671081692249356,1.8774804664277287,-6.076678367267464,6.418712415371672,1.9193715875451238,-6.107685282514838,6.5308843379902495,1.9104453799723107,176.8694066224264,0.014134525321424007,240,inf,0.0,1.0,disabled,single,3,row_7,row_8,-0.16868819296360016,-0.6036498546600342,0.5736125924578145,0.37129339817512214,0.8463799148259752,0.434961661696434,0.3871128435957606,0,71,0,disabled,0,0.0,50.0,alpha
1328,0.0,0.0,-21.44525718688965,-0.18660852313041687,0.913159191608429,0.01789027452468872,108,0,29,0.015560287050902843,0.02,0.3,120,137,wall,both,0,1,1,1,1,1,0.0,1,1,0,alpha,standard,huber,-5.890897842688323,6.2889650298841175,1.9563741177485916,-6.245193607986033,6.7992155019734595,1.9442958051147194,-6.276015415986721,6.940820053653875,1.932292175489124,164.11598711275337,0.015560287050902843,250,inf,0.0,1.0,disabled,single,3,row_7,row_8,-0.18660852313041687,-0.5520721077919006,0.5608194201048226,0.38913852271229016,0.8415006651163051,0.36546358466148376,0.39174779144271976,0,71,0,disabled,0,0.0,50.0,alpha
1332,0.0,0.0,-25.568737030029297,-0.16197410225868225,0.846349835395813,0.026166021823883057,84,0,36,0.013654132373631,0.02,0.3,120,120,wall,both,0,1,1,1,1,1,0.0,2,2,0,alpha,standard,huber,-5.867920105197515,6.516140479337466,1.996197156550493,-6.324729942847087,6.959878694871209,1.9589565348436735,-6.364304239482605,7.11394168227544,1.9471327178225195,182.51842576240006,0.01365413423627615,250,inf,0.0,1.0,disabled,single,3,row_7,row_8,-0.16197410225868225,-0.5941745042800903,0.5732951777144298,0.3721140251050311,0.8455545744138027,0.4322004020214081,0.394380448296736,0,71,0,disabled,0,0.0,50.0,alpha
1336,0.0,0.0,-23.353069305419922,-0.18338803946971893,0.9084292650222778,0.0003656744956970215,81,0,39,0.01756323128938675,0.02,0.3,120,120,wall,both,0,1,1,1,1,1,0.0,2,2,0,alpha,standard,huber,-5.935238168777821,6.5363992785173135,1.7939775568787422,-6.3564358233224425,7.098843283577936,1.9710355360493637,-6.41315953226138,7.240219662323692,1.9613140434226928,164.8803147584755,0.0175632294267416,250,inf,0.0,1.0,disabled,single,3,row_7,row_8,-0.18338803946971893,-0.5426667332649231,0.5595839057422723,0.39069014910522976,0.8412983804068617,0.35927869379520416,0.3971737574236829,0,71,0,disabled,0,0.0,50.0,alpha
1340,0.0,0.0,0.0,-0.013297772035002708,0.03507356718182564,0.056488752365112305,0,0,0,0.010942556895315647,0.02,0.3,0,0,wall,both,0,1,1,1,1,1,0.0,0,0,0,alpha,standard,huber,-7.658823003156218,7.099846986147791,2.0952498713096457,-6.613646550288731,7.6183414173035615,1.9850863880294598,-6.645526546521915,7.744788395966885,1.9779068750922502,162.75835725143773,0.010942556895315647,185,inf,0.0,1.0,disabled,single,3,row_8,row_9,-0.013297772035002708,-1.374004602432251,0.6674084408555065,0.17117653342745054,0.8663904027298345,1.3607068303972483,0.3910552933386865,1,72,0,disabled,0,0.0,50.0,alpha
1344,0.0,0.0,-27.94171714782715,-0.3181114196777344,1.160385012626648,0.06803101301193237,59,0,28,0.040654733777046204,0.02,0.3,87,87,wall,both,0,1,1,1,1,1,0.0,3,3,0,alpha,standard,huber,-7.044429977639463,8.202320910961877,2.128515716164859,-7.071777118763036,8.622040827735884,2.0461421623235263,-7.117246027476751,8.777559106999066,2.0240171487817067,89.43604066834314,0.040654733777046204,164,inf,0.0,1.0,disabled,single,3,row_8,row_7,-0.3181114196777344,-0.8662107586860657,0.5935965578370271,0.34312697015122884,0.8512792239415501,0.5480993390083313,0.20344396626011518,0,72,0,disabled,0,0.0,50.0,alpha
1348,0.0,0.0,-34.342830657958984,-0.941828191280365,1.2438656091690063,0.38276803493499756,33,0,51,0.020775383338332176,0.02,0.3,84,84,wall,both,0,1,1,1,1,1,0.0,3,3,0,alpha,standard,huber,-7.723495703123005,8.44995013338341,2.663102567055577,-7.382148689864277,9.001801769828868,2.425790358866876,-7.381070939835563,9.143439363233417,2.4049568571608475,123.50246965032089,0.020775385200977325,218,inf,0.0,1.0,disabled,single,3,row_8,row_7,-0.941828191280365,-2.26924729347229,0.6934937584076486,0.1838873124004518,0.8225655861589245,1.327419102191925,-0.5758151518794457,0,72,0,disabled,0,0.0,50.0,alpha
1352,0.0,0.0,-27.621932983398438,-1.762170672416687,1.535307765007019,0.5508148670196533,46,0,20,0.015548455528914928,0.02,0.3,66,66,wall,both,0,1,1,1,1,1,0.0,2,2,0,alpha,standard,huber,-7.387541421606362,8.722438053610166,2.8624693147637146,-7.473389478742859,9.093441119024043,2.6189946742389636,-7.494274726786878,9.172559274436392,2.6183782915563416,139.44750880664714,0.015548455528914928,175,inf,0.0,1.0,disabled,single,3,row_8,row_7,-1.762170672416687,-2.72904634475708,0.6742240370341853,0.2563866822769713,0.7998663019520795,0.9668756723403931,-1.3679778482750073,0,72,0,disabled,0,0.0,50.0,alpha
1356,0.0,0.0,-34.4848747253418,-2.8323488235473633,1.3251763582229614,0.7735088467597961,43,0,37,0.028309758752584457,0.02,0.3,58,80,wall,both,0,1,1,1,1,1,0.0,1,1,0,alpha,standard,huber,-8.627946505930053,8.095958352059856,-2.726389079327945,-7.859531675709546,9.146096530319245,3.0444248370363995,-7.858183586112517,9.252039447948764,3.0269080062811202,125.75965253475053,0.028309758752584457,213,inf,0.0,1.0,disabled,single,3,row_8,row_9,-2.8323488235473633,-2.8578779697418213,0.4760589003482372,0.4640593440042916,0.8782057728967904,0.025529146194458008,-2.090135131368845,0,72,0,disabled,0,0.0,50.0,alpha
1360,0.0,0.0,0.0,-0.48528629541397095,1.4563279151916504,0.058518409729003906,0,0,0,0.005762857384979725,0.02,0.3,0,0,wall,both,0,1,1,1,1,1,0.0,0,0,0,alpha,standard,huber,-9.218539431959659,7.949446819223459,-1.8045207313626872,-8.462078600500355,9.105213884146938,-2.574047413705503,-8.441338178038224,9.200199525201608,-2.623576999497169,234.80585251287755,0.005762857384979725,246,inf,0.0,1.0,disabled,single,3,row_9,row_8,-0.48528629541397095,-0.7040620446205139,0.5333189652680598,0.4285227933054039,0.8230236983812764,0.21877574920654297,0.14334930449368266,1,73,0,disabled,0,0.0,50.0,alpha
1364,0.0,0.0,0.0,-0.14427199959754944,0.7933166027069092,0.03289318084716797,0,0,0,0.006328844465315342,0.02,0.3,0,0,wall,both,0,1,1,1,1,1,0.0,0,0,0,alpha,standard,huber,-9.588730028278713,7.39683426428639,-1.7179204754551967,-9.095125847386004,8.546324811975776,-1.814188967975515,-9.022411517282631,8.714334579532732,-1.9051752654204603,220.83863121141826,0.006328844465315342,250,inf,0.0,1.0,disabled,single,3,row_9,row_8,-0.14427199959754944,-0.8610238432884216,0.6208245408474387,0.3031708946921308,0.8536340518883672,0.7167518436908722,0.3324347802926577,0,73,0,disabled,0,0.0,50.0,alpha
1368,0.0,0.0,0.0,-0.007457787171006203,0.06343129277229309,0.04010111093521118,0,0,0,0.00599616440013051,0.02,0.3,0,0,wall,both,0,1,1,1,1,1,0.0,0,0,0,alpha,standard,huber,-10.021868013555451,6.667771668143093,-1.176568335123862,-9.806284534394237,6.581756934262538,-0.8369951951126433,-9.78389811453817,6.590545474213047,-0.8253327438003368,223.50239692115213,0.00599616440013051,250,inf,0.0,1.0,disabled,single,3,row_9,row_8,-0.007457787171006203,-1.3219237327575684,0.665745588914011,0.17883107646080543,0.868017915375575,1.3144659455865622,0.3993898928784147,0,73,0,disabled,0,0.0,50.0,alpha
1372,0.0,0.0,0.0,-0.00030936620896682143,0.015211434103548527,0.007949650287628174,0,0,0,0.005850027780979872,0.02,0.3,0,0,wall,both,0,1,1,1,1,1,0.0,0,0,0,alpha,standard,huber,-9.908104209432956,5.3567336737333395,-1.2630025808843917,-9.808581411522907,6.457944426977072,-0.8678416649885401,-9.718356033151327,6.4319114303487765,-0.8277599604987884,225.1940465060462,0.005850028246641159,250,inf,0.0,1.0,disabled,single,3,row_9,row_10,-0.00030936620896682143,-1.3908454179763794,0.6721256756352357,0.16732019108130936,0.859858380504495,1.3905360517674126,0.3970005724212396,0,73,0,disabled,0,0.0,50.0,alpha
1376,0.0,0.0,0.0,-0.0007182268891483545,0.0313749797642231,0.011062145233154297,0,0,0,0.005829146597534418,0.02,0.3,0,0,wall,both,0,1,1,1,1,1,0.0,0,0,0,alpha,standard,huber,-9.808698369624489,5.073355438064028,-1.2402992476801153,-9.804176308457004,6.336744516003278,-0.8670744243653011,-9.686093598872667,6.293071392334221,-0.8122725924737253,225.6535483820297,0.005829147063195705,250,inf,0.0,1.0,disabled,single,3,row_9,row_8,-0.0007182268891483545,-1.368026614189148,0.6729550547630776,0.1714634555455369,0.8583706322175719,1.3673083872999996,0.39535850809133266,0,73,0,disabled,0,0.0,50.0,alpha
1380,0.0,0.0,0.0,-0.0009156253072433174,0.06414889544248581,0.000533759593963623,0,0,0,0.005851645953953266,0.02,0.3,0,0,wall,both,0,1,1,1,1,1,0.0,0,0,0,alpha,standard,huber,-9.700134754682798,4.663570932136329,-1.3806109251944316,-9.696272907258011,6.179682404267767,-0.8692206647139376,-9.610915180129258,6.145467730569836,-0.8077271952199094,223.6519635814615,0.005851645953953266,250,inf,0.0,1.0,disabled,single,3,row_9,row_8,-0.0009144679643213749,-1.3159480094909668,0.6735046652800059,0.18081264437567768,0.8560845738433516,1.3150335415266454,0.3943458882722998,0,73,0,disabled,0,0.0,50.0,alpha
1384,0.0,0.0,0.0,-0.005234825890511274,0.1353505402803421,0.016885578632354736,0,0,0,0.005558769218623638,0.02,0.3,0,0,wall,both,0,1,1,1,1,1,0.0,0,0,0,alpha,standard,huber,-10.130694288963818,5.903684750017346,-1.2051500210652129,-9.668211343230578,5.960326070875387,-0.9480724532716731,-9.56152027359336,5.959035686056981,-0.8653078993413699,224.13346823586338,0.005558769218623638,250,inf,0.0,1.0,disabled,single,3,row_9,row_10,-0.005234825890511274,-1.2234832048416138,0.6671327597639711,0.1973030136337218,0.861157786978303,1.2182483789511025,0.3995313868559662,0,73,0,disabled,0,0.0,50.0,alpha
1388,0.0,0.0,-29.8996639251709,-0.08929915726184845,0.4340999722480774,0.10778975486755371,105,0,15,0.01505405642092228,0.02,0.3,120,120,wall,both,0,1,1,1,1,1,0.0,1,1,0,alpha,standard,huber,-9.225584999138162,4.034193661267499,-0.9447051512313855,-9.549253863573629,5.73805840598928,-0.9737871922485332,-9.479331415488256,5.7489211346446405,-0.9246694075704562,194.76980146512668,0.01505405642092228,250,inf,0.0,1.0,disabled,single,3,row_9,row_8,-0.08929915726184845,-1.0000417232513428,0.6450308871594755,0.25944782864996596,0.8571880490923363,0.9107425659894943,0.34915791900211085,0,73,0,disabled,0,0.0,50.0,alpha
1392,0.0,0.0,-28.254623413085938,-0.22812266647815704,1.0131874084472656,0.0004176497459411621,82,0,38,0.025780964642763138,0.02,0.3,120,120,wall,both,0,1,1,1,1,1,0.0,1,1,0,alpha,standard,huber,-8.273866160614453,4.759458206614845,-1.3611953231574285,-9.23243898640225,5.389671695401864,-0.9669423949821024,-9.273550832769583,5.458523000330884,-0.9416475842530767,150.29147211397205,0.025780966505408287,250,inf,0.0,1.0,disabled,single,3,row_8,row_9,-0.22812266647815704,-0.49190911650657654,0.5420726609952428,0.4163863700194495,0.8288994220905572,0.2637864500284195,0.3842325591728585,1,74,0,disabled,0,0.0,50.0,alpha
1396,0.0,0.0,0.0,-0.0026203368324786425,0.10700894147157669,0.0043062567710876465,0,0,0,0.006393423769623041,0.02,0.3,0,0,wall,both,0,1,1,1,1,1,0.0,0,0,0,alpha,standard,huber,-12.055322803344898,3.5606264290771765,-1.4649680229332103,-8.299420974849617,4.067815396539694,-1.0701058690434593,-8.291615909087145,4.080613342693293,-1.0207399884872848,228.1409456917682,0.006393423769623041,250,inf,0.0,1.0,disabled,single,3,row_10,row_9,-0.0026203368324786425,-1.317495584487915,0.7856379674256102,0.21094993647334648,0.5371910121903881,1.3148752476554364,0.23863885706946847,1,75,0,disabled,0,0.0,50.0,alpha
1400,0.0,0.0,-17.77131462097168,-0.2434091866016388,1.046484112739563,0.003399968147277832,101,0,19,0.025583408772945404,0.02,0.3,120,120,wall,both,0,1,1,1,1,1,0.0,4,4,0,alpha,standard,huber,-7.852878303120891,2.273774394723583,-1.3070382308831012,-7.731427302092838,2.962097265617713,-1.06886234086826,-7.753221947178529,3.0898640837549314,-1.013412598067383,129.11546724148366,0.025583408772945404,250,inf,0.0,1.0,disabled,single,3,row_8,row_9,-0.2434091866016388,-0.48068666458129883,0.5367794587327456,0.4233968169325663,0.826216953966112,0.23727747797966003,0.3787587736013459,1,76,0,disabled,0,0.0,50.0,alpha
1404,0.0,0.0,-13.132880210876465,-0.2991545498371124,1.160256266593933,0.0002009272575378418,103,0,19,0.013810754753649235,0.02,0.3,120,122,wall,both,0,1,1,1,1,1,0.0,2,2,0,alpha,standard,huber,-7.799056856865047,1.5645429871559073,-1.293281057133297,-7.724067445220143,2.333317958663898,-1.1410302734217295,-7.652555486587649,2.5379863840823442,-1.0705901622724854,163.97574837138268,0.013810754753649235,250,inf,0.0,1.0,disabled,single,3,row_8,row_9,-0.2991545498371124,-0.3879806697368622,0.5041024010299335,0.4612560464856217,0.8187080090568173,0.08882611989974976,0.38582130506454215,0,76,0,disabled,0,0.0,50.0,alpha
1408,0.0,0.0,-20.31592559814453,-0.2470431625843048,1.0540931224822998,0.005628228187561035,104,6,24,0.021798159927129745,0.02,0.3,88,134,wall,both,0,1,1,1,1,1,0.0,2,2,0,alpha,standard,huber,-7.902639630077107,2.503068178043788,-1.283376713331769,-7.534987334207486,1.8521315342609665,-1.160772968002855,-7.461687324344614,1.9298614302558494,-1.1082395481982985,171.80407583313243,0.021798159927129745,250,inf,0.0,1.0,disabled,single,3,row_8,row_9,-0.2470431625843048,-0.4773842692375183,0.5353944728274123,0.4252438210171808,0.8254449380535894,0.2303411066532135,0.37770830881011896,0,76,0,disabled,0,0.0,50.0,alpha
1412,0.0,0.0,-14.456405639648438,-0.25586026906967163,1.0715880393981934,0.012929141521453857,101,5,19,0.011874637566506863,0.02,0.3,120,125,wall,both,0,1,1,1,1,1,0.0,1,1,0,alpha,standard,huber,-7.619078766460571,0.8316253446959079,-1.30737813901268,-7.472504038630461,1.3696541933844362,-1.1849180274268412,-7.350606277849649,1.3870472747010585,-1.1394233548246655,176.03498798185572,0.011874638497829437,250,inf,0.0,1.0,disabled,single,3,row_8,row_9,-0.2551901340484619,-0.4460965692996979,0.5254410480362484,0.4341245897930552,0.8300907236209705,0.19090643525123596,0.3883271435237896,0,76,0,disabled,0,0.0,50.0,alpha
1416,0.0,0.0,-14.632590293884277,-0.24238866567611694,1.044369101524353,0.0015148520469665527,102,4,18,0.012112230993807316,0.02,0.3,120,124,wall,both,0,1,1,1,1,1,0.0,1,1,0,alpha,standard,huber,-7.457914980619909,0.19778560329718076,-1.2960241229298917,-7.299020780616065,0.9697425081257748,-1.2325882105081738,-7.236618032849341,0.971522201073695,-1.1886936883532615,172.1336867506367,0.012112230993807316,250,inf,0.0,1.0,disabled,single,3,row_8,row_9,-0.24238866567611694,-0.48026782274246216,0.5351896212671121,0.42188887893770005,0.8337943329728439,0.23787915706634521,0.38274549693131876,0,76,0,disabled,0,0.0,50.0,alpha
1420,0.0,0.0,-15.578816413879395,-0.2575038969516754,1.0732465982437134,0.019395291805267334,104,0,16,0.010428212583065033,0.02,0.3,120,120,wall,both,0,1,1,1,1,1,0.0,1,1,0,alpha,standard,huber,-7.6337245531558136,0.957881510599051,-1.271084297608426,-7.196475820835257,0.6684034981599806,-1.2225947646514033,-7.149250000421404,0.6423349643955661,-1.2005645642317984,187.53129000801724,0.010428212583065033,250,inf,0.0,1.0,disabled,single,3,row_8,row_9,-0.2575038969516754,-0.4456993043422699,0.5246791080850537,0.43467187914002664,0.8307442223242625,0.18819540739059448,0.38746452900671624,0,76,0,disabled,0,0.0,50.0,alpha
1424,0.0,0.0,-21.662891387939453,-0.2870213985443115,1.1361746788024902,0.006187796592712402,119,4,18,0.008887115865945816,0.02,0.3,120,141,wall,both,0,1,1,1,1,1,0.0,1,1,0,alpha,standard,huber,-7.186809983032696,-1.6032928826133979,-1.2795824918945273,-6.815852928477626,-0.49253087538343865,-1.2111093704789961,-6.765083883671155,-0.4991880729825009,-1.2013665042447836,214.68072928763215,0.008887115865945816,250,inf,0.0,1.0,disabled,single,3,row_8,row_9,-0.2870213985443115,-0.4436572194099426,0.5174280716288981,0.4424089597454222,0.8308353869290643,0.1566358208656311,0.37186335698004036,0,76,0,disabled,0,0.0,50.0,alpha
1428,0.0,0.0,-22.724727630615234,-0.2089986950159073,0.9682104587554932,0.012912929058074951,107,15,13,0.009030858986079693,0.02,0.3,120,135,wall,both,0,1,1,1,1,1,0.0,3,3,0,alpha,standard,huber,-6.94238443205401,-2.008975818195086,-1.2381705755968402,-6.618745151763889,-0.83382096090942,-1.191842079141986,-6.610615477538904,-0.8743020154063628,-1.196402934926908,202.08270516025394,0.009030858986079693,250,inf,0.0,1.0,disabled,single,3,row_8,row_9,-0.20891080796718597,-0.5572171211242676,0.5554721849488258,0.3920981623380003,0.8482591408016017,0.3483063131570816,0.37902593528823925,0,76,0,disabled,0,0.0,50.0,alpha
1432,0.0,0.0,-27.06791114807129,-0.25982746481895447,1.0793638229370117,0.015116691589355469,146,0,11,0.011912508867681026,0.02,0.3,119,157,wall,both,0,1,1,1,1,1,0.0,3,3,0,alpha,standard,huber,-7.2257097620999975,-1.0719299333566021,-1.2167884343116784,-6.515308308452777,-1.4100714692004588,-1.1867962524775135,-6.45149906747021,-1.4405210720741772,-1.1884138220556628,186.3473902821294,0.011912508867681026,250,inf,0.0,1.0,disabled,single,3,row_8,row_9,-0.25982746481895447,-0.48225706815719604,0.5314695376384334,0.42547929177771293,0.8349472194818846,0.22242960333824158,0.37228193196830883,0,76,0,disabled,0,0.0,50.0,alpha
1436,0.0,0.0,-27.461183547973633,-0.14932172000408173,0.8120546340942383,0.02610313892364502,100,3,15,0.007915720343589783,0.02,0.3,85,118,wall,both,0,1,1,1,1,1,0.0,2,2,0,alpha,standard,huber,-6.812978796540829,-1.847380149627515,-1.1618988977927498,-6.299145007939295,-1.9562396893360272,-1.1496751110496672,-6.258602590768696,-1.99544360388134,-1.1746074646610505,206.8266882314417,0.007915720343589783,250,inf,0.0,1.0,disabled,single,3,row_8,row_9,-0.14932172000408173,-0.671932578086853,0.5867536573761288,0.3479275296332106,0.8583769371187715,0.5226108580827713,0.38382849098790206,0,76,0,disabled,0,0.0,50.0,alpha
1440,0.0,0.0,-23.602205276489258,-0.30550616979599,1.1724815368652344,0.001878201961517334,112,6,17,0.009737961925566196,0.02,0.3,120,135,wall,both,0,1,1,1,1,1,0.0,1,1,0,alpha,standard,huber,-7.122505575241932,-2.165785340882644,-1.3377486222155204,-6.128170374902215,-2.3695833767298384,-1.1588236074958913,-6.098099355593604,-2.413421799853169,-1.1627918797127095,192.16560669827052,0.009737961925566196,250,inf,0.0,1.0,disabled,single,3,row_8,row_9,-0.30550616979599,-0.42314326763153076,0.5089888775780926,0.4525005899788151,0.8279746938527565,0.11763709783554077,0.3698229443908896,0,76,0,disabled,0,0.0,50.0,alpha
1444,0.0,0.0,-26.90638542175293,-0.2821381390094757,1.126770257949829,0.0007484555244445801,127,0,15,0.016260609030723572,0.02,0.3,120,142,wall,both,0,1,1,1,1,1,0.0,2,2,0,alpha,standard,huber,-4.418434506492343,-3.145808000219919,-1.3232737535957653,-5.749743701023315,-3.1562622688045625,-1.2448188448384367,-5.732576168047021,-3.2243513399293713,-1.215280794081792,179.700147928403,0.016260609030723572,250,inf,0.0,1.0,disabled,single,3,row_7,row_8,-0.2821381390094757,-0.38547995686531067,0.507393932768723,0.45757731809919444,0.819390460730409,0.10334181785583496,0.39632945037064826,1,77,0,disabled,0,0.0,50.0,alpha
1448,0.0,0.0,-25.432817459106445,-0.07428893446922302,0.5031167268753052,0.06647902727127075,118,5,2,0.01044769212603569,0.02,0.3,120,125,wall,both,0,1,1,1,1,1,0.0,1,1,0,alpha,standard,huber,-6.149854958530646,-3.753982023622303,-0.9940458414808715,-5.507456543387958,-3.980405558816553,-1.234954472737701,-5.46636059291291,-4.023706596922334,-1.2335217745879443,184.1784489040465,0.010447691194713116,250,inf,0.0,1.0,disabled,single,3,row_8,row_9,-0.07428893446922302,-0.8843306303024292,0.6259570885046634,0.27845044946517755,0.8736661266371297,0.8100416958332062,0.3941845244769812,1,78,0,disabled,0,0.0,50.0,alpha
1452,0.0,0.0,-29.169200897216797,-0.059387363493442535,0.42091643810272217,0.07002818584442139,111,29,9,0.008675099350512028,0.02,0.3,120,149,wall,both,0,1,1,1,1,1,0.0,1,1,0,alpha,standard,huber,-5.674962807075567,-6.003903063290565,-1.0419176661500669,-5.200103465289983,-4.86402557235945,-1.1674994900107751,-5.184022786959995,-4.873411878638691,-1.1892778627008167,195.95619645525085,0.008675100281834602,250,inf,0.0,1.0,disabled,single,3,row_8,row_9,-0.05522017925977707,-1.0065642595291138,0.6433030531039005,0.24845750978587644,0.8704198525377776,0.9513440802693367,0.3859191753134025,0,78,0,disabled,0,0.0,50.0,alpha
1456,0.0,0.0,-35.09968566894531,-0.04646918922662735,0.0042077708058059216,0.10669577121734619,113,52,7,0.008712920360267162,0.02,0.3,120,172,wall,both,0,1,1,1,1,1,0.0,1,1,0,alpha,standard,huber,-5.106164704408624,-6.962186028142034,-0.9522255082839886,-4.645239309586332,-6.470160155189466,-1.1964960289509794,-4.594495223657223,-6.482469117849835,-1.173755498902588,197.3946576749478,0.008712921291589737,250,inf,0.0,1.0,disabled,single,3,row_8,row_7,-0.04646918922662735,-1.4229604005813599,0.6687453526704956,0.16883335064431318,0.8646097630045624,1.3764912113547325,0.3558827408472034,0,78,0,disabled,0,0.0,50.0,alpha
1460,0.0,0.0,0.0,-9.237001358997077e-05,0.0005107238539494574,0.004755675792694092,0,0,0,0.005367555655539036,0.02,0.3,0,0,wall,both,0,1,1,1,1,1,0.0,0,0,0,alpha,standard,huber,-2.862823903459068,-5.445235256765741,-1.3050229505863293,-4.41411131939449,-7.256666725617306,-1.2120934513822603,-4.359857502219958,-7.231253065982344,-1.1880730764032463,232.51742571035197,0.005367555655539036,250,inf,0.0,1.0,disabled,single,3,row_7,row_8,-9.237001358997077e-05,-1.3290300369262695,0.6645250148422308,0.17593856210383077,0.8701207503681849,1.3289376669126796,0.4085903869154644,1,79,0,disabled,0,0.0,50.0,alpha
1464,0.0,0.0,-23.894224166870117,-0.1166422963142395,0.7182072997093201,0.022220134735107422,111,0,9,0.013534212484955788,0.02,0.3,120,120,wall,both,0,1,1,1,1,1,0.0,1,1,0,alpha,standard,huber,-1.9110346006243726,-6.49770724339283,-1.1545427872229594,-3.5310230671399103,-8.317187725957286,-1.1763224003986483,-3.6480933896851675,-8.464189732009068,-1.1731561197324754,187.8025123182676,0.013534213416278362,250,inf,0.0,1.0,disabled,single,3,row_7,row_6,-0.1166422963142395,-0.7096453309059143,0.6010990602382019,0.3322064829029378,0.8526319455634619,0.5930030345916748,0.3923532360274272,0,79,0,disabled,0,0.0,50.0,alpha
1468,0.0,0.0,0.0,-0.0005695018917322159,0.02511180192232132,0.010256469249725342,0,0,0,0.005869561340659857,0.02,0.3,0,0,wall,both,0,1,1,1,1,1,0.0,0,0,0,alpha,standard,huber,-2.30942624033771,-8.440556400255613,-1.1681541277667615,-3.2227844613466616,-9.079110569737121,-1.14407978813277,-3.255632312447104,-9.179862245855642,-1.1378772282450522,231.39673027649542,0.005869561340659857,250,inf,0.0,1.0,disabled,single,3,row_7,row_8,-0.0005695018917322159,-1.342910647392273,0.6699839523773238,0.1750221635781123,0.8623315729690664,1.3423411455005407,0.39993201666787526,0,79,0,disabled,0,0.0,50.0,alpha
1472,0.0,0.0,0.0,-0.0009887430351227522,0.06664787977933884,0.0006349086761474609,0,0,0,0.0054092020727694035,0.02,0.3,0,0,wall,both,0,1,1,1,1,1,0.0,0,0,0,alpha,standard,huber,-2.364193719838648,-7.666744911196765,-1.368347878273052,-3.096611482018088,-8.953090296145927,-1.1365097542491038,-3.1681708557111454,-9.055137673515297,-1.1371934912470776,237.2208719354448,0.005409202538430691,250,inf,0.0,1.0,disabled,single,3,row_7,row_6,-0.0009887430351227522,-1.3460204601287842,0.6707898088702833,0.17476183781303023,0.8611819026272517,1.3450317170936614,0.3983106986144361,0,79,0,disabled,0,0.0,50.0,alpha
1476,0.0,0.0,0.0,-1.481982872064691e-05,0.0015023918822407722,0.0018729567527770996,0,0,0,0.005762389395385981,0.02,0.3,0,0,wall,both,0,1,1,1,1,1,0.0,0,0,0,alpha,standard,huber,-4.63251111851103,-9.269967317635302,-1.2433818777452885,-2.540347923792795,-9.44336174623557,-1.1030708602197312,-2.67625433888099,-9.58532921173777,-1.1078342365995977,230.40077001556062,0.005762389395385981,250,inf,0.0,1.0,disabled,single,3,row_8,row_9,-1.481982872064691e-05,-1.3673731088638306,0.6627729853306263,0.16886072070319474,0.8729266086399372,1.36735828903511,0.41130793283445155,1,80,0,disabled,0,0.0,50.0,alpha
1480,0.0,0.0,0.0,-0.00020244548795744777,0.029513206332921982,0.0014752745628356934,0,0,0,0.005888083484023809,0.02,0.3,0,0,wall,both,0,1,1,1,1,1,0.0,0,0,0,alpha,standard,huber,-2.289028523715548,-8.534617556213396,-1.3658251901777814,-2.3651854313240337,-9.395406705372611,-1.131844338505708,-2.478826747917483,-9.533641622585444,-1.1182346657617588,227.1166447602115,0.005888083949685097,250,inf,0.0,1.0,disabled,single,3,row_7,row_8,-0.00020244548795744777,-1.3370448350906372,0.6685969082528911,0.1756228784758389,0.8642845618093284,1.3368423896026798,0.4023714837293261,1,81,0,disabled,0,0.0,50.0,alpha
1484,0.0,0.0,0.0,-0.0006066907080821693,0.046775735914707184,0.00543290376663208,0,0,0,0.006116731557995081,0.02,0.3,0,0,wall,both,0,1,1,1,1,1,0.0,0,0,0,alpha,standard,huber,-2.2532349421227593,-8.736877537855445,-1.2072135835192628,-2.044894302508496,-9.842986643776685,-1.168733304271899,-2.112771142048481,-9.965788669663956,-1.1372875103206157,229.2558711078749,0.006116731557995081,250,inf,0.0,1.0,disabled,single,3,row_7,row_8,-0.0006066907080821693,-1.316840410232544,0.6661725411367543,0.17862970718601465,0.867424640318293,1.3162337195244618,0.405599880510797,0,81,0,disabled,0,0.0,50.0,alpha
1488,0.0,0.0,0.0,-0.0015138634480535984,0.07953764498233795,0.005144715309143066,0,0,0,0.0056136478669941425,0.02,0.3,0,0,wall,both,0,1,1,1,1,1,0.0,0,0,0,alpha,standard,huber,-2.2823350886778138,-8.75495293982705,-1.210019195741427,-2.023799968182256,-9.726371154620402,-1.2292324793727594,-2.0598706538287823,-9.842677969610355,-1.1831348616944306,236.03168084530336,0.00561364833265543,250,inf,0.0,1.0,disabled,single,3,row_7,row_8,-0.0015138634480535984,-1.281551718711853,0.6653800736939778,0.1849934763558209,0.8674705816993732,1.2800378552637994,0.4058829987552198,0,81,0,disabled,0,0.0,50.0,alpha
1492,0.0,0.0,0.0,-0.0015903346939012408,0.08362583070993423,0.0029810667037963867,0,0,0,0.00552525045350194,0.02,0.3,0,0,wall,both,0,1,1,1,1,1,0.0,0,0,0,alpha,standard,huber,-2.288547422205634,-8.747478561712217,-1.2342657024691412,-1.8711156348692337,-9.553640022830386,-1.280090573819101,-1.9558107959251374,-9.68430612699477,-1.2316075623493725,234.5996401140084,0.00552525045350194,250,inf,0.0,1.0,disabled,single,3,row_7,row_8,-0.0015903346939012408,-1.27720046043396,0.665326561717226,0.18579944970803436,0.86737577222856,1.2756101257400587,0.40588695391645074,0,81,0,disabled,0,0.0,50.0,alpha
1496,0.0,0.0,0.0,-0.0009667206322774291,0.06389067322015762,0.003821432590484619,0,0,0,0.005474776495248079,0.02,0.3,0,0,wall,both,0,1,1,1,1,1,0.0,0,0,0,alpha,standard,huber,-2.2684081174989936,-8.74642967699063,-1.2240483450996094,-1.7882476178403695,-9.38859012366424,-1.336481132552986,-1.8636510479785149,-9.521662325162978,-1.284044347451179,232.7190737320002,0.005474776495248079,250,inf,0.0,1.0,disabled,single,3,row_7,row_8,-0.0009667206322774291,-1.298301339149475,0.6657611119464485,0.1819253243132604,0.867503307247051,1.2973346185171977,0.40585764292549065,0,81,0,disabled,0,0.0,50.0,alpha
1500,0.0,0.0,0.0,-0.0006938530132174492,0.055441588163375854,0.001626133918762207,0,0,0,0.006055260542780161,0.02,0.3,0,0,wall,both,0,1,1,1,1,1,0.0,0,0,0,alpha,standard,huber,-2.257269177455087,-8.755467259589183,-1.2544639163130475,-1.5946299632648382,-9.237343542987025,-1.297895510066996,-1.7156188460328359,-9.365526433403971,-1.2909690014590158,208.2149608136055,0.006055260542780161,224,inf,0.0,1.0,disabled,single,3,row_7,row_8,-0.0006938530132174492,-1.3072768449783325,0.6657524607549619,0.1802482250458517,0.8677969641118799,1.306582991965115,0.40614350506697094,0,81,0,disabled,0,0.0,50.0,alpha
1504,0.0,0.0,0.0,-0.0003028780920431018,0.036509592086076736,0.0012780427932739258,0,0,0,0.006542105693370104,0.02,0.3,0,0,wall,both,0,1,1,1,1,1,0.0,0,0,0,alpha,standard,huber,-2.2357794390726884,-8.762640497821556,-1.2609370026145947,-1.3548648373324896,-9.132684782332884,-1.2924329448254672,-1.517073389819533,-9.237918522771633,-1.2916981318842393,198.18135379667748,0.006542105693370104,224,inf,0.0,1.0,disabled,single,3,row_7,row_8,-0.0003028780920431018,-1.3277322053909302,0.6659103136327291,0.176571460530157,0.8680668690209282,1.327429327298887,0.4062974036328658,0,81,0,disabled,0,0.0,50.0,alpha
1508,0.0,0.0,0.0,-0.0010679276892915368,0.06932123005390167,0.00011467933654785156,0,0,0,0.01706106588244438,0.02,0.3,0,0,wall,both,0,1,1,1,1,1,0.0,0,0,0,alpha,standard,huber,-2.2716576982502965,-8.755360050711504,-1.2963550863512305,-1.1119511596678455,-9.046252133630057,-1.2608378977021784,-1.294256163236105,-9.132502008743767,-1.2762680147932086,76.6452378511966,0.01706106588244438,87,inf,0.0,1.0,disabled,single,3,row_7,row_8,-0.0010679276892915368,-1.292373776435852,0.6654811765601862,0.1829484655252933,0.8677296961878928,1.2913058487465605,0.40617699851556954,0,81,0,disabled,0,0.0,50.0,alpha
1512,0.0,0.0,0.0,-0.0010400288738310337,0.0684114471077919,1.4483928680419922e-05,0,0,0,0.01867864653468132,0.02,0.3,0,0,wall,both,0,1,1,1,1,1,0.0,0,0,0,alpha,standard,huber,-2.2696510961607297,-8.759374225308813,-1.31688442161449,-1.2017470852773584,-8.997707732558116,-1.2748031555046575,-1.2433761703587942,-9.058365156841658,-1.2755355851489327,72.85062317869411,0.01867864653468132,80,inf,0.0,1.0,disabled,single,3,row_7,row_8,-0.0010400288738310337,-1.2933237552642822,0.6654465808327763,0.18276015028469247,0.8678160498852756,1.2922837263904512,0.4062568847168601,0,81,0,disabled,0,0.0,50.0,alpha
1516,0.0,0.0,0.0,-0.0020372536964714527,0.09482051432132721,0.0031017661094665527,0,0,0,0.01744377426803112,0.02,0.3,0,0,wall,both,0,1,1,1,1,1,0.0,0,0,0,alpha,standard,huber,-2.30446270807901,-8.731142979358797,-1.2327166923702257,-1.0981259533185186,-8.976430861449085,-1.2728451663923495,-1.1634885509866426,-9.013301294375744,-1.274190375770641,75.8877180297601,0.01744377426803112,80,inf,0.0,1.0,disabled,single,3,row_7,row_8,-0.0020372536964714527,-1.2654483318328857,0.6652350123520021,0.18805402754841485,0.8669838758163704,1.2634110781364143,0.40557764502851557,0,81,0,disabled,0,0.0,50.0,alpha
1520,0.0,0.0,0.0,-0.0011446626158431172,0.07170989364385605,0.0006871819496154785,0,0,0,0.01803012005984783,0.02,0.3,0,0,wall,both,0,1,1,1,1,1,0.0,0,0,0,alpha,standard,huber,-2.278892323835269,-8.73740240790179,-1.2744250460429414,-1.1172013018748046,-8.949779462538514,-1.28975621753603,-1.1380305639751316,-8.978364286865268,-1.2819732966533353,74.96138348597901,0.01803012005984783,80,inf,0.0,1.0,disabled,single,3,row_7,row_8,-0.0011446626158431172,-1.2899577617645264,0.665652588555187,0.18345231986531263,0.8673790747188703,1.2888130991486832,0.40584272073278466,0,81,0,disabled,0,0.0,50.0,alpha
1524,0.0,0.0,0.0,-0.006804135162383318,0.17429374158382416,0.0036170482635498047,0,0,0,0.016349947080016136,0.02,0.3,0,0,wall,both,0,1,1,1,1,1,0.0,0,0,0,alpha,standard,huber,-1.9746896089521826,-8.924725725691152,-1.2264210608249113,-1.3234067586932028,-8.955046450778877,-1.2888585982520182,-1.2399874710700707,-8.965539477017753,-1.2854159474526765,75.06935329028063,0.016349945217370987,80,inf,0.0,1.0,disabled,single,3,row_7,row_6,-0.006804135162383318,-1.194258451461792,0.6610158507637356,0.20160765430116204,0.8692030279444019,1.1874543162994087,0.40717332428018826,0,81,0,disabled,0,0.0,50.0,alpha
1528,0.0,0.0,0.0,-0.005861971527338028,0.161390483379364,0.004251420497894287,0,0,0,0.017165951430797577,0.02,0.3,0,0,wall,both,0,1,1,1,1,1,0.0,0,0,0,alpha,standard,huber,-2.005996646494207,-9.054354997596471,-1.2192567709783693,-1.1415598544994872,-8.903395400591496,-1.2832724913352949,-1.1858522819562496,-8.931360234983313,-1.2843442193939854,74.35909129113024,0.017165951430797577,80,inf,0.0,1.0,disabled,single,3,row_7,row_6,-0.005861971527338028,-1.2518682479858398,0.6631484700201293,0.19075552327953035,0.8694434868895369,1.2460062764585018,0.40489440565706786,0,81,0,disabled,0,0.0,50.0,alpha
1532,0.0,0.0,0.0,-0.005030291620641947,0.15045350790023804,5.447864532470703e-05,0,0,0,0.018548883497714996,0.02,0.3,0,0,wall,both,0,1,1,1,1,1,0.0,0,0,0,alpha,standard,huber,-1.9979814512304905,-8.92990103393639,-1.3010614156890286,-1.3254414238024277,-8.895941381014568,-1.2718074694701487,-1.2626263099716475,-8.911879865300502,-1.2780758444320668,73.00681913126402,0.018548885360360146,80,inf,0.0,1.0,disabled,single,3,row_7,row_6,-0.005030291620641947,-1.218118667602539,0.6619637092292722,0.19678708521495997,0.869450197575548,1.2130883759818971,0.4075142528225115,0,81,0,disabled,0,0.0,50.0,alpha
1536,0.0,0.0,0.0,-0.005205149296671152,0.1526070237159729,0.002703726291656494,0,0,0,0.01943959668278694,0.02,0.3,0,0,wall,both,0,1,1,1,1,1,0.0,0,0,0,alpha,standard,huber,-2.002147032141138,-8.905799273029713,-1.2379481418518592,-1.6432377685107382,-8.90272749108448,-1.274872078957108,-1.4719626121681473,-8.90684605948169,-1.2764739616945873,70.64471580197055,0.01943959668278694,80,inf,0.0,1.0,disabled,single,3,row_7,row_6,-0.005205149296671152,-1.2187044620513916,0.6620243368424689,0.19672425061441193,0.8693773699260336,1.2134993127547204,0.4072478118222688,0,81,0,disabled,0,0.0,50.0,alpha
1540,0.0,0.0,0.0,-0.0037343313451856375,0.12914247810840607,0.0026265382766723633,0,0,0,0.01921401545405388,0.02,0.3,0,0,wall,both,0,1,1,1,1,1,0.0,0,0,0,alpha,standard,huber,-2.022822713305423,-8.919372834393611,-1.2390062052820987,-1.8935456200469227,-8.900974656955835,-1.2650115459040392,-1.7038332665014737,-8.90361678809247,-1.270742753799313,72.89173338352818,0.01921401545405388,80,inf,0.0,1.0,disabled,single,3,row_7,row_6,-0.0037343313451856375,-1.2424086332321167,0.6628800159265335,0.1920814883482936,0.8694874250876206,1.238674301886931,0.4074269452815905,0,81,0,disabled,0,0.0,50.0,alpha
1544,0.0,0.0,0.0,-0.003480812767520547,0.12408526986837387,0.0038091540336608887,0,0,0,0.01961619406938553,0.02,0.3,0,0,wall,both,0,1,1,1,1,1,0.0,0,0,0,alpha,standard,huber,-2.0294501990781337,-8.914111480441338,-1.2241891640133526,-1.9436466815840912,-8.891344928670094,-1.2562915010795654,-1.8357306447969133,-8.896867265410163,-1.263517127439439,73.36509519560451,0.01961619406938553,80,inf,0.0,1.0,disabled,single,3,row_7,row_6,-0.003480812767520547,-1.24861741065979,0.663102588955272,0.1909082821975225,0.869472045760358,1.2451365978922695,0.40734475352639093,0,81,0,disabled,0,0.0,50.0,alpha
1548,0.0,0.0,0.0,-0.0030166618525981903,0.11589178442955017,0.0028007030487060547,0,0,0,0.02035783976316452,0.02,0.3,0,0,wall,both,0,1,1,1,1,1,0.0,0,0,0,alpha,standard,huber,-2.0411168366543184,-8.902085874391517,-1.2366401574321453,-1.9715472733492974,-8.887409179075844,-1.2490324857554667,-1.9104297905007246,-8.891665317926288,-1.2562748065974525,73.1223957824655,0.02035783976316452,80,inf,0.0,1.0,disabled,single,3,row_7,row_6,-0.0030166618525981903,-1.2583394050598145,0.6633852509664556,0.18905408734906937,0.8695241515201169,1.2553227432072163,0.4073827233532475,0,81,0,disabled,0,0.0,50.0,alpha
1552,0.0,0.0,0.0,-0.0016898784087970853,0.08718936890363693,0.00036644935607910156,0,0,0,0.020042061805725098,0.02,0.3,0,0,wall,both,0,1,1,1,1,1,0.0,0,0,0,alpha,standard,huber,-2.083608717732085,-8.853845543077437,-1.2844280682859177,-1.9794804108283675,-8.881930797757251,-1.2437105514418365,-1.948405894859425,-8.886316670638827,-1.2499926790196443,74.96429806773644,0.02004205994307995,80,inf,0.0,1.0,disabled,single,3,row_7,row_6,-0.0016898784087970853,-1.2936214208602905,0.6643424599056995,0.18252118106901574,0.8694852416663166,1.2919315424514934,0.40726763118167547,0,81,0,disabled,0,0.0,50.0,alpha
1556,0.0,0.0,0.0,-0.0006635792669840157,0.054591696709394455,0.0005645155906677246,0,0,0,0.020625421777367592,0.02,0.3,0,0,wall,both,0,1,1,1,1,1,0.0,0,0,0,alpha,standard,huber,-2.1155964034200627,-8.860395075409256,-1.277898088995692,-1.994539585751221,-8.875403249914843,-1.2463337392659646,-1.9737794248499125,-8.880314289240637,-1.2481632091428043,74.64810852591715,0.020625421777367592,80,inf,0.0,1.0,disabled,single,3,row_7,row_6,-0.0006635792669840157,-1.328896403312683,0.6649315412785582,0.17617032202603236,0.8695164822495585,1.328232824045699,0.407407609804322,0,81,0,disabled,0,0.0,50.0,alpha
1560,0.0,0.0,0.0,-0.00010161129466723651,0.02125447988510132,0.0005471110343933105,0,0,0,0.021606281399726868,0.02,0.3,0,0,wall,both,0,1,1,1,1,1,0.0,0,0,0,alpha,standard,huber,-2.1493585579275987,-8.863139079379865,-1.2784200947537854,-2.01796808515048,-8.87374486663409,-1.2543465528987077,-1.9980831880152246,-8.876701106807037,-1.2512548810207558,72.29533246292775,0.021606281399726868,80,inf,0.0,1.0,disabled,single,3,row_7,row_6,-0.00010161129466723651,-1.3658076524734497,0.665248170175573,0.1697716193200014,0.8694908664225678,1.3657060411787825,0.40749350841508064,0,81,0,disabled,0,0.0,50.0,alpha
1564,0.0,0.0,0.0,-0.00037143801455385983,0.04088346287608147,2.7060508728027344e-05,0,0,0,0.019080612808465958,0.02,0.3,0,0,wall,both,0,1,1,1,1,1,0.0,0,0,0,alpha,standard,huber,-2.1289799830273792,-8.863407067766289,-1.3041468332317816,-2.023910149717859,-8.883743299135386,-1.2519192269694555,-2.0122880169516733,-8.880574312587628,-1.2515870539951055,73.94905199033683,0.019080612808465958,80,inf,0.0,1.0,disabled,single,3,row_7,row_6,-0.00037143801455385983,-1.3436901569366455,0.6650733244858889,0.17356958374619522,0.8695436596126662,1.3433187189220916,0.40748654400538376,0,81,0,disabled,0,0.0,50.0,alpha
1568,0.0,0.0,0.0,-1.374844850943191e-05,0.00760036613792181,0.00047260522842407227,0,0,0,0.01780793070793152,0.02,0.3,0,0,wall,both,0,1,1,1,1,1,0.0,0,0,0,alpha,standard,huber,-2.154111822373766,-8.898473300382802,-1.2807540931512245,-2.044314631598742,-8.884464037770355,-1.2569270697678865,-2.029902655007561,-8.882713661438128,-1.2542570618814959,75.04019747299333,0.01780793070793152,80,inf,0.0,1.0,disabled,single,3,row_7,row_6,-1.374844850943191e-05,-1.3776192665100098,0.6651420468772061,0.16773663559784235,0.8696710088822985,1.3776055180615003,0.40774090836130367,0,81,0,disabled,0,0.0,50.0,alpha
