frame_idx,gps_dist,log_gps,log_semantic,log_corridor,corridor_dist,corridor_heading_misalign,correct_hits,incorrect_hits,no_hits,weight,gps_weight_used,corridor_weight_used,num_background_used,num_observations,semantic_model_used,semantic_classes_mode,gps_enabled,semantic_enabled,corridor_enabled,background_enabled,dynamic_gps_enabled,pose_smoothing_enabled,detection_drop_rate,detections_raw,detections_kept,detections_dropped,pose_backend_used,diagnostics_level,gnss_robust_mode,raw_best_x,raw_best_y,raw_best_theta,raw_weighted_x,raw_weighted_y,raw_weighted_theta,smoothed_x,smoothed_y,smoothed_theta,ess,max_weight,particle_count,gnss_innovation,gnss_robust_scale,gnss_row_gate_scale,gnss_row_gate_reason,row_likelihood_mode,row_mixture_top_k,row_hypothesis_id,row_hypothesis_second_id,row_hypothesis_score,row_hypothesis_second_score,row_hypothesis_prob,row_hypothesis_second_prob,row_hypothesis_entropy,row_hypothesis_gap,row_marginal_logscore,row_switch_event,row_switch_count,headland_flag,delayed_correction_status,delayed_correction_applied,delayed_correction_m,semantic_penalty_cap,smoother_status
0,1.6861317157745361,-1.1748100519180298,-31.014606475830078,-0.7361258268356323,1.6855438947677612,0.16022169589996338,86,0,41,0.045800961554050446,0.5415162454873647,0.3,116,127,wall,both,1,1,1,1,1,1,0.0,4,4,0,alpha,full,huber,11.303624058536654,9.126550078992462,-12.248915069976123,11.303624058536654,9.126550078992462,-12.248915069976123,11.303624058536654,9.126550078992462,-12.248915069976123,47.964372638255064,0.045800961554050446,100,2.176340699195862,1.0,1.0,disabled,single,3,row_1,row_2,-0.7361258268356323,-5.127075672149658,0.9874357144882615,0.01223329765728348,0.06900784269007648,4.390949845314026,-0.7234819432573305,0,0,0,disabled,0,0.0,50.0,alpha
4,3.1179020404815674,-4.011327743530273,-30.272666931152344,-0.20326414704322815,0.9318099021911621,0.050271809101104736,157,1,3,0.026770371943712234,0.48231511254019294,0.3,120,161,wall,both,1,1,1,1,1,1,0.0,3,3,0,alpha,full,huber,8.653281912461347,5.500930447733634,-1.2781755444856595,8.653281912461347,5.500930447733634,-1.2781755444856595,11.39170892771957,7.77809079087863,-0.40615894077453163,108.86409725390736,0.026770371943712234,250,4.057647943496704,0.7393445764086499,1.0,disabled,single,3,row_2,row_1,-0.20326414704322815,-0.627457857131958,0.5706892740707074,0.37340035167973035,0.849189583669383,0.42419371008872986,0.3576462489119068,1,1,0,disabled,0,0.0,50.0,alpha
8,2.710920810699463,-3.0368146896362305,-24.851524353027344,-0.3023090064525604,1.1352555751800537,0.06242930889129639,116,0,25,0.01876753754913807,0.5154639175257733,0.3,120,141,wall,both,1,1,1,1,1,1,0.0,3,3,0,alpha,full,huber,11.434712821743753,7.047129079120012,-1.2211412163883015,10.971090572024305,6.4472916726427565,-1.156842874827329,11.894595637324105,6.805965549126649,-0.7746152756171973,136.4575689909319,0.01876753754913807,250,4.1083598136901855,0.7302184170926739,1.0,disabled,single,3,row_1,row_2,-0.2864950895309448,-3.643094301223755,0.9659303401549588,0.03366613743438025,0.15080694189057248,3.35659921169281,-0.2518315305203271,1,2,0,disabled,0,0.0,50.0,alpha
12,1.9749497175216675,-1.6117464303970337,-21.50037384033203,-0.4208923280239105,1.3701698780059814,0.03010803461074829,100,0,26,0.012888219207525253,0.5434782608695653,0.3,115,126,wall,both,1,1,1,1,1,1,0.0,3,3,0,alpha,full,huber,11.708388090292477,6.339472298416765,-1.3303497831656985,11.025141899212482,5.360641833119093,-1.2536638700162077,11.773352180719982,5.7765089278656365,-1.0132756616528509,159.24974517071828,0.012888217344880104,250,3.460875630378723,0.8668326517332003,1.0,disabled,single,3,row_1,row_2,-0.4208923280239105,-3.416621208190918,0.9522175430864425,0.047611038716727054,0.19306956591401528,2.9957288801670074,-0.3719305693737523,0,2,0,disabled,0,0.0,50.0,alpha
16,2.2277655601501465,-2.0508012771606445,-24.54263687133789,-0.40092432498931885,1.3424193859100342,0.010615050792694092,103,15,17,0.009599699638783932,0.5263157894736842,0.3,120,135,wall,both,1,1,1,1,1,1,0.0,6,6,0,alpha,full,huber,11.722867160210619,5.645928366641691,-1.3292375956709273,11.373783675749111,5.271431506907645,-1.298058480443929,11.676383148415441,5.359070372484365,-1.1551041161418962,188.29897110681043,0.009599700570106506,250,2.884970545768738,1.0,1.0,disabled,single,3,row_1,row_2,-0.40092432498931885,-2.90254807472229,0.9240488754420028,0.07572748829596362,0.270294103654051,2.501623749732971,-0.32193401174995134,0,2,0,disabled,0,0.0,50.0,alpha
20,3.7963409423828125,-5.6934075355529785,-23.358596801757812,-0.49785315990448,1.2754158973693848,0.1827840805053711,103,0,27,0.010751809924840927,0.5357142857142857,0.3,104,130,wall,both,1,1,1,1,1,1,0.0,3,3,0,alpha,full,huber,11.969824237965328,4.861250242260208,-1.343308235000947,12.016173003460718,4.911989671302514,-1.253793839233678,11.99090723890805,4.807881480785737,-1.2026060523621334,182.74240253796958,0.010751810856163502,250,4.13307523727417,0.7258517756813323,1.0,disabled,single,3,row_1,row_2,-0.36215004324913025,-2.9335882663726807,0.9288091450982839,0.07098474915647808,0.2581189228567176,2.5714382231235504,-0.28829804074591847,0,2,0,disabled,0,0.0,50.0,alpha
24,1.915278434753418,-1.5158230066299438,-30.238452911376953,-0.6071292161941528,1.429347276687622,0.19368743896484375,58,29,37,0.008352425880730152,0.5474452554744526,0.3,91,124,wall,both,1,1,1,1,1,1,0.0,4,4,0,alpha,full,huber,12.172101638125891,4.1289698310709095,-1.3246357591154243,12.315921844983002,4.415802052994734,-1.233933339153623,12.287640951568141,4.2639090331099005,-1.211680512644626,197.71528311877637,0.008352425880730152,250,2.0340678691864014,1.0,1.0,disabled,single,3,row_1,row_2,-0.4544121325016022,-3.1688849925994873,0.9377000587958977,0.06211312200399389,0.2345214264309403,2.714472860097885,-0.39008698464729036,0,2,0,disabled,0,0.0,50.0,alpha
28,0.3095651865005493,-0.03959942236542702,-26.109634399414062,-0.149623304605484,0.8205514550209045,0.00010728836059570312,112,14,28,0.048268452286720276,0.49342105263157904,0.3,120,154,wall,both,1,1,1,1,1,1,0.0,5,5,0,alpha,full,huber,10.328641806743837,1.170765999014626,-1.3429236900697892,12.088331450963615,3.3416519080298657,-1.3455798666381618,12.324967213052485,3.437880898256231,-1.2752093937984235,110.08022591821279,0.048268452286720276,250,3.471116781234741,0.8642751566926088,1.0,disabled,single,3,row_1,row_2,-0.149623304605484,-0.6668819785118103,0.6140966578475461,0.36609529378889016,0.7449910120181533,0.5172586739063263,0.33797963541477066,0,2,0,disabled,0,0.0,50.0,alpha
32,0.4356735944747925,-0.07843449711799622,-31.401445388793945,-0.29922640323638916,1.1602808237075806,0.0038135647773742676,72,28,49,0.013988373801112175,0.5016722408026756,0.3,120,149,wall,both,1,1,1,1,1,1,0.0,5,5,0,alpha,full,huber,12.284180592177135,1.79056950043312,-1.449910079045651,12.254164114503588,2.7029779203560134,-1.364157133749101,12.379235893719656,2.7759531114641147,-1.315656425408552,137.23803544318008,0.013988373801112175,191,1.2392914295196533,1.0,1.0,disabled,single,3,row_1,row_2,-0.29922640323638916,-3.146615743637085,0.9447245720666819,0.05478980225941436,0.21654749651398542,2.847389340400696,-0.24236455113532387,0,2,0,disabled,0,0.0,50.0,alpha
36,1.6638329029083252,-1.14394211769104,-30.4920654296875,-0.29493454098701477,1.1514744758605957,0.008451223373413086,54,0,51,0.017098478972911835,0.5882352941176471,0.3,96,105,wall,both,1,1,1,1,1,1,0.0,4,4,0,alpha,full,huber,12.246646115971656,2.647030135603913,-1.4071696804580736,12.494518661784955,2.0963136441810537,-1.3388370193537344,12.555248325715034,1.9822987459735424,-1.3146205391260566,151.86623637331584,0.017098478972911835,213,2.404726505279541,1.0,1.0,disabled,single,3,row_1,row_2,-0.29493454098701477,-3.4261317253112793,0.9577497496525063,0.04182061241090565,0.1774295908768376,3.1311971843242645,-0.25176578419432705,0,2,0,disabled,0,0.0,50.0,alpha
40,0.575096607208252,-0.13666781783103943,-32.76665115356445,-1.1558220386505127,2.174349069595337,0.1605437994003296,37,0,41,0.009626263752579689,0.6578947368421053,0.3,78,78,wall,both,1,1,1,1,1,1,0.0,2,2,0,alpha,full,huber,13.280192127380692,2.345965710463528,-0.9627563793875935,12.865313880499848,1.7875568537680482,-1.2191924133342966,12.768202241427318,1.663796381936589,-1.263674235068476,183.00130422136596,0.009626263752579689,246,1.5459829568862915,1.0,1.0,disabled,single,3,row_1,row_2,-1.1088205575942993,-5.322817325592041,0.9853705042076029,0.014570820731481051,0.07670978907920402,4.213996767997742,-1.0940829954625855,0,2,0,disabled,0,0.0,50.0,alpha
44,3.249769449234009,-4.338271617889404,-35.24750518798828,-0.5318152904510498,1.546961784362793,0.0020612478256225586,28,11,37,0.02410317026078701,0.663716814159292,0.3,61,76,wall,both,1,1,1,1,1,1,0.0,4,4,0,alpha,full,huber,12.942842542810213,0.2771820833997767,-1.293353422848879,12.79731399740363,1.3012931413996394,-1.2621595901786264,12.836324472392612,1.313649490169487,-1.2609602706351495,134.76044623277735,0.02410317212343216,196,4.360873222351074,0.6879356145058059,1.0,disabled,single,3,row_1,row_2,-0.5318152904510498,-3.2700564861297607,0.9391784898508544,0.06074983404843142,0.229776963706801,2.738241195678711,-0.46906555765148744,0,2,0,disabled,0,0.0,50.0,alpha
48,0.9830514788627625,-0.39933478832244873,-49.65240478515625,-0.026591796427965164,0.28665438294410706,0.04518020153045654,68,0,26,0.013898912817239761,0.6147540983606558,0.3,79,94,wall,both,1,1,1,1,1,1,0.0,3,3,0,alpha,full,huber,11.423511554858885,1.389582332461321,-1.2355276335053536,12.55310524556687,0.9836667384144256,-1.328654281551031,12.74400352701242,0.9947016294492244,-1.2930340150006552,152.28593863684924,0.013898910954594612,229,2.4366116523742676,1.0,1.0,disabled,single,3,row_1,row_2,-0.020135246217250824,-1.749445915222168,0.8470117950781464,0.15026553332439208,0.44152485867923524,1.7293106690049171,0.14590541249769626,0,2,0,disabled,0,0.0,50.0,alpha
52,1.8155248165130615,-1.3620374202728271,-27.79645347595215,-0.4200904965400696,1.2859047651290894,0.11355835199356079,54,5,52,0.016148479655385017,0.5747126436781609,0.3,96,111,wall,both,1,1,1,1,1,1,0.0,3,3,0,alpha,full,huber,12.72579713851887,0.045782246402536364,-1.3610831468192903,12.494577482990763,0.43344145826529623,-1.392138333592418,12.679440777339316,0.5031165227300805,-1.340480126015267,130.92650089664252,0.016148479655385017,180,2.1483025550842285,1.0,1.0,disabled,single,3,row_1,row_2,-0.3674558103084564,-2.8651421070098877,0.9238528255769244,0.07601011948760834,0.2702601997570124,2.4976862967014313,-0.28825331060299514,0,2,0,disabled,0,0.0,50.0,alpha
56,1.968673825263977,-1.6015193462371826,-35.42061996459961,-0.06414952874183655,0.5368707776069641,0.004909098148345947,79,0,7,0.012781808152794838,0.6355932203389831,0.3,71,86,wall,both,1,1,1,1,1,1,0.0,3,3,0,alpha,full,huber,10.826957940558355,0.2022101475162224,-1.4566986790548304,12.41615351965331,0.09638251585315748,-1.4257602738554498,12.577367240830046,0.173638633999365,-1.3818670605862782,176.64373713197702,0.012781808152794838,229,2.6500496864318848,1.0,1.0,disabled,single,3,row_1,row_2,-0.06414952874183655,-0.6880324482917786,0.6477228228903505,0.3470885528215777,0.6758804959727671,0.623882919549942,0.37014288784908717,0,2,0,disabled,0,0.0,50.0,alpha
60,0.10004015266895294,-0.00413555046543479,-31.726102828979492,-0.43578222393989563,1.3990999460220337,0.013881564140319824,42,0,63,0.01148498710244894,0.5882352941176471,0.3,105,105,wall,both,1,1,1,1,1,1,0.0,1,1,0,alpha,full,huber,12.827241816711632,-0.6604011884247204,-1.4031995242516877,12.756337612813663,-0.4138694528993052,-1.377890948980168,12.703304225091841,-0.3107531897567162,-1.382806949407536,151.10868176980188,0.01148498710244894,224,0.6153876781463623,1.0,1.0,disabled,single,3,row_1,row_2,-0.43578222393989563,-3.0101256370544434,0.9290084827248697,0.07079401453681404,0.2575556211836355,2.5743434131145477,-0.3621448147577562,0,2,0,disabled,0,0.0,50.0,alpha
64,2.9045615196228027,-3.486147880554199,-50.0,-0.013429750688374043,0.22489656507968903,0.023164033889770508,43,0,60,0.011622277088463306,0.5928853754940712,0.3,98,103,wall,both,1,1,1,1,1,1,0.0,2,2,0,alpha,full,huber,11.673023285226474,-0.3144206340121961,-2.05793704326521,12.65933788433432,-0.81676588970147,-1.4467829942399955,12.719888601489153,-0.7664951810739844,-1.423379990749697,175.33118384526597,0.011622277088463306,224,3.977524757385254,0.7542379200606512,1.0,disabled,single,3,row_1,row_2,-0.013429750688374043,-1.43439781665802,0.8044106087615086,0.19424918240536024,0.5022410148500422,1.420968065969646,0.20421568206663243,0,2,0,disabled,0,0.0,50.0,alpha
68,0.6932721734046936,-0.19860592484474182,-19.807151794433594,-0.5402392148971558,1.5591908693313599,0.0001150369644165039,66,5,35,0.009069406427443027,0.5859375,0.3,93,106,wall,both,1,1,1,1,1,1,0.0,2,2,0,alpha,full,huber,13.235671551137346,-1.6944633620348817,-1.3645239809911938,13.086848538021304,-1.7461470229951463,-1.3110350556865424,12.982152036195458,-1.7868724894531882,-1.3612624257248835,177.99988984295652,0.009069406427443027,240,1.1832495331764221,1.0,1.0,disabled,single,3,row_1,row_2,-0.5402392148971558,-3.509625196456909,0.9510650413333217,0.04882275383085784,0.1961613210557048,2.9693859815597534,-0.49006638869095703,0,2,0,disabled,0,0.0,50.0,alpha
72,2.095815420150757,-1.8150588274002075,-27.434663772583008,-0.18580278754234314,0.9089311957359314,0.023282647132873535,75,13,42,0.008643395267426968,0.5357142857142857,0.3,117,130,wall,both,1,1,1,1,1,1,0.0,1,1,0,alpha,full,huber,12.575162053629423,-1.7038007355294296,-1.5959047450888648,12.99985226595009,-2.1734523283761553,-1.3903296830081013,13.041278327597071,-2.2165834887285554,-1.3749196302582896,210.51918136775177,0.008643395267426968,250,2.8227224349975586,1.0,1.0,disabled,single,3,row_1,row_2,-0.18580278754234314,-2.442023992538452,0.9047670510920254,0.09477032221663775,0.31740660320004327,2.256221204996109,-0.08572501701826436,0,2,0,disabled,0,0.0,50.0,alpha
76,2.1154141426086426,-1.8491641283035278,-24.139324188232422,-0.8039949536323547,1.8546360731124878,0.09852707386016846,71,0,49,0.008616458624601364,0.5555555555555556,0.3,105,120,wall,both,1,1,1,1,1,1,0.0,2,2,0,alpha,full,huber,13.53455108475472,-1.6838964448944447,-0.932058243455756,13.358660878888278,-2.6455239087180056,-1.2680238928838345,13.256996773226351,-2.7184588122781643,-1.322217505635089,196.4211631093528,0.008616458624601364,250,2.908028721809387,1.0,1.0,disabled,single,3,row_1,row_2,-0.8039949536323547,-4.086171627044678,0.9637557240505229,0.036185597870933,0.15625450036254593,3.282176673412323,-0.767077538862153,0,2,0,disabled,0,0.0,50.0,alpha
80,0.4121491611003876,-0.07019294798374176,-31.295557022094727,-0.6432288885116577,1.693108081817627,0.03898477554321289,68,0,65,0.010717885568737984,0.5300353356890459,0.3,120,133,wall,both,1,1,1,1,1,1,0.0,1,1,0,alpha,full,huber,13.764803100350944,-3.795477246503667,-1.0877717357048597,13.660201065221955,-3.287888524276234,-1.196646179740876,13.5228361463017,-3.256246881428819,-1.2646414883588601,178.92689008338198,0.010717886500060558,250,1.2000911235809326,1.0,1.0,disabled,single,3,row_1,row_2,-0.6432288885116577,-3.321873426437378,0.9357128271998951,0.06424244202022004,0.2389743243266867,2.67864453792572,-0.5767822303846208,0,2,0,disabled,0,0.0,50.0,alpha
84,3.820709705352783,-5.753826141357422,-34.34731674194336,-0.30643218755722046,1.1742517948150635,0.002054750919342041,62,5,65,0.012327845208346844,0.5319148936170213,0.3,120,132,wall,both,1,1,1,1,1,1,0.0,2,2,0,alpha,full,huber,13.315338164462528,-4.185616890265113,-1.4320334807175483,13.698297128020542,-3.7968620203717727,-1.2456714492172345,13.67435988390092,-3.728372426231434,-1.2552233830989037,183.83933521914742,0.012327845208346844,246,4.566851377487183,0.6569077362116148,1.0,disabled,single,3,row_1,row_2,-0.30643218755722046,-2.431346893310547,0.8931888148488807,0.10668529063346852,0.3407707450023489,2.1249147057533264,-0.19347490590208777,0,2,0,disabled,0,0.0,50.0,alpha
88,1.7072432041168213,-1.2044129371643066,0.0,-1.1378931999206543,2.2604880332946777,0.024151384830474854,0,0,0,0.008780178613960743,0.5,0.3,0,0,wall,both,1,1,1,1,1,1,0.0,0,0,0,alpha,full,huber,14.309203737036906,-3.62601639582167,-1.1476936443724628,14.041710437565197,-4.317145642386029,-1.2108112312519574,13.968158690400367,-4.360061175736851,-1.2258438793131847,216.01397072900843,0.008780179545283318,250,2.6984121799468994,1.0,1.0,disabled,single,3,row_1,row_2,-1.1378931999206543,-4.37092399597168,0.9620458230188785,0.03794096073070859,0.16150545166222627,3.2330307960510254,-1.0992000035455625,0,2,0,disabled,0,0.0,50.0,alpha
92,0.4452091455459595,-0.08190544694662094,0.0,-0.2304033786058426,1.0181907415390015,0.002365410327911377,0,0,0,0.006857301574200392,0.5,0.3,0,0,wall,both,1,1,1,1,1,1,0.0,0,0,0,alpha,full,huber,12.736983674331718,-7.707492319694722,-1.4471271441095057,14.4746545013984,-7.424605236917242,-1.4167777925477172,14.761855151241807,-7.396425066108309,-1.3543826482845769,205.7541256298787,0.006857301574200392,250,2.7089710235595703,1.0,1.0,disabled,single,3,row_1,row_2,-0.2304033786058426,-1.522094488143921,0.7836546352863146,0.2153527319560432,0.5285782945573907,1.2916911095380783,0.013383493298094712,0,2,0,disabled,0,0.0,50.0,alpha
96,0.32570624351501465,-0.04383659362792969,0.0,-0.3899824619293213,1.3178478479385376,0.03147679567337036,0,0,0,0.007989405654370785,0.5,0.3,0,0,wall,both,1,1,1,1,1,1,0.0,0,0,0,alpha,full,huber,13.160893608577911,-7.898023525889396,-1.6299008036268856,13.797750512533156,-8.448696097830139,-1.79147375916087,14.37268907392009,-8.345045839508934,-1.688702706563941,186.74495302631166,0.00798940658569336,250,1.3582563996315002,1.0,1.0,disabled,single,3,row_1,row_2,-0.3899824619293213,-2.0601260662078857,0.8412665862820095,0.15834322589002425,0.4402977036562234,1.6701436042785645,-0.2171357799459458,0,2,0,disabled,0,0.0,50.0,alpha
100,3.6262216567993164,-5.2716240882873535,0.0,-1.5660587549209595,2.65118408203125,0.03172576427459717,0,0,0,0.01090400293469429,0.5,0.3,0,0,wall,both,1,1,1,1,1,1,0.0,0,0,0,alpha,full,huber,14.920242571378653,-8.015457805956459,-1.6308990101616407,14.17907952082112,-8.834715760995756,-1.6909909967936751,14.245916884281986,-8.842864702710624,-1.7124382728127874,208.78345968944797,0.010904002003371716,250,5.064964771270752,0.5923042183859708,1.0,disabled,single,3,row_1,row_2,-1.5660587549209595,-4.991077423095703,0.968470934758137,0.03152244411323437,0.1400805131710742,3.4250186681747437,-1.5340219477605719,0,2,1,disabled,0,0.0,50.0,alpha
104,0.9640294313430786,-0.3840300738811493,-48.82965850830078,-2.124645233154297,3.0578134059906006,0.10709995031356812,3,0,117,0.0257441196590662,0.5555555555555556,0.3,120,120,wall,both,1,1,1,1,1,1,0.0,3,3,0,alpha,full,huber,12.09198902306546,-9.707709160496826,2.230311134332716,12.881592474515276,-9.943432658571137,2.977397931655219,13.473464503537038,-10.026333661974235,3.074183504411362,82.30513030732963,0.02574412152171135,250,2.7230626344680786,1.0,1.0,disabled,single,3,row_1,row_2,-2.124645233154297,-3.18643856048584,0.7384290984298884,0.2553746704006272,0.6040069128723754,1.061793327331543,-1.8214150439921086,0,2,1,disabled,0,0.0,50.0,alpha
108,2.1471126079559326,-1.9049969911575317,-49.9671745300293,-3.8480279445648193,3.84148907661438,0.3732667565345764,2,3,119,0.0298859104514122,0.5474452554744526,0.3,120,124,wall,both,1,1,1,1,1,1,0.0,4,4,0,alpha,full,huber,15.27727266099454,-9.47082636979467,2.6567026776401157,12.686810507206872,-9.78982221224,2.481332902166049,12.85789735050793,-9.893074184816697,2.524074490017961,128.64908517383753,0.0298859104514122,250,4.648481369018555,0.6453720606464208,1.0,disabled,single,3,row_1,row_2,-3.8480279445648193,-7.62117862701416,0.9775322172031304,0.022463248362624987,0.1075369375544851,3.773150682449341,-3.825303915674656,0,2,1,disabled,0,0.0,50.0,alpha
112,0.3864704370498657,-0.061718761920928955,-49.51717758178711,-2.0509331226348877,2.9842095375061035,0.1327526569366455,3,0,128,0.01745644398033619,0.5338078291814947,0.3,120,131,wall,both,1,1,1,1,1,1,0.0,13,13,0,alpha,full,huber,12.728219847675573,-9.678232432803394,2.2844100834718954,12.108916038888381,-9.528798595926528,1.7508454591462954,12.200640998850176,-9.510124992422531,1.7546443318353875,103.6140104859751,0.01745644398033619,250,1.1154785752296448,1.0,1.0,disabled,single,3,row_1,row_2,-2.0509331226348877,-3.7879841327667236,0.8489902265709205,0.1494551973169824,0.43311715780450527,1.737051010131836,-1.8872255182028088,0,2,1,disabled,0,0.0,50.0,alpha
116,3.3954248428344727,-4.699400424957275,-44.48970031738281,-0.20272046327590942,0.7414278388023376,0.14049047231674194,34,0,125,0.023869559168815613,0.4854368932038835,0.3,120,159,wall,both,1,1,1,1,1,1,0.0,13,13,0,alpha,full,huber,10.302631578475491,-7.810844738569189,0.6909800310874337,11.835085245672404,-8.577144429490676,1.4547225900127223,11.946609968233343,-8.660445610980128,1.5209030585970087,142.45981879434098,0.023869555443525314,250,3.909143328666687,0.7674315694695253,1.0,disabled,single,3,row_2,row_1,-0.20272046327590942,-2.582014560699463,0.8824238845486273,0.08172651072107161,0.43437262085634254,2.3792940974235535,-0.0776377195782409,1,3,0,disabled,0,0.0,50.0,alpha
120,2.414323091506958,-2.4086596965789795,-46.30256271362305,-0.5317707657814026,1.4983566999435425,0.08973342180252075,15,0,151,0.01406449731439352,0.4746835443037975,0.3,120,166,wall,both,1,1,1,1,1,1,0.0,10,10,0,alpha,full,huber,13.429854578061452,-7.957073571151588,1.3363913263245069,12.138870325003197,-8.051962393894573,1.3760410654211268,12.05583197331337,-8.094025114660155,1.4092333474005594,196.7956321005142,0.01406449917703867,250,3.7648279666900635,0.7968491592558796,1.0,disabled,single,3,row_1,row_2,-0.5317707657814026,-2.439311981201172,0.870563925280058,0.12923080299693626,0.38684171512716,1.9075412154197693,-0.3931566784405848,1,4,0,disabled,0,0.0,50.0,alpha
124,3.003322124481201,-3.7272446155548096,-32.600608825683594,-0.17382235825061798,0.8824443817138672,0.01378941535949707,55,0,72,0.011061676777899265,0.5415162454873647,0.3,120,127,wall,both,1,1,1,1,1,1,0.0,7,7,0,alpha,full,huber,11.943813834176252,-7.26206448716974,1.9295206521814467,12.259368946923551,-7.535702588280834,1.3998404301927498,12.204743792069015,-7.525611766857256,1.3845723643154866,201.3060530363591,0.01106167770922184,250,2.71820330619812,1.0,1.0,disabled,single,3,row_1,row_2,-0.17382235825061798,-0.6933589577674866,0.6239089079188447,0.37109859324809424,0.6886543263653336,0.5195365995168686,0.29792854391762724,0,4,0,disabled,0,0.0,50.0,alpha
128,1.2319343090057373,-0.6271331310272217,-32.5210075378418,-0.2652308940887451,1.0924921035766602,5.4955482482910156e-05,49,2,73,0.010075211524963379,0.5474452554744526,0.3,119,124,wall,both,1,1,1,1,1,1,0.0,7,7,0,alpha,full,huber,11.642650960745149,-7.182656221610788,1.7737417668046849,11.879317005520605,-7.234569407764339,1.5548710350986132,12.078192133289228,-7.1881564109597615,1.46622568483793,173.94907950167178,0.010075211524963379,250,1.3962716460227966,1.0,1.0,disabled,single,3,row_1,row_2,-0.2652308940887451,-0.49053317308425903,0.5510910910495649,0.4399221748833103,0.7319613835432657,0.22530227899551392,0.33062426989504945,0,4,0,disabled,0,0.0,50.0,alpha
132,1.169535517692566,-0.5652121305465698,-39.277889251708984,-0.10723845660686493,0.6407369375228882,0.06262260675430298,60,0,76,0.012692512944340706,0.5244755244755245,0.3,120,136,wall,both,1,1,1,1,1,1,0.0,10,10,0,alpha,full,huber,11.078276802399419,-6.59659727009845,1.5832403816078138,11.600176734678957,-6.70343744694974,1.6027236703589858,11.86299042395371,-6.718972715038809,1.5304857677429355,155.60104663129695,0.012692512944340706,250,1.8235917687416077,1.0,1.0,disabled,single,3,row_2,row_1,-0.10723845660686493,-0.4977249503135681,0.5832898412291364,0.3947283172679609,0.7652738907443837,0.3904864937067032,0.431832604798309,1,5,0,disabled,0,0.0,50.0,alpha
136,0.8918757438659668,-0.3286951780319214,-33.49659729003906,-0.21190273761749268,0.9765022993087769,0.0005516409873962402,81,16,50,0.019159819930791855,0.5050505050505051,0.3,120,147,wall,both,1,1,1,1,1,1,0.0,8,8,0,alpha,full,huber,11.430118176328454,-5.76169029933362,1.9760674482329827,11.480211981666855,-6.168523636254751,1.6637700771532722,11.679434116356404,-6.249539248854617,1.5945548526261613,121.13303960798848,0.019159819930791855,175,1.220636248588562,1.0,1.0,disabled,single,3,row_2,row_1,-0.21190273761749268,-0.21944157779216766,0.4978191270025845,0.49408025923938503,0.7346039920077907,0.007538840174674988,0.4856157291026377,0,5,0,disabled,0,0.0,50.0,alpha
140,2.34205961227417,-2.266629457473755,-38.0824089050293,-0.06746353209018707,0.5458412170410156,0.017528414726257324,79,4,60,0.038083516061306,0.5119453924914675,0.3,108,143,wall,both,1,1,1,1,1,1,0.0,13,13,0,alpha,full,huber,11.992842617714729,-6.327568703873137,1.9507696821029432,11.622008750658082,-5.7777460408792445,1.7323213423692534,11.64525979913909,-5.783804870848211,1.7011359561542232,71.28860018371623,0.038083516061306,107,3.086893320083618,0.9718508833725215,1.0,disabled,single,3,row_1,row_2,-0.06746353209018707,-0.4698997735977173,0.5971759257764173,0.3993249560108024,0.6942307809133565,0.4024362415075302,0.4480799938672926,1,6,0,disabled,0,0.0,50.0,alpha
144,2.216885805130005,-2.0308194160461426,-40.45450210571289,-0.05236651003360748,0.4002593457698822,0.06408888101577759,76,19,41,0.02069435827434063,0.5244755244755245,0.3,94,136,wall,both,1,1,1,1,1,1,0.0,11,11,0,alpha,full,huber,12.048260206557465,-5.850834152572023,2.1232198384787626,11.636219411105131,-5.3951589799037665,1.774463978745439,11.611313596478166,-5.3649977376351,1.7463899889192707,82.99937543455582,0.02069435827434063,97,2.8746185302734375,1.0,1.0,disabled,single,3,row_1,row_2,-0.05236651003360748,-0.5269901156425476,0.6148940828963733,0.38253739929932384,0.6819371800660058,0.4746236056089401,0.43393873890681045,0,6,0,disabled,0,0.0,50.0,alpha
148,0.6170851588249207,-0.15735293924808502,-41.80917739868164,-0.08013443648815155,0.04965969920158386,0.13963764905929565,93,29,59,0.022733379155397415,0.4531722054380664,0.3,120,181,wall,both,1,1,1,1,1,1,0.0,8,8,0,alpha,full,huber,12.218001020208872,-4.925508778429254,1.238859142890826,11.497181587125802,-4.661749480779092,1.8327038524991535,11.4760629255459,-4.572700242816367,1.8166306981508562,72.36350356107963,0.022733377292752266,83,1.3000043630599976,1.0,1.0,disabled,single,3,row_1,row_2,-0.08013443648815155,-0.9721867442131042,0.7082445841668324,0.29024842208822993,0.6131546011249324,0.8920523077249527,0.26483135059433666,0,6,0,disabled,0,0.0,50.0,alpha
152,1.542413353919983,-0.9830740094184875,-29.254819869995117,-0.13011039793491364,0.7520079016685486,0.032982587814331055,136,11,30,0.01366328727453947,0.4587155963302753,0.3,120,177,wall,both,1,1,1,1,1,1,0.0,7,7,0,alpha,full,huber,11.364389900980502,-4.261675808525385,2.031223402644729,11.408116629678306,-3.6754384965733036,1.7630671188664235,11.322836066318313,-3.648783395799901,1.7651931735969377,130.20256043303263,0.01366328727453947,148,1.4842248558998108,1.0,1.0,disabled,single,3,row_1,row_2,-0.13011039793491364,-0.4741213917732239,0.5807538465465552,0.4117086756093883,0.7178067101211962,0.34401099383831024,0.4133178860065774,0,6,0,disabled,0,0.0,50.0,alpha
156,2.0261218547821045,-1.696351170539856,-30.739627838134766,-0.18679946660995483,0.9166466593742371,0.004405856132507324,86,4,50,0.008532370440661907,0.5172413793103449,0.3,120,140,wall,both,1,1,1,1,1,1,0.0,5,5,0,alpha,full,huber,12.742782632276054,-2.529602296568407,1.6679931616069634,11.409302400013448,-2.4612159019366766,1.7310421325707772,11.246777470393937,-2.449098466026773,1.7588124106930163,218.01648165691014,0.008532370440661907,250,3.2687853574752808,0.9177720993944726,1.0,disabled,single,3,row_1,row_2,-0.18679946660995483,-2.534337282180786,0.9123809357707036,0.08722751150142723,0.29950354471331764,2.3475378155708313,-0.0951017832238586,0,6,0,disabled,0,0.0,50.0,alpha
160,1.7395806312561035,-1.2504713535308838,-28.41790008544922,-0.20581816136837006,0.9609020352363586,0.012454390525817871,87,0,55,0.009403922595083714,0.5136986301369862,0.3,120,142,wall,both,1,1,1,1,1,1,0.0,11,11,0,alpha,full,huber,12.5163031384524,-1.126248100509041,1.6039090887949605,11.346960645411166,-0.929138830219868,1.7275456872385024,11.145542639697013,-0.8937661090499069,1.7603567187801676,210.95384715654205,0.009403922595083714,250,3.2664706707000732,0.9184224511518535,1.0,disabled,single,3,row_1,row_2,-0.20581816136837006,-2.503060817718506,0.908237185202143,0.09131023692187289,0.30945302691521337,2.297242656350136,-0.109568444059235,0,6,0,disabled,0,0.0,50.0,alpha
164,1.3306530714035034,-0.7316684722900391,-20.8626766204834,-0.21142251789569855,0.974795937538147,0.007995545864105225,107,31,18,0.010673333890736103,0.49019607843137253,0.3,120,156,wall,both,1,1,1,1,1,1,0.0,12,12,0,alpha,full,huber,10.371033247178593,-0.6054855243756201,1.778668822944427,10.524936746758781,-0.06104526584397471,1.8710829587268574,10.746818670653017,-0.016553110890864295,1.8225892673379134,177.3908229252862,0.010673333890736103,250,2.173636794090271,1.0,1.0,disabled,single,3,row_1,row_2,-0.21142251789569855,-0.3386403024196625,0.5218923814242218,0.45954810042894356,0.7706800052095674,0.12721778452396393,0.4388713603128821,0,6,0,disabled,0,0.0,50.0,alpha
168,0.8221399188041687,-0.27930334210395813,-24.94102668762207,-0.29718345403671265,1.1452134847640991,0.03748732805252075,107,39,27,0.01130360085517168,0.46439628482972134,0.3,120,173,wall,both,1,1,1,1,1,1,0.0,11,11,0,alpha,full,huber,10.20610631261059,0.1087045139982239,1.7795965828705338,10.349234032954534,0.7318419175177668,1.8537073468150962,10.446849523974493,0.7509419370473416,1.8349525613655544,184.29146240865296,0.011303601786494255,250,1.364220917224884,1.0,1.0,disabled,single,3,row_2,row_1,-0.2956737279891968,-0.3008030951023102,0.4935646312336763,0.4910394389018483,0.7620063516005775,0.005129367113113403,0.41042773568205737,1,7,0,disabled,0,0.0,50.0,alpha
172,0.8091778755187988,-0.27056562900543213,-32.507389068603516,-0.23079070448875427,1.01909339427948,0.0006108880043029785,71,41,33,0.012319800443947315,0.5084745762711864,0.3,84,145,wall,both,1,1,1,1,1,1,0.0,12,12,0,alpha,full,huber,10.146636622003648,1.0655394043186406,1.749065358184689,9.779941052951163,1.5809578289939827,1.965184390792412,9.969353715918029,1.6984966438555529,1.8962393514157796,181.7014014777022,0.012319800443947315,250,1.4509968161582947,1.0,1.0,disabled,single,3,row_1,row_2,-0.23079070448875427,-0.5190134644508362,0.5566631477640072,0.4172716862296396,0.7858570505492057,0.2882227599620819,0.3550042791526947,1,8,0,disabled,0,0.0,50.0,alpha
176,0.5211594104766846,-0.11223435401916504,-27.479637145996094,-0.33153393864631653,1.1854195594787598,0.068697988986969,104,16,24,0.014399213716387749,0.5102040816326531,0.3,83,144,wall,both,1,1,1,1,1,1,0.0,6,6,0,alpha,full,huber,9.916663212848507,2.401770103762704,1.977146768105535,9.581626169812626,2.820233320574499,1.8538359168461875,9.557826049099944,2.904407508967169,1.8677794197611002,166.20700434803723,0.014399213716387749,250,1.5269664525985718,1.0,1.0,disabled,single,3,row_1,row_2,-0.33153393864631653,-0.5753372311592102,0.5394308097082291,0.4227205130588702,0.8208622549061773,0.24380329251289368,0.28570681278117205,0,8,0,disabled,0,0.0,50.0,alpha
180,1.8083391189575195,-1.3512769937515259,-22.432064056396484,-0.22559243440628052,1.0075119733810425,0.0021590590476989746,134,5,11,0.013831961899995804,0.5,0.3,120,150,wall,both,1,1,1,1,1,1,0.0,6,6,0,alpha,full,huber,10.007707029821164,2.7652728136039526,1.8866599610296682,9.618715457183459,3.193785219899598,1.7832097151359931,9.518246384787759,3.2779089477595282,1.8139987592731543,186.7869943982817,0.013831961899995804,250,2.6706358194351196,1.0,1.0,disabled,single,3,row_1,row_2,-0.22559243440628052,-0.6533784866333008,0.5887584045520456,0.38384156190877233,0.7779902519477571,0.42778605222702026,0.30414692409948363,0,8,0,disabled,0,0.0,50.0,alpha
184,0.43275967240333557,-0.07738881558179855,-35.57172393798828,-0.3168848156929016,0.7540549635887146,0.21605491638183594,135,30,12,0.014227112755179405,0.4587155963302753,0.3,120,177,wall,both,1,1,1,1,1,1,0.0,6,6,0,alpha,full,huber,7.542492513480364,2.499230026478482,2.1631615471114927,9.380135176149714,3.603871627747321,1.823468190483608,9.394302887668161,3.662111111094764,1.8164705403490853,195.6890217562966,0.01422711368650198,250,2.4204649925231934,1.0,1.0,disabled,single,3,row_2,row_3,-0.1540076732635498,-0.47034770250320435,0.5498261676468493,0.4007196838947469,0.8440298830722996,0.31634002923965454,0.44414543627309755,1,9,0,disabled,0,0.0,50.0,alpha
188,3.177172899246216,-4.158280372619629,-39.30295944213867,-0.002636553719639778,0.10054466128349304,0.009775698184967041,100,10,29,0.01641823723912239,0.5190311418685121,0.3,120,139,wall,both,1,1,1,1,1,1,0.0,3,3,0,alpha,full,huber,10.56406863515925,4.174692958709582,1.0441115635336873,9.521676978066651,4.319242095121409,1.7045259034782623,9.366306057175045,4.3563310106266595,1.7449087072649077,179.19432348889063,0.01641823723912239,250,4.470054388046265,0.671132773691198,1.0,disabled,single,3,row_1,row_2,-0.002636553719639778,-1.097733497619629,0.7458214303658091,0.24948262117777797,0.5902747952129604,1.0950969438999891,0.2906325231950133,1,10,0,disabled,0,0.0,50.0,alpha
192,1.0387543439865112,-0.44587215781211853,-26.238222122192383,-0.1879815310239792,0.9186452031135559,0.01045536994934082,128,24,13,0.008396292105317116,0.47619047619047616,0.3,120,165,wall,both,1,1,1,1,1,1,0.0,3,3,0,alpha,full,huber,9.769361535610885,4.448605762701558,2.1029217716547297,9.598482752316716,4.718439253291916,1.7199830288341007,9.434736178913976,4.808334626173085,1.7319260050565397,204.93036272310115,0.008396292105317116,250,1.5423193573951721,1.0,1.0,disabled,single,3,row_1,row_2,-0.1879815310239792,-0.4323083162307739,0.5509877271176126,0.4315510232919922,0.7617537095148115,0.24432678520679474,0.40806121288704267,0,10,0,disabled,0,0.0,50.0,alpha
196,0.40929028391838074,-0.06922253966331482,-30.32433319091797,-0.16914337873458862,0.8095256090164185,0.07590097188949585,118,42,21,0.010496502742171288,0.4531722054380664,0.3,120,181,wall,both,1,1,1,1,1,1,0.0,4,4,0,alpha,full,huber,9.525553940823956,5.781281685925944,1.9573586313781401,9.501487938653462,5.3312680156893055,1.765415932932261,9.423895403657998,5.34183890764489,1.7493955585916225,198.06221070124852,0.010496502742171288,250,0.9703443050384521,1.0,1.0,disabled,single,3,row_1,row_2,-0.16294580698013306,-0.728249192237854,0.6296844192596329,0.3577789676099251,0.7138906331721564,0.565303385257721,0.2995906999297753,0,10,0,disabled,0,0.0,50.0,alpha
200,2.8754796981811523,-3.416687250137329,-28.579439163208008,-0.2065412551164627,0.9564026594161987,0.02831864356994629,104,37,20,0.012856417335569859,0.48231511254019294,0.3,120,161,wall,both,1,1,1,1,1,1,0.0,3,3,0,alpha,full,huber,8.993619744950779,5.057934482252481,1.9432955752698344,9.223094262841446,5.661623348610479,1.8805550323530733,9.278178834735556,5.752757659292826,1.813614302044547,181.24923074110993,0.012856417335569859,250,3.740289568901062,0.8020769367547745,1.0,disabled,single,3,row_2,row_1,-0.2065412551164627,-0.4419228732585907,0.5349855963240085,0.42278264510811364,0.83225999608575,0.235381618142128,0.4189742000909543,1,11,0,disabled,0,0.0,50.0,alpha
204,2.046077013015747,-1.7299301624298096,-34.30949020385742,-0.20436161756515503,0.7883272171020508,0.12741100788116455,99,35,30,0.019681796431541443,0.47770700636942676,0.3,120,164,wall,both,1,1,1,1,1,1,0.0,4,4,0,alpha,full,huber,8.177019735442077,6.989734550821707,2.133386298945714,8.897350151557607,6.193057775071455,1.9653348960597699,9.037030775198197,6.177722373812948,1.887275192465541,159.4239628305308,0.019681796431541443,250,3.3282121419906616,0.9013848492859736,1.0,disabled,single,3,row_2,row_1,-0.20436161756515503,-0.7560173869132996,0.5627177650822471,0.324122790731677,0.9352868156757664,0.5516557693481445,0.3706154643329629,0,11,0,disabled,0,0.0,50.0,alpha
208,2.249619960784912,-2.091235637664795,-34.347347259521484,-0.17570316791534424,0.8706700801849365,0.042128026485443115,85,38,47,0.0209333673119545,0.46875,0.3,120,170,wall,both,1,1,1,1,1,1,0.0,3,3,0,alpha,full,huber,8.985737712781788,7.5547231805941175,1.7271395728197874,8.818995312021087,6.7385056261110226,1.9436118913702398,8.85899539853079,6.66886383151959,1.925276307072533,138.3361483475031,0.020933369174599648,207,3.1974430084228516,0.9382497176954404,1.0,disabled,single,3,row_1,row_2,-0.17570316791534424,-0.587257444858551,0.5767327073082364,0.3821543699019457,0.8162351793684184,0.4115542769432068,0.3746731974563837,1,12,0,disabled,0,0.0,50.0,alpha
212,2.7191002368927,-3.0551679134368896,-31.581798553466797,-0.5381481647491455,0.7510114312171936,0.31802302598953247,110,49,14,0.013398565351963043,0.46439628482972134,0.3,120,173,wall,both,1,1,1,1,1,1,0.0,2,2,0,alpha,full,huber,8.11731907595066,7.416610853771355,2.4434018100725705,8.586386864708935,7.084773960491787,2.014033329146533,8.677885540680158,6.997877865786046,1.9607631385686695,170.7328713457581,0.013398565351963043,229,3.5219733715057373,0.8517951964859463,1.0,disabled,single,3,row_2,row_1,-0.510581374168396,-0.68460613489151,0.4879158662926629,0.40998403713714565,0.9486635471899909,0.174024760723114,0.20703091896205394,1,13,0,disabled,0,0.0,50.0,alpha
216,0.5770686268806458,-0.1376066952943802,-22.68385124206543,-0.2959138751029968,1.149277687072754,0.02421867847442627,89,14,31,0.007569531910121441,0.528169014084507,0.3,120,134,wall,both,1,1,1,1,1,1,0.0,2,2,0,alpha,full,huber,8.734862901668187,7.433544312870558,1.7979059808645896,8.38340654847203,7.538030553041251,1.9914886308022344,8.432986628650195,7.505559041021889,1.9658951679700598,202.17305104996973,0.007569531910121441,240,0.6912319958209991,1.0,1.0,disabled,single,3,row_1,row_2,-0.2959138751029968,-0.417183518409729,0.4990532952943702,0.4420589529677466,0.8744985395344766,0.12126964330673218,0.3991285096336489,1,14,0,disabled,0,0.0,50.0,alpha
220,2.8201866149902344,-3.286550760269165,0.0,-0.22175316512584686,0.9819337129592896,0.042831361293792725,0,0,0,0.027139166370034218,0.5,0.3,0,0,wall,both,1,1,1,1,1,1,0.0,0,0,0,alpha,full,huber,8.824697114866773,7.633065529630355,1.7247005665615962,8.226673804458711,8.388743980631157,1.8812809536835997,8.141136462481102,8.399624290050896,1.9224086808251712,94.76465358734201,0.027139168232679367,127,3.9683573246002197,0.7559803098886076,1.0,disabled,single,3,row_1,row_2,-0.22175316512584686,-0.47948119044303894,0.5352548089909034,0.4136477998204026,0.8516492533557533,0.2577280253171921,0.4032592018572123,0,14,0,disabled,0,0.0,50.0,alpha
224,0.04845278337597847,-0.0009701124508865178,0.0,-0.01547089871019125,0.2638540267944336,7.230043411254883e-05,0,0,0,0.009209283627569675,0.5,0.3,0,0,wall,both,1,1,1,1,1,1,0.0,0,0,0,alpha,full,huber,7.642473312893662,9.13344165521347,1.5155370752762476,7.85253149491658,9.175823297825872,1.8630511068064313,7.8396626575898285,9.216150732522996,1.880406066885353,174.75589375026988,0.009209283627569675,218,0.7470111548900604,1.0,1.0,disabled,single,3,row_2,row_1,-0.01547089871019125,-0.7378682494163513,0.5515878141758326,0.2678437272581516,0.9900830103787912,0.7223973507061601,0.5794833263737791,1,15,0,disabled,0,0.0,50.0,alpha
228,0.564159631729126,-0.13151904940605164,0.0,-0.1494438350200653,0.7681139707565308,0.06701916456222534,0,0,0,0.009079841896891594,0.5,0.3,0,0,wall,both,1,1,1,1,1,1,0.0,0,0,0,alpha,full,huber,8.68859942995382,8.78577244924225,1.9152485422610912,7.908058740974376,9.331066188020845,1.7793175111808648,7.834011437731753,9.398177399181982,1.82823577675952,195.343963151121,0.009079841896891594,250,1.357649028301239,1.0,1.0,disabled,single,3,row_1,row_2,-0.13789424300193787,-0.4120473563671112,0.537027603130931,0.4082567976030125,0.8585956480671448,0.27415311336517334,0.48381154031394036,1,16,0,disabled,0,0.0,50.0,alpha
232,2.995515823364258,-3.7078988552093506,0.0,-0.07173783332109451,0.5681551098823547,0.001044154167175293,0,0,0,0.01773182675242424,0.5,0.3,0,0,wall,both,1,1,1,1,1,1,0.0,0,0,0,alpha,full,huber,8.896923669179142,9.135767118050067,1.5927616132692464,8.000194375880593,9.585000576870387,1.7133099825585694,7.863496313741649,9.695198291570815,1.7757229857881658,169.8465313798023,0.01773182675242424,250,4.078141689300537,0.735629173422502,1.0,disabled,single,3,row_1,row_2,-0.07173783332109451,-0.5114378929138184,0.5835588784828718,0.37594591605141964,0.8119530283252064,0.43970005959272385,0.4668720933132082,0,16,0,disabled,0,0.0,50.0,alpha
236,3.5726146697998047,-5.13871431350708,-36.05946731567383,-0.03539806976914406,0.3989446759223938,0.002705514430999756,60,0,28,0.0282684788107872,0.6302521008403361,0.3,88,88,wall,both,1,1,1,1,1,1,0.0,1,1,0,alpha,full,huber,9.63739907197735,10.381071867518969,0.9649540179432128,8.472083357669646,9.826991842765828,1.6092554925707783,8.134795074527265,9.919842553246387,1.7343380622017444,113.55022923742474,0.0282684825360775,250,5.374682664871216,0.558172488881608,1.0,disabled,single,3,row_1,row_2,-0.03539806976914406,-1.3723455667495728,0.7838238503728595,0.2058683357242945,0.5634521702691214,1.3369474969804287,0.2081728947539257,0,16,0,disabled,0,0.0,50.0,alpha
240,0.41675040125846863,-0.07176896929740906,-22.34496307373047,-0.05829707533121109,0.47164762020111084,0.046599745750427246,70,0,17,0.018464835360646248,0.6329113924050632,0.3,87,87,wall,both,1,1,1,1,1,1,0.0,1,1,0,alpha,full,huber,7.639251500201737,9.990576391739893,2.539793514626637,8.227767950364514,10.177597948147156,1.8254251177266698,8.1448184931855,10.269687450959413,1.8308391902247063,140.7658638773776,0.018464835360646248,191,1.5385997295379639,1.0,1.0,disabled,single,3,row_2,row_3,-0.05829707533121109,-1.195920705795288,0.6140127120221477,0.19684015453719675,0.934388599189202,1.137623630464077,0.4294425720989674,1,17,0,disabled,0,0.0,50.0,alpha
244,1.1556025743484497,-0.5518253445625305,-27.19740867614746,-0.09015476703643799,0.5873931646347046,0.05747097730636597,66,0,21,0.012883870862424374,0.6329113924050632,0.3,87,87,wall,both,1,1,1,1,1,1,0.0,2,2,0,alpha,full,huber,6.586788430765284,10.175346855546834,1.8926336071160286,7.783378505884774,10.485302880566818,2.026371214335652,7.914277306143363,10.564745411701193,1.9328793540967828,188.72219649565335,0.012883871793746948,250,2.8314895629882812,1.0,1.0,disabled,single,3,row_2,row_3,-0.09015476703643799,-0.4403492212295532,0.5378419533573572,0.37893712560424486,0.9081879383346996,0.35019445419311523,0.5300357619356503,0,17,0,disabled,0,0.0,50.0,alpha
248,0.4019942879676819,-0.06677661836147308,-21.332687377929688,-0.15091131627559662,0.8156148791313171,0.027483105659484863,66,0,7,0.013216035440564156,0.6726457399103138,0.3,73,73,wall,both,1,1,1,1,1,1,0.0,2,2,0,alpha,full,huber,7.710139628145011,10.454889261709134,2.4682986553483612,7.59889393952574,10.671275805984594,2.190544913781209,7.687597791802183,10.800140891159367,2.0916107000276547,163.37712033152846,0.013216035440564156,250,1.1696839332580566,1.0,1.0,disabled,single,3,row_2,row_3,-0.15091131627559662,-1.4210439920425415,0.6474960344653075,0.18181323764292978,0.8931445542759433,1.2701326757669449,0.2837312935295053,0,17,0,disabled,0,0.0,50.0,alpha
252,0.3483639359474182,-0.05014770105481148,0.0,-0.46604329347610474,1.2693135738372803,0.16267162561416626,0,0,0,0.008761580102145672,0.5,0.3,0,0,wall,both,1,1,1,1,1,1,0.0,0,0,0,alpha,full,huber,5.6906273473080216,10.871988234805537,3.0257274808511916,6.767685723661379,11.162678827606292,2.852687854034239,7.0206649124918545,11.342220675970722,2.7592776274833746,195.6784705615136,0.008761580102145672,250,1.748076617717743,1.0,1.0,disabled,single,3,row_3,row_2,-0.46604329347610474,-1.0165905952453613,0.6195688635682095,0.3572645533140738,0.7515551032199445,0.5505473017692566,0.012688130698241318,1,18,0,disabled,0,0.0,50.0,alpha
256,4.773046016693115,-8.114990234375,0.0,-0.08933580666780472,0.6321867108345032,0.011313915252685547,0,0,0,0.0170335303992033,0.5,0.3,0,0,wall,both,1,1,1,1,1,1,0.0,0,0,0,alpha,full,huber,5.978988522320275,9.671784666970472,-1.696101215496308,6.477632775350173,11.106406770253601,-3.0300568745371654,6.538511821492967,11.30901077590006,-3.0958684916412977,199.02550556935725,0.0170335303992033,250,5.578226089477539,0.5378053796813714,1.0,disabled,single,3,row_3,row_2,-0.08933580666780472,-0.4502178430557251,0.5652532826511597,0.39401614364849885,0.8198081294441804,0.3608820363879204,0.481145553740724,0,18,0,disabled,0,0.0,50.0,alpha
260,0.583491325378418,-0.14068682491779327,-41.23731994628906,-0.22317859530448914,0.25573495030403137,0.22609305381774902,27,2,50,0.016658877953886986,0.6550218340611353,0.3,68,79,wall,both,1,1,1,1,1,1,0.0,12,12,0,alpha,full,huber,5.021208036777677,10.11043863164924,-1.3800926223953864,4.83162281041229,10.678801154941748,-1.3917726725290973,4.840414605884804,10.955257990600167,-1.4550904751888603,143.94745882394224,0.016658877953886986,250,1.1814029812812805,1.0,1.0,disabled,single,3,row_3,row_2,-0.1163497120141983,-1.025923728942871,0.6409574289069937,0.2581108191335862,0.8661373406986146,0.9095740169286728,0.3284425258143792,0,18,0,disabled,0,0.0,50.0,alpha
264,3.5315122604370117,-5.036807537078857,-48.140113830566406,-2.5309338569641113,2.233476161956787,0.5903280973434448,4,7,92,0.0332527682185173,0.5928853754940712,0.3,83,103,wall,both,1,1,1,1,1,1,0.0,11,11,0,alpha,full,huber,6.955133596642496,12.132882664800322,-2.0569854550193227,5.170250602536958,10.421221474010345,-1.087210299375275,5.034559991121389,10.43676723217407,-1.0794838060931662,130.6804298147864,0.0332527682185173,250,6.130882024765015,0.4893260036454517,1.0,disabled,single,3,row_2,row_3,-1.5799285173416138,-2.1821961402893066,0.5477325976410184,0.2999211432888524,0.977547900673885,0.6022676229476929,-0.9779604457069299,1,19,0,disabled,0,0.0,50.0,alpha
268,3.870340585708618,-5.876877784729004,-49.18550491333008,-0.17732179164886475,0.8521917462348938,0.06248682737350464,81,6,51,0.011745993979275227,0.5208333333333334,0.3,91,138,wall,both,1,1,1,1,1,1,0.0,13,13,0,alpha,full,huber,4.30343307814889,9.266379314502643,-1.0496669286739069,5.119846412520632,9.856300667841225,-0.8451254689776485,5.191190505677546,9.933503538721354,-0.8013003702601074,177.93042136000665,0.011745993979275227,250,4.995272397994995,0.60056784915356,1.0,disabled,single,3,row_3,row_4,-0.17732179164886475,-0.7819036841392517,0.5759934821910421,0.31466684760745894,0.9235836612055909,0.604581892490387,0.37433714234195525,1,20,0,disabled,0,0.0,50.0,alpha
272,2.8728842735290527,-3.410522222518921,-31.7747802734375,-0.016079246997833252,0.019997786730527878,0.0625910758972168,111,1,24,0.01861732266843319,0.5244755244755245,0.3,120,136,wall,both,1,1,1,1,1,1,0.0,9,9,0,alpha,full,huber,5.4199969580564895,8.526037401113399,-1.1898507851532216,5.712100289287989,8.786309601903376,-0.986775352787767,5.8953344704043715,8.901876971712337,-0.8884683758281384,150.8572852095824,0.01861732266843319,250,3.4862180948257446,0.8605313604598086,1.0,disabled,single,3,row_3,row_2,-0.016079246997833252,-0.8600650429725647,0.6043286632872511,0.25985723874955197,0.9257004218485894,0.8439857959747314,0.48755783752711535,0,20,0,disabled,0,0.0,50.0,alpha
276,2.6129868030548096,-2.821363687515259,-26.44973373413086,-0.035640615969896317,0.3883337378501892,0.022837698459625244,105,5,30,0.02540035918354988,0.5172413793103449,0.3,120,140,wall,both,1,1,1,1,1,1,0.0,10,10,0,alpha,full,huber,5.80149581113402,8.009750435401408,-1.3314065629430294,5.845305678594476,8.123833075700343,-1.1242891019067374,6.054492302339243,8.286186790601958,-1.0124283279532769,95.50090883658683,0.02540035918354988,143,2.983499050140381,1.0,1.0,disabled,single,3,row_3,row_2,-0.035640615969896317,-0.5221347212791443,0.5657177802152064,0.34779082692824437,0.9012933312006439,0.48649410530924797,0.5340193306900142,0,20,0,disabled,0,0.0,50.0,alpha
280,0.4065117835998535,-0.06828588247299194,-31.131101608276367,-0.11892586946487427,0.7311393618583679,0.005723178386688232,96,8,35,0.026099832728505135,0.5190311418685121,0.3,120,139,wall,both,1,1,1,1,1,1,0.0,10,10,0,alpha,full,huber,6.139472743765066,8.20516688995692,-1.4384946970822194,6.060060631243634,7.852835039283537,-1.2681027743897613,6.176970946642252,7.877901143868133,-1.1452219307317342,87.50246623579125,0.026099832728505135,138,0.9168480634689331,1.0,1.0,disabled,single,3,row_3,row_2,-0.11892586946487427,-0.31969717144966125,0.5201279798082857,0.42551644432345026,0.8618754467495326,0.200771301984787,0.5347545132071878,0,20,0,disabled,0,0.0,50.0,alpha
284,1.9478338956832886,-1.5677921772003174,-37.28665542602539,-0.04355236515402794,0.44150087237358093,0.007606208324432373,92,18,45,0.027078161016106606,0.49180327868852464,0.3,120,155,wall,both,1,1,1,1,1,1,0.0,13,13,0,alpha,full,huber,5.863896157948226,7.645001443204977,-1.4221165001442488,6.158853309758435,7.2063875403626385,-1.3529042679366672,6.325371703535781,7.194762637164528,-1.2438150035283688,78.06192239016647,0.027078162878751755,107,2.5052003860473633,1.0,1.0,disabled,single,3,row_3,row_2,-0.04355236515402794,-0.49172380566596985,0.5622771476393138,0.359179920082702,0.8913345282795506,0.4481714405119419,0.5322080402249001,0,20,0,disabled,0,0.0,50.0,alpha
288,1.8488954305648804,-1.4125679731369019,-35.953006744384766,-0.12109790742397308,0.7285653948783875,0.027739226818084717,95,17,57,0.029380377382040024,0.47021943573667707,0.3,120,169,wall,both,1,1,1,1,1,1,0.0,9,9,0,alpha,full,huber,5.891456716745029,6.36669987652103,-1.5964108700579511,6.173971452678178,6.579489614283177,-1.4456186159622286,6.332889493692779,6.641758101996465,-1.3504578025882643,63.26150007656434,0.029380377382040024,80,2.3197771310806274,1.0,1.0,disabled,single,3,row_3,row_2,-0.12109790742397308,-0.5179733037948608,0.553851710453046,0.3724197520541019,0.8873366506674233,0.39687539637088776,0.4697603913034377,0,20,0,disabled,0,0.0,50.0,alpha
292,2.843578815460205,-3.3412976264953613,-26.28948402404785,-0.34474852681159973,0.4895704686641693,0.26723432540893555,143,28,9,0.07545718550682068,0.45454545454545453,0.3,120,180,wall,both,1,1,1,1,1,1,0.0,15,15,0,alpha,full,huber,6.934978256209206,6.313629518917705,-0.5961495253029798,6.558404462469933,6.3215815904220385,-1.1740879913958855,6.488450007182077,6.290563481373323,-1.2571389543500002,40.956056526765096,0.07545719295740128,87,3.6458611488342285,0.8228508650032533,1.0,disabled,single,3,row_2,row_3,-0.34474852681159973,-1.1031121015548706,0.6279523023611097,0.2941531756239807,0.8509404462462027,0.7583635747432709,0.12054254024109551,1,21,0,disabled,0,0.0,50.0,alpha
296,2.165254592895508,-1.937325358390808,-30.525175094604492,-0.248701810836792,0.5494136214256287,0.2109445333480835,151,21,8,0.022209763526916504,0.45454545454545453,0.3,112,180,wall,both,1,1,1,1,1,1,0.0,14,14,0,alpha,full,huber,7.054425404590383,5.521153563356019,-0.6830422093122803,6.750438157523197,5.926208368820926,-1.1259004806803417,6.6891456678288,5.893499592252226,-1.1808107440212248,102.57348330177575,0.022209763526916504,122,2.7636947631835938,1.0,1.0,disabled,single,3,row_2,row_3,-0.1052800714969635,-0.8775590658187866,0.6419524783027978,0.2965557670664413,0.8165005363515729,0.7722789943218231,0.3379609278701325,0,21,0,disabled,0,0.0,50.0,alpha
300,0.5903606414794922,-0.14401887357234955,-31.752363204956055,-0.20274078845977783,0.9551613926887512,0.000110626220703125,114,29,23,0.011229733936488628,0.4746835443037975,0.3,109,166,wall,both,1,1,1,1,1,1,0.0,15,15,0,alpha,full,huber,6.54802601001518,5.912355946533032,-1.3296936021013417,6.605736699062152,5.63109531149558,-1.241915401788027,6.709031253869526,5.612457142380484,-1.2063426883035955,150.87171891276776,0.011229733936488628,196,1.1144790053367615,1.0,1.0,disabled,single,3,row_2,row_3,-0.20274078845977783,-0.43089550733566284,0.53893288323301,0.4289911645992705,0.8065423954351219,0.228154718875885,0.4154234482702399,0,21,0,disabled,0,0.0,50.0,alpha
304,0.532081127166748,-0.11698773503303528,-24.739099502563477,-0.20619027316570282,0.9481030106544495,0.03970569372177124,159,3,11,0.013411086983978748,0.46439628482972134,0.3,114,173,wall,both,1,1,1,1,1,1,0.0,14,14,0,alpha,full,huber,6.211264100158703,5.319919188160842,-1.0945954762143622,6.53107047894728,5.409358471871661,-1.2458332040900142,6.666648071538322,5.388764458050133,-1.2229079294970697,152.53475184971464,0.013411088846623898,213,0.9351817965507507,1.0,1.0,disabled,single,3,row_3,row_2,-0.20619027316570282,-0.4496544897556305,0.5198178857843607,0.40748915303142935,0.8964898384788473,0.24346421658992767,0.4480864752276439,1,22,0,disabled,0,0.0,50.0,alpha
308,3.742645502090454,-5.560278415679932,-39.533241271972656,-0.02084445208311081,0.29983046650886536,0.014574885368347168,101,3,51,0.04569438099861145,0.49180327868852464,0.3,108,155,wall,both,1,1,1,1,1,1,0.0,11,11,0,alpha,full,huber,5.569697946504482,5.222782589452014,-1.5482776376225016,6.405967645799168,5.105117528113615,-1.2509443994393195,6.602392815358803,5.064706721994724,-1.2316316315120808,67.94986942629899,0.04569437727332115,117,4.612631320953369,0.6503879870849812,1.0,disabled,single,3,row_3,row_2,-0.02084445208311081,-0.9477314949035645,0.6096947417941299,0.24130733398435733,0.9284034658276089,0.9268870428204536,0.47395241827350293,0,22,0,disabled,0,0.0,50.0,alpha
312,1.695260763168335,-1.1875656843185425,-24.510732650756836,-0.2098173201084137,0.9584420323371887,0.037309110164642334,129,0,11,0.029666930437088013,0.5172413793103449,0.3,120,140,wall,both,1,1,1,1,1,1,0.0,11,11,0,alpha,full,huber,6.292516214284153,4.958954415676691,-1.1033166767310663,6.497059999359042,4.812134865302218,-1.2004092821821153,6.614397038209397,4.755112629177528,-1.2117351933997758,70.15048616271172,0.029666932299733162,92,2.0307196378707886,1.0,1.0,disabled,single,3,row_3,row_2,-0.2098173201084137,-0.44727107882499695,0.515592469331721,0.4066134202199415,0.9061186830072433,0.23745375871658325,0.45262129355592684,0,22,0,disabled,0,0.0,50.0,alpha
316,2.0686135292053223,-1.7682487964630127,-37.320350646972656,-0.04165643826127052,0.2022586315870285,0.08932292461395264,112,10,8,0.034456584602594376,0.5357142857142857,0.3,120,130,wall,both,1,1,1,1,1,1,0.0,15,15,0,alpha,full,huber,7.643329295975863,4.966058972688762,-0.5338695676887815,6.760015161860669,4.514590163122157,-1.0479691469826493,6.766345880661563,4.4239982884788915,-1.1139838657971004,59.06086362227235,0.034456588327884674,83,2.6108405590057373,1.0,1.0,disabled,single,3,row_2,row_3,-0.04165643826127052,-1.269803524017334,0.685701882215939,0.20079728634054028,0.8280672396885046,1.2281470857560635,0.33565588147888425,1,23,0,disabled,0,0.0,50.0,alpha
320,2.596269369125366,-2.7853779792785645,-32.82713317871094,-0.10833003371953964,0.5501816272735596,0.10030221939086914,108,4,29,0.04756258800625801,0.5154639175257733,0.3,120,141,wall,both,1,1,1,1,1,1,0.0,11,11,0,alpha,full,huber,5.151706149609667,3.1909735517357696,-1.640144079319294,6.748637464803949,3.4757003052871367,-1.2482005269486127,7.0003042107371405,3.455810777416861,-1.1700091389231098,81.33455877347741,0.04756259545683861,143,4.577731132507324,0.6553464834787782,1.0,disabled,single,3,row_3,row_4,-0.07966181635856628,-0.5991535186767578,0.5856573854997171,0.3483623765435437,0.8600516016140326,0.5194917023181915,0.455358510413332,1,24,0,disabled,0,0.0,50.0,alpha
324,1.8299733400344849,-1.3838026523590088,-29.656957626342773,-0.255359411239624,1.0586614608764648,0.03928959369659424,103,0,39,0.017786851152777672,0.5136986301369862,0.3,120,142,wall,both,1,1,1,1,1,1,0.0,6,6,0,alpha,full,huber,6.896021584552661,3.0530796312063324,-1.4696702252973417,6.834733252491285,2.757490357544802,-1.305843973928902,7.068954842691248,2.7492551166316876,-1.2351541160363877,117.85330545426946,0.01778685301542282,164,2.2803038358688354,1.0,1.0,disabled,single,3,row_3,row_2,-0.255359411239624,-0.4627499580383301,0.5178294919477722,0.42084116202906835,0.8762269999522903,0.20739054679870605,0.4027498457940819,0,24,0,disabled,0,0.0,50.0,alpha
328,0.5514771342277527,-0.1256723254919052,-39.12957000732422,-0.0442732572555542,0.2641010880470276,0.08396118879318237,116,9,31,0.010157613083720207,0.49019607843137253,0.3,120,156,wall,both,1,1,1,1,1,1,0.0,9,9,0,alpha,full,huber,8.131606001115761,1.779951611235,-0.9696160395578786,7.766396726119808,1.1500816897997184,-1.1881943923420069,7.726845002607996,1.0633937426163622,-1.203331766804359,180.07676935945798,0.010157613083720207,250,1.5738500952720642,1.0,1.0,disabled,single,3,row_2,row_3,-0.0442732572555542,-0.724842369556427,0.6112034595143391,0.309469885137791,0.8649146087726289,0.6805691123008728,0.44805212369012887,1,25,0,disabled,0,0.0,50.0,alpha
332,0.6221606135368347,-0.15995199978351593,-33.197509765625,-0.13505564630031586,0.7732345461845398,0.023167967796325684,104,24,21,0.013355921022593975,0.5016722408026756,0.3,102,149,wall,both,1,1,1,1,1,1,0.0,11,11,0,alpha,full,huber,9.3290525744054,1.0385689078344882,-1.1666464760346225,8.126873557425075,0.6445818756981209,-1.0896261148941428,8.043534823077364,0.5508944225089389,-1.1452558133461919,200.24152144674883,0.013355921022593975,250,1.6494367718696594,1.0,1.0,disabled,single,3,row_2,row_1,-0.1334722340106964,-0.7445407509803772,0.5923303439087639,0.3214994958769783,0.8862627180542962,0.6110685169696808,0.39021855235959735,0,25,0,disabled,0,0.0,50.0,alpha
336,1.574937343597412,-1.0249701738357544,-21.95340347290039,-0.1610744595527649,0.8245434165000916,0.049477219581604004,122,0,19,0.017287515103816986,0.5154639175257733,0.3,120,141,wall,both,1,1,1,1,1,1,0.0,5,5,0,alpha,full,huber,9.98035432231028,-0.4577987263032819,-1.3207918475997034,9.304690039372037,-0.5339640792903959,-1.0433783840256945,9.006954987138197,-0.7259063886457525,-1.1080523073631987,180.9509955238357,0.017287516966462135,250,2.253806233406067,1.0,1.0,disabled,single,3,row_2,row_1,-0.15362419188022614,-0.4223194420337677,0.5494598254370991,0.4199939934614583,0.7999391870190317,0.26869525015354156,0.44519542705546167,0,25,0,disabled,0,0.0,50.0,alpha
340,0.6880629062652588,-0.1956324726343155,-25.156471252441406,-0.19450056552886963,0.9071630239486694,0.05336540937423706,124,5,21,0.017655257135629654,0.5,0.3,101,150,wall,both,1,1,1,1,1,1,0.0,7,7,0,alpha,full,huber,10.031215178705049,-0.9419212262315251,-1.3085065357370347,9.86616287779551,-0.8124780520838734,-1.0265828982921628,9.530173769718395,-0.9568456076604017,-1.0668361160920026,155.73746306747984,0.017655257135629654,250,1.2031868696212769,1.0,1.0,disabled,single,3,row_2,row_1,-0.19450056552886963,-0.4014934003353119,0.5302768241838675,0.4311285671030532,0.8247255587008332,0.20699283480644226,0.4398555334824935,0,25,0,disabled,0,0.0,50.0,alpha
344,3.883740186691284,-5.910099506378174,-29.11953353881836,-0.3695046603679657,1.2891589403152466,0.00676339864730835,100,0,33,0.05491717904806137,0.5300353356890459,0.3,120,133,wall,both,1,1,1,1,1,1,0.0,5,5,0,alpha,full,huber,7.966287842884643,-2.08834865423349,-1.3335970603738252,9.676173295030772,-1.802047710787162,-1.2307212484405885,9.828367021849465,-1.7878084802656085,-1.1662750034494216,94.12367454127475,0.05491717904806137,250,6.052134037017822,0.4956929211498833,1.0,disabled,single,3,row_3,row_2,-0.3695046603679657,-0.3725023567676544,0.48295542887433107,0.48150984292041404,0.8219991430987587,0.0029976963996887207,0.35832624898292775,1,26,0,disabled,0,0.0,50.0,alpha
348,1.4214712381362915,-0.8349506258964539,-29.191667556762695,-0.29112768173217773,1.1440528631210327,0.008141934871673584,117,2,31,0.01793590560555458,0.5,0.3,120,150,wall,both,1,1,1,1,1,1,0.0,3,3,0,alpha,full,huber,8.11636156618505,-2.9382637074830456,-1.3277209577268398,9.14007508088402,-2.488007214927764,-1.3950783211134752,9.58660522268665,-2.3770488936501755,-1.276095935612137,158.67186991949737,0.01793590560555458,250,3.6119126081466675,0.8305848799424165,1.0,disabled,single,3,row_2,row_3,-0.29112768173217773,-0.39668941497802734,0.5093351438246793,0.4583094002513679,0.8122110839254558,0.10556173324584961,0.38352136156831496,1,27,0,disabled,0,0.0,50.0,alpha
352,2.0251426696777344,-1.6947120428085327,-37.853267669677734,-0.12860170006752014,0.6451086401939392,0.09407198429107666,94,8,55,0.011620481498539448,0.4885993485342019,0.3,120,157,wall,both,1,1,1,1,1,1,0.0,6,6,0,alpha,full,huber,10.182407316059845,-3.472910735608785,-1.6372563173182526,9.351738475999328,-3.2169906344452635,-1.3111383697235077,9.572988512274586,-3.1390406277955325,-1.2943319777187667,187.85288920563895,0.011620481498539448,250,2.7449508905410767,1.0,1.0,disabled,single,3,row_2,row_1,-0.12860170006752014,-0.7033965587615967,0.6025044266417603,0.3391017309862836,0.8378586855842839,0.5747948586940765,0.3780585664535434,0,27,0,disabled,0,0.0,50.0,alpha
356,2.707324981689453,-3.028763771057129,-28.943422317504883,-0.41421452164649963,1.365234375,0.0023389458656311035,99,9,39,0.010025300085544586,0.5050505050505051,0.3,115,147,wall,both,1,1,1,1,1,1,0.0,5,5,0,alpha,full,huber,8.373159738706415,-4.367214906485122,-1.2684345348927546,9.198472813929069,-3.9622940644669034,-1.3633567355764211,9.49149618167819,-3.9234352829964196,-1.327652185768905,213.54672601985655,0.010025300085544586,250,3.702082633972168,0.8103546831911569,1.0,disabled,single,3,row_2,row_3,-0.41421452164649963,-0.49090084433555603,0.5002670495751196,0.463337500964317,0.8235263657374297,0.0766863226890564,0.27839870234339203,0,27,0,disabled,0,0.0,50.0,alpha
360,3.056297540664673,-3.8585891723632812,-28.98340606689453,-0.37731504440307617,1.0404903888702393,0.18302875757217407,106,18,24,0.010852720588445663,0.5033557046979865,0.3,120,148,wall,both,1,1,1,1,1,1,0.0,3,3,0,alpha,full,huber,8.76793568057248,-4.486459762795351,-0.5853691582130125,8.612859279672097,-4.567724860335951,-1.442614271508241,9.110988999673081,-4.482672848056467,-1.388420848118528,206.62420317514136,0.010852720588445663,250,3.3818737268447876,0.8870822042190596,1.0,disabled,single,3,row_2,row_3,-0.37731504440307617,-1.3854682445526123,0.6892540051718234,0.2515034383078559,0.7710788540177891,1.0081532001495361,-0.005169626221017354,0,27,0,disabled,0,0.0,50.0,alpha
364,0.20272861421108246,-0.016983013600111008,-34.62215805053711,-0.35181158781051636,1.1568230390548706,0.11547350883483887,109,9,27,0.009385863319039345,0.5084745762711864,0.3,120,145,wall,both,1,1,1,1,1,1,0.0,3,3,0,alpha,full,huber,8.111525254205242,-5.316924219105194,-0.9896925881347611,8.224218002870245,-4.96976543862154,-1.4491550220598088,8.688128341778214,-4.837510292917473,-1.4186257971728555,180.41011936726355,0.009385863319039345,250,1.1964350938796997,1.0,1.0,disabled,single,3,row_3,row_2,-0.35181158781051636,-0.8498456478118896,0.570544491394767,0.34673371482976145,0.8935940482752319,0.4980340600013733,0.20935253824111288,1,28,0,disabled,0,0.0,50.0,alpha
368,2.5165934562683105,-2.617042303085327,0.0,-0.0034399975556880236,0.002161140087991953,0.02902662754058838,0,0,0,0.013824437744915485,0.5,0.3,0,0,wall,both,1,1,1,1,1,1,0.0,0,0,0,alpha,full,huber,10.30599109638004,-5.573111237916613,-1.4402718251722015,8.896678836976095,-5.389511774079478,-1.259464892538822,8.834249015017761,-5.386375542516431,-1.3397114955313072,190.91060593242793,0.013824437744915485,250,3.8084616661071777,0.7877196261939673,1.0,disabled,single,3,row_2,row_1,-0.0034399975556880236,-0.9365986585617065,0.6755070556144888,0.2656832849665611,0.7837799753476153,0.9331586610060185,0.38885167905559426,1,29,0,disabled,0,0.0,50.0,alpha
372,0.7334795594215393,-0.2223108410835266,0.0,-0.18500679731369019,0.9084382057189941,0.01989579200744629,0,0,0,0.009935416281223297,0.5,0.3,0,0,wall,both,1,1,1,1,1,1,0.0,0,0,0,alpha,full,huber,7.8922711327073936,-5.632015797183131,-1.674821168846401,8.543730302488612,-5.969873927309784,-1.4101335056884836,8.751920217547882,-5.945586610829006,-1.3756979668916156,199.46325875971755,0.009935416281223297,250,1.918748915195465,1.0,1.0,disabled,single,3,row_3,row_2,-0.18500679731369019,-1.1977357864379883,0.6472750283922224,0.23510736862704443,0.8736611700613799,1.012728989124298,0.24997719496677168,1,30,0,disabled,0,0.0,50.0,alpha
376,0.7037466764450073,-0.20465263724327087,0.0,-0.050552815198898315,0.1270798295736313,0.10726696252822876,0,0,0,0.00849887728691101,0.5,0.3,0,0,wall,both,1,1,1,1,1,1,0.0,0,0,0,alpha,full,huber,10.618122455241124,-6.017462834624841,-0.7313209553179516,9.171548689001224,-7.0262738117012065,-1.373801694094442,9.086762886939864,-7.118626760587873,-1.3866756201786317,208.30355917289174,0.00849887728691101,250,2.839664578437805,1.0,1.0,disabled,single,3,row_2,row_1,-0.050552815198898315,-0.9075510501861572,0.6745540947726886,0.2863038436467897,0.7504970393724701,0.8569982349872589,0.34315059154001065,1,31,0,disabled,0,0.0,50.0,alpha
380,1.7692362070083618,-1.293469786643982,0.0,-0.2730264961719513,0.9513046741485596,0.13274157047271729,0,0,0,0.008313259109854698,0.5,0.3,0,0,wall,both,1,1,1,1,1,1,0.0,0,0,0,alpha,full,huber,9.629032116084487,-7.812764383235552,-1.3929981354072893,9.103609666891717,-7.372084859888974,-1.4392895153025707,9.11612945234691,-7.35781452442661,-1.4132908721511026,205.04699289084826,0.008313259109854698,250,2.6106468439102173,1.0,1.0,disabled,single,3,row_2,row_3,-0.2730264961719513,-1.4393653869628906,0.6907140616317602,0.21516109865593924,0.8085806916544144,1.1663388907909393,0.09700284839960038,0,31,0,disabled,0,0.0,50.0,alpha
384,3.261307716369629,-4.366878509521484,0.0,-0.609728217124939,1.656048059463501,0.00835353136062622,0,0,0,0.009500185027718544,0.5,0.3,0,0,wall,both,1,1,1,1,1,1,0.0,0,0,0,alpha,full,huber,9.24421369110117,-8.405822058883839,-1.784779794855292,9.180324854853708,-7.882581939130786,-1.465659210784809,9.178637041021254,-7.811670974321688,-1.4408353235704587,207.11937334740614,0.009500185027718544,250,4.0191566944122314,0.7464252399442031,1.0,disabled,single,3,row_2,row_3,-0.609728217124939,-1.4130853414535522,0.6570078198909867,0.29422323928726163,0.7832543117344255,0.8033571243286133,-0.18966885897817232,0,31,0,disabled,0,0.0,50.0,alpha
388,1.7234770059585571,-1.2274268865585327,0.0,-0.03477216511964798,0.19293294847011566,0.08057659864425659,0,0,0,0.015189927071332932,0.5,0.3,0,0,wall,both,1,1,1,1,1,1,0.0,0,0,0,alpha,full,huber,10.263370304254313,-7.262797052268313,-1.509941063178622,9.653742665318681,-8.234274552000379,-1.44869040952967,9.451780699425214,-8.295287107940833,-1.4468459359678962,188.7498414675634,0.015189927071332932,250,3.128145456314087,0.9590346874518164,1.0,disabled,single,3,row_2,row_1,-0.03477216511964798,-1.306640863418579,0.7102957016022567,0.19910108611178473,0.7818737361424308,1.2718686982989311,0.3073017494013818,0,31,0,disabled,0,0.0,50.0,alpha
392,0.07985389977693558,-0.0026349774561822414,0.0,-0.4369453191757202,1.3316656351089478,0.10248637199401855,0,0,0,0.008167932741343975,0.5,0.3,0,0,wall,both,1,1,1,1,1,1,0.0,0,0,0,alpha,full,huber,10.40388711262211,-8.393163599753493,-1.4574277836922525,9.893035003701964,-8.437572943438656,-1.421746230900003,9.692424665733881,-8.527092675604639,-1.4358310286591482,193.68625463795473,0.008167932741343975,250,0.9057451486587524,1.0,1.0,disabled,single,3,row_2,row_1,-0.4369453191757202,-1.7322522401809692,0.724849230181566,0.19847373100286925,0.7511203398603525,1.295306921005249,-0.11515371505166389,0,31,0,disabled,0,0.0,50.0,alpha
396,0.39937886595726013,-0.06591052561998367,0.0,-0.7658185958862305,1.8327161073684692,0.06895601749420166,0,0,0,0.006977441720664501,0.5,0.3,0,0,wall,both,1,1,1,1,1,1,0.0,0,0,0,alpha,full,huber,9.944619590925246,-8.884003720420996,-1.5405926927577838,9.878875891321409,-8.715907850662465,-1.4578191488038295,9.8025367152501,-8.74585652251578,-1.4408095279593298,206.11407688408974,0.0069774421863257885,250,0.8067281544208527,1.0,1.0,disabled,single,3,row_2,row_3,-0.7658185958862305,-2.4307823181152344,0.7461404744180207,0.1411679284670217,0.7408971814004655,1.664963722229004,-0.4729772028903848,0,31,0,disabled,0,0.0,50.0,alpha
400,0.790510356426239,-0.25822585821151733,0.0,-0.763289213180542,1.853208065032959,0.004790365695953369,0,0,0,0.009859192185103893,0.5,0.3,0,0,wall,both,1,1,1,1,1,1,0.0,0,0,0,alpha,full,huber,8.939917380361385,-8.406161892479547,-2.0120456586304636,9.735795944208663,-8.924313005706598,-1.7071091607972866,9.788876439634105,-8.98586141036862,-1.6524418496714197,202.54039529635705,0.009859192185103893,250,2.013720393180847,1.0,1.0,disabled,single,3,row_2,row_3,-0.763289213180542,-1.380621314048767,0.6215364148302802,0.3352452656487147,0.7977354580262587,0.6173321008682251,-0.2877284352755037,0,31,0,disabled,0,0.0,50.0,alpha
404,0.20203083753585815,-0.016866305842995644,0.0,-1.0144801139831543,2.136617660522461,0.0011657476425170898,0,0,0,0.008152950555086136,0.5,0.3,0,0,wall,both,1,1,1,1,1,1,0.0,0,0,0,alpha,full,huber,10.269000241330845,-9.20945354444542,-1.86583565946836,9.994575486566408,-9.525542751771459,-2.104223008351576,9.865368533236502,-9.577812060408245,-2.1575875414432835,183.15384445512416,0.008152950555086136,250,0.6511850655078888,1.0,1.0,disabled,single,3,row_2,row_1,-1.0144801139831543,-2.6883585453033447,0.7733056300853122,0.1450090161547217,0.6834206996435137,1.6738784313201904,-0.7573991871860537,0,31,0,disabled,0,0.0,50.0,alpha
408,1.6532764434814453,-1.1294723749160767,0.0,-1.327608585357666,2.2252917289733887,0.2359224557876587,0,0,0,0.012017859145998955,0.5,0.3,0,0,wall,both,1,1,1,1,1,1,0.0,0,0,0,alpha,full,huber,9.000743981448752,-8.929891593710693,-2.615311663133941,9.768384756435484,-9.571189025571446,-2.4434203999157424,9.745982210966954,-9.681121814397283,-2.442573865689602,191.74868809388562,0.012017859145998955,250,2.504935383796692,1.0,1.0,disabled,single,3,row_2,row_3,-1.327608585357666,-3.3750901222229004,0.8773868655587329,0.11323513325105702,0.40521692624725836,2.0474815368652344,-1.1968013252654068,0,31,0,disabled,0,0.0,50.0,alpha
412,1.6437060832977295,-1.1164337396621704,0.0,-1.535576343536377,2.6179373264312744,0.05546140670776367,0,0,0,0.012627627700567245,0.5,0.3,0,0,wall,both,1,1,1,1,1,1,0.0,0,0,0,alpha,full,huber,11.03001048929727,-9.565120451700587,-2.2487352415268944,9.950150748732167,-9.584829445655828,-2.4059465551600248,9.816568751124182,-9.65945301238201,-2.474049716952501,181.8908383731328,0.012627627700567245,250,2.683907628059387,1.0,1.0,disabled,single,3,row_2,row_1,-1.535576343536377,-2.9074547290802,0.7857375704301641,0.19928669598452683,0.5738363091532517,1.3718783855438232,-1.2944439213733143,0,31,1,disabled,0,0.0,50.0,alpha
416,2.6412689685821533,-2.8827693462371826,0.0,-2.3373842239379883,3.2409472465515137,0.028086841106414795,0,0,0,0.009283180348575115,0.5,0.3,0,0,wall,both,1,1,1,1,1,1,0.0,0,0,0,alpha,full,huber,9.022816123120506,-10.081999376618082,-2.1516936673945577,9.763951532565144,-9.761834138509379,-2.561662747114125,9.735960641499597,-9.753445843834328,-2.6016953128774434,216.87009507304958,0.009283180348575115,250,3.4158941507339478,0.8782473541679892,1.0,disabled,single,3,row_2,row_3,-2.3373842239379883,-3.3556511402130127,0.7084836465975469,0.2559187626867719,0.7116889303767893,1.0182669162750244,-1.9927559220947892,0,31,1,disabled,0,0.0,50.0,alpha
420,3.933656930923462,-6.033860683441162,-49.429649353027344,-2.5524659156799316,2.2744815349578857,0.586258053779602,35,0,85,0.032842110842466354,0.5555555555555556,0.3,120,120,wall,both,1,1,1,1,1,1,0.0,1,1,0,alpha,full,huber,8.515765396682022,-8.897719202507965,3.0253878415505104,9.318226244589606,-9.659304080941336,-3.0026181077794356,9.397163117667542,-9.78424091817254,-2.987429881708964,104.45750997118044,0.032842107117176056,250,5.346109390258789,0.561155745422332,1.0,disabled,single,3,row_3,row_2,-2.5524659156799316,-3.7051444053649902,0.641091871966829,0.20245027138208777,0.8986085633698445,1.1526784896850586,-2.107883409349568,1,32,0,disabled,0,0.0,50.0,alpha
424,0.3144638240337372,-0.04086260125041008,-46.186492919921875,-1.845800757408142,2.729661464691162,0.2157610058784485,34,0,62,0.01939363405108452,0.6097560975609756,0.3,96,96,wall,both,1,1,1,1,1,1,0.0,3,3,0,alpha,full,huber,9.631939189197352,-9.737154215237728,-2.5834532165177855,9.332035475768414,-9.63559885752456,-3.139336296287474,9.289780297236256,-9.721546444667265,3.1280274111539583,172.38510374695096,0.019393635913729668,250,0.9083188474178314,1.0,1.0,disabled,single,3,row_2,row_3,-1.845800757408142,-4.836953639984131,0.9337950717699357,0.046904054534248424,0.2836656193155246,2.9911528825759888,-1.7773024833412214,1,33,1,disabled,0,0.0,50.0,alpha
428,0.5819464921951294,-0.13994286954402924,-45.62054443359375,-3.144195556640625,2.9662938117980957,0.5397006273269653,23,0,97,0.03211572393774986,0.5555555555555556,0.3,120,120,wall,both,1,1,1,1,1,1,0.0,3,3,0,alpha,full,huber,8.72574250093425,-9.631329925927233,-3.0065890742012,8.882037769154861,-9.57547986592123,2.8796135317039524,8.919985420568095,-9.646262223192407,2.8638443365798762,133.5280524920512,0.032115720212459564,250,0.9442850947380066,1.0,1.0,disabled,single,3,row_2,row_3,-3.144195556640625,-4.789094924926758,0.773409805926827,0.14929283156937204,0.6805452656555525,1.6448993682861328,-2.8872493357360844,0,33,1,disabled,0,0.0,50.0,alpha
432,1.226396083831787,-0.6215072274208069,-45.178985595703125,-0.9289585947990417,1.995600700378418,0.10379832983016968,15,0,106,0.03406088426709175,0.5535055350553506,0.3,113,121,wall,both,1,1,1,1,1,1,0.0,3,3,0,alpha,full,huber,7.588248335535145,-8.997497064633347,2.340815862147652,8.07977063513998,-9.004647046658473,1.9006246711006665,8.121482894573866,-9.217567359934707,1.9782402105381554,112.99393596085373,0.03406088426709175,250,1.9984149932861328,1.0,1.0,disabled,single,3,row_3,row_4,-0.9289585947990417,-1.8098938465118408,0.6753760358110148,0.2798725648781474,0.7604971337733023,0.8809352517127991,-0.5364729416627492,1,34,0,disabled,0,0.0,50.0,alpha
436,4.3725738525390625,-7.122084140777588,-44.30311584472656,-1.1345664262771606,2.258488178253174,0.016131937503814697,21,0,111,0.01186302024871111,0.5319148936170213,0.3,105,132,wall,both,1,1,1,1,1,1,0.0,5,5,0,alpha,full,huber,7.598592522229189,-9.26297494002137,2.061015929569418,7.551024046151582,-8.331834483245864,1.618919508813847,7.610111862047005,-8.250734476977904,1.553055184517099,188.8454117482153,0.011863021180033684,250,5.811728477478027,0.5161975497695371,1.0,disabled,single,3,row_3,row_4,-1.1345664262771606,-2.003105401992798,0.6376070213701025,0.26751701288565033,0.8631352015166672,0.8685389757156372,-0.6845332868968795,0,34,0,disabled,0,0.0,50.0,alpha
440,2.100975751876831,-1.8240079879760742,-32.115325927734375,-0.12019659578800201,0.7354450821876526,0.0005324482917785645,62,1,67,0.011245068162679672,0.5357142857142857,0.3,120,130,wall,both,1,1,1,1,1,1,0.0,7,7,0,alpha,full,huber,6.438432830625005,-7.057894056627844,1.913786169323311,7.223117842052713,-7.394916439524602,1.7419214110730281,7.426613407730359,-7.259304435024874,1.650378124397962,191.44681575385712,0.011245068162679672,250,2.1854469776153564,1.0,1.0,disabled,single,3,row_3,row_4,-0.12019659578800201,-0.25696447491645813,0.5176402151049478,0.45147163924878764,0.807292501733627,0.13676787912845612,0.5382782476914362,0,34,0,disabled,0,0.0,50.0,alpha
444,0.9468778371810913,-0.37048664689064026,-32.04658889770508,-0.14572365581989288,0.8091164231300354,0.007693052291870117,94,4,63,0.024360209703445435,0.48231511254019294,0.3,120,161,wall,both,1,1,1,1,1,1,0.0,6,6,0,alpha,full,huber,6.233024279265709,-6.3212091363080045,1.7907022392105336,6.615975915303737,-6.676821790878549,1.8130246469428843,6.994667769430983,-6.634184544744786,1.72181847205185,125.00023210201437,0.024360213428735733,250,2.11352002620697,1.0,1.0,disabled,single,3,row_3,row_4,-0.14572365581989288,-0.26905155181884766,0.5121384616890919,0.45271696345071627,0.8191495887038794,0.12332789599895477,0.5234366016966376,0,34,0,disabled,0,0.0,50.0,alpha
448,3.2674753665924072,-4.382170677185059,-28.975391387939453,-0.2081465721130371,0.9671311974525452,0.008467316627502441,95,16,40,0.01220704335719347,0.4983388704318937,0.3,120,151,wall,both,1,1,1,1,1,1,0.0,8,8,0,alpha,full,huber,6.006960697551334,-5.6205313508936,1.7968070899192048,6.112345121553616,-6.094188716790085,1.8796776529941932,6.513183080553862,-6.099216637048148,1.7914988188347305,171.98642921776818,0.01220704335719347,250,3.812296748161316,0.7869271985311507,1.0,disabled,single,3,row_3,row_4,-0.2081465721130371,-0.3289602994918823,0.5119411775318324,0.45368176922917275,0.8172027820188669,0.12081372737884521,0.46139897606282154,0,34,0,disabled,0,0.0,50.0,alpha
452,1.1007122993469238,-0.5006477236747742,-29.25159454345703,-0.15889331698417664,0.8256574869155884,0.04258549213409424,120,29,20,0.026110542938113213,0.47021943573667707,0.3,120,169,wall,both,1,1,1,1,1,1,0.0,7,7,0,alpha,full,huber,6.068115420758086,-4.427773032699665,1.9100777934479458,5.89090165262837,-4.837788646158108,1.8344666760483885,6.07925426780402,-4.921214113769762,1.8074477102504751,95.62843502030512,0.026110544800758362,143,1.7959314584732056,1.0,1.0,disabled,single,3,row_3,row_4,-0.15889331698417664,-0.4353335499763489,0.5460432996252259,0.4141623484419816,0.8237684837398299,0.27644023299217224,0.44616368605449475,0,34,0,disabled,0,0.0,50.0,alpha
456,1.9889464378356934,-1.6346726417541504,-29.043582916259766,-0.15655802190303802,0.8149924874305725,0.0468403697013855,105,25,37,0.03459575027227402,0.47318611987381703,0.3,120,167,wall,both,1,1,1,1,1,1,0.0,10,10,0,alpha,full,huber,6.082996866241023,-4.51835058435174,1.9244721127065691,5.837344888683773,-4.3481807220836775,1.8459410699010026,5.8884477640899,-4.34506070564357,1.8433878372852819,67.81178506941156,0.034595753997564316,87,2.362308979034424,1.0,1.0,disabled,single,3,row_3,row_4,-0.15655802190303802,-0.43639877438545227,0.5475032550491192,0.4138599594839691,0.8206341934731958,0.27984075248241425,0.4458288501109213,0,34,0,disabled,0,0.0,50.0,alpha
460,0.4313136339187622,-0.07687249779701233,-33.94099807739258,-0.11441442370414734,0.6281000375747681,0.0809485912322998,121,11,30,0.031866028904914856,0.4807692307692307,0.3,120,162,wall,both,1,1,1,1,1,1,0.0,9,9,0,alpha,full,huber,5.006554521742769,-3.5219935811668783,2.2615805005212595,5.642603573410702,-3.96057057173388,1.9238624159714013,5.717120028979794,-3.979660162221972,1.8798305500185934,69.12478787026623,0.031866028904914856,92,1.223588466644287,1.0,1.0,disabled,single,3,row_4,row_3,-0.11441442370414734,-0.8395353555679321,0.6142396655462536,0.2974553872414452,0.8743365287846994,0.7251209318637848,0.37295566852575845,1,35,0,disabled,0,0.0,50.0,alpha
464,3.803468942642212,-5.711080551147461,-26.345478057861328,-0.12256038933992386,0.6909056305885315,0.06354689598083496,112,3,18,0.05052851513028145,0.5300353356890459,0.3,120,133,wall,both,1,1,1,1,1,1,0.0,9,9,0,alpha,full,huber,6.187251339573784,-4.088311612098908,1.9756091039778116,5.709383032320952,-3.6287947699112415,1.8583695507829197,5.648056286179391,-3.600021990340364,1.8745251836657095,64.27921077263784,0.05052851513028145,112,4.654061555862427,0.6445982641164447,1.0,disabled,single,3,row_3,row_4,-0.12256038933992386,-0.5700700283050537,0.5748760495081057,0.3674711501292315,0.850632755365011,0.44750963896512985,0.4310404381554278,1,36,0,disabled,0,0.0,50.0,alpha
468,0.5979510545730591,-0.14774605631828308,-17.966434478759766,-0.1884920746088028,0.9147768616676331,0.02491050958633423,109,0,18,0.02703741565346718,0.5415162454873647,0.3,120,127,wall,both,1,1,1,1,1,1,0.0,6,6,0,alpha,full,huber,5.917033548815654,-3.495600008641555,1.9152972393301244,5.751815848406536,-3.3377782806583327,1.832073775850818,5.635579778816812,-3.263568879584395,1.859188839777003,82.76721342078125,0.027037417516112328,107,1.0289386510849,1.0,1.0,disabled,single,3,row_3,row_4,-0.1884920746088028,-0.506111741065979,0.549266302074178,0.399799721303199,0.8472798464189178,0.3176196664571762,0.41067981294064915,0,36,0,disabled,0,0.0,50.0,alpha
472,0.9160314202308655,-0.3467411398887634,-16.669422149658203,-0.21372118592262268,0.9742106199264526,0.0262528657913208,113,0,15,0.035315971821546555,0.539568345323741,0.3,120,128,wall,both,1,1,1,1,1,1,0.0,8,8,0,alpha,full,huber,5.8468685910763725,-3.410811815682957,1.921270579288616,5.738760351728082,-3.1075756981100655,1.8529426035126646,5.643793205622313,-3.039356343293345,1.8605522639916323,59.350990323616315,0.035315971821546555,80,1.2814740538597107,1.0,1.0,disabled,single,3,row_3,row_4,-0.21372118592262268,-0.4774074852466583,0.5388840744484645,0.41397855510409154,0.8422623885526236,0.26368629932403564,0.40453362051727204,0,36,0,disabled,0,0.0,50.0,alpha
476,2.4243407249450684,-2.4286892414093018,-23.610336303710938,-0.23883028328418732,1.0350922346115112,0.01344531774520874,112,2,21,0.032478854060173035,0.5263157894736842,0.3,120,135,wall,both,1,1,1,1,1,1,0.0,9,9,0,alpha,full,huber,5.749370375889506,-3.1129271089215953,1.8557929247439429,5.7294797766721866,-2.6845223348025535,1.8228974244244667,5.607713936099337,-2.5972291370610545,1.8470950313315537,60.379564626932904,0.032478854060173035,80,2.727405548095703,1.0,1.0,disabled,single,3,row_3,row_4,-0.23883028328418732,-0.4711515009403229,0.533639849780018,0.42301174945666953,0.8351327626025089,0.23232121765613556,0.3892038228879874,0,36,0,disabled,0,0.0,50.0,alpha
480,6.610256671905518,-12.670058250427246,-26.30841064453125,-0.2204398214817047,0.9392077922821045,0.07734143733978271,114,0,13,0.020531291142106056,0.5415162454873647,0.3,120,127,wall,both,1,1,1,1,1,1,0.0,7,7,0,alpha,full,huber,5.156050591496207,-2.2513437934895197,1.725935747091282,5.3934506024404305,-2.09752653033337,1.8986761131931913,5.408686132759456,-2.0232877594633747,1.8795800265199452,89.86515998707264,0.020531293004751205,117,7.011094570159912,0.42789324405469753,1.0,disabled,single,3,row_4,row_3,-0.2204398214817047,-0.425985723733902,0.5266809604462702,0.4288250705521757,0.8392588728578126,0.20554590225219727,0.4207204804279602,1,37,0,disabled,0,0.0,50.0,alpha
484,4.978541851043701,-8.624484062194824,-23.079578399658203,-0.17240135371685028,0.8805510401725769,0.004872024059295654,112,4,16,0.04378287121653557,0.5319148936170213,0.3,120,132,wall,both,1,1,1,1,1,1,0.0,8,8,0,alpha,full,huber,5.639781646052931,-2.1153805194832964,1.8572196241255101,5.514245984904083,-1.8370894814478584,1.829899671229979,5.415305294181444,-1.7854780965032337,1.8476925281821988,53.62832641402863,0.04378287121653557,87,5.4579668045043945,0.5496552301351734,1.0,disabled,single,3,row_3,row_4,-0.17240135371685028,-0.44651100039482117,0.5463274457015,0.41534473689477486,0.8202254074288602,0.2741096466779709,0.43213541187698223,1,38,0,disabled,0,0.0,50.0,alpha
488,0.9622358083724976,-0.38260239362716675,-21.674598693847656,-0.1990426778793335,0.9462295174598694,0.004313826560974121,105,10,15,0.02919362299144268,0.5357142857142857,0.3,120,130,wall,both,1,1,1,1,1,1,0.0,11,11,0,alpha,full,huber,5.474000892467127,-1.881282919733374,1.8630530784786856,5.417599425186417,-1.589959264108663,1.83731645475126,5.357987402424358,-1.4819987589226604,1.8552275686687958,73.62054967301631,0.02919362299144268,107,1.362905502319336,1.0,1.0,disabled,single,3,row_3,row_4,-0.1990426778793335,-0.3571973443031311,0.5225639040357061,0.44612207008405425,0.8077032844988684,0.1581546664237976,0.44996532036785086,0,38,0,disabled,0,0.0,50.0,alpha
492,1.5634064674377441,-1.0100164413452148,-32.98122787475586,-0.17875508964061737,0.8963711857795715,0.007064461708068848,108,26,20,0.03074013441801071,0.49342105263157904,0.3,120,154,wall,both,1,1,1,1,1,1,0.0,9,9,0,alpha,full,huber,5.316066147595677,-1.0426433063787375,1.8511814244694014,5.224240740661396,-0.5655591876775068,1.7584008996676863,5.118061792727939,-0.43186015189779925,1.7845128735177642,70.11439608057152,0.03074013441801071,92,2.078997254371643,1.0,1.0,disabled,single,3,row_3,row_4,-0.17875508964061737,-0.4756317734718323,0.5567789018288525,0.4137622496429124,0.7950081055624443,0.2968766838312149,0.40683197286958883,0,38,0,disabled,0,0.0,50.0,alpha
496,2.9371368885040283,-3.56478214263916,-35.41778564453125,-0.19232651591300964,0.9302991628646851,0.0008348822593688965,114,12,28,0.030748939141631126,0.49342105263157904,0.3,120,154,wall,both,1,1,1,1,1,1,0.0,5,5,0,alpha,full,huber,4.547383103101811,1.241554218204708,1.7895666008066469,4.453763468811518,1.550879232029803,1.8159721300455007,4.5350474072073155,1.7154057182066837,1.7872148448618947,61.11590394950158,0.030748939141631126,80,3.4316169023513794,0.8742234594847603,1.0,disabled,single,3,row_4,row_3,-0.19232651591300964,-0.6553103923797607,0.5793490143841178,0.3646438806045647,0.8455309179641516,0.4629838764667511,0.35352367887179803,1,39,0,disabled,0,0.0,50.0,alpha
500,2.26468563079834,-2.1193392276763916,-27.11577606201172,-0.17385561764240265,0.8844448924064636,0.002419114112854004,107,12,16,0.0210966058075428,0.5263157894736842,0.3,120,135,wall,both,1,1,1,1,1,1,0.0,3,3,0,alpha,full,huber,4.732642813048677,3.8446298660815734,1.8968203486798005,4.3734783576093434,4.139546991392944,1.743110006529881,4.178395734265546,4.182205915361856,1.7729416164567713,94.40387897032501,0.0210966095328331,133,3.25935959815979,0.9204262093982442,1.0,disabled,single,3,row_3,row_4,-0.17385561764240265,-0.42778778076171875,0.5301898470950166,0.4112918177275158,0.8679286227850587,0.2539321631193161,0.46066451686654186,1,40,0,disabled,0,0.0,50.0,alpha
504,1.082686185836792,-0.48438405990600586,-30.100936889648438,-0.10031776875257492,0.6718834638595581,0.00037276744842529297,107,5,30,0.0093606598675251,0.5136986301369862,0.3,120,142,wall,both,1,1,1,1,1,1,0.0,3,3,0,alpha,full,huber,4.610864290722811,5.062749860721808,1.7369507603030865,4.496321383097675,4.932517879552864,1.7165770988333862,4.266692717762481,4.902166744980624,1.7526744881521044,184.88564782614284,0.0093606598675251,250,1.6381962299346924,1.0,1.0,disabled,single,3,row_3,row_4,-0.10031776875257492,-0.5573958158493042,0.5630100171687639,0.35645905244982506,0.8939924295918409,0.4570780470967293,0.47414008976367306,0,40,0,disabled,0,0.0,50.0,alpha
508,1.5140469074249268,-0.9472472071647644,-36.172447204589844,-0.08295080065727234,0.5455514192581177,0.0641782283782959,87,9,48,0.011628441512584686,0.5102040816326531,0.3,103,144,wall,both,1,1,1,1,1,1,0.0,6,6,0,alpha,full,huber,4.6292431232504665,5.626043819887786,1.4040430185920405,4.594194591183885,6.009305200283661,1.650870970917508,4.3193854967255465,6.059606491699821,1.700286235778976,188.53776038127998,0.011628441512584686,250,2.1339073181152344,1.0,1.0,disabled,single,3,row_3,row_4,-0.08295080065727234,-0.7890262603759766,0.6014466208323148,0.29686049906380524,0.8987703459775562,0.7060754597187042,0.42546669026898454,0,40,0,disabled,0,0.0,50.0,alpha
512,2.520481586456299,-2.6251354217529297,-39.59800338745117,-0.4378807544708252,0.9719777703285217,0.23631525039672852,110,18,30,0.014231467619538307,0.48701298701298706,0.3,118,158,wall,both,1,1,1,1,1,1,0.0,4,4,0,alpha,full,huber,6.494556269245824,6.069693009719778,1.0952294417131831,4.793992801711069,6.600450207481633,1.6596912378965711,4.508216128634446,6.702271960140352,1.7065051631431114,175.61220842416003,0.014231467619538307,250,3.5229841470718384,0.8515508088486513,1.0,disabled,single,3,row_2,row_3,-0.2877956032752991,-0.4302227795124054,0.5189162229210639,0.450030461955854,0.8075566775839387,0.14242717623710632,0.36821722576121885,1,41,0,disabled,0,0.0,50.0,alpha
516,0.8837078809738159,-0.3227023482322693,0.0,-0.06469334661960602,0.2634248435497284,0.10987186431884766,0,0,0,0.009017975069582462,0.5,0.3,0,0,wall,both,1,1,1,1,1,1,0.0,0,0,0,alpha,full,huber,2.5554799435307753,6.9642663159884615,1.9862028133581422,4.067933262163896,7.816510719584995,1.7959266236691924,4.199349051747628,7.909166937894802,1.7544093759286383,206.19256407861818,0.009017975069582462,250,2.743424415588379,1.0,1.0,disabled,single,3,row_4,row_3,-0.06133567541837692,-1.5646984577178955,0.7097783970636102,0.1578412880571671,0.8023979936419421,1.5033627822995186,0.2814667990588052,1,42,0,disabled,0,0.0,50.0,alpha
520,1.3565610647201538,-0.7604371309280396,0.0,-0.049565065652132034,0.4593161642551422,0.025636374950408936,0,0,0,0.010242052376270294,0.5,0.3,0,0,wall,both,1,1,1,1,1,1,0.0,0,0,0,alpha,full,huber,2.367336425321834,7.121554733228961,1.7492362427581343,3.5313255776677765,7.867474046218817,1.9134453919969083,3.849324150632467,7.974549677677026,1.8339979955079873,198.33726061027795,0.010242053307592869,250,2.9885929822921753,1.0,1.0,disabled,single,3,row_4,row_5,-0.049565065652132034,-1.5018086433410645,0.7140834706222344,0.16712738121880963,0.792531216164561,1.4522435776889324,0.2871903521899702,0,42,0,disabled,0,0.0,50.0,alpha
524,0.6967288851737976,-0.20059138536453247,0.0,-0.02947753481566906,0.36420807242393494,0.0002751946449279785,0,0,0,0.0074295238591730595,0.5,0.3,0,0,wall,both,1,1,1,1,1,1,0.0,0,0,0,alpha,full,huber,2.4217457860228717,8.00849097994095,2.343358983418801,2.8692844574866476,8.433880856115945,2.0638944500837217,3.2548636435026825,8.591818187127512,1.9496037096827408,194.24924124748327,0.0074295238591730595,250,1.65994393825531,1.0,1.0,disabled,single,3,row_4,row_5,-0.02947753481566906,-1.747633695602417,0.7669833239748529,0.13759421720091722,0.7005733933743623,1.718156160786748,0.2358126849197253,0,42,0,disabled,0,0.0,50.0,alpha
528,2.7593421936035156,-3.146268367767334,0.0,-0.14239928126335144,0.8004048466682434,0.002846360206604004,0,0,0,0.01862565241754055,0.5,0.3,0,0,wall,both,1,1,1,1,1,1,0.0,0,0,0,alpha,full,huber,4.595543119156472,8.676006943876567,1.5205911472072975,2.953171254193827,8.720702634832367,2.0448312235062924,3.031425119547799,8.838639220403053,1.9975683411937393,186.0654622423401,0.01862565241754055,250,3.824095606803894,0.7844992145756896,1.0,disabled,single,3,row_3,row_4,-0.14239928126335144,-0.744390070438385,0.5682581410127148,0.3112464368737465,0.9394310432412308,0.6019907891750336,0.42278020862555343,1,43,0,disabled,0,0.0,50.0,alpha
532,0.8388404250144958,-0.29076582193374634,0.0,-0.014009530656039715,0.23803581297397614,0.01864016056060791,0,0,0,0.013389531522989273,0.5,0.3,0,0,wall,both,1,1,1,1,1,1,0.0,0,0,0,alpha,full,huber,5.616905914573515,9.364984506570618,1.4026768454656366,3.4058835461065984,9.137690052558698,1.881164866659898,3.136817645387482,9.16813630029131,1.9394159256363768,188.55792721590535,0.013389531522989273,250,3.623265504837036,0.8279823810855206,1.0,disabled,single,3,row_3,row_2,-0.014009530656039715,-0.6963121891021729,0.6113968839488737,0.3090316362719645,0.8651155278217285,0.6823026584461331,0.47799943546580886,0,43,0,disabled,0,0.0,50.0,alpha
536,1.510441780090332,-0.9427414536476135,0.0,-0.21739989519119263,0.6574853658676147,0.17241621017456055,0,0,0,0.009381614625453949,0.5,0.3,0,0,wall,both,1,1,1,1,1,1,0.0,0,0,0,alpha,full,huber,4.172646533062841,10.020417223738205,1.8513022779144954,3.290265961151713,9.479574354223338,1.8828782282992278,3.164046674485034,9.451989448625225,1.9104623981475086,210.59732467337204,0.009381614625453949,250,2.6683119535446167,1.0,1.0,disabled,single,3,row_3,row_4,-0.21739989519119263,-1.2108137607574463,0.6455427984365065,0.2390511737905023,0.8738275666477291,0.9934138655662537,0.22026387293454652,0,43,0,disabled,0,0.0,50.0,alpha
540,0.28586769104003906,-0.03376873582601547,0.0,-0.06554333120584488,0.5312764644622803,0.026285290718078613,0,0,0,0.009293586947023869,0.5,0.3,0,0,wall,both,1,1,1,1,1,1,0.0,0,0,0,alpha,full,huber,4.851249414500913,9.21058969480332,1.8258470440574683,3.564175318531876,9.765489439648174,1.867415654620269,3.309266448653996,9.763947617545625,1.8905495134958699,211.57185990254564,0.009293586947023869,250,2.2393035888671875,1.0,1.0,disabled,single,3,row_3,row_4,-0.06554333120584488,-1.1734884977340698,0.6130396019493894,0.20244826467678237,0.9351736773146857,1.107945166528225,0.42378241042045234,0,43,0,disabled,0,0.0,50.0,alpha
544,0.6519100666046143,-0.1756143569946289,0.0,-0.507596492767334,1.5113518238067627,8.344650268554688e-07,0,0,0,0.007576085161417723,0.5,0.3,0,0,wall,both,1,1,1,1,1,1,0.0,0,0,0,alpha,full,huber,1.924316752197711,10.291698275222766,2.3212001772971167,2.7544960505205287,10.012803102767606,2.013175621586166,2.9916128973831007,10.009989573453911,1.9633421454599924,176.35686067837588,0.007576086092740297,250,1.55781888961792,1.0,1.0,disabled,single,3,row_4,row_3,-0.507596492767334,-1.8977673053741455,0.6747351511356919,0.16803115902306118,0.8560516072375361,1.3901708126068115,-0.1141614589731278,1,44,0,disabled,0,0.0,50.0,alpha
548,1.0150196552276611,-0.42572927474975586,0.0,-0.8056427836418152,1.8613395690917969,0.09356856346130371,0,0,0,0.006974485237151384,0.5,0.3,0,0,wall,both,1,1,1,1,1,1,0.0,0,0,0,alpha,full,huber,3.438255454371728,11.182040263398155,2.011269397385089,2.5991969320678594,10.322439518675782,2.104075348041912,2.7455235320329248,10.286691079128758,2.0698266516412547,221.8959756949043,0.006974485237151384,250,1.8561503291130066,1.0,1.0,disabled,single,3,row_3,row_4,-0.8056427836418152,-1.6189119815826416,0.6573268873918626,0.2914627593234711,0.7873126207625893,0.8132691979408264,-0.3860689449070763,1,45,0,disabled,0,0.0,50.0,alpha
552,1.3421233892440796,-0.7443368434906006,-26.534780502319336,-0.4169543385505676,1.3696529865264893,0.004335522651672363,75,0,4,0.015846610069274902,0.6550218340611353,0.3,79,79,wall,both,1,1,1,1,1,1,0.0,1,1,0,alpha,full,huber,2.9940952852474627,9.904424166547132,2.2267476265296615,2.168674806011588,10.263714392606381,2.3023081123076397,2.376921001391859,10.422306740587803,2.2376662760163857,158.3858353696007,0.01584661193192005,250,1.6505843997001648,1.0,1.0,disabled,single,3,row_4,row_3,-0.4169543385505676,-0.7478624582290649,0.5571582378530794,0.4001906943601255,0.826936925246197,0.3309081196784973,0.16795165134723156,1,46,0,disabled,0,0.0,50.0,alpha
556,0.4593246579170227,-0.0871814712882042,0.0,-1.6893404722213745,2.756385326385498,0.015428662300109863,0,0,0,0.006537165027111769,0.5,0.3,0,0,wall,both,1,1,1,1,1,1,0.0,0,0,0,alpha,full,huber,2.1118503184459048,11.557809966218466,2.4957886763158825,1.701904982299483,11.179164170981679,2.753670192096641,1.7092884881459531,11.220115806698617,2.791470736835291,208.33819144718404,0.006537165492773056,250,1.267029047012329,1.0,1.0,disabled,single,3,row_4,row_3,-1.6893404722213745,-2.217235565185547,0.5801632689943604,0.34220653874175266,0.8812365999568406,0.5278950929641724,-1.1448947554326383,0,46,1,disabled,0,0.0,50.0,alpha
560,2.09393048286438,-1.8117954730987549,-46.544151306152344,-2.8204267024993896,3.5625617504119873,0.0020092129707336426,30,0,54,0.02491016313433647,0.641025641025641,0.3,83,84,wall,both,1,1,1,1,1,1,0.0,3,3,0,alpha,full,huber,2.813885935792241,12.881208492784468,2.3839077148170054,1.3686102318009787,11.74989995377084,-2.903464990235994,1.1216575376399307,11.637388942339157,-2.7740181302026423,128.05860067157187,0.02491016313433647,250,4.120793342590332,0.7280151540223075,1.0,disabled,single,3,row_3,row_4,-2.8204267024993896,-3.786287784576416,0.7044463311799304,0.2681512176495607,0.6983096774453248,0.9658610820770264,-2.47008357193985,1,47,1,disabled,0,0.0,50.0,alpha
564,0.13622890412807465,-0.007668724749237299,-47.402061462402344,-2.4384162425994873,3.2608296871185303,0.13602811098098755,11,0,109,0.01387227512896061,0.5555555555555556,0.3,120,120,wall,both,1,1,1,1,1,1,0.0,2,2,0,alpha,full,huber,0.37823984055404897,11.733620408064361,-1.9471430884599321,0.7412756922945147,11.533525143552342,-2.3003985352234837,0.6989285120499257,11.495912335598774,-2.2754765530853818,127.85055459947475,0.01387227512896061,250,0.8928997814655304,1.0,1.0,disabled,single,3,row_5,row_4,-2.4384162425994873,-3.954174518585205,0.7588303553956502,0.16667069271461443,0.7015210787188051,1.5157582759857178,-2.1624392053530785,1,48,1,disabled,0,0.0,50.0,alpha
568,3.3679511547088623,-4.631283760070801,-49.30138397216797,-4.657896995544434,3.485205888748169,0.6927239894866943,5,0,101,0.026555553078651428,0.5859375,0.3,99,106,wall,both,1,1,1,1,1,1,0.0,10,10,0,alpha,full,huber,1.1575874314113306,12.133873239911976,-2.7048188117557572,0.36347557012507226,11.088683175632397,-1.4396746951338661,0.25552621281616583,10.968095577017715,-1.411184693982453,115.56314999299447,0.026555553078651428,250,4.998024940490723,0.6002371007987507,1.0,disabled,single,3,row_4,row_3,-4.657896995544434,-5.404345512390137,0.5208318125013975,0.24689882963357493,1.0241897179130368,0.7464485168457031,-4.005568889503163,1,49,1,disabled,0,0.0,50.0,alpha
572,3.355070114135742,-4.5993475914001465,-46.664894104003906,-0.464120477437973,1.4450455904006958,0.00458073616027832,39,0,79,0.03029223158955574,0.5597014925373135,0.3,104,118,wall,both,1,1,1,1,1,1,0.0,12,12,0,alpha,full,huber,1.4871813525084312,10.06991809512688,-0.91744528934953,0.591739888970086,10.499849591464367,-1.170630067227051,0.44125000472662457,10.624537598857671,-1.2187873197833035,92.25925288134813,0.03029223158955574,250,4.759833335876465,0.6302741689268805,1.0,disabled,single,3,row_4,row_5,-0.464120477437973,-1.3386507034301758,0.6451873768265876,0.26908049030864506,0.8465678048075576,0.8745302259922028,-0.02590597977059289,0,49,0,disabled,0,0.0,50.0,alpha
576,0.5455520749092102,-0.12298639118671417,-35.5556755065918,-0.5324041247367859,1.5478373765945435,0.0009908080101013184,44,0,62,0.02590613253414631,0.5859375,0.3,96,106,wall,both,1,1,1,1,1,1,0.0,12,12,0,alpha,full,huber,0.760754955360749,9.612660472577666,-1.374933395183583,1.008845927122282,9.831034680695932,-1.0111272414454742,0.8034136009009964,10.014434193727084,-1.0680321524716718,135.7669690731098,0.025906134396791458,250,0.8276861906051636,1.0,1.0,disabled,single,3,row_5,row_4,-0.5324041247367859,-0.6849554181098938,0.508048808318538,0.4361674498722943,0.8669472537590382,0.1525512933731079,0.14477363191499504,1,50,0,disabled,0,0.0,50.0,alpha
580,1.9941158294677734,-1.6431809663772583,-40.284976959228516,-0.09564279019832611,0.5813426971435547,0.07093995809555054,52,0,56,0.016039028763771057,0.5813953488372093,0.3,88,108,wall,both,1,1,1,1,1,1,0.0,10,10,0,alpha,full,huber,-0.17655548192146453,9.107416738824135,-1.0405190992428146,0.8389496377964982,9.436739001469862,-1.1649491440275759,0.8993510951299835,9.583433671956069,-1.10223715784061,153.39003313150667,0.016039028763771057,250,3.3094249963760376,0.9065018857611605,1.0,disabled,single,3,row_5,row_4,-0.09564279019832611,-1.258055329322815,0.629788567365185,0.19695427921036834,0.9149201817314419,1.1624125391244888,0.36672833308383407,0,50,0,disabled,0,0.0,50.0,alpha
584,1.3475518226623535,-0.7503702044487,-42.46135330200195,-0.18879105150699615,0.895391047000885,0.05103260278701782,25,3,115,0.010836937464773655,0.5119453924914675,0.3,120,143,wall,both,1,1,1,1,1,1,0.0,12,12,0,alpha,full,huber,2.302544311609691,9.689382633975935,-0.5008422811149273,1.204274424717447,9.227772853326973,-1.0707132065372094,1.1449552734231205,9.221583378285633,-1.0720791117303818,200.9357776680014,0.010836937464773655,250,2.1034642457962036,1.0,1.0,disabled,single,3,row_4,row_3,-0.18879105150699615,-1.429743766784668,0.7206729465256294,0.2083527815545725,0.750634797778652,1.2409527152776718,0.13877880402420584,1,51,0,disabled,0,0.0,50.0,alpha
588,2.151898145675659,-1.9134982824325562,-31.30524444580078,-0.22019565105438232,0.9794641733169556,0.04143249988555908,77,1,51,0.010814624838531017,0.5376344086021506,0.3,120,129,wall,both,1,1,1,1,1,1,0.0,13,13,0,alpha,full,huber,0.6448004686388036,8.371356768550374,-1.1305855671715372,1.0607013966497083,8.492379159341992,-1.2141830552206074,1.2640215392903484,8.561017351487383,-1.1402280158224207,172.70576038234245,0.010814625769853592,250,2.748687267303467,1.0,1.0,disabled,single,3,row_5,row_4,-0.22019565105438232,-0.574781596660614,0.5383610873950344,0.3776408288156238,0.9091781315892027,0.3545859456062317,0.3990301267354768,1,52,0,disabled,0,0.0,50.0,alpha
592,3.2166786193847656,-4.256227970123291,-34.4517707824707,-0.18912991881370544,0.90632164478302,0.040188729763031006,84,1,62,0.01085768360644579,0.5050505050505051,0.3,120,147,wall,both,1,1,1,1,1,1,0.0,13,13,0,alpha,full,huber,0.6019557603325016,8.167152118313671,-1.1349843936337347,1.027497189692785,7.987039361964002,-1.2331711242648173,1.2637639087791108,8.0171108310195,-1.1794307659206615,200.29601373396147,0.01085768360644579,250,3.765266180038452,0.7967564194809098,1.0,disabled,single,3,row_5,row_4,-0.18912991881370544,-0.6533451080322266,0.5579086976423483,0.3507171771216384,0.9116852759191396,0.4642151892185211,0.39443003547190325,0,52,0,disabled,0,0.0,50.0,alpha
596,4.704547882080078,-7.945160388946533,-31.938400268554688,-0.2699715495109558,1.061967372894287,0.06886190176010132,93,6,42,0.014028999023139477,0.5154639175257733,0.3,113,141,wall,both,1,1,1,1,1,1,0.0,10,10,0,alpha,full,huber,0.8051779353625643,7.810464848579821,-1.162796654819644,0.9918319441287753,7.435606056194255,-1.300849971672459,1.2230672211553757,7.495487709979438,-1.231110343020784,150.22045492147146,0.014028999023139477,202,5.028594255447388,0.5965882009172151,1.0,disabled,single,3,row_5,row_4,-0.2550240457057953,-0.6527461409568787,0.5530693759995823,0.3715789477284261,0.8902567871866557,0.3977220952510834,0.3372477857355589,0,52,0,disabled,0,0.0,50.0,alpha
600,3.5962634086608887,-5.197347164154053,-33.234561920166016,-0.26850688457489014,0.9969006180763245,0.10805881023406982,98,15,35,0.028127169236540794,0.5033557046979865,0.3,118,148,wall,both,1,1,1,1,1,1,0.0,12,12,0,alpha,full,huber,0.7959597042764908,6.201669475875663,-1.0668953433625439,1.031490866498538,6.709507533474439,-1.2814003837312598,1.2221792686640742,6.833950290672287,-1.250048765353567,103.40241475222928,0.028127169236540794,164,4.383362293243408,0.6844061246373024,1.0,disabled,single,3,row_5,row_4,-0.2622584104537964,-0.9640058875083923,0.6014733071138189,0.2981613193620533,0.8973177898406932,0.701747477054596,0.2461147112989378,0,52,0,disabled,0,0.0,50.0,alpha
604,1.66396963596344,-1.1441302299499512,-33.41139221191406,-0.3400457501411438,1.2198203802108765,0.04795783758163452,89,38,31,0.022715192288160324,0.48701298701298706,0.3,110,158,wall,both,1,1,1,1,1,1,0.0,14,14,0,alpha,full,huber,1.5357762873508165,5.897125947550079,-1.317606087781606,1.3545520477771447,6.112730342701469,-1.2406779607389091,1.3678136696172856,6.234197019305334,-1.2501123455452354,108.81736820621899,0.022715192288160324,164,2.157809615135193,1.0,1.0,disabled,single,3,row_4,row_5,-0.3400457501411438,-0.6593455672264099,0.5520603814068025,0.4011589006610655,0.8376513436682076,0.3192998170852661,0.25405210193965033,1,53,0,disabled,0,0.0,50.0,alpha
608,2.085461378097534,-1.7971690893173218,-30.13055419921875,-0.281883180141449,1.1064095497131348,0.049128830432891846,101,26,25,0.012032408267259598,0.49668874172185423,0.3,113,152,wall,both,1,1,1,1,1,1,0.0,15,15,0,alpha,full,huber,1.6197566658594442,5.302051884185538,-0.8037073875570879,1.7268189451888247,5.529625750249371,-1.169957159795014,1.6497099108274842,5.573634965769701,-1.2101455284514815,150.4628516790599,0.012032409198582172,185,2.096817970275879,1.0,1.0,disabled,single,3,row_4,row_5,-0.281883180141449,-0.5945112109184265,0.553634191407842,0.4049955719360053,0.8251760963577034,0.31262803077697754,0.30936793450828737,0,53,0,disabled,0,0.0,50.0,alpha
612,2.252918004989624,-2.097371816635132,-38.17609405517578,-0.11653146892786026,0.559001624584198,0.10741162300109863,118,16,16,0.02573016658425331,0.5,0.3,106,150,wall,both,1,1,1,1,1,1,0.0,14,14,0,alpha,full,huber,2.491987437617263,4.542565325576101,-0.6507230761049172,2.1469925682899365,4.655520539948453,-1.121150277047214,2.045558454927039,4.724258881506673,-1.1653747616969574,90.058470057388,0.02573016844689846,122,2.7512357234954834,1.0,1.0,disabled,single,3,row_4,row_5,-0.11653146892786026,-0.8248617649078369,0.6050408709988768,0.2979619265652547,0.8910791520032325,0.7083302959799767,0.3859277989351523,0,53,0,disabled,0,0.0,50.0,alpha
616,3.49945068359375,-4.957315921783447,-30.431697845458984,-0.4791974127292633,0.8551588654518127,0.2785468101501465,119,3,16,0.024192554876208305,0.5208333333333334,0.3,101,138,wall,both,1,1,1,1,1,1,0.0,14,14,0,alpha,full,huber,1.8466980804976714,3.404598950972896,-1.3250277719306636,2.2771478398529483,3.59951371238156,-1.2916003983218742,2.376731085391504,3.6600721954618454,-1.2486799731018459,86.89559021980186,0.024192554876208305,133,4.313392162322998,0.6955082883964661,1.0,disabled,single,3,row_5,row_4,-0.2527512013912201,-0.4791974127292633,0.5353302448165735,0.42685211790419875,0.8217513198655095,0.2264462113380432,0.3721202411028849,1,54,0,disabled,0,0.0,50.0,alpha
620,2.2423460483551025,-2.0777337551116943,-27.601194381713867,-1.5451085567474365,0.7487828135490417,0.5899372100830078,117,9,12,0.018196377903223038,0.5208333333333334,0.3,106,138,wall,both,1,1,1,1,1,1,0.0,12,12,0,alpha,full,huber,3.957619102852326,3.587380951285099,-1.0797508790987003,2.612018310124003,2.988690676674148,-1.1533744550003646,2.6158099090799194,2.9605195243300617,-1.2011496477378514,138.79199844098912,0.018196379765868187,175,2.951075792312622,1.0,1.0,disabled,single,3,row_4,row_3,-0.12459689378738403,-0.6413580179214478,0.5743163969441195,0.3425505830419092,0.8922660316844931,0.5167611241340637,0.42997792654956246,1,55,0,disabled,0,0.0,50.0,alpha
624,1.4898369312286377,-0.9171959161758423,-31.761978149414062,-0.2243330329656601,0.7933176159858704,0.14386391639709473,111,12,12,0.011678632348775864,0.5263157894736842,0.3,120,135,wall,both,1,1,1,1,1,1,0.0,6,6,0,alpha,full,huber,1.9534964736104499,1.9866231742449076,-1.1160628655480997,2.405617337797959,2.330350039593026,-1.290571001418324,2.6022260855943795,2.4092472237948606,-1.25106631168008,164.646498468237,0.011678633280098438,246,2.232825994491577,1.0,1.0,disabled,single,3,row_5,row_4,-0.17323176562786102,-0.48950013518333435,0.5580264821024047,0.4067253128811949,0.8093384640266568,0.3162683695554733,0.41011709313422307,1,56,0,disabled,0,0.0,50.0,alpha
628,0.6041001677513123,-0.150800421833992,-29.383502960205078,-0.28903287649154663,1.1402276754379272,0.005365490913391113,89,9,41,0.01432729884982109,0.5190311418685121,0.3,118,139,wall,both,1,1,1,1,1,1,0.0,7,7,0,alpha,full,huber,2.448271612624548,1.2168623176166928,-1.4965290708082217,2.4318564843119255,1.5878501941101364,-1.343705648848907,2.6145974559395393,1.7038970112297225,-1.2970960357318153,149.2163117712515,0.01432730071246624,218,1.1853030323982239,1.0,1.0,disabled,single,3,row_4,row_5,-0.28903287649154663,-0.4081491231918335,0.5130210662427886,0.45541116144359733,0.8097018749603514,0.11911624670028687,0.3784054933621991,1,57,0,disabled,0,0.0,50.0,alpha
632,2.69368052482605,-2.998311996459961,-30.19295310974121,-0.17593832314014435,0.8897877931594849,8.785724639892578e-05,87,16,23,0.023610476404428482,0.5434782608695653,0.3,110,126,wall,both,1,1,1,1,1,1,0.0,13,13,0,alpha,full,huber,2.0253803576457767,0.997089858074114,-1.2613205552406317,2.3325681932629396,1.2401728012023159,-1.4039081423026203,2.5083555482957607,1.3481765805030803,-1.3506324508922394,90.76188646612147,0.02361048012971878,117,3.243621349334717,0.9248921735625261,1.0,disabled,single,3,row_5,row_4,-0.17593832314014435,-0.5657578110694885,0.576934624054163,0.39068807089971813,0.7955795664152353,0.3898194879293442,0.3740879989522099,1,58,0,disabled,0,0.0,50.0,alpha
636,2.9386041164398193,-3.568344831466675,-24.699758529663086,-0.20347967743873596,0.9539079666137695,0.017644286155700684,117,10,13,0.037489812821149826,0.5172413793103449,0.3,120,140,wall,both,1,1,1,1,1,1,0.0,10,10,0,alpha,full,huber,2.044750342309087,1.1532833986503737,-1.0864475829275912,2.3391160367046266,0.9866987029063141,-1.3703667597294331,2.466455051275406,0.9765489838635382,-1.3565723782320889,66.30335290267689,0.037489816546440125,87,3.291447877883911,0.911452987044934,1.0,disabled,single,3,row_5,row_4,-0.20347967743873596,-0.5418694615364075,0.5675965372966997,0.4046494191751415,0.787036180533531,0.3383897840976715,0.3628647568809502,0,58,0,disabled,0,0.0,50.0,alpha
640,1.6899347305297852,-1.1801154613494873,-25.560075759887695,-0.17989343404769897,0.8964309692382812,0.01797109842300415,113,15,13,0.036594320088624954,0.5154639175257733,0.3,120,141,wall,both,1,1,1,1,1,1,0.0,12,12,0,alpha,full,huber,2.1085674125989176,0.7472804741382261,-1.0847080481894125,2.421373400445943,0.6253918220032357,-1.3221563556055544,2.4921300402123086,0.5793519685262584,-1.3355589639747774,64.05428656982708,0.036594316363334656,80,2.005519390106201,1.0,1.0,disabled,single,3,row_5,row_4,-0.17989343404769897,-0.548124372959137,0.5696884548211945,0.39420012113188624,0.8074349731549575,0.368230938911438,0.3827722040190742,0,58,0,disabled,0,0.0,50.0,alpha
644,3.2979848384857178,-4.457813739776611,-23.028682708740234,-0.2509128749370575,1.0620192289352417,0.008160412311553955,101,8,29,0.04850064963102341,0.5208333333333334,0.3,102,138,wall,both,1,1,1,1,1,1,0.0,13,13,0,alpha,full,huber,2.381027988061101,0.4218134724909149,-1.4024173204082881,2.4790388481053505,0.2564020794901761,-1.3301430261015157,2.5383661321932656,0.19765481937872456,-1.329191162289263,55.86675298041348,0.04850064963102341,80,3.574646234512329,0.8392438868595552,1.0,disabled,single,3,row_5,row_4,-0.2509128749370575,-0.4031608998775482,0.5194781475690807,0.44611497949888423,0.8162504684241402,0.15224802494049072,0.4040176587426336,0,58,0,disabled,0,0.0,50.0,alpha
648,2.6362385749816895,-2.8717992305755615,-23.427013397216797,-0.1428530514240265,0.8014968037605286,0.00490337610244751,102,0,34,0.06015471741557121,0.5244755244755245,0.3,120,136,wall,both,1,1,1,1,1,1,0.0,6,6,0,alpha,full,huber,2.319226334093491,-0.6978482948449258,-1.371042108440225,2.5726005073694296,-0.7773640277423207,-1.451321356057569,2.6869723628672304,-0.8234547814780121,-1.3877576695156795,43.11684359824708,0.06015471741557121,80,3.135453462600708,0.9567994026330227,1.0,disabled,single,3,row_5,row_4,-0.1428530514240265,-0.5501087307929993,0.5640733450024213,0.37537615679533104,0.8605760091932358,0.4072556793689728,0.42971794018454823,0,58,0,disabled,0,0.0,50.0,alpha
652,4.306397438049316,-6.958010196685791,-24.43337631225586,-0.20126867294311523,0.9516862630844116,0.0003508329391479492,100,4,31,0.04022306948900223,0.5263157894736842,0.3,120,135,wall,both,1,1,1,1,1,1,0.0,5,5,0,alpha,full,huber,2.5094576958345254,-1.0866312856052611,-1.4436215989927246,2.5624571130760962,-1.2421891803997736,-1.5059720615137413,2.6779925908718925,-1.3206383827937125,-1.4483643507693347,59.377426669219936,0.040223073214292526,80,4.539740085601807,0.6608307840166378,1.0,disabled,single,3,row_5,row_4,-0.20126867294311523,-0.41001641750335693,0.5172229659558182,0.4197781283035541,0.8795441340356795,0.2087477445602417,0.45801255572689836,0,58,0,disabled,0,0.0,50.0,alpha
656,1.1083321571350098,-0.5076033473014832,-24.50395393371582,-0.11039004474878311,0.698265552520752,0.022356688976287842,112,0,17,0.03754293546080589,0.5376344086021506,0.3,120,129,wall,both,1,1,1,1,1,1,0.0,4,4,0,alpha,full,huber,2.369722247291467,-2.224701146801259,-1.258259995488347,2.657609449840481,-2.28465776875018,-1.482572240651275,2.740856380080933,-2.396365285334654,-1.4459152014303638,55.255275957277036,0.03754293546080589,80,1.3838261365890503,1.0,1.0,disabled,single,3,row_5,row_4,-0.11039004474878311,-0.6145254373550415,0.5382844264868513,0.3251386483366827,0.9705972126457425,0.5041353926062584,0.5089781400029296,0,58,0,disabled,0,0.0,50.0,alpha
660,1.4859997034072876,-0.9124773740768433,-38.888938903808594,-0.29637932777404785,1.0340803861618042,0.11997616291046143,105,24,42,0.015711892396211624,0.4672897196261683,0.3,120,171,wall,both,1,1,1,1,1,1,0.0,5,5,0,alpha,full,huber,0.91870042707134,-3.8443730908137628,-1.8219279189164863,2.5281500350298494,-3.661583444170258,-1.5379012713599034,2.7235683331671856,-3.7384622419632807,-1.4869791548147329,93.56724633228389,0.015711894258856773,107,2.9058949947357178,1.0,1.0,disabled,single,3,row_5,row_6,-0.29637932777404785,-0.40172070264816284,0.4990253081828419,0.44913137400877207,0.8598061867647149,0.10534137487411499,0.39871913894138833,0,58,0,disabled,0,0.0,50.0,alpha
664,0.7088751196861267,-0.20764625072479248,-36.840885162353516,-0.25637125968933105,1.074090600013733,2.962350845336914e-05,107,9,38,0.013070747256278992,0.49342105263157904,0.3,120,154,wall,both,1,1,1,1,1,1,0.0,3,3,0,alpha,full,huber,1.0003895973512158,-4.553942468818586,-1.5698200693567954,2.090925253415435,-4.9989537107089825,-1.5696172583602084,2.465602675948289,-5.0633050501576635,-1.4862771765591205,120.79360307457058,0.013070747256278992,143,1.9058729410171509,1.0,1.0,disabled,single,3,row_5,row_6,-0.25637125968933105,-0.4978030323982239,0.5350375050470365,0.4202732414480707,0.8378314554044226,0.24143177270889282,0.36904717196223535,0,58,0,disabled,0,0.0,50.0,alpha
668,2.014631748199463,-1.6771657466888428,-26.02391242980957,-0.2061573565006256,0.8969435691833496,0.08189976215362549,103,14,37,0.01655079610645771,0.49342105263157904,0.3,120,154,wall,both,1,1,1,1,1,1,0.0,3,3,0,alpha,full,huber,0.6231876809140147,-5.81294872334456,-1.3043819492997857,1.6908961582843682,-5.847816861419721,-1.5988789569982649,2.1179084342522345,-5.923674246889647,-1.5316949132603073,202.3443490298746,0.01655079610645771,250,3.1084996461868286,0.9650958151724661,1.0,disabled,single,3,row_6,row_5,-0.2061573565006256,-0.4646562337875366,0.5074933072452951,0.3918913550331424,0.942388839068512,0.258498877286911,0.4721143993465273,1,59,0,disabled,0,0.0,50.0,alpha
672,1.9657959938049316,-1.596840500831604,0.0,-0.10435725003480911,0.685279130935669,8.368492126464844e-05,0,0,0,0.008193684741854668,0.5,0.3,0,0,wall,both,1,1,1,1,1,1,0.0,0,0,0,alpha,full,huber,4.736959429482727,-7.481726023421849,-1.2382608418829342,2.038114999912242,-7.5698454435342635,-1.4740182266333808,2.1131781799712135,-7.645666959870516,-1.491305074459507,220.82263386820162,0.008193684741854668,250,4.245060443878174,0.7067037182771607,1.0,disabled,single,3,row_4,row_5,-0.10435725003480911,-0.8313320279121399,0.5666474342070719,0.27389984853862626,0.9693206890195474,0.7269747778773308,0.46366072778167167,1,60,0,disabled,0,0.0,50.0,alpha
676,0.6099267601966858,-0.15372340381145477,0.0,-0.1470564752817154,0.6483083367347717,0.11465442180633545,0,0,0,0.007491258438676596,0.5,0.3,0,0,wall,both,1,1,1,1,1,1,0.0,0,0,0,alpha,full,huber,2.198859708204913,-8.334137813880659,-1.7056385456532328,1.918156143634635,-8.713277622892068,-1.512330395545763,2.0599943320281353,-8.735933082414551,-1.4944522971785053,194.7475605596224,0.007491258438676596,250,1.4526943564414978,1.0,1.0,disabled,single,3,row_5,row_6,-0.1470564752817154,-0.7879303097724915,0.6106627472830478,0.32171659036970307,0.8481983279625065,0.6408738344907761,0.3461539653596685,1,61,0,disabled,0,0.0,50.0,alpha
680,3.5214171409606934,-5.011777877807617,0.0,-0.3103870749473572,0.8583381772041321,0.18956053256988525,0,0,0,0.012914416380226612,0.5,0.3,0,0,wall,both,1,1,1,1,1,1,0.0,0,0,0,alpha,full,huber,2.5234652319994573,-8.614748769288612,-1.5633036124148592,2.113823740045844,-9.076145255665375,-1.4575007867166165,2.10586603838391,-9.153866777704078,-1.4699145066100998,190.40904980678752,0.012914416380226612,250,4.394935846328735,0.6826038206009354,1.0,disabled,single,3,row_5,row_6,-0.3103870749473572,-1.0587619543075562,0.6179288555124826,0.29236366368214406,0.8732987860667384,0.748374879360199,0.1709948737339294,0,61,0,disabled,0,0.0,50.0,alpha
684,1.332993984222412,-0.7342450618743896,0.0,-1.9286503791809082,2.7788209915161133,0.22827112674713135,0,0,0,0.0078103975392878056,0.5,0.3,0,0,wall,both,1,1,1,1,1,1,0.0,0,0,0,alpha,full,huber,2.8082520651092486,-10.517913191473584,-1.4999568740793965,2.371189899224977,-9.947747292313831,-1.4042438302195817,2.2782015810715652,-9.942740217824642,-1.4061185345716845,214.18975390339614,0.0078103975392878056,250,2.404202461242676,1.0,1.0,disabled,single,3,row_5,row_6,-1.9286503791809082,-2.2046732902526855,0.5251599656236011,0.3984890427176697,0.9012768147578362,0.27602291107177734,-1.284598012805773,0,61,1,disabled,0,0.0,50.0,alpha
688,1.6265145540237427,-1.0932023525238037,0.0,-2.543775796890259,3.3678369522094727,0.07548809051513672,0,0,0,0.008188598789274693,0.5,0.3,0,0,wall,both,1,1,1,1,1,1,0.0,0,0,0,alpha,full,huber,3.483346329593843,-10.976163854763163,-1.7981546565669462,2.585317609109577,-10.344570646033064,-1.3720265340141908,2.4610238801942983,-10.319752451580339,-1.3816352588779282,221.1142240745243,0.008188598789274693,250,2.7030246257781982,1.0,1.0,disabled,single,3,row_5,row_6,-2.543775796890259,-3.5211949348449707,0.6198830890527893,0.23325021378125044,0.9176964653315174,0.9774191379547119,-2.065551412122559,0,61,1,disabled,0,0.0,50.0,alpha
692,0.09647729992866516,-0.003846227191388607,0.0,-2.0290393829345703,3.016775608062744,0.04024064540863037,0,0,0,0.008903108537197113,0.5,0.3,0,0,wall,both,1,1,1,1,1,1,0.0,0,0,0,alpha,full,huber,5.167255928991187,-10.251526743489922,-0.9665441455026942,3.12589862005923,-10.952411195145576,-1.6965619324756038,2.8633342524888583,-11.001049159420191,-1.7309299248652457,215.55053992492327,0.008903109468519688,250,2.865658402442932,1.0,1.0,disabled,single,3,row_4,row_5,-2.0290393829345703,-3.154820203781128,0.6145052446581926,0.19934493042135285,0.9336688476691148,1.1257808208465576,-1.5421015677604943,1,62,1,disabled,0,0.0,50.0,alpha
696,2.604693651199341,-2.803483247756958,0.0,-2.896496295928955,2.5810556411743164,0.5890169143676758,0,0,0,0.015968631953001022,0.5,0.3,0,0,wall,both,1,1,1,1,1,1,0.0,0,0,0,alpha,full,huber,3.1889755311364407,-10.242652029508061,-1.0419339205970188,2.7798969878574935,-11.29748418826091,-1.8816723311055443,2.7731891115483585,-11.449090507949798,-1.8789271432231855,168.47131022674816,0.015968631953001022,250,3.989895462989807,0.7518993988258443,1.0,disabled,single,3,row_5,row_6,-1.9406914710998535,-2.4443159103393555,0.5186415998712651,0.31343394821204734,1.003763409207441,0.503624439239502,-1.284149277722999,1,63,1,disabled,0,0.0,50.0,alpha
700,2.4820659160614014,-2.5457236766815186,0.0,-2.173140525817871,2.8988308906555176,0.2736983299255371,0,0,0,0.012580630369484425,0.5,0.3,0,0,wall,both,1,1,1,1,1,1,0.0,0,0,0,alpha,full,huber,3.426628533356216,-10.50163067597851,-1.4313279642598475,3.002831427448554,-11.431440021746264,-2.1439255474167633,2.8288847117599167,-11.62603827082842,-2.206204110930787,184.99001796510697,0.012580630369484425,250,3.9797329902648926,0.7538194163624828,1.0,disabled,single,3,row_5,row_6,-2.173140525817871,-2.9529831409454346,0.5514516766237831,0.25282855176693747,0.9951078460324612,0.7798426151275635,-1.5779394599745693,0,63,1,disabled,0,0.0,50.0,alpha
704,2.0990853309631348,-1.8207271099090576,-48.609336853027344,-4.104222297668457,4.281796455383301,0.08580166101455688,6,0,114,0.018616240471601486,0.5555555555555556,0.3,120,120,wall,both,1,1,1,1,1,1,0.0,1,1,0,alpha,full,huber,4.367879003884164,-11.60690682949361,-1.7719269597497838,3.422869983223516,-11.57193910074246,-2.4188633948180316,2.961603464234525,-11.821754016372608,-2.6482560609616215,96.57188045088671,0.018616242334246635,250,3.486997961997986,0.8603389026017827,1.0,disabled,single,3,row_5,row_4,-4.104222297668457,-4.532399654388428,0.5386091369423478,0.3510093241906013,0.9440193331994506,0.4281773567199707,-3.4854571631649103,0,63,1,disabled,0,0.0,50.0,alpha
708,0.8284492492675781,-0.2836066782474518,-49.50457000732422,-4.3495306968688965,4.424125671386719,6.556510925292969e-07,10,0,108,0.019663190469145775,0.5597014925373135,0.3,118,118,wall,both,1,1,1,1,1,1,0.0,2,2,0,alpha,full,huber,4.209696463713894,-11.834824588066349,-2.1903478061002497,3.6166317170561024,-11.626779507651236,-2.472063524038614,3.1115395304050817,-11.819747229411314,-2.7867530842953223,101.17894952922607,0.019663190469145775,250,1.6205180883407593,1.0,1.0,disabled,single,3,row_5,row_4,-4.3495306968688965,-5.6755547523498535,0.6948437469955977,0.1845024864973657,0.8199590463910293,1.326024055480957,-3.985462413707977,0,63,1,disabled,0,0.0,50.0,alpha
712,1.3917292356491089,-0.8003761768341064,-49.902339935302734,-5.159106731414795,4.784235000610352,0.13344424962997437,1,0,119,0.020788609981536865,0.5555555555555556,0.3,120,120,wall,both,1,1,1,1,1,1,0.0,3,3,0,alpha,full,huber,3.8109656899828783,-12.356324004224906,-2.71173527343846,3.427324328469783,-11.797999789063343,-2.6558453587188753,3.133060287195118,-11.8594022935795,-2.8544015707649155,129.721659530833,0.020788609981536865,250,1.9773952960968018,1.0,1.0,disabled,single,3,row_5,row_6,-5.159106731414795,-8.24670124053955,0.9400308576120824,0.04287625571400322,0.26272254412696183,3.087594509124756,-5.097264154404801,0,63,1,disabled,0,0.0,50.0,alpha
716,0.3625509738922119,-0.05431537330150604,-47.744747161865234,-4.599985599517822,4.368651390075684,0.29650962352752686,11,0,118,0.02107974886894226,0.5376344086021506,0.3,120,129,wall,both,1,1,1,1,1,1,0.0,3,3,0,alpha,full,huber,3.5432837662672934,-11.997688815470658,-2.979697623098591,3.0753224315155006,-12.089449587768943,3.03740631443283,2.7435108046639494,-12.080955210732892,2.852690324035458,93.75327565450533,0.02107974886894226,250,1.0723329782485962,1.0,1.0,disabled,single,3,row_5,row_4,-4.599985599517822,-7.73671817779541,0.9443636725069152,0.04100847530013863,0.24683936309299553,3.136732578277588,-4.542741658792582,0,63,1,disabled,0,0.0,50.0,alpha
720,2.3638405799865723,-2.3089845180511475,-49.5030517578125,-1.256475567817688,2.3346338272094727,0.10529118776321411,14,0,103,0.041889071464538574,0.5617977528089888,0.3,104,117,wall,both,1,1,1,1,1,1,0.0,4,4,0,alpha,full,huber,1.2558056754247469,-10.706780640817602,2.2229817657772646,2.107992572816594,-11.162887231963943,2.0835589646932515,2.0349199330242698,-11.5057590826424,2.304757846433054,56.372063578181724,0.041889071464538574,250,4.243438959121704,0.7069737608811821,1.0,disabled,single,3,row_6,row_7,-1.256475567817688,-2.9212565422058105,0.7420923365854729,0.1404276913349432,0.7486027165761573,1.6647809743881226,-0.9581939670981283,1,64,0,disabled,0,0.0,50.0,alpha
724,0.7643653154373169,-0.24142740666866302,-36.12223434448242,-0.6327811479568481,1.6874542236328125,0.000856935977935791,49,0,71,0.027738695964217186,0.5555555555555556,0.3,120,120,wall,both,1,1,1,1,1,1,0.0,2,2,0,alpha,full,huber,1.5061261697923283,-9.780324186652384,1.7185618474474627,1.8947716775188521,-9.96876921190837,1.628403759639655,1.687808174765593,-10.43015335601284,1.9338869711628934,100.07729700978277,0.027738695964217186,250,1.852214515209198,1.0,1.0,disabled,single,3,row_6,row_5,-0.6327811479568481,-1.4453818798065186,0.639596361753928,0.2837905768763766,0.8401046742294125,0.8126007318496704,-0.18586316160364752,0,64,0,disabled,0,0.0,50.0,alpha
728,0.5536895990371704,-0.12668271362781525,-31.514671325683594,-0.296307235956192,1.1547218561172485,1.0848045349121094e-05,71,3,49,0.012851780280470848,0.5494505494505495,0.3,120,123,wall,both,1,1,1,1,1,1,0.0,3,3,0,alpha,full,huber,1.430733459187763,-8.944572368817454,1.7646184610956928,1.7191287429075692,-9.140005439959966,1.5960589176087014,1.570631603298571,-9.43544937730682,1.741757237697187,171.82699330626215,0.012851780280470848,250,0.9548386931419373,1.0,1.0,disabled,single,3,row_6,row_5,-0.296307235956192,-0.9623023271560669,0.6162995297288477,0.31663129944071816,0.8436570734228027,0.6659950911998749,0.1877149481136159,0,64,0,disabled,0,0.0,50.0,alpha
732,0.37566903233528137,-0.05831703916192055,-43.48432159423828,-0.09247434139251709,0.6334518194198608,0.028456449508666992,46,11,94,0.021565470844507217,0.4983388704318937,0.3,120,151,wall,both,1,1,1,1,1,1,0.0,4,4,0,alpha,full,huber,3.2550716516766887,-7.779928459831079,1.1915282162310579,2.356620289807214,-8.509700035997264,1.3848097777572248,1.935535486517416,-8.809869368959369,1.5477082627277463,116.67200135840864,0.021565470844507217,250,2.4730982780456543,1.0,1.0,disabled,single,3,row_5,row_4,-0.09247434139251709,-1.0494813919067383,0.657210104520138,0.25239535082733805,0.8406221394071068,0.9570070505142212,0.32727717643798043,1,65,0,disabled,0,0.0,50.0,alpha
736,2.2152981758117676,-2.02791166305542,-42.55512619018555,-0.08511319756507874,0.4228917956352234,0.10543256998062134,53,19,83,0.013808191753923893,0.49180327868852464,0.3,120,155,wall,both,1,1,1,1,1,1,0.0,4,4,0,alpha,full,huber,3.2061190702344056,-7.461800311132352,1.4157285870245895,2.5390653615830168,-8.053917235580487,1.3432527712872582,2.2414754605829046,-8.251094485718479,1.4278872886303065,178.8583455994202,0.013808191753923893,250,3.0100290775299072,0.9966681127419084,1.0,disabled,single,3,row_5,row_4,-0.08511319756507874,-0.832683801651001,0.6157502796176755,0.29156730964943756,0.8783901692898757,0.7475706040859222,0.3998005903074186,0,65,0,disabled,0,0.0,50.0,alpha
740,3.5985498428344727,-5.20301628112793,-36.02885437011719,-0.1583932489156723,0.8431224822998047,0.010208427906036377,68,32,54,0.020311960950493813,0.49342105263157904,0.3,120,154,wall,both,1,1,1,1,1,1,0.0,4,4,0,alpha,full,huber,1.0598652383872356,-7.528824675457116,1.667259072016913,1.9891107425719041,-7.863757277178393,1.394093864906929,2.141067812531209,-7.878297910728705,1.3894716919289607,139.71214030360088,0.020311960950493813,250,4.660343170166016,0.6437294187271473,1.0,disabled,single,3,row_6,row_5,-0.1583932489156723,-0.6306717395782471,0.561254999967497,0.34998729610514306,0.9065641406183302,0.47227849066257477,0.4191866824216254,1,66,0,disabled,0,0.0,50.0,alpha
744,3.2264466285705566,-4.280446529388428,-32.367740631103516,-0.25607606768608093,1.067986249923706,0.025290191173553467,75,23,45,0.009406873025000095,0.5119453924914675,0.3,120,143,wall,both,1,1,1,1,1,1,0.0,4,4,0,alpha,full,huber,1.2995891146057907,-7.215034911950299,1.7496273111467442,1.7849869675017798,-7.481521169601738,1.4873220825175697,2.0072685299962316,-7.438600843702812,1.4485607549287103,198.8870970913607,0.009406873025000095,250,3.1179436445236206,0.9621726182476782,1.0,disabled,single,3,row_6,row_5,-0.25607606768608093,-0.3839340806007385,0.49744618606601887,0.4377418570309123,0.8863232925463799,0.1278580129146576,0.44219182925958556,0,66,0,disabled,0,0.0,50.0,alpha
748,0.6068019866943359,-0.15215232968330383,-28.911144256591797,-0.1744098961353302,0.8721463680267334,0.036302030086517334,92,32,31,0.021144719794392586,0.49180327868852464,0.3,120,155,wall,both,1,1,1,1,1,1,0.0,3,3,0,alpha,full,huber,1.2310318932188584,-6.106876928113513,1.773001135472434,1.295626435357447,-6.844426203844273,1.649236919237808,1.6811340881778614,-6.899860434769824,1.549204008644531,136.36485700669735,0.021144719794392586,250,1.7592459321022034,1.0,1.0,disabled,single,3,row_5,row_6,-0.17096106708049774,-0.3192754089832306,0.5028301835980862,0.4335201009131316,0.8833549229449984,0.14831434190273285,0.5165417059648901,1,67,0,disabled,0,0.0,50.0,alpha
752,0.4003545343875885,-0.06623295694589615,-34.487728118896484,-0.0867123082280159,0.5824577808380127,0.05266737937927246,96,38,31,0.02177891880273819,0.47619047619047616,0.3,120,165,wall,both,1,1,1,1,1,1,0.0,3,3,0,alpha,full,huber,1.527118593712458,-6.075796230237543,1.7172795841243103,1.1839488237326194,-6.366445642509138,1.7211642925106492,1.4360282751948064,-6.471693888493809,1.6375761687169774,134.54445497925835,0.02177891880273819,191,1.0348321199417114,1.0,1.0,disabled,single,3,row_5,row_6,-0.07595041394233704,-0.4748879075050354,0.5420058293809502,0.36370360470005336,0.9224778840442724,0.39893749356269836,0.5365281083425855,0,67,0,disabled,0,0.0,50.0,alpha
756,4.051881313323975,-6.3269782066345215,-31.022300720214844,-0.21001136302947998,0.9608165621757507,0.03451651334762573,124,28,42,0.01569325476884842,0.43604651162790703,0.3,120,194,wall,both,1,1,1,1,1,1,0.0,12,12,0,alpha,full,huber,1.2541713309648639,-6.377445724830135,1.7797712867020419,0.9451010163733466,-5.6306734687441455,1.8619669406214023,1.162568244588834,-5.632572748721242,1.7765453547196186,133.0295492574124,0.01569325476884842,164,4.138868093490601,0.7248358566242413,1.0,disabled,single,3,row_5,row_6,-0.20941346883773804,-0.26480257511138916,0.4816114664532722,0.4556607651209189,0.8837163289626266,0.05538910627365112,0.5212041073525047,0,67,0,disabled,0,0.0,50.0,alpha
760,1.429826021194458,-0.8447943925857544,-30.245819091796875,-0.15111874043941498,0.8239569664001465,0.007840991020202637,116,35,33,0.033303868025541306,0.44910179640718567,0.3,120,184,wall,both,1,1,1,1,1,1,0.0,9,9,0,alpha,full,huber,1.2479680043708388,-4.935008335249058,1.6893852712033688,0.9598406439173853,-5.23622144302575,1.7928790851871454,1.0379742094164515,-5.323089125264216,1.786366578141056,70.06753140257347,0.033303868025541306,102,1.6775391697883606,1.0,1.0,disabled,single,3,row_5,row_6,-0.15111874043941498,-0.7074766755104065,0.595261783765473,0.341259555110202,0.8507005859434539,0.5563579350709915,0.3676352570416266,0,67,0,disabled,0,0.0,50.0,alpha
764,1.3522788286209106,-0.7556437849998474,-31.51630210876465,-0.15058797597885132,0.8223604559898376,0.008633732795715332,128,19,44,0.020838115364313126,0.4398826979472141,0.3,120,191,wall,both,1,1,1,1,1,1,0.0,9,9,0,alpha,full,huber,1.2520141624366017,-4.570518882296459,1.6955760403700513,0.8426276810570626,-4.501348239575023,1.782330475366689,0.8571498621763698,-4.532486092222898,1.7906785738137874,80.94303725856598,0.020838113501667976,87,1.215408205986023,1.0,1.0,disabled,single,3,row_5,row_6,-0.15058797597885132,-0.6820594668388367,0.5897250036785864,0.34660466687633534,0.8540356296629275,0.5314714908599854,0.3775109702197966,0,67,0,disabled,0,0.0,50.0,alpha
768,2.1543209552764893,-1.9178094863891602,-28.09893226623535,-0.1457960456609726,0.7910794019699097,0.040599703788757324,135,8,35,0.0431000255048275,0.4573170731707317,0.3,120,178,wall,both,1,1,1,1,1,1,0.0,9,9,0,alpha,full,huber,0.7739185799641346,-2.9687784392992738,1.733056158377817,0.5956671253921745,-3.3742362903133722,1.8377878003634132,0.6098601057680058,-3.4318820555002922,1.8197542995819367,57.70787527897882,0.0431000255048275,80,2.389428734779358,1.0,1.0,disabled,single,3,row_5,row_6,-0.1457960456609726,-0.2768988013267517,0.5064184201585328,0.4441935936885025,0.8535852828185095,0.1311027556657791,0.5345959884321008,0,67,0,disabled,0,0.0,50.0,alpha
772,2.014382839202881,-1.6767513751983643,-27.03339195251465,-0.138329416513443,0.7885242104530334,0.006225883960723877,140,0,8,0.06345117837190628,0.5033557046979865,0.3,120,148,wall,both,1,1,1,1,1,1,0.0,5,5,0,alpha,full,huber,-1.2722293047057602,-2.677282081970717,2.174144419835754,-0.09523453140210619,-2.4630954981593796,1.9610085481806776,0.13734176623847744,-2.4755934082564517,1.8957161766953883,45.68365891402234,0.06345117837190628,80,3.284296154975891,0.9134377225558156,1.0,disabled,single,3,row_6,row_7,-0.138329416513443,-0.7442366480827332,0.561925430757343,0.30657484683138475,0.9531275574898318,0.6059072315692902,0.4380567068636553,1,68,0,disabled,0,0.0,50.0,alpha
776,2.2367265224456787,-2.0673327445983887,-25.33618927001953,-0.08814557641744614,0.6244000196456909,0.019212424755096436,115,16,7,0.02215488813817501,0.5208333333333334,0.3,120,138,wall,both,1,1,1,1,1,1,0.0,7,7,0,alpha,full,huber,-1.3907070932987131,-2.2904889041902314,2.089452169731172,-0.7325750396503448,-1.936890864095962,2.0885615678323015,-0.42178886939215854,-1.8376237712482868,2.003880483600291,82.42130105699495,0.02215489000082016,112,3.237895131111145,0.926527845566911,1.0,disabled,single,3,row_6,row_7,-0.08814557641744614,-0.7587360739707947,0.5860751615686745,0.2997226496459887,0.9220735156787302,0.6705904975533485,0.44616165914996886,0,68,0,disabled,0,0.0,50.0,alpha
780,0.6978123188018799,-0.2012157142162323,-26.8199405670166,-0.19918416440486908,0.9304190278053284,0.04084944725036621,113,18,16,0.01323226373642683,0.5050505050505051,0.3,120,147,wall,both,1,1,1,1,1,1,0.0,5,5,0,alpha,full,huber,0.5871280614840741,-0.7833059823393901,1.958293674684442,-0.8305790421742368,-1.1124160973679875,2.066765232514341,-0.8024818469475061,-1.09371920822877,2.0496229226839073,158.8801227530717,0.013232264667749405,196,2.7553948163986206,1.0,1.0,disabled,single,3,row_5,row_6,-0.19918416440486908,-0.5540953278541565,0.5534222887891305,0.3880794858902691,0.8608204983949675,0.3549111634492874,0.3924497719438319,1,69,0,disabled,0,0.0,50.0,alpha
784,3.6207661628723145,-5.258098602294922,-30.13787078857422,-0.08882512897253036,0.6080976724624634,0.04036754369735718,125,11,21,0.014462495222687721,0.4885993485342019,0.3,120,157,wall,both,1,1,1,1,1,1,0.0,5,5,0,alpha,full,huber,-2.178749470477074,-0.4670968356269001,1.8711568009467676,-1.5864944898785134,-0.7400043187606351,2.0725994564683963,-1.3241896563495916,-0.6670131560705634,2.0445200745694265,189.03882587242884,0.014462495222687721,250,4.421356201171875,0.6785248379682356,1.0,disabled,single,3,row_6,row_7,-0.08882512897253036,-0.47797074913978577,0.5736719643285877,0.388740537387776,0.8094146648480679,0.3891456201672554,0.4668724077698495,1,70,0,disabled,0,0.0,50.0,alpha
788,2.615098237991333,-2.82592511177063,-26.7232723236084,-0.29102909564971924,1.1443828344345093,0.0010153651237487793,116,12,32,0.029282039031386375,0.48387096774193555,0.3,120,160,wall,both,1,1,1,1,1,1,0.0,7,7,0,alpha,full,huber,0.13002589066063858,0.238748201922384,1.821948309912953,-0.780175258238499,-0.17495388529388883,1.9314248759041808,-1.1090929317172749,-0.30997321527968247,1.986269214979048,110.85359480743186,0.029282039031386375,250,4.521078586578369,0.66355847228713,1.0,disabled,single,3,row_5,row_6,-0.29102909564971924,-0.6594294905662537,0.5657510356738191,0.3914092626901895,0.8243524304672916,0.3684003949165344,0.2785720681994672,1,71,0,disabled,0,0.0,50.0,alpha
792,1.9898991584777832,-1.6362391710281372,-31.55656623840332,-0.08571785688400269,0.559906005859375,0.06271225214004517,103,11,32,0.015740832313895226,0.5067567567567568,0.3,120,146,wall,both,1,1,1,1,1,1,0.0,5,5,0,alpha,full,huber,-2.1923345692264564,-0.3593957843512471,1.8002300302562917,-1.5178933314689895,-0.1320256742106291,2.0439651270130277,-1.3789208836030438,-0.07268882638331073,2.0145146402033536,137.21569462106422,0.015740834176540375,224,3.680130362510681,0.8151885135811661,1.0,disabled,single,3,row_6,row_7,-0.08571785688400269,-0.4634843170642853,0.5705693574311619,0.3910628445397516,0.8124216268280886,0.3777664601802826,0.4754026871246527,1,72,0,disabled,0,0.0,50.0,alpha
796,1.9282081127166748,-1.536358118057251,-22.975786209106445,-0.28795191645622253,1.1379402875900269,0.006904304027557373,114,5,29,0.025694651529192924,0.5033557046979865,0.3,119,148,wall,both,1,1,1,1,1,1,0.0,8,8,0,alpha,full,huber,-0.04683528497739612,0.8726616390586843,1.7494377038394955,-0.8736816032759103,0.3770612410771519,1.9352068409258465,-1.1960747019789237,0.29897543080446237,1.9758983102873042,135.7093632889357,0.025694653391838074,250,4.226600646972656,0.709790266593741,1.0,disabled,single,3,row_5,row_6,-0.28795191645622253,-0.6812636852264404,0.573751253741132,0.38717786145437444,0.8128173138029947,0.3933117687702179,0.267607415983818,1,73,0,disabled,0,0.0,50.0,alpha
800,2.4769182205200195,-2.535175085067749,-27.821552276611328,-0.3292624056339264,1.2164323329925537,0.0103645920753479,121,13,18,0.012727199122309685,0.49668874172185423,0.3,120,152,wall,both,1,1,1,1,1,1,0.0,5,5,0,alpha,full,huber,-0.07778444317286946,0.6728265906604994,1.7229141689456018,-1.158711665803867,0.6389357204222332,1.9193970003636711,-1.2539404327777421,0.6474621826180298,1.9477030112714644,189.4351535761601,0.012727199122309685,250,2.3948259353637695,1.0,1.0,disabled,single,3,row_5,row_6,-0.3292624056339264,-0.6776543259620667,0.5637837793451747,0.3979311051688024,0.814692467628515,0.34839192032814026,0.24382206531056427,0,73,0,disabled,0,0.0,50.0,alpha
804,2.340514659881592,-2.2636399269104004,-22.19217300415039,-0.29723119735717773,1.1340805292129517,0.05290120840072632,104,6,25,0.01179746724665165,0.5263157894736842,0.3,120,135,wall,both,1,1,1,1,1,1,0.0,6,6,0,alpha,full,huber,-0.04316922333876985,1.2895298188295194,1.8092027815726315,-0.7661629827764922,1.2880129384029777,1.800957054077289,-1.1054881963749654,1.208842090387604,1.881490236745611,176.90592937720467,0.01179746724665165,250,3.471731424331665,0.8641221434856595,1.0,disabled,single,3,row_5,row_6,-0.2894516885280609,-0.6312381625175476,0.5553085139542244,0.39454664292401653,0.8436608435535047,0.3417864739894867,0.2987797501536489,0,73,0,disabled,0,0.0,50.0,alpha
808,0.39718666672706604,-0.0651889517903328,-33.06735610961914,-0.23973575234413147,0.9704614877700806,0.08636969327926636,101,27,32,0.011178798042237759,0.48387096774193555,0.3,113,160,wall,both,1,1,1,1,1,1,0.0,6,6,0,alpha,full,huber,-2.691921767727147,1.4752354240239591,1.837238879300842,-1.2962336982098093,1.557065408833161,1.7526978217734295,-1.2693954032012604,1.596395030916722,1.8052063132217935,193.18455429910128,0.011178798042237759,250,1.9622272849082947,1.0,1.0,disabled,single,3,row_6,row_7,-0.2329636514186859,-0.46587246656417847,0.5360871942502011,0.42470211128056906,0.8249249045811973,0.23290881514549255,0.3904948038830013,1,74,0,disabled,0,0.0,50.0,alpha
812,2.5740838050842285,-2.737978219985962,-24.977542877197266,-0.3143952190876007,1.064350962638855,0.12389439344406128,113,10,19,0.012674069963395596,0.5136986301369862,0.3,120,142,wall,both,1,1,1,1,1,1,0.0,4,4,0,alpha,full,huber,-0.21679661238184122,2.2656959208358396,1.8721301535672747,-0.5825532806548519,2.399921644553687,1.7603670550043573,-1.0084205565537228,2.3434105558061393,1.7972539847520643,160.72469569435916,0.012674069963395596,250,3.003607153892517,0.998799059361727,1.0,disabled,single,3,row_5,row_6,-0.30927780270576477,-0.4727604389190674,0.5012156642073068,0.42562294118147387,0.9010902532953191,0.1634826362133026,0.3814410003363985,1,75,0,disabled,0,0.0,50.0,alpha
816,1.670480489730835,-1.1531013250350952,-27.789884567260742,-0.28464049100875854,1.1317449808120728,0.0013912320137023926,105,4,27,0.02117024175822735,0.5244755244755245,0.3,120,136,wall,both,1,1,1,1,1,1,0.0,4,4,0,alpha,full,huber,-2.9339423262568305,3.5551683834652614,1.7371774388513863,-1.3918818512923679,3.7210127393518397,1.8207058841806276,-1.3622097973351863,3.7355607400891593,1.7803958784262477,154.4169417525599,0.02117024175822735,250,3.3962504863739014,0.8833270726161989,1.0,disabled,single,3,row_6,row_7,-0.28464049100875854,-0.6058443784713745,0.5329229543911225,0.3865158883236502,0.9057378702099012,0.32120388746261597,0.34473792511695,1,76,0,disabled,0,0.0,50.0,alpha
820,2.465266466140747,-2.5113797187805176,-35.18181610107422,-0.23134244978427887,1.0047141313552856,0.04147207736968994,105,29,19,0.011923041194677353,0.49504950495049505,0.3,120,153,wall,both,1,1,1,1,1,1,0.0,4,4,0,alpha,full,huber,-2.8090975916248917,3.581549764074956,1.9734269967631937,-1.570287784382955,5.008864522020253,1.8169790808647288,-1.6182014324622278,5.086531449205179,1.78407483737608,194.47126181043026,0.011923043057322502,250,3.479351282119751,0.8622296965002878,1.0,disabled,single,3,row_6,row_7,-0.23134244978427887,-0.7299872636795044,0.5628827180536952,0.34186860812522796,0.9143719050321277,0.4986448138952255,0.3433415388270107,0,76,0,disabled,0,0.0,50.0,alpha
824,0.7177826166152954,-0.21289747953414917,-30.97897720336914,-0.1336158663034439,0.7101454734802246,0.07265806198120117,93,0,33,0.015698714181780815,0.5434782608695653,0.3,120,126,wall,both,1,1,1,1,1,1,0.0,2,2,0,alpha,full,huber,-3.7143075820454117,5.547732459357473,1.849900803104453,-2.5057241376892962,6.723742573058499,1.931122769998793,-2.28033457589689,6.913445945428826,1.8640565651654342,180.89013867575605,0.015698714181780815,250,2.695436716079712,1.0,1.0,disabled,single,3,row_7,row_6,-0.11491307616233826,-0.3837697505950928,0.5451698469804763,0.41664757372350875,0.8201930797272627,0.2688566744327545,0.4917448108722947,1,77,0,disabled,0,0.0,50.0,alpha
828,1.8729526996612549,-1.4495668411254883,0.0,-0.168023481965065,0.8609232306480408,0.028498053550720215,0,0,0,0.009362035430967808,0.5,0.3,0,0,wall,both,1,1,1,1,1,1,0.0,0,0,0,alpha,full,huber,-6.02327293893261,7.676201762548619,2.3195051924836037,-3.2397946221275324,7.997492145417681,2.016830529020507,-2.9775721833842748,8.175771972437154,1.9756211006540383,214.70048528926733,0.009362035430967808,250,3.5390686988830566,0.8476806344411487,1.0,disabled,single,3,row_7,row_8,-0.168023481965065,-0.858627438545227,0.6455105534565153,0.32357716036172274,0.7551163574488674,0.690603956580162,0.2696902375897932,0,77,0,disabled,0,0.0,50.0,alpha
832,0.09564416855573654,-0.0037800855934619904,0.0,-0.08045342564582825,0.5946500897407532,0.02142566442489624,0,0,0,0.008053846657276154,0.5,0.3,0,0,wall,both,1,1,1,1,1,1,0.0,0,0,0,alpha,full,huber,-1.8993651697167002,8.388784559010698,1.4076672966766823,-2.6733531570920728,8.761686095222242,1.8487287274237034,-2.9389229244160875,8.733518633276438,1.916800248811386,178.78823551051437,0.008053847588598728,250,1.7696253657341003,1.0,1.0,disabled,single,3,row_6,row_5,-0.08045342564582825,-0.5328433513641357,0.5812937991281266,0.3697645240993214,0.8308891113561097,0.4523899257183075,0.4620455459349504,1,78,0,disabled,0,0.0,50.0,alpha
836,0.628095269203186,-0.16301804780960083,0.0,-0.9109123945236206,2.0245201587677,0.00480276346206665,0,0,0,0.006853247992694378,0.5,0.3,0,0,wall,both,1,1,1,1,1,1,0.0,0,0,0,alpha,full,huber,-1.421349704619364,10.294058750375598,1.8201876675621502,-2.413797948711225,9.855521138615694,1.7243528075204382,-2.8524221858304255,9.782893148171851,1.8200938122167587,198.2076630345165,0.006853247992694378,250,1.5839610695838928,1.0,1.0,disabled,single,3,row_5,row_6,-0.9109123945236206,-1.3399783372879028,0.577729762708205,0.37616966488541265,0.8266058446913747,0.4290659427642822,-0.362263336316507,1,79,0,disabled,0,0.0,50.0,alpha
840,4.11747932434082,-6.489618301391602,0.0,-0.4411998987197876,1.409013271331787,0.002101302146911621,0,0,0,0.011078113690018654,0.5,0.3,0,0,wall,both,1,1,1,1,1,1,0.0,0,0,0,alpha,full,huber,-1.423905389028234,9.501659669179531,1.6573016881099703,-2.1815674310529523,10.120781984231446,1.7626355768351174,-2.573016776517429,10.171882130952392,1.8643177272048668,195.246711461605,0.011078113690018654,250,5.494338750839233,0.5460165701544639,1.0,disabled,single,3,row_5,row_6,-0.4411998987197876,-0.6805253028869629,0.5399977568148147,0.42506393008268906,0.813579326452041,0.2393254041671753,0.1749903947592969,0,79,0,disabled,0,0.0,50.0,alpha
844,2.319681406021118,-2.2235214710235596,0.0,-0.40573790669441223,1.3317346572875977,0.053363144397735596,0,0,0,0.016326716169714928,0.5,0.3,0,0,wall,both,1,1,1,1,1,1,0.0,0,0,0,alpha,full,huber,-4.539559359318651,8.65608930042031,-2.6237923822117466,-2.3041032627015245,10.430528932454417,2.027391103134559,-2.527711722627685,10.596163899497192,2.1204965934015814,182.87444285361138,0.016326716169714928,250,3.6386302709579468,0.8244860776168352,1.0,disabled,single,3,row_7,row_6,-0.40573790669441223,-2.056340217590332,0.7805281972186588,0.1498101095110943,0.6633862886820586,1.6506023108959198,-0.15795349413711338,1,80,0,disabled,0,0.0,50.0,alpha
848,2.41264009475708,-2.4053025245666504,-45.59899139404297,-3.9578425884246826,3.8319551944732666,0.4125720262527466,9,0,76,0.021166231483221054,0.6382978723404256,0.3,85,85,wall,both,1,1,1,1,1,1,0.0,3,3,0,alpha,full,huber,-4.54721770607651,11.236212930915588,3.044633825591296,-3.1528558687223667,11.204026305901683,3.0113934290906954,-3.123612994559028,11.362527758831389,2.9743096283328434,144.64000145270592,0.021166231483221054,250,3.6491628885269165,0.8221063547018125,1.0,disabled,single,3,row_7,row_6,-3.9578425884246826,-6.340365409851074,0.8975221086127327,0.08285689243831884,0.380537775046409,2.3825228214263916,-3.84972506305337,0,80,1,disabled,0,0.0,50.0,alpha
852,0.5275951623916626,-0.1150234043598175,-45.9068603515625,-1.4763131141662598,2.5774335861206055,0.003654301166534424,12,0,102,0.023994602262973785,0.5681818181818182,0.3,114,114,wall,both,1,1,1,1,1,1,0.0,1,1,0,alpha,full,huber,-4.086736083255733,9.9615526023271,-1.6120646778232832,-4.1148570377221505,10.805964126138324,-2.4030178679774212,-3.904396776949744,11.13239866706946,-2.5821803563531276,102.93190695140967,0.023994602262973785,250,2.165547013282776,1.0,1.0,disabled,single,3,row_6,row_7,-1.4763131141662598,-1.8389129638671875,0.5469979486309741,0.38063663361256395,0.8877037390534852,0.36259984970092773,-0.873002887381474,1,81,1,disabled,0,0.0,50.0,alpha
856,2.9794857501983643,-3.668320417404175,-48.88798141479492,-0.05789861083030701,0.5073988437652588,0.012970805168151855,22,10,97,0.026850515976548195,0.5376344086021506,0.3,119,129,wall,both,1,1,1,1,1,1,0.0,5,5,0,alpha,full,huber,-5.822835788219947,7.190265457419375,-1.222635113150452,-4.8642205070527815,10.027558682081269,-1.673329797757297,-4.6068399526115105,10.44064489406192,-1.887473228871836,97.94800869318604,0.026850515976548195,250,4.556403875350952,0.6584139777927233,1.0,disabled,single,3,row_7,row_8,-0.05789861083030701,-0.8110182881355286,0.6471020223100238,0.3047172477119469,0.7898914725332994,0.7531196773052216,0.3773527009041501,1,82,0,disabled,0,0.0,50.0,alpha
860,2.4993984699249268,-2.581401824951172,-47.286720275878906,-1.2967525720596313,2.277249336242676,0.18805021047592163,7,7,107,0.019176116213202477,0.5535055350553506,0.3,112,121,wall,both,1,1,1,1,1,1,0.0,9,9,0,alpha,full,huber,-3.3449697021028206,10.094440035327299,-0.9032365982782746,-4.482486206937432,9.706201871087716,-1.299419646970553,-4.616069571979818,9.855524960167239,-1.4050152502811335,153.10858826068178,0.019176118075847626,250,4.158292770385742,0.7214499232389802,1.0,disabled,single,3,row_6,row_5,-1.2967525720596313,-2.5521602630615234,0.657727901017632,0.18742591184737886,0.8782230710113087,1.255407691001892,-0.877788614588751,1,83,0,disabled,0,0.0,50.0,alpha
864,3.071160316467285,-3.8954389095306396,-46.6860466003418,-0.8322091698646545,1.9351696968078613,0.0017954707145690918,22,0,87,0.03359490633010864,0.5791505791505792,0.3,96,109,wall,both,1,1,1,1,1,1,0.0,8,8,0,alpha,full,huber,-3.0937623632094726,9.830744648305211,-1.4666149376285713,-4.263560317644185,9.729201204533478,-1.3451667806272367,-4.420343163095652,9.675986285538773,-1.2756204871045267,113.81732479086757,0.03359490633010864,250,4.03075385093689,0.7442776490315066,1.0,disabled,single,3,row_6,row_5,-0.8322091698646545,-2.00101375579834,0.6735164749117669,0.20928728369536376,0.8447954488654368,1.1688045859336853,-0.4369663480696378,0,83,0,disabled,0,0.0,50.0,alpha
868,1.4742799997329712,-0.8981411457061768,-33.6109504699707,-0.9046022891998291,1.2544300556182861,0.36871951818466187,47,2,73,0.02622261270880699,0.551470588235294,0.3,120,122,wall,both,1,1,1,1,1,1,0.0,5,5,0,alpha,full,huber,-4.464130585187228,8.530788973455717,-1.4080387685287086,-4.253093027497558,8.983655963550099,-1.0970638553851786,-4.268632689173204,9.105898920143321,-1.0703527582023078,120.57411613451971,0.02622261270880699,250,2.3165335655212402,1.0,1.0,disabled,single,3,row_7,row_6,-0.5773053765296936,-1.0238959789276123,0.5476889215089003,0.3504145428923549,0.9299041065978436,0.4465906023979187,0.024742438165315295,1,84,0,disabled,0,0.0,50.0,alpha
872,2.4657113552093506,-2.5122861862182617,-41.41432189941406,-1.0733449459075928,1.5487732887268066,0.36383193731307983,49,10,68,0.01828143559396267,0.5415162454873647,0.3,78,127,wall,both,1,1,1,1,1,1,0.0,8,8,0,alpha,full,huber,-4.38809551846665,8.82411820119535,-1.4143570443503348,-4.406685458165821,8.610822314817362,-1.119080564066911,-4.252203773664989,8.702100520260434,-0.9947141508081585,119.06198494821314,0.01828143559396267,250,2.7710071802139282,1.0,1.0,disabled,single,3,row_7,row_6,-0.8028528094291687,-1.0385328531265259,0.505024229558947,0.3989860140429918,0.9365599375197042,0.23568004369735718,-0.11970393789606804,0,84,0,disabled,0,0.0,50.0,alpha
876,1.8861973285675049,-1.4701406955718994,-41.714454650878906,-1.0426030158996582,2.1660327911376953,0.0009261369705200195,48,4,88,0.016279704868793488,0.5172413793103449,0.3,107,140,wall,both,1,1,1,1,1,1,0.0,11,11,0,alpha,full,huber,-3.982909867162757,9.486192248693271,-1.4835064953177834,-4.277363432418188,8.423610844806564,-1.1039925210461157,-4.160330638602138,8.402055710070169,-1.0094215945671907,180.46430585598003,0.016279704868793488,250,3.1628764867782593,0.9485036840802572,1.0,disabled,single,3,row_6,row_7,-1.0426030158996582,-1.5969607830047607,0.586713772242806,0.33703248576367184,0.8756482841800881,0.5543577671051025,-0.5093848266539427,1,85,0,disabled,0,0.0,50.0,alpha
880,2.7428319454193115,-3.1087303161621094,-34.00395584106445,-0.22164089977741241,0.9986911416053772,3.546476364135742e-05,75,0,56,0.02132599987089634,0.5338078291814947,0.3,94,131,wall,both,1,1,1,1,1,1,0.0,11,11,0,alpha,full,huber,-4.132518531021648,7.116283478284494,-1.052977488823819,-4.163959381192962,7.561090747261241,-1.0940855575560569,-3.9946433864299435,7.715218315658477,-1.0112562576285713,115.10774193832663,0.02132599987089634,164,3.2598934173583984,0.9202754863166664,1.0,disabled,single,3,row_7,row_6,-0.22164089977741241,-0.7663460373878479,0.6029722695113984,0.3497316235581833,0.8167742377992318,0.5447051376104355,0.2842431710782849,1,86,0,disabled,0,0.0,50.0,alpha
884,5.558298587799072,-10.061898231506348,-37.06795883178711,-0.11411546170711517,0.7161049246788025,0.006231963634490967,90,2,61,0.025006555020809174,0.49504950495049505,0.3,120,153,wall,both,1,1,1,1,1,1,0.0,11,11,0,alpha,full,huber,-4.036782773966065,6.365406569504012,-0.9496964059630408,-3.7944159615012354,6.541344899576017,-1.0903187170512798,-3.6363850985819415,6.716113535657099,-1.040679539458238,79.70857353599324,0.025006555020809174,117,6.016037940979004,0.4986670678329869,1.0,disabled,single,3,row_7,row_6,-0.11411546170711517,-0.5153408646583557,0.5694361334368273,0.38123699988289644,0.8367328993096165,0.40122540295124054,0.4489931856513453,0,86,0,disabled,0,0.0,50.0,alpha
888,1.955905556678772,-1.580812692642212,-27.378826141357422,-0.22187383472919464,0.6146383881568909,0.18382340669631958,97,14,34,0.023244911804795265,0.5084745762711864,0.3,120,145,wall,both,1,1,1,1,1,1,0.0,12,12,0,alpha,full,huber,-3.037054956016238,5.749629324957921,-0.5095080050833247,-3.454726443056646,5.679156810721007,-1.1571649319211887,-3.292626863486239,5.7660703043699915,-1.1116261576241233,86.08202965413871,0.023244911804795265,102,1.7368476390838623,1.0,1.0,disabled,single,3,row_6,row_7,-0.22187383472919464,-0.5227263569831848,0.5259576725322767,0.38930699273107916,0.9143588186179827,0.3008525222539902,0.4206607052241115,1,87,0,disabled,0,0.0,50.0,alpha
892,3.403872013092041,-4.720344543457031,-33.555057525634766,-0.03247921168804169,0.3067995309829712,0.05322378873825073,118,4,26,0.03517499566078186,0.5033557046979865,0.3,116,148,wall,both,1,1,1,1,1,1,0.0,11,11,0,alpha,full,huber,-4.851221146062098,4.449079562881815,-2.0029698286461994,-3.4479591059150794,4.404706699938895,-1.439255934182337,-3.0310583238149498,4.399255992335116,-1.343937664171753,88.22430182373064,0.03517499566078186,164,4.7741053104400635,0.6283899924535742,1.0,disabled,single,3,row_7,row_8,-0.03247921168804169,-1.2937395572662354,0.6893984227281084,0.1953043323349388,0.8244522582409054,1.2612603455781937,0.33945670110471,1,88,0,disabled,0,0.0,50.0,alpha
896,2.1972758769989014,-1.995050072669983,-30.42116928100586,-0.3495655059814453,1.2542108297348022,5.5909156799316406e-05,105,5,32,0.010323455557227135,0.5136986301369862,0.3,120,142,wall,both,1,1,1,1,1,1,0.0,10,10,0,alpha,full,huber,-2.9928105211825624,2.869499312870721,-1.4904220426495138,-3.1462493955268545,3.4762913607265697,-1.3858782055903038,-2.9937294417310127,3.5265467985417827,-1.3636644987033149,188.19122094565662,0.010323455557227135,250,3.2198792695999146,0.931711952160481,1.0,disabled,single,3,row_6,row_7,-0.3495655059814453,-0.514634907245636,0.5165514814787768,0.4379503536202204,0.8434104508018764,0.16506940126419067,0.3110148156834537,1,89,0,disabled,0,0.0,50.0,alpha
900,3.3384957313537598,-4.558254241943359,-27.16541862487793,-0.7248483896255493,0.5841231942176819,0.3987623453140259,137,0,15,0.020999563857913017,0.49668874172185423,0.3,120,152,wall,both,1,1,1,1,1,1,0.0,10,10,0,alpha,full,huber,-2.4889348368242397,4.485514308146876,-0.531423359738266,-2.835783533008591,3.582655133581237,-1.2669456127240348,-2.894509869612228,3.4582553900718978,-1.315366371255798,158.72694026283872,0.020999563857913017,250,4.852827548980713,0.6181962927221923,1.0,disabled,single,3,row_6,row_7,-0.22201737761497498,-1.1787992715835571,0.5810517065170797,0.22319768412067859,0.9694433636679038,0.9567818939685822,0.3208981527486645,0,89,0,disabled,0,0.0,50.0,alpha
904,0.3697139322757721,-0.05648281052708626,-37.128849029541016,-0.05225534737110138,0.40971842408180237,0.06052285432815552,135,11,12,0.009499074891209602,0.48701298701298706,0.3,120,158,wall,both,1,1,1,1,1,1,0.0,12,12,0,alpha,full,huber,-1.4007163084487837,3.7150211624680343,-1.107475352130387,-2.3285947339533077,3.034457033332825,-1.2454122088000104,-2.5172486613450333,2.8852249827604255,-1.2804231467543072,202.5469733806859,0.009499074891209602,250,1.9379009008407593,1.0,1.0,disabled,single,3,row_6,row_5,-0.05225534737110138,-0.6793351173400879,0.6098060768010067,0.32572752850962794,0.8437272134753617,0.6270797699689865,0.4423589318703797,0,89,0,disabled,0,0.0,50.0,alpha
908,1.7041982412338257,-1.2001205682754517,-30.02665901184082,-0.31861090660095215,0.9515234231948853,0.16960495710372925,133,2,12,0.010019633919000626,0.5050505050505051,0.3,120,147,wall,both,1,1,1,1,1,1,0.0,13,13,0,alpha,full,huber,-0.8192835333340782,3.3230287988127225,-0.8888702399409665,-2.089154857588391,2.9446925242935,-1.236278467881435,-2.3032017594667122,2.914958753526963,-1.2583508073178709,193.31440234505453,0.0100196348503232,250,2.0790858268737793,1.0,1.0,disabled,single,3,row_6,row_5,-0.31861090660095215,-0.4994208812713623,0.51899485367699,0.4331499585329139,0.8482522467809814,0.18080997467041016,0.3372504051084084,0,89,0,disabled,0,0.0,50.0,alpha
912,0.5394042730331421,-0.12023015320301056,-26.897064208984375,-0.25822171568870544,1.0766440629959106,0.012424707412719727,119,4,24,0.01380158495157957,0.5050505050505051,0.3,120,147,wall,both,1,1,1,1,1,1,0.0,9,9,0,alpha,full,huber,-2.8036006735710077,2.749912806095202,-1.6376509743504886,-2.603091035296928,2.2472550572843852,-1.446410976548325,-2.3783091540191807,2.349431358227712,-1.3547147882283292,146.43907512259847,0.01380158495157957,250,0.8176141977310181,1.0,1.0,disabled,single,3,row_6,row_7,-0.25822171568870544,-0.565374493598938,0.547648523609052,0.4028164193268906,0.8448781771371188,0.30715277791023254,0.3438998623931877,0,89,0,disabled,0,0.0,50.0,alpha
916,1.5867310762405396,-1.0403783321380615,-29.41469955444336,-0.15736190974712372,0.8233917355537415,0.04051858186721802,108,8,21,0.01156134158372879,0.5226480836236934,0.3,120,137,wall,both,1,1,1,1,1,1,0.0,5,5,0,alpha,full,huber,-3.3044047644969208,1.4616780476507047,-1.319605834396033,-2.8816564623922725,1.588606633540535,-1.5785039899841393,-2.577952562395277,1.7319884341054554,-1.471463731996033,185.69219744809251,0.011561342515051365,250,2.2899582386016846,1.0,1.0,disabled,single,3,row_7,row_6,-0.15736190974712372,-0.576716959476471,0.5492555111618903,0.36111941585017804,0.9131126453359044,0.41935504972934723,0.4418296240435917,1,90,0,disabled,0,0.0,50.0,alpha
920,2.3917229175567627,-2.363776206970215,-34.6549186706543,-0.08592373132705688,0.6212746500968933,0.006060361862182617,103,19,19,0.00966176763176918,0.5154639175257733,0.3,120,141,wall,both,1,1,1,1,1,1,0.0,9,9,0,alpha,full,huber,-3.4259075704138935,0.9922949510524361,-1.123591031561149,-3.0145287202691877,0.8075158187921231,-1.5472990437314227,-2.758426959710845,0.8903275170214,-1.467057014453965,182.87848511108442,0.00966176763176918,224,2.889728307723999,1.0,1.0,disabled,single,3,row_7,row_6,-0.08592373132705688,-0.6491113305091858,0.5673817177059509,0.32306214416086965,0.9288430711919715,0.5631875991821289,0.480799246973304,0,90,0,disabled,0,0.0,50.0,alpha
924,1.3877639770507812,-0.7958218455314636,-36.244895935058594,-0.19541682302951813,0.8856155872344971,0.07194113731384277,99,24,30,0.010424464009702206,0.49504950495049505,0.3,120,153,wall,both,1,1,1,1,1,1,0.0,7,7,0,alpha,full,huber,-2.686345061193925,0.9520661510110924,-1.3413943042248573,-2.940152052907391,0.271475521273978,-1.5087554994637304,-2.8102950755734444,0.20636224960985983,-1.472695047133249,190.4671353323908,0.010424464009702206,250,2.370008111000061,1.0,1.0,disabled,single,3,row_6,row_7,-0.19541682302951813,-0.37912043929100037,0.5238456285923507,0.4359351190392948,0.8298779357570523,0.18370361626148224,0.4511414169582427,1,91,0,disabled,0,0.0,50.0,alpha
928,1.2654398679733276,-0.6617099642753601,-39.320804595947266,-0.05721911042928696,0.506247341632843,0.008081614971160889,99,9,59,0.009878290817141533,0.47318611987381703,0.3,120,167,wall,both,1,1,1,1,1,1,0.0,7,7,0,alpha,full,huber,-3.139248839606404,-0.18644187753484165,-1.4975013652220952,-3.0243399200252856,-0.5651651347908453,-1.5415294062041023,-2.8681471337390905,-0.6790129327107897,-1.5013379845896553,202.51120915051902,0.009878290817141533,250,1.8512468338012695,1.0,1.0,disabled,single,3,row_7,row_6,-0.05721911042928696,-0.37847772240638733,0.5302704907288087,0.3845710757412017,0.9136588399043846,0.3212586119771004,0.5771489323303083,1,92,0,disabled,0,0.0,50.0,alpha
932,1.389583945274353,-0.7979105710983276,-37.110435485839844,-0.3258362412452698,0.2472350299358368,0.27658987045288086,122,18,9,0.012390455231070518,0.5016722408026756,0.3,120,149,wall,both,1,1,1,1,1,1,0.0,5,5,0,alpha,full,huber,-0.7222754813708286,-1.648509174817897,-0.9833952385496643,-2.592929122450848,-1.36983079294297,-1.356883326696859,-2.7036261384193887,-1.4112536857412712,-1.4282500256036448,166.16930391989118,0.012390455231070518,250,3.7118486166000366,0.8082226162412646,1.0,disabled,single,3,row_6,row_5,-0.0204328503459692,-1.1272876262664795,0.6520119809809707,0.21555328940040694,0.8773759152570642,1.1068547759205103,0.4072594911406617,1,93,0,disabled,0,0.0,50.0,alpha
936,1.4848774671554565,-0.9110996723175049,-36.75544738769531,-0.05070486292243004,0.4734467566013336,0.014794230461120605,93,4,32,0.010277311317622662,0.5376344086021506,0.3,120,129,wall,both,1,1,1,1,1,1,0.0,3,3,0,alpha,full,huber,-4.1933740374258655,-1.8573131192955175,-1.7969476048403412,-2.782372526302841,-1.828277707828059,-1.4015186099649322,-2.7122418970032225,-1.8340738033429425,-1.3965241465331075,213.7806206678428,0.010277311317622662,250,2.9473886489868164,1.0,1.0,disabled,single,3,row_7,row_8,-0.05070486292243004,-0.5108242630958557,0.5690926208766346,0.3592159713281535,0.8775154202858289,0.4601194001734257,0.5130072168382686,1,94,0,disabled,0,0.0,50.0,alpha
940,2.1963841915130615,-1.9934312105178833,-22.491222381591797,-0.22872954607009888,1.0140587091445923,0.007259190082550049,124,13,20,0.015315910801291466,0.4885993485342019,0.3,120,157,wall,both,1,1,1,1,1,1,0.0,5,5,0,alpha,full,huber,-2.355437341005325,-2.107727411301841,-1.3402222809229942,-2.18728916313394,-2.704535518010754,-1.2239854038044657,-2.3545966109864374,-2.8098585845451787,-1.2953802941653756,172.26215113131403,0.01531591173261404,250,3.016084909439087,0.9946669573562906,1.0,disabled,single,3,row_7,row_6,-0.22872954607009888,-0.4584921598434448,0.5237520835155134,0.41623742703938127,0.8723852989345624,0.22976261377334595,0.4180072836110239,0,94,0,disabled,0,0.0,50.0,alpha
944,1.9133673906326294,-1.5127995014190674,-21.774728775024414,-0.18209299445152283,0.905139148235321,0.0027770400047302246,129,16,12,0.014991777017712593,0.4885993485342019,0.3,120,157,wall,both,1,1,1,1,1,1,0.0,4,4,0,alpha,full,huber,-2.1631209953081445,-2.919588678960174,-1.2941995611916286,-2.165017500243115,-3.3222596569492016,-1.3280285871305146,-2.1550768850207076,-3.4366570627138007,-1.3115120278637684,174.79554298670232,0.014991777017712593,250,2.578797221183777,1.0,1.0,disabled,single,3,row_7,row_6,-0.18209299445152283,-0.6197686195373535,0.5741402792817026,0.3706277280383946,0.8464126444017854,0.4376756250858307,0.3727885290766597,0,94,0,disabled,0,0.0,50.0,alpha
948,1.6140331029891968,-1.076488733291626,-33.79712677001953,-0.2871982753276825,1.1349531412124634,0.015253663063049316,92,21,39,0.010126535780727863,0.49668874172185423,0.3,120,152,wall,both,1,1,1,1,1,1,0.0,2,2,0,alpha,full,huber,-4.35619493028526,-3.734330076054105,-1.6049323912444233,-2.1815141064022203,-3.9812891256591234,-1.3895690906749742,-2.068348303501128,-4.08576925196394,-1.3410652440782216,195.0613863590625,0.010126535780727863,250,2.530891537666321,1.0,1.0,disabled,single,3,row_8,row_7,-0.2871982753276825,-0.38626933097839355,0.5079931260772831,0.46007837734063256,0.8112129734715522,0.09907105565071106,0.390089087511453,1,95,0,disabled,0,0.0,50.0,alpha
952,3.1716880798339844,-4.144681453704834,-35.47303009033203,-0.3413018584251404,1.094619631767273,0.13558781147003174,97,22,49,0.01867705211043358,0.4716981132075471,0.3,120,168,wall,both,1,1,1,1,1,1,0.0,2,2,0,alpha,full,huber,-4.059168925530151,-5.43589811860261,-1.956862839725424,-2.46794027900133,-4.554269631278539,-1.4715724953072145,-2.2126701729559333,-4.557230528191797,-1.4049202760056325,179.14356326329593,0.01867705211043358,250,4.912707567214966,0.610661220712698,1.0,disabled,single,3,row_8,row_7,-0.3124576807022095,-0.5079568028450012,0.52112565292525,0.4285862781332403,0.8531370674299923,0.19549912214279175,0.33930640916490373,0,95,0,disabled,0,0.0,50.0,alpha
956,1.6815348863601685,-1.1684130430221558,-28.874391555786133,-0.2174326628446579,0.9717379212379456,0.043133437633514404,107,24,28,0.012837836518883705,0.4854368932038835,0.3,120,159,wall,both,1,1,1,1,1,1,0.0,2,2,0,alpha,full,huber,-1.5477017596679532,-5.216045665358008,-1.3770991838840445,-1.8173818682826108,-4.782908826978618,-1.343920091941124,-1.98821004195103,-4.830246991956869,-1.3727802965393425,164.1954535713349,0.012837836518883705,250,2.1725958585739136,1.0,1.0,disabled,single,3,row_6,row_7,-0.2174326628446579,-0.3023257851600647,0.503261231219363,0.46230103016137464,0.8182525875429097,0.0848931223154068,0.46921323449082386,1,96,0,disabled,0,0.0,50.0,alpha
960,0.5553895831108093,-0.12746180593967438,-31.258520126342773,-0.26372072100639343,1.0661354064941406,0.05222630500793457,104,48,18,0.013236401602625847,0.46875,0.3,120,170,wall,both,1,1,1,1,1,1,0.0,3,3,0,alpha,full,huber,-1.6030251373357136,-4.826025104046966,-1.3472627387492064,-1.6662041977440647,-4.91947900664748,-1.3402243267176084,-1.800018892332563,-5.010366886570909,-1.363462934334407,154.4456159675199,0.013236401602625847,213,0.7986217737197876,1.0,1.0,disabled,single,3,row_6,row_7,-0.26372072100639343,-0.31308531761169434,0.4941909524056198,0.47038776629731216,0.8214104496244972,0.0493645966053009,0.4411125721452339,0,96,0,disabled,0,0.0,50.0,alpha
964,1.4302314519882202,-0.8452735543251038,-34.2060432434082,-0.030617989599704742,0.37118685245513916,0.0002626776695251465,98,39,36,0.051932383328676224,0.46439628482972134,0.3,120,173,wall,both,1,1,1,1,1,1,0.0,2,2,0,alpha,full,huber,-0.9903718318482438,-5.679328565454698,-0.8739238167961445,-1.402680825374348,-5.41222695444776,-1.2046136555597766,-1.5602697838475028,-5.406585013819026,-1.2561051230918387,50.73050985647197,0.05193237587809563,92,2.18021297454834,1.0,1.0,disabled,single,3,row_6,row_7,-0.030617989599704742,-0.49496856331825256,0.5692405179398699,0.35779223686237216,0.8794893192329443,0.4643505737185478,0.5328342416877759,0,96,0,disabled,0,0.0,50.0,alpha
968,0.8038755059242249,-0.26703134179115295,-34.185665130615234,-0.20209023356437683,0.9304764866828918,0.04873234033584595,100,47,20,0.04138697683811188,0.47318611987381703,0.3,120,167,wall,both,1,1,1,1,1,1,0.0,3,3,0,alpha,full,huber,-1.4819438273330168,-4.976614032944529,-1.3584019805384644,-1.2993531320992329,-5.631714288210375,-1.2136253482985413,-1.3777969825617888,-5.678944471008983,-1.2641335719919975,59.8850616400728,0.04138697683811188,80,1.6356269717216492,1.0,1.0,disabled,single,3,row_6,row_7,-0.20209023356437683,-0.3623194098472595,0.519278021870985,0.44239814230355906,0.8260869371103088,0.1602291762828827,0.453225618068573,0,96,0,disabled,0,0.0,50.0,alpha
972,3.7098841667175293,-5.479051113128662,-40.026424407958984,-0.011806962080299854,0.2304922193288803,0.0005038976669311523,98,27,35,0.033238403499126434,0.48387096774193555,0.3,120,160,wall,both,1,1,1,1,1,1,0.0,2,2,0,alpha,full,huber,-0.35517949956790906,-6.394569622777013,-0.9285931571675614,-0.96626194355138,-6.061931866799497,-1.0914333737780648,-1.1140248262831496,-6.053619339563928,-1.1835075245536006,72.80850160459258,0.033238403499126434,122,4.694575786590576,0.6390353753728071,1.0,disabled,single,3,row_6,row_7,-0.011806962080299854,-0.6644635200500488,0.5623490479554762,0.292793089655057,0.9632066908514714,0.652656557969749,0.5638255780282975,0,96,0,disabled,0,0.0,50.0,alpha
976,4.7834906578063965,-8.140885353088379,-24.329099655151367,-0.17293894290924072,0.7387710809707642,0.11249536275863647,90,12,30,0.03286934271454811,0.5319148936170213,0.3,120,132,wall,both,1,1,1,1,1,1,0.0,1,1,0,alpha,full,huber,-1.2631914499971146,-6.056845771666267,-1.3757412522614252,-0.9999039700020396,-6.355502915973035,-1.1723606606768888,-0.958612456401403,-6.445685327440387,-1.1755373138179448,82.22495902416148,0.03286934271454811,133,5.34184455871582,0.5616037619636765,1.0,disabled,single,3,row_6,row_7,-0.12901873886585236,-0.2622286081314087,0.507309923331715,0.44403892885386087,0.8518435643166725,0.13320986926555634,0.549614434663174,0,96,0,disabled,0,0.0,50.0,alpha
980,2.5510671138763428,-2.6892330646514893,0.0,-0.029903113842010498,0.35585471987724304,0.020780324935913086,0,0,0,0.07071568071842194,0.5,0.3,0,0,wall,both,1,1,1,1,1,1,0.0,0,0,0,alpha,full,huber,-0.10735113158861737,-8.100546359450297,-1.17740924916894,-0.40639803244372363,-7.608010923275188,-1.1365493692532838,-0.4340717085593565,-7.622303707797613,-1.1350355855201726,57.485031652679474,0.07071568071842194,117,3.3817977905273438,0.8871021231379397,1.0,disabled,single,3,row_6,row_7,-0.029903113842010498,-0.8771510720252991,0.6344652312353765,0.2719272399594505,0.8644966654561426,0.8472479581832886,0.4250696765944663,0,96,0,disabled,0,0.0,50.0,alpha
984,0.18587303161621094,-0.014276358298957348,0.0,-0.07010019570589066,0.5583987832069397,0.01408076286315918,0,0,0,0.017277266830205917,0.5,0.3,0,0,wall,both,1,1,1,1,1,1,0.0,0,0,0,alpha,full,huber,-0.29485288136759147,-8.198328339055857,-1.2136171075336417,-0.12778897065351374,-8.147922609664153,-1.1436779348014552,-0.15186519026715614,-8.16230780315017,-1.1399147392131024,92.25003622721164,0.017277266830205917,117,0.7005388736724854,1.0,1.0,disabled,single,3,row_6,row_7,-0.07010019570589066,-0.7052609324455261,0.6079013300665613,0.3220967112613906,0.8536343695349178,0.6351607367396355,0.4276425005546241,0,96,0,disabled,0,0.0,50.0,alpha
988,1.4322736263275146,-0.8476892113685608,0.0,-0.3758959174156189,1.30054771900177,0.002417147159576416,0,0,0,0.025567350909113884,0.5,0.3,0,0,wall,both,1,1,1,1,1,1,0.0,0,0,0,alpha,full,huber,-1.0971053418845942,-10.01887470867593,-1.2728808155911164,0.0520615220084949,-9.238744490390392,-1.2145019826631211,0.18637535560329244,-9.214520308249886,-1.1690790697835993,79.8043915596134,0.025567352771759033,97,2.6999452114105225,1.0,1.0,disabled,single,3,row_7,row_6,-0.3758959174156189,-0.9348905682563782,0.6085135788024175,0.3479380951821889,0.8060749648714172,0.5589946508407593,0.12084013418262901,1,97,0,disabled,0,0.0,50.0,alpha
992,1.6227556467056274,-1.0881552696228027,0.0,-0.8707976341247559,1.5152708292007446,0.2972179055213928,0,0,0,0.018441934138536453,0.5,0.3,0,0,wall,both,1,1,1,1,1,1,0.0,0,0,0,alpha,full,huber,-1.4652811393464824,-10.463331060100078,-2.1339193690361915,0.14930239579064422,-10.480769537006378,-1.7000228782800593,0.41954798460237264,-10.440154106853534,-1.6296759911348193,120.56458842707326,0.018441936001181602,148,3.6508166790008545,0.8217339471619353,1.0,disabled,single,3,row_7,row_6,-0.8707976341247559,-1.8301680088043213,0.7121201449088377,0.2728374687549875,0.6592849435804956,0.9593703746795654,-0.5312889951686124,0,97,0,disabled,0,0.0,50.0,alpha
996,0.8092843294143677,-0.27063682675361633,-48.96938705444336,-2.325577735900879,2.9386041164398193,0.31562215089797974,7,0,83,0.015501150861382484,0.625,0.3,90,90,wall,both,1,1,1,1,1,1,0.0,1,1,0,alpha,full,huber,0.7189372342570247,-11.472571233481808,-2.198674777491805,0.5877192102245531,-11.360353786481413,-2.709570168216022,0.47124539732813864,-11.449692599726465,-2.726956397458169,133.2976287851027,0.015501150861382484,250,1.3438715934753418,1.0,1.0,disabled,single,3,row_6,row_7,-2.325577735900879,-3.38157057762146,0.631253878816337,0.21957970416073888,0.9071160172236449,1.055992841720581,-1.8655305821489767,1,98,1,disabled,0,0.0,50.0,alpha
1000,2.408444404602051,-2.396944046020508,-49.33745574951172,-1.5738180875778198,2.574225902557373,0.15748578310012817,2,0,133,0.026261208578944206,0.5263157894736842,0.3,120,135,wall,both,1,1,1,1,1,1,0.0,4,4,0,alpha,full,huber,-2.161515560453037,-11.585731139573868,2.3680313917910096,-0.4816681399348278,-11.599318708093222,2.3802346446169294,-0.3853313388226621,-11.691817144816632,2.4295707758673952,110.31003654068525,0.026261208578944206,250,4.337183237075806,0.6916931648990337,1.0,disabled,single,3,row_7,row_8,-1.5738180875778198,-2.5423805713653564,0.6593521626326675,0.2503087854262389,0.8385030412497704,0.9685624837875366,-1.157320589790425,1,99,1,disabled,0,0.0,50.0,alpha
1004,3.3389787673950195,-4.559451580047607,-41.67375946044922,-1.5188621282577515,2.6143600940704346,0.00019991397857666016,25,1,104,0.00980553962290287,0.5357142857142857,0.3,120,130,wall,both,1,1,1,1,1,1,0.0,3,3,0,alpha,full,huber,-0.6925702616878676,-11.323601674414808,1.779172213078347,-1.3753341003465414,-10.728448345608161,1.7043472404083033,-1.4260822114696725,-10.739123422413138,1.720127053577695,211.48347574972308,0.00980553962290287,250,4.2456724643707275,0.7066018458031583,1.0,disabled,single,3,row_7,row_6,-1.5188621282577515,-1.9375929832458496,0.589843976644793,0.3880472849302286,0.7629871519763862,0.41873085498809814,-0.9909649048385164,0,99,1,disabled,0,0.0,50.0,alpha
1008,1.0907796621322632,-0.4916529953479767,-38.01280975341797,-0.13697174191474915,0.678118109703064,0.09231531620025635,49,15,71,0.010414832271635532,0.5263157894736842,0.3,120,135,wall,both,1,1,1,1,1,1,0.0,4,4,0,alpha,full,huber,-1.6254759854276934,-9.626601670798246,1.3661059676643967,-1.496405642541505,-10.251552227774942,1.4832403347131258,-1.480526362826748,-10.36717336709965,1.556377375334547,173.1636080419392,0.010414833202958107,250,1.519301176071167,1.0,1.0,disabled,single,3,row_7,row_6,-0.13697174191474915,-1.1383275985717773,0.696362704224798,0.2558304178488529,0.7461222528926259,1.0013558566570282,0.2249128857125947,0,99,0,disabled,0,0.0,50.0,alpha
1012,1.9209469556808472,-1.5248087644577026,-43.7077522277832,-0.25352442264556885,1.0573301315307617,0.03531968593597412,58,0,72,0.0074181389063596725,0.5357142857142857,0.3,120,130,wall,both,1,1,1,1,1,1,0.0,7,7,0,alpha,full,huber,-2.451616246323179,-9.942631862261596,2.0657382500674917,-1.589081068910946,-9.897888081085824,1.5183109528246501,-1.5321810714046193,-9.950654620669248,1.5438027928040068,220.29793096374652,0.007418137975037098,250,2.6899911165237427,1.0,1.0,disabled,single,3,row_7,row_8,-0.25352442264556885,-1.147786021232605,0.6426433266107036,0.26278291412224886,0.8583852454467849,0.8942615985870361,0.18864098800814938,0,99,0,disabled,0,0.0,50.0,alpha
1016,0.33809778094291687,-0.047235582023859024,-40.42742919921875,-0.07184413075447083,0.5566085577011108,0.027096331119537354,66,13,71,0.011719882488250732,0.5,0.3,120,150,wall,both,1,1,1,1,1,1,0.0,5,5,0,alpha,full,huber,-2.4817887946658805,-9.115236667463721,2.0324910279225543,-1.6745089866660603,-9.289533585166946,1.5505357065508718,-1.595905182371263,-9.344545167314891,1.5512554195447859,188.4605925543821,0.011719880625605583,250,0.9715849459171295,1.0,1.0,disabled,single,3,row_7,row_8,-0.07184413075447083,-0.9666734933853149,0.6336734436843704,0.2589679699894569,0.87855373238429,0.8948293626308441,0.3843773995391761,0,99,0,disabled,0,0.0,50.0,alpha
1020,0.8645395636558533,-0.3088548183441162,-37.286376953125,-0.18115460872650146,0.7828750610351562,0.10494875907897949,93,16,58,0.009484372101724148,0.47318611987381703,0.3,120,167,wall,both,1,1,1,1,1,1,0.0,8,8,0,alpha,full,huber,-1.1958570056902873,-7.529967175587348,1.7813701214299744,-1.7026972692006832,-8.190801094368245,1.5776475723720513,-1.6388611275855807,-8.233472277590504,1.548014536172702,190.48514717143635,0.009484372101724148,229,0.7674776315689087,1.0,1.0,disabled,single,3,row_7,row_6,-0.1487836241722107,-0.4462758004665375,0.555243380379,0.41236726184977673,0.8030616146032118,0.2974921762943268,0.43956511398128684,0,99,0,disabled,0,0.0,50.0,alpha
1024,2.329188108444214,-2.241783857345581,-35.70256042480469,-0.2955291271209717,1.1428332328796387,0.0360068678855896,96,34,47,0.022414742037653923,0.4587155963302753,0.3,120,177,wall,both,1,1,1,1,1,1,0.0,8,8,0,alpha,full,huber,-3.14148869420427,-7.251752515822912,2.3134225462351132,-2.2333351022002983,-7.48136185490105,1.7120065769324013,-1.9279731646369522,-7.5008364664749925,1.6218682333487688,128.1568576232065,0.022414742037653923,246,3.9792208671569824,0.7539164324254757,1.0,disabled,single,3,row_7,row_8,-0.2955291271209717,-1.0305907726287842,0.5987329367623141,0.2870780140301593,0.9131663815446747,0.7350616455078125,0.2174105016426383,0,99,0,disabled,0,0.0,50.0,alpha
1028,1.7262283563613892,-1.2313488721847534,-27.282827377319336,-0.18325431644916534,0.7254586219787598,0.1274508833885193,95,19,38,0.03631063178181648,0.49668874172185423,0.3,107,152,wall,both,1,1,1,1,1,1,0.0,7,7,0,alpha,full,huber,-1.1466078284627808,-6.196795879714237,1.7343462319878071,-2.000772381003287,-6.706762425289382,1.7025411131624766,-1.9801570129821342,-6.795009050416696,1.6659373364630614,141.878665259925,0.03631063178181648,250,2.608254909515381,1.0,1.0,disabled,single,3,row_6,row_7,-0.12279998511075974,-0.28485676646232605,0.5098158570261859,0.4335437936415824,0.8684218192102358,0.16205678135156631,0.5509056980070803,1,100,0,disabled,0,0.0,50.0,alpha
1032,1.453029990196228,-0.8724364638328552,-31.584705352783203,-0.03180202469229698,0.3765314519405365,0.008519649505615234,116,33,16,0.016714271157979965,0.47619047619047616,0.3,120,165,wall,both,1,1,1,1,1,1,0.0,9,9,0,alpha,full,huber,-2.7245823002992573,-6.384902192922259,2.174884314647832,-2.3341391955824387,-6.438122246480276,1.8631476042108255,-2.1696784941432217,-6.485259921369481,1.7776458171571274,174.75518910607707,0.016714271157979965,250,2.548720359802246,1.0,1.0,disabled,single,3,row_7,row_6,-0.03180202469229698,-1.0907647609710693,0.6156246176244919,0.21350807512005884,0.9302241745975526,1.0589627362787724,0.45331586348125613,1,101,0,disabled,0,0.0,50.0,alpha
1036,4.621144771575928,-7.738375186920166,-30.09595489501953,-0.061487626284360886,0.5256190896034241,0.004775583744049072,110,40,28,0.012146564200520515,0.4573170731707317,0.3,120,178,wall,both,1,1,1,1,1,1,0.0,10,10,0,alpha,full,huber,-2.810234038627472,-6.544688722848348,2.1420259599830924,-2.798925525495556,-6.1764008678514255,1.9994984117311332,-2.5209432863952954,-6.156224244105038,1.8923601508648584,169.44655619840464,0.012146564200520515,250,5.06802225112915,0.5919468880255218,1.0,disabled,single,3,row_7,row_6,-0.061487626284360886,-1.2273364067077637,0.6182639386977739,0.1926869152876705,0.9294895610155408,1.1658487804234028,0.41935220114356253,0,101,0,disabled,0,0.0,50.0,alpha
1040,2.1168856620788574,-1.85173761844635,-31.5776424407959,-0.1543518751859665,0.8332164883613586,0.004262745380401611,135,28,18,0.027021611109375954,0.4531722054380664,0.3,104,181,wall,both,1,1,1,1,1,1,0.0,7,7,0,alpha,full,huber,-3.5118780724035696,-5.5909076906383985,1.8563174168777472,-3.352614798921973,-5.9656406763778165,2.0642320762915825,-3.003512436454523,-5.860607597522714,1.9842141504970598,134.69416084400433,0.027021611109375954,250,2.027512788772583,1.0,1.0,disabled,single,3,row_7,row_8,-0.1543518751859665,-0.5798746943473816,0.5462010803294529,0.3569031183492063,0.9242053639418195,0.4255228191614151,0.4504162168576562,0,101,0,disabled,0,0.0,50.0,alpha
1044,2.789555788040161,-3.215546131134033,-34.34280014038086,-0.23607505857944489,1.0306929349899292,0.0007312297821044922,109,22,49,0.014243567362427711,0.45454545454545453,0.3,120,180,wall,both,1,1,1,1,1,1,0.0,6,6,0,alpha,full,huber,-3.8134403017514615,-5.077885253881751,1.802195526109096,-3.774940126871165,-5.45352772547617,2.083259698523961,-3.5130626433263856,-5.374787845374485,2.0354038772013032,169.57713870879527,0.014243565499782562,218,3.1131722927093506,0.9636472761323279,1.0,disabled,single,3,row_7,row_8,-0.23607505857944489,-0.4282773733139038,0.5137349826761286,0.4239032392397512,0.8790286381478292,0.19220231473445892,0.4299726858201989,0,101,0,disabled,0,0.0,50.0,alpha
1048,1.0532896518707275,-0.45843765139579773,-36.228492736816406,-0.0008770994027145207,0.06282132863998413,0.000152587890625,125,10,1,0.022723892703652382,0.5244755244755245,0.3,120,136,wall,both,1,1,1,1,1,1,0.0,8,8,0,alpha,full,huber,-5.478158407612458,-4.303682872967641,2.5770401723457965,-4.627455330167658,-4.3630642467454015,2.109818148358529,-4.346684783103551,-4.317398674242195,2.075219725915125,131.95591772666253,0.02272389456629753,185,1.9188435077667236,1.0,1.0,disabled,single,3,row_8,row_9,-0.0008770994027145207,-1.3529682159423828,0.6999524125896491,0.1810767970147228,0.812407480818282,1.3520911165396683,0.3558658288616868,1,102,0,disabled,0,0.0,50.0,alpha
1052,2.141732692718506,-1.8954623937606812,-33.950382232666016,-0.2644822895526886,1.0819332599639893,0.032658934593200684,101,34,31,0.011958698742091656,0.4746835443037975,0.3,120,166,wall,both,1,1,1,1,1,1,0.0,9,9,0,alpha,full,huber,-4.20077572999279,-3.134005439244395,2.178210033699842,-4.826188536594575,-3.6332524995819124,2.057821130150083,-4.750916085669557,-3.677387990199959,2.068555616900669,189.4141380873153,0.011958698742091656,250,2.515749454498291,1.0,1.0,disabled,single,3,row_7,row_8,-0.2625211179256439,-0.4394116699695587,0.5189508217911252,0.43481409456793446,0.8446603404193046,0.1768905520439148,0.393425038081317,1,103,0,disabled,0,0.0,50.0,alpha
1056,0.600977897644043,-0.14924563467502594,-30.6385440826416,-0.18535080552101135,0.862525463104248,0.0700499415397644,119,17,8,0.011968654580414295,0.5102040816326531,0.3,120,144,wall,both,1,1,1,1,1,1,0.0,6,6,0,alpha,full,huber,-6.410824315545858,-3.071039088873428,2.0760932015942295,-5.593683104348994,-3.310881112687242,2.1149660085804167,-5.31924483512034,-3.223714677618041,2.0940562023158105,179.9925612802791,0.01196865551173687,250,2.108139753341675,1.0,1.0,disabled,single,3,row_8,row_9,-0.18535080552101135,-0.9517943263053894,0.6060092853032283,0.2815899085284315,0.9060583298161112,0.766443520784378,0.3155091652266413,1,104,0,disabled,0,0.0,50.0,alpha
1060,1.0242409706115723,-0.433499813079834,-25.270339965820312,-0.21892870962619781,0.9925509095191956,0.00109022855758667,110,7,32,0.021976381540298462,0.5016722408026756,0.3,120,149,wall,both,1,1,1,1,1,1,0.0,8,8,0,alpha,full,huber,-7.055623292580044,-0.737869911748231,1.9185191992410449,-6.90496381787173,-1.388714889172669,2.1053515187367617,-6.670960514933791,-1.3374894402878001,2.118403788934181,157.4804232666667,0.021976381540298462,250,2.0549439191818237,1.0,1.0,disabled,single,3,row_8,row_9,-0.21892870962619781,-0.6248822808265686,0.5665188977166079,0.3774948278117726,0.851065064481267,0.4059535712003708,0.3493161307212179,0,104,0,disabled,0,0.0,50.0,alpha
1064,1.0796912908554077,-0.48170799016952515,-26.239439010620117,-0.2364603877067566,1.0315282344818115,0.0010744929313659668,100,12,27,0.014992404729127884,0.5190311418685121,0.3,120,139,wall,both,1,1,1,1,1,1,0.0,5,5,0,alpha,full,huber,-4.8336248991167565,0.011693560914873724,1.8614906417079098,-6.4441022283880205,-0.5180430439919759,1.9830743055187712,-6.717887766479797,-0.6648085107763639,2.0603577671899487,167.73484242737524,0.014992404729127884,250,3.4776068925857544,0.8626621963500214,1.0,disabled,single,3,row_7,row_8,-0.2364603877067566,-0.40606623888015747,0.4929281808075206,0.41603010872377,0.9317265461965436,0.16960585117340088,0.4709314057199544,1,105,0,disabled,0,0.0,50.0,alpha
1068,2.2125465869903564,-2.0228769779205322,-21.48612403869629,-0.09438344836235046,0.6516861915588379,0.0012912154197692871,104,0,18,0.013953294605016708,0.551470588235294,0.3,120,122,wall,both,1,1,1,1,1,1,0.0,3,3,0,alpha,full,huber,-4.675001581635569,0.7076034040606294,1.9586751689566384,-5.927723256831061,0.37168682708030265,1.8898554820411884,-6.460394043431146,0.11166380113181473,1.9772389745710903,173.53080038436997,0.013953294605016708,250,4.356172561645508,0.6886779523873533,1.0,disabled,single,3,row_7,row_8,-0.09438344836235046,-0.5254503488540649,0.5439405711666587,0.3534609796002168,0.9324165870271529,0.4310669004917145,0.5145318339103602,0,105,0,disabled,0,0.0,50.0,alpha
1072,2.95686411857605,-3.6128289699554443,-25.061614990234375,-0.21002613008022308,0.972171425819397,0.00012362003326416016,95,0,25,0.017262514680624008,0.5555555555555556,0.3,120,120,wall,both,1,1,1,1,1,1,0.0,4,4,0,alpha,full,huber,-7.009053251132913,-0.8191406577344944,1.887543485938095,-5.951518779075225,0.16966458119760652,1.855736681060638,-6.205956411253185,0.14066419116471063,1.916487827815864,164.86333698789423,0.017262514680624008,250,3.5571504831314087,0.8433716859116566,1.0,disabled,single,3,row_8,row_9,-0.21002613008022308,-0.6429807543754578,0.571452071658284,0.3706380542190345,0.8526167754424981,0.4329546242952347,0.3495485332988286,1,106,0,disabled,0,0.0,50.0,alpha
1076,4.137589931488037,-6.539478778839111,-26.735166549682617,-0.16460266709327698,0.8452328443527222,0.03783559799194336,93,0,27,0.011577875353395939,0.5555555555555556,0.3,120,120,wall,both,1,1,1,1,1,1,0.0,4,4,0,alpha,full,huber,-7.025565681948692,-0.3378259891453446,2.147778467629591,-6.501659688021052,0.35548750871330514,1.8572772019353887,-6.447398243366691,0.5079377768467543,1.8919575540341889,186.86376023565427,0.011577875353395939,250,5.35207986831665,0.5605297517623868,1.0,disabled,single,3,row_8,row_9,-0.16460266709327698,-0.7369742393493652,0.5944499859866303,0.33538026667946796,0.8620138793355673,0.5723715722560883,0.35551602715797936,0,106,0,disabled,0,0.0,50.0,alpha
1080,1.979369044303894,-1.6189676523208618,-27.83454704284668,-0.10134878009557724,0.6753265261650085,0.00044155120849609375,104,14,21,0.015996089205145836,0.5190311418685121,0.3,120,139,wall,both,1,1,1,1,1,1,0.0,3,3,0,alpha,full,huber,-4.97110669797838,1.9929453822677616,2.0475942388718114,-5.8235847794388045,1.198659961470907,1.8646292334142098,-6.191726269022865,1.0223351357148451,1.8816463726907768,148.6600347121848,0.015996089205145836,250,4.550410985946655,0.6592811087317397,1.0,disabled,single,3,row_7,row_8,-0.10134878009557724,-0.49688631296157837,0.5652841514813921,0.38061600074926977,0.8479198041018043,0.39553753286600113,0.46907797118757777,1,107,0,disabled,0,0.0,50.0,alpha
1084,5.434055805206299,-9.753857612609863,-33.416751861572266,-0.05968994274735451,0.5164439082145691,0.010145127773284912,119,2,24,0.009739532135426998,0.5084745762711864,0.3,120,145,wall,both,1,1,1,1,1,1,0.0,5,5,0,alpha,full,huber,-4.695298586805282,1.8233125796603953,1.934748502960784,-5.4437572958917695,2.0506747080683008,1.8303308888095386,-5.9118327703382025,1.8293814545276776,1.8525843666390998,187.4037499884431,0.009739532135426998,250,6.380953550338745,0.47014916757084674,1.0,disabled,single,3,row_7,row_8,-0.05968994274735451,-0.6552500128746033,0.592018047644469,0.32635216210749385,0.8803170763483592,0.5955600701272488,0.46452821592953464,0,107,0,disabled,0,0.0,50.0,alpha
1088,4.259716987609863,-6.842273712158203,-25.097259521484375,-0.11663004010915756,0.717255175113678,0.023772776126861572,122,14,10,0.012616508640348911,0.5067567567567568,0.3,120,146,wall,both,1,1,1,1,1,1,0.0,3,3,0,alpha,full,huber,-5.312706792629105,2.863851834711367,1.7725281278664395,-5.412883674992847,3.2085285875631477,1.71247170630212,-5.833603212451456,3.1104928040982696,1.7893800145015346,185.0295549974259,0.012616508640348911,246,4.924640417098999,0.609181533251363,1.0,disabled,single,3,row_7,row_8,-0.11663004010915756,-0.572892427444458,0.5881218992010294,0.3726620029948833,0.8070438856996895,0.45626238733530045,0.41419100089404925,0,107,0,disabled,0,0.0,50.0,alpha
1092,2.4977662563323975,-2.578031539916992,-32.198760986328125,-0.28813451528549194,1.1369221210479736,0.01478201150894165,111,14,29,0.008081477135419846,0.49342105263157904,0.3,120,154,wall,both,1,1,1,1,1,1,0.0,4,4,0,alpha,full,huber,-6.0935073092416605,4.447683437327999,1.7471001784604692,-5.922074219254554,3.9956059389572394,1.8413766791315274,-5.962423723473638,3.9338352103460954,1.8218838479837896,198.61818232892963,0.008081477135419846,250,2.9996321201324463,1.0,1.0,disabled,single,3,row_8,row_7,-0.28813451528549194,-0.5339291095733643,0.5397604966902603,0.4221374290334581,0.8213920029775185,0.24579459428787231,0.32849524717213985,1,108,0,disabled,0,0.0,50.0,alpha
1096,0.6110666990280151,-0.1542985588312149,-30.678363800048828,-0.24495914578437805,0.9690924882888794,0.09425508975982666,104,20,40,0.014189046807587147,0.47770700636942676,0.3,120,164,wall,both,1,1,1,1,1,1,0.0,4,4,0,alpha,full,huber,-5.505847768319028,4.556827860315564,1.9040127539161809,-5.744346524009816,4.701547074293904,1.7434627778742835,-5.942139850374929,4.663712563898654,1.7928550587789633,172.717794719767,0.014189046807587147,250,1.325320541858673,1.0,1.0,disabled,single,3,row_7,row_8,-0.24425584077835083,-0.673022985458374,0.5695656417135513,0.37096469396829046,0.8563049307597683,0.4287671446800232,0.3186253999507125,1,109,0,disabled,0,0.0,50.0,alpha
1100,0.6476407647132874,-0.17332172393798828,-34.971405029296875,-0.13997545838356018,0.7171235680580139,0.0793413519859314,81,21,24,0.011009067296981812,0.5434782608695653,0.3,98,126,wall,both,1,1,1,1,1,1,0.0,4,4,0,alpha,full,huber,-8.121242056524165,5.655067595894001,2.283779086063193,-6.313184807834423,5.7952406687505835,1.889322681620578,-6.256161083520568,5.798603903996824,1.8431171273361198,199.6184444487235,0.011009067296981812,250,1.5407557487487793,1.0,1.0,disabled,single,3,row_8,row_9,-0.13997545838356018,-0.7399210333824158,0.5997261025372426,0.32915457729252146,0.8603915557365025,0.5999455749988556,0.3713067653796077,1,110,0,disabled,0,0.0,50.0,alpha
1104,4.172234058380127,-6.6253743171691895,-30.078750610351562,-0.20551639795303345,0.9556224346160889,0.025141119956970215,110,7,29,0.014536259695887566,0.5067567567567568,0.3,120,146,wall,both,1,1,1,1,1,1,0.0,2,2,0,alpha,full,huber,-5.623781934111803,5.778478611662729,1.8554865182255345,-6.39102368877997,6.108571526418957,1.9133194192983496,-6.383492779922181,6.168085876656489,1.8788706290296524,190.89650258442055,0.01453626062721014,250,4.707226037979126,0.6373180246275022,1.0,disabled,single,3,row_7,row_8,-0.20551639795303345,-0.6404694318771362,0.5584496871386261,0.3614817278052048,0.895334011742017,0.4349530339241028,0.3770743522740909,1,111,0,disabled,0,0.0,50.0,alpha
1108,0.6993798017501831,-0.20212070643901825,0.0,-0.07458388805389404,0.39647555351257324,0.098563551902771,0,0,0,0.009406348690390587,0.5,0.3,0,0,wall,both,1,1,1,1,1,1,0.0,0,0,0,alpha,full,huber,-7.863009540045274,5.899035737864754,2.3304672282339887,-7.027700864188956,6.741451268441926,1.978703270888283,-6.838954538736241,6.873861608301456,1.9220464267975714,199.0287344780494,0.009406348690390587,250,1.9300228357315063,1.0,1.0,disabled,single,3,row_8,row_9,-0.07458388805389404,-0.9436717629432678,0.6269984741174491,0.26292169024468665,0.88682332297478,0.8690878748893738,0.3922272839227666,1,112,0,disabled,0,0.0,50.0,alpha
1112,0.8969460725784302,-0.33244308829307556,0.0,-0.006064126268029213,0.16018694639205933,0.009416699409484863,0,0,0,0.009498849511146545,0.5,0.3,0,0,wall,both,1,1,1,1,1,1,0.0,0,0,0,alpha,full,huber,-7.453986556390832,6.444400022038543,1.7454044534108135,-7.2339630514720445,6.885288509033457,2.003546400504049,-7.090540663971559,7.027159959253588,1.9707970141045879,200.35569118850594,0.009498849511146545,250,1.5594114661216736,1.0,1.0,disabled,single,3,row_8,row_7,-0.006064126268029213,-1.1511306762695312,0.6268378592704427,0.1994615247899176,0.9183835896662462,1.145066550001502,0.46100324317812263,0,112,0,disabled,0,0.0,50.0,alpha
1116,2.132467269897461,-1.879097819328308,0.0,-0.11125630885362625,0.5849043726921082,0.09290659427642822,0,0,0,0.01100737601518631,0.5,0.3,0,0,wall,both,1,1,1,1,1,1,0.0,0,0,0,alpha,full,huber,-8.173088225837175,6.246636641118684,2.317216826516587,-7.811940849650603,7.114226301676219,2.1291622737080482,-7.561720839559985,7.332002598421157,2.073291552651945,190.52998447857732,0.011007375083863735,250,3.381875514984131,0.8870817351815142,1.0,disabled,single,3,row_8,row_9,-0.11125630885362625,-0.6885725259780884,0.5846038717798862,0.32819838520432093,0.8922110847213645,0.5773162171244621,0.42556449451762435,0,112,0,disabled,0,0.0,50.0,alpha
1120,2.8034868240356445,-3.2477433681488037,-36.549644470214844,-0.2797147333621979,1.1189804077148438,0.018954932689666748,93,0,27,0.025277988985180855,0.5555555555555556,0.3,120,120,wall,both,1,1,1,1,1,1,0.0,2,2,0,alpha,full,huber,-6.521935482841996,7.463426932936759,1.2438619962066193,-7.7504748999793485,7.543611117341682,2.03111476764213,-7.788574790386225,7.6788726086053,2.055303574343541,156.9072125225417,0.025277988985180855,250,3.9719653129577637,0.7552936049600141,1.0,disabled,single,3,row_8,row_7,-0.2797147333621979,-0.36546650528907776,0.502038144264384,0.46078166978062923,0.8253683326347532,0.08575177192687988,0.4093644442244865,0,112,0,disabled,0,0.0,50.0,alpha
1124,0.5282930731773376,-0.11532791703939438,-32.58316421508789,-0.03355815261602402,0.34908774495124817,0.03983747959136963,88,0,21,0.010820786468684673,0.5791505791505792,0.3,109,109,wall,both,1,1,1,1,1,1,0.0,3,3,0,alpha,full,huber,-7.25338301055519,7.80401685714776,1.155662590071275,-7.85506498352921,7.871835154615718,1.992070186998089,-7.9244267636092065,7.970293079845847,2.0221460605866675,203.5206865339772,0.010820786468684673,250,1.3776135444641113,1.0,1.0,disabled,single,3,row_8,row_7,-0.03355815261602402,-0.9286534190177917,0.648338001324408,0.2648905974526219,0.8449544403791662,0.8950952664017677,0.39978495902136224,0,112,0,disabled,0,0.0,50.0,alpha
1128,1.4037816524505615,-0.8142987489700317,-37.279781341552734,-0.7686042785644531,1.8581428527832031,0.018110454082489014,21,0,33,0.015121707692742348,0.7352941176470589,0.3,54,54,wall,both,1,1,1,1,1,1,0.0,3,3,0,alpha,full,huber,-6.356588679525922,9.316937851843262,1.6294817767379906,-7.709978088948192,9.58508106718492,1.9492008072461247,-8.204810808847995,9.577339891194354,2.0835218513755587,165.76131819019324,0.015121707692742348,250,3.294918417930603,0.9104929529284587,1.0,disabled,single,3,row_8,row_7,-0.7686042785644531,-1.290560245513916,0.6106508155235622,0.3623350485199253,0.7665874541538057,0.5219559669494629,-0.27537429869931956,0,112,0,disabled,0,0.0,50.0,alpha
1132,0.675697386264801,-0.1886640340089798,-49.76485061645508,-2.6788735389709473,3.4677021503448486,0.040395915508270264,1,2,127,0.02209841087460518,0.5357142857142857,0.3,120,130,wall,both,1,1,1,1,1,1,0.0,3,3,0,alpha,full,huber,-6.509495345356206,11.221851979412758,-1.9879219652631415,-8.198355206401185,11.008327763204306,-2.0490697396219573,-8.637367971928734,11.066953704794127,-1.9732929701290292,110.5555620072928,0.02209841087460518,250,2.695823073387146,1.0,1.0,disabled,single,3,row_8,row_7,-2.6788735389709473,-3.631742477416992,0.7050658280165878,0.2718967049840395,0.6873611065082477,0.9528689384460449,-2.329409431515259,0,112,1,disabled,0,0.0,50.0,alpha
1136,1.677565574645996,-1.1629034280776978,-38.97702407836914,-0.42648401856422424,1.3653141260147095,0.054768919944763184,34,3,76,0.016827017068862915,0.5703422053231939,0.3,98,113,wall,both,1,1,1,1,1,1,0.0,8,8,0,alpha,full,huber,-10.514635256724079,8.485877159577793,-1.0081992814070397,-9.742594042214051,8.74654697034408,-1.0818679687287962,-9.645924565861112,8.835804812399484,-1.1200435023323108,154.98602131176557,0.016827017068862915,250,2.882564902305603,1.0,1.0,disabled,single,3,row_9,row_8,-0.42648401856422424,-2.190248489379883,0.7562454391946052,0.12961927603473405,0.7238348891450226,1.7637644708156586,-0.14709471809190183,1,113,0,disabled,0,0.0,50.0,alpha
1140,1.0109680891036987,-0.4223373830318451,-34.972251892089844,-0.11860308796167374,0.6847531199455261,0.059409379959106445,68,0,57,0.013671943917870522,0.5454545454545454,0.3,120,125,wall,both,1,1,1,1,1,1,0.0,2,2,0,alpha,full,huber,-9.280743515319948,6.70915092735527,-0.9942629905864147,-9.530773477322395,7.57802568310785,-0.9578171344083064,-9.364064182797026,7.743501399287151,-1.0000179781802183,161.91393333502947,0.013671943917870522,250,2.414848208427429,1.0,1.0,disabled,single,3,row_9,row_8,-0.11860308796167374,-0.5356789827346802,0.5790816068619925,0.3815979308895323,0.811227348171216,0.41707589477300644,0.4277087788852679,0,113,0,disabled,0,0.0,50.0,alpha
1144,1.0867748260498047,-0.48804938793182373,-33.63337326049805,-0.2526918053627014,0.766573429107666,0.17296254634857178,79,27,43,0.009086149744689465,0.5016722408026756,0.3,120,149,wall,both,1,1,1,1,1,1,0.0,7,7,0,alpha,full,huber,-8.401998639146768,6.364563113097921,-0.6618660791404096,-9.002233697078246,6.922876157720259,-0.9291803618787433,-8.954792969658843,6.977531362816798,-0.9634385030400865,197.9604546775083,0.009086149744689465,250,0.9764498770236969,1.0,1.0,disabled,single,3,row_8,row_9,-0.2526918053627014,-0.6756067276000977,0.5601595202103093,0.3669797533121638,0.8833468640435362,0.42291492223739624,0.32684187293603084,1,114,0,disabled,0,0.0,50.0,alpha
1148,2.9080758094787598,-3.49458909034729,-29.271522521972656,-0.24510163068771362,0.5510466694831848,0.2086089849472046,105,30,30,0.03279173746705055,0.47619047619047616,0.3,120,165,wall,both,1,1,1,1,1,1,0.0,7,7,0,alpha,full,huber,-7.9193713349507275,5.570185154931452,-0.6011303138604065,-8.4093741619314,6.062144801786992,-0.8504990637532507,-8.506346866287268,6.266977068166491,-0.9156296967898001,104.91420707358928,0.03279173746705055,250,3.841628313064575,0.780918859275799,1.0,disabled,single,3,row_8,row_9,-0.24510163068771362,-1.144493818283081,0.6413768809046683,0.26092292423751556,0.8626538707527767,0.8993921875953674,0.19903640642358622,0,114,0,disabled,0,0.0,50.0,alpha
1152,2.850939989089966,-3.358619451522827,-37.375186920166016,-0.1508609503507614,0.7803038954734802,0.06173425912857056,122,5,28,0.01680811494588852,0.49180327868852464,0.3,120,155,wall,both,1,1,1,1,1,1,0.0,7,7,0,alpha,full,huber,-8.973332971241796,4.7627027471547185,-1.1584116589846127,-7.934938073895556,5.0970353822379355,-0.9232400919964954,-7.853557863929387,5.2042735163211775,-0.9036123550737698,160.09490538243895,0.01680811494588852,250,3.979737877845764,0.7538184905845866,1.0,disabled,single,3,row_9,row_8,-0.1508609503507614,-0.7015799283981323,0.6128114615799889,0.35330734499316685,0.7823637543533208,0.5507189780473709,0.33883700675720746,1,115,0,disabled,0,0.0,50.0,alpha
1156,0.5317038297653198,-0.11682189255952835,-32.20249938964844,-0.3600388765335083,0.4461415112018585,0.27815961837768555,125,28,27,0.013721262104809284,0.45454545454545453,0.3,120,180,wall,both,1,1,1,1,1,1,0.0,11,11,0,alpha,full,huber,-7.732433640726841,5.3323030274619025,-0.4945070956212332,-7.923335534734916,4.893787116441603,-1.0101254073462436,-7.747315098941288,4.869856724089905,-0.9684363979072819,174.2749755192904,0.013721262104809284,250,1.2405615448951721,1.0,1.0,disabled,single,3,row_8,row_9,-0.3600388765335083,-1.5608727931976318,0.6787907600006109,0.204277426612766,0.8383961668371179,1.2008339166641235,0.027403481437229094,1,116,0,disabled,0,0.0,50.0,alpha
1160,1.241562008857727,-0.6369736790657043,-37.99631881713867,-0.40505266189575195,0.212562695145607,0.3110915422439575,105,36,15,0.015532518737018108,0.49019607843137253,0.3,120,156,wall,both,1,1,1,1,1,1,0.0,5,5,0,alpha,full,huber,-7.378353570986718,3.318167787344894,-0.6645989817435662,-7.776597073606945,4.279645669748977,-1.0806498879659985,-7.614620683076305,4.360478471737936,-1.0257012352637709,191.7111268208667,0.015532518737018108,250,2.594721555709839,1.0,1.0,disabled,single,3,row_8,row_9,-0.40505266189575195,-1.2482895851135254,0.5980648176883862,0.2573564826106645,0.9363523308816689,0.8432369232177734,0.10900347822635548,0,116,0,disabled,0,0.0,50.0,alpha
1164,1.8384175300598145,-1.396602988243103,-25.84088897705078,-0.22728712856769562,1.0111421346664429,0.004570484161376953,101,0,28,0.01199246197938919,0.5376344086021506,0.3,120,129,wall,both,1,1,1,1,1,1,0.0,6,6,0,alpha,full,huber,-8.16763166798257,3.182836689257673,-1.379767995195317,-7.9801324552217014,3.6248910466260993,-1.246480148744784,-7.628786412356222,3.714656025915753,-1.1138533508674149,172.3928363517261,0.011992462910711765,250,2.746161103248596,1.0,1.0,disabled,single,3,row_8,row_9,-0.22728712856769562,-0.5311347842216492,0.5522074851276088,0.40751437121842754,0.8231065178006142,0.30384765565395355,0.36654429590774207,0,116,0,disabled,0,0.0,50.0,alpha
1168,0.9784082174301147,-0.39557135105133057,-25.308935165405273,-0.3361279368400574,1.229422926902771,0.007721364498138428,113,12,23,0.011935385875403881,0.5033557046979865,0.3,120,148,wall,both,1,1,1,1,1,1,0.0,7,7,0,alpha,full,huber,-5.9213328793344635,3.229839027840841,-1.3510645599311628,-7.2849678084536515,2.738548749647497,-1.1431204709670786,-7.213296766983589,2.731165008414868,-1.1221088273611501,198.24833737444712,0.011935385875403881,250,1.5665696263313293,1.0,1.0,disabled,single,3,row_8,row_7,-0.3361279368400574,-0.3973901569843292,0.49566393679411275,0.4662098852018519,0.8282117141640872,0.06126222014427185,0.3657291918417722,0,116,0,disabled,0,0.0,50.0,alpha
1172,1.379143476486206,-0.785965621471405,-21.419710159301758,-0.1518772393465042,0.8227555751800537,0.018842041492462158,110,12,10,0.015505152754485607,0.5319148936170213,0.3,120,132,wall,both,1,1,1,1,1,1,0.0,2,2,0,alpha,full,huber,-8.488320645119968,2.1339843329539345,-1.249499443249908,-7.39165906080175,2.165218067209807,-1.2153357668840123,-7.16883506909874,2.1706001733370925,-1.1677006667006196,165.32448254967048,0.015505153685808182,250,2.9338016510009766,1.0,1.0,disabled,single,3,row_9,row_8,-0.15052679181098938,-0.45722517371177673,0.5487259229719618,0.40379232767671164,0.8401985307685815,0.30669838190078735,0.44962939987745165,1,117,0,disabled,0,0.0,50.0,alpha
1176,2.7167084217071533,-3.049795389175415,-24.14628028869629,-0.13752342760562897,0.7771618962287903,0.0284578800201416,118,12,23,0.012207486666738987,0.49504950495049505,0.3,120,153,wall,both,1,1,1,1,1,1,0.0,4,4,0,alpha,full,huber,-8.453887981587869,1.6725487669108223,-1.2047897597961785,-7.911556215287196,1.7174287114436653,-1.250982443109074,-7.47667349840516,1.79505774056061,-1.2040187467556105,158.1364370679617,0.012207486666738987,250,3.216171145439148,0.9327861809388781,1.0,disabled,single,3,row_9,row_8,-0.13752342760562897,-0.46642327308654785,0.547304424779608,0.3939032565431018,0.8634701248544195,0.3288998454809189,0.4652266685167483,0,117,0,disabled,0,0.0,50.0,alpha
1180,1.5807677507400513,-1.0325731039047241,-26.118223190307617,-0.08225603401660919,0.5802852511405945,0.04265671968460083,105,5,16,0.01158252265304327,0.5434782608695653,0.3,120,126,wall,both,1,1,1,1,1,1,0.0,4,4,0,alpha,full,huber,-8.666308026329345,1.781907811111205,-1.1507966078324365,-8.177478997203647,1.4297362856957618,-1.197059098090716,-7.762461395182521,1.4441995052863232,-1.194077294634406,160.97155438940385,0.01158252265304327,250,2.3603001832962036,1.0,1.0,disabled,single,3,row_9,row_8,-0.07921231538057327,-0.6095322966575623,0.5830700376092275,0.34308812246586046,0.8739798878483954,0.530319981276989,0.4602356513460182,0,117,0,disabled,0,0.0,50.0,alpha
1184,1.0680965185165405,-0.4714174270629883,-27.010311126708984,-0.11578285694122314,0.7213603854179382,0.006003677845001221,97,14,31,0.0563206784427166,0.5136986301369862,0.3,120,142,wall,both,1,1,1,1,1,1,0.0,4,4,0,alpha,full,huber,-5.614778595628217,1.3986199590995434,-1.4326622597703607,-7.628526886533515,1.0297122561306462,-1.100859025572914,-7.582257406726808,0.9507250263450291,-1.1367374200119076,109.54752133944085,0.0563206821680069,202,2.9756815433502197,1.0,1.0,disabled,single,3,row_8,row_7,-0.11578285694122314,-0.48992133140563965,0.5659863815997739,0.38933164672608594,0.828296732498191,0.3741384744644165,0.45340240490498107,1,118,0,disabled,0,0.0,50.0,alpha
1188,0.4109634757041931,-0.06978966295719147,-25.329647064208984,-0.18092432618141174,0.9016367197036743,0.008118867874145508,101,12,23,0.017308229580521584,0.5244755244755245,0.3,120,136,wall,both,1,1,1,1,1,1,0.0,5,5,0,alpha,full,huber,-8.039746215799738,0.4013127556360238,-1.2971297722648507,-7.825628473224198,0.6206415596209645,-1.0737386367054103,-7.622179671779052,0.6092955662466887,-1.0956458800451,95.66441129769144,0.017308231443166733,143,0.8752691149711609,1.0,1.0,disabled,single,3,row_9,row_8,-0.18092432618141174,-0.6927068829536438,0.5903536690190121,0.3538734061926803,0.8397322132013486,0.5117825567722321,0.34610915647748597,1,119,0,disabled,0,0.0,50.0,alpha
1192,3.3946282863616943,-4.697425365447998,-34.06239700317383,-0.48876696825027466,0.9036996364593506,0.2743803858757019,114,0,25,0.075615294277668,0.5190311418685121,0.3,120,139,wall,both,1,1,1,1,1,1,0.0,2,2,0,alpha,full,huber,-5.312034457305314,0.5938897960477494,-0.8463074379705056,-7.255286802105244,0.05622861559156415,-1.0343425942001838,-7.2980985079798195,0.05939956966023387,-1.0619603157488084,52.29329599723596,0.075615294277668,102,4.497667551040649,0.667012393858651,1.0,disabled,single,3,row_8,row_7,-0.239523246884346,-0.39249831438064575,0.5125094617805581,0.43981056730535567,0.8489469222743135,0.15297506749629974,0.4289128592448036,1,120,0,disabled,0,0.0,50.0,alpha
1196,2.381028413772583,-2.342684507369995,-26.135360717773438,-0.36087194085121155,1.2687203884124756,0.027875542640686035,93,0,27,0.025343529880046844,0.5555555555555556,0.3,120,120,wall,both,1,1,1,1,1,1,0.0,4,4,0,alpha,full,huber,-7.315421358170394,-1.3501963059101558,-1.5482169548440814,-7.07577543219113,-0.6912659520401354,-1.1424912500684374,-7.028440847214714,-0.6000622062204377,-1.1008084515184922,93.41476161888757,0.025343529880046844,127,2.962996244430542,1.0,1.0,disabled,single,3,row_9,row_8,-0.36087194085121155,-0.4555462896823883,0.503051514088084,0.4576104286640699,0.8306397145956812,0.09467434883117676,0.32619075958110666,1,121,0,disabled,0,0.0,50.0,alpha
1200,3.439061403274536,-4.807590484619141,-39.657352447509766,-0.03850661218166351,0.3075301945209503,0.06546026468276978,117,0,21,0.016955701634287834,0.5208333333333334,0.3,120,138,wall,both,1,1,1,1,1,1,0.0,4,4,0,alpha,full,huber,-5.594154543858275,-1.0605388243467448,-0.9059401103038427,-6.711242560594194,-1.1716916113185571,-1.1086407571633716,-6.745076521486449,-1.1315015258391004,-1.1033774369950753,173.31958003875542,0.016955701634287834,213,4.270053863525391,0.7025672499417083,1.0,disabled,single,3,row_8,row_7,-0.03850661218166351,-0.96153324842453,0.6523111436014698,0.2591728013647831,0.8432534708186482,0.9230266362428665,0.38872700459157855,1,122,0,disabled,0,0.0,50.0,alpha
1204,2.5020244121551514,-2.5868289470672607,-28.33379364013672,-0.12740759551525116,0.7543109059333801,0.015388071537017822,121,0,17,0.012345252558588982,0.5208333333333334,0.3,120,138,wall,both,1,1,1,1,1,1,0.0,7,7,0,alpha,full,huber,-7.71153074787314,-2.134012453528207,-1.3797801909768452,-6.908257601134396,-2.2149954305405073,-1.31610407001441,-6.593236100623575,-2.135741661825758,-1.2105952446654784,172.76201035821586,0.012345253489911556,250,3.2952176332473755,0.9104102775280296,1.0,disabled,single,3,row_9,row_8,-0.12740759551525116,-0.917690634727478,0.6516242164001992,0.2956525659801484,0.7945043442045419,0.7902830392122269,0.3008796429111645,1,123,0,disabled,0,0.0,50.0,alpha
1208,1.731253743171692,-1.2385287284851074,-29.707279205322266,-0.33327776193618774,1.1910269260406494,0.06649172306060791,108,33,21,0.013757134787738323,0.4807692307692307,0.3,120,162,wall,both,1,1,1,1,1,1,0.0,3,3,0,alpha,full,huber,-6.607663271995184,-4.796866130200955,-0.9487431914791018,-6.858690545453563,-4.254615801413698,-1.3488338857402404,-6.39431781123721,-4.075733554639428,-1.2670287664110247,169.20286535147036,0.013757134787738323,250,2.5702455043792725,1.0,1.0,disabled,single,3,row_8,row_9,-0.33327776193618774,-0.3481714129447937,0.4812784562424775,0.4741635776551086,0.8444038817567112,0.014893651008605957,0.39803150333755755,1,124,0,disabled,0,0.0,50.0,alpha
1212,0.15727688372135162,-0.010221495293080807,-29.91829490661621,-0.14166100323200226,0.7955989837646484,0.015646934509277344,94,32,30,0.010358250699937344,0.49019607843137253,0.3,120,156,wall,both,1,1,1,1,1,1,0.0,4,4,0,alpha,full,huber,-7.0541513960436,-5.2333100162002495,-1.4207055365297614,-6.889588445725691,-5.084419015047619,-1.357140029142644,-6.530431601629144,-4.935841830829429,-1.3141592114275795,173.5168436243135,0.010358251631259918,250,0.7055205702781677,1.0,1.0,disabled,single,3,row_9,row_8,-0.14166100323200226,-0.7361515760421753,0.5820945587100893,0.3212251675397722,0.9056504075656749,0.594490572810173,0.399461369205382,1,125,0,disabled,0,0.0,50.0,alpha
1216,2.6597654819488525,-2.923286199569702,-36.40103530883789,-0.04349745810031891,0.4423867166042328,0.0013314485549926758,98,14,50,0.01217992976307869,0.4807692307692307,0.3,120,162,wall,both,1,1,1,1,1,1,0.0,2,2,0,alpha,full,huber,-7.406182958499262,-5.184869375822855,-1.6494462633032736,-6.915628700890543,-5.327143634770433,-1.3603298733395703,-6.677488231160343,-5.3050360865504995,-1.338128845786429,170.3560117245344,0.012179931625723839,229,3.2530391216278076,0.9222145470229735,1.0,disabled,single,3,row_9,row_8,-0.04349745810031891,-0.956192135810852,0.6138532116554422,0.2464258539475166,0.9197131875197588,0.9126946777105331,0.44450199028129395,0,125,0,disabled,0,0.0,50.0,alpha
1220,3.4632158279418945,-4.8674774169921875,-42.29375076293945,-0.10297547280788422,0.658092200756073,0.040618956089019775,89,35,61,0.014552431181073189,0.44776119402985076,0.3,120,185,wall,both,1,1,1,1,1,1,0.0,3,3,0,alpha,full,huber,-7.152002592904094,-6.446891507260004,-1.5469375622833066,-6.875705409465966,-5.939618833915597,-1.3965854373303714,-6.7089705763127085,-5.907719816476218,-1.3544127707631024,162.16657667112509,0.014552432112395763,207,4.086612224578857,0.7341043962910287,1.0,disabled,single,3,row_9,row_8,-0.10297547280788422,-0.5514903664588928,0.5335538501297789,0.34071457708652525,0.9627446042686694,0.4485148936510086,0.5252198030759043,0,125,0,disabled,0,0.0,50.0,alpha
1224,2.862682819366455,-3.3863441944122314,-36.89796447753906,-0.3782671391963959,0.6197777986526489,0.2678843140602112,129,38,14,0.02369539812207222,0.4531722054380664,0.3,120,181,wall,both,1,1,1,1,1,1,0.0,3,3,0,alpha,full,huber,-5.761521568073093,-5.641759330873031,-0.6806727419856897,-6.511778188122983,-6.183157168419287,-1.230645306818581,-6.568208561515052,-6.237253731243268,-1.2848723746405015,149.32946746787678,0.02369539812207222,250,3.7623859643936157,0.797366359642879,1.0,disabled,single,3,row_8,row_9,-0.3782671391963959,-1.0574067831039429,0.5994816641991702,0.30396900681324196,0.8944274618056036,0.679139643907547,0.13342275094158706,1,126,0,disabled,0,0.0,50.0,alpha
1228,0.3954811990261078,-0.06463032215833664,0.0,-0.05587192624807358,0.4842975437641144,0.030314981937408447,0,0,0,0.009986166842281818,0.5,0.3,0,0,wall,both,1,1,1,1,1,1,0.0,0,0,0,alpha,full,huber,-7.0085916213254995,-7.464782874133427,-1.5077989166340573,-6.763850502157776,-6.847872593547094,-1.4618934730090711,-6.6017168811144895,-6.761329201356759,-1.3700701716594,172.93310876259864,0.009986166842281818,250,1.334651231765747,1.0,1.0,disabled,single,3,row_9,row_8,-0.05587192624807358,-0.35412609577178955,0.5126747477783676,0.38046243788371953,0.9491592851850111,0.298254169523716,0.612241728564131,1,127,0,disabled,0,0.0,50.0,alpha
1232,1.2997325658798218,-0.6980597972869873,0.0,-0.01982932910323143,0.2943851053714752,0.011827468872070312,0,0,0,0.010210649110376835,0.5,0.3,0,0,wall,both,1,1,1,1,1,1,0.0,0,0,0,alpha,full,huber,-7.044806515551364,-7.992718274577436,-1.3445215778637054,-7.001845422662136,-7.477061711421555,-1.5499058605722906,-6.756578612532928,-7.341357921273965,-1.4577229612807747,189.03935949263789,0.010210649110376835,250,2.103193163871765,1.0,1.0,disabled,single,3,row_9,row_8,-0.019308092072606087,-0.421924889087677,0.5346733173468498,0.35746560281179063,0.9426862898049223,0.4026167970150709,0.6067912483005206,0,127,0,disabled,0,0.0,50.0,alpha
1236,3.2903056144714355,-4.438774108886719,0.0,-0.004048657603561878,0.13497762382030487,8.344650268554688e-07,0,0,0,0.014233436435461044,0.5,0.3,0,0,wall,both,1,1,1,1,1,1,0.0,0,0,0,alpha,full,huber,-5.305993206876836,-7.872905798644373,-0.9260292303399913,-6.68390686084675,-7.958271916896022,-1.3840598807857087,-6.689255400854028,-7.922692260639431,-1.4097747399995482,181.04961517323062,0.014233436435461044,246,4.707924127578735,0.6372235232989804,1.0,disabled,single,3,row_8,row_9,-0.004048657603561878,-0.934726893901825,0.6668961841410921,0.26294796254048597,0.8078258657378816,0.9306782362982631,0.401072233542421,1,128,0,disabled,0,0.0,50.0,alpha
1240,0.18299834430217743,-0.013838179409503937,0.0,-0.031959302723407745,0.37923192977905273,1.2874603271484375e-05,0,0,0,0.007143176160752773,0.5,0.3,0,0,wall,both,1,1,1,1,1,1,0.0,0,0,0,alpha,full,huber,-6.936220968198617,-8.313557724023024,-1.4933953530921724,-6.745304577415132,-8.624470777213464,-1.3946116204616028,-6.654755952717334,-8.658515787019724,-1.3975881041348848,208.6558549428161,0.007143176160752773,250,0.8445712625980377,1.0,1.0,disabled,single,3,row_9,row_8,-0.031959302723407745,-0.556037187576294,0.5592479462849117,0.33113132310807075,0.9333352162323855,0.5240778848528862,0.5492030481618191,1,129,0,disabled,0,0.0,50.0,alpha
1244,0.9220964908599854,-0.3513479232788086,0.0,-0.14105726778507233,0.6471566557884216,0.10842996835708618,0,0,0,0.008767547085881233,0.5,0.3,0,0,wall,both,1,1,1,1,1,1,0.0,0,0,0,alpha,full,huber,-7.884211447467627,-9.292267389849103,-1.8201035260229328,-6.908497839338379,-9.91615263449401,-1.4845790635963356,-6.665812149144035,-9.949278733569317,-1.4393859247135108,195.87984185604947,0.008767547085881233,250,2.4781628847122192,1.0,1.0,disabled,single,3,row_9,row_10,-0.10389608144760132,-0.6228093504905701,0.5633316696482811,0.33527641027609967,0.9217405764403842,0.5189132690429688,0.4699906315769622,0,129,0,disabled,0,0.0,50.0,alpha
1248,1.2161340713500977,-0.6111496090888977,0.0,-0.8109520673751831,1.3646916151046753,0.3119083642959595,0,0,0,0.011475203558802605,0.5,0.3,0,0,wall,both,1,1,1,1,1,1,0.0,0,0,0,alpha,full,huber,-5.8341179640192795,-10.083962070937941,-2.1620481534433775,-6.541279696282914,-11.11877067606218,-2.3601683978665515,-6.51362769552971,-11.21433645184942,-2.374475633854075,204.76435913688996,0.011475203558802605,250,2.5607513189315796,1.0,1.0,disabled,single,3,row_9,row_8,-0.8109520673751831,-1.8926889896392822,0.6936747322320816,0.23516002570221345,0.7821765556622552,1.0817369222640991,-0.4451999534878994,0,129,0,disabled,0,0.0,50.0,alpha
1252,0.8921651840209961,-0.3289085626602173,0.0,-0.5973217487335205,1.2731884717941284,0.24101638793945312,0,0,0,0.007963518612086773,0.5,0.3,0,0,wall,both,1,1,1,1,1,1,0.0,0,0,0,alpha,full,huber,-9.60945031402265,-11.65281154684581,2.4330585285786626,-7.538368320685954,-11.6439671092775,2.9452474184161623,-7.314149005413088,-11.706955328783707,3.001842614798629,204.3888605214653,0.007963518612086773,250,2.350071668624878,1.0,1.0,disabled,single,3,row_10,row_9,-0.5973217487335205,-2.3923444747924805,0.8562119010507697,0.14223706926584953,0.4203487365942887,1.79502272605896,-0.4420843632146925,1,130,0,disabled,0,0.0,50.0,alpha
1256,1.8849400281906128,-1.4681814908981323,-42.57350158691406,-0.4575437307357788,1.3270952701568604,0.1273249387741089,25,1,98,0.018356818705797195,0.5474452554744526,0.3,115,124,wall,both,1,1,1,1,1,1,0.0,2,2,0,alpha,full,huber,-7.602098341622458,-10.915543884576435,1.2813429348068341,-7.965322025577672,-11.369977604669014,2.023692130805937,-8.06785450532804,-11.478244261864344,2.043419632661748,167.15322461797925,0.018356818705797195,250,2.8663277626037598,1.0,1.0,disabled,single,3,row_9,row_10,-0.4575437307357788,-0.7917707562446594,0.5659586591619129,0.405164845279941,0.7905730973913494,0.3342270255088806,0.11169051306072864,1,131,0,disabled,0,0.0,50.0,alpha
1260,1.773194432258606,-1.299263834953308,-30.049184799194336,-0.34435486793518066,1.2412021160125732,0.022153496742248535,66,1,60,0.017031418159604073,0.5415162454873647,0.3,120,127,wall,both,1,1,1,1,1,1,0.0,7,7,0,alpha,full,huber,-7.6774405547811515,-10.789820459357529,2.0023680799859838,-8.540872534848617,-9.997238763165626,1.5071723093682186,-8.749690969229167,-9.86672031022771,1.4279006821899873,159.44272060423157,0.017031418159604073,250,3.33405864238739,0.8998042091580658,1.0,disabled,single,3,row_9,row_10,-0.34435486793518066,-0.6767542958259583,0.5530971684817511,0.3966817292978624,0.8445637270227755,0.3323994278907776,0.24786671341984934,0,131,0,disabled,0,0.0,50.0,alpha
1264,0.5626475811004639,-0.13081499934196472,-27.871095657348633,-0.1874537318944931,0.918128252029419,0.005630433559417725,108,19,20,0.014729168266057968,0.5050505050505051,0.3,120,147,wall,both,1,1,1,1,1,1,0.0,8,8,0,alpha,full,huber,-8.310083941354286,-7.999063348510827,1.9868187911189477,-8.507995032863962,-8.519289711415666,1.4959329877366272,-8.54064060917608,-8.5799616003466,1.4527190364595333,169.7848472941726,0.014729168266057968,250,1.3014898896217346,1.0,1.0,disabled,single,3,row_9,row_10,-0.1874537318944931,-0.47855904698371887,0.4846362192549597,0.362235021206023,1.0062278894126087,0.29110531508922577,0.5369030009802822,0,131,0,disabled,0,0.0,50.0,alpha
1268,1.0651224851608276,-0.46879586577415466,-22.758602142333984,-0.09598960727453232,0.6572225689888,0.0007994174957275391,142,12,29,0.01144347433000803,0.4504504504504505,0.3,120,183,wall,both,1,1,1,1,1,1,0.0,11,11,0,alpha,full,huber,-8.252479004495969,-7.323335465971607,1.8406634807068905,-8.616670233673734,-7.964599825763052,1.5934240941688962,-8.547879513666214,-8.012851096049406,1.5144401286652798,183.1988704684321,0.01144347433000803,250,0.9319968223571777,1.0,1.0,disabled,single,3,row_9,row_10,-0.09598960727453232,-0.46822917461395264,0.49078692098477483,0.3382450039934359,1.01794490361039,0.3722395673394203,0.6157556075862016,0,131,0,disabled,0,0.0,50.0,alpha
1272,1.012494683265686,-0.42361387610435486,-22.30215072631836,-0.10254184901714325,0.6783978939056396,0.008131921291351318,143,9,40,0.016533490270376205,0.43859649122807015,0.3,120,192,wall,both,1,1,1,1,1,1,0.0,9,9,0,alpha,full,huber,-8.332160735143677,-7.143904660694026,1.7530353148952953,-8.507538722852882,-7.396749671952034,1.6079069022062167,-8.515064673168373,-7.480671426870229,1.5431729455139696,152.18414215179533,0.016533490270376205,250,1.5373625755310059,1.0,1.0,disabled,single,3,row_9,row_10,-0.10254184901714325,-0.4153451919555664,0.4882144636144488,0.3570769986418936,1.0064882570533666,0.31280334293842316,0.6144586460327615,0,131,0,disabled,0,0.0,50.0,alpha
1276,2.121816873550415,-1.8603746891021729,-24.911102294921875,-0.11097797006368637,0.7064840793609619,0.003912150859832764,125,24,30,0.016114555299282074,0.45592705167173253,0.3,120,179,wall,both,1,1,1,1,1,1,0.0,10,10,0,alpha,full,huber,-8.58604844182691,-6.315388807784206,1.9691353482096785,-8.505809199601574,-6.76579011360689,1.6764733545156152,-8.503266618440978,-6.863722565754529,1.607348736249123,172.36196460278137,0.016114555299282074,250,2.5611883401870728,1.0,1.0,disabled,single,3,row_9,row_10,-0.11097797006368637,-0.3504678010940552,0.49961824190774723,0.39321418349386617,0.9530609698354588,0.2394898310303688,0.5829330183076972,0,131,0,disabled,0,0.0,50.0,alpha
1280,2.6043307781219482,-2.802701950073242,-22.129579544067383,-0.17959026992321014,0.898372232913971,0.007680654525756836,104,0,19,0.04306553304195404,0.5494505494505495,0.3,120,123,wall,both,1,1,1,1,1,1,0.0,4,4,0,alpha,full,huber,-9.016675233859115,-5.9214804462363935,1.8744850307998409,-8.850273425218525,-5.616913109942673,1.7669752316958418,-8.69929387877992,-5.6243851215648215,1.6763608272028385,64.07254290102891,0.04306553304195404,112,3.136331558227539,0.9565315223545481,1.0,disabled,single,3,row_10,row_9,-0.17959026992321014,-0.30465155839920044,0.5017095436357437,0.4427299831782052,0.8673658686727672,0.1250612884759903,0.5101436551549814,1,132,0,disabled,0,0.0,50.0,alpha
1284,0.4018336236476898,-0.06672324985265732,-22.88165283203125,-0.1350701004266739,0.7796251773834229,1.1920928955078125e-07,106,2,19,0.024956000968813896,0.5415162454873647,0.3,120,127,wall,both,1,1,1,1,1,1,0.0,11,11,0,alpha,full,huber,-9.205563082443334,-5.545997788980948,1.7509920950103872,-8.995893032770834,-5.259130134878164,1.7793067268467808,-8.874923958892477,-5.183821437166564,1.7214432195806992,77.29085678497853,0.024956002831459045,107,0.8462138175964355,1.0,1.0,disabled,single,3,row_10,row_9,-0.1350701004266739,-0.40481460094451904,0.5477216590366609,0.4182263260727419,0.8093946380432355,0.26974450051784515,0.4669179421091979,0,132,0,disabled,0,0.0,50.0,alpha
1288,1.767844796180725,-1.2914360761642456,-28.84916114807129,-0.09809602051973343,0.664283275604248,0.0029498934745788574,120,29,23,0.020252179354429245,0.46583850931677023,0.3,120,172,wall,both,1,1,1,1,1,1,0.0,8,8,0,alpha,full,huber,-9.688105563248051,-4.548098727055263,1.6736358302186733,-9.369516075403332,-4.575091852516552,1.8701639524718863,-9.170840205706043,-4.559159116062362,1.791712669807458,84.66707350058442,0.020252179354429245,112,2.208651900291443,1.0,1.0,disabled,single,3,row_10,row_9,-0.09809602051973343,-0.4486776292324066,0.5777724747284123,0.4069126487303701,0.7468296669620427,0.3505816087126732,0.45047910962589666,0,132,0,disabled,0,0.0,50.0,alpha
1292,3.5773768424987793,-5.1505208015441895,-25.105085372924805,-0.259983092546463,1.0790715217590332,0.017349421977996826,117,3,25,0.051670484244823456,0.5084745762711864,0.3,120,145,wall,both,1,1,1,1,1,1,0.0,8,8,0,alpha,full,huber,-9.422483631526964,-4.063688742238229,1.9229335455724055,-9.591100392071024,-3.4617562139750833,1.8121641119828278,-9.529164867911017,-3.350588613446721,1.7924740256781737,49.77047116155955,0.051670484244823456,80,4.46988320350647,0.6711584762766515,1.0,disabled,single,3,row_9,row_10,-0.259983092546463,-0.3284427523612976,0.5045134349723986,0.47113035121385755,0.7902332274937502,0.0684596598148346,0.42417771672424354,1,133,0,disabled,0,0.0,50.0,alpha
1296,0.6755987405776978,-0.18860894441604614,-25.443553924560547,-0.22505396604537964,1.0063512325286865,5.435943603515625e-05,151,22,14,0.01925491727888584,0.44510385756676557,0.3,120,187,wall,both,1,1,1,1,1,1,0.0,8,8,0,alpha,full,huber,-9.66562132573432,-1.3634905636796724,1.8196153671441344,-10.087789025171098,-1.9106110383692136,1.878699750234629,-9.979580677575804,-1.871426618710196,1.8496882328458852,104.54518626245337,0.01925491727888584,138,0.6785028576850891,1.0,1.0,disabled,single,3,row_9,row_10,-0.22505396604537964,-0.6990530490875244,0.5933933660564601,0.369392012712451,0.8000423102809128,0.4739990830421448,0.29684378469011763,0,133,0,disabled,0,0.0,50.0,alpha
1300,2.1542065143585205,-1.9176057577133179,-28.55288314819336,-0.32271677255630493,1.2000482082366943,0.025677025318145752,144,27,25,0.010845583863556385,0.43352601156069365,0.3,120,196,wall,both,1,1,1,1,1,1,0.0,7,7,0,alpha,full,huber,-10.200923206180972,-0.16916527653705682,1.7718215088300093,-10.365368735353604,-0.7331611064261532,1.877791340179815,-10.324432104680927,-0.7716329535158438,1.8763577352755831,182.31442887309234,0.01084558479487896,224,2.6121689081192017,1.0,1.0,disabled,single,3,row_10,row_9,-0.32271677255630493,-0.38696229457855225,0.5006695685036211,0.469515267878646,0.8060796594006783,0.06424552202224731,0.36909216684067736,1,134,0,disabled,0,0.0,50.0,alpha
1304,0.25418010354042053,-0.026697324588894844,-28.767736434936523,-0.15131652355194092,0.8251814246177673,2.980232238769531e-07,108,0,29,0.00845862552523613,0.5226480836236934,0.3,120,137,wall,both,1,1,1,1,1,1,0.0,4,4,0,alpha,full,huber,-10.717652375538524,0.7409753463548064,1.792639086725762,-10.580184698207306,0.37730920171426574,1.8508120522778793,-10.603256974568197,0.2813709282591663,1.8704293797138103,197.60084674426284,0.00845862552523613,250,0.9018983542919159,1.0,1.0,disabled,single,3,row_10,row_9,-0.15131652355194092,-0.5592563152313232,0.5855440541278382,0.38939787290125544,0.7730313863246201,0.4079397916793823,0.3838973333308301,0,134,0,disabled,0,0.0,50.0,alpha
1308,2.4025211334228516,-2.3851685523986816,-35.68644332885742,-0.13006429374217987,0.7649021148681641,0.003413856029510498,125,7,49,0.02365455962717533,0.4531722054380664,0.3,120,181,wall,both,1,1,1,1,1,1,0.0,9,9,0,alpha,full,huber,-9.976177236649578,1.4195689076302895,1.6150099048412558,-10.898937775720892,2.1244490861404923,1.835252150447919,-11.050251239640804,2.1712515836300286,1.87296384362946,157.27642905493533,0.02365455962717533,250,3.579983353614807,0.8379927233378943,1.0,disabled,single,3,row_9,row_10,-0.13006429374217987,-0.6972729563713074,0.5797711288570904,0.3287918111516424,0.9004980767778824,0.5672086626291275,0.41505756499550794,1,135,0,disabled,0,0.0,50.0,alpha
1312,1.8584330081939697,-1.4271790981292725,-25.860342025756836,-0.18141481280326843,0.903508722782135,0.0014516711235046387,103,19,26,0.006192404311150312,0.5033557046979865,0.3,120,148,wall,both,1,1,1,1,1,1,0.0,2,2,0,alpha,full,huber,-10.77141842744062,3.0231929856877464,1.9373994150452338,-11.371578315674146,3.101960309124882,1.9233772484384728,-11.378856913082492,3.175378018242044,1.9179422726212234,224.82321658070782,0.006192404311150312,250,1.7974671721458435,1.0,1.0,disabled,single,3,row_9,row_10,-0.18141481280326843,-0.6207594871520996,0.5849809974750769,0.37699604225925915,0.8057386664032786,0.4393446743488312,0.35476110242318093,0,135,0,disabled,0,0.0,50.0,alpha
1316,2.669719696044922,-2.9452080726623535,-39.75273513793945,-0.26751866936683655,1.096326231956482,0.010178208351135254,46,0,105,0.013661176897585392,0.4983388704318937,0.3,120,151,wall,both,1,1,1,1,1,1,0.0,3,3,0,alpha,full,huber,-13.382998349147682,2.1043305371428267,2.076443640121939,-11.619727194078814,3.5976440058598445,1.9266929250086204,-11.610081846319085,3.692731454497091,1.9273592529729626,204.73729878898607,0.013661176897585392,250,4.278981924057007,0.7011013491628931,1.0,disabled,single,3,row_10,row_9,-0.26751866936683655,-2.9964334964752197,0.9385485894260995,0.06127793340617413,0.23213412919528173,2.728914827108383,-0.2040980185671721,1,136,0,disabled,0,0.0,50.0,alpha
1320,0.20524276793003082,-0.017406858503818512,-19.356945037841797,-0.4107726812362671,1.169816017150879,0.1616593599319458,100,11,25,0.013834645040333271,0.5244755244755245,0.3,120,136,wall,both,1,1,1,1,1,1,0.0,2,2,0,alpha,full,huber,-11.016979186636688,3.7851519799301867,1.9447920953769833,-11.44718795117619,4.725985102475261,1.830133916015385,-11.727127944653017,4.742248589723447,1.8831733775688821,165.83045076994108,0.013834643177688122,250,1.5561219453811646,1.0,1.0,disabled,single,3,row_9,row_10,-0.31629571318626404,-0.5778293609619141,0.5477777059685923,0.42171760637648836,0.8002762725866879,0.26153364777565,0.2855900071871844,1,137,0,disabled,0,0.0,50.0,alpha
1324,0.4630901515483856,-0.0886167362332344,-49.0208740234375,-0.029241854324936867,0.31775104999542236,0.04083174467086792,41,0,92,0.006581731606274843,0.5300353356890459,0.3,120,133,wall,both,1,1,1,1,1,1,0.0,1,1,0,alpha,full,huber,-13.025298087412038,5.7530315654000965,2.059150413797381,-11.868282299578965,5.436813906707391,1.9003084508336288,-11.91725612570782,5.459714963657149,1.8959313635534265,223.83135729365287,0.006581731606274843,250,2.004233479499817,1.0,1.0,disabled,single,3,row_10,row_9,-0.029241854324936867,-2.250523328781128,0.9008325869355462,0.09771332706932147,0.33083288432090485,2.221281474456191,0.07519399237597575,1,138,0,disabled,0,0.0,50.0,alpha
1328,0.5031323432922363,-0.10460419207811356,-26.652023315429688,-0.2919389605522156,1.139387845993042,0.029069066047668457,111,0,26,0.011264863424003124,0.5226480836236934,0.3,120,137,wall,both,1,1,1,1,1,1,0.0,1,1,0,alpha,full,huber,-11.508614684863922,4.924906396868228,1.7794709862253315,-11.955998841809848,5.803714729138649,1.899198264629356,-12.035386506231577,5.9246830162024215,1.9024863970370003,185.69480896305149,0.011264863424003124,250,1.3836181163787842,1.0,1.0,disabled,single,3,row_10,row_9,-0.2919389605522156,-0.6740415692329407,0.5845322022578202,0.3988994038386587,0.7484023148060207,0.3821026086807251,0.2450044453522171,0,138,0,disabled,0,0.0,50.0,alpha
1332,1.4967697858810425,-0.9257519841194153,-33.223419189453125,-0.1691684126853943,0.8659384846687317,0.02492237091064453,94,0,26,0.010089668445289135,0.5555555555555556,0.3,120,120,wall,both,1,1,1,1,1,1,0.0,2,2,0,alpha,full,huber,-11.772778780017685,5.210436473094489,1.761490148586521,-12.114566920350644,5.97457222528741,1.9550430990588166,-12.137889651390665,6.132294062936102,1.9302731107040287,198.63896923581132,0.010089668445289135,250,2.1886353492736816,1.0,1.0,disabled,single,3,row_10,row_9,-0.1691684126853943,-0.8783511519432068,0.6620554723947415,0.32576185501455474,0.6921044704352507,0.7091827392578125,0.24323751871213284,0,138,0,disabled,0,0.0,50.0,alpha
1336,1.3611210584640503,-0.7655580639839172,-28.95675277709961,-0.20717649161815643,0.893664538860321,0.08530491590499878,91,0,29,0.010040740482509136,0.5555555555555556,0.3,120,120,wall,both,1,1,1,1,1,1,0.0,2,2,0,alpha,full,huber,-11.754451055202857,5.584362838461227,1.9538080228835302,-12.273137666741853,6.090713596708508,1.9889498815747442,-12.262076402945453,6.2620144667522375,1.9618414126261374,194.88954494684555,0.010040740482509136,250,1.7364797592163086,1.0,1.0,disabled,single,3,row_10,row_9,-0.17857377231121063,-0.8537389636039734,0.6523532258518786,0.3320949697177825,0.7094959798848182,0.6751651912927628,0.24859533400032408,0,138,0,disabled,0,0.0,50.0,alpha
1340,0.947750449180603,-0.3711698055267334,0.0,-0.13380534946918488,0.775958240032196,0.0008376836776733398,0,0,0,0.008371979929506779,0.5,0.3,0,0,wall,both,1,1,1,1,1,1,0.0,0,0,0,alpha,full,huber,-11.981074765063259,6.10577640315136,1.7314672535485904,-12.285404739945282,6.571404035336782,1.9589067836157266,-12.409580078109348,6.746195179742616,1.9650807574871063,200.91735799195612,0.008371979929506779,250,1.6823762655258179,1.0,1.0,disabled,single,3,row_10,row_9,-0.13380534946918488,-0.9633154273033142,0.6872689303420774,0.29982998396448507,0.675028759871092,0.8295100778341293,0.2412242577875484,0,138,0,disabled,0,0.0,50.0,alpha
1344,1.5144215822219849,-0.9477160573005676,-22.70676040649414,-0.3693525791168213,1.2890907526016235,0.004249691963195801,53,0,34,0.03563331440091133,0.6329113924050632,0.3,87,87,wall,both,1,1,1,1,1,1,0.0,3,3,0,alpha,full,huber,-11.260728258036735,7.7384339506045485,1.7086744807682859,-12.245294528391696,7.840148309573908,1.8579518581669696,-12.58321992820564,7.907927222493084,1.9235089379008565,110.01197710156308,0.03563331440091133,250,2.659375309944153,1.0,1.0,disabled,single,3,row_9,row_10,-0.3693525791168213,-1.0381786823272705,0.6284577051948792,0.3219649303698973,0.8057384339107333,0.6688261032104492,0.09513396893651832,1,139,0,disabled,0,0.0,50.0,alpha
1348,4.196115493774414,-6.684584140777588,-24.22157859802246,-0.5591729283332825,1.584849238395691,0.015706360340118408,65,0,19,0.023161601275205612,0.641025641025641,0.3,84,84,wall,both,1,1,1,1,1,1,0.0,3,3,0,alpha,full,huber,-11.479793594348003,7.958641499273807,1.9783681860927018,-12.325695066853545,8.15226338632619,2.2540260900733733,-12.558007906822962,8.31140156014194,2.268820617323671,141.7460880347938,0.023161601275205612,250,4.676121711730957,0.6415572957551381,1.0,disabled,single,3,row_9,row_10,-0.5591729283332825,-1.0608938932418823,0.6009039453858747,0.3638399714902225,0.7918454186071474,0.5017209649085999,-0.049852746463905695,0,139,0,disabled,0,0.0,50.0,alpha
1352,0.3907362222671509,-0.06308875977993011,-34.20405197143555,-1.920262336730957,1.313433289527893,0.6136299967765808,52,0,14,0.009351598098874092,0.6944444444444444,0.3,66,66,wall,both,1,1,1,1,1,1,0.0,2,2,0,alpha,full,huber,-13.075119297021276,7.500171874949608,2.946504309330594,-12.577008390396575,8.173547154998229,2.5358461781297277,-12.627693573755632,8.314216202169973,2.508735923583135,199.5806192907321,0.009351598098874092,250,1.1700534224510193,1.0,1.0,disabled,single,3,row_10,row_9,-1.920262336730957,-3.4031929969787598,0.8125584209631008,0.1844276331143979,0.49792972380658707,1.4829306602478027,-1.712694872091652,1,140,0,disabled,0,0.0,50.0,alpha
1356,1.4393186569213867,-0.8560488224029541,-42.27589797973633,-3.0566020011901855,2.9189956188201904,0.5338274240493774,15,0,65,0.010561116971075535,0.6521739130434783,0.3,58,80,wall,both,1,1,1,1,1,1,0.0,1,1,0,alpha,full,huber,-14.204099811639072,8.773569780914267,2.8582374256081984,-13.048548313442158,8.47362238503423,2.9680885747151735,-13.006731082108764,8.51759470627118,2.933918691133904,211.26291264010354,0.010561116971075535,250,2.2503782510757446,1.0,1.0,disabled,single,3,row_10,row_9,-3.0566020011901855,-5.367136001586914,0.9094338772503326,0.09022335269430187,0.3060993438154201,2.3105340003967285,-2.961669015214689,0,140,1,disabled,0,0.0,50.0,alpha
1360,0.6216845512390137,-0.15970730781555176,0.0,-2.1143054962158203,3.0535855293273926,0.10170471668243408,0,0,0,0.009097986854612827,0.5,0.3,0,0,wall,both,1,1,1,1,1,1,0.0,0,0,0,alpha,full,huber,-11.710995474948778,9.777833629320108,2.2558209837643615,-13.27415716364637,8.731810204406246,-2.8092358083708433,-13.415158600382014,8.682588074810802,-2.787665854403447,215.87695769608106,0.009097986854612827,250,2.7334377765655518,1.0,1.0,disabled,single,3,row_9,row_10,-2.1143054962158203,-3.133094549179077,0.704172918962781,0.2542288629486678,0.7274168822978357,1.0187890529632568,-1.7635741667578835,1,141,1,disabled,0,0.0,50.0,alpha
1364,0.9315241575241089,-0.35856911540031433,0.0,-1.1048728227615356,2.2269182205200195,0.026360690593719482,0,0,0,0.00715508172288537,0.5,0.3,0,0,wall,both,1,1,1,1,1,1,0.0,0,0,0,alpha,full,huber,-12.664508343852518,8.439837454518656,-1.5993106762308176,-13.544299176663962,8.624463541933796,-2.220499909267608,-13.745435242789927,8.555351313533171,-2.1903751635196462,220.2874565801742,0.00715508172288537,250,1.8690305352210999,1.0,1.0,disabled,single,3,row_10,row_9,-1.1048728227615356,-1.8199084997177124,0.6673222645534747,0.3264371413542835,0.667053686206322,0.7150356769561768,-0.7003906282656911,1,142,0,disabled,0,0.0,50.0,alpha
1368,1.9647433757781982,-1.5951308012008667,0.0,-0.5493095517158508,0.3620334565639496,0.35699427127838135,0,0,0,0.01675538346171379,0.5,0.3,0,0,wall,both,1,1,1,1,1,1,0.0,0,0,0,alpha,full,huber,-12.328446667255987,5.738282653485556,-0.49681196147723306,-14.471983049736954,6.75282644936982,-0.9846851604802886,-14.758196719475325,6.743515755134057,-1.0417776755337522,184.66009907984662,0.01675538346171379,250,4.509863615036011,0.6652085863523493,1.0,disabled,single,3,row_10,row_9,-0.5493095517158508,-1.8526426553726196,0.7807966399792702,0.21208383150303337,0.5573002201507227,1.3033331036567688,-0.3018690045180992,0,142,0,disabled,0,0.0,50.0,alpha
1372,1.1923162937164307,-0.5874454975128174,0.0,-0.599520206451416,0.569412887096405,0.35948556661605835,0,0,0,0.007712429389357567,0.5,0.3,0,0,wall,both,1,1,1,1,1,1,0.0,0,0,0,alpha,full,huber,-13.206166242720371,5.293567495563688,-0.7281997745502862,-14.045786520488985,6.200788550003094,-0.758325077593418,-14.336584658758682,6.360268788991371,-0.8812241326679349,209.89669586284322,0.0077124303206801414,250,2.8256338834762573,1.0,1.0,disabled,single,3,row_10,row_9,-0.23739001154899597,-2.7953412532806396,0.9273138026482304,0.07183277015209036,0.2651741079435826,2.5579512417316437,-0.16192675503335083,0,142,0,disabled,0,0.0,50.0,alpha
1376,2.7876439094543457,-3.2111399173736572,0.0,-0.1339273452758789,0.4675658941268921,0.1446017622947693,0,0,0,0.012091820128262043,0.5,0.3,0,0,wall,both,1,1,1,1,1,1,0.0,0,0,0,alpha,full,huber,-12.344513267302364,6.339232857960557,-0.8247146940944825,-13.463174445119478,5.994636689822558,-0.6118520029749781,-13.816848786395632,6.076762659778675,-0.7113934678631368,191.15421832843626,0.012091820128262043,250,4.430365085601807,0.67714509798519,1.0,disabled,single,3,row_10,row_9,-0.1339273452758789,-1.3307244777679443,0.7624352528217898,0.23037777420673888,0.5804749688024762,1.1967971324920654,0.13731034316219637,0,142,0,disabled,0,0.0,50.0,alpha
1380,1.0484694242477417,-0.4542512893676758,0.0,-0.33237224817276,1.194929599761963,0.06076455116271973,0,0,0,0.01052594929933548,0.5,0.3,0,0,wall,both,1,1,1,1,1,1,0.0,0,0,0,alpha,full,huber,-13.846406056761506,4.858341360552914,-1.2534281098500837,-13.316233222735338,5.6815275175924835,-0.6110903327157655,-13.467706893379681,5.793954579856287,-0.628222466915529,203.86082733517182,0.01052594929933548,250,2.229930281639099,1.0,1.0,disabled,single,3,row_10,row_9,-0.33237224817276,-3.701119899749756,0.9665725510569102,0.03328173373550683,0.14739895282067156,3.368747651576996,-0.29837333078158107,0,142,0,disabled,0,0.0,50.0,alpha
1384,1.1594538688659668,-0.555509626865387,0.0,-0.28107908368110657,1.030070424079895,0.10533928871154785,0,0,0,0.01070068497210741,0.5,0.3,0,0,wall,both,1,1,1,1,1,1,0.0,0,0,0,alpha,full,huber,-13.690347351486652,4.589276870253873,-1.140702977524203,-13.34686516158632,5.3726007021969036,-0.6290059413280932,-13.302049134237409,5.506834007365121,-0.6160222792173897,199.91879594644442,0.01070068497210741,250,2.3145304918289185,1.0,1.0,disabled,single,3,row_10,row_9,-0.28107908368110657,-3.4663097858428955,0.9601155149320335,0.03971873151989178,0.16865113639184198,3.185230702161789,-0.24037740997621357,0,142,0,disabled,0,0.0,50.0,alpha
1388,4.274223327636719,-6.878239631652832,-36.36241912841797,-1.0571300983428955,2.062497854232788,0.16551679372787476,53,0,67,0.023604635149240494,0.5555555555555556,0.3,120,120,wall,both,1,1,1,1,1,1,0.0,1,1,0,alpha,full,huber,-14.720970513506153,4.660933932686705,-1.0202258354219635,-13.789977594769818,5.05561760079396,-0.9495349300131909,-13.440498559669118,5.2065296632603975,-0.7879004663907949,104.81545517114482,0.023604631423950195,250,6.040905475616455,0.49661429269324225,1.0,disabled,single,3,row_10,row_9,-1.0571300983428955,-5.525545597076416,0.9886445973175357,0.011335273502703623,0.062288513119357666,4.4684154987335205,-1.0457097308057781,0,142,0,disabled,0,0.0,50.0,alpha
1392,0.9985741376876831,-0.41204559803009033,-35.59132766723633,-0.6231372952461243,1.672654628753662,0.01858508586883545,48,0,72,0.01038137823343277,0.5555555555555556,0.3,120,120,wall,both,1,1,1,1,1,1,0.0,1,1,0,alpha,full,huber,-14.325423790094808,5.3479739619668365,-1.1760963435970029,-14.038249138752091,4.8360912606319815,-1.0970459750865533,-13.648273539545654,4.929753086454939,-0.9383149037154714,178.35493050393373,0.01038137823343277,250,1.67886483669281,1.0,1.0,disabled,single,3,row_10,row_9,-0.6231372952461243,-4.568484783172607,0.9809498895595834,0.01897597849147275,0.09480427484619262,3.945347487926483,-0.6039033935456547,0,142,0,disabled,0,0.0,50.0,alpha
1396,0.9510173201560974,-0.3737330436706543,0.0,-0.4913381338119507,1.4722578525543213,0.048653483390808105,0,0,0,0.007303723134100437,0.5,0.3,0,0,wall,both,1,1,1,1,1,1,0.0,0,0,0,alpha,full,huber,-14.155755053529933,3.8141031726452503,-1.6635413814727515,-13.545088152581364,3.3616947342854306,-1.2058630989908083,-13.098676377464006,3.4662459619774935,-1.086952263192157,212.62989826226934,0.007303723134100437,250,1.8739882707595825,1.0,1.0,disabled,single,3,row_10,row_9,-0.4816892147064209,-4.044735431671143,0.9723938120605082,0.027569626066411945,0.12659876300667142,3.5630462169647217,-0.4536948145718665,0,142,0,disabled,0,0.0,50.0,alpha
1400,0.7032549381256104,-0.2043667435646057,-27.898805618286133,-0.32805362343788147,1.2149988412857056,0.0010231733322143555,70,0,50,0.011704816482961178,0.5555555555555556,0.3,120,120,wall,both,1,1,1,1,1,1,0.0,4,4,0,alpha,full,huber,-13.418913614198749,1.8645855600169323,-1.1627062179946492,-13.39859665349231,2.311195806677812,-1.1859414789374658,-13.020929033218575,2.4554104771131406,-1.1050583044544218,169.39913350613637,0.011704816482961178,250,1.363599717617035,1.0,1.0,disabled,single,3,row_10,row_9,-0.32805362343788147,-3.194323778152466,0.9460018186378432,0.053837720002298535,0.21121735447794976,2.8662701547145844,-0.2725428359559263,0,142,0,disabled,0,0.0,50.0,alpha
1404,4.23569917678833,-6.782725811004639,-26.68425750732422,-0.27235710620880127,1.1069494485855103,0.0038341283798217773,70,0,52,0.011837716214358807,0.551470588235294,0.3,120,122,wall,both,1,1,1,1,1,1,0.0,2,2,0,alpha,full,huber,-13.02058341746714,1.1198246022999343,-1.2955423320159731,-13.081587662354092,1.9156193530233854,-1.1050298713131055,-12.971424650163279,2.0266784740890937,-1.098412814411693,178.5920309838789,0.011837716214358807,250,4.88849949836731,0.6136852424761337,1.0,disabled,single,3,row_10,row_9,-0.27235710620880127,-3.0929267406463623,0.9434256228384011,0.056201750052771046,0.2196788628497278,2.820569634437561,-0.21411935780806154,0,142,0,disabled,0,0.0,50.0,alpha
1408,2.2718405723571777,-2.132751941680908,-29.129756927490234,-0.28454530239105225,1.10747230052948,0.05420112609863281,94,32,8,0.02259242907166481,0.528169014084507,0.3,88,134,wall,both,1,1,1,1,1,1,0.0,2,2,0,alpha,full,huber,-11.350601159793303,2.9679479978852235,-1.019571275205612,-12.64603582595749,1.737414945322974,-1.1025752317355662,-12.675693261449993,1.6216841050660982,-1.0930520061342577,168.56778180196935,0.02259242907166481,250,3.433283567428589,0.8737990734178991,1.0,disabled,single,3,row_10,row_9,-0.27521148324012756,-0.48385629057884216,0.5444497442656651,0.4419208677200457,0.7504431451250364,0.2086448073387146,0.3327681546613823,0,142,0,disabled,0,0.0,50.0,alpha
1412,0.9362168312072754,-0.3621909022331238,-28.366134643554688,-0.40139779448509216,1.3414461612701416,0.019258558750152588,66,3,56,0.008705253712832928,0.5454545454545454,0.3,120,125,wall,both,1,1,1,1,1,1,0.0,1,1,0,alpha,full,huber,-13.023485676998316,0.5458388389928909,-1.2938579623856108,-12.700348103954877,0.958611765196465,-1.1960475679753626,-12.554041655832005,1.0313748525731978,-1.1373943540669056,188.7414860171204,0.008705253712832928,250,1.7021523118019104,1.0,1.0,disabled,single,3,row_10,row_9,-0.40139779448509216,-3.3775196075439453,0.951171838827207,0.048500442709691456,0.19701676149831673,2.976121813058853,-0.35133725449846115,0,142,0,disabled,0,0.0,50.0,alpha
1416,0.6250251531600952,-0.1614282876253128,-24.844717025756836,-0.45309939980506897,1.4257248640060425,0.018455207347869873,78,1,45,0.010346065275371075,0.5474452554744526,0.3,120,124,wall,both,1,1,1,1,1,1,0.0,1,1,0,alpha,full,huber,-12.962214416804898,0.2414433728253088,-1.2897010698784217,-12.679171348720299,0.3954152271157356,-1.2746508120156095,-12.521058219732037,0.5069135355443565,-1.2087104887280993,190.23010595614605,0.01034606620669365,250,1.15724778175354,1.0,1.0,disabled,single,3,row_10,row_9,-0.45309939980506897,-3.3399178981781006,0.9468763517216193,0.05279149076044252,0.2096286323200623,2.8868184983730316,-0.39851263708043305,0,142,0,disabled,0,0.0,50.0,alpha
1420,1.2046908140182495,-0.5997024774551392,-26.236364364624023,-0.30218860507011414,1.1649893522262573,0.012008309364318848,73,0,47,0.019473610445857048,0.5555555555555556,0.3,120,120,wall,both,1,1,1,1,1,1,0.0,1,1,0,alpha,full,huber,-12.903093440622005,0.6978314518031858,-1.2524119732806156,-12.63266847094204,0.2944575339156349,-1.3024272280680436,-12.507946917640606,0.21874530351165722,-1.2504891961275373,146.6898787456702,0.019473610445857048,240,1.9588789343833923,1.0,1.0,disabled,single,3,row_10,row_9,-0.30218860507011414,-3.1424083709716797,0.9443960488647885,0.055164843405375585,0.21725945395842755,2.8402197659015656,-0.2449789475387707,0,142,0,disabled,0,0.0,50.0,alpha
1424,1.518466830253601,-0.9527857899665833,-42.13124084472656,-0.09744782745838165,0.6350939273834229,0.04375910758972168,62,21,58,0.01406920701265335,0.5154639175257733,0.3,120,141,wall,both,1,1,1,1,1,1,0.0,1,1,0,alpha,full,huber,-12.119385591184933,0.3184563644167877,-1.0527648484833718,-12.271233988464616,-0.7110477761715692,-1.263817340426326,-12.19544610156182,-0.8313988060095667,-1.2526828051663181,148.14675631261528,0.01406920701265335,185,2.682115077972412,1.0,1.0,disabled,single,3,row_10,row_9,-0.09117195755243301,-2.0439724922180176,0.8742400401605989,0.12403384213027206,0.387363012616356,1.9528005346655846,0.0432283379896618,0,142,0,disabled,0,0.0,50.0,alpha
1428,2.805659770965576,-3.252779722213745,-33.13365173339844,-0.36480647325515747,1.2669893503189087,0.04449707269668579,63,14,58,0.014949706383049488,0.5263157894736842,0.3,120,135,wall,both,1,1,1,1,1,1,0.0,3,3,0,alpha,full,huber,-12.695448966694485,-1.1908545325040838,-1.2974371064847774,-12.38507823566325,-1.191488499589263,-1.3662712515450792,-12.219057475353058,-1.2276760508775069,-1.309275671589222,135.49745560001932,0.014949706383049488,207,3.4314239025115967,0.874272630030985,1.0,disabled,single,3,row_10,row_9,-0.36480647325515747,-3.4434828758239746,0.9558710047211634,0.043989306446710584,0.18179473367359023,3.078676402568817,-0.3196741659202016,0,142,0,disabled,0,0.0,50.0,alpha
1432,2.0830843448638916,-1.793074607849121,-35.084495544433594,-0.363741397857666,1.2613685131072998,0.049927711486816406,66,13,78,0.01300166267901659,0.4885993485342019,0.3,119,157,wall,both,1,1,1,1,1,1,0.0,3,3,0,alpha,full,huber,-12.697157504087668,-1.471956462912227,-1.2795443603445544,-12.40461782963926,-1.765560595932067,-1.4176043345644593,-12.228022732290993,-1.809768979155468,-1.3602542314302926,148.94628163328704,0.01300166267901659,191,2.723125457763672,1.0,1.0,disabled,single,3,row_10,row_9,-0.3547254502773285,-3.5202622413635254,0.9594274228573714,0.04047967032959436,0.17041718345022533,3.165536791086197,-0.3133068432956757,0,142,0,disabled,0,0.0,50.0,alpha
1436,0.4245147705078125,-0.07446809858083725,-28.766376495361328,-3.659383773803711,2.0904414653778076,0.8115600943565369,65,0,53,0.01594468206167221,0.5597014925373135,0.3,85,118,wall,both,1,1,1,1,1,1,0.0,2,2,0,alpha,full,huber,-13.52283541912185,-1.6810973648885017,-2.832311419930394,-12.518209517988517,-2.244575118156614,-1.513302642213724,-12.30521884902886,-2.3448807190283736,-1.4423414349303936,180.81878177049023,0.01594468019902706,240,1.7987037897109985,1.0,1.0,disabled,single,3,row_10,row_9,-2.808229684829712,-7.130927085876465,0.9868296837631159,0.013089364941806953,0.07060080033624905,4.322697401046753,-2.7949718708804303,0,142,0,disabled,0,0.0,50.0,alpha
1440,2.8900485038757324,-3.451397180557251,-36.54360580444336,-0.14903298020362854,0.8119615912437439,0.024876892566680908,63,4,68,0.0179231408983469,0.5263157894736842,0.3,120,135,wall,both,1,1,1,1,1,1,0.0,1,1,0,alpha,full,huber,-11.924304980506891,-3.262550159303347,-1.3148680611793457,-12.282605636991969,-2.842847069486199,-1.3518339261381367,-12.261172388850735,-2.847334812265364,-1.3931640241685037,136.24367569802405,0.0179231408983469,213,3.717445135116577,0.8070058577760076,1.0,disabled,single,3,row_10,row_9,-0.14903298020362854,-2.6873183250427246,0.9266564014265884,0.0732074722385368,0.26319531018107584,2.538285344839096,-0.07286054157950098,0,142,0,disabled,0,0.0,50.0,alpha
1444,0.7156140208244324,-0.2116129994392395,-39.13584518432617,-0.20673178136348724,0.9642432332038879,0.005361497402191162,52,8,82,0.017498651519417763,0.5136986301369862,0.3,120,142,wall,both,1,1,1,1,1,1,0.0,2,2,0,alpha,full,huber,-12.055317728228692,-3.3406800634756393,-1.194945367381923,-12.108141110220405,-3.727882707030271,-1.342830084681757,-12.098594323098197,-3.7669997977003753,-1.3794724862313492,112.5125042407747,0.017498651519417763,148,0.9779565334320068,1.0,1.0,disabled,single,3,row_10,row_9,-0.20673178136348724,-2.8950083255767822,0.9362401542711036,0.06366248613556849,0.2379185344224973,2.688276544213295,-0.14084852102515177,0,142,0,disabled,0,0.0,50.0,alpha
1448,0.2143830507993698,-0.018991773948073387,-35.963356018066406,-0.2600526809692383,1.0815304517745972,0.00536656379699707,54,0,71,0.02022707648575306,0.5454545454545454,0.3,120,125,wall,both,1,1,1,1,1,1,0.0,1,1,0,alpha,full,huber,-11.886786256968108,-3.9190927219774805,-1.1949944788330107,-11.821782147737585,-4.42747938696926,-1.284621341866027,-11.873748804113195,-4.543509897865089,-1.340451055226886,116.64599252829477,0.02022707834839821,175,0.996386706829071,1.0,1.0,disabled,single,3,row_10,row_9,-0.2600526809692383,-2.7022206783294678,0.9198266998667134,0.07999925204790277,0.2804336557281922,2.4421679973602295,-0.17648268457629074,0,142,0,disabled,0,0.0,50.0,alpha
1452,0.1974419802427292,-0.016108816489577293,-40.103736877441406,-0.3785662055015564,1.1882987022399902,0.12597709894180298,38,29,82,0.015993379056453705,0.5016722408026756,0.3,120,149,wall,both,1,1,1,1,1,1,0.0,1,1,0,alpha,full,huber,-11.983273515141274,-4.907962762264875,-0.9561121140892741,-11.61515789148404,-5.204973185144734,-1.2238564040760442,-11.640274626882281,-5.31848609632016,-1.270920960052922,111.44839838139039,0.015993377193808556,153,0.8605490326881409,1.0,1.0,disabled,single,3,row_10,row_9,-0.3785662055015564,-3.1321280002593994,0.9399684711665349,0.05987652580810286,0.22813276014067319,2.753561794757843,-0.31665725990874966,0,142,0,disabled,0,0.0,50.0,alpha
1456,2.0902605056762695,-1.8054499626159668,-35.64111328125,-0.43255341053009033,1.3807324171066284,0.04670649766921997,59,34,79,0.02016311138868332,0.46583850931677023,0.3,120,172,wall,both,1,1,1,1,1,1,0.0,1,1,0,alpha,full,huber,-11.108998319878642,-7.335302406125469,-1.3938102875946974,-10.855264111980404,-6.7589473773084885,-1.1288896069536378,-10.989305160199741,-6.874630267501502,-1.18077383657997,94.78335836859016,0.02016311325132847,117,1.8389309644699097,1.0,1.0,disabled,single,3,row_10,row_9,-0.43255341053009033,-2.5413014888763428,0.8882330594260945,0.1078224706692606,0.3672584202346186,2.1087480783462524,-0.3140322944136811,0,142,0,disabled,0,0.0,50.0,alpha
1460,0.05234657600522041,-0.001132299192249775,0.0,-0.09162794798612595,0.6403760313987732,0.011053860187530518,0,0,0,0.01580352894961834,0.5,0.3,0,0,wall,both,1,1,1,1,1,1,0.0,0,0,0,alpha,full,huber,-10.350731816725764,-7.187076888828363,-1.2423037901276401,-10.491763470550273,-7.336901686084571,-1.13612368363007,-10.592582639936786,-7.465674611360895,-1.1535973613658421,94.75457425517135,0.01580352894961834,122,0.6339124739170074,1.0,1.0,disabled,single,3,row_10,row_9,-0.09162794798612595,-1.5184482336044312,0.7959955836003804,0.19109550934106878,0.5540269242428848,1.4268202856183052,0.13653369340774776,0,142,0,disabled,0,0.0,50.0,alpha
1464,2.230217456817627,-2.0553181171417236,-32.9555778503418,-0.3468950092792511,1.2494101524353027,0.0003102421760559082,44,0,76,0.020546970888972282,0.5555555555555556,0.3,120,120,wall,both,1,1,1,1,1,1,0.0,1,1,0,alpha,full,huber,-10.756048875651535,-9.619276357742663,-1.392669740021495,-10.171580531948305,-8.925818309183654,-1.2689323015411056,-10.073565993140617,-8.891828795791836,-1.2022232127850017,91.53480170794553,0.020546969026327133,122,3.4265822172164917,0.8755079580250036,1.0,disabled,single,3,row_10,row_9,-0.3468950092792511,-2.7734298706054688,0.9168525628736667,0.08099697562141779,0.2963721992664962,2.4265348613262177,-0.26008640759150203,0,142,0,disabled,0,0.0,50.0,alpha
1468,2.7826764583587646,-3.1997058391571045,0.0,-0.184784933924675,0.9101831912994385,0.012988865375518799,0,0,0,0.009600223042070866,0.5,0.3,0,0,wall,both,1,1,1,1,1,1,0.0,0,0,0,alpha,full,huber,-10.259244651061831,-10.600481581332197,-1.2562287343335354,-10.134699626221863,-9.934432490795803,-1.2760554780199933,-9.94023958742301,-9.837479850524403,-1.2183986197149268,179.00400625179714,0.00960022397339344,218,3.562483787536621,0.8421090954843148,1.0,disabled,single,3,row_10,row_9,-0.184784933924675,-2.3595426082611084,0.8967021431629547,0.10189736423221044,0.3396834485877313,2.1747576743364334,-0.07575340295339308,0,142,0,disabled,0,0.0,50.0,alpha
1472,2.258725166320801,-2.1081981658935547,0.0,-0.4252525269985199,1.37872314453125,0.026356220245361328,0,0,0,0.006708109751343727,0.5,0.3,0,0,wall,both,1,1,1,1,1,1,0.0,0,0,0,alpha,full,huber,-10.747059396908064,-10.524782418736674,-1.64767872919771,-10.28588478874903,-10.068840256019119,-1.3078435815544727,-10.113062188086019,-9.95316005327176,-1.2631211006346994,215.41983147224508,0.006708109751343727,250,3.0047507286071777,0.9984189275463193,1.0,disabled,single,3,row_10,row_9,-0.4252525269985199,-3.067547559738159,0.9328826987065899,0.0664190846985964,0.2500000461738479,2.6422950327396393,-0.3557767161007336,0,142,0,disabled,0,0.0,50.0,alpha
1476,0.04648995399475098,-0.0008931057527661324,0.0,-0.16838695108890533,0.8317380547523499,0.05992311239242554,0,0,0,0.013141154311597347,0.5,0.3,0,0,wall,both,1,1,1,1,1,1,0.0,0,0,0,alpha,full,huber,-9.913303016157911,-11.032735692039994,-1.0696392321479626,-10.001602595970343,-10.85812094783018,-1.2244010543610844,-9.93990907626728,-10.775168022722259,-1.231463138364085,106.19417816444549,0.013141154311597347,133,0.536011815071106,1.0,1.0,disabled,single,3,row_10,row_9,-0.16838695108890533,-2.1316792964935303,0.8756442185073982,0.1229364456467373,0.38327450402940255,1.963292345404625,-0.035591537288254316,0,142,0,disabled,0,0.0,50.0,alpha
1480,0.1068555936217308,-0.0047182305715978146,0.0,-0.0711158812046051,0.5612452030181885,0.016540825366973877,0,0,0,0.014508502557873726,0.5,0.3,0,0,wall,both,1,1,1,1,1,1,0.0,0,0,0,alpha,full,huber,-9.781323885999297,-10.785014009876836,-1.235444561011514,-9.881901608940813,-10.930546060584907,-1.2034867272214134,-9.88909268312451,-10.914651587942885,-1.2158703110018552,100.5212643839622,0.014508500695228577,127,0.4240706264972687,1.0,1.0,disabled,single,3,row_10,row_9,-0.0711158812046051,-1.830506443977356,0.8512020608077528,0.14653421883871254,0.4323397076246998,1.7593905627727509,0.08998985813134305,0,142,0,disabled,0,0.0,50.0,alpha
1484,0.9592927098274231,-0.3802655041217804,0.0,-0.506338357925415,1.505472183227539,0.025641322135925293,0,0,0,0.021484026685357094,0.5,0.3,0,0,wall,both,1,1,1,1,1,1,0.0,0,0,0,alpha,full,huber,-10.576750390027819,-11.303521008630689,-1.6445232309297861,-9.828884720495855,-11.525261777422312,-1.3020977894305734,-9.746493794260587,-11.52348754779445,-1.252787575520001,87.25543073677696,0.021484024822711945,102,1.8755358457565308,1.0,1.0,disabled,single,3,row_10,row_9,-0.506338357925415,-3.2298080921173096,0.9381198149810049,0.06158435993717118,0.23398564575664238,2.7234697341918945,-0.44246075431347065,0,142,0,disabled,0,0.0,50.0,alpha
1488,2.611663818359375,-2.818507432937622,0.0,-0.8244966268539429,1.9261287450790405,0.0037836432456970215,0,0,0,0.014728875830769539,0.5,0.3,0,0,wall,both,1,1,1,1,1,1,0.0,0,0,0,alpha,full,huber,-9.591912935086507,-12.315575924334166,-1.3305618401017951,-9.864910056186563,-11.642387697951834,-1.336035098900605,-9.80242147783297,-11.592903107052049,-1.294286204058046,127.54849635119439,0.014728875830769539,143,3.4345295429229736,0.8734820773871798,1.0,disabled,single,3,row_10,row_9,-0.8244966268539429,-2.892483949661255,0.887098670575002,0.11216476362751295,0.3569793576385915,2.067987322807312,-0.7046975647781304,0,142,0,disabled,0,0.0,50.0,alpha
1492,1.9999117851257324,-1.6527467966079712,0.0,-0.5309421420097351,1.5405033826828003,0.02959650754928589,0,0,0,0.02433197759091854,0.5,0.3,0,0,wall,both,1,1,1,1,1,1,0.0,0,0,0,alpha,full,huber,-10.587245632868074,-11.347536459883253,-1.6614799560311957,-9.968628470626703,-11.52069664114891,-1.3134279021039408,-9.885328704992546,-11.557491499577981,-1.3038518976736,83.16347308497946,0.02433197759091854,107,2.7628746032714844,1.0,1.0,disabled,single,3,row_10,row_9,-0.5309421420097351,-3.2800891399383545,0.9396042715283598,0.06011815050125724,0.22982602037491184,2.7491469979286194,-0.468645661915645,0,142,0,disabled,0,0.0,50.0,alpha
1496,1.323706865310669,-0.7240495681762695,0.0,-0.16639713943004608,0.8538427948951721,0.032782793045043945,0,0,0,0.04462413117289543,0.5,0.3,0,0,wall,both,1,1,1,1,1,1,0.0,0,0,0,alpha,full,huber,-10.010789233270788,-10.967522031986194,-1.1608173902647951,-9.917121239228745,-11.421522536055896,-1.2887624989302942,-9.901224972110645,-11.489507017816939,-1.2963071983019467,56.765870694822816,0.04462413117289543,80,1.9312300086021423,1.0,1.0,disabled,single,3,row_10,row_9,-0.16639713943004608,-2.2107536792755127,0.8842267697057927,0.11447506389631651,0.36553849494270946,2.0443565398454666,-0.043355417004682206,0,142,0,disabled,0,0.0,50.0,alpha
1500,3.501430034637451,-4.962223052978516,0.0,-0.7734394669532776,1.8645415306091309,0.014687895774841309,0,0,0,0.020830173045396805,0.5,0.3,0,0,wall,both,1,1,1,1,1,1,0.0,0,0,0,alpha,full,huber,-10.153869629551693,-12.094358991820506,-1.589183656719477,-10.040814673422027,-11.506632677897365,-1.346019682411676,-9.970944640632744,-11.498336832563961,-1.3211625130567397,73.9593458998684,0.020830173045396805,80,4.1352691650390625,0.7254666819183127,1.0,disabled,single,3,row_10,row_9,-0.7734394669532776,-3.3305466175079346,0.9278038815055977,0.07193142433121304,0.26103169653649544,2.557107150554657,-0.6985045638385557,0,142,0,disabled,0,0.0,50.0,alpha
1504,3.3380661010742188,-4.557188987731934,0.0,-0.5290943384170532,1.5335277318954468,0.03988391160964966,0,0,0,0.023181913420557976,0.5,0.3,0,0,wall,both,1,1,1,1,1,1,0.0,0,0,0,alpha,full,huber,-10.567879344724199,-11.360819693209324,-1.7009590093520728,-10.142883169117837,-11.477789412766853,-1.3384589372239086,-10.056783953820542,-11.48857283079726,-1.329807883882322,68.58583008838113,0.023181913420557976,80,3.969385027885437,0.7557845809677359,1.0,disabled,single,3,row_10,row_9,-0.5290943384170532,-3.266096830368042,0.9389042902366405,0.060807373405250796,0.23180382765629523,2.7370024919509888,-0.4660526061177144,0,142,0,disabled,0,0.0,50.0,alpha
1508,1.3455458879470825,-0.748137891292572,0.0,-0.1308927685022354,0.7658959627151489,0.011480391025543213,0,0,0,0.031472500413656235,0.5,0.3,0,0,wall,both,1,1,1,1,1,1,0.0,0,0,0,alpha,full,huber,-9.418077314969594,-11.166608408138414,-1.2659060475515238,-9.940881708574299,-11.443486115396368,-1.2918347705397657,-9.99883283119742,-11.466029473096814,-1.3108213272110436,59.37558526464539,0.031472500413656235,80,1.8846831917762756,1.0,1.0,disabled,single,3,row_10,row_9,-0.1308927685022354,-1.6534817218780518,0.8187425014567291,0.1786057164636647,0.4871301823222294,1.5225889533758163,0.06909288209851186,0,142,0,disabled,0,0.0,50.0,alpha
1512,1.9801762104034424,-1.620288372039795,0.0,-0.5424153208732605,1.5559700727462769,0.032854437828063965,0,0,0,0.021645132452249527,0.5,0.3,0,0,wall,both,1,1,1,1,1,1,0.0,0,0,0,alpha,full,huber,-10.591181711104332,-11.367581793517449,-1.6746241872264462,-10.126547021391861,-11.456178243275964,-1.3545549759139612,-10.062689926294642,-11.461103858186389,-1.3326881515625022,68.69191779055923,0.021645132452249527,80,2.5331355333328247,1.0,1.0,disabled,single,3,row_10,row_9,-0.5424153208732605,-3.3028182983398438,0.9402433079915643,0.05948568542967798,0.2280302402079216,2.7604029774665833,-0.48079872195122075,0,142,0,disabled,0,0.0,50.0,alpha
1516,3.924109697341919,-6.010189533233643,0.0,-0.8046419620513916,1.9025349617004395,0.0082472562789917,0,0,0,0.04517258331179619,0.5,0.3,0,0,wall,both,1,1,1,1,1,1,0.0,0,0,0,alpha,full,huber,-10.14163615235668,-12.141605335710356,-1.5460993256194844,-10.21636647738586,-11.602575193262886,-1.407719176804201,-10.13952820184025,-11.531839525724639,-1.3702036641833515,54.099093942176594,0.04517258703708649,80,4.470158100128174,0.671117202748149,1.0,disabled,single,3,row_10,row_9,-0.8046419620513916,-3.363698959350586,0.9279286847468934,0.07180096271139103,0.2607440890572913,2.5590569972991943,-0.7298415645693817,0,142,0,disabled,0,0.0,50.0,alpha
1520,1.1430516242980957,-0.5399037599563599,0.0,-0.13203191757202148,0.7670698165893555,0.017689526081085205,0,0,0,0.10995260626077652,0.5,0.3,0,0,wall,both,1,1,1,1,1,1,0.0,0,0,0,alpha,full,huber,-9.48634082717303,-11.160503379646427,-1.2292082308031047,-10.113587911615582,-11.459538074904373,-1.3599184350428566,-10.126558056727916,-11.495688800314506,-1.3650610496131037,36.975995608559565,0.10995260626077652,80,1.81763756275177,1.0,1.0,disabled,single,3,row_10,row_9,-0.13203191757202148,-1.7198901176452637,0.8283206362050122,0.16927796399312073,0.4711765769149318,1.5878582000732422,0.056323040190115276,0,142,0,disabled,0,0.0,50.0,alpha
1524,0.8446339964866638,-0.2947961091995239,0.0,-0.11626832187175751,0.7218708992004395,0.01071774959564209,0,0,0,0.039519455283880234,0.5,0.3,0,0,wall,both,1,1,1,1,1,1,0.0,0,0,0,alpha,full,huber,-9.47846360843104,-11.115982249453618,-1.2710400160128787,-9.865905717548078,-11.380040380134616,-1.2791540072856342,-9.996231887137997,-11.43786459022456,-1.3221075284493686,48.221978224672604,0.039519455283880234,80,1.6136648654937744,1.0,1.0,disabled,single,3,row_10,row_9,-0.11626832187175751,-1.6825059652328491,0.8251569697124448,0.17231703229351572,0.4766939112670777,1.5662376433610916,0.07591332255592395,0,142,0,disabled,0,0.0,50.0,alpha
1528,0.3136904239654541,-0.040661852806806564,0.0,-0.39104604721069336,1.3194584846496582,0.03193897008895874,0,0,0,0.018176117911934853,0.5,0.3,0,0,wall,both,1,1,1,1,1,1,0.0,0,0,0,alpha,full,huber,-10.375267593172687,-11.257896152273466,-1.670998034512164,-9.99413135678762,-11.41942631012185,-1.333670902043532,-9.995181621962807,-11.428645450173205,-1.32788921524645,74.79389071301712,0.018176117911934853,80,0.7833892703056335,1.0,1.0,disabled,single,3,row_10,row_9,-0.39104604721069336,-2.9011552333831787,0.9244499677873362,0.07512021861143575,0.2704145173115879,2.5101091861724854,-0.3124896994596975,0,142,0,disabled,0,0.0,50.0,alpha
1532,2.5565712451934814,-2.700849771499634,0.0,-0.11533515155315399,0.7166393399238586,0.017203927040100098,0,0,0,0.053138092160224915,0.5,0.3,0,0,wall,both,1,1,1,1,1,1,0.0,0,0,0,alpha,full,huber,-9.520320701258573,-11.10306062674092,-1.2318193789532474,-9.671995244673598,-11.228578062872828,-1.263106510855475,-9.833588433318202,-11.328611756523017,-1.2954978630509624,30.46479649476364,0.053138092160224915,80,2.9583603143692017,1.0,1.0,disabled,single,3,row_10,row_9,-0.11533515155315399,-1.718393087387085,0.8304416522016187,0.16715135754031138,0.4678163602910299,1.603057935833931,0.07046245707295506,0,142,0,disabled,0,0.0,50.0,alpha
1536,1.8348044157028198,-1.3911187648773193,0.0,-0.39404788613319397,1.3190933465957642,0.04252058267593384,0,0,0,0.04223572835326195,0.5,0.3,0,0,wall,both,1,1,1,1,1,1,0.0,0,0,0,alpha,full,huber,-10.367032347866472,-11.266912174885167,-1.7102413090560151,-9.958901189838155,-11.330906172494416,-1.3455515615446334,-9.896244811578178,-11.329758964508716,-1.3205247122977977,32.85434728431521,0.04223572462797165,80,2.5193941593170166,1.0,1.0,disabled,single,3,row_10,row_9,-0.39404788613319397,-2.901841878890991,0.9242780945677782,0.07528033924796765,0.27090627650270954,2.5077939927577972,-0.31530560165786004,0,142,0,disabled,0,0.0,50.0,alpha
1540,3.560576915740967,-5.10886812210083,0.0,-0.5325446128845215,1.5445655584335327,0.024212896823883057,0,0,0,0.017786066979169846,0.5,0.3,0,0,wall,both,1,1,1,1,1,1,0.0,0,0,0,alpha,full,huber,-10.583778027114818,-11.358555164785432,-1.6380847321340226,-10.049642797608392,-11.38312689981945,-1.3533632671083764,-9.972943804593285,-11.356442932164082,-1.3369439897030868,74.92099930733889,0.017786066979169846,80,4.004799842834473,0.7491011081034935,1.0,disabled,single,3,row_10,row_9,-0.5325446128845215,-3.280482292175293,0.9395435683117477,0.060187007840637415,0.22994888751478415,2.7479376792907715,-0.4701835256154698,0,142,0,disabled,0,0.0,50.0,alpha
1544,0.6555101275444031,-0.17755931615829468,0.0,-0.3825557231903076,1.301383137702942,0.03897625207901001,0,0,0,0.018632428720593452,0.5,0.3,0,0,wall,both,1,1,1,1,1,1,0.0,0,0,0,alpha,full,huber,-9.944506768585324,-11.570329261399321,-1.1374652964334429,-9.973012801138573,-11.41939846957376,-1.2589251427442885,-9.97297830286593,-11.387920700868921,-1.2979345662236874,70.06457881864294,0.018632428720593452,80,0.8159067928791046,1.0,1.0,disabled,single,3,row_10,row_9,-0.3825557231903076,-2.555321455001831,0.8970992763592688,0.10214575870210117,0.3358728921019327,2.1727657318115234,-0.27396697612863874,0,142,0,disabled,0,0.0,50.0,alpha
1548,3.9234859943389893,-6.00864315032959,0.0,-0.5547735691070557,1.5650749206542969,0.05059701204299927,0,0,0,0.06679552048444748,0.5,0.3,0,0,wall,both,1,1,1,1,1,1,0.0,0,0,0,alpha,full,huber,-10.538598495589056,-11.444283925692076,-1.737046736564363,-10.186968662979039,-11.423845754374293,-1.423652807775527,-10.079973482922483,-11.405883227621608,-1.360793686999607,40.597695556312026,0.06679552048444748,80,4.392568349838257,0.6829717288543651,1.0,disabled,single,3,row_10,row_9,-0.5547735691070557,-3.2929317951202393,0.9389841317462496,0.06074230174557443,0.23150583963447854,2.7381582260131836,-0.49181687009161446,0,142,0,disabled,0,0.0,50.0,alpha
1552,0.870914101600647,-0.3134261965751648,0.0,-0.39653536677360535,1.3224183320999146,0.044036924839019775,0,0,0,0.024933429434895515,0.5,0.3,0,0,wall,both,1,1,1,1,1,1,0.0,0,0,0,alpha,full,huber,-10.399995315063453,-11.23271672323503,-1.71545232979679,-10.250941507769017,-11.406043487756866,-1.4869740569993184,-10.165456194953663,-11.405969458657319,-1.4238838719994624,69.13895095389756,0.024933429434895515,80,1.2594241499900818,1.0,1.0,disabled,single,3,row_10,row_9,-0.39653536677360535,-2.926445245742798,0.9258012290541124,0.07375506546895524,0.2670807451650977,2.5299098789691925,-0.31943964394674673,0,142,0,disabled,0,0.0,50.0,alpha
1556,0.7229642271995544,-0.2159823626279831,0.0,-0.34614264965057373,1.2417500019073486,0.029235541820526123,0,0,0,0.017369618639349937,0.5,0.3,0,0,wall,both,1,1,1,1,1,1,0.0,0,0,0,alpha,full,huber,-10.286956864800564,-11.240519196615184,-1.6599806304921831,-10.22356308123658,-11.392958580014724,-1.4701922352660863,-10.194509638095122,-11.399464019336023,-1.4470380536327743,76.3435945382724,0.017369618639349937,80,0.8762825429439545,1.0,1.0,disabled,single,3,row_10,row_9,-0.34614264965057373,-2.762181520462036,0.9175877460608219,0.08191722945402787,0.28764728603869877,2.4160388708114624,-0.2601355820579215,0,142,0,disabled,0,0.0,50.0,alpha
1560,3.2883729934692383,-4.433982849121094,0.0,-0.4161122143268585,1.3666496276855469,0.01612168550491333,0,0,0,0.02638348564505577,0.5,0.3,0,0,wall,both,1,1,1,1,1,1,0.0,0,0,0,alpha,full,huber,-10.035489313373255,-11.596356090375018,-1.23777331743498,-10.142818977618585,-11.411645112095439,-1.3642963214923072,-10.168664307856854,-11.40555456571573,-1.4056671875625404,65.7704169878621,0.026383481919765472,80,3.503044366836548,0.8563979458556427,1.0,disabled,single,3,row_10,row_9,-0.4161122143268585,-2.690934658050537,0.9062058958542751,0.0931717062522798,0.3149710282411648,2.2748224437236786,-0.317623473685788,0,142,0,disabled,0,0.0,50.0,alpha
1564,4.003135681152344,-6.206121444702148,0.0,-0.2707526981830597,1.099508285522461,0.022705137729644775,0,0,0,0.03870559111237526,0.5,0.3,0,0,wall,both,1,1,1,1,1,1,0.0,0,0,0,alpha,full,huber,-9.82218372815437,-11.404806123324072,-1.2040778665970717,-10.079129713643457,-11.413134096854812,-1.2907830562656857,-10.123897010750156,-11.409344331285272,-1.3482251219141128,60.27328222162313,0.03870559483766556,80,4.356505632400513,0.6886253004445093,1.0,disabled,single,3,row_10,row_9,-0.2707526981830597,-2.270847797393799,0.8798501366176433,0.11906344406694887,0.3734174990491347,2.000095099210739,-0.1427490128724702,0,142,0,disabled,0,0.0,50.0,alpha
1568,1.5779300928115845,-1.0288691520690918,0.0,-0.4227839708328247,1.3774755001068115,0.016645491123199463,0,0,0,0.02848871424794197,0.5,0.3,0,0,wall,both,1,1,1,1,1,1,0.0,0,0,0,alpha,full,huber,-10.058233839004863,-11.595920660834054,-1.2348676614479677,-10.097936381841887,-11.443257518227426,-1.3084974713413342,-10.110916696296021,-11.42630092475635,-1.3283612966277234,66.16128990001285,0.02848871797323227,80,1.730038583278656,1.0,1.0,disabled,single,3,row_10,row_9,-0.4227839708328247,-2.72001051902771,0.9081025511332728,0.09129817202839566,0.3105192869301687,2.2972265481948853,-0.3263860058512708,0,142,0,disabled,0,0.0,50.0,alpha
