frame_idx,gps_dist,log_gps,log_semantic,log_corridor,corridor_dist,corridor_heading_misalign,correct_hits,incorrect_hits,no_hits,weight,gps_weight_used,corridor_weight_used,num_background_used,num_observations,semantic_model_used,semantic_classes_mode,gps_enabled,semantic_enabled,corridor_enabled,background_enabled,dynamic_gps_enabled,pose_smoothing_enabled,detection_drop_rate,detections_raw,detections_kept,detections_dropped,pose_backend_used,diagnostics_level,gnss_robust_mode,raw_best_x,raw_best_y,raw_best_theta,raw_weighted_x,raw_weighted_y,raw_weighted_theta,smoothed_x,smoothed_y,smoothed_theta,ess,max_weight,particle_count,gnss_innovation,gnss_robust_scale,gnss_row_gate_scale,gnss_row_gate_reason,row_likelihood_mode,row_mixture_top_k,row_hypothesis_id,row_hypothesis_second_id,row_hypothesis_score,row_hypothesis_second_score,row_hypothesis_prob,row_hypothesis_second_prob,row_hypothesis_entropy,row_hypothesis_gap,row_marginal_logscore,row_switch_event,row_switch_count,headland_flag,delayed_correction_status,delayed_correction_applied,delayed_correction_m,semantic_penalty_cap,smoother_status
0,0.9663470983505249,-0.3858788013458252,-38.51294708251953,-0.35501810908317566,1.2637293338775635,0.005569398403167725,55,0,71,0.07308255881071091,0.5434782608695653,0.3,120,126,wall,both,1,1,1,1,1,1,0.0,4,4,0,alpha,full,huber,-8.089938031814528,-10.351563331471594,-1.3836596789358793,-8.089938031814528,-10.351563331471594,-1.3836596789358793,-8.089938031814528,-10.351563331471594,-1.3836596789358793,34.26708644270649,0.07308255881071091,100,4.1050920486450195,0.7307996908352443,1.0,disabled,single,3,row_9,row_10,-0.35501810908317566,-0.4398999810218811,0.5037882309076034,0.4627903441228324,0.8155527371023571,0.08488187193870544,0.3305811668972154,0,0,0,disabled,0,0.0,50.0,alpha
4,3.240647077560425,-4.3156538009643555,-40.666507720947266,-1.3976160287857056,2.467578172683716,0.10443586111068726,31,0,94,0.006754180416464806,0.5454545454545454,0.3,120,125,wall,both,1,1,1,1,1,1,0.0,3,3,0,alpha,full,huber,-11.737055726340502,-11.210823540295694,1.2710024021487332,-11.737055726340502,-11.210823540295694,1.2710024021487332,-9.913496879077515,-10.781193435883644,-0.05632863839357283,223.6668638231506,0.006754180416464806,250,4.426926136016846,0.6776711216372968,1.0,disabled,single,3,row_10,row_9,-1.3976160287857056,-5.6358819007873535,0.9857575981877105,0.014227043265574238,0.07481280149134321,4.238265872001648,-1.383271230558695,1,1,0,disabled,0,0.0,50.0,alpha
8,0.21564623713493347,-0.01921623945236206,-43.27506637573242,-0.006258570589125156,0.13812768459320068,0.022239387035369873,63,0,62,0.008624562993645668,0.5454545454545454,0.3,120,125,wall,both,1,1,1,1,1,1,0.0,3,3,0,alpha,full,huber,-9.618428920348249,-10.241182284627888,1.943394154313645,-9.618428920348249,-10.241182284627888,1.943394154313645,-9.765962899712882,-10.511187860255767,0.9435327579600363,187.9379903074508,0.008624562993645668,250,1.766459047794342,1.0,1.0,disabled,single,3,row_10,row_9,-0.006258570589125156,-1.5895150899887085,0.8278087052020089,0.16995361993730823,0.4712855033624588,1.5832565193995833,0.18271461306456402,0,1,0,disabled,0,0.0,50.0,alpha
12,0.6138652563095093,-0.15571510791778564,-49.741703033447266,-2.34475040435791,2.548037528991699,0.4700888991355896,1,0,128,0.01800014264881611,0.5376344086021506,0.3,120,129,wall,both,1,1,1,1,1,1,0.0,4,4,0,alpha,full,huber,-9.705822738223352,-12.733911433237857,0.7198008467808394,-9.705822738223352,-12.733911433237857,0.7198008467808394,-9.735892818968118,-11.622549646746812,0.8316668023704383,125.91152544834046,0.01800014264881611,196,3.0806586742401123,0.9738177179722749,1.0,disabled,single,3,row_10,row_9,-2.34475040435791,-5.015939712524414,0.9348112251939537,0.06466081021119807,0.2440806176691242,2.671189308166504,-2.2773397360919923,0,1,1,disabled,0,0.0,50.0,alpha
16,1.463728666305542,-0.8853312730789185,-42.712188720703125,-0.21379980444908142,0.937430739402771,0.0673532485961914,34,0,92,0.022928791120648384,0.5434782608695653,0.3,120,126,wall,both,1,1,1,1,1,1,0.0,4,4,0,alpha,full,huber,-8.767736268268541,-10.794960868781484,-1.7786069530671815,-8.767736268268541,-10.794960868781484,-1.7786069530671815,-9.25181454361833,-11.208755257764148,-0.4734700753483714,69.3546204292485,0.022928791120648384,80,1.917651355266571,1.0,1.0,disabled,single,3,row_10,row_9,-0.21379980444908142,-1.0145310163497925,0.6838804346721941,0.30706267729864506,0.66501116566353,0.8007312119007111,0.16617237530117707,0,1,0,disabled,0,0.0,50.0,alpha
20,3.0262632369995117,-3.7841238975524902,-50.000003814697266,-2.187100887298584,2.52132511138916,0.43558233976364136,0,0,125,0.06379885226488113,0.5454545454545454,0.3,120,125,wall,both,1,1,1,1,1,1,0.0,2,2,0,alpha,full,huber,-9.734934181444608,-12.704407489921284,0.761032651913025,-9.734934181444608,-12.704407489921284,0.761032651913025,-9.493374362531469,-11.956581373842717,0.14378128828232706,50.555576862077864,0.06379885226488113,80,4.7502264976501465,0.6315488327733524,1.0,disabled,single,3,row_10,row_9,-2.187100887298584,-4.840865135192871,0.933758819546496,0.06572332818690202,0.24683380110673828,2.653764247894287,-2.11856379001632,0,1,1,disabled,0,0.0,50.0,alpha
24,1.353814959526062,-0.7573615312576294,-40.3218879699707,-0.17645443975925446,0.8709279298782349,0.04398161172866821,51,0,73,0.08044258505105972,0.5474452554744526,0.3,120,124,wall,both,1,1,1,1,1,1,0.0,6,6,0,alpha,full,huber,-8.62874011824762,-10.054219446130933,1.43441731535476,-8.62874011824762,-10.054219446130933,1.43441731535476,-9.052746785008097,-11.004197219346032,0.7895214547215419,26.153188494340384,0.08044258505105972,80,1.9413064122200012,1.0,1.0,disabled,single,3,row_10,row_9,-0.17645443975925446,-0.6554597616195679,0.6081357304698263,0.3766787778463079,0.7338236595510773,0.4790053218603134,0.3209027412669389,0,1,0,disabled,0,0.0,50.0,alpha
28,2.2727856636047363,-2.1345267295837402,-41.36861038208008,-0.171515554189682,0.8324224948883057,0.06553834676742554,34,0,91,0.030863182619214058,0.5454545454545454,0.3,120,125,wall,both,1,1,1,1,1,1,0.0,4,4,0,alpha,full,huber,-8.829625943230994,-10.704329364473125,-1.7735433780571495,-8.829625943230994,-10.704329364473125,-1.7735433780571495,-8.930764853767617,-10.843755483389657,-0.49137643551300014,62.64875582468079,0.030863182619214058,80,2.374168038368225,1.0,1.0,disabled,single,3,row_10,row_9,-0.171515554189682,-1.0232322216033936,0.6951004175826737,0.296586719658803,0.653101638290437,0.8517166674137115,0.19218340393425504,0,1,0,disabled,0,0.0,50.0,alpha
32,2.046881675720215,-1.7312911748886108,-40.744285583496094,-0.14578554034233093,0.7979728579521179,0.03239405155181885,39,0,88,0.030290845781564713,0.5415162454873647,0.3,120,127,wall,both,1,1,1,1,1,1,0.0,4,4,0,alpha,full,huber,-8.929414114419883,-10.764866299115626,-1.6647185413122267,-8.929414114419883,-10.764866299115626,-1.6647185413122267,-8.883471903176407,-10.829258638481882,-1.0798148553352642,61.772071252545395,0.030290845781564713,80,2.401331305503845,1.0,1.0,disabled,single,3,row_10,row_9,-0.14578554034233093,-1.0971639156341553,0.7164607554651845,0.2767031021369567,0.6284835707263792,0.9513783752918243,0.18764626542547552,0,1,0,disabled,0,0.0,50.0,alpha
36,3.2030327320098877,-4.222395420074463,-37.37113952636719,-0.2688763439655304,1.097428560256958,0.017452001571655273,54,0,106,0.04405854269862175,0.48387096774193555,0.3,120,160,wall,both,1,1,1,1,1,1,0.0,4,4,0,alpha,full,huber,-8.700783394144196,-10.95961263659092,-1.5965903067099871,-8.700783394144196,-10.95961263659092,-1.5965903067099871,-8.741030717187023,-10.990006531152954,-1.3404583357915987,49.75578175825884,0.04405854642391205,80,3.9372122287750244,0.761960449597959,1.0,disabled,single,3,row_10,row_9,-0.2688763439655304,-0.9915721416473389,0.666555871247808,0.3235741069095651,0.6810556324898964,0.7226957976818085,0.1367549710825302,0,1,0,disabled,0,0.0,50.0,alpha
40,2.46730899810791,-2.51554274559021,-44.604488372802734,-0.12870168685913086,0.7584090232849121,0.014708101749420166,51,18,87,0.054923612624406815,0.49019607843137253,0.3,120,156,wall,both,1,1,1,1,1,1,0.0,5,5,0,alpha,full,huber,-8.859543562101054,-9.336387874656221,1.9038238835984682,-8.859543562101054,-9.336387874656221,1.9038238835984682,-8.776407696039474,-10.265028557431492,-2.858257457834557,37.76070899898108,0.054923612624406815,80,3.6016842126846313,0.8329436515934453,1.0,disabled,single,3,row_10,row_9,-0.12829959392547607,-0.6447136998176575,0.6177960595785559,0.36861188797872324,0.7238296769593626,0.5164141058921814,0.3532972827431259,0,1,0,disabled,0,0.0,50.0,alpha
44,0.5419286489486694,-0.12135812640190125,-36.33425521850586,-0.09590290486812592,0.5994256734848022,0.06271934509277344,58,2,71,0.028578350320458412,0.5338078291814947,0.3,120,131,wall,both,1,1,1,1,1,1,0.0,4,4,0,alpha,full,huber,-8.932552474613646,-9.877604547423179,1.3760503610105177,-8.656664038703365,-9.601603059830143,1.6474806310651546,-8.816388086180691,-9.96238965739257,2.549176927047821,61.39370112086734,0.028578350320458412,80,0.90518718957901,1.0,1.0,disabled,single,3,row_10,row_9,-0.09590290486812592,-0.8504471182823181,0.6735371132028255,0.31671391368138635,0.6754774474264807,0.7545442134141922,0.29930927480360436,0,1,0,disabled,0,0.0,50.0,alpha
48,5.160811424255371,-9.07639217376709,-31.60498046875,-0.1821763515472412,0.9028043150901794,0.016061067581176758,79,1,50,0.04320107772946358,0.5357142857142857,0.3,120,130,wall,both,1,1,1,1,1,1,0.0,3,3,0,alpha,full,huber,-8.849000480986211,-8.663627714764825,1.5948801098149383,-8.802613632954582,-9.170340059675155,1.7200033996203288,-8.895317641488269,-9.508605012809134,2.145095339635315,52.41768893531745,0.04320107772946358,80,5.475436210632324,0.5479015524232632,1.0,disabled,single,3,row_10,row_9,-0.1821763515472412,-0.5413219332695007,0.578698509624521,0.4040893639792419,0.7526040623613555,0.3591455817222595,0.3647972942437293,0,1,0,disabled,0,0.0,50.0,alpha
52,1.9377129077911377,-1.5515419244766235,-39.76805114746094,-0.14396819472312927,0.7906981110572815,0.03511911630630493,54,16,66,0.02872290648519993,0.5244755244755245,0.3,120,136,wall,both,1,1,1,1,1,1,0.0,4,4,0,alpha,full,huber,-8.764595935810846,-9.718848788507414,1.4662943516585303,-8.807982268862315,-9.11558254023538,1.7019253823434273,-8.908005717186716,-9.22499739708531,1.9279138537315381,76.7833904985796,0.028722908347845078,92,2.735480308532715,1.0,1.0,disabled,single,3,row_10,row_9,-0.14396819472312927,-0.6599525809288025,0.6174169292970155,0.36854401411748605,0.7254933009754851,0.5159843862056732,0.3382425522607309,0,1,0,disabled,0,0.0,50.0,alpha
56,3.111083984375,-3.9944231510162354,-27.413389205932617,-0.20904330909252167,0.9698942303657532,5.1975250244140625e-05,92,4,43,0.026210518553853035,0.5190311418685121,0.3,120,139,wall,both,1,1,1,1,1,1,0.0,3,3,0,alpha,full,huber,-8.241365075460072,-8.694623032980925,1.7598402030387135,-8.777155287060344,-9.059087452869065,1.6317846923781698,-8.878936597203722,-9.04460318640718,1.7823186578898955,82.70858327707376,0.026210518553853035,107,2.941105604171753,1.0,1.0,disabled,single,3,row_9,row_10,-0.20904330909252167,-0.49443528056144714,0.5451471799743361,0.4097977895160813,0.8359823679749068,0.2853919714689255,0.39765615668587695,1,2,0,disabled,0,0.0,50.0,alpha
60,4.043527603149414,-6.306266784667969,-41.87406539916992,-0.06234953552484512,0.26023152470588684,0.1076505184173584,92,0,44,0.04644429311156273,0.5244755244755245,0.3,120,136,wall,both,1,1,1,1,1,1,0.0,5,5,0,alpha,full,huber,-10.074935623025368,-8.477673265317017,2.242619417980828,-8.92783999775325,-8.73304023268054,1.7138740445941592,-8.924690032592334,-8.789621348894691,1.7502185659269642,93.97858216053834,0.04644429311156273,148,5.248682975769043,0.5715719569746802,1.0,disabled,single,3,row_10,row_9,-0.06234953552484512,-1.6982685327529907,0.8354347239161988,0.1627203721878578,0.4572829662141786,1.6359189972281456,0.11745352664133418,1,3,0,disabled,0,0.0,50.0,alpha
64,2.1806044578552246,-1.9648908376693726,-26.349605560302734,-0.25832998752593994,1.0779352188110352,0.005425095558166504,117,3,19,0.03841931372880936,0.5190311418685121,0.3,120,139,wall,both,1,1,1,1,1,1,0.0,4,4,0,alpha,full,huber,-8.502490233291619,-7.9472707913287515,1.874246016972462,-8.76972205819801,-8.388624705675621,1.6657752899380958,-8.866932739334779,-8.48035972391653,1.708463660943604,95.64181586166227,0.03841931372880936,185,2.9407408237457275,1.0,1.0,disabled,single,3,row_9,row_10,-0.25832998752593994,-0.42758816480636597,0.5218441534424492,0.4405882691958864,0.8238083065608631,0.16925817728042603,0.39205630477412035,1,4,0,disabled,0,0.0,50.0,alpha
68,3.892014741897583,-5.930615425109863,-31.434627532958984,-0.09768843650817871,0.6608185172080994,0.012601792812347412,103,7,25,0.06356993317604065,0.5263157894736842,0.3,120,135,wall,both,1,1,1,1,1,1,0.0,7,7,0,alpha,full,huber,-10.57097566149751,-8.026576726915538,1.910800971320782,-8.97287202972588,-8.12620080625305,1.7658475318970854,-8.936959822149909,-8.180160702045757,1.7375793568255151,113.381938163745,0.06356993317604065,224,5.194370746612549,0.5775483011019991,1.0,disabled,single,3,row_10,row_9,-0.09768843650817871,-2.1802735328674316,0.8884936722338291,0.11071312865189795,0.35436648134721294,2.082585096359253,0.02053931675736581,1,5,0,disabled,0,0.0,50.0,alpha
72,0.11833958327770233,-0.005786883179098368,-37.54964828491211,-0.1776820421218872,0.3349888324737549,0.19344890117645264,93,8,31,0.011142306961119175,0.5319148936170213,0.3,120,132,wall,both,1,1,1,1,1,1,0.0,4,4,0,alpha,full,huber,-9.65160118349842,-7.518699371844682,2.3843789611622137,-9.108456725696948,-7.804006615685211,1.871992956949204,-9.04265760119224,-7.87358233821195,1.8085492257941098,163.5157191886849,0.0111423060297966,207,0.9706029891967773,1.0,1.0,disabled,single,3,row_10,row_9,-0.1776820421218872,-1.201277494430542,0.7314911173625336,0.2628253189569484,0.6093049511497416,1.0235954523086548,0.134988159518865,0,5,0,disabled,0,0.0,50.0,alpha
76,0.8330172300338745,-0.2867428660392761,-42.90989685058594,-0.057218123227357864,0.45929211378097534,0.05033314228057861,71,15,49,0.009741497226059437,0.5263157894736842,0.3,120,135,wall,both,1,1,1,1,1,1,0.0,5,5,0,alpha,full,huber,-9.345139377785662,-8.453958738104856,1.4557217327351708,-9.25067799691876,-7.654067925722854,1.8929897694722764,-9.177093554139766,-7.63827336551657,1.8558312781657538,210.56180870989172,0.009741497226059437,250,1.8385705351829529,1.0,1.0,disabled,single,3,row_10,row_9,-0.057218123227357864,-0.9024227261543274,0.6941987351790592,0.29813716877859464,0.6515199442185788,0.8452046029269695,0.30777887431224593,0,5,0,disabled,0,0.0,50.0,alpha
80,2.8217673301696777,-3.290235996246338,-37.50211715698242,-0.16947169601917267,0.8713892698287964,0.013410866260528564,87,2,43,0.019064385443925858,0.5319148936170213,0.3,120,132,wall,both,1,1,1,1,1,1,0.0,5,5,0,alpha,full,huber,-8.964839229778141,-8.25782464949723,1.9383043190971643,-9.281418052432304,-7.524758368143714,1.8741424833176528,-9.265764779986654,-7.456917614935767,1.8665558142764418,181.52694735281386,0.019064385443925858,250,3.699233055114746,0.810978912467288,1.0,disabled,single,3,row_10,row_9,-0.16947169601917267,-0.5644556283950806,0.5878774779065584,0.39604768588383166,0.745526766904062,0.3949839323759079,0.3617650276837846,0,5,0,disabled,0,0.0,50.0,alpha
84,3.096590042114258,-3.9584877490997314,-29.330095291137695,-0.3381407856941223,1.2335352897644043,0.0011503100395202637,94,7,35,0.025792934000492096,0.5244755244755245,0.3,120,136,wall,both,1,1,1,1,1,1,0.0,5,5,0,alpha,full,huber,-11.302536790662685,-7.210975683333546,1.7998471578550514,-9.987739534412661,-7.331184523673694,1.9801571971009726,-9.664593506325975,-7.269857296184396,1.924268501658947,107.09372296981877,0.025792934000492096,250,4.669754981994629,0.6424319930204532,1.0,disabled,single,3,row_10,row_9,-0.3381407856941223,-3.089653968811035,0.9397933631149239,0.05998813792989734,0.22898150750155127,2.751513183116913,-0.27604553133716886,0,5,0,disabled,0,0.0,50.0,alpha
88,3.049170970916748,-3.8409194946289062,-25.440946578979492,-0.27574288845062256,1.1139304637908936,0.0003299117088317871,88,1,38,0.010250881314277649,0.5415162454873647,0.3,120,127,wall,both,1,1,1,1,1,1,0.0,6,6,0,alpha,full,huber,-11.217852829855985,-7.008055040627824,1.715408025807542,-10.530989026525646,-7.119083751606896,1.9731046360185638,-10.141785962415245,-7.075233472362223,1.9421856387486125,190.04533616684037,0.010250881314277649,250,3.502467393875122,0.8565390231030264,1.0,disabled,single,3,row_10,row_9,-0.27574288845062256,-2.902122735977173,0.9322797790336949,0.06744099815398653,0.24951343596388165,2.6263798475265503,-0.2056205712016836,0,5,0,disabled,0,0.0,50.0,alpha
92,0.28021061420440674,-0.03244544938206673,-25.205467224121094,-0.2740958631038666,1.110560417175293,0.00217515230178833,102,1,23,0.02077106200158596,0.5434782608695653,0.3,120,126,wall,both,1,1,1,1,1,1,0.0,7,7,0,alpha,full,huber,-8.685377756540733,-7.001870492608461,1.7913214631857368,-10.112490093833141,-6.900755567058805,1.9769337824213848,-10.17438034586084,-6.866693144178116,1.965272010429656,142.12420770305374,0.02077106200158596,250,2.703730583190918,1.0,1.0,disabled,single,3,row_9,row_10,-0.2740958631038666,-0.422277569770813,0.5177344330790921,0.44642915783959847,0.820146540482213,0.1481817066669464,0.38419698253629775,1,6,0,disabled,0,0.0,50.0,alpha
96,1.6192089319229126,-1.0834039449691772,-26.60834312438965,-0.35129594802856445,0.9182249307632446,0.20040804147720337,120,3,15,0.010477411560714245,0.5208333333333334,0.3,120,138,wall,both,1,1,1,1,1,1,0.0,7,7,0,alpha,full,huber,-9.196156655777669,-6.767760634539822,2.3960580866251053,-9.910120190972265,-6.761615719699248,2.024018508922839,-10.091771274937933,-6.695198340272916,1.9987742838928373,195.35142705034295,0.010477411560714245,250,2.286393642425537,1.0,1.0,disabled,single,3,row_10,row_9,-0.35129594802856445,-0.7346283197402954,0.5850352806603336,0.3987520449641743,0.7470743779950013,0.38333237171173096,0.18478717671913691,1,7,0,disabled,0,0.0,50.0,alpha
100,4.082462787628174,-6.402801036834717,-29.207143783569336,-0.43635961413383484,0.4604717493057251,0.30881065130233765,129,3,15,0.018420254811644554,0.5050505050505051,0.3,120,147,wall,both,1,1,1,1,1,1,0.0,8,8,0,alpha,full,huber,-9.541641476027172,-7.422518827893189,2.5595401174102648,-9.761405409818828,-6.743904871448612,2.1017445690395022,-9.980658734948703,-6.601021916745827,2.0520684711640325,165.08931295792087,0.018420254811644554,250,5.06803035736084,0.5919459412161533,1.0,disabled,single,3,row_10,row_9,-0.43635961413383484,-1.3444464206695557,0.7075800583295381,0.28536354766860317,0.637554647140137,0.9080868065357208,-0.09045511491688352,0,7,0,disabled,0,0.0,50.0,alpha
104,0.131991446018219,-0.007199066691100597,-26.589704513549805,-0.37415385246276855,0.4495171010494232,0.28401821851730347,120,11,4,0.014241780154407024,0.5263157894736842,0.3,120,135,wall,both,1,1,1,1,1,1,0.0,5,5,0,alpha,full,huber,-9.647878831518499,-6.90308760701731,2.524644087150225,-9.529909361753042,-6.675387462306229,2.2323885730760273,-9.815230846289325,-6.5234144073028375,2.1438283444621185,152.30039547115138,0.014241780154407024,250,0.6519950330257416,1.0,1.0,disabled,single,3,row_10,row_9,-0.37415385246276855,-1.2887605428695679,0.7090645935414206,0.28410387749467186,0.6353666357997281,0.9146066904067993,-0.030345200998933286,0,7,0,disabled,0,0.0,50.0,alpha
108,2.311392307281494,-2.2076590061187744,-32.08891677856445,-0.3151491582393646,1.1906906366348267,0.004821300506591797,112,8,12,0.015395277179777622,0.5319148936170213,0.3,120,132,wall,both,1,1,1,1,1,1,0.0,7,7,0,alpha,full,huber,-8.955779275474999,-5.859239412863254,1.83925431930286,-9.482924197608725,-6.402237757440611,2.1703869921180985,-9.716742034946538,-6.357961251929,2.1706324380812205,134.211864721638,0.015395277179777622,175,3.2688302993774414,0.9177594812956057,1.0,disabled,single,3,row_9,row_10,-0.3151491582393646,-0.38151901960372925,0.500226530580839,0.4681043286868835,0.8111601495289955,0.06636986136436462,0.3775450637601223,1,8,0,disabled,0,0.0,50.0,alpha
112,5.317075729370117,-9.463824272155762,-31.097209930419922,-0.4499642848968506,0.005866039078682661,0.33202314376831055,120,0,0,0.01454913429915905,0.5555555555555556,0.3,120,120,wall,both,1,1,1,1,1,1,0.0,5,5,0,alpha,full,huber,-10.21495341034753,-6.232702582677785,2.5804053150746924,-9.697697866665122,-6.275943769895681,2.220735005308083,-9.771039303562453,-6.223635207700616,2.1959846644421273,122.27817744828727,0.01454913429915905,153,5.9361572265625,0.50537744966995,1.0,disabled,single,3,row_10,row_9,-0.4499642848968506,-1.833376407623291,0.7971881838683332,0.1998722961705508,0.5196399434898717,1.3834121227264404,-0.22329977210177615,1,9,0,disabled,0,0.0,50.0,alpha
116,0.609882652759552,-0.15370118618011475,-36.232059478759766,-0.05660312622785568,0.2709886133670807,0.0993461012840271,100,0,21,0.01983225904405117,0.5535055350553506,0.3,120,121,wall,both,1,1,1,1,1,1,0.0,5,5,0,alpha,full,huber,-10.126282321411571,-5.176787861898415,2.1837255112447966,-9.78218709378353,-5.8380795711115825,2.178838077287191,-9.852449412662512,-5.925787735394628,2.190044388507559,107.54815435160785,0.01983226276934147,148,1.5799809694290161,1.0,1.0,disabled,single,3,row_10,row_9,-0.05660312622785568,-1.14779531955719,0.7448952362133181,0.2501476622829469,0.5923179558512686,1.0911921933293343,0.23790856679545608,0,9,0,disabled,0,0.0,50.0,alpha
120,4.199280261993408,-6.6924309730529785,-32.14491653442383,-0.22962848842144012,0.07678090780973434,0.2365121841430664,117,0,3,0.0171979870647192,0.5555555555555556,0.3,120,120,wall,both,1,1,1,1,1,1,0.0,6,6,0,alpha,full,huber,-10.272425261176815,-5.480058102484605,2.443195695656936,-10.013346681210018,-5.6620954418403135,2.246955036885308,-9.9992043002772,-5.700916011884611,2.220203139645159,105.78162657241276,0.01719798520207405,127,4.522523880004883,0.6633464144354636,1.0,disabled,single,3,row_10,row_9,-0.22962848842144012,-1.5342236757278442,0.7839340975184463,0.21266746960106028,0.5393661879428704,1.3045951873064041,0.013801833031165028,0,9,0,disabled,0,0.0,50.0,alpha
124,4.241744041442871,-6.797712802886963,-44.4490852355957,-0.17537112534046173,0.6760411858558655,0.13447338342666626,79,0,46,0.020459245890378952,0.5454545454545454,0.3,120,125,wall,both,1,1,1,1,1,1,0.0,7,7,0,alpha,full,huber,-10.91484743365345,-6.186309834081858,2.2656912489933276,-10.225587119795092,-5.602485279874455,2.291254979211358,-10.200596608618726,-5.535535072197341,2.2563808943450594,148.51863984255283,0.020459245890378952,196,5.381322860717773,0.557483741014538,1.0,disabled,single,3,row_10,row_9,-0.17537112534046173,-2.3166027069091797,0.8942066511693988,0.10507825101143606,0.34191480433980315,2.141231581568718,-0.06355274825333218,0,9,0,disabled,0,0.0,50.0,alpha
128,1.9335451126098633,-1.544874668121338,-31.381118774414062,-0.2280876785516739,0.26446250081062317,0.22819644212722778,119,6,11,0.016063934192061424,0.5244755244755245,0.3,120,136,wall,both,1,1,1,1,1,1,0.0,4,4,0,alpha,full,huber,-10.175831441585002,-4.916377410731684,2.4233249252379476,-10.099919447503744,-5.189982224079299,2.2116982930508833,-10.232127966036977,-5.26266579235987,2.234228881838992,121.78298709227168,0.016063934192061424,250,2.197256088256836,1.0,1.0,disabled,single,3,row_10,row_9,-0.17652659118175507,-1.2579561471939087,0.7432327780977745,0.25203796590622174,0.5932242832046293,1.0814295560121536,0.1202193972666129,0,9,0,disabled,0,0.0,50.0,alpha
132,0.22332057356834412,-0.020608296617865562,-37.729736328125,-0.045935362577438354,0.3006287217140198,0.07958394289016724,116,0,9,0.021647321060299873,0.5454545454545454,0.3,120,125,wall,both,1,1,1,1,1,1,0.0,9,9,0,alpha,full,huber,-10.325132232657802,-4.034889465636066,2.200351179981186,-10.174439451006437,-4.796300886261563,2.1263421417029242,-10.283580935763478,-4.92675150836123,2.1800826694115134,102.2656741559773,0.021647322922945023,143,1.0844005346298218,1.0,1.0,disabled,single,3,row_10,row_9,-0.045935362577438354,-1.063015341758728,0.7307073267566624,0.26425988362455555,0.6075691310129768,1.0170799791812897,0.2678069106198027,0,9,0,disabled,0,0.0,50.0,alpha
136,0.2060524821281433,-0.017544474452733994,-40.250526428222656,-0.03361465409398079,0.3549850583076477,0.0370783805847168,134,0,13,0.012658589519560337,0.5050505050505051,0.3,120,147,wall,both,1,1,1,1,1,1,0.0,8,8,0,alpha,full,huber,-10.201902174487225,-4.3256262195770026,2.071864237679736,-10.199586041671312,-4.483178945534389,2.063038977603105,-10.315632141974136,-4.598856611055034,2.1219317708317957,137.9590120941129,0.012658591382205486,196,0.5568295121192932,1.0,1.0,disabled,single,3,row_10,row_9,-0.03361465409398079,-1.021803855895996,0.7245452997231364,0.2697120972214583,0.6165181742331817,0.9881892018020153,0.2885963395842839,0,9,0,disabled,0,0.0,50.0,alpha
140,4.3313446044921875,-7.019862651824951,-45.26531219482422,-0.00929168425500393,0.01717429794371128,0.04754370450973511,118,0,23,0.022085484117269516,0.5154639175257733,0.3,120,141,wall,both,1,1,1,1,1,1,0.0,6,6,0,alpha,full,huber,-10.704192309384188,-3.583489091003767,2.073165147342185,-10.428516759002392,-4.201267652308739,2.0963902547189925,-10.44004050286767,-4.2894886338925176,2.109476678189389,91.5875381506885,0.022085484117269516,107,4.933644771575928,0.6080697210475747,1.0,disabled,single,3,row_10,row_9,-0.00929168425500393,-1.3707078695297241,0.7937433115770233,0.203434470051727,0.5238692932940218,1.3614161852747202,0.22170347091538947,0,9,0,disabled,0,0.0,50.0,alpha
144,3.1475727558135986,-4.084891319274902,-45.871273040771484,-0.16199584305286407,0.6527326703071594,0.12842267751693726,56,0,90,0.017483333125710487,0.5067567567567568,0.3,120,146,wall,both,1,1,1,1,1,1,0.0,7,7,0,alpha,full,huber,-11.319252717453839,-3.9292394218415865,2.2759534346037906,-10.70246554256157,-3.9635586122591024,2.1521319187340575,-10.637518083550813,-4.015645219684788,2.1311397643711807,116.73392849267762,0.017483334988355637,138,3.8617697954177856,0.7768458916322962,1.0,disabled,single,3,row_10,row_9,-0.1583932787179947,-2.205005407333374,0.8849806198942703,0.1143145223863012,0.36117640957688824,2.0466121286153793,-0.03620374607945988,0,9,0,disabled,0,0.0,50.0,alpha
148,1.6793755292892456,-1.1654142141342163,-41.51774215698242,-0.2876690924167633,1.1375024318695068,0.005711197853088379,53,9,73,0.025181686505675316,0.5263157894736842,0.3,120,135,wall,both,1,1,1,1,1,1,0.0,8,8,0,alpha,full,huber,-11.712188198707665,-4.419697185641213,1.9056249203377877,-10.871940437569098,-3.8198428427490745,2.187819433908852,-10.823928783846522,-3.807453263747318,2.15953530973008,147.26993593376264,0.025181686505675316,185,2.8353545665740967,1.0,1.0,disabled,single,3,row_10,row_9,-0.2876690924167633,-2.9042916297912598,0.9316821565764389,0.06805860589752509,0.2509696164432808,2.6166225373744965,-0.21690553623872783,0,9,0,disabled,0,0.0,50.0,alpha
152,1.356637954711914,-0.7605233788490295,-36.3232421875,-0.4611576497554779,1.4402557611465454,0.006893038749694824,61,1,70,0.03674192726612091,0.5319148936170213,0.3,120,132,wall,both,1,1,1,1,1,1,0.0,7,7,0,alpha,full,huber,-12.057208466271412,-4.259323411879788,1.8810493033530378,-11.262151512299456,-3.7965746527879696,2.162426972358819,-11.115333357811831,-3.6937469672909065,2.1598213943519102,99.56904535880899,0.03674193099141121,169,2.5406172275543213,1.0,1.0,disabled,single,3,row_10,row_9,-0.4611576497554779,-3.406296968460083,0.949908250122661,0.049960169721918204,0.19969856256265023,2.945139318704605,-0.40976777188564145,0,9,0,disabled,0,0.0,50.0,alpha
156,1.3125028610229492,-0.7118445634841919,-38.48695755004883,-0.18887536227703094,0.9218840599060059,0.0019374489784240723,57,0,63,0.019620971754193306,0.5555555555555556,0.3,120,120,wall,both,1,1,1,1,1,1,0.0,6,6,0,alpha,full,huber,-11.487835809853996,-4.432674543549937,1.7364398682039237,-11.437559148004475,-3.867687982957407,2.087386311530902,-11.348404034883854,-3.67301955236095,2.1233926381978865,140.2034574261705,0.019620973616838455,224,2.0883965492248535,1.0,1.0,disabled,single,3,row_10,row_9,-0.18887536227703094,-2.572413206100464,0.9151841929642591,0.0844016967421046,0.29299352757546593,2.383537843823433,-0.1002454320976023,0,9,0,disabled,0,0.0,50.0,alpha
160,4.212545871734619,-6.725320816040039,-38.430259704589844,-0.2410767674446106,1.041557788848877,0.00038564205169677734,48,3,75,0.016249310225248337,0.5434782608695653,0.3,120,126,wall,both,1,1,1,1,1,1,0.0,5,5,0,alpha,full,huber,-11.649847941826886,-4.26355276294757,1.7709257566311543,-11.60267087529641,-3.852078864652931,1.9809661686302413,-11.543597324559638,-3.6521848073540673,2.0518461100884906,171.60738584541167,0.016249310225248337,250,4.740614891052246,0.6328292993515252,1.0,disabled,single,3,row_10,row_9,-0.24107615649700165,-2.7494804859161377,0.9244380183888943,0.07524742439797062,0.26983222214902103,2.508404329419136,-0.162506882707726,0,9,0,disabled,0,0.0,50.0,alpha
164,1.3296291828155518,-0.7305428981781006,-36.27435302734375,-0.24459439516067505,1.0491304397583008,7.832050323486328e-05,62,6,66,0.012776928022503853,0.528169014084507,0.3,120,134,wall,both,1,1,1,1,1,1,0.0,3,3,0,alpha,full,huber,-11.693617159283649,-4.080444931936548,1.7760822013950825,-11.633519604376822,-3.774227473001911,1.9517912376181097,-11.648961314298404,-3.5974798715854286,2.001808213168471,175.7433350640732,0.012776928022503853,250,1.655469000339508,1.0,1.0,disabled,single,3,row_10,row_9,-0.24459439516067505,-2.7614567279815674,0.925032299926485,0.07466163129663027,0.2682924367904561,2.5168623328208923,-0.16666777192075793,0,9,0,disabled,0,0.0,50.0,alpha
168,5.4676289558410645,-9.83709716796875,-34.175758361816406,-0.3111240863800049,1.1832406520843506,1.0609626770019531e-05,55,1,72,0.01966984197497368,0.539568345323741,0.3,120,128,wall,both,1,1,1,1,1,1,0.0,5,5,0,alpha,full,huber,-11.838057935939593,-4.040492722142169,1.7589573335280608,-11.71982207438969,-3.672321713098741,1.8970157703378645,-11.738357052843305,-3.517545586782057,1.9494767451930386,137.63813298554516,0.01966984197497368,191,5.921245098114014,0.5066501977693062,1.0,disabled,single,3,row_10,row_9,-0.3111240863800049,-2.9790682792663574,0.9348950984230664,0.06487680318819374,0.24230605700137403,2.6679441928863525,-0.2438031361923858,0,9,0,disabled,0,0.0,50.0,alpha
172,1.1487528085708618,-0.5453029274940491,-35.53092575073242,-0.3410259783267975,1.2387299537658691,0.0029981136322021484,48,11,76,0.025941187515854836,0.5263157894736842,0.3,120,135,wall,both,1,1,1,1,1,1,0.0,4,4,0,alpha,full,huber,-11.943241465833673,-3.7912667488663847,1.8410224752769064,-11.876140039429776,-3.4933560351756183,1.9057403657942147,-11.855341412604508,-3.384579061448589,1.9278407180911499,87.24087252727028,0.025941183790564537,112,1.4956638813018799,1.0,1.0,disabled,single,3,row_10,row_9,-0.3410259783267975,-3.086480140686035,0.9394688748625436,0.06033187231162406,0.22976435922997032,2.7454541623592377,-0.27858538817897077,0,9,0,disabled,0,0.0,50.0,alpha
176,3.056001663208008,-3.8578553199768066,-36.049957275390625,-0.36101430654525757,1.2745546102523804,0.0020203590393066406,45,23,80,0.033666882663965225,0.5033557046979865,0.3,120,148,wall,both,1,1,1,1,1,1,0.0,5,5,0,alpha,full,huber,-12.01633084514939,-3.6038178484494203,1.8271451984455833,-11.902265330792398,-3.3653098819439373,1.866271639090997,-11.924140785001853,-3.2534069501154312,1.8975459575085605,62.48554908073058,0.033666882663965225,80,3.3117579221725464,0.9058633120237152,1.0,disabled,single,3,row_10,row_9,-0.36101430654525757,-3.1583378314971924,0.9423592217061104,0.057458503920394824,0.2216573229216852,2.797323524951935,-0.30164556883887295,0,9,0,disabled,0,0.0,50.0,alpha
180,3.3753528594970703,-4.649635314941406,-32.96592330932617,-0.3529708981513977,1.2601675987243652,0.004344522953033447,65,7,68,0.03438262641429901,0.5172413793103449,0.3,120,140,wall,both,1,1,1,1,1,1,0.0,4,4,0,alpha,full,huber,-12.15627203917132,-2.8102989500771542,1.8474492449526014,-12.08111075252505,-3.0671561303147152,1.9267213148315063,-12.044116147285425,-3.0378539104345106,1.9126490001731558,59.87905818851618,0.03438262641429901,80,3.671746611595154,0.8170498450318389,1.0,disabled,single,3,row_10,row_9,-0.3529708981513977,-3.1842353343963623,0.9441717391094593,0.05564786100285973,0.2165457560879964,2.8312644362449646,-0.29552369579077964,0,9,0,disabled,0,0.0,50.0,alpha
184,0.3755877912044525,-0.05829181522130966,-35.7910270690918,-0.37220099568367004,1.2941803932189941,0.00030118227005004883,52,23,74,0.035752154886722565,0.5016722408026756,0.3,120,149,wall,both,1,1,1,1,1,1,0.0,4,4,0,alpha,full,huber,-12.118382412142012,-3.1834422394301924,1.7390228473829525,-12.20100381684466,-2.8599798287658285,1.8789383378645066,-12.166220861393565,-2.826212855052896,1.8960757255739509,64.21019512556451,0.03575215861201286,83,0.5975620150566101,1.0,1.0,disabled,single,3,row_10,row_9,-0.37220099568367004,-3.2183563709259033,0.9449584986544763,0.05487103614460249,0.21425523595659063,2.8461553752422333,-0.31558672646315633,0,9,0,disabled,0,0.0,50.0,alpha
188,2.5467498302459717,-2.680138349533081,-36.13508605957031,-0.21213777363300323,0.977011501789093,0.0019312500953674316,55,25,70,0.022011050954461098,0.5,0.3,120,150,wall,both,1,1,1,1,1,1,0.0,4,4,0,alpha,full,huber,-11.891685196311784,-2.6841475744018335,1.6920412248760037,-12.096355958714515,-2.562871933901275,1.8009518859268838,-12.172689279888552,-2.5717854585723745,1.8484702976086185,84.66721865735076,0.022011050954461098,112,2.9119834899902344,1.0,1.0,disabled,single,3,row_10,row_9,-0.21213777363300323,-2.7273569107055664,0.9248924729314358,0.07477311148306585,0.2687988143035203,2.515219137072563,-0.13405997992673313,0,9,0,disabled,0,0.0,50.0,alpha
192,4.903759002685547,-8.439071655273438,-33.86808776855469,-0.4425094425678253,1.411128282546997,0.0007141232490539551,66,12,72,0.03919539600610733,0.5,0.3,120,150,wall,both,1,1,1,1,1,1,0.0,3,3,0,alpha,full,huber,-12.47536098160071,-1.9177702608530858,1.7919955493937811,-12.207287947030292,-2.2589897227510765,1.7765480700231444,-12.22566957593366,-2.290207764419549,1.8124902997982577,67.78639380308509,0.03919539600610733,97,5.462977409362793,0.549151090183608,1.0,disabled,single,3,row_10,row_9,-0.4425094425678253,-3.443878412246704,0.9525137399009453,0.047357990639998744,0.19193278118379387,3.001368969678879,-0.3938586955753597,0,9,0,disabled,0,0.0,50.0,alpha
196,1.4147429466247559,-0.827065110206604,-36.386985778808594,-0.46771302819252014,1.45054292678833,0.005874693393707275,55,9,70,0.03258974850177765,0.528169014084507,0.3,120,134,wall,both,1,1,1,1,1,1,0.0,1,1,0,alpha,full,huber,-12.407464215905778,-2.4999326843119336,1.6457528558980172,-12.225235981733451,-2.104143611888005,1.7672584309524095,-12.25656345860654,-2.0709726219275923,1.7894852317409837,60.901507815886404,0.03258974850177765,80,1.972930669784546,1.0,1.0,disabled,single,3,row_10,row_9,-0.46771302819252014,-3.5142014026641846,0.9545177428082386,0.0453639554597109,0.18581401994872115,3.0464883744716644,-0.4211639807924597,0,9,0,disabled,0,0.0,50.0,alpha
200,3.03584623336792,-3.807882785797119,-32.36004638671875,-0.28252682089805603,1.127453088760376,0.003462374210357666,60,3,70,0.021889103576540947,0.5300353356890459,0.3,120,133,wall,both,1,1,1,1,1,1,0.0,2,2,0,alpha,full,huber,-12.267620889797591,-1.480421489874801,1.8195173204382789,-12.171407348154766,-1.8409480151506479,1.727895714784458,-12.242105484252512,-1.8294318801225176,1.7587029785385937,65.59737770315354,0.021889105439186096,83,3.095484733581543,0.9691535440166539,1.0,disabled,single,3,row_10,row_9,-0.2825147211551666,-2.9643545150756836,0.9357183760864287,0.06403787831985364,0.2401916773505864,2.681839793920517,-0.21607399312753583,0,9,0,disabled,0,0.0,50.0,alpha
204,1.8602848052978516,-1.4300246238708496,-40.369651794433594,-0.17333832383155823,0.8785362839698792,0.021124660968780518,58,0,78,0.029886405915021896,0.5244755244755245,0.3,120,136,wall,both,1,1,1,1,1,1,0.0,3,3,0,alpha,full,huber,-11.920448254673541,-1.9891265979198407,1.548290454540778,-12.100831194364817,-1.6240059952891701,1.6707218203252339,-12.195790418646224,-1.5988089304463895,1.7151017837155536,61.093288366854125,0.029886405915021896,80,2.2941555976867676,1.0,1.0,disabled,single,3,row_10,row_9,-0.17333832383155823,-2.577138662338257,0.9167394144966212,0.08284926907843135,0.28925604697568275,2.4038003385066986,-0.0864063049620307,0,9,0,disabled,0,0.0,50.0,alpha
208,2.9143226146698,-3.5096185207366943,-31.98756980895996,-0.352861225605011,1.2600957155227661,0.0013672113418579102,54,7,73,0.04393179342150688,0.528169014084507,0.3,120,134,wall,both,1,1,1,1,1,1,0.0,2,2,0,alpha,full,huber,-12.433238914834346,-1.2939756011400636,1.788575261881146,-12.28170414355401,-1.3890779040754873,1.7208803877839483,-12.256977985488348,-1.3684874369042217,1.7186419290060133,56.536121050812724,0.04393179342150688,80,3.190823554992676,0.9401961431887719,1.0,disabled,single,3,row_10,row_9,-0.352861225605011,-3.1791634559631348,0.9439028305817061,0.055908755554810674,0.21735221598007595,2.826302230358124,-0.29512917376451736,0,9,0,disabled,0,0.0,50.0,alpha
212,3.1580026149749756,-4.110750198364258,-42.88163375854492,-0.1603347808122635,0.8493167161941528,0.0030210018157958984,51,11,75,0.033291045576334,0.5226480836236934,0.3,120,137,wall,both,1,1,1,1,1,1,0.0,3,3,0,alpha,full,huber,-11.963298129461243,-1.5979038828084102,1.8319504530573347,-12.175038491942463,-1.2166114665460501,1.7038985278154342,-12.234459567450205,-1.168658759114081,1.712191709737704,57.386721298736624,0.033291045576334,80,3.6693748235702515,0.817577964706544,1.0,disabled,single,3,row_10,row_9,-0.1603347808122635,-2.530808210372925,0.9141474555956696,0.0854147206469041,0.2955834108193141,2.3704734295606613,-0.070571390245376,0,9,0,disabled,0,0.0,50.0,alpha
216,0.9509443044662476,-0.373675674200058,-28.51807975769043,-0.3370891213417053,1.2316229343414307,0.0005723834037780762,57,0,63,0.04185068979859352,0.5555555555555556,0.3,120,120,wall,both,1,1,1,1,1,1,0.0,1,1,0,alpha,full,huber,-12.510882405019766,-0.6562194329431148,1.7701138456162777,-12.322880293978574,-0.9002134782207585,1.7250255047494234,-12.296354140352811,-0.9102015045976313,1.719131334107173,54.20468826979165,0.04185068979859352,80,1.4205086827278137,1.0,1.0,disabled,single,3,row_10,row_9,-0.3370891213417053,-3.1201910972595215,0.9415479316327088,0.058231315715541104,0.2241388152791712,2.783101975917816,-0.27685909902040134,0,9,0,disabled,0,0.0,50.0,alpha
220,0.5324034690856934,-0.11712953448295593,-33.81627655029297,-0.22703871130943298,1.0107338428497314,0.002229630947113037,52,0,68,0.034177444875240326,0.5555555555555556,0.3,120,120,wall,both,1,1,1,1,1,1,0.0,1,1,0,alpha,full,huber,-12.382187459199171,-0.08587141947409527,1.6694879626955546,-12.315704361271113,-0.5340278297100409,1.6691095118749186,-12.325127517731246,-0.5943094608499154,1.6947583489915061,59.345855071584026,0.034177444875240326,80,0.8875049650669098,1.0,1.0,disabled,single,3,row_10,row_9,-0.22703871130943298,-2.754282236099243,0.9256793886843394,0.07394225253309862,0.2670495375490135,2.52724352478981,-0.14981137449884524,0,9,0,disabled,0,0.0,50.0,alpha
224,0.8812438249588013,-0.32090526819229126,-34.925743103027344,-0.31290552020072937,1.1864831447601318,0.004255235195159912,51,7,69,0.036261532455682755,0.5415162454873647,0.3,120,127,wall,both,1,1,1,1,1,1,0.0,1,1,0,alpha,full,huber,-12.460581057040065,-0.6833835915625408,1.8285631727410303,-12.339412449288023,-0.25941915774448515,1.693743154539313,-12.360329628308767,-0.2016681573138531,1.6949773273784983,59.32087855357646,0.036261532455682755,80,1.4026185870170593,1.0,1.0,disabled,single,3,row_10,row_9,-0.31290552020072937,-3.0461277961730957,0.9387314350861432,0.06102643620517944,0.23202533195265326,2.7332222759723663,-0.24967966789487986,0,9,0,disabled,0,0.0,50.0,alpha
228,1.0940797328948975,-0.49463245272636414,-41.30439376831055,-0.15148700773715973,0.8251988291740417,0.006340444087982178,47,10,73,0.024462865665555,0.5357142857142857,0.3,120,130,wall,both,1,1,1,1,1,1,0.0,1,1,0,alpha,full,huber,-12.242927883366052,0.2967825770824063,1.5759757658609779,-12.327759879315561,0.10327741415503738,1.6526865185102975,-12.360141832003066,0.07976355934789899,1.6746751192319485,65.76627126901845,0.024462865665555,80,1.4421623945236206,1.0,1.0,disabled,single,3,row_10,row_9,-0.15148700773715973,-2.463405132293701,0.9093377807989085,0.09008903838188508,0.3075410630450274,2.3119181245565414,-0.05644834994619585,0,9,0,disabled,0,0.0,50.0,alpha
232,0.5101539492607117,-0.10754424333572388,-44.37030029296875,-0.07152748852968216,0.46002691984176636,0.07747542858123779,47,35,73,0.02045467495918274,0.49180327868852464,0.3,120,155,wall,both,1,1,1,1,1,1,0.0,1,1,0,alpha,full,huber,-12.165130428460737,1.6456894171037206,1.3629679253865508,-12.308892768861792,1.7940974062465675,1.5748588797179617,-12.425279256736902,1.8075148848124547,1.6267473616511108,67.21695720938395,0.02045467495918274,80,0.8101388216018677,1.0,1.0,disabled,single,3,row_10,row_9,-0.07152748852968216,-1.992285966873169,0.8712483751197132,0.12763423301308258,0.39042335111400644,1.9207584783434868,0.06630069337835484,0,9,0,disabled,0,0.0,50.0,alpha
236,1.571520209312439,-1.0205272436141968,-27.165843963623047,-0.3311006426811218,1.2206342220306396,0.0005195140838623047,67,25,33,0.03166849538683891,0.5454545454545454,0.3,100,125,wall,both,1,1,1,1,1,1,0.0,1,1,0,alpha,full,huber,-13.18902710373982,2.9362547476488734,1.8016965228383963,-12.66685338488381,2.9463394841182073,1.6308834245299817,-12.580555942516842,2.9927088970100417,1.6302414290088496,64.47682081085544,0.031668491661548615,102,2.176207423210144,1.0,1.0,disabled,single,3,row_10,row_9,-0.3311006426811218,-3.116342544555664,0.9416739443342167,0.05811461501316148,0.22373586874696919,2.7852419018745422,-0.27100444707806504,0,9,0,disabled,0,0.0,50.0,alpha
240,0.8004717826843262,-0.2647748291492462,0.0,-0.07380615919828415,0.5583112835884094,0.03333991765975952,0,0,0,0.011454670690000057,0.5,0.3,0,0,wall,both,1,1,1,1,1,1,0.0,0,0,0,alpha,full,huber,-11.578136764613511,3.948312903568121,1.5105132340423735,-12.366127649276134,3.7993241245675042,1.5230258361219644,-12.498401417563244,3.817078900816374,1.5782724385965352,132.5942419367772,0.011454671621322632,164,2.0160021781921387,1.0,1.0,disabled,single,3,row_10,row_9,-0.07380615919828415,-0.8868019580841064,0.6870984754542078,0.30474696957353026,0.6591921508613022,0.8129957988858223,0.3014714965613818,0,9,0,disabled,0,0.0,50.0,alpha
244,3.0909595489501953,-3.9445278644561768,0.0,-0.07305049896240234,0.5703911185264587,0.013567924499511719,0,0,0,0.008817021735012531,0.5,0.3,0,0,wall,both,1,1,1,1,1,1,0.0,0,0,0,alpha,full,huber,-12.860809760892062,4.954395649526847,1.5237271902504332,-12.684268213871233,4.316604050009554,1.634075272118338,-12.593035161987878,4.294274482959008,1.607062787378493,204.1950593561832,0.008817021735012531,250,3.7555748224258423,0.798812469954255,1.0,disabled,single,3,row_10,row_9,-0.07305049896240234,-2.1173670291900635,0.8845997198886933,0.11452792944731828,0.3627895182995871,2.044316530227661,0.04956953123862946,0,9,0,disabled,0,0.0,50.0,alpha
248,1.4227994680404663,-0.8365116715431213,-33.402252197265625,-1.364019513130188,2.4774532318115234,0.0041315555572509766,39,0,58,0.020069370046257973,0.6072874493927126,0.3,97,97,wall,both,1,1,1,1,1,1,0.0,4,4,0,alpha,full,huber,-14.797915614411188,7.120341070834302,1.6239666622276268,-13.611717225359275,7.9023022513155965,1.3101401120921974,-13.172753317477088,8.037994236337223,1.2252951762738773,166.2537543990122,0.020069370046257973,250,3.470579147338867,0.8644090431708804,1.0,disabled,single,3,row_10,row_9,-1.364019513130188,-5.11156702041626,0.9769352587370241,0.023031731077284397,0.10998725261416618,3.7475475072860718,-1.3406846186287842,0,9,0,disabled,0,0.0,50.0,alpha
252,0.1920444816350937,-0.015240116976201534,0.0,-1.5225846767425537,2.5818986892700195,0.10047703981399536,0,0,0,0.009177329950034618,0.5,0.3,0,0,wall,both,1,1,1,1,1,1,0.0,0,0,0,alpha,full,huber,-13.834722509825003,8.48019208252701,1.2627797628911157,-13.877767457170245,8.801691998884444,0.9486730487118755,-13.358242788426391,8.883860139977749,0.8575456928849241,169.605492408802,0.009177329950034618,250,1.1406649947166443,1.0,1.0,disabled,single,3,row_10,row_9,-1.5225846767425537,-3.88924241065979,0.9138467106423093,0.08571305183735818,0.2963084711073207,2.3666577339172363,-1.4324922425040527,0,9,1,disabled,0,0.0,50.0,alpha
256,2.306515693664551,-2.1983530521392822,-46.76322555541992,-2.293893337249756,2.911069393157959,0.3172128200531006,8,0,112,0.03646184131503105,0.5555555555555556,0.3,120,120,wall,both,1,1,1,1,1,1,0.0,1,1,0,alpha,full,huber,-14.2270617631297,8.60846928113245,0.895674125559685,-13.704922663158474,9.129378086456484,0.6086221250231552,-13.330682757351234,9.238820612348551,0.5300536400321776,89.16530362239119,0.03646183758974075,250,3.1372495889663696,0.9562516194283448,1.0,disabled,single,3,row_10,row_9,-2.293893337249756,-5.007830619812012,0.9376666451604133,0.06214418280645888,0.23462576561569687,2.713937282562256,-2.2295325551534395,0,9,1,disabled,0,0.0,50.0,alpha
260,0.4013443887233734,-0.06656087934970856,-49.75892639160156,-1.0777831077575684,2.1997833251953125,0.02444690465927124,4,9,120,0.038182131946086884,0.5300353356890459,0.3,120,133,wall,both,1,1,1,1,1,1,0.0,3,3,0,alpha,full,huber,-11.091941967398101,8.73929737474747,-1.682294426480266,-11.881305557529465,9.478423383172277,-0.9045437059183895,-12.171795234321605,9.613057820675449,-0.8384826505498939,57.82779173191693,0.038182131946086884,235,2.480609178543091,1.0,1.0,disabled,single,3,row_9,row_10,-1.0777831077575684,-1.7516801357269287,0.6173819843817702,0.31469090523434934,0.8442553258160463,0.6738970279693604,-0.595515760602024,1,10,0,disabled,0,0.0,50.0,alpha
264,3.2827091217041016,-4.419939994812012,-43.68402862548828,-0.7299730181694031,1.8124233484268188,1.2814998626708984e-05,36,14,110,0.06411533802747726,0.48387096774193555,0.3,120,160,wall,both,1,1,1,1,1,1,0.0,8,8,0,alpha,full,huber,-10.949676301414842,8.373824437212528,-1.4657868403437444,-11.064774789527972,8.463664920371441,-1.691665595550443,-11.311075308915441,8.696672845077067,-1.5701859632157058,41.85128218071886,0.06411533802747726,87,3.7483487129211426,0.8003524297668817,1.0,disabled,single,3,row_9,row_10,-0.7299730181694031,-1.470871090888977,0.6260210858664915,0.29841525250196693,0.8492389628253769,0.740898072719574,-0.2616017932128864,0,10,0,disabled,0,0.0,50.0,alpha
268,4.118306636810303,-6.491669178009033,-26.314931869506836,-0.2925022542476654,1.1471590995788574,0.003947079181671143,78,5,50,0.02657405659556389,0.5300353356890459,0.3,88,133,wall,both,1,1,1,1,1,1,0.0,10,10,0,alpha,full,huber,-10.997530833369542,7.4089321393060805,-1.549600267544819,-11.021795611553651,7.697835605461732,-1.632496874171982,-11.166138871129313,7.711332262501552,-1.6570744512106768,86.97325520300365,0.02657405659556389,133,4.013888835906982,0.7474048541561358,1.0,disabled,single,3,row_9,row_10,-0.2925022542476654,-0.7539910078048706,0.5793750226862079,0.3652058699792471,0.8444137657406168,0.4614887535572052,0.25330304925800684,0,10,0,disabled,0,0.0,50.0,alpha
272,1.883286952972412,-1.4656074047088623,-28.7163028717041,-0.3038623631000519,1.169350504875183,0.0,106,6,39,0.01651386357843876,0.4983388704318937,0.3,120,151,wall,both,1,1,1,1,1,1,0.0,8,8,0,alpha,full,huber,-11.180397047614841,6.814814806758701,-1.4607512624268935,-11.24176804505528,7.231343947765896,-1.6341957976406598,-11.226410165185769,7.211701521293129,-1.6575616340229644,126.78675457475516,0.01651386357843876,180,2.0740482807159424,1.0,1.0,disabled,single,3,row_9,row_10,-0.3038623631000519,-0.4258940815925598,0.5114286715186497,0.4526758957754775,0.8211477073512614,0.12203171849250793,0.36668478983581465,0,10,0,disabled,0,0.0,50.0,alpha
276,0.9287959933280945,-0.3564719259738922,-49.876502990722656,-0.04692625626921654,0.45150837302207947,0.019947409629821777,34,1,104,0.01414165087044239,0.5190311418685121,0.3,113,139,wall,both,1,1,1,1,1,1,0.0,8,8,0,alpha,full,huber,-12.665695407359644,6.696317043370286,-1.6267629281412457,-11.48482729533947,6.588387321969714,-1.6245122764258937,-11.386503420181374,6.544981439128316,-1.6455526219269174,139.58675652035507,0.01414165087044239,180,2.32271146774292,1.0,1.0,disabled,single,3,row_10,row_9,-0.04692625626921654,-1.5703575611114502,0.8190589366130709,0.17852430208698805,0.48564813977431903,1.5234313048422337,0.15267297977244704,1,11,0,disabled,0,0.0,50.0,alpha
280,0.4358470141887665,-0.07849695533514023,-29.73259925842285,-0.28825968503952026,1.1389325857162476,0.0002549290657043457,93,30,36,0.01034413743764162,0.4854368932038835,0.3,105,159,wall,both,1,1,1,1,1,1,0.0,7,7,0,alpha,full,huber,-11.163113677606825,5.153439000689664,-1.4303690040626267,-11.190661360714913,5.649914441949715,-1.549186570042499,-11.320158335778228,5.675849965598579,-1.6020396536583998,180.51445308697552,0.01034413743764162,246,1.1909839510917664,1.0,1.0,disabled,single,3,row_10,row_9,-0.28825968503952026,-0.4226071238517761,0.52093626886542,0.4554474174389057,0.7863773163896316,0.13434743881225586,0.3638678843060287,0,11,0,disabled,0,0.0,50.0,alpha
284,0.15951164066791534,-0.010514034889638424,-28.304296493530273,-0.15718725323677063,0.8405026197433472,0.006991863250732422,110,11,54,0.020414024591445923,0.46153846153846145,0.3,120,175,wall,both,1,1,1,1,1,1,0.0,6,6,0,alpha,full,huber,-11.56840199480487,5.983098496551403,-1.3083710440220617,-11.147594253018031,5.119621404917144,-1.5141061312649844,-11.243479732337782,5.090460055038683,-1.5627113641214079,147.27148033338568,0.020414026454091072,250,1.2103031873703003,1.0,1.0,disabled,single,3,row_10,row_9,-0.15718725323677063,-0.5983859896659851,0.5996980632257174,0.3857646869103423,0.7356022534140428,0.4411987364292145,0.3541417251480411,0,11,0,disabled,0,0.0,50.0,alpha
288,0.11465812474489212,-0.005432432051748037,-22.28125,-0.21996469795703888,0.9949076175689697,2.5391578674316406e-05,105,9,19,0.011877089738845825,0.5300353356890459,0.3,120,133,wall,both,1,1,1,1,1,1,0.0,5,5,0,alpha,full,huber,-11.09665924281521,3.7688911231285003,-1.3792552097993598,-11.07964662344412,3.941739623435646,-1.4874638628726946,-11.157236625574289,3.9809757798850116,-1.5256319361256079,160.33515615010202,0.0118770906701684,229,0.525826096534729,1.0,1.0,disabled,single,3,row_10,row_9,-0.21996469795703888,-0.5323147177696228,0.5670063941884298,0.4148929607588682,0.7593228008244274,0.3123500198125839,0.3474200001326623,0,11,0,disabled,0,0.0,50.0,alpha
292,1.4637081623077393,-0.8853064179420471,-22.808639526367188,-0.11760323494672775,0.7272403836250305,0.004276931285858154,114,3,13,0.012564904987812042,0.5357142857142857,0.3,120,130,wall,both,1,1,1,1,1,1,0.0,4,4,0,alpha,full,huber,-11.436629747982012,4.1013574527751,-1.279612276050912,-11.250049117495518,3.3672923203531377,-1.4312048663135473,-11.18750071427683,3.316968154243802,-1.416699463443123,158.88620859055376,0.012564906850457191,224,2.027950644493103,1.0,1.0,disabled,single,3,row_10,row_9,-0.11760323494672775,-0.7456004619598389,0.6447793930049075,0.34409266803863464,0.7001095919950822,0.6279972270131111,0.3212438120929697,0,11,0,disabled,0,0.0,50.0,alpha
296,4.949712753295898,-8.553007125854492,-43.750999450683594,-0.29109808802604675,0.4625103771686554,0.24427956342697144,55,0,74,0.021959025412797928,0.5376344086021506,0.3,120,129,wall,both,1,1,1,1,1,1,0.0,5,5,0,alpha,full,huber,-12.335704216597252,2.5270857989229527,-2.096442819077598,-11.405949142695636,2.8646078987709327,-1.5068766555210666,-11.264381330467508,2.8825606657687235,-1.4585845867078264,115.6330534643533,0.021959025412797928,153,6.1754231452941895,0.4857966700283635,1.0,disabled,single,3,row_10,row_9,-0.29109808802604675,-2.1801271438598633,0.8676912885512633,0.13121102922792516,0.3971051655129775,1.8890290558338165,-0.14917880209174936,0,11,0,disabled,0,0.0,50.0,alpha
300,0.5858675837516785,-0.1418350487947464,-19.401826858520508,-0.18838277459144592,0.9207183718681335,9.85264778137207e-05,117,6,10,0.013513374142348766,0.5300353356890459,0.3,120,133,wall,both,1,1,1,1,1,1,0.0,1,1,0,alpha,full,huber,-11.04252648491537,3.1240906141752904,-1.3580963275543867,-11.088903587912348,2.6102550133760483,-1.371804699976739,-11.158506347946448,2.5854627626401685,-1.417438746724422,148.85186903741703,0.013513374142348766,202,1.2800471782684326,1.0,1.0,disabled,single,3,row_10,row_9,-0.18838277459144592,-0.5656256079673767,0.583651773364308,0.4002389297363995,0.7472689137568904,0.3772428333759308,0.35006797789295463,0,11,0,disabled,0,0.0,50.0,alpha
304,1.4295872449874878,-0.8445123434066772,-39.06587219238281,-0.18196143209934235,0.8493344187736511,0.07284241914749146,50,0,76,0.008277380838990211,0.5434782608695653,0.3,120,126,wall,both,1,1,1,1,1,1,0.0,2,2,0,alpha,full,huber,-12.410672936324053,1.0018358142697454,-1.6815694383352064,-10.992903935027023,1.26026673735363,-1.4021002983373925,-10.971581556467811,1.249236333561935,-1.406966445818318,191.5339312731255,0.008277380838990211,224,3.0903024673461914,0.9707787608817013,1.0,disabled,single,3,row_10,row_9,-0.18196143209934235,-2.498072862625122,0.9097229090557506,0.0897500538235772,0.30641468364812324,2.3161114305257797,-0.08734621071678907,0,11,0,disabled,0,0.0,50.0,alpha
308,1.4618808031082153,-0.8830972909927368,-11.57365608215332,-0.26050785183906555,1.0826833248138428,0.0021142959594726562,121,9,0,0.010015315376222134,0.5357142857142857,0.3,120,130,wall,both,1,1,1,1,1,1,0.0,4,4,0,alpha,full,huber,-10.291352384484497,0.10319728125471961,-1.3402752490116936,-10.526393928093883,0.5513929959163854,-1.3156075895219006,-10.693538423680723,0.5648914959117177,-1.3604222106425068,182.4024867275175,0.010015316307544708,250,2.1880316734313965,1.0,1.0,disabled,single,3,row_10,row_9,-0.26050785183906555,-0.4537268579006195,0.5357038331139253,0.441581434278177,0.7812871974986938,0.19321900606155396,0.3636659689449533,0,11,0,disabled,0,0.0,50.0,alpha
312,1.583793044090271,-1.0365291833877563,-19.85637664794922,-0.1918022632598877,0.9290341138839722,0.000560760498046875,129,8,5,0.011716997250914574,0.5136986301369862,0.3,120,142,wall,both,1,1,1,1,1,1,0.0,5,5,0,alpha,full,huber,-10.34712493911469,-0.49560197117690685,-1.3718231888383163,-10.453693817292153,0.06456113718010599,-1.3384126811718235,-10.53636446109672,0.14027292124621138,-1.3453079270070454,193.59671964647532,0.011716998182237148,250,2.3285348415374756,1.0,1.0,disabled,single,3,row_10,row_9,-0.1918022632598877,-0.5608581304550171,0.5814484274989397,0.40200575807764066,0.7494885751033965,0.3690558671951294,0.3504307364344599,0,11,0,disabled,0,0.0,50.0,alpha
316,2.378474712371826,-2.3376619815826416,-38.11506271362305,-0.1636817455291748,0.8481277823448181,0.0306432843208313,71,4,87,0.015717413276433945,0.4807692307692307,0.3,120,162,wall,both,1,1,1,1,1,1,0.0,8,8,0,alpha,full,huber,-12.233115694904162,0.018902233631401644,-1.701145629819203,-10.469188736801541,-0.21449066832644487,-1.3859009339613775,-10.45545996529837,-0.24338096465115397,-1.361079365727629,145.6048559681292,0.015717413276433945,191,3.5227885246276855,0.8515980959478862,1.0,disabled,single,3,row_10,row_9,-0.1636817455291748,-2.5048656463623047,0.911739993279619,0.08772184476714202,0.30177460289231167,2.34118390083313,-0.07128132088590163,0,11,0,disabled,0,0.0,50.0,alpha
320,3.0508668422698975,-3.8451242446899414,-35.039833068847656,-0.15360739827156067,0.8105540871620178,0.04317319393157959,107,61,9,0.017367495223879814,0.4587155963302753,0.3,98,177,wall,both,1,1,1,1,1,1,0.0,7,7,0,alpha,full,huber,-9.415551262847899,-1.2731164317052701,-1.091633674657567,-10.097683693224104,-0.8956702780739512,-1.3129655026709046,-10.206421592413811,-0.8991068710041936,-1.342338020496596,145.58890307567265,0.017367495223879814,207,4.03425931930542,0.7436309276510542,1.0,disabled,single,3,row_9,row_10,-0.15360739827156067,-0.661250114440918,0.5897384823786078,0.3549711335623004,0.8391513733052509,0.5076427161693573,0.37446869228097135,1,12,0,disabled,0,0.0,50.0,alpha
324,1.0399163961410522,-0.4468703269958496,-19.55245590209961,-0.2317935824394226,1.0200787782669067,0.011690914630889893,143,11,0,0.011366566643118858,0.49342105263157904,0.3,120,154,wall,both,1,1,1,1,1,1,0.0,8,8,0,alpha,full,huber,-9.61343701474412,-1.354930160281186,-1.233488033381437,-9.599607019452064,-1.8306147649184341,-1.220255750015225,-9.77819320116901,-1.9016848389213301,-1.2735857338883554,163.39083482294933,0.011366567574441433,207,1.4889870882034302,1.0,1.0,disabled,single,3,row_9,row_10,-0.2317935824394226,-0.5042083859443665,0.5448068534881813,0.4148912887417396,0.8252938718508868,0.27241480350494385,0.37553036196241607,0,12,0,disabled,0,0.0,50.0,alpha
328,0.9605244994163513,-0.38124269247055054,-22.747848510742188,-0.20687930285930634,0.9648610353469849,2.276897430419922e-05,111,5,9,0.014329562894999981,0.5454545454545454,0.3,120,125,wall,both,1,1,1,1,1,1,0.0,5,5,0,alpha,full,huber,-7.48611372094187,-1.9355707229059407,-1.3932955968737606,-9.022055081098287,-2.692540576838458,-1.1967888461551321,-9.23813362832277,-2.8260051002101614,-1.256700766540582,169.91893238411356,0.014329562894999981,213,2.297171115875244,1.0,1.0,disabled,single,3,row_9,row_8,-0.20687930285930634,-0.5567270517349243,0.559677338610463,0.3944580067076873,0.8331331199640337,0.349847748875618,0.37351553950247174,0,12,0,disabled,0,0.0,50.0,alpha
332,4.020353317260742,-6.248809814453125,-15.87835693359375,-0.2817381024360657,1.1258857250213623,0.0033229589462280273,133,4,0,0.015248093754053116,0.5226480836236934,0.3,120,137,wall,both,1,1,1,1,1,1,0.0,3,3,0,alpha,full,huber,-9.491561486616689,-3.976286715045828,-1.2613494365228788,-9.003496963495797,-3.4405776540037403,-1.234834691953782,-9.020216276358582,-3.442970449069874,-1.2497309166338761,177.74281741039763,0.015248093754053116,250,4.932467937469482,0.6082147999808587,1.0,disabled,single,3,row_10,row_9,-0.2817381024360657,-0.41112008690834045,0.5200444273954026,0.4569309387439871,0.7847354977261765,0.12938198447227478,0.37210293132130534,1,13,0,disabled,0,0.0,50.0,alpha
336,0.7056825757026672,-0.20578011870384216,-17.882505416870117,-0.3335772752761841,1.2245440483093262,0.009303092956542969,131,16,2,0.014054480008780956,0.5016722408026756,0.3,120,149,wall,both,1,1,1,1,1,1,0.0,3,3,0,alpha,full,huber,-9.256032915746136,-4.593437765686179,-1.2708809275475943,-8.979812702361588,-4.151821155815836,-1.2996041125277626,-8.898153211214005,-4.103678971100496,-1.280485338336456,176.27130812012112,0.014054480940103531,250,1.4486383199691772,1.0,1.0,disabled,single,3,row_10,row_9,-0.3335772752761841,-0.380256712436676,0.4974498360603586,0.47476278643466413,0.8005863815488462,0.04667943716049194,0.36468328423067775,0,13,0,disabled,0,0.0,50.0,alpha
340,2.7510862350463867,-3.127469062805176,-22.06783103942871,-0.33007800579071045,1.218747854232788,0.0005037188529968262,118,39,18,0.010553517378866673,0.46153846153846145,0.3,120,175,wall,both,1,1,1,1,1,1,0.0,3,3,0,alpha,full,huber,-9.051269333686864,-5.843084095480159,-1.3687552127854132,-8.935988510659609,-5.253237210254445,-1.395626923396408,-8.76839321995822,-5.176121335721175,-1.346578034962184,172.37662707586176,0.010553516447544098,218,3.3736652135849,0.8892405766641444,1.0,disabled,single,3,row_10,row_9,-0.33007800579071045,-0.36526498198509216,0.49490487331654637,0.4777934818474119,0.799306111923626,0.035186976194381714,0.37331170420882853,0,13,0,disabled,0,0.0,50.0,alpha
344,3.1008386611938477,-3.9690215587615967,-25.7301082611084,-0.20425915718078613,0.9587194919586182,0.00112229585647583,126,30,23,0.011974957771599293,0.45592705167173253,0.3,120,179,wall,both,1,1,1,1,1,1,0.0,4,4,0,alpha,full,huber,-8.659938347218988,-6.211030557049356,-1.3531928437156582,-8.680730073039285,-5.6763945218172545,-1.3338301619951982,-8.68117418584441,-5.616509700392925,-1.3455900298389332,164.6267193007035,0.011974958702921867,202,3.517075777053833,0.8529813373862036,1.0,disabled,single,3,row_9,row_10,-0.20425915718078613,-0.5284375548362732,0.5539865503546364,0.40059943444420676,0.8340755210889035,0.32417839765548706,0.386355712686968,1,14,0,disabled,0,0.0,50.0,alpha
348,0.9265047907829285,-0.35471534729003906,-23.58207130432129,-0.2738296687602997,1.11004638671875,0.0012885332107543945,114,62,14,0.01906920224428177,0.4411764705882353,0.3,120,190,wall,both,1,1,1,1,1,1,0.0,4,4,0,alpha,full,huber,-8.891561473401099,-5.756792368332629,-1.3498048383393337,-8.63619868674905,-6.123899040778951,-1.3363461888691992,-8.601286318565961,-6.120758717513439,-1.3478257155567979,136.62080474857964,0.01906920224428177,185,1.5706968307495117,1.0,1.0,disabled,single,3,row_9,row_10,-0.2738296687602997,-0.429838091135025,0.5195059451327593,0.44446434234970655,0.8203637293903476,0.15600842237472534,0.3810473557966233,0,14,0,disabled,0,0.0,50.0,alpha
352,2.3903844356536865,-2.361131429672241,-28.056137084960938,-0.21799467504024506,0.9901895523071289,0.005220770835876465,106,60,28,0.01708490587770939,0.43604651162790703,0.3,120,194,wall,both,1,1,1,1,1,1,0.0,2,2,0,alpha,full,huber,-8.594514444805686,-6.8031519067604505,-1.3140119805303043,-8.426417069408346,-6.7763509656592635,-1.2739137598693793,-8.435218255856416,-6.795353855072332,-1.3188359261730958,103.0188001482213,0.01708490587770939,133,2.3826847076416016,1.0,1.0,disabled,single,3,row_9,row_10,-0.21799467504024506,-0.5024738311767578,0.5459691451009041,0.4107904815263237,0.8317025579792989,0.28447915613651276,0.3871981405979875,0,14,0,disabled,0,0.0,50.0,alpha
356,2.7003393173217773,-3.0131540298461914,-36.19579315185547,-0.05552871525287628,0.45012396574020386,0.05072927474975586,111,35,45,0.01443002000451088,0.4398826979472141,0.3,120,191,wall,both,1,1,1,1,1,1,0.0,2,2,0,alpha,full,huber,-8.050288713133508,-6.78803506791352,-1.0963524020171738,-8.213258269133796,-7.240516686740367,-1.213200778001825,-8.251932207878239,-7.298810542173982,-1.2572428343144928,151.9464255765625,0.01443002000451088,191,3.3244197368621826,0.9024131239310977,1.0,disabled,single,3,row_9,row_10,-0.05552871525287628,-0.9337978363037109,0.6406753429165414,0.266201548301488,0.8586263073724755,0.8782691210508347,0.3897037204252085,0,14,0,disabled,0,0.0,50.0,alpha
360,1.5323225259780884,-0.9702529907226562,-35.19441223144531,-0.10758180916309357,0.6614490151405334,0.050371527671813965,107,24,13,0.01569380611181259,0.5102040816326531,0.3,120,144,wall,both,1,1,1,1,1,1,0.0,1,1,0,alpha,full,huber,-6.967148570783777,-6.519468312301029,-1.097491859055756,-8.1021586106301,-7.330750455421262,-1.192667755336482,-8.136770340518453,-7.438990386464297,-1.2240700052330886,161.83666864616814,0.01569380797445774,191,2.911057710647583,1.0,1.0,disabled,single,3,row_9,row_8,-0.10758180916309357,-0.7865452170372009,0.6142197330521705,0.3114968817278179,0.855818610820017,0.6789634078741074,0.379820734272131,0,14,0,disabled,0,0.0,50.0,alpha
364,0.8566726446151733,-0.3032595217227936,0.0,-0.22076447308063507,0.986428439617157,0.033325910568237305,0,0,0,0.007853030227124691,0.5,0.3,0,0,wall,both,1,1,1,1,1,1,0.0,0,0,0,alpha,full,huber,-8.24992854862418,-8.735754239573124,-1.6304503136754462,-8.068084428473295,-7.864176221227417,-1.2286885767500977,-8.036333464017536,-7.834505275316861,-1.224396884759533,205.44851093053674,0.007853030227124691,250,1.8416683077812195,1.0,1.0,disabled,single,3,row_9,row_10,-0.22076447308063507,-0.48826614022254944,0.5415475506610299,0.4144404131618012,0.8346566955021412,0.26750166714191437,0.3925599304606924,0,14,0,disabled,0,0.0,50.0,alpha
368,2.0461878776550293,-1.7301177978515625,0.0,-0.17438317835330963,0.8855956792831421,0.004920005798339844,0,0,0,0.009254035539925098,0.5,0.3,0,0,wall,both,1,1,1,1,1,1,0.0,0,0,0,alpha,full,huber,-8.882025009466007,-8.588763782582664,-1.2680073753823855,-8.061501384850134,-8.313127020857106,-1.2792862032200454,-7.982414910829055,-8.258057361138105,-1.2481963519595947,215.22213306234949,0.009254035539925098,250,3.0938682556152344,0.9696599053806291,1.0,disabled,single,3,row_10,row_9,-0.17438317835330963,-0.5527174472808838,0.5835855493379227,0.39975696948465755,0.7490455116943745,0.37833426892757416,0.3641810455308965,1,15,0,disabled,0,0.0,50.0,alpha
372,4.567817687988281,-7.606159687042236,0.0,-0.018741261214017868,0.15368744730949402,0.05749469995498657,0,0,0,0.011391199193894863,0.5,0.3,0,0,wall,both,1,1,1,1,1,1,0.0,0,0,0,alpha,full,huber,-9.431427819133251,-9.587067717226459,-1.7502383446269771,-8.054522897841013,-9.103350789955567,-1.35251407306617,-7.875895739937493,-9.107215601067788,-1.2957210606674592,210.75999385205344,0.011391199193894863,250,5.781362771987915,0.518908796821351,1.0,disabled,single,3,row_10,row_9,-0.018741261214017868,-1.20976722240448,0.7635791244095708,0.23205880094524828,0.5686569987414035,1.1910259611904621,0.25099726467475986,0,15,0,disabled,0,0.0,50.0,alpha
376,1.5816653966903687,-1.0337460041046143,0.0,-0.22417797148227692,0.9762459397315979,0.05509072542190552,0,0,0,0.008903510868549347,0.5,0.3,0,0,wall,both,1,1,1,1,1,1,0.0,0,0,0,alpha,full,huber,-6.259390010944731,-8.677582029096614,-1.0380787738542585,-7.488462028993678,-9.362816975776504,-1.1862336458939424,-7.611972109574909,-9.48377370603766,-1.2384981878853776,195.06619514272876,0.008903510868549347,250,3.433400869369507,0.8737692201234007,1.0,disabled,single,3,row_9,row_8,-0.22417797148227692,-0.5388290882110596,0.5495301651121767,0.40118094148037803,0.8437771497539076,0.31465111672878265,0.3745136395993295,1,16,0,disabled,0,0.0,50.0,alpha
380,2.4084718227386475,-2.396998643875122,0.0,-0.19329069554805756,0.928879976272583,0.0195082426071167,0,0,0,0.009131526574492455,0.5,0.3,0,0,wall,both,1,1,1,1,1,1,0.0,0,0,0,alpha,full,huber,-6.461746145486138,-10.553812305492533,-1.0802214494720817,-7.08860126274453,-9.946325984057804,-1.1097212527734068,-7.254783310831499,-9.991795291054352,-1.1702895001073985,211.0537292972582,0.00913152564316988,250,3.4817861318588257,0.8616267301858619,1.0,disabled,single,3,row_9,row_8,-0.19329069554805756,-1.1681474447250366,0.6538259342676148,0.2466534737495049,0.8527111060407028,0.9748567491769791,0.2316234229566621,0,16,0,disabled,0,0.0,50.0,alpha
384,0.5169646739959717,-0.11043491214513779,0.0,-0.22128301858901978,0.9920942783355713,0.025046706199645996,0,0,0,0.007603161036968231,0.5,0.3,0,0,wall,both,1,1,1,1,1,1,0.0,0,0,0,alpha,full,huber,-8.908166307901734,-11.000063897516801,-1.6337765043506243,-7.161380313321343,-10.374804893857975,-1.1584930178310768,-7.1321866584358276,-10.36255566168844,-1.1626646122221471,219.34127759726587,0.0076031615026295185,250,2.2471843957901,1.0,1.0,disabled,single,3,row_10,row_9,-0.22128301858901978,-1.1883710622787476,0.7197463380511133,0.2736392951289221,0.624508824800708,0.9670880436897278,0.1075734187204947,1,17,0,disabled,0,0.0,50.0,alpha
388,1.4065005779266357,-0.8174561262130737,0.0,-0.4471551179885864,1.4185190200805664,0.0003101825714111328,0,0,0,0.007102077826857567,0.5,0.3,0,0,wall,both,1,1,1,1,1,1,0.0,0,0,0,alpha,full,huber,-8.899959851278677,-11.48599391909231,-1.434398963813864,-7.235712442906648,-10.872770873683741,-1.2567493706196802,-7.09399915969904,-10.82568347598238,-1.208029833280206,223.30329485409362,0.007102077826857567,250,2.8533594608306885,1.0,1.0,disabled,single,3,row_10,row_9,-0.4471551179885864,-1.4832346439361572,0.7338277206403047,0.2603937118739701,0.607261650018171,1.0360795259475708,-0.1376741270474442,0,17,0,disabled,0,0.0,50.0,alpha
392,0.5224077105522156,-0.11277265846729279,0.0,-0.6659337282180786,1.7178188562393188,0.049935758113861084,0,0,0,0.0071055227890610695,0.5,0.3,0,0,wall,both,1,1,1,1,1,1,0.0,0,0,0,alpha,full,huber,-8.81727184924012,-11.776569988354243,-1.7268458139107015,-7.364736727877561,-11.482043049919195,-1.4551378039371925,-7.135818838641532,-11.400327514789673,-1.4001143238916856,217.57337951342015,0.0071055227890610695,250,1.9075652360916138,1.0,1.0,disabled,single,3,row_10,row_9,-0.6659337282180786,-1.6929880380630493,0.7318682131862132,0.26205283697619564,0.6104201549009203,1.0270543098449707,-0.35377891035785713,0,17,0,disabled,0,0.0,50.0,alpha
396,0.9600008726119995,-0.3808271288871765,0.0,-0.8312814235687256,1.9339957237243652,0.004820764064788818,0,0,0,0.0077613224275410175,0.5,0.3,0,0,wall,both,1,1,1,1,1,1,0.0,0,0,0,alpha,full,huber,-5.6854328659304265,-11.22301344222032,-1.1798395011022178,-6.930822603633571,-11.72679883053933,-1.1583879167867883,-6.998855807966427,-11.763523212497404,-1.1756640336473512,200.52466237451594,0.0077613224275410175,250,2.171919345855713,1.0,1.0,disabled,single,3,row_9,row_8,-0.8312814235687256,-1.0827330350875854,0.5403985393312185,0.42025231950684905,0.82420966768441,0.25145161151885986,-0.21583304772896927,1,18,0,disabled,0,0.0,50.0,alpha
400,1.3067882061004639,-0.7056592702865601,0.0,-1.014634370803833,1.8237407207489014,0.25981056690216064,0,0,0,0.007641817908734083,0.5,0.3,0,0,wall,both,1,1,1,1,1,1,0.0,0,0,0,alpha,full,huber,-6.220053676662371,-11.437936626526218,-0.540625727474719,-6.402113406949489,-12.144333925329718,-0.42655157757472284,-6.5663769018533795,-12.275478018441873,-0.462895748467258,215.3174214487135,0.007641817908734083,250,2.451645851135254,1.0,1.0,disabled,single,3,row_9,row_8,-1.014634370803833,-1.929123044013977,0.6622795708009176,0.2653896453736653,0.8149353579780105,0.914488673210144,-0.6025668709980189,0,18,0,disabled,0,0.0,50.0,alpha
404,0.350577175617218,-0.05078692361712456,-44.5797119140625,-0.8795236349105835,1.595473289489746,0.27729594707489014,10,13,67,0.025689922273159027,0.625,0.3,74,90,wall,both,1,1,1,1,1,1,0.0,6,6,0,alpha,full,huber,-5.026815040853581,-10.864264431033199,2.600086617147462,-4.575385451386474,-12.019406098011476,2.2663782970739783,-4.830264509662791,-12.517054602589356,2.116296558290582,87.7108942177368,0.025689922273159027,250,1.95601087808609,1.0,1.0,disabled,single,3,row_8,row_9,-0.8795236349105835,-1.3742268085479736,0.5824767859479761,0.35516630996868165,0.8554990452849922,0.49470317363739014,-0.33905768812434556,1,19,0,disabled,0,0.0,50.0,alpha
408,1.0054110288619995,-0.4177072048187256,-32.1688117980957,-0.38023319840431213,1.3080666065216064,0.000777125358581543,77,11,58,0.02319180779159069,0.5067567567567568,0.3,117,146,wall,both,1,1,1,1,1,1,0.0,6,6,0,alpha,full,huber,-5.528974561822512,-10.175536281778268,1.7975697668878947,-5.461081680609697,-10.159879458318839,2.1504421005625303,-5.694479971739892,-10.434234272243346,2.140321584691609,112.64227314872018,0.02319180779159069,250,1.5959551930427551,1.0,1.0,disabled,single,3,row_8,row_9,-0.38023319840431213,-0.4948197603225708,0.5094585498473473,0.45430188993790493,0.8222519780772987,0.11458656191825867,0.29417358579301156,0,19,0,disabled,0,0.0,50.0,alpha
412,1.9041777849197388,-1.498302936553955,-33.65563201904297,-0.1465996652841568,0.8078293204307556,0.01967519521713257,64,0,71,0.01393625233322382,0.5263157894736842,0.3,120,135,wall,both,1,1,1,1,1,1,0.0,5,5,0,alpha,full,huber,-5.007580659469653,-9.99146640141898,2.0356932307114306,-5.5104981052832125,-9.661219459220948,2.09720249959763,-5.81298568299882,-9.718979429971151,2.175755503252031,166.17221360684306,0.01393625233322382,250,2.8395618200302124,1.0,1.0,disabled,single,3,row_8,row_9,-0.1465996652841568,-0.8637762665748596,0.6179935967427478,0.30166028341438306,0.8615377542639285,0.7171766012907028,0.33467751755165737,0,19,0,disabled,0,0.0,50.0,alpha
416,0.3040866255760193,-0.038210198283195496,-28.282682418823242,-0.23016023635864258,1.016828179359436,0.009848415851593018,86,5,50,0.01807127334177494,0.5154639175257733,0.3,120,141,wall,both,1,1,1,1,1,1,0.0,7,7,0,alpha,full,huber,-5.964112343840825,-9.94716389333705,1.7230619181404485,-5.705086072674678,-9.441964620444754,2.0963405820352703,-5.870385247786402,-9.4194326611645,2.181778362347192,169.88392094026895,0.01807127147912979,250,0.7743370831012726,1.0,1.0,disabled,single,3,row_9,row_8,-0.23016023635864258,-0.5476986765861511,0.5535429005374914,0.4029452983638098,0.8300305148144524,0.31753844022750854,0.36125578573222783,1,20,0,disabled,0,0.0,50.0,alpha
420,1.8858023881912231,-1.4695250988006592,-32.303775787353516,-0.22472326457500458,1.005609393119812,0.000492095947265625,83,6,48,0.010356360115110874,0.5226480836236934,0.3,120,137,wall,both,1,1,1,1,1,1,0.0,3,3,0,alpha,full,huber,-6.051380283622504,-9.323741802669156,1.8321503297172361,-5.981716306620763,-8.95382629518691,2.0040388199315715,-6.148961421282827,-8.868359210250876,2.1026676513756906,185.93673971321027,0.0103563591837883,240,2.3977028131484985,1.0,1.0,disabled,single,3,row_9,row_8,-0.22472326457500458,-0.48570913076400757,0.54096679968007,0.41670229348862786,0.8310031753733186,0.260985866189003,0.3896741058724761,0,20,0,disabled,0,0.0,50.0,alpha
424,0.9035033583641052,-0.3373216390609741,-38.084228515625,-0.35463598370552063,1.2606853246688843,0.018861591815948486,131,31,13,0.017011838033795357,0.46153846153846145,0.3,120,175,wall,both,1,1,1,1,1,1,0.0,7,7,0,alpha,full,huber,-6.234583614944254,-7.3288457702382495,1.9198836916928101,-6.229863421396281,-8.066555833733545,1.9816498446054638,-6.378611604700031,-8.145927262309712,2.0529101562201006,154.54426116772584,0.017011839896440506,250,1.877249002456665,1.0,1.0,disabled,single,3,row_9,row_8,-0.35463598370552063,-0.35847094655036926,0.48523869715945256,0.4833813884162509,0.8109011452143974,0.003834962844848633,0.36847836631804165,0,20,0,disabled,0,0.0,50.0,alpha
428,2.0726776123046875,-1.7752034664154053,-39.442867279052734,-0.20127032697200775,0.9417908191680908,0.031947553157806396,120,29,13,0.0301591195166111,0.4807692307692307,0.3,120,162,wall,both,1,1,1,1,1,1,0.0,6,6,0,alpha,full,huber,-8.296313088186277,-8.280500815242846,2.023487317236045,-6.752955030880841,-7.5241741926971795,2.053818403115719,-6.716908499017576,-7.546258410880451,2.0702303914077884,142.60156489105904,0.0301591195166111,213,3.713817834854126,0.8077940635227296,1.0,disabled,single,3,row_9,row_10,-0.20127032697200775,-0.5183475017547607,0.551652041273391,0.40175414130226456,0.8373791323183151,0.317077174782753,0.3935674645054106,0,20,0,disabled,0,0.0,50.0,alpha
432,2.869655132293701,-3.402859687805176,-33.439353942871094,-0.33207330107688904,1.2214897871017456,0.011171996593475342,127,26,20,0.022108769044280052,0.46439628482972134,0.3,120,173,wall,both,1,1,1,1,1,1,0.0,6,6,0,alpha,full,huber,-8.654356877213317,-7.919193532364604,1.919653461951504,-7.165265826345417,-7.284656132421997,2.0589311129247427,-7.018987022667186,-7.2726705299365335,2.0689027055085525,152.4570541880477,0.022108769044280052,240,4.099892616271973,0.7317264818335404,1.0,disabled,single,3,row_9,row_10,-0.33207330107688904,-0.3443036377429962,0.48803348870423624,0.4821010267848298,0.8067021329960631,0.012230336666107178,0.38529795001272005,0,20,0,disabled,0,0.0,50.0,alpha
436,2.2952675819396973,-2.176964282989502,-30.13663101196289,-0.2349061667919159,1.0274169445037842,0.009013175964355469,129,25,1,0.012122930027544498,0.49180327868852464,0.3,120,155,wall,both,1,1,1,1,1,1,0.0,4,4,0,alpha,full,huber,-6.745149191945352,-5.626494630721096,1.8753814054858813,-6.9698131754099615,-6.302982465122742,1.9700944882745552,-7.16493908849145,-6.4742470885294345,2.0284115329875023,185.34687934470227,0.012122930027544498,250,3.1814591884613037,0.9429635341168511,1.0,disabled,single,3,row_9,row_8,-0.2349061667919159,-0.5017684102058411,0.5419169690548454,0.41498839362238454,0.8324905231935701,0.26686224341392517,0.37773631611166336,0,20,0,disabled,0,0.0,50.0,alpha
440,2.0471291542053223,-1.7317098379135132,-22.86921501159668,-0.19012638926506042,0.9245415329933167,0.006565392017364502,131,6,11,0.023476827889680862,0.5033557046979865,0.3,120,148,wall,both,1,1,1,1,1,1,0.0,6,6,0,alpha,full,huber,-9.210624578707138,-6.652373166184088,1.8557483664371635,-8.001922331302598,-5.801747101733536,1.94809394951713,-7.800817450093304,-5.696586638494062,1.9402027644400937,123.37127262046184,0.02347682975232601,250,4.199697732925415,0.7143371239506485,1.0,disabled,single,3,row_10,row_9,-0.19012638926506042,-0.5520650148391724,0.5797617225476822,0.40370264121703614,0.7500725634166205,0.36193862557411194,0.35501169378123054,1,21,0,disabled,0,0.0,50.0,alpha
444,4.605861663818359,-7.700483798980713,-16.371265411376953,-0.1568998396396637,0.8402647972106934,0.00048726797103881836,142,5,3,0.01073024794459343,0.5,0.3,120,150,wall,both,1,1,1,1,1,1,0.0,6,6,0,alpha,full,huber,-7.178598527698382,-3.9921647797146727,1.7115246465388498,-7.955209623300135,-4.620222605347632,1.8273955161120536,-8.061541237098995,-4.684393874118571,1.8524876565008812,196.26891183631642,0.01073024794459343,250,5.856139898300171,0.5122828436647822,1.0,disabled,single,3,row_9,row_8,-0.1568998396396637,-0.6065633893013,0.5777719223873061,0.36852761331486455,0.8418688041164164,0.44966354966163635,0.39167624649018895,1,22,0,disabled,0,0.0,50.0,alpha
448,0.09347072243690491,-0.0036102382000535727,-20.768579483032227,-0.188772514462471,0.9209371209144592,0.008576810359954834,115,35,6,0.016951702535152435,0.49019607843137253,0.3,120,156,wall,both,1,1,1,1,1,1,0.0,4,4,0,alpha,full,huber,-7.058486647783668,-4.205753363603345,1.8113720281535608,-7.347722234009082,-3.8952151406827906,1.844134758748741,-7.754385622379932,-4.11787560258514,1.847531839080097,146.5669290438978,0.016951704397797585,250,0.9233842194080353,1.0,1.0,disabled,single,3,row_9,row_8,-0.188772514462471,-0.5507651567459106,0.5613968148888735,0.39089357964323684,0.8364461516045592,0.36199264228343964,0.38855477412263184,0,22,0,disabled,0,0.0,50.0,alpha
452,3.6718242168426514,-5.384687900543213,-29.453413009643555,-0.1861526221036911,0.9152517914772034,0.0002243518829345703,115,43,9,0.017628613859415054,0.47318611987381703,0.3,120,167,wall,both,1,1,1,1,1,1,0.0,5,5,0,alpha,full,huber,-7.406849394928995,-2.7562016800395828,1.7474789979230456,-7.41359446322955,-3.4815661554384056,1.8623888698139421,-7.623836864914245,-3.6594266319228015,1.8510620491282523,176.75016954328416,0.017628615722060204,250,4.5295939445495605,0.6623110231789952,1.0,disabled,single,3,row_9,row_8,-0.1861526221036911,-0.6021435260772705,0.5713202623105781,0.37689213337946564,0.8409206804830393,0.4159909039735794,0.3736527247533772,0,22,0,disabled,0,0.0,50.0,alpha
456,3.226072072982788,-4.27951717376709,-29.865285873413086,-0.32493293285369873,1.2092008590698242,0.0013104677200317383,110,45,21,0.013217627070844173,0.4601226993865031,0.3,120,176,wall,both,1,1,1,1,1,1,0.0,6,6,0,alpha,full,huber,-6.879824546770756,-3.2381747868432473,1.6913442167322223,-7.332632616765051,-2.990191055284802,1.7338849738897588,-7.559088239883364,-3.043913466098288,1.7856944979174392,174.02619599347048,0.013217627070844173,250,4.000187516212463,0.7499648423583201,1.0,disabled,single,3,row_8,row_9,-0.32493293285369873,-0.40775325894355774,0.5017713292321572,0.46188880041273767,0.8232650451436501,0.08282032608985901,0.3646778496750689,1,23,0,disabled,0,0.0,50.0,alpha
460,1.9370261430740356,-1.5504422187805176,-38.905094146728516,-0.14116759598255157,0.19174699485301971,0.1805112361907959,111,7,45,0.012053781189024448,0.47923322683706066,0.3,120,163,wall,both,1,1,1,1,1,1,0.0,4,4,0,alpha,full,huber,-7.970894664174238,-3.6378817222958273,2.487523462297423,-7.4351274558918234,-2.658677730198195,1.760994066664499,-7.555867571688582,-2.582087189443079,1.7685574811720013,191.74475978211947,0.012053781189024448,246,3.1621506214141846,0.948721411207899,1.0,disabled,single,3,row_9,row_8,-0.14116759598255157,-1.4647237062454224,0.6876870160504667,0.18305336193927257,0.8327617207743183,1.3235561102628708,0.23325386710436802,1,24,0,disabled,0,0.0,50.0,alpha
464,1.5798232555389404,-1.0313395261764526,-41.23340606689453,-0.2711404860019684,0.36202651262283325,0.24350309371948242,123,41,27,0.008602622896432877,0.4398826979472141,0.3,120,191,wall,both,1,1,1,1,1,1,0.0,7,7,0,alpha,full,huber,-8.620774798313775,-3.259834728537483,2.439152063070958,-7.668030837445309,-2.245392259137484,1.840581185773651,-7.669436589258327,-2.1268482476996446,1.798650746417926,220.36078538881998,0.008602622896432877,250,3.224211573600769,0.9304600307757187,1.0,disabled,single,3,row_9,row_10,-0.14473581314086914,-1.1948480606079102,0.6719839944436103,0.23512617265571367,0.8282419193693256,1.050112247467041,0.2527849433940132,0,24,0,disabled,0,0.0,50.0,alpha
468,0.15356628596782684,-0.009744877927005291,-23.441247940063477,-0.32484814524650574,1.2090511322021484,0.0008084774017333984,150,29,12,0.014226207509636879,0.4398826979472141,0.3,120,191,wall,both,1,1,1,1,1,1,0.0,10,10,0,alpha,full,huber,-7.383748902702228,-1.1519837725405622,1.714829351416193,-7.441867615054804,-1.8035655955188559,1.718922160990979,-7.5848718322154625,-1.8391953301934227,1.7641717812056896,170.25759687112597,0.014226208440959454,250,1.1389857530593872,1.0,1.0,disabled,single,3,row_9,row_8,-0.32484814524650574,-0.4001424014568329,0.5025547683870288,0.4661047384992352,0.8101090641980533,0.07529425621032715,0.3632025079265939,0,24,0,disabled,0,0.0,50.0,alpha
472,0.9847573637962341,-0.400721937417984,-17.587160110473633,-0.30915945768356323,1.1792340278625488,0.005831003189086914,118,3,11,0.012517082504928112,0.5319148936170213,0.3,120,132,wall,both,1,1,1,1,1,1,0.0,8,8,0,alpha,full,huber,-7.309860376370457,-0.655748047654876,1.6824760494591704,-7.468103555386277,-1.07890661239317,1.7761612805494098,-7.5826224534917515,-1.1723894247167574,1.8034678356389895,180.27253680014093,0.012517082504928112,250,1.599779486656189,1.0,1.0,disabled,single,3,row_8,row_9,-0.30915945768356323,-0.4187036454677582,0.5081933357967056,0.4554644965107235,0.8226532051391007,0.10954418778419495,0.36773386384617757,1,25,0,disabled,0,0.0,50.0,alpha
476,2.540323495864868,-2.6666295528411865,-16.6151065826416,-0.34040069580078125,1.2376536130905151,0.0009520053863525391,119,13,9,0.030127089470624924,0.5154639175257733,0.3,120,141,wall,both,1,1,1,1,1,1,0.0,4,4,0,alpha,full,huber,-7.185916629161612,-1.65726927283699,1.7943450042519293,-7.370252208686326,-0.7804099825094051,1.801849702138536,-7.532683458636601,-0.7390373166344039,1.8287993737842099,155.11578802267408,0.030127089470624924,250,3.6831436157226562,0.8145215916082004,1.0,disabled,single,3,row_8,row_9,-0.34040069580078125,-0.38191938400268555,0.49284024804522836,0.472797128580955,0.8187151903940294,0.0415186882019043,0.36716950212733546,0,25,0,disabled,0,0.0,50.0,alpha
480,4.12941837310791,-6.519219398498535,-13.028319358825684,-0.3230322003364563,1.2055429220199585,0.004115939140319824,116,0,4,0.019147839397192,0.5555555555555556,0.3,120,120,wall,both,1,1,1,1,1,1,0.0,3,3,0,alpha,full,huber,-7.193584914422389,-1.435658907507463,1.8414672864039563,-7.38879271795272,-0.6509770975565471,1.8453828173714477,-7.506210702527717,-0.5226870020899045,1.8487479694661832,175.09937415664334,0.019147839397192,250,5.146246433258057,0.5829491531171621,1.0,disabled,single,3,row_8,row_9,-0.3230322003364563,-0.40148016810417175,0.5009603272901236,0.46316295329911406,0.8221493180039066,0.07844796776771545,0.3681961677419371,0,25,0,disabled,0,0.0,50.0,alpha
484,4.440807342529297,-7.291257858276367,-25.134733200073242,-0.15494240820407867,0.8066654205322266,0.050332844257354736,155,3,22,0.020652035251259804,0.45454545454545453,0.3,120,180,wall,both,1,1,1,1,1,1,0.0,5,5,0,alpha,full,huber,-7.234234615570201,0.7149748060107425,2.109143801825656,-7.453326492825724,-0.1123954794342559,1.861872299758853,-7.5286264950785595,-0.1463130307515711,1.8578141875848093,168.5205540254657,0.020652037113904953,250,5.468539714813232,0.5485925231325598,1.0,disabled,single,3,row_8,row_9,-0.15494240820407867,-0.6504805088043213,0.5840837261011294,0.3558489128152232,0.8506755155099093,0.4955381006002426,0.3827685316143189,0,25,0,disabled,0,0.0,50.0,alpha
488,0.4297213852405548,-0.07630597800016403,-26.239303588867188,-0.2987542748451233,1.1594772338867188,0.0006082653999328613,136,21,15,0.00830474216490984,0.46583850931677023,0.3,120,172,wall,both,1,1,1,1,1,1,0.0,8,8,0,alpha,full,huber,-7.609557659414276,-0.19363805791805677,1.781707774582559,-7.6158477477667965,0.3315829547427697,1.8999502025732737,-7.6551142477496406,0.373414504761452,1.8782592232622433,200.74849607974198,0.008304743096232414,250,0.9416628181934357,1.0,1.0,disabled,single,3,row_9,row_8,-0.2987542748451233,-0.4177010953426361,0.5116498048623389,0.4542708452703188,0.8164681491471525,0.11894682049751282,0.37136058799328153,1,26,0,disabled,0,0.0,50.0,alpha
492,1.9466705322265625,-1.5659199953079224,-27.293142318725586,-0.1550125926733017,0.8341360092163086,0.009826958179473877,127,12,5,0.013913790695369244,0.5102040816326531,0.3,120,144,wall,both,1,1,1,1,1,1,0.0,5,5,0,alpha,full,huber,-7.274080258178585,0.7673541645184359,1.9308265313830049,-7.669920164928582,1.1263940286995384,1.7981690258832668,-7.795414723473631,1.1684364985021063,1.8152461976591763,142.24679821006134,0.013913790695369244,191,2.679729700088501,1.0,1.0,disabled,single,3,row_8,row_9,-0.1550125926733017,-0.6120901107788086,0.5770509771578928,0.3653490116894176,0.8495514051066887,0.4570775181055069,0.39481207507604876,1,27,0,disabled,0,0.0,50.0,alpha
496,1.8323242664337158,-1.3873604536056519,-33.879207611083984,-0.19658127427101135,0.9405155181884766,0.0015874505043029785,93,20,36,0.019115163013339043,0.5016722408026756,0.3,120,149,wall,both,1,1,1,1,1,1,0.0,4,4,0,alpha,full,huber,-7.448370811201998,1.3432963758873864,1.6168812904213832,-7.83286424853475,2.2291362994909227,1.8203055070523133,-7.970637966647004,2.3261901418638242,1.8314264969285379,161.6844301710706,0.019115164875984192,218,3.0670719146728516,0.9781316132980189,1.0,disabled,single,3,row_8,row_9,-0.19658127427101135,-0.530637264251709,0.5538100845624634,0.3965356030442047,0.8431516735323222,0.33405598998069763,0.39435218438479924,0,27,0,disabled,0,0.0,50.0,alpha
500,3.129119634628296,-4.039139270782471,-37.637733459472656,-0.07014714181423187,0.5575336813926697,0.01619666814804077,107,25,46,0.018150905147194862,0.4573170731707317,0.3,120,178,wall,both,1,1,1,1,1,1,0.0,4,4,0,alpha,full,huber,-7.325800458008012,2.624514999023096,1.5718440789663104,-7.700190622494749,3.2966694207420133,1.7413179843052777,-7.994259080619255,3.407031273351267,1.8024552261384583,174.68374942860132,0.018150905147194862,250,4.3200390338897705,0.6944381697632012,1.0,disabled,single,3,row_8,row_9,-0.07014714181423187,-0.8568307161331177,0.6313535050357789,0.28748835676333706,0.8525449019462443,0.7866835743188858,0.3897422016461691,0,27,0,disabled,0,0.0,50.0,alpha
504,0.7366234660148621,-0.22422070801258087,-26.712440490722656,-0.30215367674827576,1.1659958362579346,0.0028119683265686035,137,12,35,0.020122170448303223,0.44910179640718567,0.3,120,184,wall,both,1,1,1,1,1,1,0.0,3,3,0,alpha,full,huber,-8.317424778806684,4.663501507925804,1.8265042235468112,-8.108063621946838,4.180704883026459,1.8263873699209656,-8.13176648483407,4.135568890366773,1.8106687659107088,146.38143458132978,0.020122170448303223,250,1.6648535132408142,1.0,1.0,disabled,single,3,row_8,row_9,-0.30215367674827576,-0.39759841561317444,0.506714772204488,0.460587812479891,0.8133799409699183,0.09544473886489868,0.37765333642821663,0,27,0,disabled,0,0.0,50.0,alpha
508,2.9040098190307617,-3.484823703765869,-31.171066284179688,-0.3019897937774658,0.8125816583633423,0.1950344443321228,100,27,19,0.030510831624269485,0.5067567567567568,0.3,119,146,wall,both,1,1,1,1,1,1,0.0,2,2,0,alpha,full,huber,-10.382317267068077,3.957788089697297,2.3634851864164315,-8.883024839658525,4.693666549537133,1.9579931953744318,-8.600054152916858,4.793462759558949,1.8884843811102439,137.67577776265722,0.030510827898979187,250,5.098071336746216,0.5884578307832614,1.0,disabled,single,3,row_9,row_10,-0.3019897937774658,-0.7867740392684937,0.5823073353189223,0.3586023557404491,0.8497962512851251,0.48478424549102783,0.23876710929355527,1,28,0,disabled,0,0.0,50.0,alpha
512,1.3293079137802124,-0.7301899194717407,-33.27588653564453,-0.11347654461860657,0.71458899974823,0.0006163120269775391,91,0,51,0.014275625348091125,0.5136986301369862,0.3,115,142,wall,both,1,1,1,1,1,1,0.0,1,1,0,alpha,full,huber,-10.551551329012666,5.501880708178902,1.7173028487995623,-9.57084488075926,5.037083799715033,1.9926576694595968,-9.156269785460067,5.130646672146827,1.9414085989325,190.633091387178,0.014275623485445976,250,2.7930638790130615,1.0,1.0,disabled,single,3,row_9,row_10,-0.11347654461860657,-0.7098139524459839,0.6029328737716275,0.33211073825364545,0.8487281298226318,0.5963374078273773,0.39247286427798767,0,28,0,disabled,0,0.0,50.0,alpha
516,0.503086268901825,-0.10458504408597946,0.0,-0.043905992060899734,0.3995300829410553,0.04545670747756958,0,0,0,0.007137593813240528,0.5,0.3,0,0,wall,both,1,1,1,1,1,1,0.0,0,0,0,alpha,full,huber,-7.761287000689045,6.096359245453945,1.411375540838205,-9.489559692085665,5.875873030487021,1.9253433470347876,-9.463812275980281,5.865867277381937,1.9351023475458984,214.18182487022327,0.0071375928819179535,250,2.1278581619262695,1.0,1.0,disabled,single,3,row_8,row_9,-0.043905992060899734,-1.0285261869430542,0.6507227335562883,0.24309770679111006,0.8615289949204976,0.9846201948821545,0.3857656439531473,1,29,0,disabled,0,0.0,50.0,alpha
520,0.7797304391860962,-0.25123122334480286,-34.796932220458984,-0.13428740203380585,0.7750125527381897,0.014094531536102295,69,0,51,0.011236867867410183,0.5555555555555556,0.3,120,120,wall,both,1,1,1,1,1,1,0.0,1,1,0,alpha,full,huber,-9.377267677808137,7.26938375048603,1.512776512312091,-9.395606966986671,6.735851736345433,1.8774696951878593,-9.545894333507743,6.605544790441548,1.9069023641385217,193.7814384573332,0.011236867867410183,250,1.5836865305900574,1.0,1.0,disabled,single,3,row_9,row_8,-0.13428740203380585,-0.7412071824073792,0.603713942943401,0.3290404531064052,0.8519431680082296,0.6069197803735733,0.3703673955978447,1,30,0,disabled,0,0.0,50.0,alpha
524,0.4754321575164795,-0.09340319782495499,-31.063112258911133,-0.1805448979139328,0.9012764096260071,0.0028841495513916016,91,0,27,0.012666920199990273,0.5597014925373135,0.3,118,118,wall,both,1,1,1,1,1,1,0.0,4,4,0,alpha,full,huber,-8.348460922578612,6.584156803533318,1.8334936054742261,-8.961145370123557,7.0878798864908035,1.7196248295386138,-9.318170119189109,7.031764887386066,1.8092222878682627,169.18865969601322,0.012666918337345123,250,1.7153566479682922,1.0,1.0,disabled,single,3,row_8,row_9,-0.1805448979139328,-0.5882793068885803,0.5679628477229437,0.37778362030767765,0.8471429911378012,0.4077344089746475,0.38515437342479,1,31,0,disabled,0,0.0,50.0,alpha
528,0.47613635659217834,-0.09368009865283966,-31.357013702392578,-0.16021031141281128,0.8489202260971069,0.0039103031158447266,79,0,29,0.011626029387116432,0.5813953488372093,0.3,108,108,wall,both,1,1,1,1,1,1,0.0,4,4,0,alpha,full,huber,-9.572893374230535,7.550458718997517,1.5924072396365583,-9.255417246381903,7.56613143447037,1.7419779864772271,-9.333378716947351,7.490617438370435,1.738019808112293,178.6007819234637,0.011626030318439007,250,0.8380431830883026,1.0,1.0,disabled,single,3,row_9,row_8,-0.16021031141281128,-0.9261387586593628,0.6273499722522075,0.2916563154368708,0.8554434969889058,0.7659284472465515,0.3060404131937808,1,32,0,disabled,0,0.0,50.0,alpha
532,0.8359810709953308,-0.288786917924881,-25.0338077545166,-0.2417859584093094,1.0430792570114136,0.0011060237884521484,72,0,22,0.029310030862689018,0.6147540983606558,0.3,94,94,wall,both,1,1,1,1,1,1,0.0,1,1,0,alpha,full,huber,-9.36513051136974,7.642371965664902,1.7279066746032878,-9.464788280769106,7.912344460828576,1.6712962816019052,-9.447805346531824,7.990117753457549,1.6036514419012704,135.04549414729357,0.029310034587979317,235,1.3672873973846436,1.0,1.0,disabled,single,3,row_9,row_8,-0.2417859584093094,-0.7631615996360779,0.59015705798918,0.35037817116905184,0.8465171468373258,0.5213756412267685,0.28558061911633015,0,32,0,disabled,0,0.0,50.0,alpha
536,0.5272813439369202,-0.11488662660121918,0.0,-0.6685987114906311,1.7342313528060913,0.007863938808441162,0,0,0,0.013792989775538445,0.5,0.3,0,0,wall,both,1,1,1,1,1,1,0.0,0,0,0,alpha,full,huber,-10.2009371774661,8.547175939351023,1.555377267198148,-9.892779443268118,8.894886559139676,1.2204092945095097,-9.689176725916493,9.017071306802512,1.0944524542601162,115.50438067006435,0.013792987912893295,153,0.9962253570556641,1.0,1.0,disabled,single,3,row_9,row_8,-0.6685987114906311,-1.9350000619888306,0.6737877075974734,0.18990306103989646,0.8531543399516697,1.2664013504981995,-0.2737585199151176,0,32,0,disabled,0,0.0,50.0,alpha
540,0.04960831627249718,-0.0010169359156861901,-45.57891082763672,-1.303795337677002,2.323742628097534,0.15950500965118408,47,0,35,0.02495616115629673,0.646551724137931,0.3,82,82,wall,both,1,1,1,1,1,1,0.0,1,1,0,alpha,full,huber,-10.132025741062204,9.143961527772657,1.1082701104506292,-9.986954053128287,9.258990088364293,1.0434958081006627,-9.719662334960155,9.367506174181376,0.899218738389342,64.4206007412429,0.02495615743100643,122,0.5753229558467865,1.0,1.0,disabled,single,3,row_9,row_8,-1.303795337677002,-2.447512626647949,0.676800823094247,0.2156506496212165,0.8348501413403137,1.1437172889709473,-0.9134170831419414,0,32,0,disabled,0,0.0,50.0,alpha
544,6.261806011199951,-11.806130409240723,-43.62996292114258,-2.867252826690674,2.8171467781066895,0.5199890732765198,14,0,77,0.06436972320079803,0.6224066390041494,0.3,91,91,wall,both,1,1,1,1,1,1,0.0,2,2,0,alpha,full,huber,-8.70452101907661,9.814723341051318,0.687396821090192,-9.481901337260151,9.633164731401559,0.6345906473443341,-9.439754865088176,9.702929652643292,0.5820628408715192,39.642159739791275,0.06436973065137863,83,7.2075724601745605,0.4162289059980318,1.0,disabled,single,3,row_8,row_9,-2.867252826690674,-3.2099380493164062,0.5429443112898814,0.3854153309740308,0.8879213289004728,0.3426852226257324,-2.2565043049058966,1,33,1,disabled,0,0.0,50.0,alpha
548,1.6441560983657837,-1.1170451641082764,-41.635414123535156,-4.229556560516357,2.2597877979278564,0.8707543611526489,31,0,64,0.10039538890123367,0.6122448979591837,0.3,95,95,wall,both,1,1,1,1,1,1,0.0,2,2,0,alpha,full,huber,-9.240167186997919,8.94759563719832,-0.01953412015130951,-9.255903120085351,9.547017619117545,0.28120390707446397,-9.238332118011023,9.697035801038153,0.29900545611681073,29.643196353202946,0.10039538890123367,87,2.5016942024230957,1.0,1.0,disabled,single,3,row_8,row_9,-3.8576436042785645,-4.229556560516357,0.5728133011305332,0.39490565188631405,0.7969088301648165,0.37191295623779297,-3.3004481619206936,0,33,0,disabled,0,0.0,50.0,alpha
552,2.159929037094116,-1.927807092666626,-47.67417526245117,-1.4471728801727295,2.1903350353240967,0.30554288625717163,15,0,90,0.06320439279079437,0.5882352941176471,0.3,94,105,wall,both,1,1,1,1,1,1,0.0,3,3,0,alpha,full,huber,-8.144703531199568,9.352129665633655,-0.5809354840806265,-8.792600932157542,9.331374927960654,-0.37326025243389777,-8.8429486256175,9.567383467665032,-0.25329693711783907,40.53524709978007,0.06320439279079437,83,2.894663095474243,1.0,1.0,disabled,single,3,row_8,row_9,-1.4471728801727295,-2.7320055961608887,0.684964900064058,0.18952764166267275,0.8348854566786925,1.2848327159881592,-1.0687851973575668,0,33,0,disabled,0,0.0,50.0,alpha
556,1.1775143146514893,-0.5729504227638245,-45.28593063354492,-0.698968768119812,1.7691417932510376,0.02904665470123291,14,0,62,0.03682156279683113,0.663716814159292,0.3,63,76,wall,both,1,1,1,1,1,1,0.0,4,4,0,alpha,full,huber,-7.690418873100896,9.006496528280037,-1.1424539553028863,-8.388805937695414,9.152997719805134,-0.8386195965349038,-8.442772655248863,9.315381286035302,-0.7635358184473482,57.61133870001173,0.03682155907154083,80,1.7356243133544922,1.0,1.0,disabled,single,3,row_8,row_7,-0.698968768119812,-1.8988786935806274,0.6623189743761945,0.19950461099832842,0.8679478607656668,1.1999099254608154,-0.28696076343488863,0,33,0,disabled,0,0.0,50.0,alpha
560,2.476935863494873,-2.5352113246917725,-49.697288513183594,-1.7805742025375366,2.805502414703369,0.08784604072570801,1,1,80,0.028828933835029602,0.646551724137931,0.3,61,82,wall,both,1,1,1,1,1,1,0.0,11,11,0,alpha,full,huber,-7.692872873087278,10.044640730681744,-0.9617796858575187,-8.099770539231201,9.221926165323381,-1.1758991044952973,-8.133838402221663,9.137102106541102,-1.1976716679032804,61.2860539372535,0.028828933835029602,80,3.7871240377426147,0.7921578406468581,1.0,disabled,single,3,row_8,row_7,-1.7805742025375366,-2.7991559505462646,0.6537207769987325,0.23606296393953455,0.8617353312899205,1.018581748008728,-1.3554992373598793,0,33,1,disabled,0,0.0,50.0,alpha
564,1.671284556388855,-1.1542116403579712,-30.36624526977539,-0.30639609694480896,1.173325777053833,0.010664582252502441,61,0,58,0.027465250343084335,0.5576208178438662,0.3,105,119,wall,both,1,1,1,1,1,1,0.0,8,8,0,alpha,full,huber,-8.26370488645818,8.178077797819572,-1.5302420791223414,-7.936680561528765,8.832308842510912,-1.3000078045818682,-7.964576523076293,8.804144113114312,-1.2859476699102141,82.56344064456796,0.027465254068374634,102,1.0176884531974792,1.0,1.0,disabled,single,3,row_8,row_9,-0.30639609694480896,-1.0863677263259888,0.6262133687626552,0.28706811678508426,0.8634136707608344,0.7799716293811798,0.16166802434279953,0,33,0,disabled,0,0.0,50.0,alpha
568,1.6448683738708496,-1.1180132627487183,-33.71832275390625,-0.14806361496448517,0.8129897713661194,0.017041027545928955,43,8,57,0.01171381026506424,0.5813953488372093,0.3,89,108,wall,both,1,1,1,1,1,1,0.0,8,8,0,alpha,full,huber,-8.042263331755946,7.893751758618224,-1.5689431694786697,-7.818839536921193,8.489710972826906,-1.2803775893437126,-7.846058344646938,8.49102615187416,-1.291141074690752,135.8970971689559,0.01171381026506424,148,1.3950837850570679,1.0,1.0,disabled,single,3,row_8,row_9,-0.14806361496448517,-1.11612868309021,0.6463625300919362,0.24549963742271425,0.8673998228866551,0.9680650681257248,0.2883311255516634,0,33,0,disabled,0,0.0,50.0,alpha
572,0.7069081664085388,-0.2064955234527588,-24.319992065429688,-0.24421678483486176,1.048316240310669,0.0006843209266662598,61,0,41,0.012062747031450272,0.5952380952380952,0.3,94,102,wall,both,1,1,1,1,1,1,0.0,7,7,0,alpha,full,huber,-8.52779801213515,7.634721428451095,-1.4210631335343964,-8.094125556437175,7.732335750308728,-1.532955658854722,-7.91701371518657,7.926855996433745,-1.4527338337523892,157.9956767823929,0.012062747031450272,235,1.1520569324493408,1.0,1.0,disabled,single,3,row_8,row_9,-0.24421678483486176,-0.6352053284645081,0.5649168243460038,0.3821029072877137,0.8458661561805769,0.3909885436296463,0.32685998738470823,0,33,0,disabled,0,0.0,50.0,alpha
576,2.5581812858581543,-2.7042527198791504,-33.042659759521484,-0.16249816119670868,0.8535585403442383,0.012078285217285156,82,16,17,0.018603261560201645,0.5660377358490566,0.3,65,115,wall,both,1,1,1,1,1,1,0.0,8,8,0,alpha,full,huber,-8.347120106587495,6.834095620598412,-1.2284860264088335,-8.282550386147843,6.9627991954017645,-1.560594313905034,-8.060047147964575,7.109834563184915,-1.5206652553727829,114.0367483740471,0.018603261560201645,159,2.693504810333252,1.0,1.0,disabled,single,3,row_8,row_9,-0.16249816119670868,-0.6116620302200317,0.575553964050931,0.36729638979007156,0.8493947937177518,0.44916386902332306,0.3899241250344174,0,33,0,disabled,0,0.0,50.0,alpha
580,3.6733624935150146,-5.38850212097168,-21.369287490844727,-0.13224506378173828,0.7714287042617798,0.00017321109771728516,139,5,6,0.02232186868786812,0.5,0.3,120,150,wall,both,1,1,1,1,1,1,0.0,4,4,0,alpha,full,huber,-8.050817175305601,5.498624975523513,-1.408933435551103,-8.073482930072004,5.829751023820251,-1.4320888500223377,-8.040669594256574,5.949684605246795,-1.4867206847945116,108.76086240664024,0.02232186868786812,180,4.141303300857544,0.7244096319578397,1.0,disabled,single,3,row_8,row_9,-0.13224506378173828,-0.6762275099754333,0.5934217783271597,0.34444105126130536,0.8494360744495403,0.5439824461936951,0.38960480709506395,0,33,0,disabled,0,0.0,50.0,alpha
584,2.0039467811584473,-1.659422755241394,-33.35821533203125,-0.3275264501571655,1.214028239250183,0.00048810243606567383,81,14,46,0.0720282718539238,0.5154639175257733,0.3,120,141,wall,both,1,1,1,1,1,1,0.0,7,7,0,alpha,full,huber,-6.212673903900804,6.662386090104223,-1.396298563148524,-7.520622350713293,5.6251791489714495,-1.3293787147962823,-7.757702385806511,5.515182982028495,-1.4135499904862228,52.7557728533758,0.0720282718539238,159,4.31712007522583,0.6949077041465123,1.0,disabled,single,3,row_8,row_7,-0.3275264501571655,-0.3472641408443451,0.49004296992649077,0.4804654830278844,0.8056282082743937,0.019737690687179565,0.3857357478376372,0,33,0,disabled,0,0.0,50.0,alpha
588,3.7807376384735107,-5.654721260070801,-17.936559677124023,-0.34142255783081055,1.2394318580627441,0.003383040428161621,109,0,12,0.08080865442752838,0.5535055350553506,0.3,120,121,wall,both,1,1,1,1,1,1,0.0,6,6,0,alpha,full,huber,-5.5548390672968475,2.929712821398743,-1.3072439585966784,-6.4602820898751405,3.4027401259185197,-1.1575611862316568,-6.92596475744927,3.304617010607651,-1.2407413568896954,66.44948058278058,0.08080865442752838,164,5.157219648361206,0.5817087897261272,1.0,disabled,single,3,row_8,row_7,-0.34142255783081055,-0.3710649907588959,0.4921953248357035,0.4778195766252009,0.806946930322957,0.029642432928085327,0.3674570817447571,0,33,0,disabled,0,0.0,50.0,alpha
592,2.0962250232696533,-1.8157683610916138,-24.806255340576172,-0.23012055456638336,1.01685631275177,0.009173750877380371,133,14,20,0.014024950563907623,0.47318611987381703,0.3,120,167,wall,both,1,1,1,1,1,1,0.0,9,9,0,alpha,full,huber,-7.536125956976856,1.450416466794314,-1.3328006633279386,-6.411006952669517,2.0028045203989806,-1.2182095548148788,-6.4686766855781705,2.07047326717821,-1.2203338818945586,188.35523150122526,0.014024950563907623,250,3.030903697013855,0.9898038010761271,1.0,disabled,single,3,row_8,row_9,-0.23012055456638336,-0.4793189465999603,0.5371046006806935,0.41863292862630763,0.8363666615839457,0.24919839203357697,0.3914418617605504,0,33,0,disabled,0,0.0,50.0,alpha
596,1.37628173828125,-0.7827072143554688,-23.92400550842285,-0.1797836273908615,0.8994584679603577,0.00020962953567504883,109,21,14,0.010436806827783585,0.5102040816326531,0.3,120,144,wall,both,1,1,1,1,1,1,0.0,6,6,0,alpha,full,huber,-4.8816005664195075,1.1811970842464774,-1.3479606941514661,-5.578375926659174,1.4490227021862523,-1.2375656597612028,-5.883497982197073,1.3766887316951215,-1.2468765417225365,192.44597302015467,0.01043680589646101,250,2.5740556716918945,1.0,1.0,disabled,single,3,row_7,row_8,-0.1797836273908615,-0.5625239014625549,0.5650930793753859,0.3853878330305365,0.838829031957178,0.3827402740716934,0.39098119175602986,1,34,0,disabled,0,0.0,50.0,alpha
600,1.2974351644515991,-0.6955942511558533,-25.228965759277344,-0.2069794088602066,0.9650859832763672,0.000943303108215332,116,26,17,0.01027729082852602,0.4854368932038835,0.3,120,159,wall,both,1,1,1,1,1,1,0.0,4,4,0,alpha,full,huber,-4.787078811789897,0.3939611634335185,-1.3249977601622958,-5.271603817673951,0.7214301200926285,-1.261368265619222,-5.4897303917118885,0.787490616388336,-1.2630415813386926,192.94394146738222,0.01027729082852602,250,2.112884283065796,1.0,1.0,disabled,single,3,row_7,row_8,-0.2069794088602066,-0.50782310962677,0.5479818664982097,0.40561259124647453,0.8381061598523819,0.3008437007665634,0.3945336740531461,0,34,0,disabled,0,0.0,50.0,alpha
604,1.4799069166183472,-0.9050101637840271,-31.571016311645508,-0.1480097472667694,0.8160648941993713,0.0021122097969055176,128,16,10,0.00966992974281311,0.49342105263157904,0.3,120,154,wall,both,1,1,1,1,1,1,0.0,6,6,0,alpha,full,huber,-4.431127073561986,-0.7670192382384293,-1.4782044452775456,-4.619654552866469,-0.46118473279384753,-1.3189922262649458,-4.877402839687337,-0.39461834000929413,-1.3168673202879528,183.73472957139396,0.00966992974281311,250,2.0881775617599487,1.0,1.0,disabled,single,3,row_7,row_8,-0.1480097472667694,-0.5919132232666016,0.5742893238486467,0.3684223026773962,0.8502176434493927,0.44390347599983215,0.40661221386877777,0,34,0,disabled,0,0.0,50.0,alpha
608,2.5817391872406006,-2.7542881965637207,-39.21384048461914,-0.04069913923740387,0.3041108548641205,0.07025724649429321,120,12,18,0.03569343313574791,0.5,0.3,120,150,wall,both,1,1,1,1,1,1,0.0,7,7,0,alpha,full,huber,-4.173093670104453,0.690099574929899,-1.7455184114075497,-4.254452919435417,-0.616490266904729,-1.2562491204713904,-4.500805796182542,-0.7564761690754356,-1.2890423142601715,134.23624398726815,0.03569343313574791,250,4.250840663909912,0.705742754714454,1.0,disabled,single,3,row_7,row_8,-0.04069913923740387,-1.0757607221603394,0.6528410484992695,0.2318920819457051,0.8663265744975768,1.0350615829229355,0.38572245740496913,0,34,0,disabled,0,0.0,50.0,alpha
612,0.7517933249473572,-0.23355090618133545,-29.3402099609375,-0.16355660557746887,0.8523602485656738,0.022726714611053467,145,6,17,0.0134684843942523,0.4716981132075471,0.3,120,168,wall,both,1,1,1,1,1,1,0.0,7,7,0,alpha,full,huber,-4.2347497038444954,-2.1632424887901136,-1.6104144528211746,-4.034150416515304,-1.4801339034039422,-1.268899590045847,-4.154677806103662,-1.5080048514302011,-1.275819758365986,185.6367567691795,0.013468485325574875,250,1.086885690689087,1.0,1.0,disabled,single,3,row_7,row_8,-0.16355660557746887,-0.5572474598884583,0.5657258927342378,0.3816175076590082,0.8449084463126073,0.3936908543109894,0.4060890009624243,0,34,0,disabled,0,0.0,50.0,alpha
616,2.105381965637207,-1.8316667079925537,-20.52316665649414,-0.2910376489162445,1.1444075107574463,0.00020492076873779297,173,0,9,0.024767469614744186,0.45180722891566266,0.3,120,182,wall,both,1,1,1,1,1,1,0.0,11,11,0,alpha,full,huber,-4.509044292770942,-2.2897184508400716,-1.4170554573763883,-4.077860900587711,-2.2968761529752415,-1.3045635476229904,-4.025978704206101,-2.1996050079939193,-1.2617300210562956,143.59356325567762,0.024767469614744186,250,2.106205463409424,1.0,1.0,disabled,single,3,row_7,row_8,-0.2910376489162445,-0.36910977959632874,0.5020252062606608,0.46432196395233194,0.8163041161731291,0.07807213068008423,0.39806729996010415,0,34,0,disabled,0,0.0,50.0,alpha
620,0.38709917664527893,-0.061919745057821274,-31.235031127929688,-0.18640805780887604,0.40786099433898926,0.19134551286697388,143,0,20,0.007442657370120287,0.47923322683706066,0.3,120,163,wall,both,1,1,1,1,1,1,0.0,6,6,0,alpha,full,huber,-3.7090031025741794,-2.5867311511592535,-0.7678756181690756,-3.821950187110218,-2.8533877136957795,-1.2408704119499716,-3.8256476082134956,-2.8344116666142893,-1.257292925186862,218.7300543338356,0.007442657370120287,250,0.7714614272117615,1.0,1.0,disabled,single,3,row_7,row_8,-0.1760680377483368,-1.044883131980896,0.6343762754571992,0.2660880259250446,0.8706469461653271,0.8688150942325592,0.2790449684327445,0,34,0,disabled,0,0.0,50.0,alpha
624,0.2851661145687103,-0.03360318765044212,-38.04832077026367,-0.05522159859538078,0.03633212670683861,0.11600613594055176,126,0,21,0.009171189740300179,0.5050505050505051,0.3,120,147,wall,both,1,1,1,1,1,1,0.0,5,5,0,alpha,full,huber,-3.0721590510105434,-3.9073151123416396,-0.8878885781664398,-3.752464936066639,-3.455889481426002,-1.264399045241988,-3.7035082370608414,-3.4090291108245077,-1.2482516165705777,202.54905834568,0.009171190671622753,250,1.1023685932159424,1.0,1.0,disabled,single,3,row_7,row_8,-0.05522159859538078,-1.3633427619934082,0.6685489049708213,0.1807271412168741,0.8635860977658172,1.3081211633980274,0.3474241302440767,0,34,0,disabled,0,0.0,50.0,alpha
628,0.3334978222846985,-0.04595900699496269,-30.768238067626953,-0.0982712060213089,0.6612922549247742,0.016354918479919434,114,0,10,0.008315539918839931,0.5474452554744526,0.3,120,124,wall,both,1,1,1,1,1,1,0.0,4,4,0,alpha,full,huber,-3.721936657337885,-3.844198585227559,-1.555453362665959,-3.6694823494691566,-3.69137609178897,-1.242870043385004,-3.646364342560709,-3.670277508562332,-1.2390162309235755,200.60257990052824,0.008315539918839931,250,0.5777182877063751,1.0,1.0,disabled,single,3,row_7,row_8,-0.0982712060213089,-0.702551007270813,0.6029950074216648,0.32951738551615334,0.8527625551058688,0.6042798012495041,0.4075751558339802,0,34,0,disabled,0,0.0,50.0,alpha
632,2.9927470684051514,-3.701047658920288,-27.147188186645508,-0.2712461054325104,1.1048067808151245,0.0007187128067016602,142,20,10,0.014968400821089745,0.46583850931677023,0.3,120,172,wall,both,1,1,1,1,1,1,0.0,5,5,0,alpha,full,huber,-4.364838250473699,-4.083864989748898,-1.374139245240262,-3.75758920617453,-4.089253418699148,-1.2943262474396358,-3.6334228060318448,-4.07875233860396,-1.2665284007119582,161.9976762116267,0.014968400821089745,229,3.7359538078308105,0.8030077871176561,1.0,disabled,single,3,row_8,row_7,-0.2712461054325104,-0.39819374680519104,0.5120259807513657,0.4509821346796726,0.8238337472882514,0.12694764137268066,0.39813380614252336,1,35,0,disabled,0,0.0,50.0,alpha
636,5.759718894958496,-10.561285972595215,-24.782649993896484,-0.23413671553134918,1.026218295097351,0.005171537399291992,127,6,7,0.013316679745912552,0.5172413793103449,0.3,120,140,wall,both,1,1,1,1,1,1,0.0,3,3,0,alpha,full,huber,-4.35227500967302,-4.634827799115507,-1.295046186258885,-3.8951334118498013,-4.662649413638424,-1.381688161498081,-3.676710239411128,-4.649562763669431,-1.3234216386696,154.62831908551976,0.013316680677235126,213,6.386763095855713,0.4697215091548739,1.0,disabled,single,3,row_8,row_7,-0.23413671553134918,-0.4518626630306244,0.531717082851434,0.4276844260169313,0.8291965000164603,0.2177259474992752,0.39750701471590466,0,35,0,disabled,0,0.0,50.0,alpha
640,1.859380841255188,-1.4286352396011353,-46.22182083129883,-0.05576325207948685,0.045896757394075394,0.11639291048049927,97,35,27,0.02260507456958294,0.4854368932038835,0.3,120,159,wall,both,1,1,1,1,1,1,0.0,3,3,0,alpha,full,huber,-5.130060402234783,-5.872528903296368,-1.8840763727711867,-4.027456630934032,-4.930354204118089,-1.4198746363729233,-3.8201977402633274,-4.916214808903126,-1.3717755952919861,110.43637304424712,0.02260507456958294,143,3.440481662750244,0.8719709314194882,1.0,disabled,single,3,row_8,row_7,-0.04685391113162041,-1.3326973915100098,0.664606288956515,0.18370869767447723,0.8688788205476816,1.2858434803783894,0.3617065492054371,0,35,0,disabled,0,0.0,50.0,alpha
644,1.73770010471344,-1.2477692365646362,-31.673173904418945,-0.2227749228477478,0.9997348189353943,0.012817203998565674,121,36,14,0.0399562306702137,0.4672897196261683,0.3,120,171,wall,both,1,1,1,1,1,1,0.0,3,3,0,alpha,full,huber,-3.8844393510137563,-4.845172921587624,-1.2423086923775948,-3.959450646210297,-5.337650031919967,-1.3810692160731255,-3.8385050514193377,-5.38137714343506,-1.3776386506570293,62.359677206487575,0.0399562306702137,87,2.302133321762085,1.0,1.0,disabled,single,3,row_7,row_8,-0.2227749228477478,-0.4681699275970459,0.5377593281903116,0.42074043935656236,0.8299034134467493,0.2453950047492981,0.397569241432564,1,36,0,disabled,0,0.0,50.0,alpha
648,3.739250659942627,-5.551861763000488,-36.58414840698242,-0.10131785273551941,0.6724832057952881,0.014186680316925049,119,51,15,0.05379096418619156,0.44776119402985076,0.3,120,185,wall,both,1,1,1,1,1,1,0.0,3,3,0,alpha,full,huber,-3.5250676284605964,-5.006735728563416,-1.2339441562690263,-3.8036211765020553,-5.671727030860516,-1.3281245924796015,-3.771386214125388,-5.780528762812048,-1.3561515528381398,49.133040910997615,0.05379096418619156,80,4.5534656047821045,0.6588388406512534,1.0,disabled,single,3,row_7,row_8,-0.10131785273551941,-0.7020739912986755,0.6024315762235386,0.3303715578388525,0.8526400047042377,0.6007561385631561,0.40546333376492427,0,36,0,disabled,0,0.0,50.0,alpha
652,1.3702319860458374,-0.775841236114502,-33.72712326049805,-0.10962880402803421,0.6979770660400391,0.018309831619262695,120,40,19,0.025016123428940773,0.45592705167173253,0.3,120,179,wall,both,1,1,1,1,1,1,0.0,3,3,0,alpha,full,huber,-3.3030779015309557,-6.302208582078909,-1.1740876345625242,-3.407538160060718,-6.472984522614601,-1.2036761783417853,-3.4963284267100336,-6.553969699010965,-1.2726610109639593,59.37223721302775,0.025016123428940773,80,1.5804840326309204,1.0,1.0,disabled,single,3,row_7,row_8,-0.10962880402803421,-0.712439239025116,0.60271283944883,0.32984750067434815,0.8528567860055412,0.6028104349970818,0.3966856114751073,0,36,0,disabled,0,0.0,50.0,alpha
656,1.9578496217727661,-1.5839567184448242,-23.931617736816406,-0.2808845043182373,1.1241554021835327,0.003724813461303711,126,1,47,0.037356700748205185,0.4629629629629629,0.3,120,174,wall,both,1,1,1,1,1,1,0.0,2,2,0,alpha,full,huber,-3.7779588070028804,-7.477944514959772,-1.2988653471479363,-3.5165849906025106,-6.989977398835921,-1.30327330495832,-3.4398316105928397,-6.988785561434252,-1.2877077487707078,68.31837748521166,0.037356700748205185,102,2.6629843711853027,1.0,1.0,disabled,single,3,row_8,row_7,-0.2808845043182373,-0.4286194443702698,0.517682198843333,0.44658359167130113,0.8198963257192314,0.14773494005203247,0.3775092364286753,1,37,0,disabled,0,0.0,50.0,alpha
660,0.7284289598464966,-0.2192598283290863,-38.09394454956055,-0.03814267739653587,0.19027958810329437,0.08587038516998291,125,0,26,0.016261916607618332,0.4983388704318937,0.3,120,151,wall,both,1,1,1,1,1,1,0.0,1,1,0,alpha,full,huber,-2.6125702340957977,-7.182142373847784,-0.9865430417787016,-3.055566665719687,-7.454431903531583,-1.2147549103148811,-3.152608165084883,-7.548492736316703,-1.2533581385793222,96.45358790411345,0.016261916607618332,133,1.340008020401001,1.0,1.0,disabled,single,3,row_7,row_8,-0.03814267739653587,-1.2254353761672974,0.665433656622564,0.20298787426485074,0.86158941656889,1.1872926987707615,0.3691736582425845,1,38,0,disabled,0,0.0,50.0,alpha
664,3.038219451904297,-3.813767194747925,0.0,-0.12645947933197021,0.6238664388656616,0.09895598888397217,0,0,0,0.011361828073859215,0.5,0.3,0,0,wall,both,1,1,1,1,1,1,0.0,0,0,0,alpha,full,huber,-1.7587600736676603,-7.349645869443151,-0.955358003521364,-2.645625723857945,-7.890913249489026,-1.1455611139938289,-2.7876290098876155,-8.059037609014101,-1.2021676138771364,178.92578316781197,0.01136182900518179,224,4.249547004699707,0.7059575989351821,1.0,disabled,single,3,row_7,row_6,-0.12645947933197021,-0.9161218404769897,0.6337247313628853,0.287709796579426,0.8473539443973123,0.7896623611450195,0.32968111715641696,0,38,0,disabled,0,0.0,50.0,alpha
668,0.9776051044464111,-0.3949221968650818,0.0,-0.007869592867791653,0.06015061214566231,0.04160606861114502,0,0,0,0.009353475645184517,0.5,0.3,0,0,wall,both,1,1,1,1,1,1,0.0,0,0,0,alpha,full,huber,-4.487833063420857,-9.209383792619134,-1.5940703123538014,-2.6574920562772855,-8.715360857478453,-1.2911726979972056,-2.564642633261193,-8.796009618893518,-1.2470999149845894,202.66511539585795,0.009353475645184517,250,1.8766926527023315,1.0,1.0,disabled,single,3,row_8,row_7,-0.007869592867791653,-1.3095871210098267,0.6624545684558681,0.18023011506725342,0.872584198799441,1.301717528142035,0.40393370652107446,1,39,0,disabled,0,0.0,50.0,alpha
672,1.661339521408081,-1.1405161619186401,0.0,-0.1698179841041565,0.8593508005142212,0.03740406036376953,0,0,0,0.01256269495934248,0.5,0.3,0,0,wall,both,1,1,1,1,1,1,0.0,0,0,0,alpha,full,huber,-1.6523711296281647,-9.694618192146118,-1.0371297386283542,-1.7838828945171505,-10.239710844858042,-1.3087036146108537,-1.8584150495416463,-10.459293090268972,-1.3328329948028532,180.14607129084592,0.012562696821987629,250,2.4956289529800415,1.0,1.0,disabled,single,3,row_7,row_8,-0.1698179841041565,-1.8462600708007812,0.804589658129446,0.15048904928346124,0.5993258673554217,1.6764420866966248,0.04760488887586309,1,40,0,disabled,0,0.0,50.0,alpha
676,0.3961350917816162,-0.06484422087669373,0.0,-1.604892373085022,2.5567760467529297,0.1931052803993225,0,0,0,0.007766117807477713,0.5,0.3,0,0,wall,both,1,1,1,1,1,1,0.0,0,0,0,alpha,full,huber,-0.8966629922723401,-11.214760416357278,-0.6795801667065176,-1.1521524608912965,-11.325561763739191,-0.3921634644248753,-1.3580364911020117,-11.49948459643116,-0.42208825800210015,191.42851769068693,0.007766117807477713,250,1.0744306445121765,1.0,1.0,disabled,single,3,row_7,row_8,-1.604892373085022,-3.8170974254608154,0.8870296015398748,0.09709339031034948,0.39854071730325746,2.2122050523757935,-1.4850154485048488,0,40,1,disabled,0,0.0,50.0,alpha
680,1.2795898914337158,-0.6765910387039185,-47.6475830078125,-3.3784260749816895,3.2147085666656494,0.5148459672927856,15,0,78,0.019095271825790405,0.6172839506172839,0.3,93,93,wall,both,1,1,1,1,1,1,0.0,2,2,0,alpha,full,huber,-0.9000939408861177,-11.935532129894062,-0.2472432163917344,-0.8461081810245001,-11.720597123839376,0.25410150284006827,-0.7867634789694178,-11.751639635876057,0.3130941123385744,142.38076977231722,0.019095271825790405,250,1.7011216878890991,1.0,1.0,disabled,single,3,row_7,row_8,-3.3784260749816895,-5.433775424957275,0.8817376343944515,0.11290482363706948,0.38526121192767704,2.055349349975586,-3.2525653410813997,0,40,1,disabled,0,0.0,50.0,alpha
684,2.598500967025757,-2.790168285369873,-48.790077209472656,-4.391829967498779,3.4162967205047607,0.6637564897537231,2,0,49,0.019113127142190933,0.7462686567164178,0.3,51,51,wall,both,1,1,1,1,1,1,0.0,3,3,0,alpha,full,huber,-1.4664025145412551,-12.300675765788204,-0.0836293533077388,-0.6764549110146568,-11.82129787013635,0.4887598029537439,-0.48981418303296376,-11.708189431592182,0.6152793000616041,154.23768913266815,0.019113127142190933,250,3.531138777732849,0.8495842811157186,1.0,disabled,single,3,row_7,row_8,-4.391829967498779,-5.751296520233154,0.7927699072301831,0.2035815113746351,0.5286182362036713,1.359466552734375,-4.159607713231518,0,40,1,disabled,0,0.0,50.0,alpha
688,4.095123291015625,-6.434190273284912,-46.55927658081055,-1.4731069803237915,2.5743026733398438,0.010296404361724854,7,0,75,0.030708402395248413,0.646551724137931,0.3,67,82,wall,both,1,1,1,1,1,1,0.0,5,5,0,alpha,full,huber,-1.2246825997530608,-11.372167656587651,1.6864667643877684,-0.23299601663361785,-11.33509273905348,1.2106835133508127,0.053583246293392756,-11.22832474484462,1.244558810404289,104.33343036313566,0.030708402395248413,250,5.565298557281494,0.5390546381514207,1.0,disabled,single,3,row_7,row_8,-1.4731069803237915,-3.3044381141662598,0.8528816968929295,0.13663179957251564,0.4554777193759698,1.8313311338424683,-1.3139725485852736,0,40,1,disabled,0,0.0,50.0,alpha
692,2.547807455062866,-2.6823649406433105,-37.49974822998047,-1.4624828100204468,2.5650458335876465,0.009656012058258057,37,0,83,0.012813852168619633,0.5555555555555556,0.3,120,120,wall,both,1,1,1,1,1,1,0.0,1,1,0,alpha,full,huber,-0.1527277085511074,-10.656062907166627,1.6910123916276305,-0.09743421115844901,-10.421958769670756,1.8831443350476733,0.16177095418125317,-10.28218541435082,1.8915107024054736,170.26129214112285,0.012813852168619633,250,3.001335859298706,0.9995549117588532,1.0,disabled,single,3,row_7,row_6,-1.4624828100204468,-4.079668998718262,0.8776965925886677,0.06407887706728066,0.4561234778031184,2.617186188697815,-1.3320284984238415,0,40,1,disabled,0,0.0,50.0,alpha
696,0.8444018959999084,-0.2946341037750244,-36.8346061706543,-0.797378420829773,1.8929119110107422,0.01664268970489502,50,0,82,0.009225786663591862,0.5319148936170213,0.3,120,132,wall,both,1,1,1,1,1,1,0.0,4,4,0,alpha,full,huber,-0.5036933726886115,-10.020017236758381,2.0127889495895026,-0.3285658901752994,-9.783961720412922,2.099894679009787,-0.20547108656318472,-9.665583866037494,2.1375374260892954,186.62673215936567,0.009225786663591862,250,1.332987666130066,1.0,1.0,disabled,single,3,row_7,row_6,-0.797378420829773,-3.0111262798309326,0.8576320353145894,0.0937308413683605,0.5006548194639588,2.2137478590011597,-0.6437982860777357,0,40,0,disabled,0,0.0,50.0,alpha
700,2.4106197357177734,-2.401275873184204,-37.326438903808594,-0.1511838734149933,0.665769100189209,0.11361175775527954,52,3,77,0.05531121790409088,0.5319148936170213,0.3,120,132,wall,both,1,1,1,1,1,1,0.0,6,6,0,alpha,full,huber,-2.5287493022185195,-9.403372942259443,2.3114045644925225,-1.6209017501510123,-9.275105040573699,2.2481537900878528,-1.1088128661226468,-9.162939528014629,2.146205003985898,54.570742090037115,0.05531121790409088,250,4.360799789428711,0.6879471988767952,1.0,disabled,single,3,row_7,row_8,-0.1511838734149933,-0.923119306564331,0.6683858349894536,0.30887299436469856,0.7182005007968001,0.7719354331493378,0.2517058014860067,0,40,0,disabled,0,0.0,50.0,alpha
704,1.6078424453735352,-1.068246841430664,-31.20721435546875,-0.22949466109275818,1.0161606073379517,0.0027959346771240234,100,34,49,0.02686581201851368,0.4504504504504505,0.3,120,183,wall,both,1,1,1,1,1,1,0.0,7,7,0,alpha,full,huber,-1.2565466530248441,-7.969665956713882,1.8124048314418193,-2.1021737795042084,-8.473298139919036,2.081835370796857,-1.8331585575915221,-8.46712265029348,2.05262622177991,129.50417260459523,0.02686581201851368,213,1.9207229614257812,1.0,1.0,disabled,single,3,row_7,row_6,-0.22949466109275818,-0.901958167552948,0.6278835141479627,0.3205028458657516,0.809887308832571,0.6724635064601898,0.23590595565156325,0,40,0,disabled,0,0.0,50.0,alpha
708,1.0383692979812622,-0.4455416798591614,-30.650007247924805,-0.30584588646888733,1.1722952127456665,0.01051419973373413,116,19,34,0.009976382367312908,0.47021943573667707,0.3,120,169,wall,both,1,1,1,1,1,1,0.0,9,9,0,alpha,full,huber,-3.4558809607971352,-8.088014455641925,1.8827482223174439,-2.5759862999491165,-8.01676937407959,2.0274829069118088,-2.3252705570661845,-8.0111386995249,2.0355791303455524,204.69750228291463,0.009976383298635483,250,1.7609699368476868,1.0,1.0,disabled,single,3,row_7,row_8,-0.30584588646888733,-0.3922419250011444,0.5078542477854017,0.4658196090183664,0.7957214513505284,0.08639603853225708,0.3717148999106735,0,40,0,disabled,0,0.0,50.0,alpha
712,3.2368552684783936,-4.306252479553223,-27.74375343322754,-0.3446057438850403,1.2452811002731323,0.0002168416976928711,105,24,46,0.019458938390016556,0.46153846153846145,0.3,120,175,wall,both,1,1,1,1,1,1,0.0,4,4,0,alpha,full,huber,-1.191849232120342,-6.973996694542835,1.7584347727763845,-2.0466428817138604,-7.526344513281524,1.885548436955578,-2.258451909250759,-7.624161775474689,1.9587443009631489,140.56903791209757,0.019458936527371407,250,5.19277548789978,0.5777257281757334,1.0,disabled,single,3,row_7,row_6,-0.3446057438850403,-0.3813668191432953,0.49335089473187915,0.47554408928279135,0.8099857638183356,0.036761075258255005,0.3619288602111347,0,40,0,disabled,0,0.0,50.0,alpha
716,0.8712602257728577,-0.3136753737926483,-29.08016586303711,-0.20812749862670898,0.967494547367096,0.00536191463470459,106,23,36,0.011517466977238655,0.47619047619047616,0.3,120,165,wall,both,1,1,1,1,1,1,0.0,8,8,0,alpha,full,huber,-1.550950788823114,-6.547513759756618,1.672246545482773,-1.6765832099891047,-6.932079595944716,1.787315686171431,-2.041122090043168,-7.0980079822828,1.8713174094708913,165.22646169844887,0.01151746790856123,250,1.6083869338035583,1.0,1.0,disabled,single,3,row_7,row_6,-0.20812749862670898,-0.5206573009490967,0.5509622418020083,0.4030805741456036,0.8362193186065373,0.3125298023223877,0.38796150022569453,0,40,0,disabled,0,0.0,50.0,alpha
720,0.9504197239875793,-0.37326350808143616,-33.600799560546875,-0.3190779983997345,1.1981923580169678,0.003183722496032715,90,28,40,0.028846152126789093,0.48701298701298706,0.3,120,158,wall,both,1,1,1,1,1,1,0.0,5,5,0,alpha,full,huber,-3.679309690827973,-6.949818265172916,1.8556662530507513,-2.396348794545535,-6.5264861639500396,1.8501222132753041,-2.314570988925097,-6.50300766219421,1.8690168532686657,127.70641583949349,0.028846152126789093,250,3.10887610912323,0.9649789488864722,1.0,disabled,single,3,row_7,row_8,-0.3190779983997345,-0.385053813457489,0.4994513610567276,0.46756314214850836,0.8147291027268537,0.06597581505775452,0.3751670624968796,0,40,0,disabled,0,0.0,50.0,alpha
724,4.109460353851318,-6.469736099243164,-25.766061782836914,-0.3228524625301361,1.2053078413009644,0.0019392967224121094,119,0,33,0.014563681557774544,0.49668874172185423,0.3,120,152,wall,both,1,1,1,1,1,1,0.0,6,6,0,alpha,full,huber,-1.5271436118416326,-5.494052024894366,1.8381371695654831,-2.109362875279116,-5.327954249844938,1.7717780046344127,-2.3836063361716917,-5.357099875011766,1.8403569984992956,175.29868013441694,0.014563681557774544,250,4.8280885219573975,0.6213639179059095,1.0,disabled,single,3,row_7,row_6,-0.3228524625301361,-0.39164718985557556,0.49914719989461814,0.4659630386107161,0.8197414915100915,0.06879472732543945,0.3720017744326356,0,40,0,disabled,0,0.0,50.0,alpha
728,1.0769504308700562,-0.47926539182662964,-19.813547134399414,-0.2878887951374054,1.1381912231445312,0.0010491609573364258,107,2,21,0.00869666412472725,0.5357142857142857,0.3,120,130,wall,both,1,1,1,1,1,1,0.0,6,6,0,alpha,full,huber,-4.234864628680594,-4.655993743376738,1.7906124043181118,-2.6860197311277916,-3.9081272225356174,1.867790066797334,-2.7497333868336096,-3.8547204811333193,1.8716723190078426,202.2930339240037,0.008696665056049824,250,1.4282082319259644,1.0,1.0,disabled,single,3,row_8,row_7,-0.2878887951374054,-0.3834282457828522,0.5060227594471348,0.4599152331654604,0.8170265682154086,0.09553945064544678,0.39328483642426226,1,41,0,disabled,0,0.0,50.0,alpha
732,0.9626047015190125,-0.3828957974910736,-27.68045997619629,-0.2094898670911789,0.9709293246269226,0.00018650293350219727,97,25,26,0.008349539712071419,0.5033557046979865,0.3,120,148,wall,both,1,1,1,1,1,1,0.0,5,5,0,alpha,full,huber,-4.902165543369319,-1.883226770100825,1.761858637967987,-3.6533381299880734,-1.7713223464926102,1.895785914563313,-3.558162467014803,-1.6637112869913366,1.8592498026928652,201.3435912898152,0.008349539712071419,250,1.2248061299324036,1.0,1.0,disabled,single,3,row_8,row_7,-0.2094898670911789,-0.47448500990867615,0.5419571674060315,0.41579478305220846,0.8305532447570643,0.26499514281749725,0.4030784405002452,0,41,0,disabled,0,0.0,50.0,alpha
736,1.0230661630630493,-0.43250593543052673,-19.53104591369629,-0.3063063323497772,1.1740436553955078,5.960464477539063e-08,112,7,25,0.013830195181071758,0.5102040816326531,0.3,113,144,wall,both,1,1,1,1,1,1,0.0,7,7,0,alpha,full,huber,-2.5418618576591787,0.024691838628384755,1.7286463754459822,-3.342519175316442,-0.42823169788476545,1.7953745741351141,-3.6158518694451134,-0.48818688119442927,1.8207284948540519,183.52553673939823,0.013830195181071758,250,2.3688915967941284,1.0,1.0,disabled,single,3,row_7,row_6,-0.3063063323497772,-0.388576477766037,0.5016541220793155,0.4620350421264853,0.8232008861178184,0.08227014541625977,0.3835380642521067,1,42,0,disabled,0,0.0,50.0,alpha
740,3.7653889656066895,-5.6166672706604,-18.904024124145508,-0.29522398114204407,1.1526057720184326,0.0006561279296875,97,0,27,0.01373275276273489,0.5474452554744526,0.3,120,124,wall,both,1,1,1,1,1,1,0.0,5,5,0,alpha,full,huber,-2.7510255351623973,1.006871934720609,1.7369298728825244,-2.9040939911183554,0.4174906428236844,1.6716029838399171,-3.3443824346669,0.29531985665336025,1.7416974381722472,179.4613368026992,0.01373275276273489,250,4.673689126968384,0.6418912166599253,1.0,disabled,single,3,row_7,row_6,-0.29522398114204407,-0.4107896089553833,0.5095670485601163,0.453953973512086,0.8228440058141946,0.11556562781333923,0.3789698570540242,0,42,0,disabled,0,0.0,50.0,alpha
744,1.6370601654052734,-1.107424020767212,-26.679216384887695,-0.2998965084552765,1.1616877317428589,0.0009281635284423828,93,16,34,0.009553440846502781,0.5119453924914675,0.3,120,143,wall,both,1,1,1,1,1,1,0.0,5,5,0,alpha,full,huber,-2.6442662870898412,1.554880171846443,1.6976966600078818,-2.602080154623722,1.3095389440124239,1.563109801766023,-3.039742776616234,1.1878141368301431,1.6354469576216761,190.76193204663957,0.009553440846502781,250,2.12137234210968,1.0,1.0,disabled,single,3,row_6,row_7,-0.2998965084552765,-0.41549551486968994,0.5106022491392467,0.45486101160145276,0.817772879943868,0.11559900641441345,0.3722678608344535,1,43,0,disabled,0,0.0,50.0,alpha
748,4.311502456665039,-6.970667362213135,-21.756437301635742,-0.29998579621315,1.1618658304214478,0.0004604458808898926,97,4,25,0.019332343712449074,0.5434782608695653,0.3,120,126,wall,both,1,1,1,1,1,1,0.0,3,3,0,alpha,full,huber,-2.8096597628719557,1.3387320423998705,1.7428097122748687,-2.6656756459536215,1.8735858766659592,1.603231400290451,-2.8781899753100455,1.9242809064126138,1.6301300025628027,166.2818523150987,0.019332345575094223,250,5.129259824752808,0.5848797102308183,1.0,disabled,single,3,row_7,row_6,-0.29998579621315,-0.4117860794067383,0.5090570746624897,0.4552104584430945,0.8210111095450868,0.11180028319358826,0.37520934153710817,1,44,0,disabled,0,0.0,50.0,alpha
752,1.5642143487930298,-1.0110605955123901,-22.25986671447754,-0.2665393054485321,1.095169186592102,0.0013057589530944824,97,3,28,0.009062286466360092,0.539568345323741,0.3,120,128,wall,both,1,1,1,1,1,1,0.0,4,4,0,alpha,full,huber,-2.9035780812940795,3.417523894631446,1.8224325938443489,-2.5296892169479626,2.9090947930436437,1.620022647525441,-2.7318627750089313,2.8867481167567766,1.6670629466190618,191.20215085417192,0.009062286466360092,250,1.9098511338233948,1.0,1.0,disabled,single,3,row_6,row_7,-0.2665393054485321,-0.4378511309623718,0.5216827337783896,0.4395483787650148,0.82677295795684,0.17131182551383972,0.3841563601265705,1,45,0,disabled,0,0.0,50.0,alpha
756,0.3912324607372284,-0.06324910372495651,-33.08315658569336,-0.1165873259305954,0.37454819679260254,0.14465850591659546,113,4,43,0.00840065535157919,0.48387096774193555,0.3,120,160,wall,both,1,1,1,1,1,1,0.0,3,3,0,alpha,full,huber,-2.4095649611461654,4.615356107873331,1.2020049093597134,-2.706734296146542,4.27596870954177,1.615564724212977,-2.783363162179624,4.244792977644939,1.6521928032018778,206.31452920832018,0.00840065535157919,250,1.068847417831421,1.0,1.0,disabled,single,3,row_6,row_7,-0.1165873259305954,-1.071427583694458,0.6471158547802424,0.24905782172808172,0.8630223801996851,0.9548402577638626,0.3186426100054527,0,45,0,disabled,0,0.0,50.0,alpha
760,0.9250320196151733,-0.3535885214805603,-29.124950408935547,-0.29039332270622253,1.143068552017212,0.0029901862144470215,98,5,54,0.01156712882220745,0.4885993485342019,0.3,120,157,wall,both,1,1,1,1,1,1,0.0,2,2,0,alpha,full,huber,-3.383876118046542,5.706173788752488,1.8239438169448334,-3.2105666069863017,5.465454642045433,1.7164540884137067,-3.0444092443482695,5.436715746917931,1.6904565497552557,176.93656307621384,0.01156712882220745,250,1.503683090209961,1.0,1.0,disabled,single,3,row_6,row_7,-0.29039332270622253,-0.3991178274154663,0.5142612190545838,0.4612807408343289,0.789670076575498,0.10872450470924377,0.3746306116374397,0,45,0,disabled,0,0.0,50.0,alpha
764,1.7173970937728882,-1.2187821865081787,-32.98191833496094,-0.19982373714447021,0.9402564764022827,0.02869582176208496,107,9,37,0.008505347184836864,0.49504950495049505,0.3,112,153,wall,both,1,1,1,1,1,1,0.0,2,2,0,alpha,full,huber,-3.84094588740785,5.959230195695102,1.5267916350754938,-3.5224119008143546,6.007664560146349,1.787995250378747,-3.3139179042522366,5.975921799912626,1.7277101494074074,200.29080323707402,0.008505347184836864,250,2.165013909339905,1.0,1.0,disabled,single,3,row_7,row_6,-0.19982373714447021,-0.5354502201080322,0.5555457357387446,0.3971541352310629,0.8376207175578263,0.335626482963562,0.3879806035841251,1,46,0,disabled,0,0.0,50.0,alpha
768,1.3898963928222656,-0.7982693910598755,0.0,-0.03527284786105156,0.21895663440227509,0.0776638388633728,0,0,0,0.01569618284702301,0.5,0.3,0,0,wall,both,1,1,1,1,1,1,0.0,0,0,0,alpha,full,huber,-4.92121644328647,5.446129305435352,2.1470543669586153,-3.8542868906035697,6.303044794729815,1.9045356077231665,-3.6195836287546763,6.363743632959604,1.8164980408945421,185.03747538556237,0.01569618284702301,250,2.9383450746536255,1.0,1.0,disabled,single,3,row_7,row_8,-0.0315605103969574,-1.2158608436584473,0.6646602854227734,0.20335957710053046,0.8626803728341006,1.1843003332614899,0.37691870744543576,0,46,0,disabled,0,0.0,50.0,alpha
772,0.9055669903755188,-0.3388642966747284,-26.49220085144043,-0.28910768032073975,1.1134496927261353,0.05773019790649414,94,0,34,0.019042596220970154,0.539568345323741,0.3,107,128,wall,both,1,1,1,1,1,1,0.0,1,1,0,alpha,full,huber,-3.4450856802412795,6.22012339448729,1.4051407908611946,-3.8063335421350635,6.431347333313181,1.8508539330933291,-3.748403719723372,6.538891589776256,1.8329446436971795,157.49320033314117,0.019042596220970154,250,1.6120331287384033,1.0,1.0,disabled,single,3,row_6,row_7,-0.28910768032073975,-0.4399188458919525,0.5247046810857963,0.45125131624692427,0.7870998817699217,0.15081116557121277,0.3558120065566569,1,47,0,disabled,0,0.0,50.0,alpha
776,1.37005615234375,-0.7756420969963074,-31.641498565673828,-0.14749397337436676,0.5046528577804565,0.14923274517059326,101,0,42,0.01156086940318346,0.5119453924914675,0.3,120,143,wall,both,1,1,1,1,1,1,0.0,1,1,0,alpha,full,huber,-2.905309047671688,6.662336366286353,1.1932386842271043,-3.573284371080401,6.815419004830861,1.636378105149466,-3.707091502867237,6.849512573902092,1.7367991754187404,179.98992916860405,0.011560870334506035,250,2.3380311727523804,1.0,1.0,disabled,single,3,row_6,row_7,-0.14749397337436676,-0.9890486001968384,0.6764880256811183,0.2915933282974125,0.733702994456886,0.8415546268224716,0.24334655855104148,0,47,0,disabled,0,0.0,50.0,alpha
780,2.7683825492858887,-3.1669182777404785,0.0,-0.0268489308655262,0.08720753341913223,0.07851070165634155,0,0,0,0.021524308249354362,0.5,0.3,0,0,wall,both,1,1,1,1,1,1,0.0,0,0,0,alpha,full,huber,-4.677245721491687,5.791005702115793,2.16583260634659,-3.7320106173388403,6.898953435602758,1.7159780718882467,-3.749170414577489,7.051017804455995,1.7259851270961528,177.52357345778037,0.021524308249354362,250,4.184846878051758,0.7168721072529757,1.0,disabled,single,3,row_7,row_6,-0.0268489308655262,-1.3123915195465088,0.6695096498102721,0.18511976422376822,0.8612076253078296,1.2855425886809826,0.3743607696310457,1,48,0,disabled,0,0.0,50.0,alpha
784,0.07829339802265167,-0.002532998565584421,0.0,-0.01615791767835617,0.24457475543022156,0.02649521827697754,0,0,0,0.007275672629475594,0.5,0.3,0,0,wall,both,1,1,1,1,1,1,0.0,0,0,0,alpha,full,huber,-4.772483722651079,7.133510068255205,1.952389874101753,-4.181438518055128,7.670918025800081,1.7686276783906136,-4.040801660433421,7.843542289912821,1.7278352343653278,208.92112137814425,0.007275672629475594,250,1.327563762664795,1.0,1.0,disabled,single,3,row_7,row_6,-0.01615791767835617,-1.1374887228012085,0.6565146678742209,0.21392259220237905,0.8709400319069575,1.1213308051228523,0.40465232527553086,0,48,0,disabled,0,0.0,50.0,alpha
788,0.6382108330726624,-0.1683111935853958,0.0,-0.08835244178771973,0.5395147800445557,0.07615029811859131,0,0,0,0.009892858564853668,0.5,0.3,0,0,wall,both,1,1,1,1,1,1,0.0,0,0,0,alpha,full,huber,-2.939459566697704,8.53264157878436,1.3538146265592763,-4.0434042874370935,8.998035990333472,1.608250424862268,-4.153405481977049,9.123710792658635,1.638719020572732,200.72366250827585,0.009892858564853668,250,1.8027653694152832,1.0,1.0,disabled,single,3,row_6,row_7,-0.08835244178771973,-1.2243396043777466,0.7532628364067027,0.24187644952594467,0.5826232948326056,1.1359871625900269,0.1949886179661786,1,49,0,disabled,0,0.0,50.0,alpha
792,1.4280192852020264,-0.8426608443260193,0.0,-2.8397531509399414,1.0659160614013672,0.7961664199829102,0,0,0,0.010938836261630058,0.5,0.3,0,0,wall,both,1,1,1,1,1,1,0.0,0,0,0,alpha,full,huber,-2.0952212476296608,8.994125459319305,-0.029476808413972044,-3.6958591275577337,9.91764022690255,0.642174002774018,-3.958953542864823,10.02519674848061,0.7009606807680209,203.79113746850138,0.010938837192952633,250,2.946213126182556,1.0,1.0,disabled,single,3,row_6,row_7,-2.8397531509399414,-5.1497650146484375,0.8929670869167727,0.08863597909127387,0.3893793443716951,2.310011863708496,-2.726547595398943,0,49,0,disabled,0,0.0,50.0,alpha
796,0.27011972665786743,-0.03015068918466568,-49.59781265258789,-3.87317156791687,2.561119556427002,0.7692904472351074,1,0,82,0.01332822721451521,0.6437768240343348,0.3,83,83,wall,both,1,1,1,1,1,1,0.0,1,1,0,alpha,full,huber,-2.4095812774249454,10.631061895690214,-0.05701146639484467,-2.8952157206684666,10.185029529623213,0.1238585948164351,-3.266303678551897,10.24080132183593,0.18680754428190305,136.2386796469014,0.01332822721451521,250,1.1622040271759033,1.0,1.0,disabled,single,3,row_6,row_7,-3.87317156791687,-6.138772010803223,0.8893582245406507,0.0922866656618332,0.39756857720298006,2.2656004428863525,-3.755916395524389,0,49,1,disabled,0,0.0,50.0,alpha
800,0.4457519054412842,-0.08210527896881104,-48.774356842041016,-2.954709529876709,2.9825856685638428,0.48946505784988403,6,0,65,0.015320459380745888,0.6787330316742082,0.3,66,71,wall,both,1,1,1,1,1,1,0.0,3,3,0,alpha,full,huber,-4.1468326329553715,10.657469547947343,-0.36001133877357994,-2.7577168761875392,10.199922577144259,-0.42389299073313513,-2.762068986322342,10.267603683540981,-0.432634296635209,145.85759578353117,0.015320459380745888,250,2.098486542701721,1.0,1.0,disabled,single,3,row_6,row_7,-2.954709529876709,-3.2623939514160156,0.5625623399858006,0.4135661729755401,0.7779307288828127,0.30768442153930664,-2.379456205473752,0,49,1,disabled,0,0.0,50.0,alpha
804,2.8011083602905273,-3.242234706878662,-44.001686096191406,-0.6958659887313843,1.7409327030181885,0.07398927211761475,20,3,67,0.02853984944522381,0.625,0.3,75,90,wall,both,1,1,1,1,1,1,0.0,9,9,0,alpha,full,huber,-3.5426676555559844,9.572239731066237,-1.0079089331906732,-2.6558685382679403,9.821174247917067,-1.0973331820999048,-2.478758749932745,9.938074928434853,-1.0762503776988352,121.46719038157495,0.02853984944522381,250,3.9447699785232544,0.7605006163434315,1.0,disabled,single,3,row_6,row_7,-0.6958659887313843,-1.37885582447052,0.6572327572863075,0.3319712580040604,0.6908092776980802,0.6829898357391357,-0.27614893838034904,0,49,0,disabled,0,0.0,50.0,alpha
808,2.442333221435547,-2.4648725986480713,-45.67763137817383,-1.5922282934188843,2.536693811416626,0.1993890404701233,12,0,105,0.014502380974590778,0.5617977528089888,0.3,109,117,wall,both,1,1,1,1,1,1,0.0,10,10,0,alpha,full,huber,-3.552209262774106,10.449567686335191,-0.7525187403363764,-2.670691573553958,9.630453577793844,-1.2671622794109334,-2.483505629653556,9.61510163460608,-1.2902790808336972,196.3201533883438,0.014502381905913353,250,3.8265527486801147,0.7839954645953291,1.0,disabled,single,3,row_6,row_7,-1.5922282934188843,-2.4476332664489746,0.6957469266820656,0.2957696701686429,0.6531574338970587,0.8554049730300903,-1.2294589975596395,0,49,1,disabled,0,0.0,50.0,alpha
812,1.9511680603027344,-1.5731639862060547,-42.231754302978516,-0.5399829745292664,1.558714747428894,0.004250764846801758,45,7,94,0.026966284960508347,0.5067567567567568,0.3,103,146,wall,both,1,1,1,1,1,1,0.0,13,13,0,alpha,full,huber,-1.7929359471709858,9.386159727111075,-1.3027642436059415,-2.143718769271915,8.89500269244276,-1.4750156887676,-2.201817196436934,8.867029234469264,-1.5800576930917747,114.48332660268261,0.026966284960508347,250,2.9742339849472046,1.0,1.0,disabled,single,3,row_6,row_7,-0.5399829745292664,-3.091697931289673,0.8919707403810938,0.0695272229512857,0.41273680888073316,2.5517149567604065,-0.4256610253257849,0,49,0,disabled,0,0.0,50.0,alpha
816,2.345463752746582,-2.2732231616973877,-37.622276306152344,-0.3450731337070465,1.2461252212524414,0.0002474784851074219,89,18,40,0.009432465769350529,0.5050505050505051,0.3,120,147,wall,both,1,1,1,1,1,1,0.0,14,14,0,alpha,full,huber,-1.125625868495882,6.653895106012193,-1.417247923835314,-1.7068128237322253,7.460594493433511,-1.4473085465502176,-1.96183386353819,7.351983647674814,-1.5398695718054254,197.36670029095228,0.009432465769350529,250,2.420570135116577,1.0,1.0,disabled,single,3,row_6,row_5,-0.3450731337070465,-1.147542953491211,0.6616290622349398,0.296555756647385,0.7664976020285729,0.8024698197841644,0.06797707533125713,0,49,0,disabled,0,0.0,50.0,alpha
820,2.7151296138763428,-3.0462515354156494,-33.905784606933594,-0.3051227927207947,1.171639323234558,0.004133820533752441,94,3,42,0.019041595980525017,0.5190311418685121,0.3,116,139,wall,both,1,1,1,1,1,1,0.0,12,12,0,alpha,full,huber,-1.1915419101489768,6.599084480176184,-1.3040430476758988,-1.5773756986605094,6.8061511917913355,-1.4244633931801634,-1.76260093724331,6.8526740997490325,-1.4797769170690331,165.3623793251835,0.019041595980525017,250,3.424911141395569,0.8759351341236761,1.0,disabled,single,3,row_6,row_5,-0.3051227927207947,-1.1556403636932373,0.6684809302313887,0.2855708898447886,0.7686564277617615,0.8505175709724426,0.09762461633207542,0,49,0,disabled,0,0.0,50.0,alpha
824,4.063180446624756,-6.354992389678955,-27.708799362182617,-0.5463627576828003,1.2279078960418701,0.2275298833847046,90,21,23,0.014168222434818745,0.528169014084507,0.3,101,134,wall,both,1,1,1,1,1,1,0.0,12,12,0,alpha,full,huber,-0.18551651437692107,6.068041887000726,-0.7002276989242953,-0.9758525622709725,5.736278530187031,-1.3218096450836136,-1.3101727413714759,5.647462231590561,-1.4168969291346885,182.3104820599015,0.014168222434818745,250,5.256807088851929,0.5706886232066757,1.0,disabled,single,3,row_5,row_6,-0.5463627576828003,-1.1708554029464722,0.5744296630065046,0.30762607796607877,0.9332131289630476,0.6244926452636719,0.008014863174294451,1,50,0,disabled,0,0.0,50.0,alpha
828,2.448821544647217,-2.4779863357543945,-36.417442321777344,-0.3133299648761749,0.9488447308540344,0.16658079624176025,76,16,58,0.008956019766628742,0.5,0.3,110,150,wall,both,1,1,1,1,1,1,0.0,11,11,0,alpha,full,huber,0.2283907452012099,5.940982245500538,-0.8027722529161245,-0.6493937042395987,5.526275536032225,-1.1814650962881212,-0.9450208121007844,5.3627775138942635,-1.3034085520535557,202.30064716285077,0.008956019766628742,250,3.3282909393310547,0.9013635089854743,1.0,disabled,single,3,row_5,row_6,-0.3133299648761749,-1.4572707414627075,0.6221028438702718,0.19817780768491508,0.9245126572779907,1.1439407765865326,0.16131989119168855,0,50,0,disabled,0,0.0,50.0,alpha
832,5.552392482757568,-10.047253608703613,-35.52711486816406,-0.4166511297225952,1.053901195526123,0.20397955179214478,82,15,47,0.011756189167499542,0.5102040816326531,0.3,110,144,wall,both,1,1,1,1,1,1,0.0,12,12,0,alpha,full,huber,-0.0868115870986097,5.924361674508861,-0.7381977558560258,-0.49384119632285506,4.900557813104157,-1.2147511266587288,-0.6079580540813826,4.724754635462436,-1.2760919860060151,190.86365367986855,0.011756189167499542,250,6.3671581745147705,0.4711678142389834,1.0,disabled,single,3,row_5,row_6,-0.4166511297225952,-1.1956396102905273,0.6002392030739895,0.27543172259032683,0.9207284140508418,0.7789884805679321,0.09377590170189576,0,50,0,disabled,0,0.0,50.0,alpha
836,2.874338388442993,-3.413975477218628,-26.561981201171875,-0.2215932011604309,0.9985836744308472,1.9788742065429688e-05,95,9,23,0.04612427577376366,0.5415162454873647,0.3,98,127,wall,both,1,1,1,1,1,1,0.0,10,10,0,alpha,full,huber,-3.330343127608707,3.5003742254506642,-1.384629701544687,-0.9700984439475063,3.7803760518285614,-1.3704492694205603,-0.6463607332248181,3.7825581964832384,-1.288528600768591,116.03623416573001,0.04612427577376366,250,6.009437322616577,0.4992147914929523,1.0,disabled,single,3,row_7,row_6,-0.2215932011604309,-0.49792224168777466,0.544426091583483,0.4129816480793511,0.8306695243305412,0.27632904052734375,0.3864298809638398,1,51,0,disabled,0,0.0,50.0,alpha
840,0.1657084971666336,-0.011346820741891861,-31.17875862121582,-0.21336346864700317,0.9798649549484253,0.00012487173080444336,89,16,36,0.009802053682506084,0.5154639175257733,0.3,113,141,wall,both,1,1,1,1,1,1,0.0,13,13,0,alpha,full,huber,-0.9195604716339458,4.074060003062586,-1.3544669017132551,-0.6130572198145683,3.3842518317653854,-1.352002239891303,-0.5671657930973468,3.36774717141942,-1.3134473549314534,172.9656574753269,0.009802054613828659,250,1.0839314460754395,1.0,1.0,disabled,single,3,row_6,row_5,-0.21336346864700317,-0.5140936970710754,0.547915040835262,0.4056091501373041,0.8382785435993247,0.30073022842407227,0.3882715703784314,1,52,0,disabled,0,0.0,50.0,alpha
844,2.260671854019165,-2.1118335723876953,-36.54958724975586,-0.31645774841308594,1.1933327913284302,0.0009506344795227051,60,31,29,0.008610144257545471,0.5555555555555556,0.3,81,120,wall,both,1,1,1,1,1,1,0.0,12,12,0,alpha,full,huber,-0.5074610924532084,3.6464856714891,-1.431909931462393,-0.3457349740006709,2.990737184750909,-1.3021873787631812,-0.38244805774701646,2.8980621956900574,-1.2999808347751192,209.86093979055752,0.008610144257545471,250,3.039454698562622,0.987019152290284,1.0,disabled,single,3,row_5,row_6,-0.31645774841308594,-0.3747268617153168,0.49704809134968875,0.4689131975153199,0.8176558460920963,0.058269113302230835,0.38261074587463495,1,53,0,disabled,0,0.0,50.0,alpha
848,2.858224868774414,-3.3758058547973633,-34.39040756225586,-0.09564796090126038,0.6303712725639343,0.042417824268341064,104,16,16,0.013449324294924736,0.5244755244755245,0.3,113,136,wall,both,1,1,1,1,1,1,0.0,10,10,0,alpha,full,huber,-0.913541733431729,2.066183695047009,-1.111730890001227,-0.4426350101429234,2.427728854088183,-1.35910294138969,-0.3513865529368227,2.4426253965143045,-1.325895364062877,141.00414042663206,0.013449324294924736,196,3.7572991847991943,0.7984458656199167,1.0,disabled,single,3,row_6,row_5,-0.09564796090126038,-0.7887565493583679,0.6174205701509328,0.308722199084427,0.8530125211432257,0.6931085884571075,0.38655688918698583,1,54,0,disabled,0,0.0,50.0,alpha
852,1.4364473819732666,-0.8526368737220764,-28.378976821899414,-0.30020031332969666,1.1619915962219238,0.00607067346572876,83,28,17,0.013045529834926128,0.539568345323741,0.3,97,128,wall,both,1,1,1,1,1,1,0.0,11,11,0,alpha,full,huber,-0.5499490174220095,3.108855072966389,-1.2937925313387288,-0.4544107601405286,2.271868882067058,-1.3536528984544447,-0.3637178970539768,2.2004723311333176,-1.3373114350976285,186.7127218614028,0.013045529834926128,250,2.289876699447632,1.0,1.0,disabled,single,3,row_6,row_5,-0.30020031332969666,-0.3947594165802002,0.5053579810349004,0.45976153285608534,0.819210247605201,0.09455910325050354,0.38228791417267427,0,54,0,disabled,0,0.0,50.0,alpha
856,0.15986956655979156,-0.010561272501945496,-29.178955078125,-0.27742069959640503,1.1173151731491089,7.748603820800781e-07,100,15,21,0.011205914430320263,0.5244755244755245,0.3,119,136,wall,both,1,1,1,1,1,1,0.0,11,11,0,alpha,full,huber,-0.42814205542495676,2.116054102592196,-1.4028152684386668,-0.3470082475551358,2.0434099135848323,-1.3279765716757903,-0.3027548732905885,1.9007331287230005,-1.3282481361254106,181.68599874771093,0.011205914430320263,250,0.5721318125724792,1.0,1.0,disabled,single,3,row_6,row_5,-0.27742069959640503,-0.4292529821395874,0.5184049198773636,0.445378442329158,0.8210025622368502,0.15183228254318237,0.37957794388852795,0,54,0,disabled,0,0.0,50.0,alpha
860,0.4741838276386261,-0.09291334450244904,-26.517311096191406,-0.3336445093154907,1.2252739667892456,0.0023784637451171875,104,11,29,0.014199871569871902,0.5102040816326531,0.3,114,144,wall,both,1,1,1,1,1,1,0.0,12,12,0,alpha,full,huber,-0.2575556822005889,1.7597107915407737,-1.3318240445497374,-0.3529069272333786,1.642672159893511,-1.3676654066779355,-0.2654429045180893,1.51954760034438,-1.3456257845648498,180.13101442636957,0.014199871569871902,250,0.6652223765850067,1.0,1.0,disabled,single,3,row_6,row_5,-0.3336445093154907,-0.3668667674064636,0.49284881164815275,0.47674425727258024,0.8080908186604949,0.0332222580909729,0.3739083127417252,0,54,0,disabled,0,0.0,50.0,alpha
864,3.5616307258605957,-5.111481666564941,-34.70824432373047,-0.10976824909448624,0.6900724172592163,0.031093060970306396,114,7,30,0.011131759732961655,0.4983388704318937,0.3,119,151,wall,both,1,1,1,1,1,1,0.0,11,11,0,alpha,full,huber,-0.7743905109390461,1.6071077512582752,-1.6508300319678813,-0.4660562266150167,1.2619462708171638,-1.4638952429687118,-0.31519944919852516,1.1700569319426508,-1.4028481552055865,158.58025108824376,0.011131759732961655,191,4.1085076332092285,0.7301921446490405,1.0,disabled,single,3,row_6,row_5,-0.10976824909448624,-0.740939199924469,0.608140074650026,0.3235113798296059,0.8509362455418711,0.6311709508299828,0.38758178851870595,0,54,0,disabled,0,0.0,50.0,alpha
868,2.1102023124694824,-1.8400635719299316,-36.7724723815918,-0.1404917687177658,0.7887439727783203,0.023444950580596924,103,22,26,0.014380495063960552,0.4983388704318937,0.3,120,151,wall,both,1,1,1,1,1,1,0.0,13,13,0,alpha,full,huber,0.45368651836955753,0.6045886375125427,-1.176327308448297,-0.17064594263675353,0.8751527675591808,-1.3252612706266778,-0.2105083872757725,0.8314210576675907,-1.3572108558789122,166.65725045652587,0.014380493201315403,229,3.0264360904693604,0.9912649434254994,1.0,disabled,single,3,row_5,row_6,-0.1404917687177658,-0.6661871075630188,0.5898548335807092,0.3486892495077695,0.8501691489631775,0.525695338845253,0.3873870484170475,1,55,0,disabled,0,0.0,50.0,alpha
872,3.043945074081421,-3.827962875366211,-30.219497680664062,-0.303841769695282,1.1692346334457397,0.003115057945251465,87,16,9,0.017120761796832085,0.5725190839694657,0.3,89,112,wall,both,1,1,1,1,1,1,0.0,9,9,0,alpha,full,huber,0.22727216180173015,-1.284972436228417,-1.3127715535937692,0.33483148155649983,-0.7788437128528513,-1.3398447296934508,0.22818976212214204,-0.7391933423298047,-1.362391460930357,163.6468497176273,0.017120763659477234,240,3.7483538389205933,0.8003513352581209,1.0,disabled,single,3,row_6,row_5,-0.303841769695282,-0.4021948277950287,0.5072008450464176,0.459690763943204,0.8144169846448438,0.0983530580997467,0.37500644006424577,1,56,0,disabled,0,0.0,50.0,alpha
876,0.24893860518932343,-0.02560761570930481,-22.388418197631836,-0.174933061003685,0.8872418999671936,0.00017791986465454102,100,13,22,0.011743386276066303,0.5263157894736842,0.3,120,135,wall,both,1,1,1,1,1,1,0.0,3,3,0,alpha,full,huber,0.672684109788402,-1.174030175483902,-1.4121590004388251,0.7104015278859861,-1.3927050159841667,-1.3876443458180645,0.5440185225069053,-1.4192899188957617,-1.413232364195359,155.37211009578502,0.011743386276066303,229,0.7382545471191406,1.0,1.0,disabled,single,3,row_5,row_6,-0.174933061003685,-0.5884571075439453,0.5692189175771971,0.3764333681307226,0.8468097380163412,0.4135240465402603,0.38855711693696826,1,57,0,disabled,0,0.0,50.0,alpha
880,4.0019989013671875,-6.203303337097168,-37.728511810302734,-0.14768283069133759,0.8052663207054138,0.02962404489517212,104,11,21,0.01033572293817997,0.5244755244755245,0.3,120,136,wall,both,1,1,1,1,1,1,0.0,4,4,0,alpha,full,huber,-0.06739445972894198,-1.7005038681882199,-1.147708675145485,0.6532981099083865,-1.9140468676995277,-1.411555406211775,0.6445634466200851,-1.9555962230602777,-1.4211317009643087,174.74747330889372,0.010335722006857395,213,4.869365692138672,0.6160966724769384,1.0,disabled,single,3,row_6,row_5,-0.14768283069133759,-0.65245121717453,0.5876952849290515,0.3547595386964729,0.8443322626321735,0.5047683864831924,0.3838638576258492,1,58,0,disabled,0,0.0,50.0,alpha
884,1.0089340209960938,-0.42063963413238525,-25.26120948791504,-0.33904799818992615,1.2349859476089478,0.005350053310394287,115,8,18,0.010705175809562206,0.5154639175257733,0.3,120,141,wall,both,1,1,1,1,1,1,0.0,4,4,0,alpha,full,huber,0.73585681066194,-3.5450062007761414,-1.502802083856893,0.8595488321010304,-3.774724999825592,-1.4918612829703854,0.9020030696562534,-3.8595550801552223,-1.481488007858445,167.36946771301174,0.010705176740884781,213,1.5014333724975586,1.0,1.0,disabled,single,3,row_6,row_5,-0.33904799818992615,-0.34388336539268494,0.486253509570718,0.48390797063936575,0.8066422575228731,0.004835367202758789,0.3819771682594465,0,58,0,disabled,0,0.0,50.0,alpha
888,3.7179126739501953,-5.49895715713501,-41.520450592041016,-0.39889535307884216,0.8090566992759705,0.24918168783187866,124,7,18,0.017606066539883614,0.5016722408026756,0.3,120,149,wall,both,1,1,1,1,1,1,0.0,6,6,0,alpha,full,huber,2.8491989862210154,-3.700010141687917,-0.6717971102225615,1.2343740053507792,-4.52701831071675,-1.3954358556029285,1.1086578926696662,-4.645223359259617,-1.4290907390446337,153.12463264925432,0.017606066539883614,207,5.661867618560791,0.5298604987098904,1.0,disabled,single,3,row_5,row_4,-0.39889535307884216,-0.9028136134147644,0.5856390704523873,0.35381897728965594,0.8507393597546908,0.5039182603359222,0.13615624681309013,1,59,0,disabled,0,0.0,50.0,alpha
892,3.491478443145752,-4.9375505447387695,-41.94256591796875,-0.03105185739696026,0.014970483258366585,0.08715218305587769,107,18,47,0.014449529349803925,0.46583850931677023,0.3,120,172,wall,both,1,1,1,1,1,1,0.0,4,4,0,alpha,full,huber,-0.1828401070823562,-5.56521940248361,-0.9787237950074714,0.9327105211971727,-5.196328759495058,-1.5059384991816713,1.0615905399371706,-5.207512526319842,-1.445070939968254,189.9520573208901,0.014449529349803925,250,4.93975305557251,0.6073178084511159,1.0,disabled,single,3,row_6,row_7,-0.03105185739696026,-1.418958306312561,0.6673768573993581,0.16657546351127786,0.8665771411054224,1.3879064489156008,0.3733485316267505,1,60,0,disabled,0,0.0,50.0,alpha
896,3.9852490425109863,-6.1617751121521,-38.64938735961914,-0.2262839376926422,0.7316123843193054,0.16216599941253662,114,0,54,0.008928459137678146,0.4716981132075471,0.3,120,168,wall,both,1,1,1,1,1,1,0.0,4,4,0,alpha,full,huber,0.43267003386393693,-4.744201200067696,-1.9768079025972887,0.7940921847447153,-5.496051529360805,-1.5474326222955557,0.9483851616359397,-5.514322316350876,-1.4904275781132001,204.14736540017628,0.008928459137678146,250,4.7234697341918945,0.6351263306047729,1.0,disabled,single,3,row_6,row_5,-0.2262839376926422,-0.7953295111656189,0.5986449499071906,0.3388722222643826,0.8471175849342896,0.5690455734729767,0.286802656964127,0,60,0,disabled,0,0.0,50.0,alpha
900,0.5279908180236816,-0.11519598960876465,-26.92613983154297,-0.2915800213813782,1.1454116106033325,0.0027835965156555176,98,0,32,0.014423972927033901,0.5357142857142857,0.3,120,130,wall,both,1,1,1,1,1,1,0.0,1,1,0,alpha,full,huber,1.1272157973981816,-5.178424377052101,-1.3223505595119904,0.9044997047937433,-5.714676173127919,-1.5082858221241533,0.9420452500214245,-5.808221419299526,-1.4992356637080302,180.2785594210724,0.014423973858356476,250,1.3606789112091064,1.0,1.0,disabled,single,3,row_5,row_6,-0.2915800213813782,-0.4001750349998474,0.5086304668346727,0.456289164360737,0.8193919676740146,0.10859501361846924,0.38445350307483817,1,61,0,disabled,0,0.0,50.0,alpha
904,1.8209826946258545,-1.3702389001846313,-24.962215423583984,-0.28512847423553467,1.1327067613601685,0.0017061233520507812,94,0,40,0.015342539176344872,0.528169014084507,0.3,120,134,wall,both,1,1,1,1,1,1,0.0,1,1,0,alpha,full,huber,1.2625394750472336,-5.875655545694238,-1.3385594279157,1.1698699824794176,-6.001819823751692,-1.4108085358655735,1.0675939378716854,-6.067350753920641,-1.4570202416809581,161.01985756953277,0.015342539176344872,250,2.1871758699417114,1.0,1.0,disabled,single,3,row_5,row_6,-0.28512847423553467,-0.4087642729282379,0.512270388781669,0.45269417632209785,0.8188541916310619,0.12363579869270325,0.3837742160152585,0,61,0,disabled,0,0.0,50.0,alpha
908,3.3331246376037598,-4.544937610626221,0.0,-0.05248149111866951,0.17190705239772797,0.10606139898300171,0,0,0,0.03145871311426163,0.5,0.3,0,0,wall,both,1,1,1,1,1,1,0.0,0,0,0,alpha,full,huber,2.6529868023215046,-6.250827816598544,-0.9322423806416995,1.6897642942191962,-6.5155161339898,-1.2433197233278495,1.4100615190165267,-6.566068231127279,-1.3488572620974808,92.28287906268683,0.03145871311426163,159,4.714784145355225,0.6362963621474492,1.0,disabled,single,3,row_5,row_4,-0.05248149111866951,-1.2784435749053955,0.6682415877880334,0.19611234479144027,0.859833127902798,1.225962083786726,0.35062402134412546,0,61,0,disabled,0,0.0,50.0,alpha
912,0.9780139923095703,-0.39525264501571655,0.0,-0.09147608280181885,0.4667956829071045,0.10270488262176514,0,0,0,0.010761836543679237,0.5,0.3,0,0,wall,both,1,1,1,1,1,1,0.0,0,0,0,alpha,full,huber,1.9811723743984468,-6.117897437238185,-0.9397884310293954,2.146182185197437,-6.912388939872471,-1.0459471373971378,1.8462001125721301,-7.040918587281867,-1.1586662405149242,172.92435284868318,0.010761836543679237,207,1.9044033288955688,1.0,1.0,disabled,single,3,row_5,row_6,-0.09147608280181885,-0.9552178382873535,0.6387901319932683,0.26930221182207903,0.8589766704654269,0.8637417554855347,0.3567032276837808,0,61,0,disabled,0,0.0,50.0,alpha
916,3.288201093673706,-4.433556079864502,0.0,-0.19541536271572113,0.9319121241569519,0.02437072992324829,0,0,0,0.009009442292153835,0.5,0.3,0,0,wall,both,1,1,1,1,1,1,0.0,0,0,0,alpha,full,huber,2.1771103500999853,-8.158489936299295,-1.1757561789347426,2.3831041409835634,-7.566553124941316,-1.113939443725972,2.231428493915132,-7.570857180183001,-1.1283965910404588,207.01663355768602,0.009009442292153835,250,4.121694087982178,0.7278560552922267,1.0,disabled,single,3,row_5,row_6,-0.19541536271572113,-1.7910830974578857,0.7519072461537353,0.1524665516762089,0.7256253759670581,1.5956677347421646,0.08972694280460614,0,61,0,disabled,0,0.0,50.0,alpha
920,1.3886443376541138,-0.7968318462371826,0.0,-0.4321940839290619,1.3917430639266968,0.020771443843841553,0,0,0,0.00618214113637805,0.5,0.3,0,0,wall,both,1,1,1,1,1,1,0.0,0,0,0,alpha,full,huber,1.8544112347965007,-8.4948115416971,-1.6011566026051862,2.4682972438494195,-8.235926431618779,-1.1969005043582925,2.510352898508952,-8.242181748791037,-1.1588099851432165,218.55884205993218,0.0061821420677006245,250,2.34574818611145,1.0,1.0,disabled,single,3,row_5,row_6,-0.4321940839290619,-1.7891517877578735,0.742281039030828,0.19109491206520204,0.7179431463247389,1.3569577038288116,-0.13416673520495226,0,61,0,disabled,0,0.0,50.0,alpha
924,0.17746780812740326,-0.01301438920199871,0.0,-0.4540306627750397,1.4293837547302246,2.384185791015625e-07,0,0,0,0.00795982126146555,0.5,0.3,0,0,wall,both,1,1,1,1,1,1,0.0,0,0,0,alpha,full,huber,2.4485062338235197,-8.782102891782818,-1.3963295278025896,2.596338674788617,-8.795541571045908,-1.0170209743074952,2.6699636770014195,-8.785724985176515,-0.9948422601589355,197.50214448401857,0.007959822192788124,250,0.7816863059997559,1.0,1.0,disabled,single,3,row_5,row_4,-0.4540306627750397,-2.1444897651672363,0.7719313867650371,0.14237103415234967,0.6879013920187099,1.6904591023921967,-0.19517105262050116,0,61,0,disabled,0,0.0,50.0,alpha
928,2.6714327335357666,-2.948988914489746,0.0,-1.7865893840789795,2.529435634613037,0.2989588975906372,0,0,0,0.00902912113815546,0.5,0.3,0,0,wall,both,1,1,1,1,1,1,0.0,0,0,0,alpha,full,huber,3.4600950867368243,-9.775337663008116,-0.6030415397119899,2.9880770401431884,-9.39336519529815,-0.6976463823165941,2.9956730683340833,-9.346170335928427,-0.6784689116365161,209.8071191343774,0.00902912113815546,250,3.4478015899658203,0.8701196753116355,1.0,disabled,single,3,row_5,row_4,-1.7865893840789795,-2.2009761333465576,0.5945791036328002,0.3928653833196516,0.7311350479250548,0.4143867492675781,-1.2666878714724863,0,61,1,disabled,0,0.0,50.0,alpha
932,1.586207628250122,-1.0396920442581177,0.0,-1.280088186264038,2.110302686691284,0.2667582035064697,0,0,0,0.012864026241004467,0.5,0.3,0,0,wall,both,1,1,1,1,1,1,0.0,0,0,0,alpha,full,huber,2.1505358437573125,-9.41486060100457,-0.6492625855467882,3.1332570364072025,-9.732364732935686,-0.44603932362199944,3.2778805271771345,-9.711308617819581,-0.37280835794205913,195.08634342130583,0.012864026241004467,250,2.7979865074157715,1.0,1.0,disabled,single,3,row_5,row_4,-1.280088186264038,-3.2588729858398438,0.7950568975050694,0.10990637661559922,0.6486949526446054,1.9787847995758057,-1.0507465885640472,0,61,0,disabled,0,0.0,50.0,alpha
936,0.9182881116867065,-0.34845170378685,-47.498802185058594,-1.9345582723617554,2.8973159790039062,0.1301390528678894,4,3,66,0.013044329360127449,0.6726457399103138,0.3,66,73,wall,both,1,1,1,1,1,1,0.0,4,4,0,alpha,full,huber,4.8860957276173655,-10.433386128605287,1.232225201135984,4.366976454985605,-10.081841667226087,0.49117854478011913,4.315705908231369,-10.08949472417009,0.49585036833967155,172.24680300312713,0.013044329360127449,250,1.945598840713501,1.0,1.0,disabled,single,3,row_4,row_5,-1.9345582723617554,-3.2379748821258545,0.7333399164603357,0.199176769199482,0.730753157622404,1.3034166097640991,-1.6244123210089898,1,62,1,disabled,0,0.0,50.0,alpha
940,3.2221176624298096,-4.269713401794434,-49.90229415893555,-3.3362765312194824,3.5972142219543457,0.3359752297401428,1,8,73,0.020688815042376518,0.646551724137931,0.3,69,82,wall,both,1,1,1,1,1,1,0.0,3,3,0,alpha,full,huber,4.123299028590092,-10.963601915845302,0.9034935990446371,4.547358200973052,-10.109071596325307,0.8774154194009266,4.635741155538276,-9.988821031386173,0.8991400524712008,128.6169518887571,0.020688815042376518,250,4.57943868637085,0.6551021217793538,1.0,disabled,single,3,row_4,row_5,-3.3362765312194824,-3.7881805896759033,0.5983099769360444,0.38077357886387037,0.7558642581565294,0.4519040584564209,-2.822630227968214,0,62,1,disabled,0,0.0,50.0,alpha
944,0.880261242389679,-0.3201900124549866,-49.92845153808594,-2.737067699432373,3.360198497772217,0.23633229732513428,2,8,73,0.011767054907977581,0.6437768240343348,0.3,66,83,wall,both,1,1,1,1,1,1,0.0,4,4,0,alpha,full,huber,3.955043893579043,-10.642904923794084,1.0462799318557217,4.486383486310645,-10.092436111165952,0.9797226220445154,4.6139537895422835,-9.974094537308659,1.003237657038344,148.26726014923523,0.011767055839300156,250,1.8790838122367859,1.0,1.0,disabled,single,3,row_4,row_5,-2.737067699432373,-2.966979503631592,0.547618384866611,0.4351395839168641,0.7618472246823267,0.22991180419921875,-2.134891086833842,0,62,1,disabled,0,0.0,50.0,alpha
948,0.5110595226287842,-0.1079263761639595,-46.18269348144531,-0.42636746168136597,1.3401435613632202,0.0817229151725769,11,4,89,0.02979133278131485,0.5905511811023622,0.3,93,104,wall,both,1,1,1,1,1,1,0.0,4,4,0,alpha,full,huber,5.140838104780048,-8.896617786013053,1.3410115088181191,4.693471668883249,-9.694818607799487,1.08227188302409,4.685523858880643,-9.784559077976816,1.099110545314141,115.27624851218567,0.02979133278131485,250,1.91965651512146,1.0,1.0,disabled,single,3,row_4,row_5,-0.42636746168136597,-1.8947933912277222,0.7178185206731587,0.1653047683132186,0.7864188921053428,1.4684259295463562,-0.09482896307646904,0,62,0,disabled,0,0.0,50.0,alpha
952,2.784257650375366,-3.203343152999878,-38.17593765258789,-0.06685991585254669,0.5418913960456848,0.019831061363220215,45,5,81,0.019685843959450722,0.5338078291814947,0.3,120,131,wall,both,1,1,1,1,1,1,0.0,7,7,0,alpha,full,huber,5.01535784093866,-8.023315277365525,1.9475852055103848,5.110597175361421,-8.805199405068576,1.8979499846895937,5.044420357708775,-9.00794894116674,1.8710403587120528,134.9535703634076,0.019685843959450722,250,2.7997101545333862,1.0,1.0,disabled,single,3,row_4,row_5,-0.06685991585254669,-1.313405990600586,0.6869103386199176,0.1974840254923069,0.8277358905855569,1.2465460747480392,0.3086915908948842,0,62,0,disabled,0,0.0,50.0,alpha
956,0.35556820034980774,-0.05224328115582466,-34.79303741455078,-0.34987711906433105,1.2547539472579956,0.0014674067497253418,55,1,98,0.021631168201565742,0.49342105263157904,0.3,116,154,wall,both,1,1,1,1,1,1,0.0,8,8,0,alpha,full,huber,4.408902377535312,-8.442692011812893,1.8022818259712867,4.856604442169846,-8.451365547033252,2.0766890473301403,4.907996318897354,-8.592333021183979,2.0786093969578774,140.23255472566115,0.021631168201565742,250,1.1164270043373108,1.0,1.0,disabled,single,3,row_4,row_5,-0.34987711906433105,-0.9233516454696655,0.6083410457855221,0.3428390615918751,0.8167820454133854,0.5734745264053345,0.14714250464609097,0,62,0,disabled,0,0.0,50.0,alpha
960,1.356756329536438,-0.7606561183929443,-40.169979095458984,-0.21570394933223724,0.948570191860199,0.06212204694747925,50,8,133,0.012087319977581501,0.4398826979472141,0.3,120,191,wall,both,1,1,1,1,1,1,0.0,10,10,0,alpha,full,huber,4.823564090715232,-8.38275182296111,2.102434582748959,4.838006657848314,-8.34069875640692,2.13245135410488,4.836793666132992,-8.40145136883471,2.1403073005718936,161.70254854976915,0.012087319977581501,202,1.5389299988746643,1.0,1.0,disabled,single,3,row_4,row_5,-0.21570394933223724,-1.2696970701217651,0.6772256872157222,0.23604240244313593,0.8167876888869781,1.053993120789528,0.17404674860450903,0,62,0,disabled,0,0.0,50.0,alpha
964,1.2850008010864258,-0.6823252439498901,-43.705684661865234,-0.07959599792957306,0.4350855350494385,0.09588909149169922,36,3,90,0.016468971967697144,0.5376344086021506,0.3,120,129,wall,both,1,1,1,1,1,1,0.0,5,5,0,alpha,full,huber,5.175119516190572,-7.981350092802993,2.189603062307837,4.618523221200004,-7.838120712547181,2.11655484428817,4.555914958995733,-7.851553707075475,2.1350289962323483,107.41491014667184,0.016468971967697144,138,2.068942904472351,1.0,1.0,disabled,single,3,row_4,row_5,-0.07959599792957306,-1.510459303855896,0.6933046470892802,0.1657708151623449,0.8280084556029477,1.430863305926323,0.286689772271715,0,62,0,disabled,0,0.0,50.0,alpha
968,3.151315927505493,-4.09417200088501,-36.55875015258789,-0.2530258297920227,1.0636075735092163,0.02001112699508667,65,21,63,0.1126636490225792,0.5016722408026756,0.3,109,149,wall,both,1,1,1,1,1,1,0.0,13,13,0,alpha,full,huber,4.016367636231315,-6.454460431578698,1.965268149201214,4.247867970376921,-7.0664774405304644,2.094323774652099,4.254520753807325,-7.226151547603379,2.119153960309422,36.90570600573483,0.1126636490225792,112,4.082461357116699,0.7348508014093723,1.0,disabled,single,3,row_4,row_5,-0.2530258297920227,-0.4888446629047394,0.5346320444855176,0.42231855960859715,0.8342185590403717,0.23581883311271667,0.37315070623133784,0,62,0,disabled,0,0.0,50.0,alpha
972,0.2960551381111145,-0.03621844947338104,-30.88088607788086,-0.26880306005477905,1.099633812904358,0.004777669906616211,97,1,48,0.03530772402882576,0.5067567567567568,0.3,120,146,wall,both,1,1,1,1,1,1,0.0,11,11,0,alpha,full,huber,3.532554896089339,-5.895724435477956,1.8424016338733198,3.923674738827803,-6.379535668275386,2.025231461552348,3.962010501776641,-6.594793003888061,2.0733841105258675,57.578970031122594,0.03530772402882576,83,0.7677053213119507,1.0,1.0,disabled,single,3,row_5,row_4,-0.26880306005477905,-0.4548250734806061,0.5250386140408506,0.4359161014716406,0.8268423806580426,0.18602201342582703,0.3754804084864424,1,63,0,disabled,0,0.0,50.0,alpha
976,3.639697551727295,-5.30503511428833,-40.082176208496094,-0.13414210081100464,0.7646288871765137,0.03214764595031738,94,5,59,0.050966132432222366,0.48701298701298706,0.3,120,158,wall,both,1,1,1,1,1,1,0.0,10,10,0,alpha,full,huber,4.259480624435989,-6.141133311439629,2.019126654083605,3.861016392923963,-5.904441774796238,1.961258873560411,3.8021683044528793,-6.050687723353672,2.0213026439179096,52.667072544956525,0.050966132432222366,80,4.144532203674316,0.7238452622808343,1.0,disabled,single,3,row_4,row_5,-0.13414210081100464,-0.7044144868850708,0.5961005443263672,0.3370182102684888,0.8558402129544913,0.5702723860740662,0.3832038267996072,1,64,0,disabled,0,0.0,50.0,alpha
980,0.8665302395820618,-0.3102787733078003,-22.990325927734375,-0.26036784052848816,1.0822036266326904,0.0051680803298950195,96,10,31,0.0466865673661232,0.5226480836236934,0.3,107,137,wall,both,1,1,1,1,1,1,0.0,7,7,0,alpha,full,huber,3.4060658106884136,-5.276130127705319,1.8463221554920954,3.529314623914896,-5.381895545323895,2.0220675340855303,3.5540832068862507,-5.485439974137423,2.0357694547491576,58.20685836734253,0.0466865673661232,83,1.0920177698135376,1.0,1.0,disabled,single,3,row_5,row_4,-0.26036784052848816,-0.4580087959766388,0.5271551576664874,0.43261750035057117,0.8292661525116753,0.19764095544815063,0.3798925164199608,1,65,0,disabled,0,0.0,50.0,alpha
984,5.570472240447998,-10.092080116271973,-29.304237365722656,-0.9934749603271484,0.756725013256073,0.4606785178184509,110,43,20,0.032507870346307755,0.46439628482972134,0.3,120,173,wall,both,1,1,1,1,1,1,0.0,12,12,0,alpha,full,huber,2.903057707265308,-4.296617626028148,2.7494642741974804,3.224163002189581,-4.641727689431826,2.0103643421712345,3.242052318214057,-4.770414408076432,2.005455560393929,69.69992796395441,0.03250787407159805,97,6.110109806060791,0.4909895395045462,1.0,disabled,single,3,row_5,row_4,-0.9934749603271484,-1.4967821836471558,0.5840138297494065,0.3530527362692782,0.8557306760752984,0.5033072233200073,-0.4556443449705969,0,65,0,disabled,0,0.0,50.0,alpha
988,0.4859687387943268,-0.09758909791707993,-31.350513458251953,-0.18297916650772095,0.8215113878250122,0.08992427587509155,100,23,40,0.017551464959979057,0.47923322683706066,0.3,118,163,wall,both,1,1,1,1,1,1,0.0,10,10,0,alpha,full,huber,2.9320216002348594,-4.091162441756374,2.175628786001507,2.6505442789912133,-3.658124546520397,2.0109303852226397,2.6798491245279727,-3.6403624481212318,1.9942042242029023,100.9322794623645,0.017551466822624207,133,0.8205834627151489,1.0,1.0,disabled,single,3,row_5,row_4,-0.18297916650772095,-0.6632440090179443,0.5811012701672779,0.3594805965850115,0.8509688160544691,0.4802648425102234,0.3598510675976415,0,65,0,disabled,0,0.0,50.0,alpha
992,1.4390813112258911,-0.8557665348052979,-32.35248947143555,-0.08999110013246536,0.6352934241294861,0.008611857891082764,89,33,35,0.009617844596505165,0.4885993485342019,0.3,115,157,wall,both,1,1,1,1,1,1,0.0,12,12,0,alpha,full,huber,2.610621882659563,-3.354173748175879,1.8796327928372385,2.4610655462812323,-3.313475508578432,2.0177335370135108,2.4767274012591662,-3.2689381937058473,2.0018503446299123,169.26129449978754,0.009617844596505165,191,1.4429534673690796,1.0,1.0,disabled,single,3,row_5,row_4,-0.08999110013246536,-0.7798975110054016,0.6141506586067014,0.3080721040084171,0.8607741473347474,0.6899064108729362,0.39752390847777624,0,65,0,disabled,0,0.0,50.0,alpha
996,2.5802817344665527,-2.7511792182922363,-24.423694610595703,-0.24548447132110596,1.0510368347167969,0.0003052949905395508,108,26,35,0.01934729516506195,0.47021943573667707,0.3,120,169,wall,both,1,1,1,1,1,1,0.0,13,13,0,alpha,full,huber,3.0604840209498922,-3.5073705576216994,1.7730089135653024,2.514130703913353,-3.051609959182542,1.9772410410488974,2.402460544097049,-2.9581235145192255,1.994160372626622,148.40302502814782,0.01934729516506195,224,3.558462381362915,0.8430607600946395,1.0,disabled,single,3,row_5,row_4,-0.24548447132110596,-0.47078970074653625,0.5324249838923647,0.4250202364276721,0.8335935754777575,0.2253052294254303,0.3848287953208136,0,65,0,disabled,0,0.0,50.0,alpha
1000,1.2702051401138306,-0.666702926158905,-29.594890594482422,-0.14945924282073975,0.8200820088386536,0.0013205409049987793,91,35,32,0.008625105954706669,0.48701298701298706,0.3,120,158,wall,both,1,1,1,1,1,1,0.0,14,14,0,alpha,full,huber,2.76839525832641,-3.1871357581618867,1.7996959196330096,2.432126438839558,-2.787041957154462,1.990258256450852,2.3389651480887563,-2.69875675641437,2.0008522774716653,207.61980105768407,0.008625105954706669,250,1.2804890275001526,1.0,1.0,disabled,single,3,row_5,row_4,-0.14945924282073975,-0.6340495347976685,0.5816017945558944,0.3582373371894792,0.8520584091171604,0.4845902919769287,0.39251002439682314,0,65,0,disabled,0,0.0,50.0,alpha
1004,3.069622278213501,-3.8916256427764893,-30.64873695373535,-0.23646757006645203,1.031538963317871,0.001308739185333252,93,36,28,0.015638098120689392,0.4885993485342019,0.3,120,157,wall,both,1,1,1,1,1,1,0.0,11,11,0,alpha,full,huber,2.9439471295224484,-2.9681697581078454,1.799466022974281,2.458554593803883,-2.3175984079860497,1.8737582629195564,2.2638829998916306,-2.21412879036943,1.926681135757046,173.92562374914385,0.01563809998333454,250,4.1579344272613525,0.7215120999337085,1.0,disabled,single,3,row_5,row_4,-0.23646757006645203,-0.48637107014656067,0.5373562047184977,0.4185338195544231,0.8359609941844319,0.24990350008010864,0.3846265108104797,0,65,0,disabled,0,0.0,50.0,alpha
1008,3.001403570175171,-3.7224881649017334,-39.4136962890625,-0.09082041680812836,0.5711474418640137,0.06701278686523438,125,8,19,0.01054768543690443,0.49668874172185423,0.3,120,152,wall,both,1,1,1,1,1,1,0.0,15,15,0,alpha,full,huber,1.072951566773917,-1.6151174945310187,2.1164701256255833,2.1233377115906817,-1.5254961635436723,1.9149306149483483,2.0581701035626057,-1.5054435520077385,1.915366931258058,203.25464246788565,0.01054768543690443,250,4.1074583530426025,0.7303786775531754,1.0,disabled,single,3,row_5,row_6,-0.09082041680812836,-0.8566089272499084,0.6240510965609007,0.2901632629008646,0.8639580836939532,0.7657885104417801,0.38070261164275276,0,65,0,disabled,0,0.0,50.0,alpha
1012,0.14328452944755554,-0.008483659476041794,-27.07331657409668,-0.18218494951725006,0.9053511023521423,0.003057122230529785,84,19,28,0.010568874888122082,0.5338078291814947,0.3,102,131,wall,both,1,1,1,1,1,1,0.0,8,8,0,alpha,full,huber,2.4440048726717913,-0.8959345528478042,1.8265124434885216,2.1394431978680437,-0.4286376693825512,1.7971349730795751,1.901552634831332,-0.4174146966414149,1.844780821925367,171.8431786144265,0.010568874888122082,250,1.0617076754570007,1.0,1.0,disabled,single,3,row_5,row_4,-0.18218494951725006,-0.5527619123458862,0.5619412789056994,0.3879282483825512,0.8412689297495439,0.37057696282863617,0.3941729709631504,0,65,0,disabled,0,0.0,50.0,alpha
1016,1.9314254522323608,-1.5414894819259644,-30.184362411499023,-0.3269467055797577,0.35352152585983276,0.27073532342910767,94,13,28,0.009594237431883812,0.5263157894736842,0.3,113,135,wall,both,1,1,1,1,1,1,0.0,10,10,0,alpha,full,huber,3.578234760492399,-0.22992589870768582,0.9723234734523727,2.3420472171321265,-0.18894957644998842,1.7400224272852034,2.072350667593118,-0.12723905135592917,1.7989468748287454,196.9558021579311,0.009594237431883812,250,3.1822211742401123,0.9427377406337493,1.0,disabled,single,3,row_4,row_5,-0.3269467055797577,-1.35155189037323,0.658411749254545,0.23632909631829854,0.8530514670576169,1.0246051847934723,0.0909780790369179,1,66,0,disabled,0,0.0,50.0,alpha
1020,2.7394983768463135,-3.1011784076690674,-32.11219024658203,-0.23948700726032257,1.037946343421936,0.004420161247253418,73,14,29,0.03176606819033623,0.5639097744360902,0.3,86,116,wall,both,1,1,1,1,1,1,0.0,9,9,0,alpha,full,huber,-0.07660828463943978,-0.34327666560230474,1.8439275821647918,1.8499896179422433,0.3999598424207949,1.860089842580918,1.8732033859433814,0.5152116980589115,1.8156475270033443,169.36632250365315,0.03176606819033623,250,4.846249580383301,0.6190353902001727,1.0,disabled,single,3,row_6,row_5,-0.23948700726032257,-0.48557421565055847,0.5379406124104096,0.4205910398667792,0.8297850027265238,0.2460872083902359,0.38052010350725407,1,67,0,disabled,0,0.0,50.0,alpha
1024,0.7439776659011841,-0.22872014343738556,-24.71360969543457,-0.2390555590391159,1.0371661186218262,0.001409292221069336,89,4,33,0.01216784119606018,0.5434782608695653,0.3,110,126,wall,both,1,1,1,1,1,1,0.0,7,7,0,alpha,full,huber,2.652705189942015,1.0840887604815819,1.6934851861455007,2.1570366671746184,1.3727138111560313,1.6852881289245503,1.889655962628958,1.4460910132779352,1.7381637154665928,182.3560997200246,0.01216784119606018,250,1.7634115815162659,1.0,1.0,disabled,single,3,row_4,row_5,-0.2390555590391159,-0.4739510118961334,0.5348923492190827,0.4229145111747402,0.832192932438292,0.23489545285701752,0.3866342097066826,1,68,0,disabled,0,0.0,50.0,alpha
1028,2.9165854454040527,-3.515070676803589,-35.82387161254883,-0.11529127508401871,0.6750108599662781,0.058645665645599365,117,5,21,0.014500873163342476,0.5119453924914675,0.3,116,143,wall,both,1,1,1,1,1,1,0.0,6,6,0,alpha,full,huber,4.1268983888718305,2.5748209062503697,1.4024076503817131,2.408455995276427,2.31610628108604,1.5857729291354066,2.078839299632886,2.2967101911625254,1.648473557524822,180.7015528743522,0.014500871300697327,250,4.504142999649048,0.6660534535057508,1.0,disabled,single,3,row_4,row_3,-0.11529127508401871,-0.7538914084434509,0.6075910852086919,0.3208269769251201,0.8562227093696915,0.6386001333594322,0.38296190542256425,0,68,0,disabled,0,0.0,50.0,alpha
1032,1.024586796760559,-0.4337926208972931,-27.1043643951416,-0.33728229999542236,1.2264124155044556,0.027293920516967773,93,3,41,0.009734229184687138,0.5226480836236934,0.3,108,137,wall,both,1,1,1,1,1,1,0.0,6,6,0,alpha,full,huber,2.215969038781051,2.193530762375459,1.5141239980569186,2.217007039029865,2.393373813505012,1.6606329086716614,2.137852880566744,2.474423889957828,1.6498132810196644,185.0802205365815,0.009734229184687138,250,1.4087417125701904,1.0,1.0,disabled,single,3,row_5,row_4,-0.33728229999542236,-0.3631555438041687,0.49085856597126676,0.47832135121104746,0.8092846367599081,0.025873243808746338,0.37431694569910845,1,69,0,disabled,0,0.0,50.0,alpha
1036,0.9280624985694885,-0.3559090793132782,-33.378753662109375,-0.20190821588039398,0.7990461587905884,0.12126874923706055,120,0,21,0.009709354490041733,0.5154639175257733,0.3,108,141,wall,both,1,1,1,1,1,1,0.0,7,7,0,alpha,full,huber,0.1624289562712154,2.169833380607844,2.245897972484623,2.0499734736165145,2.5898408438220186,1.7717847709748176,2.0832869543393366,2.666332654290743,1.7352792513320807,202.48600037326725,0.009709354490041733,250,1.6892130970954895,1.0,1.0,disabled,single,3,row_5,row_6,-0.20190821588039398,-0.7123794555664062,0.5872928563635912,0.35250061229101093,0.8493080953727636,0.5104712396860123,0.3303234641691404,0,69,0,disabled,0,0.0,50.0,alpha
1040,5.0052876472473145,-8.6907958984375,-31.225635528564453,-0.22172734141349792,0.9741476774215698,0.05154991149902344,82,0,53,0.030365630984306335,0.5263157894736842,0.3,102,135,wall,both,1,1,1,1,1,1,0.0,6,6,0,alpha,full,huber,2.1374175563243965,4.183175631130705,2.083295423439056,2.1002949364650085,3.360424352253027,1.7878002195944516,2.0534053482066903,3.2446414256429073,1.806875477034283,122.92194297839139,0.030365632846951485,250,6.159320592880249,0.48706670723842393,1.0,disabled,single,3,row_4,row_5,-0.22172734141349792,-0.5152398943901062,0.5469742094879749,0.40784577452081294,0.8357290009142145,0.2935125529766083,0.3816262852747069,1,70,0,disabled,0,0.0,50.0,alpha
1044,1.354227066040039,-0.7578227519989014,-22.67626953125,-0.21037228405475616,0.9729011654853821,0.0027468204498291016,82,1,45,0.008127623237669468,0.539568345323741,0.3,120,128,wall,both,1,1,1,1,1,1,0.0,2,2,0,alpha,full,huber,2.377119657247378,3.0031192418809383,1.8207180929033457,1.9251427834855988,3.7239541860505865,1.8412067941560115,1.9238406164244175,3.7562968358601108,1.8334532024587338,210.35625344810586,0.008127623237669468,250,1.1927595138549805,1.0,1.0,disabled,single,3,row_4,row_5,-0.21037228405475616,-0.5188564658164978,0.5494930972612693,0.40363541409149645,0.8386524377317967,0.30848418176174164,0.38838678301652874,0,70,0,disabled,0,0.0,50.0,alpha
1048,2.1565232276916504,-1.9217324256896973,-32.40575408935547,-0.081155925989151,0.5961450338363647,0.02311384677886963,86,2,46,0.010329161770641804,0.528169014084507,0.3,116,134,wall,both,1,1,1,1,1,1,0.0,4,4,0,alpha,full,huber,2.2508899155350273,5.614489936204654,1.5222134517680663,2.003643008981067,4.8074343734779905,1.7183864437662482,1.820601658828924,4.814245474318579,1.7888449643548316,178.82506612228556,0.010329162701964378,240,3.021941065788269,0.9927394130756995,1.0,disabled,single,3,row_4,row_5,-0.081155925989151,-0.8002108335494995,0.6199748193899968,0.3020594812512781,0.856928619775156,0.7190549075603485,0.39692048966571725,0,70,0,disabled,0,0.0,50.0,alpha
1052,2.4966273307800293,-2.57568097114563,0.0,-0.3103347718715668,1.1746900081634521,0.03007185459136963,0,0,0,0.00729967188090086,0.5,0.3,0,0,wall,both,1,1,1,1,1,1,0.0,0,0,0,alpha,full,huber,1.3994634513627089,7.186502662562313,1.4917752059714182,1.2610543972527797,7.789584302888917,1.7518406358384302,1.191268192379531,7.879554788704079,1.7574527196920506,225.17867862098964,0.00729967188090086,246,3.432859182357788,0.8739070962822053,1.0,disabled,single,3,row_4,row_5,-0.3103347718715668,-1.2478792667388916,0.6854010452980868,0.2683949634049158,0.7539926623375783,0.9375444948673248,0.06741637257918082,0,70,0,disabled,0,0.0,50.0,alpha
1056,2.3379764556884766,-2.258733034133911,0.0,-0.11180339008569717,0.6403998732566833,0.07115834951400757,0,0,0,0.011600730940699577,0.5,0.3,0,0,wall,both,1,1,1,1,1,1,0.0,0,0,0,alpha,full,huber,3.0928215940846293,8.061118837848028,1.358113506596525,1.8207388573368504,8.602811821207318,1.617148121990823,1.427641685803911,8.656115035661504,1.6813119049578606,185.6603684307868,0.011600730940699577,250,3.7820032835006714,0.7932304059829268,1.0,disabled,single,3,row_4,row_3,-0.11180339008569717,-0.7834578156471252,0.6491291436896602,0.33161586306955304,0.7225912503163234,0.6716544255614281,0.3203202032519882,0,70,0,disabled,0,0.0,50.0,alpha
1060,0.9241957664489746,-0.3529495298862457,0.0,-0.2255115509033203,1.0025055408477783,0.02308058738708496,0,0,0,0.007526002358645201,0.5,0.3,0,0,wall,both,1,1,1,1,1,1,0.0,0,0,0,alpha,full,huber,2.4246755218325835,10.01951679707682,1.5448282954139945,2.214870729658051,9.420352993140616,1.5219563373471021,1.7819198971147079,9.39271827362429,1.5955115510126614,194.3588708922651,0.007526002358645201,250,1.9337389469146729,1.0,1.0,disabled,single,3,row_4,row_3,-0.2255115509033203,-1.242233157157898,0.7304672618216331,0.2642677537194052,0.6087276950510131,1.0167216062545776,0.0885593140160405,0,70,0,disabled,0,0.0,50.0,alpha
1064,1.6689281463623047,-1.1509592533111572,0.0,-0.23682422935962677,0.9999805688858032,0.05982983112335205,0,0,0,0.009884794242680073,0.5,0.3,0,0,wall,both,1,1,1,1,1,1,0.0,0,0,0,alpha,full,huber,1.548128610927665,9.730135810772973,1.4124282225212577,1.910916283576692,10.287573224945948,1.2880797560518251,1.834060572109029,10.34004014070769,1.2695270159985679,199.52457373641766,0.009884795174002647,250,2.722241759300232,1.0,1.0,disabled,single,3,row_4,row_3,-0.23682422935962677,-2.261622190475464,0.8727765283990533,0.1152244056863216,0.42082008337002047,2.024797961115837,-0.10074849223302004,0,70,0,disabled,0,0.0,50.0,alpha
1068,0.43103349208831787,-0.07677267491817474,-44.13625717163086,-1.8699506521224976,2.8953640460968018,0.04150748252868652,20,0,71,0.011256434954702854,0.6224066390041494,0.3,91,91,wall,both,1,1,1,1,1,1,0.0,1,1,0,alpha,full,huber,0.013703328931840453,10.854174364270326,2.0492242599681187,1.7269832423243408,11.161113986468308,1.1841509387126385,1.9428117504695612,11.272866878822247,1.1031537575795802,195.30613566258515,0.011256434954702854,250,2.826598882675171,1.0,1.0,disabled,single,3,row_4,row_6,-1.8699506521224976,-3.2882065773010254,0.7858694540186746,0.19028724844698536,0.5941797877013284,1.4182559251785278,-1.6289860627404906,0,70,1,disabled,0,0.0,50.0,alpha
1072,1.0953246355056763,-0.49575868248939514,-42.6685791015625,-1.410832405090332,2.411139726638794,0.17069274187088013,16,0,77,0.01938324235379696,0.6172839506172839,0.3,93,93,wall,both,1,1,1,1,1,1,0.0,1,1,0,alpha,full,huber,1.302318319444203,11.242014095761808,1.167165647399182,1.255208932286026,11.426347878330938,1.1770655698171602,1.693295279664294,11.536308850726115,1.0368148464857736,171.3738480548938,0.01938324049115181,250,1.530167579650879,1.0,1.0,disabled,single,3,row_4,row_3,-1.410832405090332,-3.4101459980010986,0.8711220375637526,0.11797449843365782,0.42160603983135636,1.9993135929107666,-1.2728592051594196,0,70,0,disabled,0,0.0,50.0,alpha
1076,2.311856508255005,-2.208545684814453,-48.97161102294922,-3.0156497955322266,2.500486135482788,0.6312084197998047,3,0,68,0.017477242276072502,0.6787330316742082,0.3,71,71,wall,both,1,1,1,1,1,1,0.0,2,2,0,alpha,full,huber,3.1862469838041223,11.425930310888871,-0.208967846819609,2.3107163106879374,11.894952914126414,0.24756218599357993,2.1623088391854655,11.986743761300119,0.30524027746559845,118.8785525256287,0.017477242276072502,250,3.946721315383911,0.7601246098391368,1.0,disabled,single,3,row_4,row_3,-2.994737148284912,-3.0156497955322266,0.4929736808003494,0.4827713468375368,0.7904474729759084,0.020912647247314453,-2.2874376561198844,0,70,1,disabled,0,0.0,50.0,alpha
1080,0.7820720672607422,-0.2527424395084381,-49.06845474243164,-1.3886829614639282,2.014256000518799,0.345447301864624,3,0,67,0.016437189653515816,0.6818181818181818,0.3,70,70,wall,both,1,1,1,1,1,1,0.0,4,4,0,alpha,full,huber,3.53022684360007,11.076302859765695,-0.5448500003460821,3.4468789844318586,11.69676488851277,-0.5999010283032363,3.0354463269838856,11.914492998046821,-0.4449478830112956,122.63156754403461,0.016437189653515816,250,1.7519580721855164,1.0,1.0,disabled,single,3,row_3,row_4,-1.3886829614639282,-1.7321404218673706,0.5598768457857397,0.397128291509051,0.8267872833674472,0.3434574604034424,-0.8086445237856738,1,71,0,disabled,0,0.0,50.0,alpha
1084,1.2068266868591309,-0.6018308401107788,-47.66802215576172,-1.2252453565597534,2.3480453491210938,0.003952682018280029,6,1,57,0.030500167980790138,0.7009345794392523,0.3,52,64,wall,both,1,1,1,1,1,1,0.0,5,5,0,alpha,full,huber,2.7730515247799374,11.32207409301231,-1.470438779065114,3.508878261144835,11.433729623946478,-1.1012113145468372,3.4506056082647767,11.589022545021589,-1.0159293900423858,115.77727742745682,0.030500167980790138,250,2.2981693744659424,1.0,1.0,disabled,single,3,row_4,row_3,-1.2252453565597534,-1.6198123693466187,0.5884859729296145,0.39662294883225224,0.7414478999466044,0.39456701278686523,-0.6950431687001094,1,72,0,disabled,0,0.0,50.0,alpha
1088,1.9008862972259521,-1.4931275844573975,-38.55731201171875,-0.2803328037261963,1.0790798664093018,0.07270282506942749,37,8,76,0.012917537242174149,0.5535055350553506,0.3,95,121,wall,both,1,1,1,1,1,1,0.0,14,14,0,alpha,full,huber,3.9758533266598426,10.23290947763806,-1.7857251537352328,4.047005361630016,10.636035337840486,-2.0032881767355786,4.062342848786496,10.606678056461256,-2.022594025770258,191.60469950788521,0.012917537242174149,240,1.900830626487732,1.0,1.0,disabled,single,3,row_3,row_4,-0.2803328037261963,-1.0004035234451294,0.6228650122102322,0.3031595097384347,0.8493336133917678,0.7200707197189331,0.19309265376550316,1,73,0,disabled,0,0.0,50.0,alpha
1092,1.4077255725860596,-0.8188806772232056,-38.269893646240234,-0.08343594521284103,0.6090806722640991,0.015621960163116455,71,6,65,0.016983013600111008,0.5136986301369862,0.3,104,142,wall,both,1,1,1,1,1,1,0.0,18,18,0,alpha,full,huber,4.208604391320642,8.81156236410376,-1.5790459708975462,4.030637274497531,9.740558911137706,-1.6783301500951742,3.8547829292271327,9.778569369176479,-1.7264707690179057,150.55373101081742,0.016983013600111008,250,2.348952054977417,1.0,1.0,disabled,single,3,row_3,row_4,-0.08343594521284103,-0.7789166569709778,0.6173678926023456,0.3079644624775605,0.8542028112322266,0.6954807117581367,0.398854227260912,0,73,0,disabled,0,0.0,50.0,alpha
1096,2.0184478759765625,-1.6835256814956665,-32.45682144165039,-0.13118010759353638,0.7680649757385254,0.004588603973388672,86,5,49,0.021253462880849838,0.5172413793103449,0.3,97,140,wall,both,1,1,1,1,1,1,0.0,15,15,0,alpha,full,huber,4.128581319878234,8.372603303067052,-1.4717446146746678,3.9644654872835536,9.108475035712893,-1.6505198800003678,3.87456935882891,9.220163691778062,-1.6722163250502844,160.25524258903266,0.021253464743494987,250,2.6599934101104736,1.0,1.0,disabled,single,3,row_3,row_4,-0.13118010759353638,-0.652488112449646,0.5896805876833584,0.3501189691691857,0.848065556240395,0.5213080048561096,0.3969941578940387,0,73,0,disabled,0,0.0,50.0,alpha
1100,0.9245637655258179,-0.35323065519332886,-31.588367462158203,-0.24959394335746765,1.0597312450408936,0.002784907817840576,78,11,45,0.055020611733198166,0.528169014084507,0.3,105,134,wall,both,1,1,1,1,1,1,0.0,13,13,0,alpha,full,huber,3.8383844410809846,8.336648164578449,-1.3012614773827498,3.8918047124876267,8.431541039796532,-1.5924235952895376,3.858595247827164,8.584209561586485,-1.6253232382117475,69.76216735800614,0.055020611733198166,153,1.2514079809188843,1.0,1.0,disabled,single,3,row_3,row_4,-0.24959394335746765,-0.4490649402141571,0.5283321442586364,0.4327906614181354,0.8258022536031182,0.19947099685668945,0.38843618859849904,0,73,0,disabled,0,0.0,50.0,alpha
1104,2.71760892868042,-3.0518176555633545,-37.67604064941406,-0.07626752555370331,0.45194482803344727,0.08697724342346191,88,13,30,0.028208531439304352,0.5338078291814947,0.3,97,131,wall,both,1,1,1,1,1,1,0.0,17,17,0,alpha,full,huber,4.5530945674289445,7.854380232852668,-0.9557476129277687,4.047605426127811,7.7552464016970895,-1.470459610709719,3.93179107190544,7.779312651989764,-1.5705784825112925,74.2106379930599,0.0282085333019495,102,3.2186752557754517,0.9320604788000684,1.0,disabled,single,3,row_3,row_4,-0.07626752555370331,-0.9701285362243652,0.6433514392885592,0.263177872833609,0.8566175809339946,0.8938610106706619,0.3647966166217927,0,73,0,disabled,0,0.0,50.0,alpha
1108,1.8799726963043213,-1.4604533910751343,-39.23427200317383,-0.07921885699033737,0.2897360324859619,0.12181204557418823,73,7,33,0.020128538832068443,0.5703422053231939,0.3,77,113,wall,both,1,1,1,1,1,1,0.0,14,14,0,alpha,full,huber,4.803455671286616,7.423649236371162,-0.8771743201202691,4.293809952379343,7.405299231794258,-1.2748890519645064,4.112842542437923,7.399368609906816,-1.4275095632221748,84.12670891705565,0.020128538832068443,107,2.554231643676758,1.0,1.0,disabled,single,3,row_3,row_4,-0.07921885699033737,-1.1716179847717285,0.6624929465207581,0.22220731184586887,0.8560831255814317,1.0923991277813911,0.3325265109492196,0,73,0,disabled,0,0.0,50.0,alpha
1112,0.6529044508934021,-0.17615051567554474,-41.87615203857422,-0.12871497869491577,0.3593246042728424,0.15654271841049194,104,6,17,0.0114774564281106,0.5415162454873647,0.3,93,127,wall,both,1,1,1,1,1,1,0.0,10,10,0,alpha,full,huber,5.600897556824375,6.626668478566428,-0.8369852043226476,4.870378384576581,6.300492664548781,-1.1956785329819362,4.581641934064953,6.225905953749109,-1.3262973622201053,131.04066430775293,0.011477458290755749,148,1.6486097574234009,1.0,1.0,disabled,single,3,row_3,row_2,-0.12871497869491577,-1.1483629941940308,0.6559057193059153,0.23659954833142055,0.8573987893326067,1.019648015499115,0.293023242242174,0,73,0,disabled,0,0.0,50.0,alpha
1116,4.655695915222168,-7.824039459228516,-41.94300079345703,-0.05693552643060684,0.24459154903888702,0.10340243577957153,75,10,53,0.019215473905205727,0.5208333333333334,0.3,103,138,wall,both,1,1,1,1,1,1,0.0,12,12,0,alpha,full,huber,4.971898961866967,6.725284010214985,-0.9453240302721597,4.878956099798468,6.063265086255473,-1.2131574368922944,4.785338860684417,5.923976438996684,-1.2743372346124922,153.45198880338137,0.019215475767850876,250,5.549710988998413,0.5405686901438855,1.0,disabled,single,3,row_3,row_4,-0.05693552643060684,-1.1902402639389038,0.6642958872980672,0.21388167169948794,0.8580514539822901,1.133304737508297,0.3520920889305587,0,73,0,disabled,0,0.0,50.0,alpha
1120,0.4779679775238037,-0.09440222382545471,-37.77961349487305,-0.07002358883619308,0.511300802230835,0.05405968427658081,80,5,45,0.008984386920928955,0.5357142857142857,0.3,98,130,wall,both,1,1,1,1,1,1,0.0,13,13,0,alpha,full,huber,4.706116275601214,6.6974968845021,-1.073779763883449,4.942554468114553,6.149111555052671,-1.1856600350778856,4.873493308735261,6.00529073619066,-1.2304188781237904,205.9441946324841,0.008984386920928955,250,1.172962486743927,1.0,1.0,disabled,single,3,row_3,row_4,-0.07002358883619308,-0.9051052331924438,0.6369042171495566,0.27631392654464115,0.8548561682109344,0.8350816443562508,0.38111241142210955,0,73,0,disabled,0,0.0,50.0,alpha
1124,1.943182349205017,-1.560313105583191,-32.9416618347168,-0.2963689863681793,1.1548421382904053,3.057718276977539e-05,69,25,43,0.01259753480553627,0.5226480836236934,0.3,95,137,wall,both,1,1,1,1,1,1,0.0,13,13,0,alpha,full,huber,4.401851597910747,4.76653432738763,-1.373450507794438,4.874825371975023,5.514294445337546,-1.3091604231293599,4.964218732512492,5.505503620073275,-1.2746040702112027,189.08486327477593,0.01259753480553627,250,3.204703688621521,0.9361239888266947,1.0,disabled,single,3,row_3,row_4,-0.2963689863681793,-0.41084715723991394,0.5098760027219551,0.45472343244814467,0.8200724967045173,0.11447817087173462,0.37721872837467785,0,73,0,disabled,0,0.0,50.0,alpha
1128,0.5926043391227722,-0.1451156586408615,-31.361364364624023,-0.2838658392429352,1.130210518836975,0.0010532140731811523,79,23,33,0.009619229473173618,0.5263157894736842,0.3,99,135,wall,both,1,1,1,1,1,1,0.0,13,13,0,alpha,full,huber,4.545080216236532,4.134546272610811,-1.3463012061324997,4.580453307151521,4.682734382252459,-1.5198406731462641,4.871760910337999,4.768316318432205,-1.402675503958092,170.14974973280528,0.009619229473173618,250,0.9657502472400665,1.0,1.0,disabled,single,3,row_3,row_4,-0.2838658392429352,-0.41957834362983704,0.5142470581523813,0.4489858188871796,0.8229797992854443,0.13571250438690186,0.38118563187902477,0,73,0,disabled,0,0.0,50.0,alpha
1132,0.999183177947998,-0.41254836320877075,-36.71554183959961,-0.16962185502052307,0.8297853469848633,0.06379634141921997,100,17,12,0.02312675677239895,0.5376344086021506,0.3,87,129,wall,both,1,1,1,1,1,1,0.0,12,12,0,alpha,full,huber,6.481237036246479,4.44209598524335,-1.0330733535685708,4.808336680531573,4.352281857485256,-1.4258279374613732,4.8724590846749525,4.369339056815761,-1.418678291998516,172.44188128294172,0.02312675677239895,250,2.928301215171814,1.0,1.0,disabled,single,3,row_3,row_2,-0.16962185502052307,-0.6296109557151794,0.5777700225849666,0.3647407415211052,0.8490170460827028,0.45998910069465637,0.3789575192674929,0,73,0,disabled,0,0.0,50.0,alpha
1136,2.5055179595947266,-2.594058036804199,-29.042865753173828,-0.2945374548435211,1.1512622833251953,0.0008609890937805176,78,7,36,0.00810730829834938,0.5535055350553506,0.3,96,121,wall,both,1,1,1,1,1,1,0.0,11,11,0,alpha,full,huber,4.351929523032061,3.9742163552639678,-1.3150715417342627,4.522126768578717,3.650808861973424,-1.5709143209312935,4.749442115822239,3.6699017694853033,-1.5002718471603589,193.08521789287107,0.00810730829834938,250,3.0626115798950195,0.9795561473397271,1.0,disabled,single,3,row_4,row_3,-0.2945374548435211,-0.4042990207672119,0.5086060840565806,0.45573534139911637,0.8208729177673253,0.1097615659236908,0.38154400886158546,1,74,0,disabled,0,0.0,50.0,alpha
1140,1.6973129510879517,-1.190442681312561,-25.44846534729004,-0.4007255733013153,1.1768778562545776,0.15089714527130127,103,9,12,0.00894202571362257,0.5474452554744526,0.3,96,124,wall,both,1,1,1,1,1,1,0.0,13,13,0,alpha,full,huber,4.605802029614274,3.5444653496040863,-0.8257410511880923,4.334535717401286,3.307324003588376,-1.6125802863782817,4.554991469559832,3.3045492972426205,-1.5588447776545795,201.5165317227159,0.008942026644945145,250,1.7470317482948303,1.0,1.0,disabled,single,3,row_3,row_4,-0.4007255733013153,-0.46993958950042725,0.4999436240516456,0.46651087129432295,0.8161753127627618,0.06921401619911194,0.2925343655123115,1,75,0,disabled,0,0.0,50.0,alpha
1144,2.4931869506835938,-2.568587303161621,-33.563289642333984,-0.14038509130477905,0.2913995087146759,0.17254352569580078,102,10,16,0.010015767067670822,0.539568345323741,0.3,112,128,wall,both,1,1,1,1,1,1,0.0,14,14,0,alpha,full,huber,3.692918760424499,2.824590295280449,-1.9912439397439603,4.254500126696083,2.8541729197910466,-1.6430804705203748,4.406891496635029,2.899836570116981,-1.6040937593273,203.3143884287291,0.010015767067670822,250,3.1033071279525757,0.9667106336262846,1.0,disabled,single,3,row_4,row_3,-0.14038509130477905,-1.2049108743667603,0.6557425398616843,0.22615994249596227,0.865189686552378,1.0645257830619812,0.28160194549270995,1,76,0,disabled,0,0.0,50.0,alpha
1148,0.3518200218677521,-0.05114765837788582,-39.30807113647461,-0.08621418476104736,0.19076184928417206,0.13835185766220093,86,17,39,0.008800105191767216,0.5136986301369862,0.3,116,142,wall,both,1,1,1,1,1,1,0.0,17,17,0,alpha,full,huber,3.8553167354247977,1.3348265499280179,-1.92729833397696,4.217975157311749,1.8545535213206272,-1.6462217674557473,4.297206026861678,1.9200525293448787,-1.6327760597249967,204.04104133173868,0.008800105191767216,250,1.3359561562538147,1.0,1.0,disabled,single,3,row_4,row_3,-0.08621418476104736,-1.260710597038269,0.6617801582937376,0.20447321754112593,0.8668339412109273,1.1744964122772217,0.3266076806068171,0,76,0,disabled,0,0.0,50.0,alpha
1152,1.4925456047058105,-0.920534074306488,-38.04363250732422,-0.15155808627605438,0.4878399968147278,0.15548187494277954,101,20,22,0.01708229072391987,0.5119453924914675,0.3,103,143,wall,both,1,1,1,1,1,1,0.0,15,15,0,alpha,full,huber,3.992669860313339,2.2602600692474644,-1.9601422502824717,4.184604365884404,1.3922863486302455,-1.6878267657675738,4.22082842932107,1.3326596188800248,-1.6632743363162512,177.29697705088358,0.017082292586565018,250,2.7194225788116455,1.0,1.0,disabled,single,3,row_4,row_3,-0.15155808627605438,-0.9965929985046387,0.635101756586201,0.2728031084234318,0.8623305057508047,0.8450349122285843,0.30241196005906207,0,76,0,disabled,0,0.0,50.0,alpha
1156,0.6914119124412537,-0.1975415050983429,-39.210121154785156,-0.0994863361120224,0.6630628108978271,0.020917117595672607,73,9,47,0.010369930416345596,0.5376344086021506,0.3,89,129,wall,both,1,1,1,1,1,1,0.0,13,13,0,alpha,full,huber,4.573108829504382,-0.012069890484915524,-1.620611751137108,4.253673334814396,0.799075890247927,-1.6872482373343625,4.216663757395375,0.8438863017864613,-1.6782175017587035,190.80267031483126,0.010369930416345596,250,1.573700726032257,1.0,1.0,disabled,single,3,row_4,row_3,-0.0994863361120224,-0.7693373560905457,0.6127292515647326,0.31358552838530557,0.8559619107098054,0.6698510199785233,0.3903457822106622,0,76,0,disabled,0,0.0,50.0,alpha
1160,0.2541365623474121,-0.02668818086385727,-26.356157302856445,-0.29189950227737427,1.1461009979248047,0.00011157989501953125,119,21,27,0.010245646350085735,0.47318611987381703,0.3,120,167,wall,both,1,1,1,1,1,1,0.0,10,10,0,alpha,full,huber,5.249215700172748,0.25513271678816307,-1.385251110478752,4.562206621588938,0.012281510584691596,-1.5822410256743982,4.3478332673249795,0.04229609663684879,-1.6351646442178125,181.32242406792307,0.01024564541876316,250,1.1627106666564941,1.0,1.0,disabled,single,3,row_3,row_4,-0.29189950227737427,-0.4197484850883484,0.5126873739152205,0.4511578458294472,0.8216464087481562,0.12784898281097412,0.3761895248709324,1,77,0,disabled,0,0.0,50.0,alpha
1164,4.754075050354004,-8.067955017089844,-24.874408721923828,-0.2750428318977356,1.1125164031982422,3.5762786865234375e-07,102,0,36,0.011675415560603142,0.5208333333333334,0.3,120,138,wall,both,1,1,1,1,1,1,0.0,6,6,0,alpha,full,huber,5.446532836411566,-2.2050739232250143,-1.412514111415646,5.04922690124665,-1.5933883022834336,-1.459813426074256,4.646543432025791,-1.5820738493105684,-1.560773997835462,185.3938146091903,0.011675415560603142,250,5.779502630233765,0.519075808410638,1.0,disabled,single,3,row_4,row_3,-0.2750428318977356,-0.42313793301582336,0.5173762555969568,0.44615894872651096,0.8217789224769023,0.14809510111808777,0.383942070157939,1,78,0,disabled,0,0.0,50.0,alpha
1168,0.47982266545295715,-0.09513627737760544,-25.671634674072266,-0.30670300126075745,1.1747723817825317,0.001998007297515869,98,4,39,0.012109238654375076,0.5154639175257733,0.3,112,141,wall,both,1,1,1,1,1,1,0.0,6,6,0,alpha,full,huber,5.325827812816254,-1.3520353903358748,-1.372424226972774,5.2832719457679485,-1.7452500435543752,-1.384377658770742,4.9664950690186105,-1.8220409997022715,-1.4739189356063487,179.88266270402934,0.012109238654375076,250,1.150936782360077,1.0,1.0,disabled,single,3,row_4,row_3,-0.30670300126075745,-0.40330833196640015,0.5058151503235819,0.4592367885671169,0.81934070746371,0.0966053307056427,0.37488099074394465,0,78,0,disabled,0,0.0,50.0,alpha
1172,1.1089253425598145,-0.5081468820571899,-29.949939727783203,-0.2806202173233032,1.1237163543701172,0.0016885995864868164,100,0,45,0.016057349741458893,0.5084745762711864,0.3,120,145,wall,both,1,1,1,1,1,1,0.0,6,6,0,alpha,full,huber,5.648933419760185,-3.3408510990550013,-1.45866771649358,5.303363846994575,-2.665437856197099,-1.4386816470543842,5.174075088065585,-2.646548476809855,-1.4689368308289357,178.81774216183513,0.016057349741458893,250,1.8091183304786682,1.0,1.0,disabled,single,3,row_4,row_3,-0.2806202173233032,-0.42184731364250183,0.5156454596156654,0.44773088072040595,0.822427082665703,0.1412270963191986,0.38171562610246534,0,78,0,disabled,0,0.0,50.0,alpha
1176,1.1098706722259521,-0.5090136528015137,-27.047874450683594,-0.2850494682788849,1.1324431896209717,0.004007816314697266,102,6,24,0.014122765511274338,0.5319148936170213,0.3,100,132,wall,both,1,1,1,1,1,1,0.0,5,5,0,alpha,full,huber,5.61544359968204,-3.094538332736287,-1.4901059287380585,5.626520615984275,-3.31596634786825,-1.3509717037770337,5.4411615860704705,-3.381046460322003,-1.4155002028918426,171.1305592480765,0.014122766442596912,250,1.5399484634399414,1.0,1.0,disabled,single,3,row_4,row_3,-0.2850494682788849,-0.4155322313308716,0.5133986361014814,0.45059541326826696,0.8211786768073964,0.1304827630519867,0.381653198869894,0,78,0,disabled,0,0.0,50.0,alpha
1180,0.9294936060905457,-0.35700759291648865,-27.751127243041992,-0.21140813827514648,0.9753648638725281,2.8252601623535156e-05,89,11,46,0.015095754526555538,0.5067567567567568,0.3,120,146,wall,both,1,1,1,1,1,1,0.0,2,2,0,alpha,full,huber,5.650124240524587,-4.19027948602751,-1.3698676944422856,5.84425411964717,-3.8771076289830457,-1.267301343859393,5.68346144498832,-3.8893890639188955,-1.3124849948719786,129.5526963126571,0.015095754526555538,169,1.0391457080841064,1.0,1.0,disabled,single,3,row_4,row_3,-0.21140813827514648,-0.5147775411605835,0.5488304874325052,0.40521598647260576,0.8368678364246407,0.303369402885437,0.3885575129365253,0,78,0,disabled,0,0.0,50.0,alpha
1184,0.5624843835830688,-0.13073913753032684,-31.767417907714844,-0.13441617786884308,0.7773247957229614,0.0058977603912353516,86,9,53,0.012771764770150185,0.5033557046979865,0.3,120,148,wall,both,1,1,1,1,1,1,0.0,2,2,0,alpha,full,huber,5.666140630374395,-5.302404432407228,-1.486046614426927,5.872502547635524,-4.646087812831144,-1.3838252442358645,5.851802504265013,-4.547134902447143,-1.3568023616699496,169.35730379263046,0.012771764770150185,240,1.2777878642082214,1.0,1.0,disabled,single,3,row_4,row_3,-0.13441617786884308,-0.6302618384361267,0.5847214855639222,0.356127915758698,0.8487210355596629,0.49584566056728363,0.4022034603028434,0,78,0,disabled,0,0.0,50.0,alpha
1188,0.29377245903015137,-0.03566209226846695,0.0,-0.0035099461674690247,0.07410074770450592,0.023685157299041748,0,0,0,0.030597982928156853,0.5,0.3,0,0,wall,both,1,1,1,1,1,1,0.0,0,0,0,alpha,full,huber,5.1733034381989365,-6.441533521751839,-1.5947941521592488,5.90758647729266,-5.910621350558675,-1.4535543850455077,6.007380136766939,-5.816420936755157,-1.3936549129939357,63.76308662082892,0.030597982928156853,80,1.4926379919052124,1.0,1.0,disabled,single,3,row_4,row_3,-0.0035099461674690247,-1.2779299020767212,0.6679013286786365,0.18674060132286413,0.8632631563351567,1.2744199559092522,0.40010488174737646,0,78,0,disabled,0,0.0,50.0,alpha
1192,4.213270664215088,-6.727118015289307,0.0,-0.11298181116580963,0.42854705452919006,0.13297247886657715,0,0,0,0.026818308979272842,0.5,0.3,0,0,wall,both,1,1,1,1,1,1,0.0,0,0,0,alpha,full,huber,4.567102938213883,-5.963624746395482,-1.8983063221087029,5.716950970424254,-6.516565730951339,-1.5580552682381072,5.9188295210387345,-6.483020310380132,-1.479574918772789,122.07066712888363,0.02681831084191799,175,5.732476234436035,0.5233340492505578,1.0,disabled,single,3,row_4,row_5,-0.11298181116580963,-1.048209309577942,0.6435374816955641,0.2525862497458201,0.866448054480381,0.9352274984121323,0.32779319586326083,0,78,0,disabled,0,0.0,50.0,alpha
1196,2.661400318145752,-2.9268808364868164,0.0,-0.01742752268910408,0.22389081120491028,0.03925049304962158,0,0,0,0.009380249306559563,0.5,0.3,0,0,wall,both,1,1,1,1,1,1,0.0,0,0,0,alpha,full,huber,5.061676474934867,-7.464792820822811,-1.6745965551895603,5.504004128045806,-6.950215885151579,-1.639143506771557,5.729187528617314,-6.910885924120215,-1.5531120190313075,185.0182398081,0.009380249306559563,229,3.529635190963745,0.8499461949156475,1.0,disabled,single,3,row_4,row_5,-0.01742752268910408,-1.273667573928833,0.6747935194946217,0.1921289374372227,0.8507566302019914,1.256240051239729,0.3759210092615524,0,78,0,disabled,0,0.0,50.0,alpha
1200,0.2345363348722458,-0.022730287164449692,0.0,-0.05276229977607727,0.48726752400398254,0.00019741058349609375,0,0,0,0.007301646284759045,0.5,0.3,0,0,wall,both,1,1,1,1,1,1,0.0,0,0,0,alpha,full,huber,5.7362264484821015,-7.798293456658142,-1.373619726366026,5.563350503563936,-7.702270408332676,-1.5798007770194924,5.652618748372053,-7.665601003038047,-1.5572878168473203,196.57920574994586,0.007301646284759045,250,0.8466080725193024,1.0,1.0,disabled,single,3,row_4,row_3,-0.05276229977607727,-1.0067957639694214,0.6616613483995867,0.25486153623958374,0.828960613085068,0.9540334641933441,0.36023911246842516,0,78,0,disabled,0,0.0,50.0,alpha
1204,0.8433645367622375,-0.2939106225967407,0.0,-0.15413923561573029,0.822767436504364,0.03013545274734497,0,0,0,0.009307444095611572,0.5,0.3,0,0,wall,both,1,1,1,1,1,1,0.0,0,0,0,alpha,full,huber,7.251598961802895,-7.792349234312941,-1.1240030519303286,5.900171977658962,-8.359259422912254,-1.426535588112365,5.781650197214831,-8.401408315079468,-1.4839521761961503,210.6887239368752,0.009307444095611572,250,2.436614990234375,1.0,1.0,disabled,single,3,row_3,row_4,-0.15413923561573029,-0.8565747141838074,0.6202067262600642,0.307236366053457,0.8492001773304491,0.7024354785680771,0.32356319145079937,1,79,0,disabled,0,0.0,50.0,alpha
1208,0.20497895777225494,-0.017362138256430626,0.0,-0.3152732849121094,1.190786600112915,0.006420135498046875,0,0,0,0.006964502856135368,0.5,0.3,0,0,wall,both,1,1,1,1,1,1,0.0,0,0,0,alpha,full,huber,6.092195544059802,-8.462471540383008,-1.5068672761651505,6.039856855090293,-8.733533275814903,-1.2772319787590136,5.9304920242614045,-8.794185560189884,-1.325849979755392,202.15227569134186,0.006964502856135368,250,0.7991138994693756,1.0,1.0,disabled,single,3,row_4,row_3,-0.3152732849121094,-1.004744291305542,0.6327696039329874,0.31755002807695953,0.8030019596283217,0.6894710063934326,0.1423756130101705,1,80,0,disabled,0,0.0,50.0,alpha
1212,1.377270221710205,-0.7838319540023804,0.0,-0.8653908371925354,1.907199740409851,0.11825370788574219,0,0,0,0.010382801294326782,0.5,0.3,0,0,wall,both,1,1,1,1,1,1,0.0,0,0,0,alpha,full,huber,4.553571442809375,-9.31875782392948,-0.9022467160954037,5.861173084396347,-9.563020854491594,-0.8661704599843102,6.004648318264145,-9.613926051305793,-0.8236682770967567,193.16002207606914,0.010382801294326782,250,3.110519289970398,0.9644691835454106,1.0,disabled,single,3,row_4,row_5,-0.8653908371925354,-1.6860637664794922,0.6575672683832565,0.2894186161560554,0.7902151865282343,0.8206729292869568,-0.4461826263572223,0,80,0,disabled,0,0.0,50.0,alpha
1216,0.9736213684082031,-0.39171016216278076,0.0,-1.9847404956817627,2.2138748168945312,0.4684186577796936,0,0,0,0.009194385260343552,0.5,0.3,0,0,wall,both,1,1,1,1,1,1,0.0,0,0,0,alpha,full,huber,8.311981247145276,-9.292431601940537,-0.35979503748338004,6.425423807725675,-9.852426367648023,-0.44266141685400767,6.389058585614993,-9.921055522029919,-0.44105432038187065,218.23345469447762,0.009194385260343552,250,2.777343988418579,1.0,1.0,disabled,single,3,row_3,row_2,-1.9847404956817627,-3.147529363632202,0.6651463543040416,0.20793348193203204,0.8597676771205663,1.1627888679504395,-1.5769923148012768,1,81,0,disabled,0,0.0,50.0,alpha
1220,0.2615806758403778,-0.028274565935134888,-47.81886291503906,-2.9330108165740967,3.1135284900665283,0.4368065595626831,6,0,71,0.014456193894147873,0.6607929515418502,0.3,77,77,wall,both,1,1,1,1,1,1,0.0,1,1,0,alpha,full,huber,7.436074332045368,-10.244061165936461,-0.3975738506085085,7.17032322944956,-10.065157928585837,-0.07888602091434613,6.99994220920993,-10.097080572570473,-0.05690293410176128,126.4083974761367,0.014456194825470448,250,0.925377368927002,1.0,1.0,disabled,single,3,row_3,row_4,-2.9330108165740967,-3.44938325881958,0.5903237339779861,0.35223502795004574,0.8428014876483645,0.5163724422454834,-2.4059266256676177,0,81,1,disabled,0,0.0,50.0,alpha
1224,1.349719524383545,-0.7527862787246704,-49.78071975708008,-5.279023170471191,3.5176475048065186,0.7871935367584229,14,0,104,0.015568860806524754,0.5597014925373135,0.3,99,118,wall,both,1,1,1,1,1,1,0.0,2,2,0,alpha,full,huber,6.905245222070031,-10.700685062623796,-0.03714159677385265,7.61513312900599,-10.194699384478623,0.46200400722221574,7.606610305737526,-10.16292648077501,0.5494861328135121,134.53834150401468,0.015568860806524754,250,2.2679613828659058,1.0,1.0,disabled,single,3,row_4,row_3,-5.279023170471191,-5.3537397384643555,0.5057382086772318,0.4693283327093166,0.7918476566886091,0.07471656799316406,-4.597287052736663,1,82,1,disabled,0,0.0,50.0,alpha
1228,3.0826973915100098,-3.924043655395508,-49.75400924682617,-0.33491402864456177,1.227644681930542,0.00030857324600219727,4,0,124,0.0373079776763916,0.539568345323741,0.3,101,128,wall,both,1,1,1,1,1,1,0.0,3,3,0,alpha,full,huber,8.085773893536135,-8.332154742109973,1.7963098542033862,7.944442379070282,-9.67183791029865,0.9402345165608935,7.88565050013481,-9.849942336762163,0.8404007079821696,98.45104648175196,0.0373079776763916,250,4.9285569190979,0.6086974441494541,1.0,disabled,single,3,row_3,row_2,-0.33491402864456177,-1.6478954553604126,0.6712358720891379,0.18057373016166314,0.8595844102255467,1.3129814267158508,0.06372065190301551,1,83,0,disabled,0,0.0,50.0,alpha
1232,2.64591646194458,-2.89292311668396,-46.919647216796875,-1.6482058763504028,2.2823073863983154,0.346717894077301,11,4,108,0.016384566202759743,0.5494505494505495,0.3,98,123,wall,both,1,1,1,1,1,1,0.0,10,10,0,alpha,full,huber,8.343859588731899,-9.354856246464845,0.912582763586439,8.12336517040946,-9.382814607617453,1.2459840299387324,8.149202487778574,-9.45482223432968,1.1988922356797875,155.45609451508517,0.016384566202759743,250,2.742354989051819,1.0,1.0,disabled,single,3,row_3,row_2,-1.6482058763504028,-2.9175493717193604,0.6700017408196802,0.18828124241073663,0.8596185664613245,1.2693434953689575,-1.2477309079882306,0,83,0,disabled,0,0.0,50.0,alpha
1236,1.800610065460205,-1.3397506475448608,-44.152523040771484,-0.8031594157218933,1.9005661010742188,0.010605037212371826,20,3,94,0.016883334144949913,0.5617977528089888,0.3,104,117,wall,both,1,1,1,1,1,1,0.0,8,8,0,alpha,full,huber,7.68747288560604,-9.046801724958252,1.6257020017812218,8.168686860241053,-9.04509418626952,1.5124656214290182,8.228792027902738,-9.070887832325145,1.4949703282922036,145.33277608972355,0.016883336007595062,250,1.9935162663459778,1.0,1.0,disabled,single,3,row_3,row_4,-0.8031594157218933,-1.7457475662231445,0.6492955454300874,0.25297732201785034,0.8553874336822647,0.9425881505012512,-0.37129213565787345,0,83,0,disabled,0,0.0,50.0,alpha
1240,2.026916265487671,-1.6976815462112427,-38.67244338989258,-0.09036723524332047,0.596559464931488,0.05257481336593628,59,6,95,0.014051920734345913,0.48387096774193555,0.3,114,160,wall,both,1,1,1,1,1,1,0.0,11,11,0,alpha,full,huber,7.286294512198525,-7.506540382367747,2.0971732021792207,7.731034141411579,-7.511860960134953,2.1646682350614337,8.033234983473404,-7.589508706398229,2.0962610555990198,172.23702947092005,0.014051920734345913,250,2.707916021347046,1.0,1.0,disabled,single,3,row_3,row_4,-0.09036723524332047,-0.8858612179756165,0.6329524886268095,0.28568830650876936,0.8515333943798333,0.795493982732296,0.36699268187318895,0,83,0,disabled,0,0.0,50.0,alpha
1244,2.8841731548309326,-3.437378168106079,-37.53799819946289,-0.2750805616378784,1.1125868558883667,0.0008435249328613281,83,0,68,0.018917551264166832,0.4983388704318937,0.3,120,151,wall,both,1,1,1,1,1,1,0.0,11,11,0,alpha,full,huber,8.72686179230878,-6.305120487246887,1.7303905355966682,7.5565098312556,-6.457586553129806,2.0077397755631248,7.516256230374976,-6.543043097536012,2.0394172567126176,171.7222756099225,0.018917551264166832,250,4.022175073623657,0.7458650966421609,1.0,disabled,single,3,row_3,row_2,-0.2750805616378784,-0.4512183964252472,0.5225214806486326,0.4381355158740545,0.8280161217073762,0.17613783478736877,0.3740086230610896,0,83,0,disabled,0,0.0,50.0,alpha
1248,3.2286648750305176,-4.285946369171143,-31.33692169189453,-0.2827567458152771,1.1273232698440552,0.009179115295410156,105,24,19,0.019998963922262192,0.5033557046979865,0.3,96,148,wall,both,1,1,1,1,1,1,0.0,12,12,0,alpha,full,huber,8.4748520356652,-3.4781350032483,1.894875302455869,7.404788475494824,-3.883903874395198,1.9230747830305954,6.8154743934804785,-3.9392598749189345,2.0214664117755277,145.05907367513464,0.01999896578490734,250,5.445342302322388,0.5509295528989111,1.0,disabled,single,3,row_2,row_3,-0.2827567458152771,-0.42396095395088196,0.5164959047890632,0.4484795803143131,0.8182667624061452,0.14120420813560486,0.3779311734109845,1,84,0,disabled,0,0.0,50.0,alpha
1252,1.3635549545288086,-0.7682983875274658,-22.081830978393555,-0.16563470661640167,0.8540233373641968,0.02951490879058838,76,15,13,0.009867238812148571,0.5905511811023622,0.3,89,104,wall,both,1,1,1,1,1,1,0.0,9,9,0,alpha,full,huber,4.884992402318584,-0.770735890914068,1.969435303386338,6.069360760402722,-1.1660902980699517,1.9796661811783782,5.821378217245062,-1.2692224154526786,2.030291289644145,182.90143228222013,0.009867238812148571,250,2.701046109199524,1.0,1.0,disabled,single,3,row_4,row_3,-0.16563470661640167,-0.6293447613716125,0.5783381201332998,0.3637433824747491,0.849545583570235,0.4637100547552109,0.3819618917995887,1,85,0,disabled,0,0.0,50.0,alpha
1256,1.2156977653503418,-0.6107111573219299,-15.480454444885254,-0.20166990160942078,0.951074481010437,0.012720108032226562,104,5,15,0.010372260585427284,0.5474452554744526,0.3,107,124,wall,both,1,1,1,1,1,1,0.0,13,13,0,alpha,full,huber,4.931043389458071,-0.43696775298163026,1.8855426899728238,5.407583429189085,-0.6824055235336102,2.0311609531830177,5.4852753130311775,-0.7146977422141096,2.0454950418076923,194.77402120207952,0.010372260585427284,250,1.935275912284851,1.0,1.0,disabled,single,3,row_4,row_3,-0.20166990160942078,-0.5532012581825256,0.5578634684207844,0.39251819609265154,0.841687637559461,0.35153135657310486,0.38197112517999166,0,85,0,disabled,0,0.0,50.0,alpha
1260,1.6305689811706543,-1.0986592769622803,-23.322101593017578,-0.16078265011310577,0.8506007790565491,0.00010055303573608398,92,30,15,0.014432013034820557,0.5226480836236934,0.3,94,137,wall,both,1,1,1,1,1,1,0.0,10,10,0,alpha,full,huber,7.26037617179434,0.3419496875644146,1.7555862965578708,5.858798062497773,0.25789238715796736,1.8056602604725898,5.442998852393068,0.21729056127335894,1.8446240175349224,173.28701317726225,0.014432013966143131,250,3.9585347175598145,0.7578561801396325,1.0,disabled,single,3,row_3,row_2,-0.16078265011310577,-0.6078453660011292,0.5769492125824487,0.3689612138352468,0.8429859604464376,0.4470627158880234,0.38921838602268455,1,86,0,disabled,0,0.0,50.0,alpha
1264,2.0091729164123535,-1.6680891513824463,-22.2303524017334,-0.13411574065685272,0.7768630981445312,0.000498354434967041,81,24,8,0.016041431576013565,0.5703422053231939,0.3,71,113,wall,both,1,1,1,1,1,1,0.0,13,13,0,alpha,full,huber,7.2516849947022015,-0.041916624944728254,1.7098306302508366,6.204440377024752,0.8737874366357318,1.7586405214755445,5.722004460192142,0.9076649019336942,1.779033711789035,177.21395812663522,0.016041429713368416,250,3.7907484769821167,0.7914004366726948,1.0,disabled,single,3,row_3,row_2,-0.13411574065685272,-0.6745211482048035,0.5940113242250534,0.3460187540290458,0.8453616452125066,0.5404054075479507,0.38674115479242,0,86,0,disabled,0,0.0,50.0,alpha
1268,3.0523009300231934,-3.848679780960083,-22.28527069091797,-0.16389727592468262,0.8587924838066101,0.0008475780487060547,89,21,16,0.012296132743358612,0.5434782608695653,0.3,83,126,wall,both,1,1,1,1,1,1,0.0,5,5,0,alpha,full,huber,6.9177149513366,2.199268702900423,1.703416661114912,6.663770729819011,1.467989758314026,1.7530132424083187,6.1361015111388495,1.4565730207659984,1.7698830062609874,169.04261041378513,0.012296132743358612,250,3.8897454738616943,0.7712586903588925,1.0,disabled,single,3,row_3,row_2,-0.16389727592468262,-0.6144921183586121,0.5768626552078436,0.367605136396604,0.8457730168843518,0.45059484243392944,0.3862537974523318,0,86,0,disabled,0,0.0,50.0,alpha
1272,2.3499553203582764,-2.281938076019287,-22.062524795532227,-0.2628350555896759,1.0870438814163208,0.00771564245223999,107,11,19,0.012625453062355518,0.5226480836236934,0.3,119,137,wall,both,1,1,1,1,1,1,0.0,6,6,0,alpha,full,huber,7.2919199758316084,1.449230393160827,1.6392346552024417,6.874338838133683,2.125667627763825,1.6975630523793153,6.428431190348816,2.1717172088657777,1.7233828216940479,162.5735247009994,0.012625453993678093,250,3.2734673023223877,0.9164594367176436,1.0,disabled,single,3,row_3,row_2,-0.2628350555896759,-0.4546714127063751,0.5265661450613325,0.43464977775773933,0.8259230674633908,0.19183635711669922,0.37854326806396943,0,86,0,disabled,0,0.0,50.0,alpha
1276,1.1269524097442627,-0.5248023271560669,-35.282508850097656,-0.2719789147377014,0.9906705617904663,0.11489790678024292,96,5,25,0.011748266406357288,0.5434782608695653,0.3,115,126,wall,both,1,1,1,1,1,1,0.0,7,7,0,alpha,full,huber,5.024956487070252,2.2847526410330468,2.228674811671148,6.691664907949599,2.522829284553148,1.7625086127118526,6.515612791101436,2.636223228336812,1.7356481785767794,194.95249240262547,0.011748266406357288,250,2.7748955488204956,1.0,1.0,disabled,single,3,row_3,row_4,-0.2719789147377014,-0.558704137802124,0.5448679414108407,0.40904216060714704,0.8383342557321639,0.2867252230644226,0.33523290828074936,0,86,0,disabled,0,0.0,50.0,alpha
1280,0.33462008833885193,-0.04626884683966637,-19.974098205566406,-0.270599901676178,1.1034685373306274,0.0017583966255187988,116,7,16,0.010871815495193005,0.5190311418685121,0.3,120,139,wall,both,1,1,1,1,1,1,0.0,5,5,0,alpha,full,huber,7.115467077435511,2.4878552728811476,1.685280781265499,6.804781409119304,3.052037556405989,1.7170295718219608,6.605645446363383,3.1720404999510827,1.726766941349588,189.64548215740402,0.010871815495193005,250,1.311307966709137,1.0,1.0,disabled,single,3,row_3,row_2,-0.270599901676178,-0.43954285979270935,0.521413804921276,0.4403637190639441,0.8254875769134103,0.16894295811653137,0.3806113995147947,0,86,0,disabled,0,0.0,50.0,alpha
1284,0.9275217056274414,-0.3554944097995758,-35.09767150878906,-0.06159625202417374,0.4278027415275574,0.07160252332687378,107,16,15,0.008626364171504974,0.5208333333333334,0.3,101,138,wall,both,1,1,1,1,1,1,0.0,5,5,0,alpha,full,huber,6.279231906436794,3.3358885732803314,2.1400595055456417,6.622204199278928,3.328686811926655,1.7893890157864976,6.593752639560208,3.378646424517947,1.7569843958054259,200.41144488253724,0.008626364171504974,250,1.5092484951019287,1.0,1.0,disabled,single,3,row_3,row_2,-0.06159625202417374,-0.9392883777618408,0.6367748803584553,0.26473360635617577,0.8675227651363255,0.8776921257376671,0.3897428398791105,0,86,0,disabled,0,0.0,50.0,alpha
1288,3.029693126678467,-3.7926273345947266,-33.37910461425781,-0.13378484547138214,0.15174192190170288,0.1775490641593933,120,14,13,0.01413258071988821,0.5050505050505051,0.3,114,147,wall,both,1,1,1,1,1,1,0.0,6,6,0,alpha,full,huber,6.205500099549023,2.1670880146879616,2.3496819166953653,6.593523905762061,3.4754260792643343,1.8267375760899986,6.563673959059964,3.5861080082289645,1.7880605840996608,196.38913525183185,0.01413258071988821,250,4.554483890533447,0.6586915382960379,1.0,disabled,single,3,row_3,row_2,-0.13378484547138214,-1.3350902795791626,0.6612993072052052,0.19891967757086745,0.8697498244779278,1.2013054341077805,0.279763886456265,0,86,0,disabled,0,0.0,50.0,alpha
1292,2.375056743621826,-2.3309481143951416,-19.082775115966797,-0.3176523745059967,1.1955389976501465,0.0025795698165893555,115,7,13,0.015738684684038162,0.5263157894736842,0.3,110,135,wall,both,1,1,1,1,1,1,0.0,5,5,0,alpha,full,huber,7.067537649925249,3.293292458190922,1.6727495175526057,6.687738410678204,3.7389298295110267,1.7853811688462151,6.581865998530821,3.8611166961914742,1.8065156864431096,167.66425397000174,0.015738684684038162,250,3.1989530324935913,0.9378068291491898,1.0,disabled,single,3,row_3,row_2,-0.3176523745059967,-0.36142969131469727,0.49427284592020704,0.47310169604112484,0.81405454204033,0.04377731680870056,0.3870152200840581,0,86,0,disabled,0,0.0,50.0,alpha
1296,0.1886042356491089,-0.014698990620672703,-26.488821029663086,-0.33152279257774353,1.2212306261062622,0.0049394965171813965,128,8,13,0.014798175543546677,0.5016722408026756,0.3,120,149,wall,both,1,1,1,1,1,1,0.0,5,5,0,alpha,full,huber,6.750851942765473,5.450590683328958,1.6410187821398203,6.633537281720532,4.377873103667323,1.7709208621434127,6.565807688554798,4.293918993191502,1.785812861425522,181.19821773663574,0.014798175543546677,250,1.6641691327095032,1.0,1.0,disabled,single,3,row_2,row_3,-0.33152279257774353,-0.36484605073928833,0.4921212244678312,0.47599236737491823,0.8121504164837284,0.0333232581615448,0.37750740906663194,1,87,0,disabled,0,0.0,50.0,alpha
1300,2.264159917831421,-2.1183555126190186,-21.811105728149414,-0.2701302468776703,1.102464199066162,0.0029404759407043457,117,15,12,0.013561959378421307,0.5102040816326531,0.3,120,144,wall,both,1,1,1,1,1,1,0.0,3,3,0,alpha,full,huber,6.852964014148176,5.557914295261704,1.6637464832199722,6.7374217885020045,5.040769406507364,1.708391191918061,6.589262807562585,4.9528481461743,1.742875615430755,171.6657249593891,0.013561959378421307,250,2.745556592941284,1.0,1.0,disabled,single,3,row_2,row_3,-0.2701302468776703,-0.43655937910079956,0.5206891471310958,0.44085855405045693,0.8261702591551184,0.16642913222312927,0.38247181499689276,0,87,0,disabled,0,0.0,50.0,alpha
1304,0.6633286476135254,-0.18182019889354706,-23.41530990600586,-0.17873507738113403,0.8964114785194397,0.006408393383026123,116,1,8,0.012413258664309978,0.5454545454545454,0.3,120,125,wall,both,1,1,1,1,1,1,0.0,1,1,0,alpha,full,huber,7.00664797706017,5.881141755616251,1.627180986854687,6.912276203140987,5.468209696555391,1.6522316359850726,6.712243485942512,5.432199981471573,1.696064413270653,168.9320130041835,0.012413258664309978,250,1.0355751514434814,1.0,1.0,disabled,single,3,row_2,row_3,-0.17873507738113403,-0.5787025690078735,0.5672454096227082,0.3802483301455269,0.844007747344176,0.3999674916267395,0.3882281703092588,0,87,0,disabled,0,0.0,50.0,alpha
1308,0.7310840487480164,-0.22086112201213837,-37.07461166381836,-0.26541656255722046,0.2159384787082672,0.24997669458389282,97,3,32,0.023267777636647224,0.5319148936170213,0.3,120,132,wall,both,1,1,1,1,1,1,0.0,1,1,0,alpha,full,huber,5.513235802632739,6.283518090396523,2.4601970241197835,6.545500529533911,6.751924473341109,1.9180475662603231,6.543988060803577,6.766132390443055,1.9023935925657165,132.94146142207137,0.023267779499292374,207,2.0825583934783936,1.0,1.0,disabled,single,3,row_3,row_2,-0.25421011447906494,-1.4442498683929443,0.667988492584397,0.20320822511318207,0.857318423963281,1.1900397539138794,0.14927421778487165,1,88,0,disabled,0,0.0,50.0,alpha
1312,1.3047863245010376,-0.703498899936676,0.0,-0.09414515644311905,0.6220101118087769,0.04473471641540527,0,0,0,0.011876017786562443,0.5,0.3,0,0,wall,both,1,1,1,1,1,1,0.0,0,0,0,alpha,full,huber,7.814793704762692,10.10837405722553,1.4007501531134947,6.3347006296939,9.19013612737563,1.8510175039414396,6.04738845878553,9.116513358907675,1.9252877644507294,186.02470186315153,0.011876017786562443,250,3.3156986236572266,0.9047866952066319,1.0,disabled,single,3,row_2,row_1,-0.09414515644311905,-0.7989852428436279,0.6207223625848769,0.3067532916867531,0.8487903795898878,0.7048400864005089,0.3827262217599026,1,89,0,disabled,0,0.0,50.0,alpha
1316,2.579540252685547,-2.749598264694214,-36.11248016357422,-0.08859193325042725,0.5078915953636169,0.08752638101577759,78,0,4,0.014961319044232368,0.646551724137931,0.3,82,82,wall,both,1,1,1,1,1,1,0.0,2,2,0,alpha,full,huber,4.315526836648227,8.786463700674348,2.161043556361271,5.677270791232143,9.792098921799106,1.9890294327123528,5.685040619622588,9.933301473477275,1.9758617408343664,166.70949146623465,0.014961319044232368,250,4.219526052474976,0.7109803240201209,1.0,disabled,single,3,row_3,row_4,-0.08495432883501053,-0.888647735118866,0.6313303475600373,0.28262921647741923,0.8585528723436019,0.8036934062838554,0.3749716943939588,1,90,0,disabled,0,0.0,50.0,alpha
1320,1.7483618259429932,-1.2631278038024902,-10.010893821716309,-0.3875904679298401,1.3200604915618896,0.009325802326202393,58,0,9,0.01627102866768837,0.6912442396313364,0.3,67,67,wall,both,1,1,1,1,1,1,0.0,2,2,0,alpha,full,huber,6.137730588211027,10.597259572539803,1.5643137917289085,5.6397022308484726,10.886679746023937,1.5574836883057566,5.425563310319168,10.962278012441399,1.5977097224606274,165.4457369772973,0.01627102866768837,250,2.9105734825134277,1.0,1.0,disabled,single,3,row_2,row_3,-0.3875904679298401,-0.7418094277381897,0.5591766441433412,0.3923861626481845,0.8387674123811334,0.3542189598083496,0.19369938755833882,1,91,0,disabled,0,0.0,50.0,alpha
1324,3.1011404991149902,-3.9697694778442383,-36.43135452270508,-1.3665399551391602,2.4096567630767822,0.13665133714675903,29,0,47,0.03106115385890007,0.663716814159292,0.3,76,76,wall,both,1,1,1,1,1,1,0.0,1,1,0,alpha,full,huber,3.0879150610666053,11.29406149185741,1.2311674097364316,4.781149188531836,11.694529840706554,1.0917469724510351,5.088828039787069,11.868086912172599,1.0275942224600563,112.34840113902101,0.03106115572154522,250,5.386801719665527,0.5569167302089362,1.0,disabled,single,3,row_4,row_3,-1.3665399551391602,-1.4118083715438843,0.4981487282285539,0.47610111926169096,0.794692687944451,0.04526841640472412,-0.6696833596556782,1,92,0,disabled,0,0.0,50.0,alpha
1328,3.015532970428467,-3.757519483566284,-44.87240219116211,-2.0098249912261963,2.724705457687378,0.29700249433517456,20,0,80,0.030160365626215935,0.6000000000000001,0.3,100,100,wall,both,1,1,1,1,1,1,0.0,1,1,0,alpha,full,huber,8.470475512533179,12.723806425592674,0.8842914967367266,5.565148559478129,12.018332161143782,0.8835241843224807,5.418273301537608,12.094396040384435,0.8404258150782287,110.03782666174612,0.030160367488861084,250,5.78374171257019,0.5186953617724492,1.0,disabled,single,3,row_1,row_2,-2.0098249912261963,-2.55122971534729,0.6247972610600263,0.3635884116653496,0.7134618228805722,0.5414047241210938,-1.5394969270531829,1,93,1,disabled,0,0.0,50.0,alpha
1332,1.9294283390045166,-1.538303256034851,0.0,-0.9134138226509094,1.7564244270324707,0.23627066612243652,0,0,0,0.008837233297526836,0.5,0.3,0,0,wall,both,1,1,1,1,1,1,0.0,0,0,0,alpha,full,huber,9.041697563423783,11.92021005321655,-0.7643826482518361,6.509856483563755,12.400381832128918,0.41066496531668867,6.098667108080074,12.397684235994449,0.4231836349236735,210.94771216141933,0.008837233297526836,250,3.7401018142700195,0.8021172013429613,1.0,disabled,single,3,row_1,row_2,-0.9134138226509094,-1.852394700050354,0.714474646597465,0.27937826028469553,0.6277715309179847,0.9389808773994446,-0.5772060562908048,0,93,0,disabled,0,0.0,50.0,alpha
1336,0.38212791085243225,-0.060339562594890594,0.0,-3.73337459564209,3.3423800468444824,0.5535796880722046,0,0,0,0.007126686628907919,0.5,0.3,0,0,wall,both,1,1,1,1,1,1,0.0,0,0,0,alpha,full,huber,6.984252472131445,13.20340849689471,0.5929556121053401,6.8883702839033845,12.543954806234956,-0.022097219260781044,6.669299264561049,12.549990479884602,-0.002121079709788809,213.49665203864492,0.007126686628907919,250,1.7598488330841064,1.0,1.0,disabled,single,3,row_2,row_1,-3.73337459564209,-4.670094013214111,0.6519901388909582,0.25552238538569005,0.8477026106858552,0.9367194175720215,-3.30564875407186,1,94,1,disabled,0,0.0,50.0,alpha
1340,0.8659731149673462,-0.30987995862960815,-43.89573287963867,-0.09795928001403809,0.6504256129264832,0.03109842538833618,12,11,42,0.031249739229679108,0.6976744186046512,0.3,51,65,wall,both,1,1,1,1,1,1,0.0,3,3,0,alpha,full,huber,10.244086439402555,10.639217546596088,-1.7161521373456574,8.622295054891492,11.961016599980324,-1.1314146353901848,8.264007576822674,12.254192264393911,-0.9848696898447278,99.01939302979255,0.031249739229679108,250,3.4570391178131104,0.8677946351668046,1.0,disabled,single,3,row_1,row_2,-0.09795928001403809,-2.1425585746765137,0.8846957375085909,0.11450797735700236,0.3622188031267669,2.0445992946624756,0.024552212498062137,1,95,0,disabled,0,0.0,50.0,alpha
1344,2.429978609085083,-2.4399983882904053,-39.49174499511719,-0.5964483618736267,1.6382560729980469,0.0027083158493041992,37,14,51,0.02236712910234928,0.5952380952380952,0.3,67,102,wall,both,1,1,1,1,1,1,0.0,11,11,0,alpha,full,huber,8.697960582882901,11.589584264615725,-1.392494078014249,8.541327652547857,11.4583573959683,-1.7021391690128613,8.599977946330736,11.558973941063952,-1.6598083178365708,154.58212953513424,0.02236712910234928,250,2.8719279766082764,1.0,1.0,disabled,single,3,row_1,row_2,-0.5964483618736267,-1.1288926601409912,0.622439803706057,0.3654767349593291,0.7163350593721308,0.5324442982673645,-0.12234000568071735,0,95,0,disabled,0,0.0,50.0,alpha
1348,1.5239685773849487,-0.9597025513648987,-42.41103744506836,-0.6728091835975647,1.7399954795837402,0.0017608404159545898,34,0,103,0.02483600191771984,0.5226480836236934,0.3,99,137,wall,both,1,1,1,1,1,1,0.0,10,10,0,alpha,full,huber,10.858925336651508,11.583697959957668,-1.4067562375420708,9.04682723254712,11.093704032104917,-1.787279582004701,8.80493732659869,11.11944023891613,-1.82036435870687,131.90012747593235,0.02483600191771984,250,3.584112048149109,0.8370274030772131,1.0,disabled,single,3,row_1,row_2,-0.6728091835975647,-3.5624582767486572,0.9471858941293165,0.05265947996515869,0.20777570097513703,2.8896490931510925,-0.6185492764566152,0,95,0,disabled,0,0.0,50.0,alpha
1352,2.352128267288208,-2.2861602306365967,-34.433326721191406,-0.3747219145298004,1.2985460758209229,0.0012046098709106445,65,7,89,0.018431872129440308,0.48231511254019294,0.3,120,161,wall,both,1,1,1,1,1,1,0.0,13,13,0,alpha,full,huber,8.417194931041426,10.518979595660618,-1.417019180235557,8.994472153566427,10.840463695071884,-1.6790825126731423,8.843707460883953,10.760252990975559,-1.7505312832377629,178.80723039306096,0.018431872129440308,250,2.2938121557235718,1.0,1.0,disabled,single,3,row_1,row_2,-0.3747219145298004,-0.40134650468826294,0.4931888939751669,0.4802312038299445,0.7972818858080488,0.026624590158462524,0.33214111171421423,0,95,0,disabled,0,0.0,50.0,alpha
1356,0.8444210290908813,-0.2946474552154541,-35.15605163574219,-0.18908920884132385,0.9197052717208862,0.01657092571258545,66,2,94,0.013212927617132664,0.4807692307692307,0.3,120,162,wall,both,1,1,1,1,1,1,0.0,13,13,0,alpha,full,huber,8.8335743283231,10.611111081163244,-1.6484097359553884,8.935596829881057,10.454628652286631,-1.5705392192557415,8.849052963389196,10.38399482370038,-1.636729494759672,171.37500497266242,0.013212929479777813,250,1.2874297499656677,1.0,1.0,disabled,single,3,row_1,row_2,-0.18908920884132385,-0.6880499720573425,0.6143129333183469,0.3729870492313962,0.7226188316196612,0.4989607632160187,0.29816160844301115,0,95,0,disabled,0,0.0,50.0,alpha
1360,1.5312366485595703,-0.968878448009491,-32.63665771484375,-0.1146860122680664,0.7183732986450195,0.0012097954750061035,101,0,65,0.013377288356423378,0.4746835443037975,0.3,120,166,wall,both,1,1,1,1,1,1,0.0,9,9,0,alpha,full,huber,9.037493578230817,9.67670787011877,-1.515301985132614,9.176342557923434,9.817831826188439,-1.4080475043302354,8.993394695478818,9.808570542910797,-1.4570093365151708,177.71369373349674,0.013377288356423378,250,1.7916531562805176,1.0,1.0,disabled,single,3,row_1,row_2,-0.1146860122680664,-0.6861575245857239,0.6316178422353094,0.3566707256068077,0.7099998079184114,0.5714715123176575,0.3447847354673223,0,95,0,disabled,0,0.0,50.0,alpha
1364,1.1673989295959473,-0.5631488561630249,-35.882293701171875,-0.1586533933877945,0.8427100777626038,0.014345824718475342,84,5,46,0.012028617784380913,0.5263157894736842,0.3,120,135,wall,both,1,1,1,1,1,1,0.0,8,8,0,alpha,full,huber,8.174698166303916,9.240820872126042,-1.2018693135394192,8.935939454631843,9.370231986711426,-1.4380522985743223,8.990435017231452,9.363921743495006,-1.4398239632895784,170.367456557968,0.012028615921735764,250,1.9585447311401367,1.0,1.0,disabled,single,3,row_2,row_1,-0.1586533933877945,-0.5892753601074219,0.5733898309305028,0.37276338130935854,0.8440799946818703,0.4306219667196274,0.3975360669892847,1,96,0,disabled,0,0.0,50.0,alpha
1368,2.03336501121521,-1.7085014581680298,-35.81586456298828,-0.15498122572898865,0.8349612355232239,0.003727853298187256,96,35,53,0.011635733768343925,0.44910179640718567,0.3,120,184,wall,both,1,1,1,1,1,1,0.0,10,10,0,alpha,full,huber,8.943203315493077,9.458388677142382,-1.5524815299641344,8.908926601219406,8.706925155299068,-1.5279173084772675,8.997040212436513,8.675894961968446,-1.527350442769607,193.44237788714156,0.011635733768343925,250,2.6645528078079224,1.0,1.0,disabled,single,3,row_1,row_2,-0.15498122572898865,-0.5944350361824036,0.5991406008056963,0.38607918310479883,0.7366423666040313,0.4394538104534149,0.3572777567955393,1,97,0,disabled,0,0.0,50.0,alpha
1372,0.6543077826499939,-0.17690855264663696,-29.301616668701172,-0.29132795333862305,1.1448193788528442,0.004453897476196289,141,25,20,0.011612653732299805,0.4464285714285714,0.3,120,186,wall,both,1,1,1,1,1,1,0.0,9,9,0,alpha,full,huber,8.949682006005153,7.8233172991284246,-1.4888563794470038,9.035885602631318,8.238873746556111,-1.5129941780760174,9.024968260578298,8.261738641214668,-1.5334601411475182,147.38138524949645,0.011612653732299805,196,0.5686303377151489,1.0,1.0,disabled,single,3,row_1,row_2,-0.29132795333862305,-0.39305222034454346,0.5122763133297575,0.4627282214059972,0.7914523618870095,0.10172426700592041,0.37756317170371956,0,97,0,disabled,0,0.0,50.0,alpha
1376,2.0328116416931152,-1.7075716257095337,-49.62017822265625,-0.02491336688399315,0.25578415393829346,0.05041545629501343,82,0,77,0.033656101673841476,0.4854368932038835,0.3,120,159,wall,both,1,1,1,1,1,1,0.0,9,9,0,alpha,full,huber,10.33275878864355,8.045493632885831,-1.0755517105246608,9.209320466630038,7.805825519759795,-1.4282165593777334,9.126820329048249,7.774744667058561,-1.4863218960460427,93.92439976237056,0.033656105399131775,127,3.393503189086914,0.8840421926366914,1.0,disabled,single,3,row_1,row_2,-0.02491336688399315,-1.6701771020889282,0.8367346647877584,0.16145771432999628,0.4549830532869192,1.645263735204935,0.153334899288176,0,97,0,disabled,0,0.0,50.0,alpha
1380,3.5797600746154785,-5.156430244445801,-13.212095260620117,-0.264762818813324,1.0915133953094482,0.00130540132522583,117,0,14,0.03626075014472008,0.5338078291814947,0.3,120,131,wall,both,1,1,1,1,1,1,0.0,9,9,0,alpha,full,huber,9.006445519564506,5.980870680467294,-1.3500382264950856,9.109585663525369,6.426994598703949,-1.3356460237086094,9.17153103157274,6.471079931287183,-1.3004719622265448,66.07102003926983,0.03626074641942978,102,4.316922426223755,0.6949395202878969,1.0,disabled,single,3,row_2,row_1,-0.264762818813324,-0.43792006373405457,0.5222977999467596,0.4392552495981184,0.8258840844407662,0.1731572449207306,0.3847545369759836,1,98,0,disabled,0,0.0,50.0,alpha
1384,0.30511948466300964,-0.03847020864486694,-43.623355865478516,-0.05335310474038124,0.24164853990077972,0.0994599461555481,114,3,28,0.01658634841442108,0.5084745762711864,0.3,120,145,wall,both,1,1,1,1,1,1,0.0,11,11,0,alpha,full,huber,10.27053731914093,5.45894792411996,-0.9573020749818775,9.481480130766498,5.628128603067126,-1.3160504851095542,9.435965290487204,5.654595983069973,-1.3416633077711568,98.1858737221215,0.016586346551775932,122,1.219149112701416,1.0,1.0,disabled,single,3,row_1,row_2,-0.027263153344392776,-1.1334388256072998,0.7476165663257576,0.24732779508704886,0.5897129564720696,1.106175672262907,0.2636018909576061,1,99,0,disabled,0,0.0,50.0,alpha
1388,3.029221773147583,-3.791459083557129,-37.80314254760742,-0.1644493043422699,0.8576518297195435,0.015574336051940918,79,0,77,0.012719483114778996,0.49019607843137253,0.3,103,156,wall,both,1,1,1,1,1,1,0.0,11,11,0,alpha,full,huber,11.519518782769145,5.049913961667372,-1.1256993471736187,9.95852435331954,4.539616755895942,-1.2521982370807092,9.844655181893442,4.46506516903876,-1.2949630978228737,162.50307549619527,0.012719483114778996,185,4.436546325683594,0.6762016622327848,1.0,disabled,single,3,row_1,row_2,-0.1644493043422699,-2.4815685749053955,0.9098559065566847,0.0896727535392178,0.3058174058638129,2.3171192705631256,-0.06998026789002004,0,99,0,disabled,0,0.0,50.0,alpha
1392,0.4254499673843384,-0.07479655742645264,-24.41795539855957,-0.17646972835063934,0.8897796869277954,0.01144486665725708,111,30,22,0.009691640734672546,0.47923322683706066,0.3,120,163,wall,both,1,1,1,1,1,1,0.0,13,13,0,alpha,full,huber,9.491782414694253,2.3774781651158183,-1.2586421867071937,10.050170469831176,2.2983327801796922,-1.213630141679062,10.249219945467141,2.315425034430649,-1.1796861421968978,162.30126191199122,0.009691640734672546,250,1.0469400882720947,1.0,1.0,disabled,single,3,row_2,row_1,-0.1760636419057846,-0.5360365509986877,0.5599776095439146,0.3906937054121462,0.8403362942377649,0.35997290909290314,0.4037948371037925,1,100,0,disabled,0,0.0,50.0,alpha
1396,3.3473312854766846,-4.580160617828369,-22.166522979736328,-0.2536858320236206,1.0682817697525024,0.004429757595062256,117,16,17,0.0161899346858263,0.5,0.3,90,150,wall,both,1,1,1,1,1,1,0.0,10,10,0,alpha,full,huber,9.975341892932729,0.661906300575879,-1.2671837404522783,10.41792019274434,1.0685859220554872,-1.1809339634084317,10.55077317086233,1.1652651461310257,-1.1544665210188612,186.23597577428086,0.0161899346858263,250,3.5789326429367065,0.8382387430287983,1.0,disabled,single,3,row_2,row_1,-0.2536858320236206,-0.432081937789917,0.5232255915750489,0.4377362704384316,0.8271554708469353,0.1783961057662964,0.3940567344508835,0,100,0,disabled,0,0.0,50.0,alpha
1400,1.0058231353759766,-0.4180496335029602,-41.42317199707031,-0.11920110136270523,0.6359906196594238,0.08474880456924438,82,5,65,0.007269290741533041,0.49668874172185423,0.3,120,152,wall,both,1,1,1,1,1,1,0.0,9,9,0,alpha,full,huber,12.071327763648249,0.5243505039138859,-0.962151290155191,10.99793992644213,0.16275345833480914,-1.1470680378155809,10.999045507570859,0.15586741746806043,-1.170428217957346,219.8800761248653,0.007269290741533041,250,2.5006420612335205,1.0,1.0,disabled,single,3,row_1,row_2,-0.11920110136270523,-2.1468372344970703,0.882914826310121,0.11623251253811863,0.3661234886314973,2.027636133134365,0.005325441112919882,1,101,0,disabled,0,0.0,50.0,alpha
1404,2.0120177268981934,-1.672816276550293,-23.71799087524414,-0.29473817348480225,1.151660442352295,2.9027462005615234e-05,167,0,13,0.014795596711337566,0.45454545454545453,0.3,120,180,wall,both,1,1,1,1,1,1,0.0,8,8,0,alpha,full,huber,10.506694106655239,-0.6604270144820978,-1.3109548891706089,10.815306224567305,-0.28194781610725517,-1.2647929221107432,10.990864608816567,-0.2607797196483338,-1.252280492172966,163.38324292103312,0.014795594848692417,250,2.022674560546875,1.0,1.0,disabled,single,3,row_1,row_2,-0.29473817348480225,-0.38581639528274536,0.509948293647828,0.4655554057381252,0.7902134583661191,0.09107822179794312,0.37870776992302924,0,101,0,disabled,0,0.0,50.0,alpha
1408,0.4150405824184418,-0.0711812749505043,-20.440223693847656,-0.32887864112854004,1.2165335416793823,4.082918167114258e-05,107,0,13,0.009345530532300472,0.5555555555555556,0.3,120,120,wall,both,1,1,1,1,1,1,0.0,2,2,0,alpha,full,huber,10.412293425185574,-0.5540767960790204,-1.3276100316122836,10.711148001884585,-1.0182027817069084,-1.3301087665435514,10.967985470166873,-0.9942497866256609,-1.2958118042477078,185.10964331767386,0.009345530532300472,250,1.1402347683906555,1.0,1.0,disabled,single,3,row_1,row_2,-0.32887864112854004,-0.345028817653656,0.49013720987458215,0.4822849854912545,0.800218828779025,0.016150176525115967,0.3841912657950417,0,101,0,disabled,0,0.0,50.0,alpha
1412,0.6551591753959656,-0.17736923694610596,-26.540786743164062,-0.1972145289182663,0.9415140748023987,0.007439672946929932,129,0,19,0.009296723641455173,0.5033557046979865,0.3,120,148,wall,both,1,1,1,1,1,1,0.0,5,5,0,alpha,full,huber,10.83382625580299,-1.4217406912974664,-1.3669280896070588,10.928653780361792,-1.5307914991582827,-1.3225858696840929,11.023182847761102,-1.5278689460353725,-1.3120109873952555,195.93704014715672,0.009296723641455173,250,0.8252036869525909,1.0,1.0,disabled,single,3,row_1,row_2,-0.1972145289182663,-0.5252989530563354,0.5709792183801492,0.4112775907194749,0.7569290797983901,0.32808442413806915,0.36318793620126655,0,101,0,disabled,0,0.0,50.0,alpha
1416,4.146484375,-6.5615315437316895,-28.388694763183594,-0.25503483414649963,1.0712782144546509,0.0010357499122619629,125,7,12,0.011051788926124573,0.5102040816326531,0.3,120,144,wall,both,1,1,1,1,1,1,0.0,4,4,0,alpha,full,huber,10.77095203550091,-1.8203153075006187,-1.3153875946909401,10.891739985408709,-2.2568404630207533,-1.3653633650332555,11.053346312455067,-2.254565378910276,-1.3333220122777398,176.81308769191872,0.011051788926124573,250,4.4626688957214355,0.6722434646397892,1.0,disabled,single,3,row_1,row_2,-0.25503483414649963,-0.44822409749031067,0.5359418316033476,0.4417907566350849,0.7799093185175341,0.19318926334381104,0.3686948127819789,0,101,0,disabled,0,0.0,50.0,alpha
1420,1.5326062440872192,-0.9706124067306519,-43.22197341918945,-0.07833873480558395,0.09931610524654388,0.13658684492111206,106,7,30,0.024508832022547722,0.5119453924914675,0.3,120,143,wall,both,1,1,1,1,1,1,0.0,6,6,0,alpha,full,huber,9.39398405458071,-2.771780611726254,-1.9276609010737298,10.776657718078024,-2.85080082175873,-1.4170100897695705,10.993630559875246,-2.8775388521467438,-1.371003049631408,138.95127168039735,0.02450883388519287,202,3.1522743701934814,0.9516938082441931,1.0,disabled,single,3,row_2,row_3,-0.07833873480558395,-1.3687494993209839,0.6715920844650939,0.18479375669763873,0.8580918326289474,1.2904107645154,0.31976540512795154,1,102,0,disabled,0,0.0,50.0,alpha
1424,2.0354223251342773,-1.7119603157043457,-30.904966354370117,-0.2625592350959778,1.0869553089141846,0.001558542251586914,108,4,33,0.019036412239074707,0.5084745762711864,0.3,120,145,wall,both,1,1,1,1,1,1,0.0,4,4,0,alpha,full,huber,11.166605220973889,-3.9487759738296004,-1.3422799898909843,10.773640933864494,-3.0866328468151356,-1.4090781035066688,10.900547420039292,-3.0656024183048354,-1.3900076560308203,149.066474589092,0.019036414101719856,196,2.3903794288635254,1.0,1.0,disabled,single,3,row_1,row_2,-0.2625592350959778,-0.4535190463066101,0.5359391267485003,0.44277457208867793,0.7769555317525515,0.19095981121063232,0.36117545876392765,1,103,0,disabled,0,0.0,50.0,alpha
1428,2.6028733253479004,-2.7995660305023193,-35.53400421142578,-0.15766939520835876,0.8284022808074951,0.03558766841888428,104,10,32,0.03037765808403492,0.5067567567567568,0.3,120,146,wall,both,1,1,1,1,1,1,0.0,8,8,0,alpha,full,huber,11.51321972539118,-4.413650472067359,-1.1140002580990167,11.039223553255807,-3.736162988147824,-1.3539754366733978,11.01288222474226,-3.6361146515881115,-1.3623810922661053,100.46968033138938,0.03037765808403492,164,3.724265217781067,0.8055280235351802,1.0,disabled,single,3,row_1,row_2,-0.15766939520835876,-0.6324038505554199,0.6082028558259848,0.3783327182301979,0.7281600063248364,0.47473445534706116,0.33957741300391087,0,103,0,disabled,0,0.0,50.0,alpha
1432,0.7008726000785828,-0.20298446714878082,-31.94401741027832,-0.306909441947937,1.1751817464828491,0.0014819502830505371,110,0,40,0.02188391052186489,0.5,0.3,120,150,wall,both,1,1,1,1,1,1,0.0,7,7,0,alpha,full,huber,11.167634569510977,-4.452795917661883,-1.3271365923378122,11.202664011814587,-4.183728260404417,-1.2850992900856368,11.13731671217145,-4.0496165665550325,-1.3221408568334736,110.8260286982017,0.02188391238451004,153,1.164787769317627,1.0,1.0,disabled,single,3,row_1,row_2,-0.306909441947937,-0.39565151929855347,0.5093659898786705,0.4661114263613788,0.7903432111895139,0.08874207735061646,0.36767904177726896,0,103,0,disabled,0,0.0,50.0,alpha
1436,3.0555171966552734,-3.856654167175293,-35.88697814941406,-0.2829064726829529,1.128144383430481,0.004484355449676514,99,0,45,0.02287314087152481,0.5102040816326531,0.3,120,144,wall,both,1,1,1,1,1,1,0.0,3,3,0,alpha,full,huber,11.377285915245114,-5.297475639191574,-1.2868460837991587,11.18985649087572,-4.759879119517252,-1.313764402661841,11.229015597385892,-4.662433398497905,-1.312710280062034,116.09264995814704,0.02287314087152481,180,3.3731878995895386,0.8893664062903376,1.0,disabled,single,3,row_1,row_2,-0.2829064726829529,-0.4196449816226959,0.5217921149633851,0.4551061791177093,0.7847329565412173,0.13673850893974304,0.3675795449346011,0,103,0,disabled,0,0.0,50.0,alpha
1440,0.3431839346885681,-0.04866744577884674,-31.70273208618164,-0.17358799278736115,0.8354219198226929,0.0673101544380188,107,14,33,0.018580341711640358,0.49342105263157904,0.3,120,154,wall,both,1,1,1,1,1,1,0.0,5,5,0,alpha,full,huber,10.769551687674548,-5.005874420173453,-1.0042364735760607,11.194061690067345,-5.124831635278785,-1.3473615106162933,11.258022327403733,-5.069724963480056,-1.32775874414948,137.8573709567497,0.018580343574285507,185,0.6361177563667297,1.0,1.0,disabled,single,3,row_2,row_1,-0.17358799278736115,-0.6400977969169617,0.5813471294454116,0.3646136293634103,0.8408807163844789,0.4665098041296005,0.3688192388313851,1,104,0,disabled,0,0.0,50.0,alpha
1444,1.6210976839065552,-1.0859328508377075,-39.78313446044922,-0.30197247862815857,1.1652871370315552,0.007312119007110596,83,0,60,0.010323455557227135,0.5119453924914675,0.3,120,143,wall,both,1,1,1,1,1,1,0.0,1,1,0,alpha,full,huber,11.39410915489592,-6.349069270344376,-1.4667959140005815,11.371822923258478,-5.686311849628158,-1.379884804207668,11.36609628609488,-5.584414912860024,-1.351321223160229,186.92189154175566,0.010323455557227135,224,2.450291395187378,1.0,1.0,disabled,single,3,row_2,row_1,-0.30197247862815857,-0.3900587856769562,0.5054615597303186,0.46284197283995776,0.8108293010842205,0.08808630704879761,0.3803108088397086,0,104,0,disabled,0,0.0,50.0,alpha
1448,2.809688091278076,-3.262126922607422,0.0,-0.09476803243160248,0.2119031399488449,0.14412999153137207,0,0,0,0.032949697226285934,0.5,0.3,0,0,wall,both,1,1,1,1,1,1,0.0,0,0,0,alpha,full,huber,12.888009442399214,-5.987917651346454,-0.8133985915110347,11.874187281659797,-6.784210726802611,-1.2328174694876186,11.762301653796275,-6.821605716891787,-1.2885907461060255,120.87945948806768,0.03294970095157623,207,4.523577690124512,0.6631918816270899,1.0,disabled,single,3,row_1,row_2,-0.09476803243160248,-1.7007181644439697,0.8313434125521432,0.1668496036398168,0.4637437717594278,1.6059501320123672,0.08994428489160233,1,105,0,disabled,0,0.0,50.0,alpha
1452,4.306707859039307,-6.958780288696289,0.0,-1.4389920234680176,2.5429940223693848,0.021695196628570557,0,0,0,0.009020683355629444,0.5,0.3,0,0,wall,both,1,1,1,1,1,1,0.0,0,0,0,alpha,full,huber,9.910790826986226,-9.241590643499457,-1.1371095431173517,11.950995988910798,-8.927833671968154,-0.4834257538821683,12.160812466663964,-8.92376314914647,-0.43080376276721344,198.80968366419057,0.009020683355629444,250,6.0625293254852295,0.49484296717358767,1.0,disabled,single,3,row_2,row_3,-1.4389920234680176,-2.0024776458740234,0.5973861215621219,0.34004503057462093,0.8479759415997336,0.5634856224060059,-0.9238004185988434,1,106,1,disabled,0,0.0,50.0,alpha
1456,0.9591696858406067,-0.38016799092292786,0.0,-1.4867289066314697,2.5769479274749756,0.05197596549987793,0,0,0,0.009921450167894363,0.5,0.3,0,0,wall,both,1,1,1,1,1,1,0.0,0,0,0,alpha,full,huber,15.264025781300948,-6.829082797472729,1.4607995219741987,13.805577950478082,-9.336424310573129,0.6878231590039315,13.71379431378616,-9.465872843500144,0.6513154460747499,198.82168242649158,0.009921450167894363,250,2.9903258085250854,1.0,1.0,disabled,single,3,row_1,row_2,-1.4867289066314697,-5.523948669433594,0.982644176048621,0.01734019668687807,0.08768705210173307,4.037219762802124,-1.4692207046967343,1,107,1,disabled,0,0.0,50.0,alpha
1460,3.114131450653076,-4.001978397369385,-46.358856201171875,-1.5879111289978027,2.6361122131347656,0.10343611240386963,17,0,103,0.05978471785783768,0.5555555555555556,0.3,120,120,wall,both,1,1,1,1,1,1,0.0,2,2,0,alpha,full,huber,15.287975483477636,-5.616101387939281,2.2434751425412296,14.984915190721523,-7.616679468638925,1.8507296035734484,14.861284491149876,-8.151041261960147,1.750531999066645,74.01316927380618,0.059784721583127975,250,5.525184392929077,0.54296830416,1.0,disabled,single,3,row_1,row_2,-1.5879111289978027,-5.875638961791992,0.98644079519947,0.013549849982530207,0.07185823673784276,4.2877278327941895,-1.574259158674292,0,107,1,disabled,0,0.0,50.0,alpha
1464,0.21099165081977844,-0.018395651131868362,-49.463890075683594,-1.464245080947876,2.565155267715454,0.0222356915473938,8,11,131,0.014473961666226387,0.5,0.3,116,150,wall,both,1,1,1,1,1,1,0.0,3,3,0,alpha,full,huber,14.877418845928725,-7.726141567923271,1.5733533243058462,14.806977397206142,-7.048624705199028,2.2711187409549116,14.75450009773152,-7.16156992844666,2.3409693481194127,116.15747157803087,0.014473963528871536,250,1.3611710667610168,1.0,1.0,disabled,single,3,row_1,row_2,-1.464245080947876,-4.911320209503174,0.969094737677791,0.030854643172774022,0.1382502705144994,3.447075128555298,-1.4328521775788088,0,107,1,disabled,0,0.0,50.0,alpha
1468,1.773366093635559,-1.2995154857635498,-49.37032699584961,-0.10690586268901825,0.6414642930030823,0.06155753135681152,40,13,81,0.017933141440153122,0.528169014084507,0.3,112,134,wall,both,1,1,1,1,1,1,0.0,7,7,0,alpha,full,huber,13.315761009170535,-5.933484262774163,2.137331327477976,14.114129553950207,-6.317684207881465,2.477669272416117,14.17497867611014,-6.472271340096299,2.5484593305967342,123.91964480348368,0.017933141440153122,250,3.083637237548828,0.9728770827740714,1.0,disabled,single,3,row_1,row_2,-0.10690586268901825,-2.192403793334961,0.8888262177097785,0.11043242606979835,0.3534157438192063,2.0854979306459427,0.010947680529464085,0,107,0,disabled,0,0.0,50.0,alpha
1472,2.1579935550689697,-1.924353837966919,-43.1588249206543,-0.19132576882839203,0.9144159555435181,0.03675234317779541,26,13,71,0.01915704645216465,0.5769230769230769,0.3,75,110,wall,both,1,1,1,1,1,1,0.0,6,6,0,alpha,full,huber,11.879020940107512,-6.613789343029791,2.056583279420577,13.015352145212862,-6.110587903186515,2.2299094220243827,13.25151103559915,-6.059771105086628,2.283291200400406,146.59440035939764,0.01915704645216465,250,4.03778076171875,0.7429823898420377,1.0,disabled,single,3,row_1,row_2,-0.19132576882839203,-0.5721051096916199,0.5849717707162134,0.3997279737039871,0.7441492927920822,0.38077934086322784,0.34486591927216736,0,107,0,disabled,0,0.0,50.0,alpha
1476,1.3607673645019531,-0.7651602625846863,-22.285198211669922,-0.24940475821495056,1.0593876838684082,0.0010192394256591797,91,0,29,0.008851713500916958,0.5555555555555556,0.3,120,120,wall,both,1,1,1,1,1,1,0.0,1,1,0,alpha,full,huber,13.565817794336917,-5.095128175481938,1.805160496444838,13.054591954950215,-5.687809814340275,2.0640444652944727,13.025488146416043,-5.726126512052142,2.1231209044050035,207.12592188039565,0.008851713500916958,250,2.4286158084869385,1.0,1.0,disabled,single,3,row_1,row_2,-0.24940475821495056,-2.81600284576416,0.9283938808268349,0.07129726700313237,0.2597640206817178,2.5665980875492096,-0.17510556251576334,0,107,0,disabled,0,0.0,50.0,alpha
1480,1.919386625289917,-1.5223326683044434,-37.58399200439453,-0.23928719758987427,1.0376712083816528,0.0012966394424438477,59,44,41,0.011188448406755924,0.5102040816326531,0.3,88,144,wall,both,1,1,1,1,1,1,0.0,3,3,0,alpha,full,huber,13.463470937872584,-4.676147572130468,1.7090779697151994,13.071148533188637,-4.980314656432585,1.9269760351774503,12.857488707925956,-5.043587120792456,2.0050179129683112,178.36881173302086,0.011188449338078499,250,2.3105340003967285,1.0,1.0,disabled,single,3,row_1,row_2,-0.23928719758987427,-2.7874226570129395,0.927152838342329,0.07252874504841327,0.26298977418425523,2.548135459423065,-0.16365034473903717,0,107,0,disabled,0,0.0,50.0,alpha
1484,1.6964988708496094,-1.1893010139465332,-36.35794448852539,-0.2909626364707947,1.1442360877990723,0.0017415881156921387,47,39,37,0.01421022042632103,0.5494505494505495,0.3,77,123,wall,both,1,1,1,1,1,1,0.0,4,4,0,alpha,full,huber,13.413807134195372,-3.847452193346636,1.8025009739261977,13.452158686870014,-4.270491877154625,1.81244243767526,13.028053373030016,-4.383674704218579,1.9047265294442894,149.3808737596158,0.01421022042632103,250,1.768113136291504,1.0,1.0,disabled,single,3,row_1,row_2,-0.2909626364707947,-2.9686150550842285,0.9354644645235765,0.06428914126373746,0.2408868421347673,2.677652418613434,-0.22425051693732073,0,107,0,disabled,0,0.0,50.0,alpha
1488,0.4357236921787262,-0.07845253497362137,-30.007923126220703,-0.15418551862239838,0.8319962620735168,0.009382843971252441,88,0,47,0.012547144666314125,0.5263157894736842,0.3,120,135,wall,both,1,1,1,1,1,1,0.0,2,2,0,alpha,full,huber,12.96070797245018,-3.0668639211831588,1.6063790425424997,13.167888517830033,-3.4482352133007637,1.80697411046531,12.99137954281713,-3.6087061628542028,1.8584715658565472,172.6651031599938,0.012547144666314125,235,0.990153968334198,1.0,1.0,disabled,single,3,row_1,row_2,-0.15418551862239838,-2.503602981567383,0.9124336204031191,0.08706873594967607,0.299940037228171,2.3494174629449844,-0.0625455776871742,0,107,0,disabled,0,0.0,50.0,alpha
1492,0.3673386573791504,-0.05575937777757645,-23.998727798461914,-0.2638693153858185,1.0896837711334229,0.00025391578674316406,87,0,33,0.027415752410888672,0.5555555555555556,0.3,120,120,wall,both,1,1,1,1,1,1,0.0,1,1,0,alpha,full,huber,12.925332672769235,-1.5618019433287547,1.7581505389501615,13.000643087258641,-2.5882961554665247,1.778613393995051,12.904322403169376,-2.7886185787911435,1.8268465812000603,98.85586496361198,0.027415752410888672,153,1.4518247842788696,1.0,1.0,disabled,single,3,row_1,row_2,-0.2638693153858185,-2.859206438064575,0.9302706188480295,0.06941745918527602,0.2549369806953011,2.5953371226787567,-0.19158956823081758,0,107,0,disabled,0,0.0,50.0,alpha
1496,2.293792486190796,-2.1741671562194824,-23.394445419311523,-0.3737795948982239,1.2968782186508179,0.002502620220184326,78,0,42,0.01810498721897602,0.5555555555555556,0.3,120,120,wall,both,1,1,1,1,1,1,0.0,1,1,0,alpha,full,huber,13.246226003679395,-2.073703776392712,1.8514498170347569,13.02854909016935,-2.086662854163743,1.771992705745888,12.912493424069158,-2.231594106114323,1.8053746609118466,114.52682607488939,0.01810498721897602,159,2.721790075302124,1.0,1.0,disabled,single,3,row_1,row_2,-0.3737795948982239,-3.235365390777588,0.9457348995576981,0.05407524490812715,0.21215026134663229,2.861585795879364,-0.3179866126696642,0,107,0,disabled,0,0.0,50.0,alpha
1500,1.4686532020568848,-0.8912984132766724,-25.87470817565918,-0.2367819845676422,1.0272117853164673,0.02374368906021118,75,0,45,0.02537558041512966,0.5555555555555556,0.3,120,120,wall,both,1,1,1,1,1,1,0.0,3,3,0,alpha,full,huber,12.761270735846779,-0.8377017218020617,1.8709573493927083,12.90131351752375,-1.4644161705171892,1.7508702954388504,12.865601020781764,-1.675175566825857,1.780897940400509,118.52524953252019,0.02537558041512966,164,2.391570806503296,1.0,1.0,disabled,single,3,row_1,row_2,-0.2367819845676422,-2.7369773387908936,0.923846464025399,0.07581912269554973,0.27142186921162553,2.5001953542232513,-0.1575725989456672,0,107,0,disabled,0,0.0,50.0,alpha
1504,5.672030925750732,-10.343877792358398,-23.811058044433594,-0.3604590892791748,1.2735495567321777,0.0027354955673217773,83,2,48,0.020004162564873695,0.5300353356890459,0.3,109,133,wall,both,1,1,1,1,1,1,0.0,3,3,0,alpha,full,huber,13.073449796992836,-1.374623448134305,1.8546700857096656,12.943513743026248,-1.1360325417241373,1.7128123209700097,12.84904986319448,-1.145309267908268,1.7497728112011304,123.64758712166936,0.020004162564873695,185,6.065323829650879,0.49461497592828124,1.0,disabled,single,3,row_1,row_2,-0.3604590892791748,-3.1501049995422363,0.9419133404880077,0.05787394971946156,0.22307568708559927,2.7896459102630615,-0.3006170854059189,0,107,0,disabled,0,0.0,50.0,alpha
1508,1.6392287015914917,-1.1103599071502686,-27.685422897338867,-0.1855686604976654,0.9138156175613403,3.3915042877197266e-05,70,0,50,0.01095426082611084,0.5555555555555556,0.3,120,120,wall,both,1,1,1,1,1,1,0.0,3,3,0,alpha,full,huber,12.698019712182095,-1.3388332107883758,1.7889222727589456,12.752241264550019,-0.8891122826786478,1.8064613754247452,12.768934789282794,-0.841928213721407,1.7811026708423725,169.19439456342644,0.010954261757433414,235,2.037895679473877,1.0,1.0,disabled,single,3,row_1,row_2,-0.1855686604976654,-2.5706567764282227,0.9152579648552164,0.08427774549616339,0.29308148528219424,2.3850881159305573,-0.09701933586010747,0,107,0,disabled,0,0.0,50.0,alpha
1512,1.6951537132263184,-1.1874157190322876,-27.085481643676758,-0.20643918216228485,0.9632068872451782,0.008112430572509766,85,2,31,0.02589895762503147,0.5597014925373135,0.3,116,118,wall,both,1,1,1,1,1,1,0.0,4,4,0,alpha,full,huber,12.396666698640644,0.5657455018517934,1.8922388784974693,12.488390572749825,-0.0944401179290238,1.820663484913033,12.566749869533863,-0.17814378029362596,1.8040162308941046,96.76160666965912,0.02589895762503147,175,2.7826974391937256,1.0,1.0,disabled,single,3,row_1,row_2,-0.20643918216228485,-2.594336748123169,0.9155054171389989,0.08406402536800787,0.29231427570070695,2.387897565960884,-0.1181601844142894,0,107,0,disabled,0,0.0,50.0,alpha
1516,4.762608051300049,-8.089111328125,-31.292749404907227,-0.2621016204357147,1.0860053300857544,0.001644730567932129,64,15,49,0.02083784155547619,0.539568345323741,0.3,106,128,wall,both,1,1,1,1,1,1,0.0,4,4,0,alpha,full,huber,12.291623749845026,1.7476825596296233,1.81095694873936,12.36362981861489,1.179023347169178,1.7819826561328984,12.330996393077356,1.0653640674292222,1.7964120628074145,121.9925332875947,0.020837843418121338,169,5.278208255767822,0.5683746935755549,1.0,disabled,single,3,row_1,row_2,-0.2621016204357147,-2.8049473762512207,0.9267649342435681,0.07288291145198124,0.264158675499792,2.542845755815506,-0.1860462979956029,0,107,0,disabled,0,0.0,50.0,alpha
1520,0.9159619212150574,-0.34668853878974915,-24.54444122314453,-0.20661930739879608,0.9642544984817505,9.077787399291992e-05,93,0,36,0.015364933758974075,0.5376344086021506,0.3,120,129,wall,both,1,1,1,1,1,1,0.0,4,4,0,alpha,full,huber,11.85973172457642,3.4511784021635936,1.7287258957229703,11.749482583795398,3.2043738065378946,1.8409362040207287,11.813933927865,3.120849054893632,1.8046115995420209,132.09174420835842,0.01536493469029665,180,1.2499659657478333,1.0,1.0,disabled,single,3,row_1,row_2,-0.20661930739879608,-2.6200621128082275,0.9174424483762068,0.08211716311799176,0.28771581559419085,2.4134428054094315,-0.12045387981254907,0,107,0,disabled,0,0.0,50.0,alpha
1524,1.04690420627594,-0.4528960585594177,-27.520862579345703,-0.2204120010137558,0.9959135055541992,0.0007497668266296387,81,0,50,0.010983132757246494,0.5338078291814947,0.3,115,131,wall,both,1,1,1,1,1,1,0.0,2,2,0,alpha,full,huber,11.61638984102751,5.219082185240407,1.8004467993241269,11.4927456177428,5.004153759386551,1.7655308525023066,11.450959031088516,4.912228646919133,1.775570898202643,175.00590985389013,0.01098313182592392,235,1.5612528324127197,1.0,1.0,disabled,single,3,row_1,row_2,-0.2204120010137558,-2.683274507522583,0.9211616402930696,0.07847444414968704,0.27824333209897784,2.462862506508827,-0.1382922480918907,0,107,0,disabled,0,0.0,50.0,alpha
1528,0.09885232150554657,-0.004037925973534584,-26.995351791381836,-0.09693402051925659,0.629720151424408,0.04646533727645874,133,2,5,0.012673072516918182,0.5172413793103449,0.3,120,140,wall,both,1,1,1,1,1,1,0.0,4,4,0,alpha,full,huber,9.816334509789833,5.827452865182893,2.0405424529212173,10.980710616759147,5.975133154025485,1.8485305245419548,11.107123236366341,5.967123831906591,1.8073096715541546,189.96819159355022,0.012673072516918182,250,1.4429351091384888,1.0,1.0,disabled,single,3,row_1,row_2,-0.09693402051925659,-0.7801550626754761,0.6574911057222586,0.33202497579513635,0.6895591192638483,0.6832210421562195,0.3223900219210754,0,107,0,disabled,0,0.0,50.0,alpha
1532,0.8059284090995789,-0.26839694380760193,-24.326759338378906,-0.21531933546066284,0.9843456149101257,0.00020271539688110352,87,1,42,0.009655787609517574,0.5357142857142857,0.3,107,130,wall,both,1,1,1,1,1,1,0.0,2,2,0,alpha,full,huber,11.256606781533193,7.01197396469832,1.7546394266943466,10.980916346583646,6.745158502714321,1.7758757516903554,10.958378463435412,6.711463429598879,1.7881948476015896,195.70929905021455,0.009655786678195,250,1.386416733264923,1.0,1.0,disabled,single,3,row_1,row_2,-0.21531933546066284,-2.695502519607544,0.9223869236071487,0.07722950770958878,0.2753199723930852,2.480183184146881,-0.13452884884454067,0,107,0,disabled,0,0.0,50.0,alpha
1536,0.8166911005973816,-0.275613397359848,-23.29433822631836,-0.3034384846687317,1.1685293912887573,0.0008158683776855469,105,4,48,0.011313051916658878,0.4885993485342019,0.3,99,157,wall,both,1,1,1,1,1,1,0.0,3,3,0,alpha,full,huber,11.350268349816934,7.538310270973326,1.7875504140888703,11.145504921505676,7.72440619209746,1.682790754407364,10.943946669659198,7.706844669692234,1.731097724022443,170.98843756130964,0.011313051916658878,250,1.1811013221740723,1.0,1.0,disabled,single,3,row_1,row_2,-0.3034384846687317,-2.9720370769500732,0.934904217671474,0.06483499414967792,0.2424641885154109,2.6685985922813416,-0.23612728873476907,0,107,0,disabled,0,0.0,50.0,alpha
1540,0.7993977069854736,-0.264064759016037,-27.669090270996094,-0.29135662317276,1.1450161933898926,0.0015231966972351074,80,42,13,0.025754056870937347,0.5263157894736842,0.3,77,135,wall,both,1,1,1,1,1,1,0.0,1,1,0,alpha,full,huber,11.298508226100774,7.694732659136576,1.802353479562817,11.22389041064224,7.979333360949023,1.6423149027736117,11.057999577860379,8.003390623900993,1.6845528906673959,89.65494313941306,0.02575405314564705,117,1.1688854694366455,1.0,1.0,disabled,single,3,row_1,row_2,-0.29135662317276,-2.928602695465088,0.9329635145947048,0.06676106306298145,0.24769311774127534,2.637246072292328,-0.2219674388014145,0,107,0,disabled,0,0.0,50.0,alpha
1544,0.9194959402084351,-0.3493689298629761,0.0,-0.924939751625061,2.009507417678833,0.08220112323760986,0,0,0,0.011980127543210983,0.5,0.3,0,0,wall,both,1,1,1,1,1,1,0.0,0,0,0,alpha,full,huber,11.86097446705159,9.365437013263739,1.3640334533880702,11.25012779027383,9.091777925079157,1.590512906816225,11.091586845185935,9.094428421106151,1.6351441023945714,120.16885041253819,0.011980125680565834,133,1.7029207944869995,1.0,1.0,disabled,single,3,row_1,row_2,-0.924939751625061,-4.48841667175293,0.9723988985953412,0.02755789845103772,0.12662406756268316,3.5634769201278687,-0.8969505824180036,0,107,0,disabled,0,0.0,50.0,alpha
1548,2.305190324783325,-2.1958274841308594,0.0,-0.26392248272895813,0.1814769059419632,0.250734806060791,0,0,0,0.01707138493657112,0.5,0.3,0,0,wall,both,1,1,1,1,1,1,0.0,0,0,0,alpha,full,huber,9.990661817874742,9.38756193625392,2.496173730302928,11.0299324654891,9.558227713625499,1.6400825881546097,11.047181479823537,9.53704909774381,1.6359490505960927,119.71710732466117,0.01707138493657112,164,3.196748971939087,0.9384534182489335,1.0,disabled,single,3,row_1,row_2,-0.26392248272895813,-1.8222345113754272,0.8243604185516364,0.1735205101959289,0.47618389854934384,1.5583120286464691,-0.07077503917919159,0,107,0,disabled,0,0.0,50.0,alpha
1552,2.3905670642852783,-2.361492156982422,0.0,-0.2101069539785385,0.9680103659629822,0.021432697772979736,0,0,0,0.018022341653704643,0.5,0.3,0,0,wall,both,1,1,1,1,1,1,0.0,0,0,0,alpha,full,huber,10.76093478538461,9.546675706844717,1.5649179330326088,10.827248953316817,10.110652545843937,1.7051837151073497,10.911861402263,10.212444391831351,1.6685825289992549,113.34967782923056,0.018022341653704643,153,3.3287582397460938,0.9012369730487936,1.0,disabled,single,3,row_1,row_2,-0.2101069539785385,-2.6288869380950928,0.9178670836118444,0.08171786198578711,0.28655671610714034,2.4187799841165543,-0.12440426604008778,0,107,0,disabled,0,0.0,50.0,alpha
1556,0.6018106341362,-0.14965951442718506,0.0,-0.9488568902015686,2.064709186553955,0.019286692142486572,0,0,0,0.00743490643799305,0.5,0.3,0,0,wall,both,1,1,1,1,1,1,0.0,0,0,0,alpha,full,huber,11.26483342117972,11.631547277679628,1.4787662302201925,10.939644003888146,11.054475110668989,1.6445700038847373,10.886319756985793,11.035430348393188,1.6591754351932524,180.3315692960704,0.00743490643799305,213,1.495858073234558,1.0,1.0,disabled,single,3,row_1,row_2,-0.9488568902015686,-4.291353702545166,0.9657975260532077,0.034139579472024104,0.14951875829448905,3.3424968123435974,-0.9140558231037261,0,107,0,disabled,0,0.0,50.0,alpha
1560,2.2297873497009277,-2.054525375366211,0.0,-0.006198721472173929,0.15716195106506348,0.013187706470489502,0,0,0,0.011427669785916805,0.5,0.3,0,0,wall,both,1,1,1,1,1,1,0.0,0,0,0,alpha,full,huber,9.54007821594273,10.2640778926373,1.8380682175305445,10.781243703099776,11.069999951514793,1.6898880332098307,10.822639685685212,11.178457757758974,1.6902769896127365,196.03219664744677,0.01142767071723938,250,3.2233054637908936,0.9307215942455958,1.0,disabled,single,3,row_1,row_2,-0.006198721472173929,-1.2104307413101196,0.7663604392865869,0.22984854375528457,0.5630202270365916,1.2042320198379457,0.25990395107054637,0,107,0,disabled,0,0.0,50.0,alpha
1564,1.5390475988388062,-0.9787882566452026,0.0,-1.1824305057525635,2.3066725730895996,0.003290235996246338,0,0,0,0.007539382670074701,0.5,0.3,0,0,wall,both,1,1,1,1,1,1,0.0,0,0,0,alpha,full,huber,10.853019845664539,12.285108886673592,1.5943420884141828,10.859538674744027,11.519299079110315,1.7029916845807251,10.824430035707682,11.487643933404712,1.71835150092671,211.66439604437252,0.007539382670074701,250,2.5193233489990234,1.0,1.0,disabled,single,3,row_1,row_2,-1.1824305057525635,-4.196394920349121,0.9530854486491948,0.04679330550089361,0.19017160573400277,3.0139644145965576,-1.1343797892059937,0,107,0,disabled,0,0.0,50.0,alpha
1568,0.9597113728523254,-0.38059747219085693,0.0,-1.2795625925064087,2.399428606033325,0.006490826606750488,0,0,0,0.00669633224606514,0.5,0.3,0,0,wall,both,1,1,1,1,1,1,0.0,0,0,0,alpha,full,huber,11.6514372438293,11.679607722823677,1.7894833155853682,11.061516148845783,11.891676423100193,1.7007349164765555,10.916217805694878,11.869666250894767,1.7336420622127084,217.71266755013608,0.006696331314742565,250,1.71014404296875,1.0,1.0,disabled,single,3,row_1,row_2,-1.2795625925064087,-5.051857948303223,0.977491788617006,0.02248154017127401,0.10785268916797729,3.772295355796814,-1.2567972049566993,0,107,0,disabled,0,0.0,50.0,alpha
1572,0.6760149598121643,-0.18884141743183136,0.0,-0.775627851486206,1.8422297239303589,0.07248938083648682,0,0,0,0.010259080678224564,0.5,0.3,0,0,wall,both,1,1,1,1,1,1,0.0,0,0,0,alpha,full,huber,9.561976435131173,12.12735203070038,2.058583448800258,10.70924598837353,12.411504361958702,1.8947111421053098,10.762266442094429,12.447738397304004,1.8327206268340293,197.51836493952885,0.010259080678224564,250,2.088736891746521,1.0,1.0,disabled,single,3,row_1,row_2,-0.775627851486206,-2.346069812774658,0.826222724354216,0.1718157046827349,0.47257149817000366,1.5704419612884521,-0.5847369517534784,0,107,0,disabled,0,0.0,50.0,alpha
1576,2.0924899578094482,-1.8093034029006958,-39.60960388183594,-0.531387209892273,1.40501070022583,0.1507101058959961,17,0,45,0.034026067703962326,0.7075471698113207,0.3,62,62,wall,both,1,1,1,1,1,1,0.0,1,1,0,alpha,full,huber,9.801495291483038,11.690956768203957,2.2316420547149747,10.270653763082839,12.336921270950448,2.0766960967611308,10.494642162774378,12.473714828741311,1.956610690990912,105.68906926535766,0.034026067703962326,250,3.3403429985046387,0.8981113620197091,1.0,disabled,single,3,row_1,row_2,-0.531387209892273,-2.271526575088501,0.8494868225342267,0.14908148919122546,0.43168786156278316,1.740139365196228,-0.36826435987617917,0,107,0,disabled,0,0.0,50.0,alpha
1580,1.9521912336349487,-1.5748143196105957,-49.086360931396484,-1.814835548400879,2.833902597427368,0.08597183227539062,9,0,84,0.009611307643353939,0.6172839506172839,0.3,93,93,wall,both,1,1,1,1,1,1,0.0,2,2,0,alpha,full,huber,10.183957525029074,13.08142863550551,2.0931749621016262,10.219505007637357,12.460060238404566,2.1073664509901406,10.354428310005655,12.47340025592799,2.0321449468308543,202.42661596664058,0.009611307643353939,250,2.731353282928467,1.0,1.0,disabled,single,3,row_1,row_2,-1.814835548400879,-4.240255832672119,0.9183897823481121,0.0812232564578876,0.2851413955530237,2.4254202842712402,-1.729702169430117,0,107,1,disabled,0,0.0,50.0,alpha
1584,2.7374422550201416,-3.096524715423584,-45.302490234375,-0.5076209306716919,1.3903127908706665,0.13830280303955078,13,0,84,0.021344829350709915,0.6072874493927126,0.3,97,97,wall,both,1,1,1,1,1,1,0.0,1,1,0,alpha,full,huber,9.830841790917829,11.673657147948255,2.207675593356499,9.964861420283533,12.204087773670427,2.2059340174378437,10.159310119486431,12.33941737177945,2.119026469117272,122.85580706031566,0.021344829350709915,240,3.6298887729644775,0.826471604954976,1.0,disabled,single,3,row_1,row_2,-0.5076209306716919,-2.2784385681152344,0.8534051149112705,0.14524423821073681,0.42443182339459967,1.7708176374435425,-0.3491000159938907,0,107,0,disabled,0,0.0,50.0,alpha
1588,2.2717390060424805,-2.132561206817627,-44.48817443847656,-0.590251088142395,1.5518563985824585,0.1161690354347229,19,0,89,0.023478757590055466,0.5813953488372093,0.3,108,108,wall,both,1,1,1,1,1,1,0.0,1,1,0,alpha,full,huber,10.232512192773505,11.74589586411588,2.1622916135700816,9.997451761172883,11.98388370219087,2.208462900923831,10.078221029783863,12.161912396642641,2.163739520602073,77.55346427052471,0.023478757590055466,127,2.846275568008423,1.0,1.0,disabled,single,3,row_1,row_2,-0.590251088142395,-2.816025495529175,0.9020283436052068,0.09740441471601866,0.3240910774891966,2.22577440738678,-0.48714175179482694,0,107,0,disabled,0,0.0,50.0,alpha
1592,6.928711414337158,-13.459615707397461,0.0,-0.7406750321388245,1.8256534337997437,0.0012115836143493652,0,0,0,0.023853808641433716,0.5,0.3,0,0,wall,both,1,1,1,1,1,1,0.0,0,0,0,alpha,full,huber,10.602256548426771,11.87444515671486,1.7247153425083148,10.11354321118828,11.90479189491576,2.2034561577975036,10.094939307466714,12.034751337880845,2.1835663507791487,63.29991255177681,0.023853808641433716,80,7.329172372817993,0.4093231605694287,1.0,disabled,single,3,row_1,row_2,-0.7406750321388245,-3.4043853282928467,0.9346252437488036,0.06513326123233361,0.24310078035320704,2.663710296154022,-0.673065393275239,0,107,0,disabled,0,0.0,50.0,alpha
