frame_idx,gps_dist,log_gps,log_semantic,log_corridor,corridor_dist,corridor_heading_misalign,correct_hits,incorrect_hits,no_hits,weight,gps_weight_used,corridor_weight_used,num_background_used,num_observations,semantic_model_used,semantic_classes_mode,gps_enabled,semantic_enabled,corridor_enabled,background_enabled,dynamic_gps_enabled,pose_smoothing_enabled,detection_drop_rate,detections_raw,detections_kept,detections_dropped,pose_backend_used,diagnostics_level,gnss_robust_mode,raw_best_x,raw_best_y,raw_best_theta,raw_weighted_x,raw_weighted_y,raw_weighted_theta,smoothed_x,smoothed_y,smoothed_theta,ess,max_weight,particle_count,gnss_innovation,gnss_robust_scale,gnss_row_gate_scale,gnss_row_gate_reason,row_likelihood_mode,row_mixture_top_k,row_hypothesis_id,row_hypothesis_second_id,row_hypothesis_score,row_hypothesis_second_score,row_hypothesis_prob,row_hypothesis_second_prob,row_hypothesis_entropy,row_hypothesis_gap,row_marginal_logscore,row_switch_event,row_switch_count,headland_flag,delayed_correction_status,delayed_correction_applied,delayed_correction_m,semantic_penalty_cap,smoother_status
0,1.0402921438217163,-0.44719332456588745,-37.57672119140625,-1.3782117366790771,1.3147341012954712,0.4935111403465271,58,0,69,0.04582297429442406,0.5415162454873647,0.3,116,127,wall,both,1,1,1,1,1,1,0.0,4,4,0,alpha,full,huber,11.075576775934499,9.738757768444176,7.015825628205695,11.075576775934499,9.738757768444176,7.015825628205695,11.075576775934499,9.738757768444176,7.015825628205695,44.66358238107623,0.04582297429442406,100,2.176340699195862,1.0,1.0,disabled,single,3,row_1,row_2,-1.0788452625274658,-3.9518158435821533,0.9463405290863368,0.053497337726709546,0.21025509403809745,2.8729705810546875,-1.0236924551462234,0,0,0,disabled,0,0.0,50.0,alpha
4,0.9940061569213867,-0.40828439593315125,-37.85878372192383,-0.34687256813049316,1.2491077184677124,0.005978286266326904,92,27,42,0.02220289595425129,0.48231511254019294,0.3,120,161,wall,both,1,1,1,1,1,1,0.0,3,3,0,alpha,full,huber,11.28338057071529,8.372931322888718,-1.285039429282409,11.28338057071529,8.372931322888718,-1.285039429282409,12.285366969643196,10.05079421609805,-0.2019984948513769,118.03806853657487,0.02220289595425129,250,4.195639610290527,0.7150280478432858,1.0,disabled,single,3,row_1,row_2,-0.34687256813049316,-3.0763845443725586,0.9385357928604108,0.06124051727429221,0.2324569902736034,2.7295119762420654,-0.28343828281784705,0,0,0,disabled,0,0.0,50.0,alpha
8,2.453108787536621,-2.48667049407959,-24.924055099487305,-0.37610378861427307,1.3009459972381592,0.0005895495414733887,106,4,31,0.015918590128421783,0.5154639175257733,0.3,120,141,wall,both,1,1,1,1,1,1,0.0,3,3,0,alpha,full,huber,11.604614677497533,6.84781712113319,-1.3727479196917889,10.541751035973375,6.331849932288938,-1.3302342356425099,12.174130047006813,8.035563591301658,-0.7592307330632102,145.18363458846602,0.015918591991066933,250,4.338927507400513,0.6914151008246102,1.0,disabled,single,3,row_1,row_2,-0.37610378861427307,-3.2067925930023193,0.9441258126543816,0.05567719452072464,0.21677014091781024,2.8306888043880463,-0.31860794301409373,0,0,0,disabled,0,0.0,50.0,alpha
12,1.7102720737457275,-1.2086902856826782,-22.163524627685547,-0.4599207937717438,1.4386216402053833,0.0007812976837158203,95,0,31,0.011013387702405453,0.5434782608695653,0.3,115,126,wall,both,1,1,1,1,1,1,0.0,3,3,0,alpha,full,huber,11.866109010944262,6.109536239638341,-1.367556190333799,10.69321534236652,5.0806702058423046,-1.3569049803134197,11.751838720498023,6.25618104998188,-1.057203945524463,187.12738720034596,0.011013387702405453,250,3.6285306215286255,0.8267809515511713,1.0,disabled,single,3,row_1,row_2,-0.4599207937717438,-3.4354236125946045,0.9513079168464622,0.048537416439442996,0.19569006808550132,2.9755028188228607,-0.41000330710179717,0,0,0,disabled,0,0.0,50.0,alpha
16,1.9134775400161743,-1.512973666191101,-25.32671356201172,-0.43988022208213806,1.4067578315734863,0.005183160305023193,96,15,24,0.011055665090680122,0.5263157894736842,0.3,120,135,wall,both,1,1,1,1,1,1,0.0,6,6,0,alpha,full,huber,11.987011490185099,5.42080468579451,-1.4042784953454412,11.049493888902914,4.762423588978115,-1.2951530524055694,11.496140902156657,5.340046508382655,-1.1756155440585228,188.12311663160236,0.011055665090680122,250,3.533302903175354,0.8490639161742747,1.0,disabled,single,3,row_1,row_2,-0.43988022208213806,-3.355586528778076,0.9484711761900411,0.0513746619826914,0.20404230571237947,2.915706306695938,-0.38697634317836055,0,0,0,disabled,0,0.0,50.0,alpha
20,3.8870608806610107,-5.918332576751709,-17.794248580932617,-0.36336779594421387,1.278404951095581,0.006746172904968262,104,0,26,0.016811689361929893,0.5357142857142857,0.3,104,130,wall,both,1,1,1,1,1,1,0.0,3,3,0,alpha,full,huber,11.977886466680124,4.924451688146833,-1.3670376286666928,11.539588792624162,4.376117141907415,-1.234355631499128,11.65574351913202,4.52753586290957,-1.2031426624531716,187.10141299743492,0.016811691224575043,250,4.627387285232544,0.6483140085494786,1.0,disabled,single,3,row_1,row_2,-0.3631998300552368,-3.1563780307769775,0.9421293516162739,0.05768310830850763,0.22233009732762624,2.7931782007217407,-0.30358713216333477,0,0,0,disabled,0,0.0,50.0,alpha
24,2.1008293628692627,-1.823753833770752,-29.22817611694336,-0.376694917678833,1.3019678592681885,0.0006096959114074707,62,29,33,0.008714087307453156,0.5474452554744526,0.3,91,124,wall,both,1,1,1,1,1,1,0.0,4,4,0,alpha,full,huber,12.088799137799343,4.107831205386615,-1.364472420035592,12.423805524263592,4.214209147749775,-1.142941511895245,12.173814207788158,4.022867794400589,-1.1664529040609564,185.62976209908288,0.008714087307453156,250,2.0958672761917114,1.0,1.0,disabled,single,3,row_1,row_2,-0.376694917678833,-3.2125940322875977,0.9443831953840356,0.055402953049993535,0.21613531067825423,2.8358991146087646,-0.3194716497895908,0,0,0,disabled,0,0.0,50.0,alpha
28,0.4216196835041046,-0.07345585525035858,-28.842748641967773,-0.11941402405500412,0.7329767346382141,0.002427339553833008,119,3,32,0.017629265785217285,0.49342105263157904,0.3,120,154,wall,both,1,1,1,1,1,1,0.0,5,5,0,alpha,full,huber,10.540850418609741,1.2133010331108869,-1.3071269428389858,12.140809040663996,3.154627970892605,-1.2859440596734708,12.310650469231218,3.2304146661047053,-1.2227776860242432,152.36111806866742,0.017629265785217285,250,3.42763888835907,0.8752380567826398,1.0,disabled,single,3,row_1,row_2,-0.11941402405500412,-0.6697805523872375,0.6258535540230942,0.3609537652892013,0.7182122923779636,0.5503665283322334,0.3492248504553247,0,0,0,disabled,0,0.0,50.0,alpha
32,0.48169153928756714,-0.09587881714105606,-28.26182746887207,-0.38802167773246765,1.3213313817977905,0.0031384825706481934,75,25,49,0.009817554615437984,0.5016722408026756,0.3,120,149,wall,both,1,1,1,1,1,1,0.0,5,5,0,alpha,full,huber,12.469358329784589,2.080787533345148,-1.3087494623528204,12.30036186576686,2.6124418638140874,-1.3441080332665367,12.410485992084176,2.632056053856479,-1.27941602128018,179.37594503680313,0.009817554615437984,250,1.1257081031799316,1.0,1.0,disabled,single,3,row_1,row_2,-0.38802167773246765,-3.1778368949890137,0.9419239918524552,0.05786480642509486,0.2230375130267173,2.789815217256546,-0.32819098201651875,0,0,0,disabled,0,0.0,50.0,alpha
36,1.797510027885437,-1.3351415395736694,-36.194732666015625,-0.3771720230579376,1.3015390634536743,0.013343274593353271,53,9,43,0.014778394252061844,0.5882352941176471,0.3,96,105,wall,both,1,1,1,1,1,1,0.0,4,4,0,alpha,full,huber,12.360291327558828,2.5618991767271964,-1.2244551730133628,12.62850529208872,1.951070702105242,-1.2711991677080166,12.654232516760334,1.8423156148651572,-1.2626814112390117,172.93337302222463,0.014778395183384418,250,2.5893871784210205,1.0,1.0,disabled,single,3,row_1,row_2,-0.3771720230579376,-3.127594232559204,0.9397330665626412,0.06004976611575241,0.2291398993304646,2.7504222095012665,-0.3150126072703693,0,0,0,disabled,0,0.0,50.0,alpha
40,0.5971617698669434,-0.1473562866449356,-27.78060531616211,-2.1090636253356934,2.690276861190796,0.3502485156059265,51,0,27,0.012067190371453762,0.6578947368421053,0.3,78,78,wall,both,1,1,1,1,1,1,0.0,2,2,0,alpha,full,huber,13.854177723215344,2.1203904198840653,-0.5244584227290288,13.046698427031039,1.6430273717097676,-1.120022420217523,12.919788711360534,1.52484529942648,-1.1881196745665668,174.75980206940145,0.012067190371453762,240,1.6295202374458313,1.0,1.0,disabled,single,3,row_1,row_2,-2.1006994247436523,-6.376758098602295,0.9862823274660943,0.01370668919292466,0.07254850490310888,4.276058673858643,-2.086886795550282,0,0,1,disabled,0,0.0,50.0,alpha
44,3.113285779953003,-3.9998819828033447,-29.404319763183594,-0.4889998435974121,1.483407974243164,2.980232238769531e-07,34,5,37,0.03524702042341232,0.663716814159292,0.3,61,76,wall,both,1,1,1,1,1,1,0.0,4,4,0,alpha,full,huber,13.006365641818551,0.19903831679843587,-1.3193204801873502,12.939984459788143,1.0702092221079247,-1.2087484636200656,12.996048790377131,1.1331571614136418,-1.1964774271049146,128.9154877913679,0.03524702414870262,246,4.180980205535889,0.7175350880704495,1.0,disabled,single,3,row_1,row_2,-0.4889998435974121,-3.44563889503479,0.950448757017182,0.04941703473427769,0.19811916077469913,2.956639051437378,-0.43817881348309246,0,0,0,disabled,0,0.0,50.0,alpha
48,1.9048376083374023,-1.4993414878845215,-30.536191940307617,-0.29984086751937866,1.159042239189148,0.017930328845977783,61,4,29,0.013946001417934895,0.6147540983606558,0.3,79,94,wall,both,1,1,1,1,1,1,0.0,3,3,0,alpha,full,huber,12.46518842396957,1.2328713031616272,-1.1871634550288648,12.813854496597049,0.8530171792269925,-1.259280867235887,12.964058548464234,0.8426267243367007,-1.226105886077966,161.1539771943626,0.013946001417934895,224,2.6751753091812134,1.0,1.0,disabled,single,3,row_1,row_2,-0.29984086751937866,-2.916933536529541,0.9316780683996418,0.0680263184163737,0.2511804917781043,2.6170926690101624,-0.22907292337948548,0,0,0,disabled,0,0.0,50.0,alpha
52,1.7133756875991821,-1.2130811214447021,-24.255582809448242,-0.39989858865737915,1.3414705991744995,0.0001074671745300293,59,0,52,0.016124695539474487,0.5747126436781609,0.3,96,111,wall,both,1,1,1,1,1,1,0.0,3,3,0,alpha,full,huber,13.014697367027496,-0.4020485323912998,-1.333233483490964,12.708799364500527,0.36760828123770817,-1.3551997801137452,12.910552847931484,0.39865751897069696,-1.288546784814586,170.96819061992196,0.016124695539474487,240,2.176399827003479,1.0,1.0,disabled,single,3,row_1,row_2,-0.39989858865737915,-3.2552075386047363,0.9454366175361032,0.05439857180770987,0.21285952910089434,2.855308949947357,-0.3437901596051213,0,0,0,disabled,0,0.0,50.0,alpha
56,1.4280763864517212,-0.8427281975746155,-49.56048583984375,-0.0961490049958229,0.21197080612182617,0.14529359340667725,23,15,48,0.011915627866983414,0.6355932203389831,0.3,71,86,wall,both,1,1,1,1,1,1,0.0,3,3,0,alpha,full,huber,11.88113630417196,-0.5294926893357388,-1.864384496690231,12.591411204794907,-0.002320299476357219,-1.430191206844052,12.78705866734191,0.0737627347833467,-1.358115856480239,186.84581416904874,0.011915627866983414,250,2.495538592338562,1.0,1.0,disabled,single,3,row_1,row_2,-0.038550179451704025,-1.6346653699874878,0.8299607933624421,0.16821842306132487,0.466019836696792,1.5961151905357838,0.14782663676820784,0,0,0,disabled,0,0.0,50.0,alpha
60,0.08503402024507523,-0.0029879275243729353,-30.82986831665039,-0.4300324320793152,1.3908638954162598,0.0059195756912231445,42,0,63,0.01105448417365551,0.5882352941176471,0.3,105,105,wall,both,1,1,1,1,1,1,0.0,1,1,0,alpha,full,huber,13.10784785180137,-0.621531216670343,-1.380123437764712,12.787232812106826,-0.40123510844363613,-1.3878639060439908,12.828114708020639,-0.35345450569824477,-1.3759178258864275,162.70928014360763,0.01105448417365551,224,0.6157211661338806,1.0,1.0,disabled,single,3,row_1,row_2,-0.429904043674469,-3.3459463119506836,0.9484951087788681,0.05135870086049148,0.20392600735494962,2.9160422682762146,-0.377025397257972,0,0,0,disabled,0,0.0,50.0,alpha
64,2.4534716606140137,-2.4874062538146973,-40.3520622253418,-0.30916473269462585,0.23607440292835236,0.2696499824523926,89,5,9,0.02076995186507702,0.5928853754940712,0.3,98,103,wall,both,1,1,1,1,1,1,0.0,2,2,0,alpha,full,huber,11.519227710962397,-1.1484831372592772,-2.240946713983537,12.668447962449354,-0.8239346132755614,-1.504477273470591,12.788244626634071,-0.7911596954397419,-1.4487825686044404,181.95441173006486,0.02076995186507702,235,3.8210136890411377,0.7851319686721231,1.0,disabled,single,3,row_1,row_2,-0.30916473269462585,-1.4277493953704834,0.7506502255356895,0.24526889409880806,0.582449773009014,1.1185846626758575,-0.022349252024617128,0,0,0,disabled,0,0.0,50.0,alpha
68,0.713445246219635,-0.21033228933811188,-21.163801193237305,-0.46120554208755493,1.4406030178070068,0.0021859407424926758,71,0,35,0.009749745018780231,0.5859375,0.3,93,106,wall,both,1,1,1,1,1,1,0.0,2,2,0,alpha,full,huber,13.275257179480448,-1.5201677312282458,-1.2947734345939765,13.04232246878967,-1.7454324570255826,-1.3331413261062528,12.980565672889101,-1.8006773807583838,-1.3850168498621107,166.71455373993993,0.009749745018780231,224,1.3392271995544434,1.0,1.0,disabled,single,3,row_1,row_2,-0.46120554208755493,-3.4478256702423096,0.9518272396372012,0.048027003190691545,0.19409050573315123,2.9866201281547546,-0.41183381045960804,0,0,0,disabled,0,0.0,50.0,alpha
72,1.3277820348739624,-0.728514552116394,-42.214046478271484,-0.21348145604133606,0.6453821063041687,0.17212164402008057,94,13,23,0.008716179989278316,0.5357142857142857,0.3,117,130,wall,both,1,1,1,1,1,1,0.0,1,1,0,alpha,full,huber,11.414043515544552,-2.79748961204058,-1.9936002286182957,12.950155036046764,-2.208178984282042,-1.421363896391273,13.010006828466956,-2.2419767318016586,-1.402313949018489,216.26719394590472,0.008716179989278316,250,2.6605069637298584,1.0,1.0,disabled,single,3,row_1,row_2,-0.21348145604133606,-0.9112507104873657,0.661000502043563,0.3289761793414462,0.6855362245461422,0.6977692544460297,0.2005192235681278,0,0,0,disabled,0,0.0,50.0,alpha
76,1.9417730569839478,-1.5580506324768066,-24.906925201416016,-0.9082693457603455,1.9723283052444458,0.1035991907119751,71,0,49,0.009152745828032494,0.5555555555555556,0.3,105,120,wall,both,1,1,1,1,1,1,0.0,2,2,0,alpha,full,huber,13.914461524089514,-1.9686871817107796,-0.901690699982332,13.365260336435405,-2.6505444328147645,-1.3079996538199352,13.236767073206417,-2.7351198862955473,-1.3559025454832392,192.23439179765523,0.009152745828032494,250,2.977920174598694,1.0,1.0,disabled,single,3,row_1,row_2,-0.9082693457603455,-4.543658256530762,0.9742625595353236,0.02569488448613466,0.11991254459361968,3.6353889107704163,-0.882194902405155,0,0,0,disabled,0,0.0,50.0,alpha
80,0.5701942443847656,-0.13434770703315735,-32.28650665283203,-0.35945165157318115,1.2665562629699707,0.0269777774810791,73,0,60,0.010646117851138115,0.5300353356890459,0.3,120,133,wall,both,1,1,1,1,1,1,0.0,1,1,0,alpha,full,huber,13.565560976476517,-3.9923225036378804,-1.1487762385470663,13.61188496427929,-3.278031021734302,-1.2878269763804562,13.480003635648135,-3.2616685263105984,-1.3270744066027254,181.63259583531004,0.010646117851138115,250,1.1746487617492676,1.0,1.0,disabled,single,3,row_1,row_2,-0.35945165157318115,-3.1710243225097656,0.9431196952714349,0.056691287195311815,0.21956325270347749,2.8115726709365845,-0.30088957746797945,0,0,0,disabled,0,0.0,50.0,alpha
84,3.4389853477478027,-4.807401180267334,-40.45724868774414,-0.07262483984231949,0.5716518759727478,0.001187741756439209,106,5,21,0.014791595749557018,0.5319148936170213,0.3,120,132,wall,both,1,1,1,1,1,1,0.0,2,2,0,alpha,full,huber,11.65933231437928,-3.77473266485768,-1.4468626780184104,13.62622478100877,-3.809272682468817,-1.2967430120157526,13.604191265411078,-3.7408755890812753,-1.3119756236200955,160.03198711355566,0.014791595749557018,224,4.435186862945557,0.6764089299289634,1.0,disabled,single,3,row_1,row_2,-0.07262483984231949,-0.8408506512641907,0.6773420757676298,0.3141751445711581,0.6680920548436542,0.7682258114218712,0.3169540120556024,0,0,0,disabled,0,0.0,50.0,alpha
88,1.8195759057998657,-1.3681225776672363,0.0,-0.7383553981781006,1.822799801826477,2.0265579223632812e-05,0,0,0,0.01241869293153286,0.5,0.3,0,0,wall,both,1,1,1,1,1,1,0.0,0,0,0,alpha,full,huber,14.040469598101739,-3.4911458912395474,-1.391754269996963,13.878927342629591,-4.32831497985179,-1.269465241108854,13.832373159340431,-4.3776007801663575,-1.2835470045022288,170.24419356072815,0.01241869106888771,202,2.8089733123779297,1.0,1.0,disabled,single,3,row_1,row_2,-0.7383553981781006,-4.18045711517334,0.968940340621414,0.03100353793826582,0.13881711362785357,3.4421017169952393,-0.7068031612051865,0,0,0,disabled,0,0.0,50.0,alpha
92,0.31164273619651794,-0.04013272374868393,0.0,-0.6687185168266296,1.6927049160003662,0.08853870630264282,0,0,0,0.009249317459762096,0.5,0.3,0,0,wall,both,1,1,1,1,1,1,0.0,0,0,0,alpha,full,huber,13.097331208402952,-7.961809449492483,-1.7809382419999973,14.311558344884414,-7.459065468792043,-1.4405775763099598,14.524772159581282,-7.451089896112297,-1.3951341027602204,159.22484916443753,0.009249317459762096,207,2.148998260498047,1.0,1.0,disabled,single,3,row_1,row_2,-0.6687185168266296,-2.13224458694458,0.8101392858701346,0.18748149001734452,0.4988050403645608,1.4635260701179504,-0.4581694285922818,0,0,0,disabled,0,0.0,50.0,alpha
96,0.14304625988006592,-0.008455467410385609,0.0,-0.7651646137237549,1.8286253213882446,0.07355374097824097,0,0,0,0.007608781103044748,0.5,0.3,0,0,wall,both,1,1,1,1,1,1,0.0,0,0,0,alpha,full,huber,13.411330606887525,-8.00827475103431,-1.7429008939582327,13.982877423080224,-8.350374638417485,-1.7715247814825905,14.329421792984345,-8.326650968589831,-1.699103944962623,193.8545781164883,0.007608781103044748,250,1.1728745102882385,1.0,1.0,disabled,single,3,row_1,row_2,-0.7651646137237549,-2.561889886856079,0.856654612791106,0.1420685297868346,0.4182891747372867,1.7967252731323242,-0.61044415319192,0,0,0,disabled,0,0.0,50.0,alpha
100,2.487273931503296,-2.556417942047119,0.0,-4.77797269821167,4.634973049163818,0.031219661235809326,0,0,0,0.021613316610455513,0.5,0.3,0,0,wall,both,1,1,1,1,1,1,0.0,0,0,0,alpha,full,huber,17.28805980020788,-7.2030096565399075,-1.1064309745224983,14.29173067360746,-8.639225144391828,-1.6982344596740653,14.277979142781291,-8.735596581857036,-1.7212606234523233,170.886465151545,0.021613314747810364,250,4.988128900527954,0.6014279221377927,1.0,disabled,single,3,row_1,row_2,-4.77797269821167,-10.95215129852295,0.9979216057244197,0.002078187504029032,0.014914840071551232,6.174178600311279,-4.775892141077339,0,0,1,disabled,0,0.0,50.0,alpha
104,0.879389226436615,-0.31955593824386597,-48.97031784057617,-2.26572847366333,3.149712324142456,0.12238121032714844,3,0,117,0.03408387303352356,0.5555555555555556,0.3,120,120,wall,both,1,1,1,1,1,1,0.0,3,3,0,alpha,full,huber,12.46930208239606,-9.44516200136898,2.28455272016027,13.233835891692877,-9.824058272521684,2.9739928053746083,13.660034747710018,-9.912191205806106,3.0680697659512886,80.73082510665823,0.03408387303352356,250,2.227944254875183,1.0,1.0,disabled,single,3,row_1,row_2,-2.26572847366333,-2.7589192390441895,0.6131305953837985,0.3744233806254494,0.7223438315940958,0.4931907653808594,-1.7765511509674128,0,0,1,disabled,0,0.0,50.0,alpha
108,3.5548126697540283,-5.094577312469482,-49.40615463256836,-2.138108491897583,3.056871175765991,0.12281125783920288,2,0,122,0.03592236712574959,0.5474452554744526,0.3,120,124,wall,both,1,1,1,1,1,1,0.0,4,4,0,alpha,full,huber,13.522409944869834,-9.26232054863778,2.2854493073305804,13.176816351606758,-9.681746852631289,2.5940686153881303,13.196281276651215,-9.78060684761315,2.5773854773989644,114.15449373143572,0.03592236712574959,250,4.504776954650879,0.6659597201372428,1.0,disabled,single,3,row_1,row_2,-2.138108491897583,-3.8146069049835205,0.8411329319869039,0.157315178377343,0.4465137884119413,1.6764984130859375,-1.9651029245912681,0,0,1,disabled,0,0.0,50.0,alpha
112,0.39795807003974915,-0.06544241309165955,-49.66950225830078,-2.444115400314331,3.29665207862854,0.08432477712631226,1,0,130,0.018765782937407494,0.5338078291814947,0.3,120,131,wall,both,1,1,1,1,1,1,0.0,13,13,0,alpha,full,huber,12.757254704613166,-9.60375531074037,2.198239967800099,12.25384008558536,-9.32451281628189,1.8381851286532755,12.431996325148049,-9.3671011045864,1.824969660279379,109.48332916713554,0.018765782937407494,250,1.107051432132721,1.0,1.0,disabled,single,3,row_1,row_2,-2.444115400314331,-3.224219799041748,0.6803739089639501,0.3118549308468612,0.6631465307973482,0.780104398727417,-2.0590026345048207,0,0,1,disabled,0,0.0,50.0,alpha
116,3.121462106704712,-4.0201544761657715,-42.685604095458984,-0.6115253567695618,1.658596158027649,0.007087409496307373,31,14,114,0.04150400310754776,0.4854368932038835,0.3,120,159,wall,both,1,1,1,1,1,1,0.0,13,13,0,alpha,full,huber,11.446638303782157,-7.910175048537143,1.6766724636962724,11.913360934478444,-8.325724885652084,1.579615099411095,12.074675907509238,-8.469177836735621,1.6185119775181906,97.95225356887485,0.04150400310754776,250,3.781816005706787,0.7932696872277707,1.0,disabled,single,3,row_2,row_1,-0.6115253567695618,-0.9431941509246826,0.556445383160493,0.39937476163113583,0.830567233848307,0.33166879415512085,-0.025339100219420763,1,1,0,disabled,0,0.0,50.0,alpha
120,2.732698678970337,-3.0858025550842285,-46.7564697265625,-0.45253410935401917,1.32767653465271,0.1220666766166687,15,0,151,0.01849077083170414,0.4746835443037975,0.3,120,166,wall,both,1,1,1,1,1,1,0.0,10,10,0,alpha,full,huber,13.44211602619288,-7.434285054026889,1.2853604973455477,12.11522299590116,-7.760113160506421,1.485222910096501,12.082428580927193,-7.85243872350401,1.5126287291988376,164.7335272862949,0.01849077083170414,229,4.08305025100708,0.7347448146786959,1.0,disabled,single,3,row_1,row_2,-0.45253410935401917,-2.392651319503784,0.8735040599748705,0.12551127150813335,0.38543297286087075,1.940117210149765,-0.317291607874368,1,2,0,disabled,0,0.0,50.0,alpha
124,2.3266525268554688,-2.236905813217163,-41.52286148071289,-0.32392576336860657,1.2031241655349731,0.023517131805419922,34,0,93,0.008813231252133846,0.5415162454873647,0.3,120,127,wall,both,1,1,1,1,1,1,0.0,7,7,0,alpha,full,huber,13.677901920252378,-7.061308968307983,1.5673272513083756,12.347709240411072,-7.2198551324400695,1.492200481256452,12.232106401375402,-7.24357388391135,1.4824500807464762,216.40590816932132,0.008813231252133846,250,3.0500941276550293,0.9835762027142609,1.0,disabled,single,3,row_1,row_2,-0.32392576336860657,-2.5858349800109863,0.9051983153805895,0.09427771449200963,0.31675477963771415,2.2619092166423798,-0.22432453709748887,0,2,0,disabled,0,0.0,50.0,alpha
128,1.554089069366455,-0.9980136156082153,-29.49726676940918,-0.3126687705516815,1.1861742734909058,8.004903793334961e-05,53,2,69,0.009031279012560844,0.5474452554744526,0.3,119,124,wall,both,1,1,1,1,1,1,0.0,7,7,0,alpha,full,huber,11.667523344318658,-6.812868916133864,1.797282872098707,11.977497532584334,-6.952239385370199,1.6068550031247302,12.12203452615325,-6.903357314422143,1.5411565270664838,194.57723960739472,0.009031279012560844,250,1.6881656646728516,1.0,1.0,disabled,single,3,row_1,row_2,-0.3126687705516815,-0.4263993799686432,0.5161198732278962,0.46063613740125575,0.7858678219597985,0.11373060941696167,0.3487474574720899,0,2,0,disabled,0,0.0,50.0,alpha
132,1.0695499181747437,-0.4727012515068054,-37.34483337402344,-0.15711857378482819,0.8167996406555176,0.046591877937316895,53,0,83,0.011142206378281116,0.5244755244755245,0.3,120,136,wall,both,1,1,1,1,1,1,0.0,10,10,0,alpha,full,huber,11.093295384040376,-6.60854692340602,1.489343160691158,11.489060484847624,-6.508593046850975,1.6944346739923335,11.81230646645606,-6.47800530187224,1.6138066906738864,174.452956505566,0.011142206378281116,250,1.6769522428512573,1.0,1.0,disabled,single,3,row_2,row_1,-0.15711857378482819,-0.6301039457321167,0.5828141143832095,0.3631743130730922,0.8401388294996167,0.4729853719472885,0.38276841294163366,1,3,0,disabled,0,0.0,50.0,alpha
136,0.9301503300666809,-0.3575122654438019,-29.892677307128906,-0.21237783133983612,0.957087516784668,0.04648178815841675,89,19,39,0.01742781326174736,0.5050505050505051,0.3,120,147,wall,both,1,1,1,1,1,1,0.0,8,8,0,alpha,full,huber,11.565707810277901,-5.371927020273672,2.0661005080746033,11.296781354223853,-5.971738111147134,1.74477168401726,11.546186699779618,-6.030684634818405,1.6767161175236307,144.25277006193912,0.01742781326174736,213,1.0357520580291748,1.0,1.0,disabled,single,3,row_1,row_2,-0.21237783133983612,-0.53783118724823,0.5706089423317631,0.4120937015975042,0.7556426058432495,0.32545335590839386,0.3486733371810006,1,4,0,disabled,0,0.0,50.0,alpha
140,2.561779737472534,-2.7118659019470215,-39.639442443847656,-0.12711626291275024,0.746257483959198,0.0286942720413208,58,0,85,0.01965225860476494,0.5119453924914675,0.3,108,143,wall,both,1,1,1,1,1,1,0.0,13,13,0,alpha,full,huber,11.924140015233185,-6.064465692198757,2.0247641714527536,11.372096235808353,-5.507850593208145,1.8109589461112225,11.434835733685254,-5.5406533906909115,1.7815353904739428,128.02543030501693,0.019652260467410088,175,3.430743932723999,0.8744459099335957,1.0,disabled,single,3,row_1,row_2,-0.12711626291275024,-0.6798063516616821,0.6272735560316367,0.3609331099788305,0.7127216125983832,0.5526900887489319,0.3392562770734238,0,4,0,disabled,0,0.0,50.0,alpha
144,2.4658501148223877,-2.512568950653076,-37.94963455200195,-0.10006920993328094,0.655761182308197,0.03323566913604736,62,19,55,0.014623233117163181,0.5244755244755245,0.3,94,136,wall,both,1,1,1,1,1,1,0.0,11,11,0,alpha,full,huber,11.921319167048162,-5.625020014023039,2.0431683789408215,11.487862636625538,-5.021153578882,1.727200397359689,11.413989267528127,-5.059507733398273,1.7629579153862558,149.9790013586115,0.014623233117163181,196,3.229136347770691,0.9290409809022525,1.0,disabled,single,3,row_1,row_2,-0.10006920993328094,-0.7567519545555115,0.651853343943084,0.3380307472025841,0.692054579355653,0.6566827446222305,0.32786646502596706,0,4,0,disabled,0,0.0,50.0,alpha
148,0.9917833209037781,-0.40646040439605713,-38.768184661865234,-0.17059370875358582,0.8759135603904724,0.004934072494506836,93,47,41,0.013750682584941387,0.4531722054380664,0.3,120,181,wall,both,1,1,1,1,1,1,0.0,8,8,0,alpha,full,huber,11.533221907380158,-4.770705029112182,1.8593868704468335,11.42591358103198,-4.162361434459477,1.7748093021818676,11.334476778558127,-4.17161699627454,1.7959673862257048,150.69306403704718,0.013750682584941387,180,1.6752439737319946,1.0,1.0,disabled,single,3,row_1,row_2,-0.17059370875358582,-0.5907794237136841,0.5946134494332402,0.3906163259373817,0.7385555344154866,0.42018571496009827,0.3492500406246378,0,4,0,disabled,0,0.0,50.0,alpha
152,0.7310308814048767,-0.22082898020744324,-34.126373291015625,-0.20261649787425995,0.18196643888950348,0.21871966123580933,119,14,44,0.016175203025341034,0.4587155963302753,0.3,120,177,wall,both,1,1,1,1,1,1,0.0,7,7,0,alpha,full,huber,12.025094156177033,-3.603839001992955,1.0693922859565834,11.392316077661867,-3.2422349377084503,1.6743280340583007,11.253988458401246,-3.2292774552144694,1.7104919752303003,160.9527768091063,0.016175201162695885,207,1.5823109149932861,1.0,1.0,disabled,single,3,row_1,row_2,-0.20261649787425995,-1.4266026020050049,0.7696073214874938,0.22630741278232996,0.5602726333428404,1.223986104130745,0.05925836843430665,0,4,0,disabled,0,0.0,50.0,alpha
156,1.631468415260315,-1.0998716354370117,-34.281063079833984,-0.22869572043418884,1.004616379737854,0.03289639949798584,79,0,61,0.008513440378010273,0.5172413793103449,0.3,120,140,wall,both,1,1,1,1,1,1,0.0,5,5,0,alpha,full,huber,12.948474640294604,-2.07871819693844,1.5234776196896753,11.528478325338611,-2.034524965979635,1.6217116134896696,11.305247052740192,-2.0203841482700455,1.6767965519691446,218.25976405535476,0.008513440378010273,250,2.878705859184265,1.0,1.0,disabled,single,3,row_1,row_2,-0.22869572043418884,-2.7578611373901367,0.9258284201246475,0.07381216157946881,0.26657237531893424,2.529165416955948,-0.15162936748758582,0,4,0,disabled,0,0.0,50.0,alpha
160,1.7410390377044678,-1.2525689601898193,-37.515811920166016,-0.11040357500314713,0.684560239315033,0.03917872905731201,84,0,58,0.007600219454616308,0.5136986301369862,0.3,120,142,wall,both,1,1,1,1,1,1,0.0,11,11,0,alpha,full,huber,12.46083639661012,-1.3257638653057382,1.499841059315325,11.637801179656623,-0.5071531309038124,1.6480164780237145,11.385864783987666,-0.4586923543426963,1.679584184810837,226.78042987857816,0.0076002199202775955,250,3.2254016399383545,0.9301167218533868,1.0,disabled,single,3,row_1,row_2,-0.1057097464799881,-2.2285561561584473,0.8924293111413804,0.1068152704060891,0.345904540474225,2.122846409678459,0.008098225188029107,0,4,0,disabled,0,0.0,50.0,alpha
164,1.5948317050933838,-1.0510282516479492,-21.832372665405273,-0.19253066182136536,0.9307995438575745,0.00010031461715698242,106,32,18,0.0103496378287673,0.49019607843137253,0.3,120,156,wall,both,1,1,1,1,1,1,0.0,12,12,0,alpha,full,huber,10.656800821944191,-0.3578821463126912,1.8371845565972293,10.86499253904876,0.3665612048362957,1.7956448914993919,11.074479687670461,0.4204186978813902,1.7444839667395158,172.16405379419248,0.0103496378287673,250,2.916048765182495,1.0,1.0,disabled,single,3,row_1,row_2,-0.19253066182136536,-0.5164418816566467,0.5702724142235633,0.4124862807841389,0.7555740319489184,0.32391121983528137,0.36911045080895544,0,4,0,disabled,0,0.0,50.0,alpha
168,0.5923339128494263,-0.14498324692249298,-29.3964900970459,-0.16365045309066772,0.8581441640853882,0.0009227991104125977,110,24,39,0.011194075457751751,0.46439628482972134,0.3,120,173,wall,both,1,1,1,1,1,1,0.0,11,11,0,alpha,full,huber,10.594351617295825,0.2916373788307898,1.7218125490234995,10.59907194117546,0.9562826970204183,1.8054883210683967,10.766594839999197,1.088343611587752,1.7717903981930068,181.82536946017197,0.011194075457751751,250,1.6429596543312073,1.0,1.0,disabled,single,3,row_1,row_2,-0.16365045309066772,-0.566609799861908,0.5899506394463039,0.39428717906671196,0.7436954378727894,0.40295934677124023,0.364065954446978,0,4,0,disabled,0,0.0,50.0,alpha
172,0.5843681693077087,-0.14110998809337616,-34.75775146484375,-0.26236215233802795,0.7913325428962708,0.17373895645141602,96,33,16,0.011092898435890675,0.5084745762711864,0.3,84,145,wall,both,1,1,1,1,1,1,0.0,12,12,0,alpha,full,huber,9.598784567947025,1.1022372852620261,2.329871301300517,10.092976840915526,1.7781768963184197,1.8328304136177642,10.31964594079053,1.9738370103885554,1.7984812812421822,191.27974828886545,0.011092898435890675,250,1.6078132390975952,1.0,1.0,disabled,single,3,row_2,row_1,-0.22775325179100037,-0.725623369216919,0.5843862433330992,0.355203911214774,0.8511332622024341,0.4978701174259186,0.3094398874049721,1,5,0,disabled,0,0.0,50.0,alpha
176,0.8014405965805054,-0.26541614532470703,-29.62502098083496,-0.21221931278705597,0.9771366715431213,0.0032235383987426758,78,36,30,0.010684712789952755,0.5102040816326531,0.3,83,144,wall,both,1,1,1,1,1,1,0.0,6,6,0,alpha,full,huber,10.002933738882357,2.7957012252364883,1.8225149418927185,9.913505240380932,2.9359889481286827,1.7730785324740648,9.962908659849049,3.1181202668888632,1.7785216924882405,189.55293306882925,0.010684712789952755,250,1.2721734642982483,1.0,1.0,disabled,single,3,row_1,row_2,-0.21221931278705597,-0.4854048788547516,0.5567224700854626,0.4236388364056126,0.7671033254295213,0.2731855660676956,0.37346910881414286,1,6,0,disabled,0,0.0,50.0,alpha
180,1.9579598903656006,-1.5841351747512817,-22.31133270263672,-0.12951943278312683,0.7575948238372803,0.021997153759002686,127,12,11,0.013014651834964752,0.5,0.3,120,150,wall,both,1,1,1,1,1,1,0.0,6,6,0,alpha,full,huber,10.18003365584719,3.059745820362382,1.9523341541744639,9.999874320444192,3.315176935745143,1.7176471844589432,9.932042060117345,3.450792241434642,1.7365886302981997,187.17928228554192,0.013014651834964752,250,2.478485941886902,1.0,1.0,disabled,single,3,row_1,row_2,-0.12951943278312683,-0.6496952772140503,0.6187738920512181,0.3678091105013209,0.7227442032555275,0.5201758444309235,0.3504959196454788,0,6,0,disabled,0,0.0,50.0,alpha
184,2.36193585395813,-2.305264949798584,-24.264066696166992,-0.2811397612094879,1.1247745752334595,0.0007715821266174316,120,33,24,0.011057281866669655,0.4587155963302753,0.3,120,177,wall,both,1,1,1,1,1,1,0.0,6,6,0,alpha,full,huber,9.724882960534142,3.536405559591027,1.7814847913617387,9.683997463421083,3.682401864469944,1.830728846765935,9.770403874748446,3.7914000300223223,1.7813958040027718,192.21618991733206,0.011057281866669655,250,2.6023666858673096,1.0,1.0,disabled,single,3,row_1,row_2,-0.2811397612094879,-0.41735899448394775,0.520454513591969,0.45417530647926846,0.7915667582707402,0.13621923327445984,0.371913023369252,0,6,0,disabled,0,0.0,50.0,alpha
188,2.66256046295166,-2.9294331073760986,-41.65528869628906,-0.04675300046801567,0.45509734749794006,0.013352930545806885,98,2,39,0.020077956840395927,0.5190311418685121,0.3,120,139,wall,both,1,1,1,1,1,1,0.0,3,3,0,alpha,full,huber,11.203314493999526,4.346811310536226,1.494731467846207,9.77385676723155,4.406686134322169,1.7672676387947002,9.693325438390074,4.467687720378395,1.7587422067499698,173.2885677817595,0.020077956840395927,240,4.374974966049194,0.6857182094253534,1.0,disabled,single,3,row_1,row_2,-0.04675300046801567,-1.9258030652999878,0.8664469291006178,0.1323368803108601,0.4000108062361525,1.8790500648319721,0.09660141866564659,0,6,0,disabled,0,0.0,50.0,alpha
192,0.9208903312683105,-0.35042935609817505,-33.22272491455078,-0.08762717992067337,0.597934365272522,0.044759154319763184,124,29,12,0.010078678838908672,0.47619047619047616,0.3,120,165,wall,both,1,1,1,1,1,1,0.0,3,3,0,alpha,full,huber,10.123724793292494,4.603314834813622,1.9586566410784725,9.824785341402656,4.872134391020222,1.7581697318967369,9.707653663922489,4.9401753660902,1.7579361063303889,180.9254306242112,0.010078678838908672,229,1.5367751121520996,1.0,1.0,disabled,single,3,row_1,row_2,-0.081976979970932,-0.7917979955673218,0.6643418438899639,0.32667827776341174,0.6794892385198278,0.7098210155963898,0.3269814568762771,0,6,0,disabled,0,0.0,50.0,alpha
196,0.43088197708129883,-0.07671871036291122,-28.73113441467285,-0.15138497948646545,0.8228164315223694,0.015131652355194092,119,42,20,0.010365636087954044,0.4531722054380664,0.3,120,181,wall,both,1,1,1,1,1,1,0.0,4,4,0,alpha,full,huber,9.635172332679257,5.739367941984269,1.9086878183743945,9.651755214321371,5.444381068815263,1.8044720355554689,9.628427812607677,5.4630738391840215,1.7819286605401503,169.30462277058078,0.010365637019276619,213,0.8204201459884644,1.0,1.0,disabled,single,3,row_1,row_2,-0.15138497948646545,-0.6208932399749756,0.6061359308974137,0.37902266630150255,0.7336621895945842,0.46950826048851013,0.3492660301681537,0,6,0,disabled,0,0.0,50.0,alpha
200,3.026470899581909,-3.7846384048461914,-30.67613983154297,-0.259286105632782,1.0403392314910889,0.06782007217407227,107,35,19,0.017662853002548218,0.48231511254019294,0.3,120,161,wall,both,1,1,1,1,1,1,0.0,3,3,0,alpha,full,huber,9.075446057611687,5.274985723613929,2.110860024025091,9.373318129000907,5.833261416210365,1.8884038201473194,9.447415720261326,5.897587317045341,1.833805246915933,135.57892068985956,0.017662853002548218,180,3.7981334924697876,0.7898616533483687,1.0,disabled,single,3,row_2,row_1,-0.24793115258216858,-0.47345009446144104,0.5327202054503514,0.42516503091427055,0.8325120427107315,0.22551894187927246,0.38182778293475483,1,7,0,disabled,0,0.0,50.0,alpha
204,2.5878312587738037,-2.7673020362854004,-33.20144271850586,-0.21910305321216583,0.9438233971595764,0.0719791054725647,95,35,34,0.01801592856645584,0.47770700636942676,0.3,120,164,wall,both,1,1,1,1,1,1,0.0,4,4,0,alpha,full,huber,8.730725606460245,6.730423956868466,2.1084932248221753,9.072731156350667,6.220942603692242,1.9643162435552326,9.205214940957791,6.2630135774839975,1.8968613386489652,124.85074293509457,0.01801592856645584,164,3.285415768623352,0.9131264385624634,1.0,disabled,single,3,row_2,row_1,-0.21910305321216583,-0.5523717999458313,0.5550592700777888,0.39774303427553376,0.8375652689537775,0.33326874673366547,0.36957732479254335,0,7,0,disabled,0,0.0,50.0,alpha
208,2.6978704929351807,-3.0076467990875244,-29.1772518157959,-0.32397952675819397,1.2074333429336548,0.000830233097076416,103,34,33,0.04129457846283913,0.46875,0.3,120,170,wall,both,1,1,1,1,1,1,0.0,3,3,0,alpha,full,huber,9.021447608225426,7.063721908926607,1.7879038943391068,9.06839887187413,6.805546843196672,1.9081090869549036,9.065772184721816,6.7443587555267115,1.912317977956576,54.71246586583347,0.04129457846283913,80,3.015284538269043,0.994930979788124,1.0,disabled,single,3,row_1,row_2,-0.32397952675819397,-0.36569151282310486,0.4963918267982693,0.47611222925138047,0.7998040368258997,0.04171198606491089,0.37641016398014915,1,8,0,disabled,0,0.0,50.0,alpha
212,2.9297642707824707,-3.5469086170196533,-33.22288131713867,-0.3052591383457184,0.48030534386634827,0.2494564652442932,115,44,14,0.03492288663983345,0.46439628482972134,0.3,120,173,wall,both,1,1,1,1,1,1,0.0,2,2,0,alpha,full,huber,8.215815861138086,7.0210346095451115,2.448673722591886,8.902245449523452,7.158274842656176,1.9489914947888707,8.940775666039842,7.072946194350939,1.9217630568318596,59.9688374934531,0.03492288291454315,83,3.655965566635132,0.8205766562405379,1.0,disabled,single,3,row_2,row_1,-0.3052591383457184,-1.123664379119873,0.6309307214418222,0.27832536973605554,0.8643086339812943,0.8184052407741547,0.15530007581558802,1,9,0,disabled,0,0.0,50.0,alpha
216,0.11627130955457687,-0.005586370825767517,-35.63145065307617,-0.10792698711156845,0.6733306646347046,0.04193335771560669,96,8,30,0.017853057011961937,0.528169014084507,0.3,120,134,wall,both,1,1,1,1,1,1,0.0,2,2,0,alpha,full,huber,8.353817715606478,7.386042568894767,2.017380715763811,8.655078647435001,7.671357147863681,1.9672276280382448,8.709606260632812,7.61338358614727,1.9342646257196607,77.65758488521784,0.017853055149316788,87,0.7083014249801636,1.0,1.0,disabled,single,3,row_2,row_1,-0.10792698711156845,-0.7319170236587524,0.6062325389744855,0.3248207863420027,0.8530618359408667,0.623990036547184,0.3925646517252227,0,9,0,disabled,0,0.0,50.0,alpha
220,2.8999125957489014,-3.4749972820281982,0.0,-0.12748241424560547,0.7282418012619019,0.04857295751571655,0,0,0,0.027444172650575638,0.5,0.3,0,0,wall,both,1,1,1,1,1,1,0.0,0,0,0,alpha,full,huber,9.292315216337592,8.260995019610386,1.4593710552715606,8.57073392769726,8.58018990483102,1.863671194379179,8.465880298424047,8.55500068664097,1.8977885300477615,98.46269481424629,0.027444172650575638,127,3.8836722373962402,0.7724647747337485,1.0,disabled,single,3,row_1,row_2,-0.12731564044952393,-0.685394287109375,0.6282773081552597,0.3595678867236792,0.7133946268954243,0.5580786466598511,0.33745799603366317,1,10,0,disabled,0,0.0,50.0,alpha
224,0.18537862598896027,-0.014200511388480663,0.0,-0.007731139659881592,0.18061871826648712,0.01086193323135376,0,0,0,0.010987520217895508,0.5,0.3,0,0,wall,both,1,1,1,1,1,1,0.0,0,0,0,alpha,full,huber,7.52272507961124,9.124524041022775,1.9176581913990702,8.094899888992316,9.366919194367243,1.930298325664802,8.133813275283494,9.39312623047202,1.9017196009258335,141.13950944374636,0.010987520217895508,180,0.8540250658988953,1.0,1.0,disabled,single,3,row_2,row_1,-0.007731139659881592,-1.1653599739074707,0.6614706514672383,0.20785418114931556,0.8658302412069692,1.1576288342475891,0.40555852339208087,1,11,0,disabled,0,0.0,50.0,alpha
228,0.5418445467948914,-0.1213204637169838,0.0,-0.12369164824485779,0.7428795099258423,0.01606851816177368,0,0,0,0.011464833281934261,0.5,0.3,0,0,wall,both,1,1,1,1,1,1,0.0,0,0,0,alpha,full,huber,8.159232582560342,8.813232973663288,1.9496430996235556,8.068140504576398,9.461596240542663,1.9068875147730784,8.058481875822848,9.551052617435609,1.9026775455758678,193.60017038760284,0.011464833281934261,250,1.4445027112960815,1.0,1.0,disabled,single,3,row_2,row_1,-0.12369164824485779,-0.6644400954246521,0.5927404129497194,0.3451600090237411,0.8497411928208821,0.5407484471797943,0.3993070797737318,0,11,0,disabled,0,0.0,50.0,alpha
232,3.20912504196167,-4.237499713897705,0.0,-0.057783789932727814,0.507828950881958,0.010785937309265137,0,0,0,0.01251586340367794,0.5,0.3,0,0,wall,both,1,1,1,1,1,1,0.0,0,0,0,alpha,full,huber,9.268216554338876,9.495699820455796,1.528478250430478,8.100121635234196,9.726750560017493,1.8641796134881963,8.01070058481395,9.837960109484907,1.8883786856611522,201.82083211747386,0.01251586340367794,250,4.129365921020508,0.7265037919571432,1.0,disabled,single,3,row_1,row_2,-0.057783789932727814,-0.8566950559616089,0.6841137476871709,0.30772697208033034,0.6616148152881305,0.7989112660288811,0.3218472874645418,1,12,0,disabled,0,0.0,50.0,alpha
236,3.983469009399414,-6.1573615074157715,-32.85440444946289,-0.05884760618209839,0.4033152461051941,0.07457584142684937,40,0,48,0.013625000603497028,0.6302521008403361,0.3,88,88,wall,both,1,1,1,1,1,1,0.0,1,1,0,alpha,full,huber,9.326217150028993,10.452369569539844,1.286841424425754,8.504430748809831,10.065424111367957,1.8274380298669268,8.206934052615914,10.105724114390652,1.8997571807863114,155.64673054569067,0.013625000603497028,250,5.27775239944458,0.5684237859122975,1.0,disabled,single,3,row_1,row_2,-0.05884760618209839,-1.0715681314468384,0.7296670433925153,0.2650365656065792,0.609662629612933,1.01272052526474,0.2563193476468597,0,12,0,disabled,0,0.0,50.0,alpha
240,0.4397248923778534,-0.07989998906850815,-19.504220962524414,-0.4041268825531006,0.5436445474624634,0.28795844316482544,73,0,14,0.009053420275449753,0.6329113924050632,0.3,87,87,wall,both,1,1,1,1,1,1,0.0,1,1,0,alpha,full,huber,7.720064980758737,10.125815461875213,2.479385959590143,8.080423061030109,10.337164854976477,1.9936599985956025,8.071327550480936,10.433391146008491,1.997666189951456,192.59867065611596,0.009053420275449753,250,1.2081062197685242,1.0,1.0,disabled,single,3,row_2,row_1,-0.4041268825531006,-1.2480888366699219,0.6376993728904305,0.2742129558949334,0.8556861854443643,0.8439619541168213,0.04576142650106413,1,13,0,disabled,0,0.0,50.0,alpha
244,1.1102062463760376,-0.5093214511871338,-42.21571350097656,-0.12472394853830338,0.6454270482063293,0.0887531042098999,76,0,11,0.008902739733457565,0.6329113924050632,0.3,87,87,wall,both,1,1,1,1,1,1,0.0,2,2,0,alpha,full,huber,6.654266844067636,10.14206424654004,2.1254857901003,7.673913029569907,10.559954010031621,2.139481829869768,7.7923970855419125,10.67305013718575,2.072848161727215,207.66853836124216,0.008902739733457565,250,2.4625390768051147,1.0,1.0,disabled,single,3,row_2,row_3,-0.12472394853830338,-0.9620214700698853,0.6363223785535933,0.2754504610996867,0.857002329951698,0.8372975215315819,0.3273260110080453,0,13,0,disabled,0,0.0,50.0,alpha
248,0.2751309871673584,-0.031279776245355606,-15.475500106811523,-0.4581093490123749,0.5046297311782837,0.31364381313323975,66,0,7,0.018266307190060616,0.6726457399103138,0.3,73,73,wall,both,1,1,1,1,1,1,0.0,2,2,0,alpha,full,huber,7.630523856947179,10.1903357725439,2.515320653931787,7.623448905554252,10.732277714617442,2.2177759345547,7.614200440105372,10.873388391542926,2.1752106142296164,162.62440618163964,0.018266307190060616,250,1.0492428541183472,1.0,1.0,disabled,single,3,row_2,row_1,-0.4581093490123749,-1.39825439453125,0.6482364759575422,0.25318248575533325,0.8571932002499105,0.9401450455188751,-0.024609631844257684,0,13,0,disabled,0,0.0,50.0,alpha
252,1.0729182958602905,-0.4756833612918854,0.0,-1.0271847248077393,1.724853277206421,0.2994688153266907,0,0,0,0.00683499313890934,0.5,0.3,0,0,wall,both,1,1,1,1,1,1,0.0,0,0,0,alpha,full,huber,6.471373158206676,11.414984151650513,2.495645848678807,6.962785818132535,11.267600504720553,2.876809454641831,7.052110507580865,11.41276205698054,2.813138384888151,219.50104574046549,0.00683499313890934,250,1.7557225823402405,1.0,1.0,disabled,single,3,row_2,row_3,-1.0271847248077393,-1.8449788093566895,0.6329226060101676,0.279374748385375,0.8592133116130112,0.8177940845489502,-0.5697775951079757,0,13,0,disabled,0,0.0,50.0,alpha
256,4.927359104156494,-8.49758529663086,0.0,-1.085638165473938,1.7647782564163208,0.3105112910270691,0,0,0,0.014825919643044472,0.5,0.3,0,0,wall,both,1,1,1,1,1,1,0.0,0,0,0,alpha,full,huber,8.595759365439969,11.670271434892722,2.4854976298146685,6.642130386788377,11.234225271262495,-3.0380484471491163,6.63222923582875,11.396728309271992,-3.0729338992448847,188.3984182313781,0.014825919643044472,250,5.605463981628418,0.5351920928994148,1.0,disabled,single,3,row_1,row_2,-1.085638165473938,-1.4767075777053833,0.5873438220778804,0.39724013174480005,0.7436108815369894,0.3910694122314453,-0.5534932624087369,1,14,0,disabled,0,0.0,50.0,alpha
260,0.23537954688072205,-0.02289402112364769,-41.66868591308594,-0.5237829089164734,1.5326417684555054,0.020912349224090576,16,2,61,0.014280562289059162,0.6550218340611353,0.3,68,79,wall,both,1,1,1,1,1,1,0.0,12,12,0,alpha,full,huber,5.460994138068222,10.789769366408713,-1.6069243680982008,4.950601385740601,10.507619144865316,-1.262398250355179,4.947871030600734,10.894165848710447,-1.3789359679036945,159.9175035193995,0.014280562289059162,250,1.1465203762054443,1.0,1.0,disabled,single,3,row_3,row_2,-0.5237829089164734,-0.891684889793396,0.5620166144866426,0.3890194847607534,0.838838764243651,0.3679019808769226,0.052440957465461624,1,15,0,disabled,0,0.0,50.0,alpha
264,4.585300922393799,-7.64950704574585,-46.71809768676758,-0.4971790313720703,1.461353063583374,0.07443028688430786,15,3,85,0.025036264210939407,0.5928853754940712,0.3,83,103,wall,both,1,1,1,1,1,1,0.0,11,11,0,alpha,full,huber,6.3342753401364895,11.017704390724052,-1.0523431085603718,5.265762059827548,10.297490321020323,-0.9618920458181056,5.155091479702337,10.347308087344047,-0.9787474256719984,166.18389220940708,0.025036267936229706,250,6.284290313720703,0.477380873612729,1.0,disabled,single,3,row_2,row_3,-0.4971790313720703,-1.1422077417373657,0.6097678733452202,0.3199131775681923,0.8529216487799613,0.6450287103652954,-0.0025021016356446824,1,16,0,disabled,0,0.0,50.0,alpha
268,4.639995574951172,-7.785113334655762,-39.0485954284668,-0.09052582830190659,0.529083251953125,0.08329612016677856,59,22,57,0.01828543283045292,0.5208333333333334,0.3,91,138,wall,both,1,1,1,1,1,1,0.0,13,13,0,alpha,full,huber,5.001091081514404,9.896226809710427,-0.9910108671451612,5.2701941782731065,9.743454127296271,-0.8288686129279516,5.347475896292911,9.844893936821983,-0.7428037520246749,119.95149653453652,0.01828543283045292,250,5.087768793106079,0.5896494361270891,1.0,disabled,single,3,row_3,row_2,-0.09052582830190659,-1.1543201208114624,0.6595672170240117,0.22764550028320282,0.8575307725189767,1.0637942925095558,0.3256455625276757,1,17,0,disabled,0,0.0,50.0,alpha
272,2.727740526199341,-3.074615001678467,-27.90074348449707,-0.13442502915859222,0.6074507832527161,0.11333280801773071,95,0,41,0.019280625507235527,0.5244755244755245,0.3,120,136,wall,both,1,1,1,1,1,1,0.0,9,9,0,alpha,full,huber,5.596389412623405,8.039505472520231,-0.8952008017976558,5.784947757571841,8.62274498706779,-0.9543417906101254,6.035919901393997,8.80251280606152,-0.8430032856216014,145.17593535875142,0.019280625507235527,250,3.3959702253341675,0.8833999714190063,1.0,disabled,single,3,row_3,row_2,-0.13442502915859222,-0.8718193769454956,0.6234422819155172,0.2982290579078977,0.8548919893313621,0.7373943477869034,0.3380740600942494,0,17,0,disabled,0,0.0,50.0,alpha
276,2.5462257862091064,-2.6790354251861572,-23.81047248840332,-0.18024827539920807,0.8952542543411255,0.022906005382537842,97,0,43,0.013113724067807198,0.5172413793103449,0.3,120,140,wall,both,1,1,1,1,1,1,0.0,10,10,0,alpha,full,huber,5.971187258495608,7.6269192817741605,-1.1614620188508695,5.9266804944253835,8.063970929080396,-1.0339867999311643,6.1755840513470694,8.21517838667682,-0.9445446318622217,173.11011483769997,0.013113724067807198,250,2.9737181663513184,1.0,1.0,disabled,single,3,row_3,row_2,-0.18024827539920807,-0.5972933769226074,0.5715903475921985,0.3766730077918055,0.840707029620927,0.41704510152339935,0.379084444317456,0,17,0,disabled,0,0.0,50.0,alpha
280,0.532614529132843,-0.11722241342067719,-28.981203079223633,-0.30673977732658386,1.174864649772644,0.001095592975616455,100,4,35,0.011103479191660881,0.5190311418685121,0.3,120,139,wall,both,1,1,1,1,1,1,0.0,10,10,0,alpha,full,huber,6.164750707155867,8.090172984952694,-1.4227246810743606,6.1479869505612275,7.754331259873982,-1.1043662239298822,6.294201490702502,7.801705435030079,-1.0294118074562673,197.65057979473514,0.011103479191660881,250,1.1964462995529175,1.0,1.0,disabled,single,3,row_3,row_2,-0.30673977732658386,-0.40818583965301514,0.507315301560207,0.4583745499420609,0.8175438214021927,0.10144606232643127,0.37188279479344877,0,17,0,disabled,0,0.0,50.0,alpha
284,2.898881435394287,-3.4725265502929688,-27.787128448486328,-0.28626561164855957,1.1349860429763794,0.0003211498260498047,103,6,46,0.01170989591628313,0.49180327868852464,0.3,120,155,wall,both,1,1,1,1,1,1,0.0,13,13,0,alpha,full,huber,6.410723644603039,6.488429617312566,-1.378750087516744,6.362872038786983,7.123141514452351,-1.1120805463981889,6.525082047309352,7.135563384334053,-1.065498081121396,206.30176961970932,0.011709896847605705,250,2.84110426902771,1.0,1.0,disabled,single,3,row_3,row_2,-0.28626561164855957,-0.42664834856987,0.5160323984655623,0.4484453458975487,0.8195976287513862,0.14038273692131042,0.3753201160991235,0,17,0,disabled,0,0.0,50.0,alpha
288,1.9865437746047974,-1.630725622177124,-23.595355987548828,-0.33837103843688965,1.2339646816253662,0.00021398067474365234,124,6,39,0.03681744635105133,0.47021943573667707,0.3,120,169,wall,both,1,1,1,1,1,1,0.0,9,9,0,alpha,full,huber,6.6743557536124944,5.599870268503643,-1.3605835154404051,6.499667211314407,6.26049888964309,-1.265845062189404,6.637794779286285,6.4713144095008825,-1.1714125644983655,102.89562917328871,0.03681744635105133,250,2.484015941619873,1.0,1.0,disabled,single,3,row_3,row_2,-0.33837103843688965,-0.3592289686203003,0.4899271791600264,0.47981414735741423,0.8077609293049159,0.020857930183410645,0.3751274744438535,0,17,0,disabled,0,0.0,50.0,alpha
292,3.37904953956604,-4.6588006019592285,-29.068449020385742,-0.3055276572704315,1.1725499629974365,0.0002377033233642578,113,11,56,0.010116210207343102,0.45454545454545453,0.3,120,180,wall,both,1,1,1,1,1,1,0.0,15,15,0,alpha,full,huber,6.757735664666311,5.698727285541697,-1.3793369450866404,6.760186675810611,5.964716181189305,-1.144663743126003,6.7751436771427365,6.037586721529609,-1.1529042111701095,202.93370631958348,0.010116210207343102,250,3.5261160135269165,0.8507944686140144,1.0,disabled,single,3,row_2,row_3,-0.3055276572704315,-0.3957385718822479,0.5045504630341664,0.4610271550913984,0.8180998481252512,0.0902109146118164,0.37855976108448164,1,18,0,disabled,0,0.0,50.0,alpha
296,2.48708438873291,-2.5560286045074463,-24.679685592651367,-0.32451507449150085,1.2084360122680664,0.00012308359146118164,136,3,41,0.020486673340201378,0.45454545454545453,0.3,112,180,wall,both,1,1,1,1,1,1,0.0,14,14,0,alpha,full,huber,6.840706295428373,5.001837695656296,-1.3854499283197983,6.981790912725708,5.387494363384289,-1.1840708339989654,6.970148657394489,5.506072688206345,-1.1577785490905912,164.50658610308847,0.020486675202846527,250,2.5410048961639404,1.0,1.0,disabled,single,3,row_2,row_3,-0.32451507449150085,-0.36675140261650085,0.49391105889736825,0.4734844777450725,0.8140139417566422,0.042236328125,0.3808847462302275,0,18,0,disabled,0,0.0,50.0,alpha
300,1.730871319770813,-1.2379815578460693,-23.61741065979004,-0.2880474328994751,1.1385136842727661,1.0132789611816406e-06,123,1,42,0.014857466332614422,0.4746835443037975,0.3,109,166,wall,both,1,1,1,1,1,1,0.0,15,15,0,alpha,full,huber,6.7394070005836175,4.749809280144532,-1.3936420453792873,6.9817902508955765,5.044943046799398,-1.2385085653135055,7.040994035175147,5.127125729137834,-1.1931231726010179,177.84641585188632,0.014857466332614422,250,1.8346269130706787,1.0,1.0,disabled,single,3,row_3,row_2,-0.2880474328994751,-0.40554100275039673,0.5106387747337381,0.45403254097187357,0.8198004992938058,0.11749356985092163,0.38404540460950354,1,19,0,disabled,0,0.0,50.0,alpha
304,0.6652419567108154,-0.18287061154842377,-31.175325393676758,-0.2653641104698181,1.0924081802368164,0.006528258323669434,122,15,36,0.017907386645674706,0.46439628482972134,0.3,114,173,wall,both,1,1,1,1,1,1,0.0,14,14,0,alpha,full,huber,6.537089884047194,5.5640506875135785,-1.266944175879569,6.854291721617715,4.841546771915881,-1.2758328289845102,6.995850640917025,4.862819548456053,-1.231297984093029,171.1339816426599,0.017907386645674706,250,1.631796419620514,1.0,1.0,disabled,single,3,row_3,row_2,-0.2653641104698181,-0.44386565685272217,0.5238696121460679,0.4382288555570806,0.8242759335109546,0.17850154638290405,0.38114834693735455,0,19,0,disabled,0,0.0,50.0,alpha
308,4.41495943069458,-7.2271728515625,-30.586238861083984,-0.08009321987628937,0.5884661674499512,0.02773338556289673,113,15,27,0.015090322121977806,0.49180327868852464,0.3,108,155,wall,both,1,1,1,1,1,1,0.0,11,11,0,alpha,full,huber,6.167030269778387,4.818217715424823,-1.1452099711391552,6.7539731724125165,4.643893258496556,-1.3329700216190603,6.939465599862988,4.570574096471873,-1.2768394698999308,185.55180840650021,0.015090322121977806,250,5.241202116012573,0.5723877716592152,1.0,disabled,single,3,row_3,row_2,-0.08009321987628937,-0.8094624876976013,0.6213716740819049,0.2996335248453655,0.8572998709820898,0.729369267821312,0.3957326472188664,0,19,0,disabled,0,0.0,50.0,alpha
312,2.068284749984741,-1.7676868438720703,-27.904626846313477,-0.1074468269944191,0.6868438124656677,0.025299489498138428,108,0,32,0.009722365997731686,0.5172413793103449,0.3,120,140,wall,both,1,1,1,1,1,1,0.0,11,11,0,alpha,full,huber,6.30316561628196,4.623902772665485,-1.1667818714921327,6.810575970854947,4.500641835344872,-1.2980318180369237,6.931341198789388,4.349564463771559,-1.2831503805211049,208.85093965561578,0.009722365997731686,250,2.434946656227112,1.0,1.0,disabled,single,3,row_3,row_2,-0.1074468269944191,-0.7228215336799622,0.6041087892610598,0.3264835581955095,0.8550920121426121,0.6153747066855431,0.39655415560097407,0,19,0,disabled,0,0.0,50.0,alpha
316,2.2968146800994873,-2.1798999309539795,-30.49278450012207,-0.09878378361463547,0.6257964372634888,0.053669631481170654,104,0,26,0.00979791022837162,0.5357142857142857,0.3,120,130,wall,both,1,1,1,1,1,1,0.0,15,15,0,alpha,full,huber,7.488573328702202,4.7431960042456405,-1.621752272946401,6.944207406234739,4.2833497101064175,-1.2299404245886083,7.001667039670488,4.100494460472005,-1.2406770981607445,206.96094627152948,0.00979791022837162,250,2.996292233467102,1.0,1.0,disabled,single,3,row_2,row_3,-0.09081874787807465,-0.7837161421775818,0.6145575425690335,0.30735553488655537,0.8609181279910662,0.6928973942995071,0.39603396519801914,1,20,0,disabled,0,0.0,50.0,alpha
320,2.420311689376831,-2.420623540878296,-34.57261276245117,-0.19624309241771698,0.9047809839248657,0.05924338102340698,99,4,38,0.012850203551352024,0.5154639175257733,0.3,120,141,wall,both,1,1,1,1,1,1,0.0,11,11,0,alpha,full,huber,4.976209515705628,3.0549631437729303,-1.7281940737413808,6.769401063450089,3.2634832133239198,-1.336477687532985,7.063976454289483,3.161229491099281,-1.277494335397118,182.4144598200014,0.012850203551352024,250,4.584684610366821,0.6543525356611105,1.0,disabled,single,3,row_3,row_4,-0.19464926421642303,-0.5778264403343201,0.5622220803705265,0.38326235570778766,0.8499229334211273,0.38317717611789703,0.3812090821258418,1,21,0,disabled,0,0.0,50.0,alpha
324,1.6776996850967407,-1.163089394569397,-30.187118530273438,-0.2103707492351532,0.9711508750915527,0.01387178897857666,93,19,30,0.00923189613968134,0.5136986301369862,0.3,120,142,wall,both,1,1,1,1,1,1,0.0,6,6,0,alpha,full,huber,6.856599672546771,3.197135089282886,-1.2302434974018652,6.6336999524719715,2.664744669777207,-1.3495070857541382,6.961059585531392,2.5414083331800166,-1.3107282701860101,205.10920857535092,0.00923189613968134,250,2.495106816291809,1.0,1.0,disabled,single,3,row_3,row_2,-0.2103707492351532,-0.501466691493988,0.5458029147343849,0.4079570936691841,0.8383913770312413,0.29109594225883484,0.39512658118948785,0,21,0,disabled,0,0.0,50.0,alpha
328,1.4295588731765747,-0.8444787263870239,-32.48228454589844,-0.12392660230398178,0.7441798448562622,0.01450812816619873,113,20,23,0.00932093895971775,0.49019607843137253,0.3,120,156,wall,both,1,1,1,1,1,1,0.0,9,9,0,alpha,full,huber,9.461807848283092,1.6525211494888707,-1.239532044864489,7.71729152345215,0.983221067568284,-1.1829965415228587,7.580546572451818,0.8552268263545862,-1.2385199184695963,191.09798032908964,0.00932093895971775,250,1.993655800819397,1.0,1.0,disabled,single,3,row_2,row_1,-0.12392660230398178,-0.6533081531524658,0.5895206314050142,0.3472094383689364,0.8534639604113782,0.529381550848484,0.40451895917063263,1,22,0,disabled,0,0.0,50.0,alpha
332,0.8074958324432373,-0.26944196224212646,-33.87548828125,-0.14496979117393494,0.8056321740150452,0.013446211814880371,103,20,26,0.011642099358141422,0.5016722408026756,0.3,102,149,wall,both,1,1,1,1,1,1,0.0,11,11,0,alpha,full,huber,9.632236596436321,1.0127901389169827,-1.1971700569846446,8.36884227703684,0.6099970591240423,-1.0406162544927184,8.08063464585641,0.42560143326252114,-1.1383449589780987,186.6181730492824,0.011642099358141422,250,1.6744117140769958,1.0,1.0,disabled,single,3,row_2,row_1,-0.14496979117393494,-0.6157766580581665,0.5790826459139781,0.36163605731021414,0.8516818592217562,0.47080686688423157,0.40134028136449973,0,22,0,disabled,0,0.0,50.0,alpha
336,1.3064422607421875,-0.7052857279777527,-29.39999771118164,-0.08081231266260147,0.5945752859115601,0.0234910249710083,121,0,20,0.012614230625331402,0.5154639175257733,0.3,120,141,wall,both,1,1,1,1,1,1,0.0,5,5,0,alpha,full,huber,9.842498948121989,-1.0249884202758222,-1.1551344841912834,9.579418952073699,-0.616953199455307,-0.992380149665418,9.167936501152337,-0.8277296985404011,-1.0790977629990137,180.39419554652804,0.012614231556653976,250,2.2048181295394897,1.0,1.0,disabled,single,3,row_2,row_1,-0.08081231266260147,-0.7910167574882507,0.6208557801646565,0.30517774338921816,0.8507577576774052,0.7102044448256493,0.3958441494176255,0,22,0,disabled,0,0.0,50.0,alpha
340,0.8083329200744629,-0.2700008749961853,-24.94225311279297,-0.3199872076511383,1.1999725103378296,0.0006808638572692871,103,10,37,0.010076082311570644,0.5,0.3,101,150,wall,both,1,1,1,1,1,1,0.0,7,7,0,alpha,full,huber,10.366912156526586,-0.5620646911418745,-1.3354111916545692,10.143751541256881,-0.8068703008670456,-0.9565807178925566,9.754852278627032,-1.002164535186643,-1.0173577537101073,190.18786647220583,0.01007607951760292,250,1.2023304104804993,1.0,1.0,disabled,single,3,row_2,row_1,-0.3199872076511383,-0.3541858494281769,0.49343001748918197,0.47684066455251395,0.806198549300765,0.034198641777038574,0.3863870310458025,0,22,0,disabled,0,0.0,50.0,alpha
344,2.844876766204834,-3.344348669052124,-43.331092834472656,-0.33588874340057373,0.5598463416099548,0.25539839267730713,102,3,28,0.024154340848326683,0.5300353356890459,0.3,120,133,wall,both,1,1,1,1,1,1,0.0,5,5,0,alpha,full,huber,6.376675173758268,-2.7647889058970705,-2.1243970207444103,10.02767011111807,-1.7126688157414933,-1.1292860399822693,10.136375922685822,-1.7541410820683212,-1.0908182180293142,166.3026379980884,0.024154340848326683,250,6.3938281536102295,0.4692024758760636,1.0,disabled,single,3,row_3,row_4,-0.33588874340057373,-1.0917080640792847,0.621523693452379,0.2918834890553238,0.8668631597981573,0.7558193206787109,0.1396925023447837,1,23,0,disabled,0,0.0,50.0,alpha
348,1.698629379272461,-1.1922900676727295,-32.70146560668945,-0.2527151107788086,1.0664037466049194,0.00024884939193725586,106,13,31,0.012281547300517559,0.5,0.3,120,150,wall,both,1,1,1,1,1,1,0.0,3,3,0,alpha,full,huber,8.335449991902063,-2.3285137694919316,-1.4211701457962231,9.710637625677933,-2.305674184486173,-1.2809856814611709,10.043627305805227,-2.2606499491340157,-1.1813212230759311,182.33483525822518,0.012281547300517559,250,3.8459147214889526,0.7800484974972468,1.0,disabled,single,3,row_2,row_3,-0.2527151107788086,-0.464112251996994,0.5300621865656031,0.42906018119176526,0.8302083490023936,0.21139714121818542,0.38204583539750825,1,24,0,disabled,0,0.0,50.0,alpha
352,2.271075487136841,-2.1313157081604004,-30.74542236328125,-0.2875553369522095,1.1375406980514526,7.802248001098633e-05,99,8,50,0.01356498897075653,0.4885993485342019,0.3,120,157,wall,both,1,1,1,1,1,1,0.0,6,6,0,alpha,full,huber,10.743753868076602,-3.285222113551114,-1.3948051108801187,9.923113306579056,-3.0103180532498093,-1.291453973784512,10.119087488963487,-2.966145485253274,-1.2371024234811658,187.65935954378347,0.013564989902079105,250,2.8908287286758423,1.0,1.0,disabled,single,3,row_2,row_1,-0.2875553369522095,-0.4290508031845093,0.516258756332948,0.4481431171480189,0.819757999829351,0.1414954662322998,0.37359183647877436,0,24,0,disabled,0,0.0,50.0,alpha
356,2.5645763874053955,-2.717790126800537,-34.39513397216797,-0.17331820726394653,0.8797264695167542,0.01809382438659668,82,26,39,0.013112220913171768,0.5050505050505051,0.3,115,147,wall,both,1,1,1,1,1,1,0.0,5,5,0,alpha,full,huber,8.74587843126495,-3.5775629248054504,-1.1917950653931324,9.446169993491605,-3.873322030970024,-1.3972199055608028,9.90954280383088,-3.785841802803353,-1.3159689936422954,172.85700018676042,0.013112220913171768,250,4.476418972015381,0.6701785553932041,1.0,disabled,single,3,row_2,row_3,-0.17331820726394653,-0.5940998196601868,0.5726043785177679,0.37593393643007866,0.8397359237730747,0.42078161239624023,0.38424203235311516,0,24,0,disabled,0,0.0,50.0,alpha
360,3.3360369205474854,-4.552157878875732,-31.30571174621582,-0.382177472114563,0.5610222816467285,0.27658146619796753,109,18,21,0.009886598214507103,0.5033557046979865,0.3,120,148,wall,both,1,1,1,1,1,1,0.0,3,3,0,alpha,full,huber,9.16422029239355,-4.069790843781132,-0.620258308151997,9.11749072340737,-4.423699885832653,-1.4698410290716162,9.575093956325178,-4.341160351944804,-1.3961926308369108,206.56721609943978,0.009886599145829678,250,4.214656829833984,0.7118017245826798,1.0,disabled,single,3,row_2,row_3,-0.382177472114563,-1.2168934345245361,0.6406365583992937,0.2780348156870063,0.845232449396133,0.8347159624099731,0.06311550232417751,0,24,0,disabled,0,0.0,50.0,alpha
364,0.2570446729660034,-0.027302464470267296,-35.71922302246094,-0.1690678596496582,0.8721513152122498,0.002927720546722412,72,17,56,0.010312024503946304,0.5084745762711864,0.3,120,145,wall,both,1,1,1,1,1,1,0.0,3,3,0,alpha,full,huber,8.252278244879706,-5.193856740255317,-1.4437239928609873,8.564473772657262,-4.83188210532038,-1.545849116468127,9.089443163218508,-4.697968530196462,-1.470858735736206,176.3399821672266,0.010312024503946304,250,1.46597021818161,1.0,1.0,disabled,single,3,row_3,row_2,-0.1690678596496582,-0.6196185946464539,0.5756568016416502,0.3668528880300407,0.849981116709254,0.45055073499679565,0.383175766697357,1,25,0,disabled,0,0.0,50.0,alpha
368,1.8958083391189575,-1.4851608276367188,0.0,-0.3783935308456421,1.0611933469772339,0.17718583345413208,0,0,0,0.013469911180436611,0.5,0.3,0,0,wall,both,1,1,1,1,1,1,0.0,0,0,0,alpha,full,huber,11.176807515942357,-5.866218274704563,-0.7413404674325248,9.23630477709754,-5.315359026144233,-1.413747830496193,9.19041629054811,-5.2813408622457825,-1.4429694337916679,190.20946535270264,0.013469911180436611,250,3.920914649963379,0.7651275959368358,1.0,disabled,single,3,row_2,row_1,-0.3783935308456421,-0.5948545932769775,0.5330904026993581,0.42933176215833274,0.8216646816479356,0.21646106243133545,0.25067072728476725,1,26,0,disabled,0,0.0,50.0,alpha
372,0.44026288390159607,-0.08009562641382217,0.0,-0.02993151545524597,0.2547941505908966,0.06163346767425537,0,0,0,0.010100984014570713,0.5,0.3,0,0,wall,both,1,1,1,1,1,1,0.0,0,0,0,alpha,full,huber,7.654983357671797,-5.354092690566081,-1.7201073803696298,8.47911048369541,-5.915367852117695,-1.568370299571677,8.869790244048303,-5.870878171907189,-1.506445332963393,180.9015626109993,0.010100984014570713,250,1.7395594716072083,1.0,1.0,disabled,single,3,row_3,row_2,-0.02993151545524597,-1.1766905784606934,0.6604017195751789,0.20978627048976928,0.8666543837974817,1.1467590630054474,0.38497544764545455,1,27,0,disabled,0,0.0,50.0,alpha
376,1.2522342205047607,-0.6479713320732117,0.0,-0.015361642464995384,0.0028175681363791227,0.061344683170318604,0,0,0,0.010597998276352882,0.5,0.3,0,0,wall,both,1,1,1,1,1,1,0.0,0,0,0,alpha,full,huber,10.148580797542856,-6.142770206278957,-0.9937051506203134,9.026160892767821,-7.051765042597253,-1.3825123014843026,8.989448933278558,-7.1049185251721685,-1.4564046069094505,191.15625380361618,0.010597998276352882,250,3.4713906049728394,0.8642069825569146,1.0,disabled,single,3,row_2,row_1,-0.015361642464995384,-1.404043197631836,0.6723927049735772,0.16769737186701206,0.8594587027984257,1.3886815551668406,0.38155108427773754,1,28,0,disabled,0,0.0,50.0,alpha
380,1.8075807094573975,-1.3501437902450562,0.0,-0.27587008476257324,1.1065417528152466,0.030405759811401367,0,0,0,0.0067795999348163605,0.5,0.3,0,0,wall,both,1,1,1,1,1,1,0.0,0,0,0,alpha,full,huber,9.812412778754425,-7.726820114026426,-1.0985624303581574,9.183336829721407,-7.363474093815232,-1.3125327286661348,9.099449884093527,-7.347840903193845,-1.384776972198294,214.8198554034905,0.0067795999348163605,250,2.473223328590393,1.0,1.0,disabled,single,3,row_2,row_3,-0.27587008476257324,-1.0134598016738892,0.6238398211310859,0.2983609280542657,0.8538891042218166,0.7375897169113159,0.19599155570773702,0,28,0,disabled,0,0.0,50.0,alpha
384,3.2479982376098633,-4.3338799476623535,0.0,-0.6437822580337524,1.7014436721801758,0.010716676712036133,0,0,0,0.008126561529934406,0.5,0.3,0,0,wall,both,1,1,1,1,1,1,0.0,0,0,0,alpha,full,huber,8.649610054557249,-8.599845380922668,-1.2235929229366391,9.309477821889992,-7.846567043941902,-1.2790440741354336,9.240320273820448,-7.7877318966532965,-1.3332708052693667,217.01100132774224,0.008126561529934406,250,3.962710738182068,0.7570575291034942,1.0,disabled,single,3,row_3,row_2,-0.6437822580337524,-1.3746298551559448,0.6223260500929445,0.2996504277988698,0.8553021617840586,0.7308475971221924,-0.1694911307388211,1,29,0,disabled,0,0.0,50.0,alpha
388,1.8528190851211548,-1.4185696840286255,0.0,-0.08307195454835892,0.600190281867981,0.02720654010772705,0,0,0,0.010401072911918163,0.5,0.3,0,0,wall,both,1,1,1,1,1,1,0.0,0,0,0,alpha,full,huber,10.3125283993682,-7.325843663288627,-1.1119933643046354,9.899469875020499,-8.142438502406417,-1.1683410843090254,9.634515133706614,-8.232004772899574,-1.252889014207028,200.92639784402152,0.010401072911918163,250,3.007639527320862,0.9974599591302529,1.0,disabled,single,3,row_2,row_3,-0.08307195454835892,-1.4561245441436768,0.6732663241645713,0.1705602127966856,0.8579989910546915,1.3730525895953178,0.312542346226407,1,30,0,disabled,0,0.0,50.0,alpha
392,0.1128704845905304,-0.005264358129352331,0.0,-0.4801284372806549,1.4645347595214844,0.029251277446746826,0,0,0,0.008297343738377094,0.5,0.3,0,0,wall,both,1,1,1,1,1,1,0.0,0,0,0,alpha,full,huber,10.39278924707694,-8.186848563016445,-1.103325042866751,10.433846861422568,-8.336600276021592,-1.0367614261658087,10.084789101900217,-8.438094525887049,-1.1463601654116171,180.3276554755307,0.008297343738377094,250,0.6025533378124237,1.0,1.0,disabled,single,3,row_2,row_3,-0.4801284372806549,-1.7820314168930054,0.6721896439263052,0.1828447677719786,0.8576445258777792,1.3019029796123505,-0.08291366723208532,0,30,0,disabled,0,0.0,50.0,alpha
396,0.423328161239624,-0.0740523710846901,0.0,-0.9767924547195435,2.093205690383911,0.02766329050064087,0,0,0,0.008309870958328247,0.5,0.3,0,0,wall,both,1,1,1,1,1,1,0.0,0,0,0,alpha,full,huber,9.976900692708618,-8.796687398579584,-1.5815529423153967,10.390022838875113,-8.617639147494415,-1.1265992702287335,10.289086737988814,-8.642229108672701,-1.1304641570480163,176.4322462982741,0.008309870958328247,218,0.9323387742042542,1.0,1.0,disabled,single,3,row_2,row_3,-0.9767924547195435,-1.6955602169036865,0.621204889646372,0.3027457064050774,0.8534230437560033,0.7187677621841431,-0.5006981382726083,0,30,0,disabled,0,0.0,50.0,alpha
400,1.319108486175537,-0.7190277576446533,0.0,-1.0247348546981812,2.118317127227783,0.08217817544937134,0,0,0,0.012625507079064846,0.5,0.3,0,0,wall,both,1,1,1,1,1,1,0.0,0,0,0,alpha,full,huber,9.456906955137507,-8.67602413608598,-1.7540292835424802,10.34102661005652,-8.816219230443199,-1.3265309806825103,10.37987050266935,-8.866778715485207,-1.3069800741583748,191.36429275010855,0.012625507079064846,250,2.356160283088684,1.0,1.0,disabled,single,3,row_2,row_3,-1.0247348546981812,-1.1783782243728638,0.5184765332157267,0.4446339671611494,0.8226733327122965,0.15364336967468262,-0.3678743433753451,0,30,0,disabled,0,0.0,50.0,alpha
404,0.14680035412311554,-0.008905100636184216,0.0,-1.3790900707244873,2.479856491088867,0.05532348155975342,0,0,0,0.007208581082522869,0.5,0.3,0,0,wall,both,1,1,1,1,1,1,0.0,0,0,0,alpha,full,huber,10.338074936552088,-9.205573021131,-1.6799809186651895,10.480875569210827,-9.374674408844964,-1.868364238374908,10.51464931562802,-9.432731468505104,-1.8669272686984266,200.48711381624227,0.007208581082522869,250,0.615012526512146,1.0,1.0,disabled,single,3,row_2,row_3,-1.3790900707244873,-2.4239907264709473,0.6578290963294253,0.2313760964717962,0.857930089257026,1.04490065574646,-0.9602799573093139,0,30,0,disabled,0,0.0,50.0,alpha
408,2.02406644821167,-1.6929112672805786,0.0,-2.1376376152038574,2.685896635055542,0.36187946796417236,0,0,0,0.01104960311204195,0.5,0.3,0,0,wall,both,1,1,1,1,1,1,0.0,0,0,0,alpha,full,huber,9.400288505053961,-9.276806192764816,-2.2488665767873464,10.343489285587463,-9.498297184154733,-2.127840298365651,10.391704586356036,-9.587980625363727,-2.139453678542128,198.9544217141079,0.01104960311204195,250,2.585724949836731,1.0,1.0,disabled,single,3,row_3,row_2,-2.1376376152038574,-2.2114155292510986,0.5012798983848116,0.46562785024432574,0.8148839932285578,0.07377791404724121,-1.4470469607141458,1,31,1,disabled,0,0.0,50.0,alpha
412,0.8980821371078491,-0.33328574895858765,0.0,-1.1532078981399536,2.269845962524414,0.045024752616882324,0,0,0,0.014614708721637726,0.5,0.3,0,0,wall,both,1,1,1,1,1,1,0.0,0,0,0,alpha,full,huber,11.368172959841717,-8.721025267203148,-1.0445715089565448,10.57685685030502,-9.477457595310668,-2.039738022161646,10.462122466385782,-9.567391441698206,-2.1393853568795747,174.74420353672375,0.014614708721637726,250,2.302432894706726,1.0,1.0,disabled,single,3,row_2,row_1,-1.1532078981399536,-1.7229090929031372,0.6001329518449394,0.33949187766687744,0.8426689936169952,0.5697011947631836,-0.6426038362355533,1,32,0,disabled,0,0.0,50.0,alpha
416,2.6923999786376953,-2.995461940765381,0.0,-3.4421706199645996,3.4105961322784424,0.45828479528427124,0,0,0,0.011221186257898808,0.5,0.3,0,0,wall,both,1,1,1,1,1,1,0.0,0,0,0,alpha,full,huber,9.449819301106261,-10.111922204182317,-2.368444764182545,10.339058291273384,-9.678926221655239,-2.265029552410094,10.363361879853962,-9.681421244782932,-2.2860465354889645,205.5680064777118,0.011221186257898808,250,3.6881227493286133,0.8134219503800736,1.0,disabled,single,3,row_3,row_2,-3.4421706199645996,-3.6383371353149414,0.52730846371125,0.4333818378828381,0.8270449237087216,0.1961665153503418,-2.802201038426008,1,33,1,disabled,0,0.0,50.0,alpha
420,4.3492279052734375,-7.064201354980469,-49.12348937988281,-2.955732822418213,2.3244903087615967,0.6557265520095825,9,0,111,0.0363750159740448,0.5555555555555556,0.3,120,120,wall,both,1,1,1,1,1,1,0.0,1,1,0,alpha,full,huber,8.808357204488832,-9.223845888190713,2.9907992962379994,9.796342966501436,-9.78576792184986,-2.8125322557422976,9.980513465129034,-9.847948279962633,-2.734562566996156,100.90338431402141,0.0363750122487545,250,5.787569284439087,0.5183523259179006,1.0,disabled,single,3,row_3,row_2,-2.955732822418213,-3.506134033203125,0.5945997656851089,0.34291661261764655,0.8493830841483709,0.5504012107849121,-2.4358660599285336,0,33,0,disabled,0,0.0,50.0,alpha
424,0.15594130754470825,-0.010048632510006428,-45.897972106933594,-2.6142492294311523,2.7832963466644287,0.46767956018447876,18,0,78,0.017893224954605103,0.6097560975609756,0.3,96,96,wall,both,1,1,1,1,1,1,0.0,3,3,0,alpha,full,huber,10.11694185908051,-9.504500523496677,-2.3552483012962475,9.751317513231285,-9.726708897967413,3.1077483828440333,9.796384549558628,-9.817303711020685,-3.0467745526932632,113.04370164051107,0.017893224954605103,250,0.7073506116867065,1.0,1.0,disabled,single,3,row_2,row_3,-2.6142492294311523,-3.2821831703186035,0.6089219640449524,0.3122350222729123,0.8657908916527719,0.6679339408874512,-2.1181840720913345,1,34,1,disabled,0,0.0,50.0,alpha
428,0.8163943886756897,-0.2754131555557251,-47.042850494384766,-1.8738987445831299,2.6831483840942383,0.259121835231781,11,0,109,0.01462458074092865,0.5555555555555556,0.3,120,120,wall,both,1,1,1,1,1,1,0.0,3,3,0,alpha,full,huber,9.064933381439477,-9.49378431897429,2.507887224742884,9.258551517673187,-9.705244420843066,2.8306318604644316,9.362274529292277,-9.776984509972525,2.8935451726262986,165.3548063477716,0.014624581672251225,250,1.1789384484291077,1.0,1.0,disabled,single,3,row_3,row_2,-1.8738987445831299,-2.2738330364227295,0.5677581309149261,0.3806046644627193,0.8420744084862243,0.3999342918395996,-1.3078389677785656,1,35,1,disabled,0,0.0,50.0,alpha
432,1.1587623357772827,-0.5548471808433533,-48.4012451171875,-0.26517391204833984,1.0922493934631348,0.003861725330352783,17,0,104,0.023020561784505844,0.5535055350553506,0.3,113,121,wall,both,1,1,1,1,1,1,0.0,3,3,0,alpha,full,huber,7.8153700543301845,-8.238720040100754,1.683556314517885,8.459468211159123,-9.070877440541036,1.7564311815053337,8.529439252180481,-9.327328282133957,1.9209938837636997,98.7494981524125,0.023020561784505844,250,2.4771090745925903,1.0,1.0,disabled,single,3,row_3,row_4,-0.26517391204833984,-1.4980577230453491,0.6695179111932434,0.19513158129284017,0.8581554521601968,1.2328838109970093,0.13602344907119146,0,35,0,disabled,0,0.0,50.0,alpha
436,4.403818130493164,-7.199549198150635,-43.753902435302734,-0.9228793978691101,2.0262324810028076,0.05076777935028076,21,1,110,0.019681718200445175,0.5319148936170213,0.3,105,132,wall,both,1,1,1,1,1,1,0.0,5,5,0,alpha,full,huber,7.674871969315252,-9.172052463247987,2.09147778035911,7.996812086936411,-8.558944022742422,1.5468034746521624,8.06733328306032,-8.407089322878747,1.488374004049029,146.77577312011098,0.019681720063090324,240,5.891335725784302,0.509222380057218,1.0,disabled,single,3,row_3,row_4,-0.9228793978691101,-1.832004427909851,0.6458675250047591,0.26020489622471055,0.8548186311888317,0.909125030040741,-0.4857185319878431,0,35,0,disabled,0,0.0,50.0,alpha
440,1.74675452709198,-1.2608063220977783,-32.93461608886719,-0.13854780793190002,0.7888491153717041,0.008022785186767578,59,5,66,0.013291332870721817,0.5357142857142857,0.3,120,130,wall,both,1,1,1,1,1,1,0.0,7,7,0,alpha,full,huber,6.98753000327458,-7.293481836617799,1.8982234700356315,7.691771475265175,-7.712459446890622,1.7098528853167416,7.9259538220461145,-7.4980780070860185,1.602003271285783,198.9893986160491,0.013291332870721817,250,2.3089566230773926,1.0,1.0,disabled,single,3,row_3,row_4,-0.13854780793190002,-0.6444048881530762,0.5885372278504031,0.3548812063085791,0.8421458572316622,0.5058570802211761,0.3915672874714746,0,35,0,disabled,0,0.0,50.0,alpha
444,1.4280309677124023,-0.8426746129989624,-34.16355514526367,-0.19192466139793396,0.9265496730804443,0.016771912574768066,77,11,73,0.02506333589553833,0.48231511254019294,0.3,120,161,wall,both,1,1,1,1,1,1,0.0,6,6,0,alpha,full,huber,6.715757819856562,-6.648221213441133,1.9548742467882505,7.475543586500685,-6.870297526623959,1.72149184512484,7.6902979893326044,-6.849412211822523,1.6518646445867375,144.4589641390618,0.02506333589553833,250,2.6023858785629272,1.0,1.0,disabled,single,3,row_3,row_4,-0.19192466139793396,-0.5341163873672485,0.5572309819864615,0.3957521444247555,0.8364465092794084,0.3421917259693146,0.3928507742335633,0,35,0,disabled,0,0.0,50.0,alpha
448,3.8892555236816406,-5.923774242401123,-32.255977630615234,-0.2046244591474533,0.9595884680747986,2.1338462829589844e-05,93,10,48,0.01503223367035389,0.4983388704318937,0.3,120,151,wall,both,1,1,1,1,1,1,0.0,8,8,0,alpha,full,huber,6.557669498243625,-6.045144712177832,1.7809417720839482,6.96869530513287,-6.3969512902896195,1.830531378557651,7.307792455451461,-6.3560413396790585,1.7319487678839032,164.21583964393974,0.01503223367035389,250,4.7072765827178955,0.6373111813769513,1.0,disabled,single,3,row_3,row_4,-0.2046244591474533,-0.505967915058136,0.5492505051044952,0.4063485037327574,0.8333326055893021,0.3013434559106827,0.39457618894454216,0,35,0,disabled,0,0.0,50.0,alpha
452,1.6867729425430298,-1.175703763961792,-27.64716911315918,-0.28420528769493103,1.1308841705322266,0.0011635422706604004,106,22,41,0.015257095918059349,0.47021943573667707,0.3,120,169,wall,both,1,1,1,1,1,1,0.0,7,7,0,alpha,full,huber,6.171139556285125,-4.960580587569199,1.77965810318124,6.624284260392676,-5.1600912334650975,1.8306863577349617,6.876039711590904,-5.204440154999226,1.7757825256183484,177.209450157172,0.015257095918059349,250,2.4218860864639282,1.0,1.0,disabled,single,3,row_3,row_4,-0.28420528769493103,-0.3981941342353821,0.5104393534950363,0.4554486539512289,0.8166936989593924,0.11398884654045105,0.38827815898630214,0,35,0,disabled,0,0.0,50.0,alpha
456,0.9489728212356567,-0.37212786078453064,-33.91792678833008,-0.40463194251060486,1.078165054321289,0.1893315315246582,89,33,45,0.010163655504584312,0.47318611987381703,0.3,120,167,wall,both,1,1,1,1,1,1,0.0,10,10,0,alpha,full,huber,6.0264085816444055,-5.575767093451841,2.390380904909339,6.195987133600918,-4.824582842427812,1.9524078353436076,6.475366492539532,-4.722808480358321,1.8807886276905208,191.00803807655177,0.010163655504584312,250,1.9366732239723206,1.0,1.0,disabled,single,3,row_4,row_3,-0.40463194251060486,-0.5641196966171265,0.5201272006610367,0.44345026092098094,0.8212501307681433,0.1594877541065216,0.24904993815399545,1,36,0,disabled,0,0.0,50.0,alpha
460,1.160007119178772,-0.5560398697853088,-33.619503021240234,-0.16519269347190857,0.8593427538871765,0.01632857322692871,101,26,35,0.011245867237448692,0.4807692307692307,0.3,120,162,wall,both,1,1,1,1,1,1,0.0,9,9,0,alpha,full,huber,6.219720402511581,-3.587109555097651,1.9290137903517497,6.033881129267179,-4.3736151844112605,1.9842440553879197,6.199777380592877,-4.3769874355418805,1.9287217649294721,187.58783372646678,0.011245867237448692,250,1.7407085299491882,1.0,1.0,disabled,single,3,row_3,row_4,-0.16519269347190857,-0.6022599935531616,0.5744164474341003,0.3710316434747823,0.8449926365603477,0.43706730008125305,0.3892079340738709,1,37,0,disabled,0,0.0,50.0,alpha
464,2.852168321609497,-3.361514091491699,-30.795671463012695,-0.23699069023132324,1.0326945781707764,3.272294998168945e-05,82,0,51,0.021474190056324005,0.5300353356890459,0.3,120,133,wall,both,1,1,1,1,1,1,0.0,9,9,0,alpha,full,huber,6.299151208797266,-5.136750085467684,1.7233273600229735,6.036698106008376,-4.214398882600901,1.9239007129390213,6.043140526275668,-4.094917901100398,1.9317363721992002,149.72585315978571,0.021474190056324005,250,4.109838962554932,0.7299556083178046,1.0,disabled,single,3,row_3,row_4,-0.23699069023132324,-0.4546620547771454,0.5323683418653956,0.4282316370080812,0.8262141062682322,0.21767136454582214,0.39342896706059827,0,37,0,disabled,0,0.0,50.0,alpha
468,0.17351029813289642,-0.012440423481166363,-21.61971664428711,-0.18366964161396027,0.8958036303520203,0.03618490695953369,103,2,22,0.012372013181447983,0.5415162454873647,0.3,120,127,wall,both,1,1,1,1,1,1,0.0,6,6,0,alpha,full,huber,6.233752022493272,-3.8771286074688796,2.0012482066590582,6.0879464997879165,-3.8040352402193696,1.8881316829959305,5.989551680876094,-3.748161151559265,1.9158233876163049,176.03209448688224,0.012372013181447983,250,0.6738000214099884,1.0,1.0,disabled,single,3,row_3,row_4,-0.1832617223262787,-0.5779982805252075,0.5665440674415554,0.3817699905175795,0.8426542038816215,0.39473655819892883,0.3849386902607643,0,37,0,disabled,0,0.0,50.0,alpha
472,0.6672660708427429,-0.1839851289987564,-18.806562423706055,-0.15858244895935059,0.842676043510437,0.013839900493621826,109,0,19,0.017315275967121124,0.539568345323741,0.3,120,128,wall,both,1,1,1,1,1,1,0.0,8,8,0,alpha,full,huber,6.196795226669372,-3.364616411410925,1.9146193044792001,6.112907248852361,-3.5131915110980287,1.8951157867037507,5.999645703759022,-3.4871501306628265,1.909956129506826,140.09790947961886,0.017315275967121124,213,0.9562362432479858,1.0,1.0,disabled,single,3,row_3,row_4,-0.15858244895935059,-0.6130049824714661,0.5775687599750058,0.3666489925015026,0.8459251966232177,0.4544225335121155,0.39034532982271464,0,37,0,disabled,0,0.0,50.0,alpha
476,0.6248186826705933,-0.16132165491580963,-37.15336990356445,-0.24640518426895142,0.6322241425514221,0.19648772478103638,100,4,31,0.030131012201309204,0.5263157894736842,0.3,120,135,wall,both,1,1,1,1,1,1,0.0,9,9,0,alpha,full,huber,7.657365543548802,-3.153559168038944,1.1104298687153626,6.119875751988685,-2.9934393767998815,1.8383217918416903,5.967862080048226,-2.979805024069982,1.8795091477977621,119.59207408419012,0.030131012201309204,169,2.3894312381744385,1.0,1.0,disabled,single,3,row_3,row_2,-0.24640518426895142,-0.9343475103378296,0.6148201141623163,0.30901425287866824,0.8580753189634313,0.6879423260688782,0.24002036698939233,0,37,0,disabled,0,0.0,50.0,alpha
480,6.06945276260376,-11.329222679138184,-39.22092819213867,-0.37124964594841003,0.4014170169830322,0.28667616844177246,118,0,9,0.02998897060751915,0.5415162454873647,0.3,120,127,wall,both,1,1,1,1,1,1,0.0,7,7,0,alpha,full,huber,4.764741112551497,-2.4443681967218613,2.5065181553840983,5.679658093176735,-2.389177890574155,1.975222174746013,5.72140896842412,-2.3635498353282394,1.9340601155294603,78.59712969436362,0.02998897060751915,112,7.182344675064087,0.417690898407522,1.0,disabled,single,3,row_4,row_3,-0.2822185456752777,-1.2807281017303467,0.6596613725455858,0.2430378215330907,0.8449301309517938,0.998509556055069,0.13381010185344144,1,38,0,disabled,0,0.0,50.0,alpha
484,2.6476008892059326,-2.8966076374053955,-38.859535217285156,-0.39335179328918457,1.2031091451644897,0.13253074884414673,94,8,30,0.13031819462776184,0.5319148936170213,0.3,120,132,wall,both,1,1,1,1,1,1,0.0,8,8,0,alpha,full,huber,8.076286487971025,-2.2545223965768506,1.2273504903782229,6.060174405669501,-2.079658630883527,1.8450929978664306,5.836819467052651,-2.0796220109631864,1.8825292360051824,31.438313649515177,0.13031819462776184,80,5.270404100418091,0.5692163148859906,1.0,disabled,single,3,row_3,row_2,-0.39335179328918457,-0.42992734909057617,0.49253804218828623,0.47484866100115014,0.8140916936342225,0.0365755558013916,0.3148317850419965,1,39,0,disabled,0,0.0,50.0,alpha
488,0.8106865882873535,-0.2715755105018616,-20.635984420776367,-0.20760682225227356,0.9600768089294434,0.026069939136505127,107,1,22,0.02621055208146572,0.5357142857142857,0.3,120,130,wall,both,1,1,1,1,1,1,0.0,11,11,0,alpha,full,huber,5.802054114748778,-1.7809916915904225,1.988742986263289,5.828461151618854,-1.7086988903938574,1.8931146278794129,5.7670456695920045,-1.6906016618282305,1.9005450091443636,69.84272988435049,0.02621055580675602,92,1.2875031232833862,1.0,1.0,disabled,single,3,row_3,row_4,-0.20760682225227356,-0.5213475823402405,0.5525300844078765,0.4037383918301553,0.8308389137133715,0.3137407600879669,0.38564057340340907,0,39,0,disabled,0,0.0,50.0,alpha
492,1.2587279081344604,-0.6547091007232666,-33.381996154785156,-0.15245920419692993,0.8258560299873352,0.014809191226959229,127,7,20,0.023207025602459908,0.49342105263157904,0.3,120,154,wall,both,1,1,1,1,1,1,0.0,9,9,0,alpha,full,huber,5.787180441866718,-0.9812236074618439,1.913716484343202,5.744279664266771,-0.6955159579800969,1.7797349525289043,5.555972988340095,-0.60958728994949,1.8178386201861567,78.13365190367534,0.023207025602459908,97,1.9578933715820312,1.0,1.0,disabled,single,3,row_3,row_4,-0.15245920419692993,-0.6532490253448486,0.5884491902253569,0.356630689828413,0.8391108638623463,0.5007898211479187,0.37780548957709426,0,39,0,disabled,0,0.0,50.0,alpha
496,2.631422281265259,-2.8613154888153076,-35.604644775390625,-0.2913549244403839,0.2656981647014618,0.25988155603408813,109,29,16,0.018044445663690567,0.49342105263157904,0.3,120,154,wall,both,1,1,1,1,1,1,0.0,5,5,0,alpha,full,huber,3.989710038283067,1.0066847910503403,2.484132122909399,4.629096365927014,1.4221128191053867,1.9106244349690709,4.803294773500824,1.5531584063779262,1.8512038706578755,102.28191861729525,0.018044447526335716,138,3.37227463722229,0.8896072600039097,1.0,disabled,single,3,row_4,row_3,-0.2913549244403839,-1.366042137145996,0.6543859330826827,0.22341031904326322,0.8692130172525832,1.0746872127056122,0.13270306538480203,1,40,0,disabled,0,0.0,50.0,alpha
500,0.8480926752090454,-0.29721537232398987,-35.30083084106445,-0.25943881273269653,1.0778043270111084,0.017789244651794434,84,0,51,0.009930571541190147,0.5263157894736842,0.3,120,135,wall,both,1,1,1,1,1,1,0.0,3,3,0,alpha,full,huber,7.214634155100406,3.6815293941936957,1.441820386093453,4.327592366600888,3.8827896159931283,1.830704669382724,4.209906869743836,3.95249521728425,1.8487334607811823,180.79555525938412,0.009930572472512722,229,3.182806968688965,0.9425642301002423,1.0,disabled,single,3,row_2,row_3,-0.25943881273269653,-0.45288318395614624,0.5265173191800107,0.4339111782471679,0.8278267016825398,0.1934443712234497,0.38203224028764127,1,41,0,disabled,0,0.0,50.0,alpha
504,1.2833117246627808,-0.6805326342582703,-25.5401668548584,-0.2485944926738739,1.057582974433899,0.0032452940940856934,110,9,23,0.00981213990598917,0.5136986301369862,0.3,120,142,wall,both,1,1,1,1,1,1,0.0,3,3,0,alpha,full,huber,4.427480766835236,5.149188284349898,1.8409068432328484,4.528178331865328,4.71156764490603,1.7527625147340082,4.272471246919288,4.670495635342961,1.8086631182646205,188.0389644416012,0.009812140837311745,250,1.8991514444351196,1.0,1.0,disabled,single,3,row_3,row_4,-0.2485944926738739,-0.4718834459781647,0.5329569774050457,0.4263035920267592,0.829254486134462,0.22328895330429077,0.38072008321444983,1,42,0,disabled,0,0.0,50.0,alpha
508,0.6606179475784302,-0.18033722043037415,-44.59766387939453,-0.0779704749584198,0.32195761799812317,0.11601394414901733,90,20,34,0.00829710066318512,0.5102040816326531,0.3,103,144,wall,both,1,1,1,1,1,1,0.0,6,6,0,alpha,full,huber,5.786575903341475,5.38689115182209,1.2738456052489049,4.5473437938725905,5.853435724238796,1.700357667700622,4.2652311638954705,5.858675215554399,1.7530238992267915,209.5464667828453,0.00829710066318512,250,2.1530637741088867,1.0,1.0,disabled,single,3,row_3,row_2,-0.0779704749584198,-1.1050766706466675,0.6539500189888025,0.23414128829625547,0.8627700673191234,1.0271061956882477,0.34675387905147026,0,42,0,disabled,0,0.0,50.0,alpha
512,2.1772208213806152,-1.958797812461853,-41.70818328857422,-0.03844866156578064,0.07053210586309433,0.09565079212188721,97,35,26,0.014109581708908081,0.48701298701298706,0.3,118,158,wall,both,1,1,1,1,1,1,0.0,4,4,0,alpha,full,huber,5.450304054930095,5.805299763470799,2.2012650599514263,4.552900237677486,6.454143000268535,1.7656750890515114,4.341037913068657,6.525580016052619,1.7858659204444889,200.3858670817497,0.014109579846262932,250,3.3638609647750854,0.8918323412931504,1.0,disabled,single,3,row_3,row_2,-0.03844866156578064,-1.3709217309951782,0.6709152709095892,0.1770035496171956,0.8606880919418953,1.3324730694293976,0.3606637612797768,0,42,0,disabled,0,0.0,50.0,alpha
516,0.7027507424354553,-0.20407380163669586,0.0,-0.01412652526050806,0.11497116088867188,0.05235773324966431,0,0,0,0.008562791161239147,0.5,0.3,0,0,wall,both,1,1,1,1,1,1,0.0,0,0,0,alpha,full,huber,2.4839669532937836,7.127936887708541,2.062662589848461,3.8494735542926684,7.63574586722028,1.8618634842801196,3.9552967745926875,7.721359482449962,1.8270581848847902,205.18553619725859,0.008562790229916573,250,2.5481024980545044,1.0,1.0,disabled,single,3,row_4,row_3,-0.01412652526050806,-1.5362521409988403,0.7311144521273946,0.1595638891590514,0.7638028130551209,1.5221256157383323,0.29905873696981583,1,43,0,disabled,0,0.0,50.0,alpha
520,0.636953592300415,-0.16764871776103973,0.0,-0.08517274260520935,0.5669445395469666,0.058029770851135254,0,0,0,0.009870310313999653,0.5,0.3,0,0,wall,both,1,1,1,1,1,1,0.0,0,0,0,alpha,full,huber,2.1256972377728234,6.533727613414936,2.079980662311992,3.447045008695939,7.703247062661531,1.9493459960128088,3.6789410279031696,7.79714269166312,1.8882727019940129,204.7403384490102,0.009870310313999653,250,2.7152541875839233,1.0,1.0,disabled,single,3,row_4,row_5,-0.08517274260520935,-1.1432249546051025,0.677031933150547,0.2350189686185236,0.8181997892682482,1.0580522119998932,0.3048640959647274,0,43,0,disabled,0,0.0,50.0,alpha
524,0.23067136108875275,-0.021987304091453552,0.0,-0.11341895163059235,0.21072547137737274,0.1592797040939331,0,0,0,0.00846020132303238,0.5,0.3,0,0,wall,both,1,1,1,1,1,1,0.0,0,0,0,alpha,full,huber,2.319694726412144,7.526793773753521,2.3098203700358573,2.8421255965568477,8.361585868875656,2.008493422757248,3.135219733663564,8.460730747563048,1.9490405492625165,197.39960036335881,0.008460202254354954,250,1.4156179428100586,1.0,1.0,disabled,single,3,row_4,row_3,-0.11341895163059235,-1.712952971458435,0.7585610868866238,0.1532222240144118,0.7112255318438543,1.5995340198278427,0.1629129953699508,0,43,0,disabled,0,0.0,50.0,alpha
528,2.3961777687072754,-2.3725900650024414,0.0,-0.039543960243463516,0.4218386113643646,1.5974044799804688e-05,0,0,0,0.012664507143199444,0.5,0.3,0,0,wall,both,1,1,1,1,1,1,0.0,0,0,0,alpha,full,huber,4.493686280846041,8.310809198097228,1.7600274625891021,3.0400862979919676,8.664207867326915,1.9159995816289488,3.0151634065601516,8.744888969071921,1.932870940044955,200.19592702398117,0.012664508074522018,250,3.7379062175750732,0.8025883543825821,1.0,disabled,single,3,row_3,row_4,-0.039543960243463516,-0.9460259675979614,0.643316749755116,0.2598631660253544,0.8600355544479159,0.9064820073544979,0.40157410342282074,1,44,0,disabled,0,0.0,50.0,alpha
532,1.5353831052780151,-0.9741328358650208,0.0,-0.01353909820318222,0.21687789261341095,0.027499616146087646,0,0,0,0.011761458590626717,0.5,0.3,0,0,wall,both,1,1,1,1,1,1,0.0,0,0,0,alpha,full,huber,4.9764757640845785,9.222380506204416,1.5044773067676926,3.4119379774641834,9.121234805876426,1.7810863222575521,3.143520796633581,9.117947952225053,1.857027952860812,181.9443234768593,0.011761458590626717,250,3.6121002435684204,0.830541734089937,1.0,disabled,single,3,row_3,row_2,-0.01353909820318222,-1.2063658237457275,0.6654841910051659,0.2018829667442496,0.8619793056345895,1.1928267255425453,0.3937012982895568,0,44,0,disabled,0,0.0,50.0,alpha
536,1.6158748865127563,-1.0789469480514526,0.0,-0.07403355836868286,0.5771879553794861,0.000525355339050293,0,0,0,0.008808087557554245,0.5,0.3,0,0,wall,both,1,1,1,1,1,1,0.0,0,0,0,alpha,full,huber,4.539113818353468,9.998206644139868,1.7071209484302026,3.6661143392632995,9.500829192464849,1.695070498923566,3.366035096929296,9.441161258337814,1.775364547071895,201.7250986152515,0.008808087557554245,250,2.5505234003067017,1.0,1.0,disabled,single,3,row_3,row_4,-0.07403355836868286,-1.3601468801498413,0.6718293937865178,0.18565518482994353,0.8575023429081012,1.2861133217811584,0.3237172906167266,0,44,0,disabled,0,0.0,50.0,alpha
540,0.4457715153694153,-0.08211249858140945,0.0,-0.010580935515463352,0.21785110235214233,0.0029059648513793945,0,0,0,0.007993238046765327,0.5,0.3,0,0,wall,both,1,1,1,1,1,1,0.0,0,0,0,alpha,full,huber,4.71956017482659,9.667219336737306,1.6632825244086442,4.172340699079717,9.822453885901988,1.6103073286770906,3.7357476504110583,9.792988375453252,1.6944464249864737,189.24535011331974,0.007993238046765327,250,1.3809576034545898,1.0,1.0,disabled,single,3,row_3,row_2,-0.010580935515463352,-1.4208306074142456,0.6731960050161971,0.16431525284744602,0.8584102989378402,1.4102496718987823,0.38513781548700515,0,44,0,disabled,0,0.0,50.0,alpha
544,1.1932289600372314,-0.5883451700210571,0.0,-0.1979644000530243,0.9424529671669006,0.011948347091674805,0,0,0,0.008107549510896206,0.5,0.3,0,0,wall,both,1,1,1,1,1,1,0.0,0,0,0,alpha,full,huber,2.5991477943840398,9.910458573714108,1.91483479955866,3.812655310772716,10.080388019352867,1.7540102609214239,3.7584012976741135,10.063817703360268,1.7357079208729234,208.2604925704776,0.008107548579573631,250,2.3592220544815063,1.0,1.0,disabled,single,3,row_4,row_3,-0.1979644000530243,-1.045690655708313,0.6951512282209494,0.2977943539298639,0.6484570863839928,0.8477262556552887,0.16566146247206642,1,45,0,disabled,0,0.0,50.0,alpha
548,1.1813945770263672,-0.5767327547073364,0.0,-0.7763859629631042,1.8687083721160889,0.009523987770080566,0,0,0,0.006721947342157364,0.5,0.3,0,0,wall,both,1,1,1,1,1,1,0.0,0,0,0,alpha,full,huber,2.7878671166038838,10.823533880235901,1.62197084256825,3.6380737770702174,10.412617383102562,1.8231356995540575,3.6768312942863592,10.366843046594365,1.8155397151037924,220.89399890572932,0.006721947807818651,250,2.022600769996643,1.0,1.0,disabled,single,3,row_4,row_3,-0.7763859629631042,-1.2475193738937378,0.6075319419557881,0.3792787194235674,0.7275565158100464,0.47113341093063354,-0.27803543716451656,0,45,0,disabled,0,0.0,50.0,alpha
552,1.4288175106048584,-0.8436030745506287,-24.359981536865234,-0.46597981452941895,1.4151617288589478,0.071624755859375,63,0,16,0.016010060906410217,0.6550218340611353,0.3,79,79,wall,both,1,1,1,1,1,1,0.0,1,1,0,alpha,full,huber,2.7914657314563014,10.342763776909083,2.140874721981449,3.207174806354553,10.530558023149826,1.9695878510932432,3.401407976518139,10.611243350007934,1.944162677140456,168.54152092072908,0.016010060906410217,250,2.447379231452942,1.0,1.0,disabled,single,3,row_4,row_3,-0.46597981452941895,-1.02775239944458,0.6296492429833191,0.3590243890503972,0.7097921109597296,0.5617725849151611,-0.003387442716701161,0,45,0,disabled,0,0.0,50.0,alpha
556,0.19763721525669098,-0.016140690073370934,0.0,-1.8317749500274658,2.8567731380462646,0.06674891710281372,0,0,0,0.007740655913949013,0.5,0.3,0,0,wall,both,1,1,1,1,1,1,0.0,0,0,0,alpha,full,huber,2.2831990515508114,11.88693848138544,2.1275323189951916,2.6127255975346126,11.4929720657155,2.531425128074661,2.8123896754006177,11.549061316244515,2.5335964053863362,201.54664938857414,0.007740655913949013,250,1.1342873573303223,1.0,1.0,disabled,single,3,row_4,row_3,-1.8317749500274658,-2.6601078510284424,0.6909912965316143,0.30180898800511624,0.6524864838893856,0.8283329010009766,-1.4621468992656785,0,45,1,disabled,0,0.0,50.0,alpha
560,2.5052196979522705,-2.593440532684326,-46.95195007324219,-3.49794864654541,3.2806568145751953,0.5206031799316406,13,0,71,0.01681949943304062,0.641025641025641,0.3,83,84,wall,both,1,1,1,1,1,1,0.0,3,3,0,alpha,full,huber,3.556399212182331,12.51757535377535,2.8103662369088056,2.2909514834504074,12.122523040675215,-2.9982271535692395,2.1870379132850357,12.089554807422058,-2.950336377593742,136.74308280905407,0.01681949943304062,250,3.397444248199463,0.8830166975042797,1.0,disabled,single,3,row_3,row_4,-3.49794864654541,-4.105992794036865,0.6091291679063008,0.3316188264068046,0.8354346654372229,0.6080441474914551,-3.0022237111518013,1,46,1,disabled,0,0.0,50.0,alpha
564,0.31810563802719116,-0.041814547032117844,-49.66455078125,-2.3463191986083984,2.96553897857666,0.3099045157432556,9,0,111,0.012649317272007465,0.5555555555555556,0.3,120,120,wall,both,1,1,1,1,1,1,0.0,2,2,0,alpha,full,huber,0.7149059660737167,11.560032702690348,-2.190672897098175,1.3893202638867432,11.872252601571638,-2.340952596014479,1.5435395300582933,11.93353588498134,-2.383912707176429,123.17090465766618,0.012649317272007465,250,1.2967873215675354,1.0,1.0,disabled,single,3,row_4,row_3,-2.3463191986083984,-4.9063005447387695,0.8950397351526603,0.06919210510088586,0.40318434198417546,2.559981346130371,-2.235432033734222,1,47,1,disabled,0,0.0,50.0,alpha
568,2.6365151405334473,-2.872401714324951,-48.989280700683594,-2.3390190601348877,3.2274789810180664,0.07702302932739258,10,0,96,0.026378370821475983,0.5859375,0.3,99,106,wall,both,1,1,1,1,1,1,0.0,10,10,0,alpha,full,huber,2.370738478671063,12.255899246530353,-1.7765483960002424,1.1108999464151128,11.403525598810933,-1.4581030113728064,1.018076692727541,11.376067424001377,-1.4746169291474467,115.32897879351847,0.02637837454676628,250,4.437136173248291,0.6761117718421953,1.0,disabled,single,3,row_4,row_3,-2.3390190601348877,-2.9941134452819824,0.6517669296797941,0.3385232052084573,0.6906778827687969,0.6550943851470947,-1.9109508093555716,0,47,1,disabled,0,0.0,50.0,alpha
572,3.2535674571990967,-4.347687721252441,-49.59840774536133,-1.1721066236495972,1.7542704343795776,0.34585440158843994,9,2,107,0.02898561581969261,0.5597014925373135,0.3,104,118,wall,both,1,1,1,1,1,1,0.0,12,12,0,alpha,full,huber,2.390278484818197,10.77984082651533,-0.5237536178628166,1.2488298933740531,10.887632176225235,-1.1347887640841334,1.144097765051418,11.021518171356826,-1.2325827857943414,109.57089390194649,0.02898561581969261,250,4.4741528034210205,0.6705180023592722,1.0,disabled,single,3,row_4,row_3,-1.1721066236495972,-2.1307404041290283,0.7188376473192367,0.27561411360431637,0.6213202443674282,0.9586337804794312,-0.8419868734407727,0,47,0,disabled,0,0.0,50.0,alpha
576,0.6225354671478271,-0.16014480590820312,-38.756614685058594,-0.5998216867446899,1.6429234743118286,1.1622905731201172e-05,31,0,75,0.025618433952331543,0.5859375,0.3,96,106,wall,both,1,1,1,1,1,1,0.0,12,12,0,alpha,full,huber,0.831605258192426,9.837813876981219,-1.3766768895533188,1.4193295405342492,10.259086873964588,-1.0091971700636198,1.3571286346519642,10.425889822151465,-1.0739648497862633,151.16016588902286,0.025618433952331543,250,1.1425276398658752,1.0,1.0,disabled,single,3,row_4,row_6,-0.5998216867446899,-3.3715577125549316,0.889691394082595,0.05565314714331662,0.42361565330104045,2.7717360258102417,-0.48294106213587,0,47,0,disabled,0,0.0,50.0,alpha
580,2.907763719558716,-3.4938387870788574,-28.192392349243164,-0.47975078225135803,1.469312310218811,0.0,52,0,56,0.03556676208972931,0.5813953488372093,0.3,88,108,wall,both,1,1,1,1,1,1,0.0,10,10,0,alpha,full,huber,0.8244006720179617,9.332215727732477,-1.3812672194474176,1.227502226125378,9.888404986640769,-1.1345993156227971,1.369640185179422,10.014533227298752,-1.0900285922955164,104.04426187872988,0.03556676581501961,250,3.9184869527816772,0.7656016304636011,1.0,disabled,single,3,row_4,row_6,-0.47975078225135803,-3.0224153995513916,0.8817340668306588,0.06935414274267485,0.44365574289424037,2.5426646173000336,-0.35388600228240663,0,47,0,disabled,0,0.0,50.0,alpha
584,1.1391502618789673,-0.5362245440483093,-43.77641296386719,-0.25371667742729187,0.8631372451782227,0.14696651697158813,21,0,122,0.008547136560082436,0.5119453924914675,0.3,120,143,wall,both,1,1,1,1,1,1,0.0,12,12,0,alpha,full,huber,2.153608147815672,9.886501104136503,-0.8324720185383367,1.5780864300783086,9.58483251058406,-1.0902868479483963,1.5692454428226228,9.616813806644853,-1.0757616496634288,208.73710524741543,0.00854713749140501,250,1.7752662301063538,1.0,1.0,disabled,single,3,row_4,row_3,-0.25371667742729187,-1.6053252220153809,0.7921265830760253,0.20502105097955595,0.5261913206424208,1.351608544588089,-0.02068260460478144,0,47,0,disabled,0,0.0,50.0,alpha
588,2.412904739379883,-2.4058303833007812,-29.366365432739258,-0.3971696197986603,1.3368717432022095,0.0014222264289855957,77,1,51,0.009142289869487286,0.5376344086021506,0.3,120,129,wall,both,1,1,1,1,1,1,0.0,13,13,0,alpha,full,huber,1.060820924565925,8.19690480364782,-1.3281576724497361,1.5846455976000149,8.8822241875945,-1.2005889039012165,1.7370477356000635,8.952963487839419,-1.1352722091292486,201.66405490745825,0.009142289869487286,250,3.5822556018829346,0.8374611790468317,1.0,disabled,single,3,row_4,row_5,-0.3971696197986603,-2.3263747692108154,0.8196763752374897,0.11906915378895645,0.5874408090187906,1.9292051494121552,-0.19832393882982782,0,47,0,disabled,0,0.0,50.0,alpha
592,3.3443427085876465,-4.572750091552734,-31.752111434936523,-0.4346524178981781,1.3984251022338867,0.0043215155601501465,75,8,64,0.009881709702312946,0.5050505050505051,0.3,120,147,wall,both,1,1,1,1,1,1,0.0,13,13,0,alpha,full,huber,0.9799666500216332,8.291800840495824,-1.2884961459634476,1.5557542360545007,8.369445038312977,-1.2242931443839047,1.76567730940253,8.404874697629923,-1.1725138726336193,207.13512809031377,0.009881709702312946,250,3.8672585487365723,0.7757433236472114,1.0,disabled,single,3,row_4,row_5,-0.4346524178981781,-2.4420933723449707,0.8195202213895136,0.11008778783274276,0.5928179066499337,2.0074409544467926,-0.23561621207251054,0,47,0,disabled,0,0.0,50.0,alpha
596,4.777131080627441,-8.125118255615234,-30.160568237304688,-0.5103785991668701,1.5134820938110352,0.01818746328353882,82,2,57,0.010680310428142548,0.5154639175257733,0.3,113,141,wall,both,1,1,1,1,1,1,0.0,10,10,0,alpha,full,huber,0.9974027471355353,7.533867612488072,-1.2129438979216862,1.3336401094836319,7.759065879855466,-1.2660466615076917,1.6465226206435486,7.851764040205587,-1.210250241294879,184.49308035900216,0.010680310428142548,250,5.306624889373779,0.5653310837943969,1.0,disabled,single,3,row_4,row_5,-0.5103785991668701,-1.4723039865493774,0.6697080753462328,0.2559332124603881,0.8105380915791395,0.9619253873825073,-0.1094652291827839,0,47,0,disabled,0,0.0,50.0,alpha
600,4.036949634552002,-6.289958477020264,-36.0188102722168,-0.2637351155281067,1.0893734693527222,0.0020005106925964355,67,21,60,0.01521303690969944,0.5033557046979865,0.3,118,148,wall,both,1,1,1,1,1,1,0.0,12,12,0,alpha,full,huber,1.6183274974800754,6.4006228111180175,-1.340692328851622,1.4059246534100036,7.036421941276998,-1.3101210252124347,1.6267047333673121,7.177583570703433,-1.2539790352312021,166.6002194579911,0.01521303877234459,250,4.722717523574829,0.6352274903219641,1.0,disabled,single,3,row_4,row_5,-0.2637351155281067,-0.7260972261428833,0.5874673076519293,0.36998352858344496,0.8146994258296313,0.4623621106147766,0.2681995655339505,0,47,0,disabled,0,0.0,50.0,alpha
604,1.5362807512283325,-0.9752721190452576,-34.297630310058594,-0.2642000913619995,1.0903667211532593,0.0002155900001525879,72,23,63,0.020329050719738007,0.48701298701298706,0.3,110,158,wall,both,1,1,1,1,1,1,0.0,14,14,0,alpha,full,huber,1.710226646086613,5.84893919587387,-1.4247232147804356,1.57387287419074,6.373437121327227,-1.3591868096527069,1.6787963062805606,6.536056644335078,-1.311331904940952,157.52456137445034,0.020329050719738007,250,2.2719963788986206,1.0,1.0,disabled,single,3,row_4,row_5,-0.2642000913619995,-0.5044585466384888,0.5379869201773242,0.4230861373241598,0.8237989505545233,0.24025845527648926,0.3557209396919522,0,47,0,disabled,0,0.0,50.0,alpha
608,0.332720011472702,-0.0457448773086071,-33.593196868896484,-0.3679913282394409,1.1967824697494507,0.11035275459289551,95,22,35,0.024736834689974785,0.49668874172185423,0.3,113,152,wall,both,1,1,1,1,1,1,0.0,15,15,0,alpha,full,huber,3.9857137803877825,6.109428153611887,-0.9297324470634898,1.8933102553826808,5.769420185803333,-1.3091711861876905,1.869394306815633,5.838774923678322,-1.310362321345678,169.8418119716377,0.024736834689974785,218,2.1101189851760864,1.0,1.0,disabled,single,3,row_4,row_3,-0.3679913282394409,-0.4365485906600952,0.4999900909873381,0.4668607427388747,0.8151263000264616,0.0685572624206543,0.32517567054220786,0,47,0,disabled,0,0.0,50.0,alpha
612,1.8201850652694702,-1.369038701057434,-38.350257873535156,-0.23935198783874512,1.0132801532745361,0.052355825901031494,84,32,34,0.02048502117395401,0.5,0.3,106,150,wall,both,1,1,1,1,1,1,0.0,14,14,0,alpha,full,huber,4.441610778210474,5.31068905715333,-1.056251011715795,2.3621658121107574,4.975390207471636,-1.2789247465128772,2.2231976012291588,5.00399416669544,-1.2943703928768873,170.10611506967697,0.02048502117395401,224,2.8965835571289062,1.0,1.0,disabled,single,3,row_3,row_4,-0.23935198783874512,-0.5121415853500366,0.5432018379813845,0.4135139963360311,0.8325723334482498,0.2727895975112915,0.3709223312864701,1,48,0,disabled,0,0.0,50.0,alpha
616,2.3793089389801025,-2.3393020629882812,-38.41274642944336,-0.20332661271095276,0.41442227363586426,0.20115768909454346,65,4,69,0.011697503738105297,0.5208333333333334,0.3,101,138,wall,both,1,1,1,1,1,1,0.0,14,14,0,alpha,full,huber,0.07491380769781486,4.782717882523079,-2.033730583446841,2.134644486694958,3.8682670690843457,-1.4616427411987893,2.32795708012835,3.9107799649464696,-1.3981989601302685,197.9831336521431,0.011697503738105297,250,4.19012451171875,0.7159691774336864,1.0,disabled,single,3,row_5,row_6,-0.20332661271095276,-1.1475147008895874,0.6441011149292643,0.2505522887733823,0.8672085769845044,0.9441880881786346,0.23657294173200277,1,49,0,disabled,0,0.0,50.0,alpha
620,2.2052505016326904,-2.0095577239990234,-24.694421768188477,-0.13625913858413696,0.7723080515861511,0.030159056186676025,124,6,8,0.025308355689048767,0.5208333333333334,0.3,106,138,wall,both,1,1,1,1,1,1,0.0,12,12,0,alpha,full,huber,4.029881854914709,3.671906681242827,-1.1103525134172578,2.671789445905942,3.319613840859035,-1.280760986675436,2.565751821594579,3.2373053617402068,-1.3396024070895984,170.863446888016,0.025308357551693916,250,2.9133925437927246,1.0,1.0,disabled,single,3,row_4,row_3,-0.13625913858413696,-0.6633086800575256,0.5897381959652864,0.34814851685142106,0.8513676338620225,0.5270495414733887,0.39181743763009014,1,50,0,disabled,0,0.0,50.0,alpha
624,1.5133150815963745,-0.9463316202163696,-22.383869171142578,-0.22136075794696808,0.9796003103256226,0.0445823073387146,121,0,14,0.012196710333228111,0.5263157894736842,0.3,120,135,wall,both,1,1,1,1,1,1,0.0,6,6,0,alpha,full,huber,1.9770740933759567,2.127434951919355,-1.093568037766035,2.4183552501635526,2.672988884671655,-1.3610416689882214,2.5500938447780417,2.7085899981711785,-1.355528025140902,199.3087088759597,0.012196710333228111,250,2.577729105949402,1.0,1.0,disabled,single,3,row_5,row_4,-0.22136075794696808,-0.5216687917709351,0.5484987030685907,0.40621268673257405,0.8355149487224911,0.300308033823967,0.3792096058284392,1,51,0,disabled,0,0.0,50.0,alpha
628,0.9734979271888733,-0.39161086082458496,-26.76502227783203,-0.17942404747009277,0.8397827744483948,0.07458388805389404,131,0,8,0.010879787616431713,0.5190311418685121,0.3,118,139,wall,both,1,1,1,1,1,1,0.0,7,7,0,alpha,full,huber,1.9504026500846008,1.4842701354024055,-1.004629269939997,2.2802725400389017,1.8519342829453418,-1.3764944651275248,2.4814836963674587,1.9770442772269194,-1.3657213006015352,182.05437848313224,0.010879787616431713,250,1.521992802619934,1.0,1.0,disabled,single,3,row_5,row_4,-0.17942404747009277,-0.6344722509384155,0.577982224636713,0.366681972162116,0.8448947361934651,0.45504820346832275,0.36878811653623667,0,51,0,disabled,0,0.0,50.0,alpha
632,2.6192140579223633,-2.834827423095703,-24.305086135864258,-0.11538433283567429,0.7134600281715393,0.02357041835784912,108,12,6,0.012163493782281876,0.5434782608695653,0.3,110,126,wall,both,1,1,1,1,1,1,0.0,13,13,0,alpha,full,huber,1.8725897945716543,1.2026147164987544,-1.175745290587911,2.0656262026617505,1.4938357356898786,-1.4178864052453335,2.2997526850967107,1.6094888023676164,-1.3919342147984557,195.28230859051845,0.012163493782281876,250,3.123364806175232,0.9605025945316006,1.0,disabled,single,3,row_5,row_4,-0.11538433283567429,-0.7100181579589844,0.6017316140507533,0.33201418600705945,0.8515481027017551,0.5946338251233101,0.39255942408259314,0,51,0,disabled,0,0.0,50.0,alpha
636,2.203752040863037,-2.0068278312683105,-29.638179779052734,-0.2605275809764862,1.0807311534881592,0.015467464923858643,116,0,24,0.014802117832005024,0.5172413793103449,0.3,120,140,wall,both,1,1,1,1,1,1,0.0,10,10,0,alpha,full,huber,2.1125451738852083,1.9450071091539953,-1.2171826208372243,2.2291501374525824,1.2633255441876183,-1.3485247760498749,2.2992524422199594,1.243917425478297,-1.3663022683454178,186.1114243888384,0.014802117832005024,250,3.132708430290222,0.9576377970553973,1.0,disabled,single,3,row_5,row_4,-0.2605275809764862,-0.44812172651290894,0.5256024542148581,0.4356987181107201,0.8258996895138362,0.18759414553642273,0.3826825614875936,0,51,0,disabled,0,0.0,50.0,alpha
640,0.5852779150009155,-0.14154969155788422,-37.2740364074707,-0.15481743216514587,0.8034786581993103,0.052745938301086426,82,6,53,0.01048938650637865,0.5154639175257733,0.3,120,141,wall,both,1,1,1,1,1,1,0.0,12,12,0,alpha,full,huber,1.8433396746358914,1.8754786153865923,-1.7195334332648582,2.275620893940763,1.0060692287678343,-1.352644402331869,2.333493911145494,0.9029162558529833,-1.355667932394599,195.39120798040514,0.01048938650637865,250,1.7543194890022278,1.0,1.0,disabled,single,3,row_5,row_4,-0.15481743216514587,-0.6500672101974487,0.5848466910686737,0.35641649197475833,0.8479145496946677,0.49524977803230286,0.38158810047984915,0,51,0,disabled,0,0.0,50.0,alpha
644,2.0605320930480957,-1.7544597387313843,-36.553932189941406,-0.09182586520910263,0.6045342683792114,0.05098998546600342,86,8,44,0.014190752059221268,0.5208333333333334,0.3,102,138,wall,both,1,1,1,1,1,1,0.0,13,13,0,alpha,full,huber,1.6930327194986896,1.5866499165937662,-1.7140092404782319,2.3157151490153645,0.7473233696422299,-1.3950449514250218,2.372947403883736,0.6038808185443328,-1.3716966091609268,176.2937231444571,0.014190753921866417,250,3.307399868965149,0.907056938639436,1.0,disabled,single,3,row_5,row_4,-0.09182586520910263,-0.8076873421669006,0.6196413673268386,0.30286264743093566,0.8565296561497527,0.715861476957798,0.3867885428901592,0,51,0,disabled,0,0.0,50.0,alpha
648,2.664853572845459,-2.934481382369995,-20.494091033935547,-0.2646805942058563,1.0913581848144531,3.516674041748047e-06,94,8,34,0.010922071523964405,0.5244755244755245,0.3,120,136,wall,both,1,1,1,1,1,1,0.0,6,6,0,alpha,full,huber,2.5187022883692864,-0.2588968214762053,-1.3959396025075976,2.2909687737377493,-0.3164052828388901,-1.47552419230166,2.440654283343266,-0.3949677685550086,-1.4211118110735568,198.34624913878073,0.010922071523964405,250,2.741145133972168,1.0,1.0,disabled,single,3,row_5,row_4,-0.2646805942058563,-0.4380280077457428,0.5226846918564348,0.43949704127516337,0.8242803648542628,0.17334741353988647,0.38409628615847946,0,51,0,disabled,0,0.0,50.0,alpha
652,3.5397911071777344,-5.057333469390869,-30.983020782470703,-0.31202396750450134,1.1848838329315186,0.002933800220489502,88,15,32,0.010950402356684208,0.5263157894736842,0.3,120,135,wall,both,1,1,1,1,1,1,0.0,5,5,0,alpha,full,huber,2.7415162437713954,-0.2605914811625747,-1.4716296161915683,2.302263671045821,-0.6784159354504262,-1.5029966363933303,2.4151091079341063,-0.8261248785783528,-1.4635537089880677,202.38476545773742,0.010950402356684208,250,4.25242018699646,0.7054806129398373,1.0,disabled,single,3,row_4,row_5,-0.31202396750450134,-0.381610631942749,0.5006371538046454,0.4669839694183409,0.8130350585377931,0.06958666443824768,0.37984971668698775,1,52,0,disabled,0,0.0,50.0,alpha
656,0.4970117509365082,-0.10207466036081314,-25.432571411132812,-0.18275271356105804,0.9067707657814026,0.0028955936431884766,99,2,28,0.012872735969722271,0.5376344086021506,0.3,120,129,wall,both,1,1,1,1,1,1,0.0,4,4,0,alpha,full,huber,2.5654009548047227,-1.5646072022137316,-1.3171754517600316,2.553673285677675,-1.8739613708985217,-1.4180042244275848,2.548420292543881,-1.9448014667685556,-1.421225872427885,174.19442179396353,0.012872735969722271,250,1.3200289011001587,1.0,1.0,disabled,single,3,row_5,row_4,-0.18275271356105804,-0.5411390662193298,0.5592790297542805,0.3908258853245448,0.8417561845581757,0.3583863526582718,0.3983540580309688,1,53,0,disabled,0,0.0,50.0,alpha
660,2.568744659423828,-2.7266318798065186,-29.989370346069336,-0.052700549364089966,0.48195916414260864,0.016279637813568115,133,16,22,0.010584717616438866,0.4672897196261683,0.3,120,171,wall,both,1,1,1,1,1,1,0.0,5,5,0,alpha,full,huber,2.5751899789997856,-4.02505599108603,-1.2126059974607128,2.4925078432429406,-3.2897319537299223,-1.482270450804491,2.6270170495642597,-3.3243396248813992,-1.4468190800357874,203.594862819626,0.01058471854776144,250,3.2580811977386475,0.9207873646863758,1.0,disabled,single,3,row_5,row_4,-0.052700549364089966,-0.9093796014785767,0.6354308369118986,0.2697846909745443,0.8649171127567906,0.8566790521144867,0.40075147746528467,0,53,0,disabled,0,0.0,50.0,alpha
664,0.5461193919181824,-0.12324231117963791,-31.765348434448242,-0.2616352140903473,1.0840939283370972,0.01068967580795288,85,29,40,0.008656611666083336,0.49342105263157904,0.3,120,154,wall,both,1,1,1,1,1,1,0.0,3,3,0,alpha,full,huber,0.6672113421448232,-4.032887783863146,-1.2529676119883217,2.2168117075918374,-4.586112880690835,-1.4574535741939256,2.508110781142266,-4.646920321133603,-1.4101152970865063,214.2726582795895,0.008656611666083336,250,2.039514660835266,1.0,1.0,disabled,single,3,row_6,row_5,-0.2616352140903473,-0.4343484938144684,0.5231365482439161,0.4401560119905671,0.8214601917754651,0.1727132797241211,0.3862775483955744,1,54,0,disabled,0,0.0,50.0,alpha
668,0.9824029803276062,-0.3988081216812134,-36.80757141113281,-0.06163715943694115,0.5266242623329163,0.0013625025749206543,73,20,61,0.0093776173889637,0.49342105263157904,0.3,120,154,wall,both,1,1,1,1,1,1,0.0,3,3,0,alpha,full,huber,0.24074312190501918,-4.837239134765643,-1.4515226755460124,1.8727854074768815,-5.418308934078004,-1.4766584334560309,2.265610073677794,-5.4963533124305695,-1.432503711752883,217.4737809544158,0.009377618320286274,250,3.3759247064590454,0.8886454115105704,1.0,disabled,single,3,row_6,row_5,-0.06163715943694115,-0.8530188798904419,0.631135352818638,0.286041991750332,0.8548011355418748,0.7913817204535007,0.3985977747476154,0,54,0,disabled,0,0.0,50.0,alpha
672,1.8863145112991333,-1.4703233242034912,0.0,-0.06801576167345047,0.5509626269340515,0.011692583560943604,0,0,0,0.007203700020909309,0.5,0.3,0,0,wall,both,1,1,1,1,1,1,0.0,0,0,0,alpha,full,huber,4.740980620990694,-7.529447546612227,-1.2404198287423562,2.6406739140730804,-7.157307803584384,-1.3425678078588599,2.5771531356603337,-7.217836684590851,-1.3759842643185345,214.19020782484836,0.007203700952231884,250,4.121536493301392,0.7278838862341287,1.0,disabled,single,3,row_4,row_5,-0.06801576167345047,-0.9546170234680176,0.6452469173370663,0.2658764691765856,0.8500362091185407,0.8866012617945671,0.3701064561920205,1,55,0,disabled,0,0.0,50.0,alpha
676,0.5300891995429993,-0.11611346155405045,0.0,-0.24223767220973969,1.0434863567352295,0.008102476596832275,0,0,0,0.007763460744172335,0.5,0.3,0,0,wall,both,1,1,1,1,1,1,0.0,0,0,0,alpha,full,huber,2.4914079802777316,-8.397984199332297,-1.269596713113459,2.7972918980251844,-8.239326511942444,-1.4007611819340975,2.7952846313308344,-8.276245810526223,-1.3810072853021862,192.82574572212332,0.007763460744172335,250,1.79754638671875,1.0,1.0,disabled,single,3,row_5,row_4,-0.24223767220973969,-1.9159507751464844,0.7618672846378646,0.14288773763457516,0.709180779804017,1.6737131029367447,0.029745233396519077,1,56,0,disabled,0,0.0,50.0,alpha
680,2.2594261169433594,-2.109506845474243,0.0,-0.256221204996109,0.9520686268806458,0.11586141586303711,0,0,0,0.02596452832221985,0.5,0.3,0,0,wall,both,1,1,1,1,1,1,0.0,0,0,0,alpha,full,huber,3.6210269736484317,-7.262818537068189,-0.9108323675356367,3.0911777929692024,-8.351544731008673,-1.2736100618848085,2.990120898749222,-8.557983879360279,-1.3212466382560364,120.93516822743543,0.02596452832221985,250,4.014313697814941,0.7473257512567966,1.0,disabled,single,3,row_5,row_4,-0.256221204996109,-0.6211449503898621,0.5722677774208406,0.3972966690369288,0.7924290227039087,0.36492374539375305,0.3019270498065436,0,56,0,disabled,0,0.0,50.0,alpha
684,1.6001163721084595,-1.0580050945281982,0.0,-1.7813340425491333,2.831254005432129,0.00048607587814331055,0,0,0,0.0065332939848303795,0.5,0.3,0,0,wall,both,1,1,1,1,1,1,0.0,0,0,0,alpha,full,huber,2.888860618490361,-10.1939672153376,-1.4281625831896447,3.1744827363968104,-9.24427185810243,-1.2722620354926542,3.179591268184491,-9.282861254882047,-1.265793703031189,221.4685953304359,0.006533294450491667,250,3.001414179801941,0.9995288288395991,1.0,disabled,single,3,row_5,row_4,-1.7813340425491333,-2.8335776329040527,0.7224745581165855,0.2522545294665039,0.6752403664842627,1.0522435903549194,-1.4562609692541009,0,56,1,disabled,0,0.0,50.0,alpha
688,1.5543144941329956,-0.9983031153678894,0.0,-3.0298802852630615,3.683330535888672,0.060638427734375,0,0,0,0.007119901943951845,0.5,0.3,0,0,wall,both,1,1,1,1,1,1,0.0,0,0,0,alpha,full,huber,3.3253612908903496,-10.996271400513741,-1.7470138926701193,3.291132342885371,-9.753302279536275,-1.3028158158971164,3.2889682082491323,-9.688354819395379,-1.276867484049143,222.9874641347524,0.0071199024096131325,250,3.0775604248046875,0.9747980822148733,1.0,disabled,single,3,row_5,row_4,-3.0298802852630615,-3.5021371841430664,0.610460956291693,0.38067935732260655,0.7108198147709633,0.4722568988800049,-2.536339344128401,0,56,1,disabled,0,0.0,50.0,alpha
692,0.5590318441390991,-0.12913909554481506,0.0,-0.8969431519508362,2.0090315341949463,0.0014112591743469238,0,0,0,0.007406453136354685,0.5,0.3,0,0,wall,both,1,1,1,1,1,1,0.0,0,0,0,alpha,full,huber,5.180686204692616,-9.571898229053303,-1.3403581680613974,4.026333155533912,-10.285471104985213,-1.5479763672277043,3.765307466188302,-10.342572082195229,-1.6042532548269033,206.41482328099337,0.007406453602015972,250,1.969022274017334,1.0,1.0,disabled,single,3,row_4,row_5,-0.8969431519508362,-2.471747875213623,0.7363684785696055,0.15246360630906314,0.7563089787496908,1.5748047232627869,-0.5909185166445048,1,57,0,disabled,0,0.0,50.0,alpha
696,2.264850616455078,-2.1196482181549072,0.0,-1.2795976400375366,2.389791488647461,0.050631582736968994,0,0,0,0.014026337303221226,0.5,0.3,0,0,wall,both,1,1,1,1,1,1,0.0,0,0,0,alpha,full,huber,3.7162740788840045,-9.521854452742591,-1.7165583351305769,3.794313346312632,-10.640763018530153,-1.704742646733256,3.769651115060027,-10.795207081626852,-1.7271239660178703,185.57144339231573,0.014026335440576077,250,3.7273555994033813,0.8048601535308825,1.0,disabled,single,3,row_5,row_4,-1.2795976400375366,-1.422863483428955,0.5282231731439343,0.45771788715644207,0.7547931236014053,0.14326584339141846,-0.6413612318681173,1,58,0,disabled,0,0.0,50.0,alpha
700,1.1612236499786377,-0.5572068095207214,0.0,-0.43911510705947876,1.4056494235992432,0.0030211210250854492,0,0,0,0.011457541026175022,0.5,0.3,0,0,wall,both,1,1,1,1,1,1,0.0,0,0,0,alpha,full,huber,5.3631732392225295,-8.971411786671013,-1.4712432393756742,4.147565109241902,-10.679987434838612,-1.8963367496157855,3.928255243834418,-10.930174891185892,-2.00650812342764,188.98263856528044,0.011457541957497597,250,3.085507035255432,0.9722875254282629,1.0,disabled,single,3,row_4,row_3,-0.43911510705947876,-2.018869161605835,0.7234548159702512,0.14905033050982583,0.7805062835703083,1.5797540545463562,-0.11539792018796213,1,59,0,disabled,0,0.0,50.0,alpha
704,1.3317257165908813,-0.7328485250473022,-49.7658576965332,-3.4382705688476562,3.754772424697876,0.2734982371330261,1,0,119,0.01800328679382801,0.5555555555555556,0.3,120,120,wall,both,1,1,1,1,1,1,0.0,1,1,0,alpha,full,huber,5.4734013468879885,-11.317970681330772,-2.151070593145598,4.555590216355295,-10.88550183757022,-2.419269430957681,4.125103736758774,-11.15876389920453,-2.5486110852798722,110.2098596903546,0.01800328679382801,250,2.687346935272217,1.0,1.0,disabled,single,3,row_4,row_3,-3.4382705688476562,-5.37214994430542,0.7864607977868194,0.11371138207154435,0.6661706997923967,1.9338793754577637,-3.19805816723962,0,59,1,disabled,0,0.0,50.0,alpha
708,0.3215988278388977,-0.0427379384636879,-49.99515914916992,-3.5859878063201904,3.8264729976654053,0.2853018045425415,10,0,108,0.01989351212978363,0.5597014925373135,0.3,118,118,wall,both,1,1,1,1,1,1,0.0,2,2,0,alpha,full,huber,5.074580652967842,-11.386250090263646,-2.1680953108803607,4.661711533118608,-11.052859069979764,-2.608485524745631,4.226208854666154,-11.21848381930154,-2.805141596807956,104.95879020576226,0.01989351212978363,250,1.07891845703125,1.0,1.0,disabled,single,3,row_4,row_5,-3.5859878063201904,-5.189114093780518,0.7731333489334019,0.15560570172843693,0.6766527752256217,1.6031262874603271,-3.3286840693702673,0,59,1,disabled,0,0.0,50.0,alpha
712,1.777138352394104,-1.3050498962402344,-49.506195068359375,-5.798008441925049,4.464858531951904,0.5789337158203125,3,0,117,0.023997534066438675,0.5555555555555556,0.3,120,120,wall,both,1,1,1,1,1,1,0.0,3,3,0,alpha,full,huber,3.114388021834057,-11.813989992114555,2.880786961126013,4.3165838422188605,-11.281067357879287,-2.84000580726563,4.134118664905612,-11.29778830000841,-2.95567605129461,116.86118181875915,0.023997534066438675,250,2.6797958612442017,1.0,1.0,disabled,single,3,row_5,row_4,-5.798008441925049,-6.430319786071777,0.6327422433835184,0.33621532288232386,0.7638687755695793,0.6323113441467285,-5.3403163037130295,1,60,1,disabled,0,0.0,50.0,alpha
716,0.2837945818901062,-0.03328073024749756,-47.72923278808594,-3.7872445583343506,4.124042510986328,0.04357403516769409,9,0,120,0.019833995029330254,0.5376344086021506,0.3,120,129,wall,both,1,1,1,1,1,1,0.0,3,3,0,alpha,full,huber,3.7331920943566645,-11.378630158908337,2.0443924126171202,3.7790140553659826,-11.488317804049489,2.7338790156222026,3.5869636252658377,-11.462571152465788,2.6502894343652974,92.75858946221138,0.019833995029330254,250,0.5668749809265137,1.0,1.0,disabled,single,3,row_4,row_5,-3.7872445583343506,-3.826408863067627,0.5040686210916432,0.48470870731547944,0.7467259030959768,0.03916430473327637,-3.102201691115219,1,61,1,disabled,0,0.0,50.0,alpha
720,3.0275628566741943,-3.7873458862304688,-48.33574676513672,-1.091734528541565,2.1705310344696045,0.10476642847061157,4,3,110,0.026581093668937683,0.5617977528089888,0.3,104,117,wall,both,1,1,1,1,1,1,0.0,4,4,0,alpha,full,huber,2.9794898024476484,-9.519875156693086,1.2827699283211986,2.9866452919366804,-10.843881817828436,2.3404482090963383,2.9273019620032708,-10.960869892630448,2.332002023799517,99.77113244401312,0.026581093668937683,250,3.9563255310058594,0.7582793621224787,1.0,disabled,single,3,row_5,row_4,-1.091734528541565,-2.098036527633667,0.7102760279037695,0.25965443922109355,0.6984765029476901,1.006301999092102,-0.7496329157381043,1,62,0,disabled,0,0.0,50.0,alpha
724,1.2226649522781372,-0.6177312731742859,-44.449180603027344,-1.0408458709716797,2.1593985557556152,0.03365510702133179,19,0,101,0.03363832086324692,0.5555555555555556,0.3,120,120,wall,both,1,1,1,1,1,1,0.0,2,2,0,alpha,full,huber,2.391915681516465,-9.511543179140203,2.0047865878181304,2.5800553729722724,-9.803053088571822,2.0194194552080935,2.4683778997000947,-10.082511396718981,2.1430169076303454,102.37972172719203,0.03363832086324692,235,1.8049768209457397,1.0,1.0,disabled,single,3,row_5,row_4,-1.0408458709716797,-2.7337028980255127,0.7874199384747629,0.14487983476063587,0.6503685875876962,1.692857027053833,-0.8018522920921782,0,62,0,disabled,0,0.0,50.0,alpha
728,0.1312655210494995,-0.007120097987353802,-39.16508483886719,-0.5002684593200684,1.5002140998840332,0.005550086498260498,54,2,67,0.02038591355085373,0.5494505494505495,0.3,120,123,wall,both,1,1,1,1,1,1,0.0,3,3,0,alpha,full,huber,1.9724813545314792,-8.696300783964084,1.8500170841372174,2.312382052113966,-9.0252692886775,1.9307927302504286,2.1878510864707916,-9.239456199365561,2.013689112251777,123.5637685622149,0.02038591355085373,164,0.8824511766433716,1.0,1.0,disabled,single,3,row_5,row_6,-0.5002684593200684,-2.0884830951690674,0.7638362174814578,0.15604411493410048,0.6978898276446237,1.588214635848999,-0.23086657149857182,0,62,0,disabled,0,0.0,50.0,alpha
732,0.1212230697274208,-0.006072327494621277,-32.93021011352539,-0.17243699729442596,0.8807145357131958,0.004097342491149902,69,19,63,0.04795784875750542,0.4983388704318937,0.3,120,151,wall,both,1,1,1,1,1,1,0.0,4,4,0,alpha,full,huber,3.540337137849744,-7.535185909406511,1.6540554581564173,2.9489243699717824,-8.167073933806945,1.58590538647151,2.497627999816375,-8.554083426647704,1.7842220043621841,71.74344924791431,0.04795784875750542,202,2.2126848697662354,1.0,1.0,disabled,single,3,row_5,row_4,-0.17243699729442596,-0.6680899262428284,0.6019893325295032,0.36671566615301254,0.7818117239109645,0.4956529289484024,0.33507855658655117,0,62,0,disabled,0,0.0,50.0,alpha
736,2.0051801204681396,-1.6614657640457153,-35.80141067504883,-0.20171929895877838,0.9518685936927795,0.009572327136993408,72,26,57,0.034434735774993896,0.49180327868852464,0.3,120,155,wall,both,1,1,1,1,1,1,0.0,4,4,0,alpha,full,huber,3.5786760450576467,-7.012818829350913,1.606136185155699,3.359671960077163,-7.423259652285347,1.4835557784091977,2.89034493841193,-7.811927750920881,1.6162956630084953,86.43104315080959,0.034434739500284195,153,2.465237617492676,1.0,1.0,disabled,single,3,row_5,row_4,-0.20171929895877838,-0.5700811147689819,0.5701517760650465,0.39446908940855674,0.8055062536217227,0.36836181581020355,0.36013338084101154,0,62,0,disabled,0,0.0,50.0,alpha
740,3.0923891067504883,-3.9480721950531006,-40.68474197387695,-0.38323351740837097,1.3131977319717407,0.0018438100814819336,47,2,105,0.05085885897278786,0.49342105263157904,0.3,120,154,wall,both,1,1,1,1,1,1,0.0,4,4,0,alpha,full,huber,1.7632412458328879,-8.31578089993443,1.8053460757208386,2.6087491110596908,-7.564247389571327,1.6742277145588147,2.741315721790934,-7.50730203080572,1.6237428039439976,49.849103140023765,0.05085885152220726,159,5.232306480407715,0.5733609090433541,1.0,disabled,single,3,row_5,row_6,-0.38323351740837097,-1.5513767004013062,0.7192277574247224,0.22363939128030744,0.7355260491002283,1.1681431829929352,-0.05365631570084306,0,62,0,disabled,0,0.0,50.0,alpha
744,2.446148633956909,-2.4725797176361084,-37.534854888916016,-0.2539452016353607,1.0689964294433594,1.4185905456542969e-05,58,6,79,0.030286582186818123,0.5119453924914675,0.3,120,143,wall,both,1,1,1,1,1,1,0.0,4,4,0,alpha,full,huber,1.7325681569443365,-7.875159768303169,1.7392867943451886,2.0840896175534804,-7.426973105266472,1.7523824490652657,2.3997193400341215,-7.222150632452578,1.6982264942100764,72.12120596228084,0.030286578461527824,92,2.838571548461914,1.0,1.0,disabled,single,3,row_5,row_6,-0.2539452016353607,-1.1898812055587769,0.6813186851173223,0.26722584416574374,0.7667570103834656,0.9359360039234161,0.12977991426097318,0,62,0,disabled,0,0.0,50.0,alpha
748,1.1179167032241821,-0.5164205431938171,-31.31875228881836,-0.2210564762353897,0.9962014555931091,0.011279523372650146,94,0,61,0.062709279358387,0.49180327868852464,0.3,120,155,wall,both,1,1,1,1,1,1,0.0,3,3,0,alpha,full,huber,1.519964939219932,-6.552425988227522,1.8949493798743635,1.6921700251851266,-6.84512087524955,1.7595044896874665,2.015003193221628,-6.792140134417368,1.7291706635100432,40.573528120201296,0.062709279358387,117,1.8712785243988037,1.0,1.0,disabled,single,3,row_5,row_6,-0.2210564762353897,-0.5399832725524902,0.5540497449613264,0.4027546947596518,0.8291642642700217,0.3189267963171005,0.3694443276815904,0,62,0,disabled,0,0.0,50.0,alpha
752,0.5353219509124756,-0.11841718852519989,-26.626235961914062,-0.13580040633678436,0.7817225456237793,0.0007972121238708496,117,0,48,0.027374906465411186,0.47619047619047616,0.3,120,165,wall,both,1,1,1,1,1,1,0.0,3,3,0,alpha,full,huber,1.710133750683265,-6.3952890476394835,1.7845438255775417,1.5824941936584558,-6.495737744777618,1.753206357496941,1.7732785335036638,-6.484463279928103,1.7435805286428785,79.58634524240932,0.027374906465411186,117,0.8695792555809021,1.0,1.0,disabled,single,3,row_5,row_6,-0.13580040633678436,-0.6712509393692017,0.593464583971218,0.3474174233305586,0.8441548184776977,0.5354505330324173,0.3859773335501665,0,62,0,disabled,0,0.0,50.0,alpha
756,3.3856570720672607,-4.675182819366455,-43.64129638671875,-0.12670710682868958,0.7312901616096497,0.043899357318878174,90,30,74,0.06030065193772316,0.43604651162790703,0.3,120,194,wall,both,1,1,1,1,1,1,0.0,12,12,0,alpha,full,huber,0.699317842961354,-6.4519795690857045,2.0396812076205624,1.25934993379732,-5.86717985867763,1.9469604857463294,1.4441834572147987,-5.762522573174741,1.8720443072450328,49.38815655104723,0.06030065938830376,80,4.319986343383789,0.6944466397664903,1.0,disabled,single,3,row_6,row_5,-0.12670710682868958,-0.71735018491745,0.5987359095009647,0.33168228477873063,0.8586026470793224,0.5906430780887604,0.38622755689777555,1,63,0,disabled,0,0.0,50.0,alpha
760,1.5843656063079834,-1.037278652191162,-28.817062377929688,-0.16561643779277802,0.8598009943962097,0.018098294734954834,122,20,42,0.03993866220116615,0.44910179640718567,0.3,120,184,wall,both,1,1,1,1,1,1,0.0,9,9,0,alpha,full,huber,1.3930611983653651,-5.040973512381689,1.935153304858435,1.2696393634672138,-5.5388507520556995,1.9485960461444827,1.3231733808812103,-5.5421009660438365,1.9119745348824324,59.21235917508587,0.03993866220116615,80,2.080367684364319,1.0,1.0,disabled,single,3,row_5,row_6,-0.16561643779277802,-0.5898536443710327,0.5716329692117602,0.3740015405901448,0.8458328853490217,0.4242372065782547,0.3936417179800704,1,64,0,disabled,0,0.0,50.0,alpha
764,1.080602765083313,-0.4825216233730316,-28.150999069213867,-0.2592732608318329,1.079992413520813,0.004340410232543945,124,25,42,0.0317685604095459,0.4398826979472141,0.3,120,191,wall,both,1,1,1,1,1,1,0.0,9,9,0,alpha,full,huber,1.0894004544884446,-4.588603641687442,1.8415038537153903,0.9514845255332846,-4.7802488946981745,1.9866684070890126,1.007260849992414,-4.79485098739468,1.955651518045638,65.00582248503922,0.0317685604095459,80,1.051245391368866,1.0,1.0,disabled,single,3,row_5,row_6,-0.2592732608318329,-0.43893468379974365,0.5234235384872642,0.43734814062059085,0.8275791726477018,0.17966142296791077,0.38809105679329126,0,64,0,disabled,0,0.0,50.0,alpha
768,1.3222026824951172,-0.722404956817627,-43.69609069824219,-0.09857236593961716,0.3621752858161926,0.13041740655899048,97,51,30,0.025741316378116608,0.4573170731707317,0.3,120,178,wall,both,1,1,1,1,1,1,0.0,9,9,0,alpha,full,huber,-0.2192493138254361,-3.1448299904601904,2.25871777626614,0.34535129741495635,-3.740337270308013,2.0286449685632593,0.47569984039609603,-3.7723354540676457,1.9976693557977852,72.35367323853988,0.025741316378116608,83,2.283468008041382,1.0,1.0,disabled,single,3,row_6,row_5,-0.08366862684488297,-1.0586217641830444,0.6521002917869395,0.24597877076819716,0.8565400414087194,0.9749531373381615,0.34388828028084506,1,65,0,disabled,0,0.0,50.0,alpha
772,1.9390209913253784,-1.5536373853683472,-37.50030517578125,-0.13284409046173096,0.20517660677433014,0.17393916845321655,135,0,13,0.022883180528879166,0.5033557046979865,0.3,120,148,wall,both,1,1,1,1,1,1,0.0,5,5,0,alpha,full,huber,-0.9808559733414031,-2.3213397793846884,2.3999186406260096,-0.2595676923963956,-2.877443632692707,2.065223885883529,-0.09352624696358755,-2.881675350380851,2.0367813736547387,103.80865199268662,0.022883180528879166,133,3.136213779449463,0.9565674443681024,1.0,disabled,single,3,row_6,row_7,-0.13284409046173096,-1.353441596031189,0.67497712015922,0.19915457632849903,0.8475526602922859,1.220597505569458,0.2602323942827756,0,65,0,disabled,0,0.0,50.0,alpha
776,1.2515535354614258,-0.6472670435905457,-29.837371826171875,-0.22034616768360138,0.8699008226394653,0.11307168006896973,109,12,17,0.01799335516989231,0.5208333333333334,0.3,120,138,wall,both,1,1,1,1,1,1,0.0,7,7,0,alpha,full,huber,-1.4592751378671855,-3.2048246877618487,2.22242201889045,-1.0118039788936326,-2.5309466600631723,2.2106377593713313,-0.727430852157017,-2.3588125466292236,2.1354511778494807,143.95792805794102,0.01799335516989231,218,2.489465832710266,1.0,1.0,disabled,single,3,row_6,row_7,-0.200545996427536,-0.6714907288551331,0.5809662056115812,0.36276232103744877,0.845269722659614,0.47094473242759705,0.34251669329528456,0,65,0,disabled,0,0.0,50.0,alpha
780,0.6198156476020813,-0.15874852240085602,-31.715242385864258,-0.14667978882789612,0.811765730381012,0.007722675800323486,96,11,40,0.015987833961844444,0.5050505050505051,0.3,120,147,wall,both,1,1,1,1,1,1,0.0,5,5,0,alpha,full,huber,0.6464821262045377,-0.6005168334674272,1.6239399472991565,-1.158335940965629,-1.6008173084772102,2.1385203847739414,-1.167680939466091,-1.624938533802359,2.151285845938302,176.46492454797928,0.015987833961844444,250,3.2051817178726196,0.9359843728271341,1.0,disabled,single,3,row_5,row_6,-0.14667978882789612,-0.6452426314353943,0.5850401189281681,0.3553551037028354,0.8493757205109004,0.49856284260749817,0.3893950659094517,1,66,0,disabled,0,0.0,50.0,alpha
784,3.7937099933624268,-5.68688440322876,-32.571537017822266,-0.11041609197854996,0.6968820691108704,0.024724304676055908,127,15,15,0.012960197404026985,0.4885993485342019,0.3,120,157,wall,both,1,1,1,1,1,1,0.0,5,5,0,alpha,full,huber,-1.8224392897312829,-0.43824058319616305,1.9727010301813968,-1.777982074044624,-1.1178476256873338,2.129301813313774,-1.6272199254752908,-1.1359976278561077,2.123702714619313,180.92761321323715,0.01296019833534956,250,4.759469747543335,0.6303223172178982,1.0,disabled,single,3,row_6,row_7,-0.11041609197854996,-0.7331458926200867,0.6065095908448364,0.32537902742949143,0.8515886810839443,0.6227298006415367,0.38961864531526946,1,67,0,disabled,0,0.0,50.0,alpha
788,2.595288038253784,-2.7832727432250977,-35.47724151611328,-0.1127127930521965,0.7119735479354858,0.004049897193908691,78,30,52,0.02993718720972538,0.48387096774193555,0.3,120,160,wall,both,1,1,1,1,1,1,0.0,7,7,0,alpha,full,huber,0.5996355761505073,0.22578789498868174,1.658270060971562,-1.2507453327867153,-0.5789052005154905,1.9823056837570867,-1.504495691983003,-0.751290552280891,2.051300938930444,117.20741007265067,0.02993718720972538,250,4.902064800262451,0.6119870140923848,1.0,disabled,single,3,row_5,row_6,-0.1127127930521965,-0.7238665819168091,0.6037556354143784,0.3276728657196515,0.8540073246693642,0.6111537888646126,0.39187294698704533,1,68,0,disabled,0,0.0,50.0,alpha
792,0.8065913915634155,-0.26883870363235474,-30.803081512451172,-0.22848039865493774,0.6082701683044434,0.18929779529571533,109,16,21,0.012751460075378418,0.5067567567567568,0.3,120,146,wall,both,1,1,1,1,1,1,0.0,5,5,0,alpha,full,huber,-2.9191381649020167,-1.206118709778935,2.353841348483865,-1.9327552953295335,-0.5015752370884208,2.0256666615179775,-1.7935530417281844,-0.4826876589657841,2.0378812694315265,175.1020273501214,0.012751460075378418,250,2.262991786003113,1.0,1.0,disabled,single,3,row_7,row_6,-0.21484315395355225,-0.9408299326896667,0.6158815873998201,0.29799238666414274,0.8704699231849415,0.7259867787361145,0.2698574082203277,1,69,0,disabled,0,0.0,50.0,alpha
796,1.9752769470214844,-1.6122806072235107,-31.853424072265625,-0.2949616014957428,1.1520949602127075,0.0004813671112060547,77,29,42,0.02999763935804367,0.5033557046979865,0.3,119,148,wall,both,1,1,1,1,1,1,0.0,8,8,0,alpha,full,huber,0.04369281008908196,0.832260703549965,1.7793279253021579,-1.3210418880798769,0.0831395143419113,1.9598277276035905,-1.6304815334191431,-0.05465514261839374,1.9998920682402623,111.40570593605958,0.02999763935804367,250,4.471288204193115,0.6709475799807848,1.0,disabled,single,3,row_5,row_6,-0.2949616014957428,-0.41422396898269653,0.5109518830198558,0.45350806617703515,0.820302399849225,0.11926236748695374,0.3765182541040034,1,70,0,disabled,0,0.0,50.0,alpha
800,1.4950236082077026,-0.9235932230949402,-26.9584903717041,-0.27917805314064026,1.1208481788635254,0.0001786351203918457,115,10,27,0.029382655397057533,0.49668874172185423,0.3,120,152,wall,both,1,1,1,1,1,1,0.0,5,5,0,alpha,full,huber,-2.2791608462292454,-0.29534680907270805,1.7687724937460878,-1.8019172796556528,0.23815174302362502,1.9130404190703982,-1.7970072557140198,0.2683670465684548,1.9565215996013077,127.83152114504644,0.029382655397057533,250,2.1093515157699585,1.0,1.0,disabled,single,3,row_6,row_7,-0.27917805314064026,-0.42520448565483093,0.5170637490084107,0.4468128112010857,0.8209681600117534,0.14602643251419067,0.3804110533090288,1,71,0,disabled,0,0.0,50.0,alpha
804,1.9893659353256226,-1.6353622674942017,-31.287254333496094,-0.1429445594549179,0.7747676968574524,0.04837691783905029,100,6,29,0.04675406590104103,0.5263157894736842,0.3,120,135,wall,both,1,1,1,1,1,1,0.0,6,6,0,alpha,full,huber,0.24617922308648862,1.8404729464415759,2.0606198101600626,-0.9475972068690898,1.013534295140825,1.83038086807977,-1.4698611830202057,0.8812042215479681,1.9006114379117731,67.54891106176724,0.04675406962633133,250,4.780821323394775,0.627507241343576,1.0,disabled,single,3,row_5,row_6,-0.1429445594549179,-0.6797528862953186,0.591686957066907,0.3459068016729329,0.8508343574251319,0.5368083268404007,0.38183301323961705,1,72,0,disabled,0,0.0,50.0,alpha
808,0.5944828391075134,-0.14603713154792786,-24.79266929626465,-0.23805327713489532,1.0349019765853882,0.0034421682357788086,114,15,31,0.03209870308637619,0.48387096774193555,0.3,113,160,wall,both,1,1,1,1,1,1,0.0,6,6,0,alpha,full,huber,-2.4546700460455693,1.1997486020643362,1.8237800078104192,-1.8609171877526185,1.2969959173854275,1.8295627406036001,-1.7379921178650273,1.3011919514610892,1.8531993732199599,101.45535416076076,0.03209870308637619,250,1.538002848625183,1.0,1.0,disabled,single,3,row_6,row_7,-0.23805327713489532,-0.48786717653274536,0.5386467848454625,0.4195766140318213,0.830322532279289,0.24981389939785004,0.380641961437019,1,73,0,disabled,0,0.0,50.0,alpha
812,2.6028215885162354,-2.799454689025879,-25.03180694580078,-0.2541334629058838,1.0674277544021606,0.01511913537979126,110,0,32,0.039129868149757385,0.5136986301369862,0.3,120,142,wall,both,1,1,1,1,1,1,0.0,4,4,0,alpha,full,huber,-0.1450267154813345,2.3637671788282444,1.9224104953497498,-0.6527570388048407,2.248003648832138,1.759307074958264,-1.2942892108275705,2.115497151668215,1.8207205247281006,60.03818526304316,0.039129868149757385,250,5.0106706619262695,0.5987222474619195,1.0,disabled,single,3,row_5,row_6,-0.2541334629058838,-0.46046319603919983,0.5291974288264499,0.4305363859439193,0.8289457973934226,0.20632973313331604,0.38226024245184764,1,74,0,disabled,0,0.0,50.0,alpha
816,1.3794046640396118,-0.7862632870674133,-26.135597229003906,-0.28604382276535034,1.1345469951629639,0.00012362003326416016,101,6,29,0.018372667953372,0.5244755244755245,0.3,120,136,wall,both,1,1,1,1,1,1,0.0,4,4,0,alpha,full,huber,-3.0277361113697525,3.8306657326682103,1.7870465046372024,-1.446200240462282,3.5171375265161426,1.7723407073063315,-1.5487623548111185,3.5156701754419593,1.7679465599771174,167.849403526495,0.018372667953372,250,3.415400505065918,0.878374291843732,1.0,disabled,single,3,row_6,row_7,-0.28604382276535034,-0.40824824571609497,0.5114505682977195,0.45261710131726485,0.8212385316208214,0.12220442295074463,0.3844605161642859,1,75,0,disabled,0,0.0,50.0,alpha
820,2.59631609916687,-2.785478115081787,-29.293434143066406,-0.31402790546417236,1.1887423992156982,0.0009631514549255371,101,0,52,0.011554471217095852,0.49504950495049505,0.3,120,153,wall,both,1,1,1,1,1,1,0.0,4,4,0,alpha,full,huber,-0.6738308898159155,4.573281379816917,1.709397270487611,-1.6268913446287776,4.790375729925347,1.7515448141143857,-1.7308751635104764,4.869178074969149,1.7451330447763436,197.85758564556772,0.011554472148418427,250,3.3693087100982666,0.8903903613843993,1.0,disabled,single,3,row_5,row_6,-0.31402790546417236,-0.38727882504463196,0.5002514466232597,0.4649174884644573,0.8195109448765993,0.0732509195804596,0.3786165082576841,1,76,0,disabled,0,0.0,50.0,alpha
824,0.991481602191925,-0.4062131345272064,-28.75348472595215,-0.1998344361782074,0.9453547596931458,0.017397522926330566,93,0,33,0.013032949529588223,0.5434782608695653,0.3,120,126,wall,both,1,1,1,1,1,1,0.0,2,2,0,alpha,full,huber,-3.229433624424478,5.9672025377433915,1.933397383326489,-3.029015383514488,6.354183686938752,1.9543086449082887,-2.5588960747932474,6.627727020029596,1.8561786063203147,171.98591423720217,0.013032949529588223,250,2.6539511680603027,1.0,1.0,disabled,single,3,row_6,row_7,-0.1998344361782074,-0.5288963913917542,0.5653885657831708,0.4068527256861436,0.7877855479272059,0.32906195521354675,0.370407620983508,1,77,0,disabled,0,0.0,50.0,alpha
828,1.6323745250701904,-1.1010936498641968,0.0,-0.05351591110229492,0.4697696268558502,0.0331120491027832,0,0,0,0.010938172228634357,0.5,0.3,0,0,wall,both,1,1,1,1,1,1,0.0,0,0,0,alpha,full,huber,-5.355369707816173,8.056030652979745,1.9797377932844693,-4.092901749107675,7.581810028748278,2.0742670216752765,-3.537725288734279,7.8267625977876065,2.0004003675588624,193.59638418140977,0.010938172228634357,250,3.1752023696899414,0.9448216682620296,1.0,disabled,single,3,row_7,row_8,-0.05351591110229492,-1.2253437042236328,0.659945631677729,0.20445127075260097,0.8697612687737182,1.171827793121338,0.36208191249834515,1,78,0,disabled,0,0.0,50.0,alpha
832,0.7353177666664124,-0.22342653572559357,0.0,-0.1256960928440094,0.7267366647720337,0.04517650604248047,0,0,0,0.00851181149482727,0.5,0.3,0,0,wall,both,1,1,1,1,1,1,0.0,0,0,0,alpha,full,huber,-2.3616732101876305,8.750113859898917,1.4448607478749267,-3.9169249905505046,8.296276778304726,2.004276324621722,-3.8473111833467515,8.323416825429256,2.0069636808628077,205.06178597315227,0.008511812426149845,250,2.7084985971450806,1.0,1.0,disabled,single,3,row_6,row_7,-0.1256960928440094,-1.9357248544692993,0.8523831643585478,0.13949201891338,0.4500093862291401,1.81002876162529,0.034023036978557075,1,79,0,disabled,0,0.0,50.0,alpha
836,1.1798230409622192,-0.5751993656158447,0.0,-0.6188535690307617,1.664722204208374,0.027151942253112793,0,0,0,0.0073899878188967705,0.5,0.3,0,0,wall,both,1,1,1,1,1,1,0.0,0,0,0,alpha,full,huber,-2.2940562441616272,9.708130844045126,1.5130293490710756,-3.8918614678970647,9.3506711510469,1.9254080431076752,-4.088906689961389,9.307580661195592,1.9657031460360885,216.57336327982557,0.0073899878188967705,250,3.2374380826950073,0.9266586490212187,1.0,disabled,single,3,row_6,row_7,-0.6188535690307617,-2.6824588775634766,0.8744629852131068,0.11105267721338494,0.4227078419951873,2.063605308532715,-0.48470825681114216,0,79,0,disabled,0,0.0,50.0,alpha
840,4.790297031402588,-8.157761573791504,0.0,-1.0208839178085327,2.143326759338379,0.0026392340660095215,0,0,0,0.009485585615038872,0.5,0.3,0,0,wall,both,1,1,1,1,1,1,0.0,0,0,0,alpha,full,huber,-1.7970325234482378,10.04933488938007,1.8192604387661202,-3.5903780441351576,9.811897397407625,1.9837962740732267,-3.9269989340574103,9.769326484994457,2.0477027427335868,205.28575395489003,0.009485585615038872,250,6.366525173187256,0.47121466080658225,1.0,disabled,single,3,row_6,row_7,-1.0208839178085327,-3.691610097885132,0.8882590144303065,0.061469259437411626,0.4270308331983146,2.670726180076599,-0.9023920222043859,0,79,0,disabled,0,0.0,50.0,alpha
844,2.27367901802063,-2.1362051963806152,0.0,-0.6918478012084961,1.6472095251083374,0.14757585525512695,0,0,0,0.018256567418575287,0.5,0.3,0,0,wall,both,1,1,1,1,1,1,0.0,0,0,0,alpha,full,huber,-3.9403645363489495,9.097899023488145,2.296783696401919,-3.8502212938445948,10.038590832910899,2.26211190209313,-4.030055198657759,10.177713572871898,2.3295495006452267,156.282280715822,0.018256567418575287,250,3.679599165916443,0.8153061963347897,1.0,disabled,single,3,row_6,row_7,-0.6918478012084961,-0.8629568815231323,0.5292052610984246,0.44597696088789124,0.7886274500796515,0.17110908031463623,-0.055468896024742476,0,79,0,disabled,0,0.0,50.0,alpha
848,2.4724831581115723,-2.526104688644409,-46.747398376464844,-3.0126800537109375,3.570831775665283,0.20950955152511597,16,0,69,0.019875355064868927,0.6382978723404256,0.3,85,85,wall,both,1,1,1,1,1,1,0.0,3,3,0,alpha,full,huber,-4.54661446827013,11.189291972777731,2.380868909858222,-4.410080326577027,10.934406258771759,2.9417435354665247,-4.59319856892988,10.949624139015572,3.044011135142581,139.33435507063427,0.019875356927514076,250,3.06335186958313,0.9793194277770804,1.0,disabled,single,3,row_7,row_6,-3.0126800537109375,-3.1055705547332764,0.5037343048068935,0.45904968713576494,0.8253069149299979,0.09289050102233887,-2.3269737307934317,1,80,1,disabled,0,0.0,50.0,alpha
852,1.2998329401016235,-0.698167622089386,-49.83604049682617,-2.3312509059906006,2.6953091621398926,0.41908758878707886,7,0,107,0.015741104260087013,0.5681818181818182,0.3,114,114,wall,both,1,1,1,1,1,1,0.0,1,1,0,alpha,full,huber,-4.807499636955209,10.340999304179856,-2.3708576618393886,-4.886564664024784,10.783573332018584,-2.7895099755891755,-5.0277045574425205,10.894774423030398,-2.7405756567541357,124.53148315616683,0.015741104260087013,250,1.9954776763916016,1.0,1.0,disabled,single,3,row_7,row_6,-2.3312509059906006,-2.96330189704895,0.6129110126790359,0.3257625583660908,0.8366080516157705,0.6320509910583496,-1.8417153854885626,0,80,1,disabled,0,0.0,50.0,alpha
856,2.3029375076293945,-2.191537618637085,-49.88066101074219,-1.0715993642807007,2.1942663192749023,0.02006220817565918,17,2,110,0.02900419384241104,0.5376344086021506,0.3,119,129,wall,both,1,1,1,1,1,1,0.0,5,5,0,alpha,full,huber,-6.486268507529016,9.362662699686092,-1.62055799724103,-5.650248289008118,10.179726915064226,-2.07720796160826,-5.580699659984906,10.434761823778416,-2.1686099609978218,88.15930964691277,0.02900419384241104,229,4.008142948150635,0.748476299076161,1.0,disabled,single,3,row_7,row_8,-1.0715993642807007,-1.2561874389648438,0.524232453722122,0.4358713474904694,0.8290355418337482,0.18458807468414307,-0.42577928522553266,0,80,0,disabled,0,0.0,50.0,alpha
860,3.4105846881866455,-4.736987113952637,-48.4130744934082,-1.4677999019622803,2.5693674087524414,0.01370704174041748,14,0,107,0.03187815472483635,0.5535055350553506,0.3,112,121,wall,both,1,1,1,1,1,1,0.0,9,9,0,alpha,full,huber,-4.155463737533981,10.159043225706714,-1.2292392389040405,-5.6974313492518585,9.780466424231175,-1.6635056882645287,-5.768124092911638,9.9180818301746,-1.7276266369911142,106.70897104570918,0.03187815472483635,240,5.137924909591675,0.5838933135047352,1.0,disabled,single,3,row_6,row_7,-1.4677999019622803,-1.585684895515442,0.5157361801471115,0.4583854217346181,0.7936296863756953,0.11788499355316162,-0.8056399789294729,1,81,1,disabled,0,0.0,50.0,alpha
864,3.323399782180786,-4.52082633972168,-48.1451301574707,-1.4355226755142212,2.4931695461273193,0.11524814367294312,8,0,101,0.03665485978126526,0.5791505791505792,0.3,96,109,wall,both,1,1,1,1,1,1,0.0,8,8,0,alpha,full,huber,-4.131342928900943,10.082211338544816,-0.9101659051179851,-5.43987613038404,9.833604819586666,-1.5310713938193605,-5.62242946576254,9.759296904831585,-1.5298784870555788,96.04784092495882,0.03665485978126526,250,4.807932615280151,0.6239688115564811,1.0,disabled,single,3,row_6,row_7,-1.4355226755142212,-1.5766011476516724,0.5214779550568186,0.45286249177073096,0.7922576123980584,0.14107847213745117,-0.7844343978969027,0,81,0,disabled,0,0.0,50.0,alpha
868,1.5730574131011963,-1.0225247144699097,-39.26582336425781,-0.16486629843711853,0.8051639199256897,0.07138985395431519,32,0,90,0.03371339663863182,0.551470588235294,0.3,120,122,wall,both,1,1,1,1,1,1,0.0,5,5,0,alpha,full,huber,-4.806411882806289,8.411291832791253,-1.0397637633275885,-5.252642603621807,9.203438427596328,-1.166228194184088,-5.427962115955416,9.247519176308924,-1.2320639275772884,126.16734801397865,0.03371339663863182,250,2.8781481981277466,1.0,1.0,disabled,single,3,row_7,row_6,-0.16486629843711853,-1.0786244869232178,0.640594269368986,0.25688746327987755,0.8679419002291074,0.9137581884860992,0.28049268913431685,1,82,0,disabled,0,0.0,50.0,alpha
872,0.8528907895088196,-0.30058789253234863,-47.76580810546875,-0.9983097910881042,2.1091012954711914,0.04899197816848755,9,5,113,0.014190499670803547,0.5415162454873647,0.3,78,127,wall,both,1,1,1,1,1,1,0.0,8,8,0,alpha,full,huber,-5.82618242228792,9.64183005995967,-1.7342269121604803,-5.6676480259980835,8.886555193116397,-1.2504624178625052,-5.488623701772038,8.899056853063106,-1.1412606623934458,124.69751155079277,0.014190499670803547,250,2.110910415649414,1.0,1.0,disabled,single,3,row_7,row_8,-0.9983097910881042,-1.958975911140442,0.6464184669453035,0.2473442165263665,0.8657637463155522,0.9606661200523376,-0.5620015878176768,0,82,0,disabled,0,0.0,50.0,alpha
876,2.2119410037994385,-2.0217697620391846,-46.50046920776367,-0.5533736944198608,1.5756641626358032,0.02015864849090576,20,19,101,0.008755340240895748,0.5172413793103449,0.3,107,140,wall,both,1,1,1,1,1,1,0.0,11,11,0,alpha,full,huber,-4.848752150568404,9.217104269812097,-1.2187800854390272,-5.503141672897412,8.613385982068088,-1.2381168467030186,-5.416029746898442,8.581892530607423,-1.149757013188286,215.01446745620956,0.008755340240895748,250,3.272284507751465,0.916790698636848,1.0,disabled,single,3,row_7,row_6,-0.5533736944198608,-1.3674426078796387,0.6303364447784205,0.27927160494468795,0.8643979657036523,0.8140689134597778,-0.09187213160587354,0,82,0,disabled,0,0.0,50.0,alpha
880,2.2049901485443115,-2.0090832710266113,-33.91737747192383,-0.2925451695919037,1.13997483253479,0.030342817306518555,76,0,55,0.018016720190644264,0.5338078291814947,0.3,94,131,wall,both,1,1,1,1,1,1,0.0,11,11,0,alpha,full,huber,-6.393899092525391,7.234134804737442,-1.1370948677594876,-5.475203695042476,7.739425751609147,-1.2027428116448076,-5.317018241685201,7.873493396854394,-1.1357525939834945,149.0594541857682,0.018016722053289413,250,3.1094765663146973,0.9647926060930418,1.0,disabled,single,3,row_8,row_7,-0.2925451695919037,-0.40742748975753784,0.5098984646786971,0.4545597176095701,0.8204302270822826,0.11488232016563416,0.38099849235798056,1,83,0,disabled,0,0.0,50.0,alpha
884,3.984457015991211,-6.159811019897461,-31.91300392150879,-0.2783562242984772,1.119030237197876,0.004514932632446289,89,12,52,0.01374056562781334,0.49504950495049505,0.3,120,153,wall,both,1,1,1,1,1,1,0.0,11,11,0,alpha,full,huber,-6.016061850931942,6.339587105371939,-1.279597401236394,-5.635434650248289,6.710258016747112,-1.270905675168058,-5.271260786603815,6.850842578991436,-1.193221186694089,175.30624276929606,0.01374056562781334,250,4.695009469985962,0.6389763469441884,1.0,disabled,single,3,row_7,row_8,-0.2783562242984772,-0.4130479395389557,0.5140510630565582,0.44927307590768084,0.8227777830091039,0.13469171524047852,0.38707644969481747,1,84,0,disabled,0,0.0,50.0,alpha
888,0.8056372404098511,-0.2682030498981476,-37.7682991027832,-0.1618211269378662,0.4364842176437378,0.17109501361846924,69,12,64,0.008810512721538544,0.5084745762711864,0.3,120,145,wall,both,1,1,1,1,1,1,0.0,12,12,0,alpha,full,huber,-5.2440779839896745,5.95660848235226,-0.7810096534033422,-5.287705865100093,5.744158079832035,-1.2362454898244473,-5.0950680197684,5.832514025263306,-1.2274372601936783,201.34374146986744,0.008810512721538544,250,1.4512242674827576,1.0,1.0,disabled,single,3,row_7,row_8,-0.1618211269378662,-1.120246171951294,0.6512077362902168,0.24973582262643562,0.8548166883588104,0.9584250450134277,0.2671054573739633,0,84,0,disabled,0,0.0,50.0,alpha
892,2.562497138977051,-2.7133848667144775,-36.29011535644531,-0.2794860601425171,1.1213544607162476,0.0037003755569458008,78,7,63,0.014338696375489235,0.5033557046979865,0.3,116,148,wall,both,1,1,1,1,1,1,0.0,11,11,0,alpha,full,huber,-5.758311992907,5.005109156087494,-1.3051967125370392,-5.250779237797827,4.373265208729925,-1.4122243652819637,-4.915245625095508,4.382153866119236,-1.3883274310063438,171.65893470694144,0.014338696375489235,250,3.6056071519851685,0.832037399955862,1.0,disabled,single,3,row_7,row_8,-0.2794860601425171,-0.4436362087726593,0.5201755131505329,0.44142853189842074,0.826117639882254,0.1641501486301422,0.374102938923507,0,84,0,disabled,0,0.0,50.0,alpha
896,2.2488152980804443,-2.0897397994995117,-35.52121353149414,-0.2772979140281677,1.0183122158050537,0.10715079307556152,116,5,21,0.02438795380294323,0.5136986301369862,0.3,120,142,wall,both,1,1,1,1,1,1,0.0,10,10,0,alpha,full,huber,-2.744243197624976,3.0097532737556554,-0.9368722812899417,-4.839057265447163,3.47460337462204,-1.364700100001444,-4.8005688049154145,3.513344538037666,-1.3752703293261803,179.2504257828478,0.02438795380294323,250,3.9285950660705566,0.7636317690030212,1.0,disabled,single,3,row_6,row_7,-0.2665611803531647,-0.5274416208267212,0.5400590837305694,0.4160469470649604,0.8347847860053854,0.2608804404735565,0.34951555074009266,1,85,0,disabled,0,0.0,50.0,alpha
900,3.606292963027954,-5.222214221954346,-31.31102180480957,-0.29334110021591187,0.603968620300293,0.22805356979370117,136,0,16,0.04077795892953873,0.49668874172185423,0.3,120,152,wall,both,1,1,1,1,1,1,0.0,10,10,0,alpha,full,huber,-2.5822370169108892,4.302617138304012,-0.6813694478828389,-4.104188318788653,3.5966911517704645,-1.173767977855093,-4.433251452975641,3.45844378394864,-1.2745804691327596,95.27380037951417,0.04077795520424843,250,5.52631950378418,0.5428567779958673,1.0,disabled,single,3,row_6,row_7,-0.29334110021591187,-1.021620750427246,0.6228225326939114,0.3006605744286234,0.8528954392952834,0.7282796502113342,0.1801525597981793,0,85,0,disabled,0,0.0,50.0,alpha
904,1.8200304508209229,-1.3688061237335205,-29.372461318969727,-0.15175777673721313,0.8184694647789001,0.026622235774993896,120,0,38,0.011725346557796001,0.48701298701298706,0.3,120,158,wall,both,1,1,1,1,1,1,0.0,12,12,0,alpha,full,huber,-2.5102727580466366,2.8237051855615984,-1.6352985444315455,-3.666055707369803,2.984254972044212,-1.1593934754928834,-3.9407033857457963,2.8643636692471017,-1.2170208290392246,213.60465366518068,0.011725346557796001,250,3.8146294355392456,0.7864459839926529,1.0,disabled,single,3,row_6,row_7,-0.15175777673721313,-0.6314095258712769,0.5813035249603322,0.35982625483156044,0.8498826680683259,0.4796517491340637,0.3907244636297491,0,85,0,disabled,0,0.0,50.0,alpha
908,2.927258014678955,-3.5408425331115723,-27.44186019897461,-0.11229395121335983,0.7062267065048218,0.01890808343887329,120,6,21,0.0082704434171319,0.5050505050505051,0.3,120,147,wall,both,1,1,1,1,1,1,0.0,13,13,0,alpha,full,huber,-3.532671468099464,2.9789139335603356,-1.1961487053915798,-3.414622172759257,3.046042136389515,-1.1444615935712497,-3.6776627792525267,2.9552029028183084,-1.180741211305237,219.47466287131132,0.0082704434171319,250,3.1736037731170654,0.9452975905222868,1.0,disabled,single,3,row_7,row_6,-0.11203201115131378,-0.7201508283615112,0.6045379809021053,0.32909474273467093,0.8500420811324391,0.6081188172101974,0.39125876947327953,1,86,0,disabled,0,0.0,50.0,alpha
912,0.2566501498222351,-0.027218719944357872,-31.50291633605957,-0.22635000944137573,1.0086818933486938,0.007864058017730713,116,10,21,0.010173158720135689,0.5050505050505051,0.3,120,147,wall,both,1,1,1,1,1,1,0.0,9,9,0,alpha,full,huber,-2.6515122999193323,2.5168648901396886,-1.5295297241398507,-2.947519974757352,2.664911144527872,-1.1046247907471132,-3.220017201087428,2.5848811055390217,-1.1450168973214063,180.3283860090602,0.010173158720135689,250,1.2692176699638367,1.0,1.0,disabled,single,3,row_6,row_7,-0.22635000944137573,-0.4883440136909485,0.5402366248451643,0.41572053077800564,0.8350728829702639,0.26199400424957275,0.3893980318037521,1,87,0,disabled,0,0.0,50.0,alpha
916,0.32408836483955383,-0.04340218007564545,-26.170940399169922,-0.18994979560375214,0.9193953275680542,0.022726118564605713,104,3,30,0.012247920036315918,0.5226480836236934,0.3,120,137,wall,both,1,1,1,1,1,1,0.0,5,5,0,alpha,full,huber,-4.744053765794597,0.4115915325471359,-1.5820368386512533,-3.310321989156284,2.009335713458442,-1.2163388402109856,-3.16493780278605,2.0761011211543003,-1.185532211655995,186.2578443823257,0.012247920036315918,250,2.36672306060791,1.0,1.0,disabled,single,3,row_7,row_8,-0.18994979560375214,-0.5419607758522034,0.5579025463950156,0.39235746267352334,0.8419253276501583,0.35201098024845123,0.3936211842874251,1,88,0,disabled,0,0.0,50.0,alpha
920,0.7103180885314941,-0.2084924727678299,-30.189355850219727,-0.2272099107503891,1.0072404146194458,0.020753920078277588,100,11,30,0.01781534217298031,0.5154639175257733,0.3,120,141,wall,both,1,1,1,1,1,1,0.0,9,9,0,alpha,full,huber,-4.67290763611227,-0.46367645309062216,-1.617286009975325,-3.74150208918514,1.0587873647284993,-1.2799924039489432,-3.309924330782817,1.214089923000992,-1.1904379343927063,164.71304876031823,0.017815344035625458,250,2.9063409566879272,1.0,1.0,disabled,single,3,row_7,row_8,-0.2272099107503891,-0.46883517503738403,0.53566829399198,0.42068732034578615,0.8353245475106679,0.24162526428699493,0.3970302532230019,0,88,0,disabled,0,0.0,50.0,alpha
924,1.7076551914215088,-1.2049943208694458,-31.8303279876709,-0.11366891115903854,0.7095274925231934,0.020975172519683838,114,10,29,0.013543916866183281,0.49504950495049505,0.3,120,153,wall,both,1,1,1,1,1,1,0.0,7,7,0,alpha,full,huber,-3.1500466258885975,0.7471514287323651,-1.1632583168906716,-3.0099732819161287,0.5704664211682645,-1.1557658036253746,-3.0201482957543737,0.542626849633705,-1.1578906591834417,177.04984549291123,0.013543916866183281,250,2.187527298927307,1.0,1.0,disabled,single,3,row_7,row_6,-0.11366891115903854,-0.720678985118866,0.6016158595170646,0.32786733514930494,0.8583265961679264,0.6070100739598274,0.3944672333057825,0,88,0,disabled,0,0.0,50.0,alpha
928,1.0289876461029053,-0.4375271201133728,-33.28123474121094,-0.5215592980384827,0.71662437915802,0.3159462809562683,134,14,19,0.015185232274234295,0.47318611987381703,0.3,120,167,wall,both,1,1,1,1,1,1,0.0,7,7,0,alpha,full,huber,-4.3961057996561905,-0.3538024402687764,-0.5957064797138898,-2.836261889300834,-0.2593153685007199,-1.196867972677842,-2.726756164874635,-0.31817868105667446,-1.1716050738516215,195.2367018625366,0.015185232274234295,250,2.057165026664734,1.0,1.0,disabled,single,3,row_7,row_8,-0.47342342138290405,-0.9856711626052856,0.5844706135677503,0.35018401106840535,0.859602757624268,0.5122477412223816,0.063625354139622,0,88,0,disabled,0,0.0,50.0,alpha
932,3.1164944171905518,-4.007837772369385,-23.8212947845459,-0.30467236042022705,1.1709076166152954,0.00022602081298828125,110,11,28,0.013289513066411018,0.5016722408026756,0.3,120,149,wall,both,1,1,1,1,1,1,0.0,5,5,0,alpha,full,huber,-2.3420368534528535,-1.2439967601162576,-1.3755485024027367,-2.184409229539143,-0.9275688141921036,-1.1533527949898723,-2.304868080031661,-0.9801526562900058,-1.1616183043811346,166.1415506095342,0.013289513066411018,250,3.32095205783844,0.9033554076515807,1.0,disabled,single,3,row_7,row_6,-0.30467236042022705,-0.406015008687973,0.5051956245813535,0.4565065651429454,0.8278643652683816,0.10134264826774597,0.3781371888884122,0,88,0,disabled,0,0.0,50.0,alpha
936,0.6016331911087036,-0.1495712846517563,-33.913063049316406,-0.3153855502605438,1.181834101676941,0.03500235080718994,98,0,31,0.01448326837271452,0.5376344086021506,0.3,120,129,wall,both,1,1,1,1,1,1,0.0,3,3,0,alpha,full,huber,-4.409395137823855,-3.056781897930758,-1.108985750595211,-2.607003534748113,-1.5405055909700511,-1.2887715571527105,-2.3697985325583373,-1.4589603252348693,-1.2068347595157416,170.0513324911425,0.01448326837271452,250,3.236084818840027,0.9270461585352848,1.0,disabled,single,3,row_7,row_8,-0.3153855502605438,-0.3519890606403351,0.49307791036241455,0.4753558513860312,0.811250078378797,0.03660351037979126,0.3917025339753504,0,88,0,disabled,0,0.0,50.0,alpha
940,1.6298109292984009,-1.0976378917694092,-24.709299087524414,-0.33383190631866455,1.2256604433059692,1.4901161193847656e-06,116,22,19,0.019744504243135452,0.4885993485342019,0.3,120,157,wall,both,1,1,1,1,1,1,0.0,5,5,0,alpha,full,huber,-2.1710995960451958,-1.4807715235879895,-1.3934444614648798,-1.8988463813402001,-2.3616040698105256,-1.2128654604261826,-1.9389370667736223,-2.423195657157579,-1.1949756289675508,171.45894086686087,0.0197445061057806,250,2.751813530921936,1.0,1.0,disabled,single,3,row_6,row_7,-0.33383190631866455,-0.3745601773262024,0.4942052829009164,0.4744815395776077,0.810519408607685,0.04072827100753784,0.3709723893625443,1,89,0,disabled,0,0.0,50.0,alpha
944,1.480439305305481,-0.9056613445281982,-23.957426071166992,-0.29932183027267456,1.1605091094970703,0.0030136704444885254,125,9,23,0.01985667645931244,0.4885993485342019,0.3,120,157,wall,both,1,1,1,1,1,1,0.0,4,4,0,alpha,full,huber,-1.9822581619299775,-2.1582458831497418,-1.4693786450747668,-1.8616252250993193,-3.0775717512853507,-1.2594203133158721,-1.7589311549135769,-3.108617459275867,-1.2270055583575346,159.07839629542593,0.01985667645931244,250,2.506725549697876,1.0,1.0,disabled,single,3,row_6,row_7,-0.29932183027267456,-0.415286123752594,0.5108132775909595,0.4548828094183181,0.8171474358561545,0.11596429347991943,0.3724293311712904,0,89,0,disabled,0,0.0,50.0,alpha
948,1.7305792570114136,-1.2375638484954834,-24.661800384521484,-0.3585815131664276,1.2702817916870117,0.00022679567337036133,109,16,27,0.015832897275686264,0.49668874172185423,0.3,120,152,wall,both,1,1,1,1,1,1,0.0,2,2,0,alpha,full,huber,-1.9403932925823577,-2.8946314467663177,-1.3190901223289286,-1.8781241091269252,-3.6926288385114745,-1.266139176709178,-1.6871332783082758,-3.7676385566890556,-1.2370970523422065,173.1983528260802,0.015832897275686264,250,2.5617945194244385,1.0,1.0,disabled,single,3,row_6,row_7,-0.3585815131664276,-0.3591819703578949,0.4836212296658066,0.48333092298759633,0.8154222768106998,0.0006004571914672852,0.36787174881238094,0,89,0,disabled,0,0.0,50.0,alpha
952,4.785823822021484,-8.1466703414917,-29.453739166259766,-0.16494303941726685,0.8569336533546448,0.020750045776367188,118,12,38,0.010091920383274555,0.4716981132075471,0.3,120,168,wall,both,1,1,1,1,1,1,0.0,2,2,0,alpha,full,huber,-2.0916421116111836,-4.3125236316413345,-1.1985181575008395,-1.8543463372306979,-4.366792693024682,-1.3074959401837634,-1.6909472392183842,-4.2973886541123445,-1.2708979025758995,190.00949377468672,0.010091920383274555,250,5.054203271865845,0.5935653630512766,1.0,disabled,single,3,row_7,row_6,-0.16494303941726685,-0.6303518414497375,0.5776070515085495,0.36266697675197523,0.8531756914417868,0.4654088020324707,0.3839184437703492,1,90,0,disabled,0,0.0,50.0,alpha
956,1.5690078735351562,-1.017266869544983,-30.950815200805664,-0.2559950351715088,1.0730308294296265,0.005631089210510254,89,0,70,0.008791211061179638,0.4854368932038835,0.3,120,159,wall,both,1,1,1,1,1,1,0.0,2,2,0,alpha,full,huber,-1.302404523976739,-5.301020820813234,-1.2931415142183598,-1.508421212339413,-4.662815551633521,-1.228577053595141,-1.5517055856214006,-4.635259825335887,-1.2480975906514846,197.56219905880204,0.008791211061179638,250,1.9011659622192383,1.0,1.0,disabled,single,3,row_6,row_7,-0.2559950351715088,-0.4767352044582367,0.5321304087710909,0.4267286876172949,0.8303788656495519,0.2207401692867279,0.37487165523928645,1,91,0,disabled,0,0.0,50.0,alpha
960,0.15747399628162384,-0.010247132740914822,-26.599029541015625,-0.3380564749240875,1.2333877086639404,0.0006928443908691406,104,11,55,0.02622600831091404,0.46875,0.3,120,170,wall,both,1,1,1,1,1,1,0.0,3,3,0,alpha,full,huber,-1.7190918289846921,-4.25779930441626,-1.3653609139428804,-1.52151265395316,-4.800083427973195,-1.2731368146551632,-1.4927806986609828,-4.848742495583989,-1.2675778253592553,148.657341151186,0.02622600831091404,250,0.8596027195453644,1.0,1.0,disabled,single,3,row_7,row_6,-0.3380564749240875,-0.3787928819656372,0.4929299118666611,0.47325321820843863,0.8172760824407369,0.04073640704154968,0.36933180672105304,1,92,0,disabled,0,0.0,50.0,alpha
964,1.376166582107544,-0.7825762629508972,-37.16611099243164,-0.10584738850593567,0.6460659503936768,0.05663418769836426,132,0,41,0.010069269686937332,0.46439628482972134,0.3,120,173,wall,both,1,1,1,1,1,1,0.0,2,2,0,alpha,full,huber,-0.8167837397408497,-5.60301669437429,-1.0611523858118117,-1.3347071893871298,-5.230255162055363,-1.1619432905745843,-1.3541560283794873,-5.22995694038273,-1.186827386111667,196.50972291533762,0.010069269686937332,235,2.1489241123199463,1.0,1.0,disabled,single,3,row_6,row_7,-0.10584738850593567,-0.7928997278213501,0.6146743497933694,0.3092160661418753,0.8580969974574393,0.6870523393154144,0.3808152754420592,1,93,0,disabled,0,0.0,50.0,alpha
968,0.5702698230743408,-0.13438333570957184,-28.91483497619629,-0.30797475576400757,1.177236795425415,2.0384788513183594e-05,102,11,54,0.022551996633410454,0.47318611987381703,0.3,120,167,wall,both,1,1,1,1,1,1,0.0,3,3,0,alpha,full,huber,-1.6890201424588998,-4.77028184331885,-1.408971329513862,-1.3175574453783656,-5.3444827506641275,-1.2425117276868138,-1.2729056602620146,-5.44303079540218,-1.2439378931960479,145.08853902957267,0.022551996633410454,224,1.4987409710884094,1.0,1.0,disabled,single,3,row_7,row_6,-0.30797475576400757,-0.4130856692790985,0.5067126434529493,0.456155222220207,0.824801503009042,0.10511091351509094,0.3718364585057369,1,94,0,disabled,0,0.0,50.0,alpha
972,4.1353960037231445,-6.5340399742126465,-37.6725959777832,-0.0825190618634224,0.5980750918388367,0.027253031730651855,87,1,72,0.011576397344470024,0.48387096774193555,0.3,120,160,wall,both,1,1,1,1,1,1,0.0,2,2,0,alpha,full,huber,-0.6622519976593672,-6.214086314401292,-1.1653156970526373,-1.0916843874653788,-5.730163785567571,-1.1945558366183147,-1.1206029991232478,-5.768569742396959,-1.2249709165757507,171.7482324023172,0.011576397344470024,213,4.861060619354248,0.6171492673955844,1.0,disabled,single,3,row_6,row_7,-0.0825190618634224,-0.8084815740585327,0.6195274878716003,0.2997637183852436,0.8609087918626216,0.7259625121951103,0.39627914597399644,1,95,0,disabled,0,0.0,50.0,alpha
976,4.0067877769470215,-6.215176105499268,-34.87787628173828,-0.24110780656337738,1.0365113019943237,0.024056434631347656,77,12,43,0.014781022444367409,0.5319148936170213,0.3,120,132,wall,both,1,1,1,1,1,1,0.0,1,1,0,alpha,full,huber,-1.7117961302845466,-5.435179276978043,-1.1459547124752405,-1.1755073248142731,-6.100975215858803,-1.2217756846407493,-1.059782714809299,-6.179766273302672,-1.2209765218109503,155.19482676269354,0.014781022444367409,224,5.1065285205841064,0.5874832555829625,1.0,disabled,single,3,row_7,row_6,-0.24110780656337738,-0.5037006139755249,0.5395096306778396,0.41491257203607784,0.8386813734445662,0.2625928074121475,0.3759868367624952,1,96,0,disabled,0,0.0,50.0,alpha
980,2.83001446723938,-3.3094966411590576,0.0,-0.3233511745929718,1.2061896324157715,0.0031891465187072754,0,0,0,0.00897580198943615,0.5,0.3,0,0,wall,both,1,1,1,1,1,1,0.0,0,0,0,alpha,full,huber,-0.9809197858788758,-8.280630780327602,-1.2316149467583442,-0.6736765324825855,-7.350582844795471,-1.1785808708176144,-0.6456002368534234,-7.37130026110848,-1.1787709402988407,218.14176155737186,0.008975802920758724,250,3.634713292121887,0.825374591856363,1.0,disabled,single,3,row_7,row_6,-0.3233511745929718,-1.011216402053833,0.6369742654787224,0.3201738174104115,0.7869188783941887,0.6878652274608612,0.12767484919553146,0,96,0,disabled,0,0.0,50.0,alpha
984,0.2808780074119568,-0.03260018676519394,0.0,-0.540847659111023,1.5599339008331299,0.00478595495223999,0,0,0,0.006074294447898865,0.5,0.3,0,0,wall,both,1,1,1,1,1,1,0.0,0,0,0,alpha,full,huber,-0.6015031305200604,-8.33128862151318,-1.409375808501953,-0.555249706695115,-7.951565641833188,-1.2230071374710283,-0.48360258110575816,-7.944005442536753,-1.2014470179372227,220.44753390080552,0.006074294447898865,250,0.879218727350235,1.0,1.0,disabled,single,3,row_7,row_6,-0.540847659111023,-0.9251800179481506,0.552594950012441,0.3762647112684417,0.8835763223930723,0.3843323588371277,0.05228234601848647,0,96,0,disabled,0,0.0,50.0,alpha
988,1.82822585105896,-1.381161093711853,0.0,-0.20979496836662292,0.9682887196540833,0.018803715705871582,0,0,0,0.00868444237858057,0.5,0.3,0,0,wall,both,1,1,1,1,1,1,0.0,0,0,0,alpha,full,huber,-1.9675899181359924,-9.89981044036906,-1.5057319309795285,-0.6604444894048642,-9.146407343041545,-1.351035315351043,-0.3678007811112507,-9.072757314608914,-1.2681118754896203,192.3787931451016,0.00868444237858057,250,2.5673714876174927,1.0,1.0,disabled,single,3,row_7,row_8,-0.20979496836662292,-1.504776120185852,0.7647598091907307,0.20947002655558428,0.6268229379791815,1.2949811518192291,0.05839850100349875,0,96,0,disabled,0,0.0,50.0,alpha
992,1.1086219549179077,-0.5078688859939575,0.0,-0.4601784348487854,1.2139201164245605,0.18031716346740723,0,0,0,0.010260792449116707,0.5,0.3,0,0,wall,both,1,1,1,1,1,1,0.0,0,0,0,alpha,full,huber,-1.8249395115024045,-10.127383727039767,-1.9214399148082064,-0.9105578711874092,-10.395248025151824,-1.8624775020903142,-0.44728550703748304,-10.348495445333487,-1.7604197058929572,190.33804915201333,0.010260792449116707,250,2.4153178930282593,1.0,1.0,disabled,single,3,row_7,row_8,-0.4601784348487854,-1.8741436004638672,0.7845947586141637,0.19079550266713757,0.5975656533770557,1.4139651656150818,-0.21759050929116575,0,96,0,disabled,0,0.0,50.0,alpha
996,1.3354079723358154,-0.7369068264961243,-49.46022415161133,-3.038900375366211,3.399268388748169,0.339740514755249,10,0,80,0.016471650451421738,0.625,0.3,90,90,wall,both,1,1,1,1,1,1,0.0,1,1,0,alpha,full,huber,0.7200002292467053,-10.89858745015789,-2.161132234720079,-0.8125409778523349,-11.378023757839484,-2.837458436160584,-0.7336561825856969,-11.403786410682013,-2.856272388809519,133.80832317588388,0.016471650451421738,250,2.4453041553497314,1.0,1.0,disabled,single,3,row_7,row_5,-3.038900375366211,-3.9305667877197266,0.6441158190342865,0.26406945107480456,0.8542033948100978,0.8916664123535156,-2.599023649539516,0,96,1,disabled,0,0.0,50.0,alpha
1000,1.2331085205078125,-0.6283291578292847,-47.69095230102539,-1.3604488372802734,2.46028208732605,0.06130552291870117,16,0,119,0.03608189523220062,0.5263157894736842,0.3,120,135,wall,both,1,1,1,1,1,1,0.0,4,4,0,alpha,full,huber,-3.700030710891195,-11.677546744218201,2.188969501367354,-2.187136215237814,-11.547565975450379,2.2218395719755866,-1.858918090919145,-11.592571985493425,2.2857152438710493,76.8433441377094,0.03608189523220062,250,2.8019614219665527,1.0,1.0,disabled,single,3,row_8,row_7,-1.3604488372802734,-2.288710355758667,0.64259358615512,0.25397883761447565,0.8669266300711225,0.9282615184783936,-0.9182060238456138,1,97,0,disabled,0,0.0,50.0,alpha
1004,4.123437404632568,-6.504389762878418,-37.32242202758789,-1.2349704504013062,2.357168197631836,0.007825255393981934,41,10,79,0.017487438395619392,0.5357142857142857,0.3,120,130,wall,both,1,1,1,1,1,1,0.0,3,3,0,alpha,full,huber,-2.836395475658146,-11.15941090201313,1.955276242509413,-2.967989197402362,-10.719650479770406,1.6649711922349848,-2.886042045952844,-10.61172856157393,1.6285112634928627,161.9412076170954,0.017487436532974243,250,4.841542959213257,0.6196371746100329,1.0,disabled,single,3,row_7,row_8,-1.2349704504013062,-1.3469033241271973,0.5141869350636762,0.4597367359537952,0.7943761580117877,0.11193287372589111,-0.5698020576505975,1,98,0,disabled,0,0.0,50.0,alpha
1008,0.6645769476890564,-0.18250517547130585,-27.242643356323242,-0.357234925031662,1.2678945064544678,0.00020009279251098633,71,15,49,0.021229412406682968,0.5263157894736842,0.3,120,135,wall,both,1,1,1,1,1,1,0.0,4,4,0,alpha,full,huber,-3.138271910633188,-9.594519304705495,1.8100875590391148,-2.924867776946931,-10.288969114809067,1.5763326314706283,-2.912931011606809,-10.320957769911509,1.557115628670882,165.11820578362477,0.021229412406682968,250,1.1291653513908386,1.0,1.0,disabled,single,3,row_7,row_8,-0.357234925031662,-0.4312848150730133,0.5042034763060786,0.4682161364767128,0.7995918806065414,0.07404989004135132,0.327540444523719,0,98,0,disabled,0,0.0,50.0,alpha
1012,1.206207036972046,-0.6012129783630371,-33.3242073059082,-0.6609666347503662,1.7246235609054565,0.00112992525100708,56,10,64,0.008693295530974865,0.5357142857142857,0.3,120,130,wall,both,1,1,1,1,1,1,0.0,7,7,0,alpha,full,huber,-3.1973282444096562,-10.472516648408284,1.789454619641341,-3.103852005049508,-10.17988335308019,1.6723873025122562,-3.00590313520658,-10.068542571459382,1.6212100943159768,193.98420464030812,0.00869329459965229,250,1.625890851020813,1.0,1.0,disabled,single,3,row_8,row_7,-0.6609666347503662,-0.814918041229248,0.517785263401716,0.44390438955957356,0.8262884138195189,0.15395140647888184,-0.002771962660811589,1,99,0,disabled,0,0.0,50.0,alpha
1016,0.7555336356163025,-0.23588061332702637,-34.17316818237305,-0.1410321742296219,0.789338231086731,0.0251198410987854,67,7,76,0.01434069499373436,0.5,0.3,120,150,wall,both,1,1,1,1,1,1,0.0,5,5,0,alpha,full,huber,-2.859002920542543,-8.983546373079294,2.0547064127610764,-3.0673902357120832,-9.47391162177675,1.6668949427450335,-3.0505373222903502,-9.495927954885161,1.648138688397851,177.73603331280074,0.01434069313108921,250,1.5237446427345276,1.0,1.0,disabled,single,3,row_7,row_8,-0.1410321742296219,-0.6390291452407837,0.6060609848698052,0.368331609467283,0.765227055949961,0.4979969710111618,0.35974248864788416,1,100,0,disabled,0,0.0,50.0,alpha
1020,0.2707165777683258,-0.030284076929092407,-35.43452835083008,-0.11950645595788956,0.7163594961166382,0.03660297393798828,84,4,79,0.02524707093834877,0.47318611987381703,0.3,120,167,wall,both,1,1,1,1,1,1,0.0,8,8,0,alpha,full,huber,-1.5551584412609918,-8.001791788804075,1.4662109117376687,-3.0363753060815917,-8.274326777313089,1.6442688122176603,-3.084739372410372,-8.352421766008193,1.629766790522039,159.40711536618866,0.02524707093834877,250,1.7324475646018982,1.0,1.0,disabled,single,3,row_7,row_6,-0.11950645595788956,-1.1137107610702515,0.6743050583652311,0.2495048396139991,0.8082602358524229,0.9942043051123619,0.27456620565793904,0,100,0,disabled,0,0.0,50.0,alpha
1024,2.146319627761841,-1.9035900831222534,-27.969091415405273,-0.13263405859470367,0.772467315196991,0.002833843231201172,117,24,36,0.013248702511191368,0.4587155963302753,0.3,120,177,wall,both,1,1,1,1,1,1,0.0,8,8,0,alpha,full,huber,-3.2698515063976457,-6.827801670754185,1.8511512705200932,-3.5205910282996213,-7.512504771865408,1.7602008081842795,-3.3236861932425334,-7.5764101032331705,1.686841476149377,172.94914658373543,0.013248702511191368,250,2.058840274810791,1.0,1.0,disabled,single,3,row_7,row_8,-0.13263405859470367,-0.6723290085792542,0.5921859854995506,0.34520063552965546,0.8509199239108785,0.5396949499845505,0.39130047014763525,0,100,0,disabled,0,0.0,50.0,alpha
1028,2.6461610794067383,-2.893458127975464,-29.25798988342285,-0.19345475733280182,0.9330306649208069,0.00010216236114501953,100,20,32,0.028146300464868546,0.49668874172185423,0.3,107,152,wall,both,1,1,1,1,1,1,0.0,7,7,0,alpha,full,huber,-3.5613996251164677,-6.214513549412823,1.7901418430711455,-3.5150655265248183,-6.702590793556105,1.7366362792763668,-3.455175795175599,-6.832386438290376,1.7154715409203103,135.85721805207564,0.028146300464868546,250,3.208194613456726,0.9351053665561756,1.0,disabled,single,3,row_7,row_8,-0.19345475733280182,-0.5297732949256897,0.5555782256540454,0.3969025886072457,0.8380753373549059,0.3363185375928879,0.39429110222458497,0,100,0,disabled,0,0.0,50.0,alpha
1032,0.4282516539096832,-0.07578491419553757,-28.521427154541016,-0.19643738865852356,0.940163791179657,0.0018112659454345703,121,13,31,0.01745247282087803,0.47619047619047616,0.3,120,165,wall,both,1,1,1,1,1,1,0.0,9,9,0,alpha,full,huber,-3.6346249446621703,-5.897460430594368,1.8360452165569248,-3.6598396135692655,-6.2976358669877675,1.846969358228807,-3.576524190123523,-6.434486910049844,1.7943237963947425,157.41291313230278,0.017452474683523178,250,0.7535775005817413,1.0,1.0,disabled,single,3,row_7,row_8,-0.19643738865852356,-0.5134156942367554,0.5519445481996318,0.40200691079062734,0.8361082963855804,0.3169783055782318,0.3978703052526634,0,100,0,disabled,0,0.0,50.0,alpha
1036,2.6632978916168213,-2.931056261062622,-46.97831726074219,-0.07040998339653015,0.309648722410202,0.10968220233917236,87,42,49,0.014236795715987682,0.4573170731707317,0.3,120,178,wall,both,1,1,1,1,1,1,0.0,10,10,0,alpha,full,huber,-4.755920509196912,-6.567960683003046,2.19596867433812,-3.8542273879626388,-5.990994974870815,1.9276352876442095,-3.7549239125133953,-6.038770149298349,1.8647675784402047,168.70537360793395,0.014236797578632832,207,3.897332191467285,0.7697573243995264,1.0,disabled,single,3,row_8,row_7,-0.07040998339653015,-1.0816271305084229,0.6517527138318744,0.2370919568833744,0.8644460171025922,1.0112171471118927,0.35768007886524594,1,101,0,disabled,0,0.0,50.0,alpha
1040,1.6128045320510864,-1.0748505592346191,-24.389087677001953,-0.2491377890110016,1.0588295459747314,4.89354133605957e-05,136,14,31,0.0214302446693182,0.4531722054380664,0.3,104,181,wall,both,1,1,1,1,1,1,0.0,7,7,0,alpha,full,huber,-3.7514021375443285,-5.918750465923688,1.7857402797702573,-3.9625966087055575,-5.653305899187678,1.927935388952435,-3.91994147536189,-5.643948302999682,1.9022695206151585,120.05951364824936,0.0214302446693182,164,1.9740846157073975,1.0,1.0,disabled,single,3,row_7,row_8,-0.2491377890110016,-0.4362500011920929,0.5256657952913141,0.43596127842568694,0.8250972945880174,0.1871122121810913,0.3939518493351952,1,102,0,disabled,0,0.0,50.0,alpha
1044,1.0827467441558838,-0.4844382405281067,-41.63698959350586,-0.10389374941587448,0.23084816336631775,0.15017515420913696,141,11,28,0.015848712995648384,0.45454545454545453,0.3,120,180,wall,both,1,1,1,1,1,1,0.0,6,6,0,alpha,full,huber,-5.58416149140524,-4.887718930175457,2.299945212406172,-4.325325859631936,-4.986630450494673,1.9512683081492752,-4.222949049741275,-5.023820402160222,1.9284358670730102,187.55915338996968,0.015848714858293533,250,2.4455995559692383,1.0,1.0,disabled,single,3,row_8,row_9,-0.10389374941587448,-1.2667808532714844,0.659510201581714,0.20615129414983197,0.8697391719993529,1.16288710385561,0.3123640888678585,1,103,0,disabled,0,0.0,50.0,alpha
1048,0.40807005763053894,-0.06881040334701538,-31.668216705322266,-0.05584642291069031,0.48021531105041504,0.03357255458831787,116,0,20,0.013606885448098183,0.5244755244755245,0.3,120,136,wall,both,1,1,1,1,1,1,0.0,8,8,0,alpha,full,huber,-6.07767273665532,-3.5358205886128764,2.0407162040133464,-5.087423127328311,-3.8059490651293943,2.019110430132099,-4.871148595468213,-3.83699732388875,1.9763818617377629,186.721235997523,0.013606885448098183,250,1.4195411801338196,1.0,1.0,disabled,single,3,row_8,row_9,-0.05584642291069031,-0.9142765998840332,0.6314448186250451,0.26762329594508133,0.8745457748289752,0.8584301769733429,0.40389829953190515,0,103,0,disabled,0,0.0,50.0,alpha
1052,1.5441930294036865,-0.9853439331054688,-35.3824462890625,-0.05545033514499664,0.48878389596939087,0.024042189121246338,112,34,20,0.010700806975364685,0.4746835443037975,0.3,120,166,wall,both,1,1,1,1,1,1,0.0,9,9,0,alpha,full,huber,-6.226027666985388,-2.7920873909587014,1.9622677408418632,-5.250488117949597,-2.9877028781679105,1.9689006534110107,-5.195095448842329,-3.099636245273568,1.9746764464424524,197.36839150607346,0.01070080604404211,250,1.9382721781730652,1.0,1.0,disabled,single,3,row_8,row_9,-0.05545033514499664,-0.961110532283783,0.6400643824602611,0.25876196155668696,0.8671750342627452,0.9056601971387863,0.39073617494886353,0,103,0,disabled,0,0.0,50.0,alpha
1056,0.5097628235816956,-0.10737939178943634,-29.52434730529785,-0.11858787387609482,0.7231934666633606,0.02406466007232666,113,13,18,0.009483341127634048,0.5102040816326531,0.3,120,144,wall,both,1,1,1,1,1,1,0.0,6,6,0,alpha,full,huber,-6.5611953282356295,-2.2313814497805176,1.9623707529248664,-5.773931471923994,-2.447959679243016,1.9829172727799733,-5.605462120161957,-2.490794016263111,1.9810922491864806,198.62110001414274,0.009483342058956623,250,1.8284658789634705,1.0,1.0,disabled,single,3,row_8,row_9,-0.11858787387609482,-0.7489534020423889,0.604119932837102,0.32163173610579565,0.8623791370613398,0.6303655281662941,0.38539466258267097,0,103,0,disabled,0,0.0,50.0,alpha
1060,0.6533296704292297,-0.17638002336025238,-23.445499420166016,-0.23251493275165558,1.022896409034729,4.601478576660156e-05,116,13,20,0.015087039209902287,0.5016722408026756,0.3,120,149,wall,both,1,1,1,1,1,1,0.0,8,8,0,alpha,full,huber,-7.21386769114919,-0.3682953129900137,1.8001095574141575,-7.090042018052595,-0.46717893067419713,2.047439733434862,-6.793847852683206,-0.4534390188816889,2.032965919718566,177.94863622710972,0.015087040141224861,250,1.4824296832084656,1.0,1.0,disabled,single,3,row_8,row_9,-0.23251493275165558,-0.51239413022995,0.5436602140571256,0.41093919015280483,0.8371647282197724,0.2798791974782944,0.3769159010350881,0,103,0,disabled,0,0.0,50.0,alpha
1064,1.1113195419311523,-0.5103434324264526,-28.020357131958008,-0.15606950223445892,0.8272705078125,0.03124946355819702,113,8,18,0.016045600175857544,0.5190311418685121,0.3,120,139,wall,both,1,1,1,1,1,1,0.0,5,5,0,alpha,full,huber,-4.634595882598839,0.3364626447730619,2.023810289874727,-6.461688185584611,0.29523948870793393,1.9405864589950084,-6.765100273430615,0.1965826496097226,1.9963949093202595,157.2947694517776,0.016045600175857544,250,3.883545160293579,0.7724900512739791,1.0,disabled,single,3,row_7,row_8,-0.15606950223445892,-0.6065095067024231,0.5759590523319037,0.3670861508618395,0.848849791024596,0.4504400044679642,0.3956492082803357,1,104,0,disabled,0,0.0,50.0,alpha
1068,2.294621229171753,-2.1757383346557617,-22.679677963256836,-0.1420907825231552,0.7996166348457336,0.0010872483253479004,100,2,20,0.011794591322541237,0.551470588235294,0.3,120,122,wall,both,1,1,1,1,1,1,0.0,3,3,0,alpha,full,huber,-4.682558890054231,0.7078307205647696,1.8197925984899603,-5.958500278260797,0.954375596917207,1.8665799698744228,-6.482601923154627,0.8419702719452126,1.9336197895528633,188.65846366675663,0.011794591322541237,250,4.1495397090911865,0.7229717535724093,1.0,disabled,single,3,row_7,row_8,-0.1420907825231552,-0.6287741661071777,0.5830620165139385,0.3583858401888211,0.8484569895054841,0.4866833835840225,0.39737094095638836,0,104,0,disabled,0,0.0,50.0,alpha
1072,3.041116237640381,-3.820949077606201,-22.63144302368164,-0.3253808319568634,1.2100470066070557,6.735324859619141e-06,102,0,18,0.016933167353272438,0.5555555555555556,0.3,120,120,wall,both,1,1,1,1,1,1,0.0,4,4,0,alpha,full,huber,-5.0186706321043,0.30392789318321856,1.7768348816721256,-5.639421470029671,0.8706348206844539,1.8259023193165567,-6.061011696592149,0.8563025463148333,1.8797610544347094,181.16628028788733,0.016933169215917587,250,4.038425922393799,0.7428636943330964,1.0,disabled,single,3,row_7,row_8,-0.3253808319568634,-0.35619091987609863,0.4915720171595919,0.4766575774811206,0.811854154103841,0.03081008791923523,0.3847659929234214,0,104,0,disabled,0,0.0,50.0,alpha
1076,4.829426288604736,-8.254776000976562,-29.59122085571289,-0.1941916048526764,0.5573729276657104,0.17510849237442017,101,0,19,0.0125456927344203,0.5555555555555556,0.3,120,120,wall,both,1,1,1,1,1,1,0.0,4,4,0,alpha,full,huber,-6.914849629082662,0.42861911998894775,2.3913051102644625,-6.1118584879927695,1.1394141893109981,1.8728293476034177,-6.170420428585732,1.2609815494337142,1.8813702401776258,187.41641092189008,0.0125456927344203,250,5.759431600570679,0.5208847344767047,1.0,disabled,single,3,row_8,row_9,-0.1941916048526764,-1.0113232135772705,0.6342441785634195,0.28014362308649093,0.8556829912896935,0.8171316087245941,0.2611296541495514,1,105,0,disabled,0,0.0,50.0,alpha
1080,1.7911854982376099,-1.3257626295089722,-28.69223976135254,-0.10316872596740723,0.6660869717597961,0.033479392528533936,97,19,23,0.012863809242844582,0.5190311418685121,0.3,120,139,wall,both,1,1,1,1,1,1,0.0,3,3,0,alpha,full,huber,-4.842825208083068,2.5283002666269536,2.025115798397307,-5.670775566222579,1.5616760174264903,1.8146154945836832,-5.975039996769031,1.5809509402403026,1.8513458463472325,183.8948331549414,0.012863810174167156,250,2.9716837406158447,1.0,1.0,disabled,single,3,row_7,row_8,-0.10316872596740723,-0.7622058987617493,0.61133505495414,0.31627370935484983,0.854997270543572,0.659037172794342,0.38894137269677437,1,106,0,disabled,0,0.0,50.0,alpha
1084,5.171112060546875,-9.101930618286133,-36.4949836730957,-0.02026297338306904,0.26688235998153687,0.03296297788619995,114,9,22,0.011811275035142899,0.5084745762711864,0.3,120,145,wall,both,1,1,1,1,1,1,0.0,5,5,0,alpha,full,huber,-4.3901156197901585,2.2961685104540006,2.0230954477273606,-5.236330971749908,2.271185938804143,1.7397552062546933,-5.690860326742179,2.2216611044809356,1.7921462621899042,178.04423639341942,0.011811275035142899,250,6.145906448364258,0.488129786095012,1.0,disabled,single,3,row_7,row_8,-0.02026297338306904,-1.1053948402404785,0.6559868277579889,0.22162989305829517,0.8675916693694554,1.0851318668574095,0.40135159649378965,0,106,0,disabled,0,0.0,50.0,alpha
1088,4.3400444984436035,-7.041433334350586,-24.770893096923828,-0.16482463479042053,0.8612130880355835,0.0011162757873535156,111,13,22,0.011016377247869968,0.5067567567567568,0.3,120,146,wall,both,1,1,1,1,1,1,0.0,3,3,0,alpha,full,huber,-5.139375065859258,3.053483857469608,1.7979265170341945,-5.357060481798851,3.328224989033388,1.7488890796126262,-5.659163069402162,3.375744207414473,1.77736964893219,188.98998025609615,0.011016377247869968,250,4.847814559936523,0.6188355521666822,1.0,disabled,single,3,row_7,row_8,-0.16482463479042053,-0.620058536529541,0.577889441824893,0.3665550341766628,0.8453520002368067,0.4552339017391205,0.3835480709347029,0,106,0,disabled,0,0.0,50.0,alpha
1092,1.2642457485198975,-0.6604616641998291,-35.53618240356445,-0.06595123559236526,0.5441439151763916,0.006120085716247559,106,10,38,0.01885330118238926,0.49342105263157904,0.3,120,154,wall,both,1,1,1,1,1,1,0.0,4,4,0,alpha,full,huber,-7.559930194028025,3.9773659034636406,1.862185722618852,-5.838081939582077,4.030539515187087,1.8850390338335252,-5.828628144361858,4.084916108923382,1.8377098425501162,185.59936200831285,0.01885330118238926,250,3.1288503408432007,0.9588186308685903,1.0,disabled,single,3,row_8,row_9,-0.06595123559236526,-0.8697128295898438,0.6337905547259516,0.2837112372174748,0.8522819897218537,0.8037615939974785,0.3900854988537287,1,107,0,disabled,0,0.0,50.0,alpha
1096,0.582719087600708,-0.14031468331813812,-31.149234771728516,-0.1930966079235077,0.9321452975273132,0.0014729499816894531,106,14,44,0.014125888235867023,0.47770700636942676,0.3,120,164,wall,both,1,1,1,1,1,1,0.0,4,4,0,alpha,full,huber,-5.45855261832962,4.413046887244728,1.8046247622609206,-5.61565709455962,4.719984642225825,1.8160792507151056,-5.816362136024766,4.74702389224338,1.8370762924825375,170.4175274716928,0.014125888235867023,250,1.1502816677093506,1.0,1.0,disabled,single,3,row_7,row_8,-0.1930966079235077,-0.5698353052139282,0.5626283466659724,0.3860166806350364,0.8434999074867184,0.37673869729042053,0.38203939115667407,1,108,0,disabled,0,0.0,50.0,alpha
1100,1.441082239151001,-0.8581479787826538,-32.086891174316406,-0.30477404594421387,1.1710925102233887,0.0011769533157348633,70,9,47,0.008419591933488846,0.5434782608695653,0.3,98,126,wall,both,1,1,1,1,1,1,0.0,4,4,0,alpha,full,huber,-5.980762085807247,5.894780659686942,1.8154551247364612,-6.089188167395827,5.791279853641164,1.8866743121400003,-6.106307594829632,5.8320422604684445,1.8639035594476177,212.04566651826994,0.008419591933488846,250,1.5768461227416992,1.0,1.0,disabled,single,3,row_7,row_8,-0.30477404594421387,-0.3955523669719696,0.5046545417391508,0.4608606862940115,0.8182522484811808,0.09077832102775574,0.37910711361320804,0,108,0,disabled,0,0.0,50.0,alpha
1104,4.0744524002075195,-6.38293981552124,-32.28771209716797,-0.22360792756080627,0.9996204376220703,0.019514620304107666,97,0,49,0.014430738054215908,0.5067567567567568,0.3,120,146,wall,both,1,1,1,1,1,1,0.0,2,2,0,alpha,full,huber,-6.289045597360269,5.690014246319971,1.5161671398172123,-6.050503189066793,6.080826666273673,1.8266672568259406,-6.142751175830712,6.1696412609536075,1.8459377638491965,179.63884067595993,0.014430738985538483,250,4.592198610305786,0.6532818491925452,1.0,disabled,single,3,row_8,row_7,-0.22360792756080627,-0.5129463076591492,0.5466848338387071,0.40933507877221165,0.8331549425330779,0.2893383800983429,0.3802748871916066,1,109,0,disabled,0,0.0,50.0,alpha
1108,0.8776353001594543,-0.31828251481056213,0.0,-0.012985749170184135,0.23186244070529938,0.015955090522766113,0,0,0,0.011812008917331696,0.5,0.3,0,0,wall,both,1,1,1,1,1,1,0.0,0,0,0,alpha,full,huber,-7.140749456058867,6.216915663699593,1.89292057509906,-6.5218122854654705,6.802451137676028,1.878709471838868,-6.451767696023877,6.9093030448501676,1.8555830946826362,188.99027324572856,0.011812008917331696,250,2.0252588987350464,1.0,1.0,disabled,single,3,row_8,row_7,-0.012985749170184135,-1.1213202476501465,0.6603563660713521,0.21798911697582107,0.8623706040342844,1.1083344984799623,0.4019898919183137,0,109,0,disabled,0,0.0,50.0,alpha
1112,0.7629863023757935,-0.24055705964565277,0.0,-0.03203669190406799,0.33905714750289917,0.039875686168670654,0,0,0,0.011269832029938698,0.5,0.3,0,0,wall,both,1,1,1,1,1,1,0.0,0,0,0,alpha,full,huber,-7.0694541542721225,6.473492758289662,1.9973980761671184,-6.840716512165503,6.991185392260247,1.940566940885427,-6.690402802794081,7.101095085677648,1.906075618237809,199.71755513486568,0.011269832029938698,250,1.551428735256195,1.0,1.0,disabled,single,3,row_8,row_7,-0.03057689219713211,-1.007655143737793,0.65025760503911,0.24476298846129385,0.8609801793015753,0.9770782515406609,0.3998097869627604,0,109,0,disabled,0,0.0,50.0,alpha
1116,2.708591938018799,-3.031599283218384,0.0,-0.0883774682879448,0.4676579535007477,0.09871810674667358,0,0,0,0.008791767060756683,0.5,0.3,0,0,wall,both,1,1,1,1,1,1,0.0,0,0,0,alpha,full,huber,-7.961421379510904,6.871298947064443,2.205602822652599,-7.361138919997659,7.391765907757236,2.0430369385121234,-7.119119123381402,7.514338295618604,1.9978681871205932,202.79990836905793,0.008791767060756683,250,3.6329658031463623,0.8257716044015122,1.0,disabled,single,3,row_8,row_9,-0.0883774682879448,-1.000967264175415,0.6444814424356022,0.25874841846253854,0.8589270096596,0.9125897958874702,0.3509317824678962,0,109,0,disabled,0,0.0,50.0,alpha
1120,2.5893497467041016,-2.770550489425659,-31.355424880981445,-0.13105036318302155,0.7679360508918762,0.00020617246627807617,88,0,32,0.0276492927223444,0.5555555555555556,0.3,120,120,wall,both,1,1,1,1,1,1,0.0,2,2,0,alpha,full,huber,-5.855359097622917,7.519776165459098,1.7419890792604287,-7.09737177526436,7.8466783389576,1.9539529248904883,-7.2221809823241605,7.930871104035308,1.9790109702020446,138.45280844544178,0.0276492927223444,250,3.868574023246765,0.7754795389651611,1.0,disabled,single,3,row_7,row_8,-0.13105036318302155,-0.6590909361839294,0.5891606893495381,0.34746307163255613,0.8538352079402656,0.5280405730009079,0.39800595212356915,1,110,0,disabled,0,0.0,50.0,alpha
1124,0.546515166759491,-0.12342099845409393,-31.520973205566406,-0.2339669167995453,0.8178178668022156,0.14459609985351562,73,0,36,0.012971683405339718,0.5791505791505792,0.3,109,109,wall,both,1,1,1,1,1,1,0.0,3,3,0,alpha,full,huber,-6.966559454323701,7.809800057991732,2.3019922629126714,-7.200859133039215,8.112569528126084,1.9974716867390307,-7.298970468689326,8.223913015650698,1.9867005083863898,177.77317574384122,0.012971683405339718,250,1.2718873620033264,1.0,1.0,disabled,single,3,row_8,row_7,-0.2339669167995453,-0.8883623480796814,0.6126340269237489,0.3184203313482616,0.8489686129959915,0.6543954312801361,0.2560206242338522,1,111,0,disabled,0,0.0,50.0,alpha
1128,1.5658135414123535,-1.0131288766860962,-39.563785552978516,-1.1102224588394165,2.2348039150238037,0.009484171867370605,25,0,29,0.018115730956196785,0.7352941176470589,0.3,54,54,wall,both,1,1,1,1,1,1,0.0,3,3,0,alpha,full,huber,-6.092484891054296,9.664037534475913,1.8595167241577775,-7.1944380897127465,9.721294098492372,2.0322466118000184,-7.605730993300591,9.785490206994375,2.107321977552367,147.9566624692692,0.018115730956196785,250,2.9468990564346313,1.0,1.0,disabled,single,3,row_7,row_8,-1.1102224588394165,-1.7789158821105957,0.6111577639678177,0.3131435491032183,0.8599010261527111,0.6686934232711792,-0.6178223118660406,1,112,0,disabled,0,0.0,50.0,alpha
1132,0.2835860252380371,-0.03323183208703995,-49.99903869628906,-3.6748781204223633,3.8427298069000244,0.3104630708694458,2,0,128,0.029350942000746727,0.5357142857142857,0.3,120,130,wall,both,1,1,1,1,1,1,0.0,3,3,0,alpha,full,huber,-5.922469204297925,11.415342930187286,-2.2298573314784758,-7.403872355316967,11.214893640222831,-2.0019593853832083,-7.958885631543547,11.263721805003536,-1.9378377299212506,92.76942866551576,0.029350942000746727,250,2.1097660064697266,1.0,1.0,disabled,single,3,row_7,row_8,-3.6748781204223633,-4.925346374511719,0.6741482943997814,0.19305629957065454,0.8514607349412678,1.2504682540893555,-3.2805729495160434,0,112,1,disabled,0,0.0,50.0,alpha
1136,1.7721315622329712,-1.2977067232131958,-46.233497619628906,-0.825194239616394,1.9128391742706299,0.054432451725006104,13,9,91,0.03552434220910072,0.5703422053231939,0.3,98,113,wall,both,1,1,1,1,1,1,0.0,8,8,0,alpha,full,huber,-10.201955460077054,8.726660916575135,-1.1292603030915993,-9.06981695577032,8.818936272374287,-1.0123973304999887,-8.932045629027765,8.954894370205903,-1.067580563114018,74.64088631105832,0.03552434220910072,250,3.720001220703125,0.8064513482694406,1.0,disabled,single,3,row_9,row_8,-0.825194239616394,-2.049994707107544,0.6716568884934001,0.19734375553674477,0.8538400566809207,1.22480046749115,-0.4271865881666186,1,113,0,disabled,0,0.0,50.0,alpha
1140,1.4524754285812378,-0.8717706799507141,-36.94386672973633,-0.05541006848216057,0.4655710756778717,0.0421222448348999,53,5,67,0.015864143148064613,0.5454545454545454,0.3,120,125,wall,both,1,1,1,1,1,1,0.0,2,2,0,alpha,full,huber,-9.679555920788827,7.150247665587767,-1.1694445229496315,-8.997411169232635,7.741636254391089,-0.9583692031887694,-8.716451244343109,7.897250303374681,-0.9740625429613035,159.63578232848673,0.015864143148064613,250,2.3760433197021484,1.0,1.0,disabled,single,3,row_9,row_8,-0.05541006848216057,-1.006506085395813,0.6467652829264473,0.24985667019190672,0.862962549846214,0.9510960169136524,0.3803617593667646,0,113,0,disabled,0,0.0,50.0,alpha
1144,0.5623821020126343,-0.13069158792495728,-38.608150482177734,-0.2885838449001312,1.1395543813705444,0.001531064510345459,40,11,98,0.014274761080741882,0.5016722408026756,0.3,120,149,wall,both,1,1,1,1,1,1,0.0,7,7,0,alpha,full,huber,-9.031303146907009,7.405284854950029,-1.5160656935867287,-8.740410544740513,7.076414938562214,-1.0050956901359631,-8.490921633340204,7.137221412139948,-0.988418449559239,190.45018632429364,0.014274762012064457,250,0.9775402843952179,1.0,1.0,disabled,single,3,row_9,row_8,-0.2885838449001312,-0.49011728167533875,0.5286716444935317,0.4321765098976382,0.8263948876565108,0.20153343677520752,0.3488039047859085,0,113,0,disabled,0,0.0,50.0,alpha
1148,3.1997833251953125,-4.214338779449463,-41.44084930419922,-0.11074626445770264,0.40005287528038025,0.13571816682815552,85,30,50,0.019108114764094353,0.47619047619047616,0.3,120,165,wall,both,1,1,1,1,1,1,0.0,7,7,0,alpha,full,huber,-7.735705786236085,5.915344167585961,-0.9004691519218238,-8.552673548163009,6.290255852806414,-1.0578480289666081,-8.352431515764788,6.456567069762492,-1.0317941526560555,146.55416041605173,0.019108116626739502,250,3.9871519804000854,0.7524167663403112,1.0,disabled,single,3,row_8,row_9,-0.11074626445770264,-1.0637750625610352,0.64430906837758,0.24842717213829188,0.8686468711513768,0.9530287981033325,0.3288304837038127,1,114,0,disabled,0,0.0,50.0,alpha
1152,2.5598700046539307,-2.707824230194092,-38.65840530395508,-0.10841479152441025,0.6338284611701965,0.06847769021987915,119,7,29,0.016748150810599327,0.49180327868852464,0.3,120,155,wall,both,1,1,1,1,1,1,0.0,7,7,0,alpha,full,huber,-9.013971947008192,4.563449592898173,-1.0410665284994023,-8.377601652670247,5.059942842165478,-1.1349171267082963,-8.055776780359025,5.241195585170358,-1.0675331003627981,149.3211331120716,0.016748150810599327,250,3.6698235273361206,0.8174780006867695,1.0,disabled,single,3,row_9,row_8,-0.10841479152441025,-0.7912498712539673,0.6175218401048748,0.3119613670977273,0.8480708264964687,0.682835079729557,0.3736260509901581,1,115,0,disabled,0,0.0,50.0,alpha
1156,0.9888666868209839,-0.4040732979774475,-37.15739059448242,-0.19226934015750885,0.4166645109653473,0.19404619932174683,122,29,29,0.011662980541586876,0.45454545454545453,0.3,120,180,wall,both,1,1,1,1,1,1,0.0,11,11,0,alpha,full,huber,-7.596698512327817,4.887964500708846,-0.756587450426994,-8.10343612336389,4.7241585152158265,-1.0686939991266642,-7.969605628861971,4.782874338142035,-1.0796810664420065,192.0213670546215,0.011662980541586876,250,1.3291542530059814,1.0,1.0,disabled,single,3,row_8,row_9,-0.19226934015750885,-1.12199866771698,0.6466080178662816,0.25519065633567267,0.8583553077078452,0.9297293275594711,0.24374567356952925,1,116,0,disabled,0,0.0,50.0,alpha
1160,2.003819465637207,-1.6592118740081787,-29.474048614501953,-0.3305390179157257,1.2195996046066284,0.00036591291427612305,109,15,32,0.018716683611273766,0.49019607843137253,0.3,120,156,wall,both,1,1,1,1,1,1,0.0,5,5,0,alpha,full,huber,-8.266827855467149,3.5936360180670035,-1.4403392979721878,-7.8739720283203,4.1264214704672675,-1.0676844041518843,-7.799151715140564,4.225343172132195,-1.074840827624076,173.5468419365882,0.018716683611273766,250,2.4277515411376953,1.0,1.0,disabled,single,3,row_9,row_8,-0.3305390179157257,-0.38048577308654785,0.4965183267743136,0.47232799058524655,0.8099809599654617,0.049946755170822144,0.3695958663302604,1,117,0,disabled,0,0.0,50.0,alpha
1164,1.5067691802978516,-0.9381625652313232,-21.81018829345703,-0.29743167757987976,1.15691077709198,4.887580871582031e-05,101,0,28,0.011207952164113522,0.5376344086021506,0.3,120,129,wall,both,1,1,1,1,1,1,0.0,6,6,0,alpha,full,huber,-8.199668850884903,2.9010072209822337,-1.3889225788886221,-7.964616565366104,3.357002061437685,-1.1911829669924936,-7.727154210713991,3.505198375997752,-1.110774556171422,173.52782789300278,0.011207952164113522,250,2.405046820640564,1.0,1.0,disabled,single,3,row_9,row_8,-0.29743167757987976,-0.41540852189064026,0.5112019952650184,0.45431371510614504,0.8175676150801425,0.1179768443107605,0.3735587952459656,0,117,0,disabled,0,0.0,50.0,alpha
1168,1.2190849781036377,-0.6141190528869629,-31.452341079711914,-0.1332421451807022,0.77428138256073,0.0020604729652404785,126,3,19,0.008560153655707836,0.5033557046979865,0.3,120,148,wall,both,1,1,1,1,1,1,0.0,7,7,0,alpha,full,huber,-5.994315871706948,2.7473630311998107,-1.3253181036450097,-7.485276656413642,2.451535690619676,-1.1438770464640686,-7.361110897021768,2.483681934744417,-1.1209477177616485,221.22942629578068,0.008560153655707836,250,1.8435022234916687,1.0,1.0,disabled,single,3,row_8,row_7,-0.1332421451807022,-0.6861294507980347,0.5959494572344488,0.3428416074171401,0.8464553229598348,0.5528873056173325,0.38435727362999283,1,118,0,disabled,0,0.0,50.0,alpha
1172,1.321474313735962,-0.7216092348098755,-24.32074546813965,-0.09491852670907974,0.6414072513580322,0.02926456928253174,107,12,13,0.012046638876199722,0.5319148936170213,0.3,120,132,wall,both,1,1,1,1,1,1,0.0,2,2,0,alpha,full,huber,-8.352127130824798,1.2974228560739465,-1.229002832026028,-7.77866798651092,1.6996275951326627,-1.280349439454706,-7.435924373133799,1.8142187615393401,-1.1996269481862156,166.65221192933313,0.012046638876199722,250,2.3009520769119263,1.0,1.0,disabled,single,3,row_9,row_8,-0.09215778112411499,-0.759131669998169,0.6125038898555366,0.3143733852028783,0.8552950419516939,0.666973888874054,0.39804220467475654,1,119,0,disabled,0,0.0,50.0,alpha
1176,2.0528197288513184,-1.741350769996643,-25.772476196289062,-0.09605619311332703,0.6472592353820801,0.026917755603790283,121,12,20,0.011356242001056671,0.49504950495049505,0.3,120,153,wall,both,1,1,1,1,1,1,0.0,4,4,0,alpha,full,huber,-8.300796949869243,0.8410966721142015,-1.238976634257711,-7.940633577801574,1.2320836168855114,-1.3543479454440506,-7.6295440283321145,1.3722427144458207,-1.271664638665897,184.19629523790888,0.011356242001056671,250,2.7833852767944336,1.0,1.0,disabled,single,3,row_9,row_8,-0.09605619311332703,-0.7531914114952087,0.6101892532746612,0.3162819118344731,0.8574198458216047,0.6571352183818817,0.3979299255494897,0,119,0,disabled,0,0.0,50.0,alpha
1180,1.162386417388916,-0.5583232045173645,-32.953826904296875,-0.1399938464164734,0.7933623790740967,0.0054642558097839355,101,6,19,0.02067667432129383,0.5434782608695653,0.3,120,126,wall,both,1,1,1,1,1,1,0.0,4,4,0,alpha,full,huber,-9.767952837415033,1.0359438118542457,-1.5761119815814821,-8.218782342529959,0.9453443607584682,-1.4039616618791448,-7.871065309110297,0.9866131195698129,-1.3313515224837635,147.0439624399725,0.02067667432129383,250,2.673493981361389,1.0,1.0,disabled,single,3,row_9,row_10,-0.1399938464164734,-0.6575922966003418,0.5877679267477267,0.3502803162158718,0.8521176201727122,0.5175984501838684,0.39142924497646103,0,119,0,disabled,0,0.0,50.0,alpha
1184,2.5316689014434814,-2.6484906673431396,-34.36516571044922,-0.13481655716896057,0.7035889029502869,0.07796168327331543,104,11,27,0.01310418639332056,0.5136986301369862,0.3,120,142,wall,both,1,1,1,1,1,1,0.0,4,4,0,alpha,full,huber,-7.126701421619018,0.7063859625564609,-1.7485561115170472,-7.770161733243423,0.36063151092736867,-1.3147500540906054,-7.747610872141202,0.3745884155313303,-1.312320048195432,151.00704039970603,0.01310418639332056,207,3.491602659225464,0.8592042946448795,1.0,disabled,single,3,row_8,row_9,-0.11899862438440323,-0.7284547090530396,0.60259914888706,0.3276009099582543,0.856623515275289,0.6094560846686363,0.387504440303692,1,120,0,disabled,0,0.0,50.0,alpha
1188,0.5043900609016418,-0.10512782633304596,-21.974824905395508,-0.23015016317367554,1.0176498889923096,0.0018732547760009766,101,14,21,0.014153418131172657,0.5244755244755245,0.3,120,136,wall,both,1,1,1,1,1,1,0.0,5,5,0,alpha,full,huber,-7.860189395730684,0.40554291770534356,-1.3335461486344897,-7.813559269588567,0.07033493091644526,-1.333337829558836,-7.730890650729419,0.03450336195043759,-1.3132367905635751,137.5633649144844,0.014153418131172657,185,1.05984628200531,1.0,1.0,disabled,single,3,row_9,row_8,-0.23015016317367554,-0.49005937576293945,0.5405360933567492,0.41681905217154513,0.8318321870389107,0.2599092125892639,0.3850437032404159,1,121,0,disabled,0,0.0,50.0,alpha
1192,3.2243168354034424,-4.275166034698486,-40.89602279663086,-0.011233416385948658,0.09878283739089966,0.047126591205596924,121,0,18,0.012496212497353554,0.5190311418685121,0.3,120,139,wall,both,1,1,1,1,1,1,0.0,2,2,0,alpha,full,huber,-6.105084483647239,-0.18682299367266902,-1.0428480261112716,-7.48024905756704,-0.5851255346513813,-1.2688183024354645,-7.527264188210974,-0.5725877549631448,-1.2879936251256863,152.25134942474176,0.012496212497353554,196,4.237794637680054,0.7079153796943605,1.0,disabled,single,3,row_8,row_7,-0.011233416385948658,-1.2625483274459839,0.6678722978804607,0.19109717596747802,0.8621005195659631,1.2513149110600352,0.39242487817265026,1,122,0,disabled,0,0.0,50.0,alpha
1196,1.8575224876403809,-1.425781011581421,-27.862974166870117,-0.1993350386619568,0.9455293416976929,0.012741684913635254,99,0,21,0.018544936552643776,0.5555555555555556,0.3,120,120,wall,both,1,1,1,1,1,1,0.0,4,4,0,alpha,full,huber,-6.880953598146021,-1.7015067040029308,-1.5506911753813029,-7.25524811184561,-1.288970347967377,-1.2955616115415165,-7.300468835223127,-1.243201812508252,-1.2903602869434707,124.34525863958679,0.018544936552643776,164,2.5839169025421143,1.0,1.0,disabled,single,3,row_8,row_9,-0.1993350386619568,-0.5715193152427673,0.5601430631775682,0.38606584757222456,0.8492877579166622,0.37218427658081055,0.3802280192579357,0,122,0,disabled,0,0.0,50.0,alpha
1200,3.9530375003814697,-6.081911563873291,-22.97979736328125,-0.2730380594730377,1.1083754301071167,0.0030881762504577637,104,12,22,0.010655649937689304,0.5208333333333334,0.3,120,138,wall,both,1,1,1,1,1,1,0.0,4,4,0,alpha,full,huber,-7.304175549891372,-2.164175447974614,-1.3366869644034145,-7.080203502090293,-1.8921857089022227,-1.2687655909373081,-7.1140859731532196,-1.8324270433503682,-1.2782157715945328,172.90217814369265,0.010655649937689304,207,4.019430637359619,0.7463743675822485,1.0,disabled,single,3,row_9,row_8,-0.2730380594730377,-0.46322277188301086,0.5269997105474442,0.43572673265417183,0.8221583586758192,0.19018471240997314,0.36751722021372424,1,123,0,disabled,0,0.0,50.0,alpha
1204,2.8125410079956055,-3.2687549591064453,-27.125097274780273,-0.11892350018024445,0.7040500640869141,0.046356022357940674,112,6,20,0.01640205830335617,0.5208333333333334,0.3,120,138,wall,both,1,1,1,1,1,1,0.0,7,7,0,alpha,full,huber,-7.670423179695022,-2.4385761379166118,-1.109621944870499,-6.974378615915951,-2.7304089681421786,-1.3114499006711782,-6.8948102637441835,-2.7774653976670223,-1.2956873272935912,159.23480907132716,0.01640205830335617,224,3.630837321281433,0.8262556910539877,1.0,disabled,single,3,row_9,row_8,-0.11892350018024445,-0.7688602209091187,0.6116581385359979,0.31933375461212476,0.8497006900632251,0.6499367207288742,0.3726582495264882,0,123,0,disabled,0,0.0,50.0,alpha
1208,0.9923012256622314,-0.4068849980831146,-29.362497329711914,-0.34919267892837524,1.2532261610031128,0.00656360387802124,94,30,38,0.01294321846216917,0.4807692307692307,0.3,120,162,wall,both,1,1,1,1,1,1,0.0,3,3,0,alpha,full,huber,-6.536439595615991,-5.507745821871034,-1.2859380723312612,-6.61221496782297,-4.672448297593023,-1.270786523672164,-6.497904901104366,-4.630512057453097,-1.270551126691043,178.23686731322832,0.01294321846216917,250,2.09642493724823,1.0,1.0,disabled,single,3,row_9,row_8,-0.34919267892837524,-0.3620220720767975,0.48729232446318893,0.48108059123886304,0.8115583949158844,0.012829393148422241,0.369698401481258,0,123,0,disabled,0,0.0,50.0,alpha
1212,0.2498057633638382,-0.025786330923438072,-27.5463924407959,-0.28778859972953796,1.1380010843276978,0.0003540515899658203,97,35,24,0.0093251783400774,0.49019607843137253,0.3,120,156,wall,both,1,1,1,1,1,1,0.0,4,4,0,alpha,full,huber,-6.710850703831506,-5.173239660138146,-1.373964642614725,-6.652434531879492,-5.402223994397361,-1.3513603143159187,-6.464902013300826,-5.372524183102215,-1.3130305341542259,187.2626834337337,0.0093251783400774,250,0.6979759037494659,1.0,1.0,disabled,single,3,row_9,row_8,-0.28778859972953796,-0.4293283522129059,0.5159048334660837,0.4478160586452348,0.8215261682293055,0.14153975248336792,0.37404436204785374,0,123,0,disabled,0,0.0,50.0,alpha
1216,2.8876287937164307,-3.445619821548462,-30.271156311035156,-0.18152599036693573,0.903806746006012,0.00012999773025512695,96,33,33,0.018349645659327507,0.4807692307692307,0.3,120,162,wall,both,1,1,1,1,1,1,0.0,2,2,0,alpha,full,huber,-6.95435094951689,-5.139082637957859,-1.4166977096113358,-6.739914488518417,-5.611400616065862,-1.3862843512871565,-6.556670485420593,-5.6654542406758175,-1.3505417461235456,163.2497839132603,0.018349645659327507,250,3.6579604148864746,0.8201291593509782,1.0,disabled,single,3,row_9,row_8,-0.18152599036693573,-0.5859864950180054,0.5686453171189682,0.37947791147529203,0.8421952142922695,0.40446050465106964,0.38297239310356246,0,123,0,disabled,0,0.0,50.0,alpha
1220,3.0852391719818115,-3.930344820022583,-35.038822174072266,-0.21689076721668243,0.9879237413406372,0.0009055137634277344,104,43,38,0.013447718694806099,0.44776119402985076,0.3,120,185,wall,both,1,1,1,1,1,1,0.0,3,3,0,alpha,full,huber,-6.599332469336366,-6.759541323482075,-1.3736809757642718,-6.638554220111871,-6.3721404629906795,-1.3650301952287696,-6.533533774530996,-6.305007137988417,-1.3448415998808596,188.81370303100314,0.013447719626128674,250,3.7411283254623413,0.801897112050881,1.0,disabled,single,3,row_9,row_8,-0.21689076721668243,-0.528039276599884,0.5501756170642762,0.40306144593625154,0.8382072105684497,0.3111485093832016,0.38062698075230306,0,123,0,disabled,0,0.0,50.0,alpha
1224,2.5559377670288086,-2.6995115280151367,-37.30820846557617,-0.22842419147491455,0.45146581530570984,0.21181827783584595,121,18,42,0.011202464811503887,0.4531722054380664,0.3,120,181,wall,both,1,1,1,1,1,1,0.0,3,3,0,alpha,full,huber,-5.555309513525818,-6.376911480133499,-0.755430477675266,-6.253998488316595,-6.6537036469386885,-1.1956354486738243,-6.349766373656803,-6.670758275373311,-1.2625818601270018,193.80581444433074,0.011202464811503887,250,3.4993754625320435,0.8572958323909861,1.0,disabled,single,3,row_8,row_9,-0.22842419147491455,-1.1408137083053589,0.6380205674107988,0.2562057937346737,0.8732267868917813,0.9123895168304443,0.22096056736104264,1,124,0,disabled,0,0.0,50.0,alpha
1228,0.3161756098270416,-0.0413086861371994,0.0,-0.03223968669772148,0.3808918297290802,1.710653305053711e-05,0,0,0,0.007637379225343466,0.5,0.3,0,0,wall,both,1,1,1,1,1,1,0.0,0,0,0,alpha,full,huber,-7.056147736310458,-7.739631147138098,-1.365710355481297,-6.270010677194691,-7.19066501594809,-1.2828627284082927,-6.2407158477048545,-7.147989894693456,-1.2694095421022609,204.62015633346772,0.007637379225343466,250,1.153827428817749,1.0,1.0,disabled,single,3,row_9,row_8,-0.03223968669772148,-1.0234284400939941,0.6485149900350187,0.2406867667352024,0.8674138139784906,0.9911887533962727,0.40083047386056997,1,125,0,disabled,0,0.0,50.0,alpha
1232,0.8861321806907654,-0.3244752883911133,0.0,-0.02921466901898384,0.15704947710037231,0.07625448703765869,0,0,0,0.008337941952049732,0.5,0.3,0,0,wall,both,1,1,1,1,1,1,0.0,0,0,0,alpha,full,huber,-7.168687392739472,-8.313232804354069,-1.7646069149207506,-6.433953753716124,-7.742449316786413,-1.3952355808197359,-6.270035809887654,-7.661715047267226,-1.330057506625928,200.88465384205583,0.008337941952049732,250,2.0323283672332764,1.0,1.0,disabled,single,3,row_9,row_8,-0.02921466901898384,-1.260932445526123,0.6620430086780319,0.1931781355051811,0.8704473804947421,1.2317177765071392,0.38321008834487164,0,125,0,disabled,0,0.0,50.0,alpha
1236,2.6490302085876465,-2.899736166000366,0.0,-0.0025562176015228033,0.10725194215774536,1.1324882507324219e-06,0,0,0,0.013113530352711678,0.5,0.3,0,0,wall,both,1,1,1,1,1,1,0.0,0,0,0,alpha,full,huber,-4.8497651592806825,-7.280162527835936,-1.3867207351741837,-6.046021378990394,-8.053579496817397,-1.2572892491045775,-6.092550983554916,-8.124358615987273,-1.2825566968315592,194.22685399938163,0.013113531284034252,250,4.462985515594482,0.6721957733264997,1.0,disabled,single,3,row_8,row_7,-0.0025562176015228033,-1.2921799421310425,0.671238976796928,0.18484201721662336,0.8586239191539036,1.2896237245295197,0.3960738375963987,1,126,0,disabled,0,0.0,50.0,alpha
1240,0.11707178503274918,-0.0056635551154613495,0.0,-0.1189662367105484,0.7189949154853821,0.031646013259887695,0,0,0,0.00822962261736393,0.5,0.3,0,0,wall,both,1,1,1,1,1,1,0.0,0,0,0,alpha,full,huber,-6.5924552676770425,-8.327819544982335,-1.6238050315682273,-6.240396504888976,-8.862638990616446,-1.3995500209895906,-6.0556163860634875,-8.867389552083557,-1.3364482828148843,200.77498146069948,0.00822962261736393,250,1.2392665147781372,1.0,1.0,disabled,single,3,row_9,row_8,-0.1189662367105484,-0.722343921661377,0.6004632587060218,0.32843001470670397,0.8599287546257401,0.6033776849508286,0.39108758712627634,1,127,0,disabled,0,0.0,50.0,alpha
1244,1.3968136310577393,-0.8062348365783691,0.0,-0.030967198312282562,0.2797026038169861,0.05768519639968872,0,0,0,0.010559730231761932,0.5,0.3,0,0,wall,both,1,1,1,1,1,1,0.0,0,0,0,alpha,full,huber,-7.356874763868237,-9.446251164216621,-1.6193864586839852,-6.338464970876108,-10.153642142996869,-1.473003769639883,-6.040996365931832,-10.164147073386808,-1.4030283670752843,204.36794628768146,0.010559731163084507,250,3.0543994903564453,0.9821897919613335,1.0,disabled,single,3,row_9,row_10,-0.030967198312282562,-1.1010433435440063,0.6537170448767382,0.22421344094007006,0.869849019395811,1.0700761452317238,0.39411347592768253,0,127,0,disabled,0,0.0,50.0,alpha
1248,1.8296992778778076,-1.3833882808685303,0.0,-0.6207506656646729,1.4675910472869873,0.1866016983985901,0,0,0,0.01044511143118143,0.5,0.3,0,0,wall,both,1,1,1,1,1,1,0.0,0,0,0,alpha,full,huber,-5.371668850390588,-10.5430391630875,-1.9254217733256969,-5.905975123981986,-11.241686915329616,-2.345204265455032,-5.858897916806561,-11.37951066146696,-2.348814788829202,202.11297758353706,0.01044511143118143,250,2.961910605430603,1.0,1.0,disabled,single,3,row_8,row_9,-0.6207506656646729,-0.8634781241416931,0.5365298517753477,0.42089977607091067,0.8326687865624637,0.24272745847702026,0.0018824110885066192,1,128,0,disabled,0,0.0,50.0,alpha
1252,0.7793630361557007,-0.2509945333003998,0.0,-0.573991060256958,1.5149405002593994,0.12520134449005127,0,0,0,0.007724033668637276,0.5,0.3,0,0,wall,both,1,1,1,1,1,1,0.0,0,0,0,alpha,full,huber,-9.479625156903627,-11.710102014279844,2.237877631880207,-7.19209185528504,-11.744826287503344,2.8812052482844916,-6.806423126394189,-11.847273950452434,2.98265195224523,204.16327745158267,0.007724033668637276,250,2.588383674621582,1.0,1.0,disabled,single,3,row_10,row_9,-0.573991060256958,-2.2568135261535645,0.8417957899376755,0.15644663934154568,0.4463367753379221,1.6828224658966064,-0.40177323633681694,1,129,0,disabled,0,0.0,50.0,alpha
1256,1.4926517009735107,-0.92066490650177,-42.291099548339844,-0.1471731960773468,0.7714685797691345,0.06044894456863403,35,9,80,0.018595648929476738,0.5474452554744526,0.3,115,124,wall,both,1,1,1,1,1,1,0.0,2,2,0,alpha,full,huber,-7.427443105798756,-10.39202998525675,1.514043082682143,-7.814480211052276,-11.276494338758386,1.9314049275998084,-7.7373361937415295,-11.49345764598329,1.9876806997819845,161.5638008629607,0.018595648929476738,250,3.108098864555359,0.9652202618815913,1.0,disabled,single,3,row_9,row_10,-0.1471731960773468,-0.9546011686325073,0.6320273811314513,0.28188656696987363,0.8580455496326311,0.8074279725551605,0.311649365121334,1,130,0,disabled,0,0.0,50.0,alpha
1260,2.984565019607544,-3.680838108062744,-22.54642105102539,-0.33898070454597473,1.2350523471832275,0.0017899870872497559,86,7,34,0.02179598994553089,0.5415162454873647,0.3,120,127,wall,both,1,1,1,1,1,1,0.0,7,7,0,alpha,full,huber,-8.266755341179724,-9.737956431387556,1.8036808636486201,-8.252756216061565,-9.851515035872493,1.444484570592729,-8.39115739816873,-9.778008619371505,1.3686873463623606,150.80145471399499,0.02179598994553089,250,3.4415886402130127,0.8716904643822624,1.0,disabled,single,3,row_9,row_10,-0.33898070454597473,-0.36355140805244446,0.49018655974723857,0.4782890942286437,0.8112247481527147,0.024570703506469727,0.3739885216143174,0,130,0,disabled,0,0.0,50.0,alpha
1264,0.1654594987630844,-0.011312746442854404,-24.100040435791016,-0.29307183623313904,1.1483981609344482,0.0005207061767578125,116,8,23,0.0217127725481987,0.5050505050505051,0.3,120,147,wall,both,1,1,1,1,1,1,0.0,8,8,0,alpha,full,huber,-8.819355767792098,-7.547731459334734,1.7196049613155235,-8.431215944547894,-8.508113313963726,1.5281875314055957,-8.28685972653798,-8.536311680841713,1.4392396403802046,149.39825432469496,0.0217127725481987,250,1.5606919527053833,1.0,1.0,disabled,single,3,row_10,row_9,-0.29307183623313904,-0.3913009762763977,0.5113188923618216,0.4634804991184089,0.7921461082830571,0.09822914004325867,0.37768999168436856,1,131,0,disabled,0,0.0,50.0,alpha
1268,0.44309988617897034,-0.08113120496273041,-24.96749496459961,-0.302038311958313,1.1658353805541992,0.00010639429092407227,127,16,40,0.01425242330878973,0.4504504504504505,0.3,120,183,wall,both,1,1,1,1,1,1,0.0,11,11,0,alpha,full,huber,-8.703705264957977,-8.066367750521646,1.7597615528234805,-8.692265800090635,-7.902039187903373,1.6531472740590376,-8.455292802746724,-7.960184213516222,1.537562020570686,168.50793209796348,0.014252424240112305,250,0.9945863783359528,1.0,1.0,disabled,single,3,row_10,row_9,-0.302038311958313,-0.3748288154602051,0.5045091063340856,0.46909034649544057,0.7962016363635316,0.07279050350189209,0.3821310771768385,0,131,0,disabled,0,0.0,50.0,alpha
1272,1.5816676616668701,-1.033748984336853,-17.037649154663086,-0.23628076910972595,1.0311405658721924,0.0008272528648376465,154,10,28,0.02382590062916279,0.43859649122807015,0.3,120,192,wall,both,1,1,1,1,1,1,0.0,9,9,0,alpha,full,huber,-8.496092648048405,-7.700896600776184,1.7660315909702344,-8.61883781801005,-7.465737596102226,1.663181577648869,-8.52960606890661,-7.488599519689746,1.5823712291879986,133.52677932240624,0.02382590062916279,250,1.799401581287384,1.0,1.0,disabled,single,3,row_9,row_10,-0.23628076910972595,-0.46002715826034546,0.5332238943041374,0.42632203490902065,0.8285238055524845,0.2237463891506195,0.39253310954841736,1,132,0,disabled,0,0.0,50.0,alpha
1276,2.2029404640197754,-2.00534987449646,-19.28662872314453,-0.2553953528404236,1.0719192028045654,0.003822028636932373,137,19,23,0.01881026290357113,0.45592705167173253,0.3,120,179,wall,both,1,1,1,1,1,1,0.0,10,10,0,alpha,full,huber,-8.816746692929156,-5.9669815596225515,1.8284758993468522,-8.659137876710705,-6.7231726939881895,1.6727188086140077,-8.597376834231232,-6.846296252526873,1.6250706051353339,165.39620301102337,0.01881026290357113,250,2.8624767065048218,1.0,1.0,disabled,single,3,row_9,row_10,-0.2553953528404236,-0.45377010107040405,0.5284415274279529,0.4333550687698475,0.8241504511837112,0.19837474822998047,0.38242776568847225,0,132,0,disabled,0,0.0,50.0,alpha
1280,2.236524820327759,-2.066960096359253,-20.16558074951172,-0.26743534207344055,1.0970194339752197,0.0006313920021057129,95,0,28,0.011078167706727982,0.5494505494505495,0.3,120,123,wall,both,1,1,1,1,1,1,0.0,4,4,0,alpha,full,huber,-9.101070059468872,-6.271739564303589,1.776634112098189,-9.00721206273137,-5.661241356243398,1.7408667122211494,-8.83572967603926,-5.638331950858493,1.6721675019085982,183.68865618625878,0.011078166775405407,250,2.9968305826187134,1.0,1.0,disabled,single,3,row_10,row_9,-0.26743534207344055,-0.43789970874786377,0.5304522526524084,0.447316135504584,0.7808002374067715,0.17046436667442322,0.3665899873305435,1,133,0,disabled,0,0.0,50.0,alpha
1284,0.16601380705833435,-0.011388671584427357,-16.572519302368164,-0.2964766025543213,1.155051827430725,3.5881996154785156e-05,102,2,23,0.009360524825751781,0.5415162454873647,0.3,120,127,wall,both,1,1,1,1,1,1,0.0,11,11,0,alpha,full,huber,-8.928710573400478,-5.806336887803499,1.749487961964273,-9.044875093028084,-5.406342398749538,1.7334720564980943,-8.966551040177237,-5.264288646163639,1.6964292217592352,185.26588822740118,0.009360524825751781,250,0.8409983217716217,1.0,1.0,disabled,single,3,row_9,row_10,-0.2964766025543213,-0.4024604260921478,0.5088139775455779,0.4576472357433625,0.8153807021307053,0.10598382353782654,0.37919619318808917,1,134,0,disabled,0,0.0,50.0,alpha
1288,1.5747135877609253,-1.0246789455413818,-28.631160736083984,-0.3168165981769562,1.1939946413040161,0.001675426959991455,98,49,25,0.008229140192270279,0.46583850931677023,0.3,120,172,wall,both,1,1,1,1,1,1,0.0,8,8,0,alpha,full,huber,-9.45563505362923,-3.306204010424522,1.7841902433513264,-9.303915385790715,-4.699848383418504,1.7733214094121887,-9.175827105303883,-4.66065512741617,1.7307843993668772,213.26323071691903,0.008229140192270279,250,2.3537230491638184,1.0,1.0,disabled,single,3,row_9,row_10,-0.3168165981769562,-0.37309056520462036,0.4988225122808524,0.4715270066746945,0.8057361761052714,0.056273967027664185,0.37868833513713906,0,134,0,disabled,0,0.0,50.0,alpha
1292,3.063364267349243,-3.876110076904297,-23.521202087402344,-0.33580824732780457,1.2292592525482178,0.0017886757850646973,107,4,34,0.015910282731056213,0.5084745762711864,0.3,120,145,wall,both,1,1,1,1,1,1,0.0,8,8,0,alpha,full,huber,-9.184622217003007,-4.542437892440175,1.7401264294418688,-9.39922715782495,-3.627421929583984,1.740657228676694,-9.395266908070827,-3.47637024554166,1.7262564488048167,183.17896564067294,0.015910282731056213,250,4.1794819831848145,0.7177923034648339,1.0,disabled,single,3,row_9,row_10,-0.33580824732780457,-0.37746480107307434,0.4942961391306977,0.4741284401433194,0.8112272985539191,0.041656553745269775,0.368812222153437,0,134,0,disabled,0,0.0,50.0,alpha
1296,0.533501923084259,-0.11761335283517838,-24.988327026367188,-0.2505160868167877,1.0617541074752808,0.00016486644744873047,147,23,17,0.013994119130074978,0.44510385756676557,0.3,120,187,wall,both,1,1,1,1,1,1,0.0,8,8,0,alpha,full,huber,-9.64118337277251,-1.4335229755757821,1.7368852566833723,-9.789465101109432,-2.1289521316892426,1.8229266287535755,-9.712860866864439,-2.033829976016446,1.7886928836686788,186.21317102131349,0.013994119130074978,250,0.8386735618114471,1.0,1.0,disabled,single,3,row_9,row_10,-0.2505160868167877,-0.47617942094802856,0.5351639167513539,0.4270536939544876,0.821703465160466,0.22566333413124084,0.37466610574495796,0,134,0,disabled,0,0.0,50.0,alpha
1300,1.872413992881775,-1.4487332105636597,-23.047508239746094,-0.2599930763244629,1.081540584564209,0.003605484962463379,145,20,31,0.02327791415154934,0.43352601156069365,0.3,120,196,wall,both,1,1,1,1,1,1,0.0,7,7,0,alpha,full,huber,-10.012849031104697,0.5870619580285593,1.755010792800304,-10.077864290639459,-0.9009739064070323,1.8478056833659657,-10.01468961018935,-0.9284649218511957,1.8308672322800552,180.22364017835872,0.02327791601419449,250,3.028457760810852,0.9906032168653286,1.0,disabled,single,3,row_9,row_10,-0.2599930763244629,-0.45034655928611755,0.5254407367289545,0.4343644490119032,0.8295214025289146,0.19035348296165466,0.38352479371651016,0,134,0,disabled,0,0.0,50.0,alpha
1304,0.21895383298397064,-0.019810238853096962,-29.215612411499023,-0.13878163695335388,0.789542555809021,0.007878124713897705,116,0,21,0.011123410426080227,0.5226480836236934,0.3,120,137,wall,both,1,1,1,1,1,1,0.0,4,4,0,alpha,full,huber,-10.66487014052797,0.701884369177202,1.5630383985503649,-10.339977151384362,0.2160887741187779,1.8252716877329074,-10.306364604656189,0.1287140396084268,1.834913945943561,192.70414652933235,0.011123411357402802,250,1.1830142736434937,1.0,1.0,disabled,single,3,row_10,row_9,-0.13878163695335388,-0.6567705869674683,0.6179455264356363,0.36812087857898035,0.7248750681249353,0.5179889500141144,0.34257333338223966,1,135,0,disabled,0,0.0,50.0,alpha
1308,2.5753684043884277,-2.7407119274139404,-23.743928909301758,-0.1492069810628891,0.8193737864494324,0.0017766952514648438,146,7,28,0.01204270962625742,0.4531722054380664,0.3,120,181,wall,both,1,1,1,1,1,1,0.0,9,9,0,alpha,full,huber,-9.966737150438966,1.6477621185915592,1.815782660178102,-10.589389299227589,2.0248998154872195,1.8186016210226088,-10.71245832625766,2.055160207120977,1.8468808620316803,200.90468575003462,0.012042710557579994,250,3.23320734500885,0.9278712064758681,1.0,disabled,single,3,row_9,row_10,-0.14920227229595184,-0.6258865594863892,0.5816635291033243,0.36111911583577744,0.8466919781019925,0.4766842871904373,0.3926608548240216,1,136,0,disabled,0,0.0,50.0,alpha
1312,1.4351297616958618,-0.8510733842849731,-32.121551513671875,-0.15081296861171722,0.817734956741333,0.023295879364013672,103,8,37,0.006509310565888882,0.5033557046979865,0.3,120,148,wall,both,1,1,1,1,1,1,0.0,2,2,0,alpha,full,huber,-11.131768461312605,3.045572714126221,1.5531880239530453,-11.006870214818775,2.9763467185174073,1.9388233291213972,-11.01349809315573,3.0587222108068275,1.9126238221637966,217.96800740089324,0.006509310565888882,250,1.8195227980613708,1.0,1.0,disabled,single,3,row_10,row_9,-0.15081296861171722,-0.6400410532951355,0.6115949632943778,0.3749685493464852,0.7264319880688564,0.4892280846834183,0.3408720716431151,1,137,0,disabled,0,0.0,50.0,alpha
1316,2.9080615043640137,-3.494554281234741,-40.282745361328125,-0.14859841763973236,0.3274744749069214,0.1748371124267578,104,31,16,0.008984897285699844,0.4983388704318937,0.3,120,151,wall,both,1,1,1,1,1,1,0.0,3,3,0,alpha,full,huber,-11.54290614683496,2.586967621636541,2.3594986599540855,-11.223886989990277,3.39583859323265,1.9592899336286889,-11.227852156845398,3.534085740859403,1.9409985320542837,214.85274709566298,0.008984897285699844,250,3.9748529195785522,0.7547449077230474,1.0,disabled,single,3,row_10,row_9,-0.14859841763973236,-1.1829159259796143,0.7337874001000341,0.2608386019415034,0.6057479228721713,1.034317508339882,0.16093752032356978,0,137,0,disabled,0,0.0,50.0,alpha
1320,0.22013279795646667,-0.020024152472615242,-20.636144638061523,-0.2094707190990448,0.9679811000823975,0.017509043216705322,102,11,23,0.011623975820839405,0.5244755244755245,0.3,120,136,wall,both,1,1,1,1,1,1,0.0,2,2,0,alpha,full,huber,-10.556582582879665,4.064305422057241,1.9157115554728357,-11.101851118273418,4.518252747134475,1.8631972892599002,-11.370594235252007,4.5563027711182205,1.9065247037317992,169.79139068728676,0.01162397675216198,250,1.1356223821640015,1.0,1.0,disabled,single,3,row_9,row_10,-0.2094707190990448,-0.5570936799049377,0.5585436219006948,0.39453575114265815,0.8357887876242693,0.34762296080589294,0.3729518389616091,1,138,0,disabled,0,0.0,50.0,alpha
1324,0.5622149705886841,-0.13061390817165375,-46.879756927490234,-0.10729119926691055,0.6518425941467285,0.05615127086639404,35,0,98,0.008285955525934696,0.5300353356890459,0.3,120,133,wall,both,1,1,1,1,1,1,0.0,1,1,0,alpha,full,huber,-13.017220013756571,5.575423544847006,2.051603687522226,-11.463896426619442,5.2853812027647145,1.9379057720900819,-11.545407236460283,5.288133358485057,1.9264056872631112,219.0769021099791,0.00828595645725727,250,2.2266225814819336,1.0,1.0,disabled,single,3,row_10,row_9,-0.10729119926691055,-2.18207049369812,0.8877502113473816,0.11148734820657945,0.3557592802702499,2.0747792944312096,0.011773669821224991,1,139,0,disabled,0,0.0,50.0,alpha
1328,0.5642082691192627,-0.13154172897338867,-27.612321853637695,-0.20824232697486877,0.8844283223152161,0.09182697534561157,107,0,30,0.009229220449924469,0.5226480836236934,0.3,120,137,wall,both,1,1,1,1,1,1,0.0,1,1,0,alpha,full,huber,-11.423225565563381,5.1857900962312575,2.1205412214827106,-11.613379863078356,5.74262062897602,1.982967495066329,-11.687033342832846,5.805199987966027,1.959608174110329,204.44168818564904,0.009229221381247044,250,1.192520797252655,1.0,1.0,disabled,single,3,row_10,row_9,-0.20824232697486877,-0.6080327033996582,0.5894961128265487,0.395233903148459,0.7422849037314221,0.39979037642478943,0.3202448260693125,0,139,0,disabled,0,0.0,50.0,alpha
1332,0.8373717069625854,-0.28974848985671997,-48.481201171875,-0.06532681733369827,0.006696408614516258,0.12650150060653687,79,0,41,0.008113354444503784,0.5555555555555556,0.3,120,120,wall,both,1,1,1,1,1,1,0.0,2,2,0,alpha,full,huber,-12.281242317417272,4.967492304519493,2.1970969497165393,-11.872122139532472,5.90001661683658,2.047038886725803,-11.852816626366668,6.031385069851964,2.0048318930741864,213.24473611489302,0.008113354444503784,250,2.07919180393219,1.0,1.0,disabled,single,3,row_10,row_9,-0.06532681733369827,-1.4412535429000854,0.7960331306809161,0.20108226056329817,0.5210011556588491,1.3759267255663872,0.16278765521176733,0,139,0,disabled,0,0.0,50.0,alpha
1336,0.840676486492157,-0.292040079832077,-41.37178039550781,-0.16867603361606598,0.7138832807540894,0.11652958393096924,53,0,67,0.00887372251600027,0.5555555555555556,0.3,120,120,wall,both,1,1,1,1,1,1,0.0,2,2,0,alpha,full,huber,-13.074599838233597,5.538829336815632,2.202477319694953,-12.014537883662548,6.09782589853125,2.088328443341368,-12.00129435083354,6.210484626556821,2.0488100846945283,205.54673609483086,0.008873723447322845,250,1.7722380757331848,1.0,1.0,disabled,single,3,row_10,row_9,-0.16867603361606598,-2.302070140838623,0.8935043448633757,0.10582185743612871,0.3432083983867139,2.133394107222557,-0.05607195196739233,0,139,0,disabled,0,0.0,50.0,alpha
1340,1.0424402952194214,-0.44904205203056335,0.0,-0.033628419041633606,0.1332484930753708,0.0852777361869812,0,0,0,0.009377592243254185,0.5,0.3,0,0,wall,both,1,1,1,1,1,1,0.0,0,0,0,alpha,full,huber,-12.524804277397791,5.793259275410808,2.1308760620307536,-12.280158302053495,6.570044238236723,2.0516149503247045,-12.304671287519763,6.7067062098511325,2.0549191768757904,200.94045665339755,0.00937759317457676,250,1.7542995810508728,1.0,1.0,disabled,single,3,row_10,row_9,-0.033628419041633606,-1.536397933959961,0.8161286167173785,0.18159926996661463,0.4894539650066963,1.5027695149183273,0.16955489887069228,0,139,0,disabled,0,0.0,50.0,alpha
1344,1.1274330615997314,-0.5252501368522644,-34.558292388916016,-0.7944042682647705,1.8845570087432861,0.03558945655822754,41,0,46,0.016358135268092155,0.6329113924050632,0.3,87,87,wall,both,1,1,1,1,1,1,0.0,3,3,0,alpha,full,huber,-11.179537712082608,8.301968458855628,1.4132789321802957,-12.376738992378133,7.895372897046952,1.9059168573206298,-12.65061065483908,7.890367662907208,1.9924106471720293,170.47246170776927,0.016358135268092155,250,3.0441012382507324,0.9855125586177697,1.0,disabled,single,3,row_9,row_10,-0.7944042682647705,-1.2710543870925903,0.5838663568325555,0.3624991018991798,0.8389197351249298,0.4766501188278198,-0.2563211048826096,1,140,0,disabled,0,0.0,50.0,alpha
1348,4.00277042388916,-6.205215930938721,-35.78937530517578,-1.03988778591156,1.9227521419525146,0.23128491640090942,48,0,36,0.024617983028292656,0.641025641025641,0.3,84,84,wall,both,1,1,1,1,1,1,0.0,3,3,0,alpha,full,huber,-14.261907484391907,6.971079588124304,2.4088664749640802,-12.88554275931936,8.088601504674475,2.3364761156136455,-12.890748562912064,8.262994204399474,2.344496484729393,151.0666208172939,0.024617986753582954,250,4.867682218551636,0.6163097477001367,1.0,disabled,single,3,row_10,row_9,-1.03988778591156,-4.2825798988342285,0.9623104443710367,0.037586501862757166,0.16124172746833926,3.2426921129226685,-1.0014696127827456,1,141,0,disabled,0,0.0,50.0,alpha
1352,0.2547135055065155,-0.026809493079781532,-33.12375259399414,-1.933455228805542,1.6849069595336914,0.5649190545082092,39,0,27,0.012997697107493877,0.6944444444444444,0.3,66,66,wall,both,1,1,1,1,1,1,0.0,2,2,0,alpha,full,huber,-12.526656530129015,7.97671658142117,2.8355678656042365,-13.031368249537305,8.172717217151256,2.5779373419196414,-13.026495523392372,8.284841988201158,2.5676194391809535,180.9277721979103,0.012997697107493877,250,1.1919193267822266,1.0,1.0,disabled,single,3,row_10,row_9,-1.933455228805542,-3.150765895843506,0.7667745191359496,0.22698458630841103,0.5718986325464824,1.2173106670379639,-1.6678927303122835,0,141,0,disabled,0,0.0,50.0,alpha
1356,1.0177998542785645,-0.4280647039413452,-47.81059646606445,-2.987551212310791,3.2118539810180664,0.4126752018928528,17,0,63,0.011496225371956825,0.6521739130434783,0.3,58,80,wall,both,1,1,1,1,1,1,0.0,1,1,0,alpha,full,huber,-13.328332216343997,9.386025430612024,2.657946624951043,-13.3147559193726,8.526295596311662,2.948273603426169,-13.346221871494851,8.519107237608193,2.9534529632883118,194.14340772057295,0.0114962263032794,250,2.1497520208358765,1.0,1.0,disabled,single,3,row_10,row_9,-2.987551212310791,-4.696938514709473,0.8450257395200789,0.15292992125713434,0.4421203540531236,1.7093873023986816,-2.8191630211924092,0,141,1,disabled,0,0.0,50.0,alpha
1360,0.2988045811653137,-0.036894287914037704,0.0,-3.9424266815185547,3.2903378009796143,0.6135644912719727,0,0,0,0.013054479844868183,0.5,0.3,0,0,wall,both,1,1,1,1,1,1,0.0,0,0,0,alpha,full,huber,-11.131686874572111,9.917000631740548,2.8549028878559177,-13.548795250748485,8.73151675920316,-2.7653423678961815,-13.723301307980165,8.677820567920126,-2.7559519980889124,192.77843342903603,0.013054479844868183,250,3.144192337989807,0.954140102611536,1.0,disabled,single,3,row_9,row_10,-3.9424266815185547,-4.696654319763184,0.6047495235346709,0.28445831521427606,0.9055190807255075,0.7542276382446289,-3.4394857641546785,1,142,1,disabled,0,0.0,50.0,alpha
1364,0.6270162463188171,-0.1624584197998047,0.0,-1.9717061519622803,2.9460136890411377,0.10268813371658325,0,0,0,0.008341358974575996,0.5,0.3,0,0,wall,both,1,1,1,1,1,1,0.0,0,0,0,alpha,full,huber,-12.795672406110874,9.220158710556044,-1.8838479856522352,-13.791809368060104,8.693344554453613,-2.1613924461131586,-14.02001511398042,8.57903227194455,-2.144964503785154,215.37805288079767,0.008341358974575996,250,2.248391628265381,1.0,1.0,disabled,single,3,row_10,row_9,-1.9717061519622803,-3.031426191329956,0.7391548856337157,0.256156208478186,0.5974289681855826,1.0597200393676758,-1.6694583601054593,1,143,1,disabled,0,0.0,50.0,alpha
1368,2.4155232906341553,-2.411054849624634,0.0,-0.930084764957428,0.368326336145401,0.46955788135528564,0,0,0,0.013755504973232746,0.5,0.3,0,0,wall,both,1,1,1,1,1,1,0.0,0,0,0,alpha,full,huber,-12.79126827869692,5.99258286377001,-0.4150184634718532,-14.329508403604075,6.614217082940048,-0.7873586667119215,-14.782244267350059,6.657506725359344,-0.9204090987823226,168.94156153305497,0.013755504973232746,250,4.606141090393066,0.6513044088590856,1.0,disabled,single,3,row_10,row_9,-0.930084764957428,-2.6092584133148193,0.8414431550094087,0.15695275100046283,0.44623347694956694,1.6791736483573914,-0.7574479453451016,0,143,0,disabled,0,0.0,50.0,alpha
1372,1.567755103111267,-1.0156431198120117,0.0,-0.3752387464046478,1.0816506147384644,0.1680334210395813,0,0,0,0.007588447071611881,0.5,0.3,0,0,wall,both,1,1,1,1,1,1,0.0,0,0,0,alpha,full,huber,-13.44765133183325,5.548694800544092,-0.8385393217241055,-13.813679263224902,6.1712449828320395,-0.6194681719258547,-14.219490134478098,6.311234394051954,-0.7511113914584389,208.3761530085834,0.007588448002934456,250,2.663225769996643,1.0,1.0,disabled,single,3,row_10,row_9,-0.3752387464046478,-2.9016005992889404,0.92567909688909,0.07400745075872561,0.26670193596322955,2.5263618528842926,-0.29801109437120976,0,143,0,disabled,0,0.0,50.0,alpha
1376,2.1214897632598877,-1.8598010540008545,0.0,-1.188057780265808,0.9189273715019226,0.495075523853302,0,0,0,0.009744621813297272,0.5,0.3,0,0,wall,both,1,1,1,1,1,1,0.0,0,0,0,alpha,full,huber,-11.575082949589696,6.530926177747978,0.6733978773907663,-13.280153820796714,6.005282210444248,-0.4717707150441713,-13.654428920352974,6.069192232478455,-0.5762964532929855,207.9675014406787,0.009744621813297272,250,4.4854958057403564,0.6688223843974441,1.0,disabled,single,3,row_10,row_9,-1.188057780265808,-1.4457995891571045,0.5559365626798283,0.42962484867762357,0.7505450474168488,0.2577418088912964,-0.6009566931252317,0,143,0,disabled,0,0.0,50.0,alpha
1380,1.134080171585083,-0.5314618945121765,0.0,-0.40627193450927734,1.3520193099975586,0.003816545009613037,0,0,0,0.00980507954955101,0.5,0.3,0,0,wall,both,1,1,1,1,1,1,0.0,0,0,0,alpha,full,huber,-13.654721208331877,5.012037257706222,-1.3655537235837851,-13.242431178525601,5.690194120126366,-0.5373903732301031,-13.339022481509696,5.808590515253659,-0.5238239798876219,200.273644277859,0.00980507954955101,250,2.2369282245635986,1.0,1.0,disabled,single,3,row_10,row_9,-0.40627193450927734,-3.3027865886688232,0.947518210285765,0.05231753028025922,0.20687012808495653,2.896514654159546,-0.3523628115979938,0,143,0,disabled,0,0.0,50.0,alpha
1384,0.9319310188293457,-0.3588823974132538,0.0,-0.9786127805709839,1.8854146003723145,0.2149922251701355,0,0,0,0.011906404979526997,0.5,0.3,0,0,wall,both,1,1,1,1,1,1,0.0,0,0,0,alpha,full,huber,-14.12287698546255,4.429545504729395,-0.7848612769454149,-13.283227497251895,5.347565357326928,-0.636022324864239,-13.19849495544199,5.513017131789448,-0.5673312274715094,175.73167578703783,0.011906404979526997,250,2.4369957447052,1.0,1.0,disabled,single,3,row_10,row_9,-0.9534019231796265,-4.4711503982543945,0.9711400869083849,0.028809991485912522,0.13112386835159698,3.517748475074768,-0.9241173728432266,0,143,0,disabled,0,0.0,50.0,alpha
1388,5.356208801269531,-9.560848236083984,-29.528057098388672,-0.35700950026512146,1.2659541368484497,0.014577150344848633,67,0,53,0.009512176737189293,0.5555555555555556,0.3,120,120,wall,both,1,1,1,1,1,1,0.0,1,1,0,alpha,full,huber,-13.503621953290363,4.4678214155033,-1.2819946364141581,-13.474116924345907,5.046947368803551,-0.7435171171561004,-13.227280591872917,5.210510234481296,-0.6605460340893097,186.8701488227738,0.009512176737189293,250,5.98850679397583,0.5009596053256324,1.0,disabled,single,3,row_10,row_9,-0.35700950026512146,-3.2172694206237793,0.945665893267403,0.05414303862566931,0.21235453320820571,2.860259920358658,-0.30114354958842826,0,143,0,disabled,0,0.0,50.0,alpha
1392,1.3279401063919067,-0.7286880016326904,-34.84830856323242,-0.5028156042098999,1.4988105297088623,0.029732465744018555,48,0,72,0.012276523746550083,0.5555555555555556,0.3,120,120,wall,both,1,1,1,1,1,1,0.0,1,1,0,alpha,full,huber,-13.875156729046934,5.589877448164737,-1.1822301945741869,-13.708376895460992,4.810103703540431,-0.9344173744531065,-13.36583747759154,4.931061773117172,-0.7933233872480052,172.55167105839524,0.012276523746550083,250,1.9893916249275208,1.0,1.0,disabled,single,3,row_10,row_9,-0.5028156042098999,-3.515331506729126,0.9530167849240645,0.046857759237533714,0.19040350997944736,3.012515902519226,-0.45469284144886124,0,143,0,disabled,0,0.0,50.0,alpha
1396,1.388229250907898,-0.7963555455207825,0.0,-0.5248151421546936,1.5367717742919922,0.00020515918731689453,0,0,0,0.007888875901699066,0.5,0.3,0,0,wall,both,1,1,1,1,1,1,0.0,0,0,0,alpha,full,huber,-13.661215640562625,3.679892425682759,-1.3518756702400323,-13.121511457333401,3.4795652122376612,-1.0937287359170937,-12.652721778380126,3.604918912119463,-0.9583893234215664,205.8818168448455,0.007888875901699066,250,2.3660420179367065,1.0,1.0,disabled,single,3,row_10,row_9,-0.5248151421546936,-3.7255191802978516,0.9607630842051637,0.03913525839724351,0.16621836956354713,3.200704038143158,-0.48478771126551323,0,143,0,disabled,0,0.0,50.0,alpha
1400,1.104932427406311,-0.5044940710067749,-23.473731994628906,-0.2660311162471771,1.0941258668899536,0.001250147819519043,80,0,40,0.01202729344367981,0.5555555555555556,0.3,120,120,wall,both,1,1,1,1,1,1,0.0,4,4,0,alpha,full,huber,-12.85822462369457,1.8952101915983406,-1.332391542463235,-12.839469871083587,2.4102882221096986,-1.1240765941334288,-12.464713248929455,2.6070633662455416,-1.0098443921671079,177.5707172523392,0.012027294375002384,250,1.7906997203826904,1.0,1.0,disabled,single,3,row_10,row_9,-0.2660311162471771,-2.8927347660064697,0.9322930576142844,0.06742012440315831,0.2495201303540757,2.6267036497592926,-0.19592304202519734,0,143,0,disabled,0,0.0,50.0,alpha
1404,3.2526369094848633,-4.345380783081055,-26.097454071044922,-0.30290016531944275,1.0604363679885864,0.11395782232284546,111,2,9,0.0204079020768404,0.551470588235294,0.3,120,122,wall,both,1,1,1,1,1,1,0.0,2,2,0,alpha,full,huber,-10.747407360206733,2.328209891919527,-0.9003406309522024,-12.21828073204711,2.04942657180065,-1.0768176257086597,-12.246924294720031,2.177717763926395,-1.0366997354658132,156.55840674703347,0.0204079020768404,250,4.382493257522583,0.684541840389709,1.0,disabled,single,3,row_10,row_9,-0.30290016531944275,-0.5209183096885681,0.5428214809021277,0.43648864319360786,0.7737338601386623,0.21801814436912537,0.30807461223644284,0,143,0,disabled,0,0.0,50.0,alpha
1408,2.659125804901123,-2.9218802452087402,-31.768524169921875,-0.18228721618652344,0.8550456166267395,0.06968408823013306,94,32,8,0.012324311770498753,0.528169014084507,0.3,88,134,wall,both,1,1,1,1,1,1,0.0,2,2,0,alpha,full,huber,-11.028567048082778,2.706217942704218,-1.0068767672607182,-11.829042263615232,1.801877559374361,-1.0535368921368555,-11.889141977217573,1.7381356067546565,-1.0376762968619624,199.4381512822147,0.012324312701821327,250,3.4733588695526123,0.8637172583282235,1.0,disabled,single,3,row_10,row_9,-0.18228721618652344,-0.629462718963623,0.6011774849537502,0.38441192701287025,0.7345295205566588,0.4471755027770996,0.32657785579479914,0,143,0,disabled,0,0.0,50.0,alpha
1412,1.2311941385269165,-0.6263797283172607,-28.57264518737793,-0.23899626731872559,1.0368423461914062,0.004900872707366943,65,4,56,0.008876259438693523,0.5454545454545454,0.3,120,125,wall,both,1,1,1,1,1,1,0.0,1,1,0,alpha,full,huber,-12.444072002627838,0.19562087654353155,-1.353903857181379,-11.9335879124929,1.0059695797145367,-1.1548331521761157,-11.763268866284328,1.1210915615789236,-1.0890992915311344,201.469035286048,0.008876259438693523,250,2.293513298034668,1.0,1.0,disabled,single,3,row_10,row_9,-0.23899626731872559,-2.784494638442993,0.9269320547418749,0.07270294523554817,0.2638017452228156,2.5454983711242676,-0.1631212553605888,0,143,0,disabled,0,0.0,50.0,alpha
1416,0.9183101058006287,-0.3484683632850647,-24.347091674804688,-0.2683045566082001,1.0987439155578613,0.002682805061340332,75,4,45,0.010359672829508781,0.5474452554744526,0.3,120,124,wall,both,1,1,1,1,1,1,0.0,1,1,0,alpha,full,huber,-12.479536976900285,-0.031198559881507715,-1.3320479695523464,-12.211041883896275,0.3437372343176851,-1.2830410678725723,-11.881750338791202,0.530786363593079,-1.1887580853886952,171.5193373578711,0.010359672829508781,250,1.5598697066307068,1.0,1.0,disabled,single,3,row_10,row_9,-0.2683045566082001,-2.8909530639648438,0.9320119106280134,0.06767366352606342,0.2504075484470664,2.6226485073566437,-0.19789487187378646,0,143,0,disabled,0,0.0,50.0,alpha
1420,1.1147127151489258,-0.5134646892547607,-26.441020965576172,-0.3881048560142517,1.321541428565979,8.219480514526367e-05,72,0,48,0.018834322690963745,0.5555555555555556,0.3,120,120,wall,both,1,1,1,1,1,1,0.0,1,1,0,alpha,full,huber,-12.85328577602059,0.8313244017314569,-1.2847049392787313,-12.356038537579309,0.18346590083930436,-1.3234535661500344,-12.046361823770926,0.17659707198365612,-1.251026163498831,146.6306445512498,0.018834320828318596,250,2.347588539123535,1.0,1.0,disabled,single,3,row_10,row_9,-0.3881048560142517,-3.2413330078125,0.9453059468835648,0.054504347907951334,0.21337510120793754,2.8532281517982483,-0.33185820544500305,0,143,0,disabled,0,0.0,50.0,alpha
1424,2.1194045543670654,-1.856147050857544,-25.6406192779541,-0.38834348320961,1.2410955429077148,0.10621857643127441,112,21,8,0.013550720177590847,0.5154639175257733,0.3,120,141,wall,both,1,1,1,1,1,1,0.0,1,1,0,alpha,full,huber,-10.02074134034081,-0.3458195872321339,-0.9296751791269386,-11.978778057871612,-0.8182212183864486,-1.2714028278529659,-11.818739876153629,-0.9061638076846967,-1.2567440325652848,194.02288370521413,0.013550721108913422,250,2.8103402853012085,1.0,1.0,disabled,single,3,row_9,row_10,-0.38834348320961,-0.41189834475517273,0.4904977726227721,0.4790791751859855,0.808201966507746,0.023554861545562744,0.3239910578115236,1,144,0,disabled,0,0.0,50.0,alpha
1428,2.6873104572296143,-2.984147787094116,-33.72758865356445,-0.44539088010787964,1.4154187440872192,0.006797492504119873,70,3,62,0.009890819899737835,0.5263157894736842,0.3,120,135,wall,both,1,1,1,1,1,1,0.0,3,3,0,alpha,full,huber,-12.708376571698935,-0.5894382550886296,-1.2886509564237718,-12.157071461096454,-1.2350597017890448,-1.3538678666628645,-11.91757972910008,-1.2871315472518048,-1.305104592847598,193.3403846111562,0.009890819899737835,250,3.4688477516174316,0.8648404931006787,1.0,disabled,single,3,row_10,row_9,-0.44539088010787964,-3.4320857524871826,0.9518261741240581,0.0480233598244207,0.19412091270958934,2.986694872379303,-0.3960180290396656,1,145,0,disabled,0,0.0,50.0,alpha
1432,2.428586721420288,-2.437204122543335,-32.11400604248047,-0.25385352969169617,1.068718671798706,0.003141462802886963,77,2,78,0.013289744965732098,0.4885993485342019,0.3,119,157,wall,both,1,1,1,1,1,1,0.0,3,3,0,alpha,full,huber,-12.223618657750986,-1.3873395677911757,-1.3260288487428673,-12.165881090582676,-1.727981807494473,-1.3942458985362607,-11.956610046481188,-1.8203550114280205,-1.3464894740453814,182.26545912519566,0.013289744965732098,250,2.7967735528945923,1.0,1.0,disabled,single,3,row_10,row_9,-0.25385352969169617,-2.8677561283111572,0.9314897218553349,0.06822987763385181,0.2515899548994012,2.613902598619461,-0.18288340671859893,0,145,0,disabled,0,0.0,50.0,alpha
1436,1.634780764579773,-1.1043422222137451,-34.217811584472656,-0.3278678357601166,1.21462881565094,0.0021142959594726562,48,8,62,0.014592111110687256,0.5597014925373135,0.3,85,118,wall,both,1,1,1,1,1,1,0.0,2,2,0,alpha,full,huber,-12.251627161520021,-2.046525017263642,-1.3223534974221183,-12.257035307553114,-2.1858516928587193,-1.4925152816062661,-12.034558788332482,-2.319847365070536,-1.4250653759342091,175.29942017559063,0.014592111110687256,250,1.9927653074264526,1.0,1.0,disabled,single,3,row_10,row_9,-0.3278678357601166,-3.1089060306549072,0.9414562204294067,0.05834593277210718,0.22426500471329264,2.7810381948947906,-0.2675404039845911,0,145,0,disabled,0,0.0,50.0,alpha
1440,2.530447244644165,-2.645935297012329,-31.48204803466797,-0.30643773078918457,1.174295425415039,6.556510925292969e-06,67,0,68,0.023329123854637146,0.5263157894736842,0.3,120,135,wall,both,1,1,1,1,1,1,0.0,1,1,0,alpha,full,huber,-11.876505107983078,-3.7968295185851098,-1.3816464128768589,-11.973124059655,-2.886728662984326,-1.3493379397491987,-11.966727694807261,-2.856155519713961,-1.3832780014759425,142.25262759259616,0.023329125717282295,229,3.4863996505737305,0.8604865479223854,1.0,disabled,single,3,row_10,row_9,-0.30643773078918457,-2.9794702529907227,0.9352018124786612,0.06456870340747259,0.24149480376287413,2.673032522201538,-0.2394448000283202,0,145,0,disabled,0,0.0,50.0,alpha
1444,0.8302586674690247,-0.28484687209129333,-35.60454177856445,-0.32578372955322266,1.2107855081558228,0.0011715292930603027,62,0,80,0.024149933829903603,0.5136986301369862,0.3,120,142,wall,both,1,1,1,1,1,1,0.0,2,2,0,alpha,full,huber,-11.934717536400127,-3.689072535293416,-1.329615265934434,-11.85498600998092,-3.789692062836323,-1.4163977000812225,-11.820059438027528,-3.801440602007789,-1.4113132825848014,83.09667551347592,0.024149935692548752,107,1.0964319705963135,1.0,1.0,disabled,single,3,row_10,row_9,-0.32578372955322266,-3.046325445175171,0.938030327180864,0.061759052540586806,0.2337605997001438,2.7205417156219482,-0.2618107308039725,0,145,0,disabled,0,0.0,50.0,alpha
1448,0.5942808985710144,-0.1459379345178604,-40.15069580078125,-0.10125268995761871,0.6697185039520264,0.019680678844451904,55,0,70,0.033892568200826645,0.5454545454545454,0.3,120,125,wall,both,1,1,1,1,1,1,0.0,1,1,0,alpha,full,huber,-11.334530706980063,-3.9396334107408486,-1.576748710823872,-11.664244424857007,-4.524812923470172,-1.4193964341292935,-11.66996351515646,-4.611922700149858,-1.4237589995352453,60.60872593813441,0.033892568200826645,87,1.086661458015442,1.0,1.0,disabled,single,3,row_10,row_9,-0.10125268995761871,-2.203341484069824,0.8904931505920982,0.10881907241001637,0.3496558760052023,2.1020887941122055,0.014727177967169838,0,145,0,disabled,0,0.0,50.0,alpha
1452,0.42780929803848267,-0.07562842965126038,-39.518699645996094,-0.396818071603775,1.3362722396850586,0.0017732977867126465,42,20,87,0.02840045467019081,0.5016722408026756,0.3,120,149,wall,both,1,1,1,1,1,1,0.0,1,1,0,alpha,full,huber,-11.765028859008753,-5.117429741700275,-1.4669539252757184,-11.51550588445293,-5.366394050155565,-1.3923486140560748,-11.525883588117242,-5.440531124929338,-1.396821037197117,63.44577421259801,0.028400450944900513,83,0.9644451141357422,1.0,1.0,disabled,single,3,row_10,row_9,-0.396818071603775,-3.3059635162353516,0.9481324978971566,0.05169436666428128,0.20513783228804722,2.9091454446315765,-0.3435570508246425,0,145,0,disabled,0,0.0,50.0,alpha
1456,2.205010414123535,-2.009120225906372,-40.658050537109375,-0.29841160774230957,1.1588150262832642,1.7285346984863281e-06,41,52,79,0.023756790906190872,0.46583850931677023,0.3,120,172,wall,both,1,1,1,1,1,1,0.0,1,1,0,alpha,full,huber,-11.266405342918501,-6.990557360255891,-1.4023589208744622,-11.043821154646535,-7.013465969425249,-1.3172277096985088,-11.13339766438967,-7.088750628677257,-1.337892926524503,63.47661103021646,0.023756790906190872,80,2.1225240230560303,1.0,1.0,disabled,single,3,row_10,row_9,-0.29841160774230957,-2.9753036499023438,0.9354124350396771,0.06433446539296989,0.24106336118864408,2.676892042160034,-0.23164386778407642,0,145,0,disabled,0,0.0,50.0,alpha
1460,0.4220447242259979,-0.0736040249466896,0.0,-0.04397914186120033,0.4407835602760315,0.014031052589416504,0,0,0,0.021734166890382767,0.5,0.3,0,0,wall,both,1,1,1,1,1,1,0.0,0,0,0,alpha,full,huber,-10.454908658747556,-7.438734976740649,-1.2220014353341087,-10.616918088578128,-7.6423630607694495,-1.2060352441695048,-10.785344785864527,-7.744182692038185,-1.2671126866078262,72.07927401205934,0.021734168753027916,97,0.9899351596832275,1.0,1.0,disabled,single,3,row_10,row_9,-0.04397914186120033,-1.9043179750442505,0.8642894575196426,0.1345006322523225,0.40401505284417444,1.8603388331830502,0.1018684041462792,0,145,0,disabled,0,0.0,50.0,alpha
1464,2.374366283416748,-2.3295931816101074,-29.922494888305664,-0.34098947048187256,1.2387021780014038,0.0019458532333374023,53,0,67,0.02135399356484413,0.5555555555555556,0.3,120,120,wall,both,1,1,1,1,1,1,0.0,1,1,0,alpha,full,huber,-10.911142490997268,-9.26683803512098,-1.3048517939971644,-10.242085771847313,-9.139436897140333,-1.2941552824029139,-10.286031702224253,-9.168358263555028,-1.271592365836898,81.23757446322657,0.02135399356484413,102,3.049225091934204,0.9838565240511715,1.0,disabled,single,3,row_10,row_9,-0.34098947048187256,-3.0424253940582275,0.936881296222093,0.06287324186909904,0.23707109002393484,2.701435923576355,-0.2757907807845484,0,145,0,disabled,0,0.0,50.0,alpha
1468,2.7275984287261963,-3.0742948055267334,0.0,-0.1745975911617279,0.8855013847351074,0.00926440954208374,0,0,0,0.011743317358195782,0.5,0.3,0,0,wall,both,1,1,1,1,1,1,0.0,0,0,0,alpha,full,huber,-10.306502331533913,-10.533518466044757,-1.2732654102272423,-10.130151050681501,-10.079423734027213,-1.3153758842030343,-10.074005471812963,-10.058579632362676,-1.2727433993323956,129.66291695597877,0.011743317358195782,148,3.466312289237976,0.8654730877290664,1.0,disabled,single,3,row_10,row_9,-0.1745975911617279,-2.595555067062378,0.9179749893214104,0.08154970157107366,0.28660966288652384,2.42095747590065,-0.08901245768101748,0,145,0,disabled,0,0.0,50.0,alpha
1472,2.0712809562683105,-1.772812008857727,0.0,-0.43245744705200195,1.3945369720458984,0.008494138717651367,0,0,0,0.005431699100881815,0.5,0.3,0,0,wall,both,1,1,1,1,1,1,0.0,0,0,0,alpha,full,huber,-10.842967956360239,-10.525785197773377,-1.2790598617300883,-10.293589280556247,-10.151825892129722,-1.373858526057458,-10.183797376184605,-10.105202762246199,-1.3233009626949266,231.75414595334428,0.005431699100881815,250,2.794983744621277,1.0,1.0,disabled,single,3,row_10,row_9,-0.43245744705200195,-3.43047833442688,0.9523364395206001,0.04750797006665269,0.19262345264330008,2.998020887374878,-0.3836205432869222,0,145,0,disabled,0,0.0,50.0,alpha
1476,0.19081538915634155,-0.015045667067170143,0.0,-0.11894595623016357,0.7313641309738159,0.004447340965270996,0,0,0,0.010457267984747887,0.5,0.3,0,0,wall,both,1,1,1,1,1,1,0.0,0,0,0,alpha,full,huber,-9.841979632919834,-10.835281180228254,-1.5038377759304073,-10.007033004135483,-10.891990961700863,-1.3049000867241514,-10.000429136059445,-10.874517697060831,-1.3018025855757323,145.6947267574746,0.010457267984747887,180,0.7745939195156097,1.0,1.0,disabled,single,3,row_10,row_9,-0.11894595623016357,-2.091043710708618,0.8768756403533217,0.12203006229654624,0.37936205831542574,1.9720977544784546,0.012444141628005945,0,145,0,disabled,0,0.0,50.0,alpha
1480,0.186002716422081,-0.01429628487676382,0.0,-0.06204012781381607,0.5025844573974609,0.038047969341278076,0,0,0,0.008944646455347538,0.5,0.3,0,0,wall,both,1,1,1,1,1,1,0.0,0,0,0,alpha,full,huber,-9.593120355134733,-10.686693331234837,-1.1327541528980758,-9.797868853298851,-10.933747247950105,-1.2725089727527055,-9.881733284409064,-10.967307238832376,-1.285551157373325,182.25710158510017,0.008944646455347538,235,0.6641591191291809,1.0,1.0,disabled,single,3,row_10,row_9,-0.06204012781381607,-1.7193435430526733,0.838253525839353,0.15981504475272162,0.4530263940637794,1.6573034152388573,0.11439455964013062,0,145,0,disabled,0,0.0,50.0,alpha
1484,0.9697087407112122,-0.3885681927204132,0.0,-0.4551323652267456,1.4311167001724243,0.00018268823623657227,0,0,0,0.00838825386017561,0.5,0.3,0,0,wall,both,1,1,1,1,1,1,0.0,0,0,0,alpha,full,huber,-10.466192167753947,-11.23998081244454,-1.428607637828316,-9.818773159670197,-11.530625249300208,-1.3167053794899388,-9.759164485182449,-11.559592920831026,-1.2949317937354186,183.68612494617273,0.008388254791498184,207,1.8187345266342163,1.0,1.0,disabled,single,3,row_10,row_9,-0.4551323652267456,-3.200718641281128,0.9394252546716657,0.060321101290951785,0.23018802608580125,2.7455862760543823,-0.392645343308017,0,145,0,disabled,0,0.0,50.0,alpha
1488,2.822880506515503,-3.292832374572754,0.0,-0.8097695708274841,1.9021106958389282,0.03757905960083008,0,0,0,0.007489400450140238,0.5,0.3,0,0,wall,both,1,1,1,1,1,1,0.0,0,0,0,alpha,full,huber,-9.887410132233033,-12.054929011056588,-1.1344755372701387,-9.85930043492683,-11.60570333345742,-1.3535245406817464,-9.806374788716917,-11.592742973578329,-1.3241030340563256,223.12388033692767,0.007489400450140238,250,3.38371205329895,0.8866002640724555,1.0,disabled,single,3,row_10,row_9,-0.8097695708274841,-3.0533604621887207,0.9035079552328503,0.09584133114743636,0.3212076462507441,2.2435908913612366,-0.7082992067451764,0,145,0,disabled,0,0.0,50.0,alpha
1492,2.1468076705932617,-1.9044559001922607,0.0,-0.1142018660902977,0.7158090472221375,0.009114503860473633,0,0,0,0.010299095883965492,0.5,0.3,0,0,wall,both,1,1,1,1,1,1,0.0,0,0,0,alpha,full,huber,-9.935126730880189,-10.754314968434457,-1.2743736138745991,-10.055300078269891,-11.548544853760948,-1.3944529558444962,-9.930661870519348,-11.571341082986788,-1.3592728395430174,189.0749783643587,0.010299095883965492,229,2.6789724826812744,1.0,1.0,disabled,single,3,row_10,row_9,-0.1142018660902977,-2.1726596355438232,0.8859744322292548,0.11309524312354212,0.3602499810212196,2.0584577694535255,0.006865320232202682,0,145,0,disabled,0,0.0,50.0,alpha
1496,1.1654926538467407,-0.5613112449645996,0.0,-0.11194881796836853,0.7082582712173462,0.010793745517730713,0,0,0,0.025651084259152412,0.5,0.3,0,0,wall,both,1,1,1,1,1,1,0.0,0,0,0,alpha,full,huber,-9.923715999704934,-10.753703911001532,-1.2624321895406119,-10.013685391311167,-11.34130699831201,-1.3517543648903445,-9.972173630915258,-11.456324040649399,-1.3555136022166807,104.3549601237839,0.025651084259152412,169,2.0141713619232178,1.0,1.0,disabled,single,3,row_10,row_9,-0.11194881796836853,-2.1573646068573,0.8846397778590325,0.11440728335295076,0.3630970089855319,2.0454157888889313,0.010625929533066361,0,145,0,disabled,0,0.0,50.0,alpha
1500,3.216215133666992,-4.2550787925720215,0.0,-1.0150723457336426,2.1335983276367188,0.029128193855285645,0,0,0,0.01616322435438633,0.5,0.3,0,0,wall,both,1,1,1,1,1,1,0.0,0,0,0,alpha,full,huber,-10.435364037536361,-12.10701558582369,-1.6514444837555327,-10.12424006640495,-11.403610671831084,-1.39804424396847,-10.048147596230601,-11.430238321803515,-1.3767779957925037,91.60836410787873,0.01616322435438633,97,4.132211208343506,0.7260035484010559,1.0,disabled,single,3,row_10,row_9,-1.0150723457336426,-3.9038925170898438,0.9471054313661905,0.05269867155755171,0.20824375322199706,2.888820171356201,-0.9607274857007158,0,145,0,disabled,0,0.0,50.0,alpha
1504,3.247572660446167,-4.33282470703125,0.0,-0.5637538433074951,1.5921353101730347,0.010428369045257568,0,0,0,0.032318115234375,0.5,0.3,0,0,wall,both,1,1,1,1,1,1,0.0,0,0,0,alpha,full,huber,-10.581554731907266,-11.352526203124963,-1.5540356832383815,-10.282057069742134,-11.383601602421523,-1.3988840036847965,-10.165000915906909,-11.407436105728484,-1.387828158480648,58.195788832104505,0.032318115234375,80,3.7113687992095947,0.8083271057942035,1.0,disabled,single,3,row_10,row_9,-0.5637538433074951,-3.464614152908325,0.9477093529151659,0.05210117784503112,0.20645947111449622,2.90086030960083,-0.5100464298201988,0,145,0,disabled,0,0.0,50.0,alpha
1508,1.4438774585723877,-0.8614802360534668,0.0,-0.2524935007095337,0.9682402610778809,0.10401839017868042,0,0,0,0.04428358003497124,0.5,0.3,0,0,wall,both,1,1,1,1,1,1,0.0,0,0,0,alpha,full,huber,-9.481600551103837,-11.163403678416323,-0.9493317119863551,-10.160255352812616,-11.378066326202271,-1.4183047996278977,-10.162628134359762,-11.392751215965378,-1.4030664790542726,60.29728447562115,0.04428358003497124,80,2.0626039505004883,1.0,1.0,disabled,single,3,row_10,row_9,-0.2524935007095337,-1.847076416015625,0.82951933045265,0.16838676360410437,0.46794088072487616,1.5945829153060913,-0.0655846348267535,0,145,0,disabled,0,0.0,50.0,alpha
1512,1.789278268814087,-1.3229408264160156,0.0,-0.6367296576499939,1.692705512046814,0.0013059377670288086,0,0,0,0.018648400902748108,0.5,0.3,0,0,wall,both,1,1,1,1,1,1,0.0,0,0,0,alpha,full,huber,-10.641814854476836,-11.433890024915659,-1.3583797284648784,-10.208065650968859,-11.429607217799262,-1.4568180771291503,-10.18534689266431,-11.41117921688232,-1.4299422780917113,73.45956038114836,0.018648400902748108,80,2.297271251678467,1.0,1.0,disabled,single,3,row_10,row_9,-0.6367296576499939,-3.6150145530700684,0.9514292101289041,0.04840874069867522,0.19537124809243497,2.9782848954200745,-0.5869396644534088,0,145,0,disabled,0,0.0,50.0,alpha
1516,3.919447183609009,-5.998629570007324,0.0,-0.8209474086761475,1.9121712446212769,0.04540377855300903,0,0,0,0.019028840586543083,0.5,0.3,0,0,wall,both,1,1,1,1,1,1,0.0,0,0,0,alpha,full,huber,-10.407236220953404,-11.872010867099219,-1.7119860425762323,-10.236610204421492,-11.484815872952632,-1.5030366965269975,-10.2109785485429,-11.447997544917477,-1.4664894873093541,73.46416696553337,0.019028840586543083,80,4.301126480102539,0.6974916952287532,1.0,disabled,single,3,row_10,row_9,-0.8209474086761475,-3.6449484825134277,0.9437467003869435,0.05602828936655901,0.2179983396149725,2.8240010738372803,-0.7630499339723977,0,145,0,disabled,0,0.0,50.0,alpha
1520,1.0308070182800293,-0.43907564878463745,0.0,-0.1122121512889862,0.7103773355484009,0.004165709018707275,0,0,0,0.0880216434597969,0.5,0.3,0,0,wall,both,1,1,1,1,1,1,0.0,0,0,0,alpha,full,huber,-9.940628695657939,-10.742844863655598,-1.3181832817268648,-9.974443418980677,-11.088304369339113,-1.315761617301948,-10.092710983761789,-11.268150957128295,-1.391125552305651,23.30586071018629,0.0880216434597969,80,1.9838241338729858,1.0,1.0,disabled,single,3,row_10,row_9,-0.1122121512889862,-2.1749603748321533,0.8864099441092861,0.11266640799633654,0.35932050167795554,2.062748223543167,0.008363593228214602,0,145,0,disabled,0,0.0,50.0,alpha
1524,0.9720848798751831,-0.3904748260974884,0.0,-0.24229803681373596,0.9441076517105103,0.10408914089202881,0,0,0,0.055576931685209274,0.5,0.3,0,0,wall,both,1,1,1,1,1,1,0.0,0,0,0,alpha,full,huber,-9.477736796028704,-11.139235342857857,-0.9491723584989136,-9.815950773262747,-11.011941062400188,-1.1587584121879029,-9.954330878512268,-11.14004600976424,-1.2749419822467767,41.87104067009664,0.05557693541049957,80,1.3501953482627869,1.0,1.0,disabled,single,3,row_10,row_9,-0.24229803681373596,-1.827985167503357,0.8282423349996012,0.1696298408001638,0.470120129335343,1.585687130689621,-0.05384854451614182,0,145,0,disabled,0,0.0,50.0,alpha
1528,0.6517606973648071,-0.17553389072418213,0.0,-0.20992355048656464,0.9680765271186829,0.020185410976409912,0,0,0,0.01876879669725895,0.5,0.3,0,0,wall,both,1,1,1,1,1,1,0.0,0,0,0,alpha,full,huber,-9.979401863126535,-11.029378876862346,-1.20822680061555,-9.90712837581978,-10.97718494555978,-1.2122958155569081,-9.930729627166023,-11.05861547766201,-1.2436188989018422,67.14165191881128,0.01876879669725895,80,0.7882361710071564,1.0,1.0,disabled,single,3,row_10,row_9,-0.20992355048656464,-2.3682332038879395,0.8957529258916336,0.10347757982522704,0.3388597041397182,2.158309653401375,-0.09983289409959965,0,145,0,disabled,0,0.0,50.0,alpha
1532,2.2020256519317627,-2.0036847591400146,0.0,-0.09885314106941223,0.6667121648788452,0.004264354705810547,0,0,0,0.0315873846411705,0.5,0.3,0,0,wall,both,1,1,1,1,1,1,0.0,0,0,0,alpha,full,huber,-9.966583033417814,-10.659556294438554,-1.3171075946382278,-9.949228250751101,-10.825154528458015,-1.2787707846719347,-9.939978938958562,-10.941885003060012,-1.2611948417868881,53.640133653483886,0.0315873883664608,80,2.548698663711548,1.0,1.0,disabled,single,3,row_10,row_9,-0.09885314106941223,-2.175020933151245,0.8877603795946022,0.11133393090421853,0.35643950917971917,2.076167792081833,0.020200274133545124,0,145,0,disabled,0,0.0,50.0,alpha
1536,2.085784912109375,-1.7977267503738403,0.0,-0.25361302495002747,1.0580008029937744,0.034524619579315186,0,0,0,0.02911587804555893,0.5,0.3,0,0,wall,both,1,1,1,1,1,1,0.0,0,0,0,alpha,full,huber,-9.944484528868188,-11.14973109906212,-1.1459571670570121,-9.950664888453012,-10.887605658505802,-1.2438154357736086,-9.945321913705786,-10.914745330782907,-1.2525051387802482,63.96249611682737,0.02911587804555893,80,2.373499870300293,1.0,1.0,disabled,single,3,row_10,row_9,-0.25361302495002747,-2.392408609390259,0.8939057122267892,0.10529908375956482,0.34295430693085427,2.1387955844402313,-0.14145804827149483,0,145,0,disabled,0,0.0,50.0,alpha
1540,4.0531134605407715,-6.330033302307129,0.0,-0.24511432647705078,1.038622498512268,0.036356449127197266,0,0,0,0.021966692060232162,0.5,0.3,0,0,wall,both,1,1,1,1,1,1,0.0,0,0,0,alpha,full,huber,-10.041594214009145,-11.074090692797085,-1.1390142556715177,-9.95186562658715,-10.937658634151536,-1.2136473617085526,-9.948593770146468,-10.926201982467221,-1.2330762502444002,73.96675607829621,0.02196669392287731,80,4.249781608581543,0.7059186274283198,1.0,disabled,single,3,row_10,row_9,-0.24511432647705078,-2.478137969970703,0.9025741025049548,0.09675936773735416,0.3233767336095703,2.2330236434936523,-0.1426098423700003,0,145,0,disabled,0,0.0,50.0,alpha
1544,0.9966981410980225,-0.41049885749816895,0.0,-0.27614444494247437,1.0799076557159424,0.06451553106307983,0,0,0,0.02393740601837635,0.5,0.3,0,0,wall,both,1,1,1,1,1,1,0.0,0,0,0,alpha,full,huber,-9.944556531756955,-11.173922328347883,-1.0483225851183176,-9.936758930009876,-11.027752237041504,-1.1658243806455653,-9.942676350078173,-10.976977109754362,-1.1994503154449825,62.20442542230487,0.02393740601837635,80,1.1417831778526306,1.0,1.0,disabled,single,3,row_10,row_9,-0.27614444494247437,-2.4099361896514893,0.8934343386132122,0.10577149919547067,0.3439562052991282,2.133791744709015,-0.1634620100175002,0,145,0,disabled,0,0.0,50.0,alpha
1548,4.407798767089844,-7.209418773651123,0.0,-0.24303553998470306,1.0234732627868652,0.050132691860198975,0,0,0,0.021924253553152084,0.5,0.3,0,0,wall,both,1,1,1,1,1,1,0.0,0,0,0,alpha,full,huber,-10.090790686112271,-11.022448282674699,-1.091505949004973,-9.946944409509928,-11.038735929697868,-1.1615930319348209,-9.94481037979405,-11.007856519726115,-1.1805216736899016,74.55568296652245,0.021924255415797234,80,4.523902654647827,0.6631442427077471,1.0,disabled,single,3,row_10,row_9,-0.24303553998470306,-2.5175185203552246,0.906184783626062,0.09320116860689527,0.3149771710346867,2.2744829803705215,-0.14452350168661726,0,145,0,disabled,0,0.0,50.0,alpha
1552,0.779233455657959,-0.25091108679771423,0.0,-0.13392634689807892,0.7704532146453857,0.022222399711608887,0,0,0,0.0622975192964077,0.5,0.3,0,0,wall,both,1,1,1,1,1,1,0.0,0,0,0,alpha,full,huber,-10.076716968091654,-10.692405713756315,-1.1982795844186693,-9.99075546804583,-10.873158193109928,-1.2218069614897722,-9.967780550714355,-10.940513125363019,-1.2011643175898368,36.373236517164536,0.0622975192964077,80,1.0587300658226013,1.0,1.0,disabled,single,3,row_10,row_9,-0.13392634689807892,-2.337796688079834,0.8999553425363478,0.09933269796659723,0.3294113945042697,2.203870341181755,-0.028516210605111253,0,145,0,disabled,0,0.0,50.0,alpha
1556,0.8279210925102234,-0.2832452058792114,0.0,-0.24796485900878906,1.0286765098571777,0.05603235960006714,0,0,0,0.032143525779247284,0.5,0.3,0,0,wall,both,1,1,1,1,1,1,0.0,0,0,0,alpha,full,huber,-10.112634332421136,-11.012643645719802,-1.0731472943535612,-10.008183912275086,-10.866620233906882,-1.224418478034038,-9.98798223149472,-10.90356667963495,-1.2127913978119371,65.8008559099162,0.03214352950453758,80,1.0212008953094482,1.0,1.0,disabled,single,3,row_10,row_9,-0.24796485900878906,-2.5430989265441895,0.9079377978235605,0.0914728131529342,0.3108478009471722,2.2951340675354004,-0.15138545168179512,0,145,0,disabled,0,0.0,50.0,alpha
1560,3.699812650680542,-5.454081058502197,0.0,-0.23992308974266052,1.038163423538208,0.010091722011566162,0,0,0,0.01846604235470295,0.5,0.3,0,0,wall,both,1,1,1,1,1,1,0.0,0,0,0,alpha,full,huber,-9.950316547740554,-11.124818978711048,-1.267302998527883,-10.012706991836477,-10.898163436003516,-1.203275192870403,-10.0003446116656,-10.900865057819233,-1.2080332953411699,75.81150215207529,0.0184660442173481,80,4.0101964473724365,0.7480930272046054,1.0,disabled,single,3,row_10,row_9,-0.23992308974266052,-2.3847291469573975,0.894475371147101,0.10473478647110011,0.34170801188961747,2.144806057214737,-0.12840517967691456,0,145,0,disabled,0,0.0,50.0,alpha
1564,4.0473856925964355,-6.315832138061523,0.0,-0.11195175349712372,0.7064806818962097,0.015941858291625977,0,0,0,0.027933869510889053,0.5,0.3,0,0,wall,both,1,1,1,1,1,1,0.0,0,0,0,alpha,full,huber,-9.86694013788647,-10.79155721507161,-1.2306931847747997,-9.968814524382514,-10.873387564350008,-1.2494504044782326,-9.984579568024056,-10.887126311084621,-1.228741849909701,65.55523312747523,0.027933869510889053,80,4.193258762359619,0.7154340263780545,1.0,disabled,single,3,row_10,row_9,-0.11195175349712372,-2.1002590656280518,0.8786338410271654,0.12030869952971175,0.375706468192743,1.988307312130928,0.017435277695377394,0,145,0,disabled,0,0.0,50.0,alpha
1568,1.8534214496612549,-1.419492244720459,0.0,-0.2936612665653229,1.127297282218933,0.052526772022247314,0,0,0,0.017096368595957756,0.5,0.3,0,0,wall,both,1,1,1,1,1,1,0.0,0,0,0,alpha,full,huber,-10.012406529789606,-11.193179175566534,-1.0839358829446017,-9.974668033636556,-10.903385373137118,-1.2302733563412611,-9.979623800830307,-10.89525584211087,-1.2295076031254808,76.99341621855368,0.017096368595957756,80,2.191925048828125,1.0,1.0,disabled,single,3,row_10,row_9,-0.2936612665653229,-2.5114662647247314,0.9012220780197325,0.09809601153085956,0.32646202045437994,2.2178049981594086,-0.189657694309604,0,145,0,disabled,0,0.0,50.0,alpha
