frame_idx,gps_dist,log_gps,log_semantic,log_corridor,corridor_dist,corridor_heading_misalign,correct_hits,incorrect_hits,no_hits,weight,gps_weight_used,corridor_weight_used,num_background_used,num_observations,semantic_model_used,semantic_classes_mode,gps_enabled,semantic_enabled,corridor_enabled,background_enabled,dynamic_gps_enabled,pose_smoothing_enabled,detection_drop_rate,detections_raw,detections_kept,detections_dropped,pose_backend_used,diagnostics_level,gnss_robust_mode,raw_best_x,raw_best_y,raw_best_theta,raw_weighted_x,raw_weighted_y,raw_weighted_theta,smoothed_x,smoothed_y,smoothed_theta,ess,max_weight,particle_count,gnss_innovation,gnss_robust_scale,gnss_row_gate_scale,gnss_row_gate_reason,row_likelihood_mode,row_mixture_top_k,row_hypothesis_id,row_hypothesis_second_id,row_hypothesis_score,row_hypothesis_second_score,row_hypothesis_prob,row_hypothesis_second_prob,row_hypothesis_entropy,row_hypothesis_gap,row_marginal_logscore,row_switch_event,row_switch_count,headland_flag,delayed_correction_status,delayed_correction_applied,delayed_correction_m,semantic_penalty_cap,smoother_status
0,0.4889717996120453,-0.09879893809556961,-44.11420822143555,-0.6191149950027466,1.6685525178909302,0.010303914546966553,42,0,84,0.04884488508105278,0.5434782608695653,0.3,120,126,wall,both,1,1,1,1,1,1,0.0,4,4,0,alpha,full,huber,-11.096596778912113,-10.160390338778699,8.150876344977195,-11.096596778912113,-10.160390338778699,8.150876344977195,-11.096596778912113,-10.160390338778699,8.150876344977195,38.59688911915554,0.04884488508105278,100,2.762012243270874,1.0,1.0,disabled,single,3,row_10,row_9,-0.6191149950027466,-3.50539493560791,0.9464609304153273,0.05279675609536024,0.21271987614307697,2.8862799406051636,-0.5640894078627486,0,0,0,disabled,0,0.0,50.0,alpha
4,0.6180275678634644,-0.15783391892910004,-34.704986572265625,-1.4051969051361084,1.339329719543457,0.496599018573761,53,0,72,0.012601817026734352,0.5454545454545454,0.3,120,125,wall,both,1,1,1,1,1,1,0.0,3,3,0,alpha,full,huber,-10.843689305247683,-9.640939095548898,2.76727862728006,-10.843689305247683,-9.640939095548898,2.76727862728006,-10.970143042079897,-9.9006647171638,2.3174848325388346,176.82659600637422,0.012601815164089203,235,1.566070556640625,1.0,1.0,disabled,single,3,row_10,row_9,-1.2258970737457275,-3.704594135284424,0.9189237712106108,0.07705397188119391,0.2973918865920954,2.4786970615386963,-1.1413449661387993,0,0,0,disabled,0,0.0,50.0,alpha
8,1.9721202850341797,-1.6071316003799438,-38.473777770996094,-0.11865552514791489,0.5161381959915161,0.12069249153137207,38,0,87,0.02966875024139881,0.5454545454545454,0.3,120,125,wall,both,1,1,1,1,1,1,0.0,3,3,0,alpha,full,huber,-9.702690407228303,-10.797556087273371,2.220402996960285,-10.621476103413627,-10.343444048675373,2.1884488145676793,-10.795809572746762,-10.122054382919586,2.2529668235532565,67.99690403393454,0.02966875024139881,107,2.501932144165039,1.0,1.0,disabled,single,3,row_10,row_9,-0.11865552514791489,-1.7789623737335205,0.8380287708760211,0.15929304944320938,0.45656678026967745,1.6603068485856056,0.05804732115388114,0,0,0,disabled,0,0.0,50.0,alpha
12,0.8238915801048279,-0.2804947793483734,-36.594974517822266,-1.4004900455474854,1.3169045448303223,0.49869877099990845,54,0,75,0.04644445702433586,0.5376344086021506,0.3,120,129,wall,both,1,1,1,1,1,1,0.0,4,4,0,alpha,full,huber,-10.824792567853402,-9.616366336392485,2.7697073161955936,-10.587492393424862,-10.257876092944123,2.0417217447833593,-10.691650983085811,-10.189965237931855,2.147344284168308,48.83818506317027,0.04644446074962616,80,0.8564919531345367,1.0,1.0,disabled,single,3,row_10,row_9,-1.2152618169784546,-3.6763510704040527,0.917458415325632,0.07829768224338812,0.3016613541270361,2.461089253425598,-1.1291137930021153,0,0,0,disabled,0,0.0,50.0,alpha
16,1.9797720909118652,-1.6196271181106567,-35.17485809326172,-1.3353711366653442,1.3685414791107178,0.474548876285553,60,0,66,0.02152303233742714,0.5434782608695653,0.3,120,126,wall,both,1,1,1,1,1,1,0.0,4,4,0,alpha,full,huber,-10.884512005959106,-9.567996271315634,2.741563849569972,-10.848698517338535,-10.112984567303883,2.161556125420831,-10.770174750212174,-10.151474902617869,2.1544502047945695,65.12763801930708,0.02152303420007229,80,1.9732711911201477,1.0,1.0,disabled,single,3,row_10,row_9,-1.1548384428024292,-3.6807596683502197,0.92243579851472,0.07378065374316695,0.28789734393699556,2.5259212255477905,-1.074100942207128,0,0,0,disabled,0,0.0,50.0,alpha
20,2.1782748699188232,-1.9606949090957642,-39.924564361572266,-0.025435153394937515,0.3151920437812805,0.028684020042419434,62,0,63,0.12096944451332092,0.5454545454545454,0.3,120,125,wall,both,1,1,1,1,1,1,0.0,2,2,0,alpha,full,huber,-9.134215943996418,-9.8697815545847,1.4839201586166046,-9.948448042957173,-10.506303691026993,2.183571580584879,-10.359311396584673,-10.328889296822432,2.169010892689724,13.285021305109558,0.12096944451332092,80,3.6958985328674316,0.8117105957647802,1.0,disabled,single,3,row_10,row_9,-0.025435153394937515,-0.8918994069099426,0.693970698101935,0.2917699018736437,0.6735316914831505,0.8664642535150051,0.3398903877268953,0,0,0,disabled,0,0.0,50.0,alpha
24,2.1749696731567383,-1.9547492265701294,-43.48356246948242,-1.2924607992172241,2.2916641235351562,0.1752874255180359,32,0,92,0.14601600170135498,0.5474452554744526,0.3,120,124,wall,both,1,1,1,1,1,1,0.0,6,6,0,alpha,full,huber,-11.454175867371283,-11.357052451750803,2.325115509555207,-10.365678461307326,-10.875637284626874,2.2359884385521043,-10.367223908498437,-10.595324408339298,2.2029218185239126,19.482266832817277,0.14601600170135498,80,3.4942314624786377,0.8585578924047425,1.0,disabled,single,3,row_10,row_9,-1.2924607992172241,-4.853626728057861,0.9722841765908963,0.027618399402661316,0.12735796993675103,3.561165928840637,-1.2643536447137016,0,0,0,disabled,0,0.0,50.0,alpha
28,0.572829008102417,-0.13559217751026154,-43.974342346191406,-0.1618937849998474,0.5907571315765381,0.1437469720840454,34,0,91,0.04151470586657524,0.5454545454545454,0.3,120,125,wall,both,1,1,1,1,1,1,0.0,4,4,0,alpha,full,huber,-9.65475671514502,-10.920273813510281,2.2668375431545815,-9.736637025174934,-10.82010941732238,2.2699204377364843,-10.060674846931526,-10.695777158450465,2.237055654285002,47.58159573469517,0.04151470586657524,80,0.6916670203208923,1.0,1.0,disabled,single,3,row_10,row_9,-0.1618937849998474,-1.80613374710083,0.8359546173702521,0.16147242161190886,0.4595611248432647,1.6442399621009827,0.017287167813378135,0,0,0,disabled,0,0.0,50.0,alpha
32,3.608617067337036,-5.227976322174072,-43.24641799926758,-0.08571238070726395,0.5454904437065125,0.06927520036697388,34,0,93,0.03183925524353981,0.5415162454873647,0.3,120,127,wall,both,1,1,1,1,1,1,0.0,4,4,0,alpha,full,huber,-9.676592228531192,-10.853973226653194,2.098419389399691,-9.785207219034664,-10.770229190815245,2.2728245077533775,-9.955619374494805,-10.691437384150259,2.2531727140965385,67.50600655591363,0.03183925524353981,80,3.7644108533859253,0.7969374536527088,1.0,disabled,single,3,row_10,row_9,-0.08571238070726395,-1.753660798072815,0.8391831303194979,0.1582981907251889,0.45398977726922995,1.667948417365551,0.08961394349266921,0,0,0,disabled,0,0.0,50.0,alpha
36,2.028223991394043,-1.6998730897903442,-43.48637008666992,-0.3116815686225891,0.900751531124115,0.17941099405288696,35,7,118,0.04359501972794533,0.48387096774193555,0.3,120,160,wall,both,1,1,1,1,1,1,0.0,4,4,0,alpha,full,huber,-10.241416525042172,-10.633693426485467,2.3323683791209753,-10.010475054524045,-10.58549802932238,2.277330110731952,-10.051391417748842,-10.554362047020575,2.2629956576452726,52.59260751497359,0.04359501972794533,80,2.3392350673675537,1.0,1.0,disabled,single,3,row_10,row_9,-0.3116815686225891,-2.431884527206421,0.8914432032404358,0.10697966476564714,0.3517268087148282,2.120202958583832,-0.19676801570542013,0,0,0,disabled,0,0.0,50.0,alpha
40,1.6482895612716675,-1.122668743133545,-40.8330192565918,-1.4358375072479248,1.0142873525619507,0.5438463687896729,68,0,88,0.040924184024333954,0.49019607843137253,0.3,120,156,wall,both,1,1,1,1,1,1,0.0,5,5,0,alpha,full,huber,-10.422762268244707,-10.236894445728488,2.821141007717781,-10.172882193832777,-10.338579521058971,2.3279795078952605,-10.17889187024071,-10.36594989257714,2.297140004622068,51.93447684628644,0.040924184024333954,80,1.912634015083313,1.0,1.0,disabled,single,3,row_10,row_9,-1.4358375072479248,-3.4252126216888428,0.8751118434589097,0.1196985602906036,0.3981395876620512,1.989375114440918,-1.3024339275508787,0,0,0,disabled,0,0.0,50.0,alpha
44,3.338449716567993,-4.558140277862549,-34.50164794921875,-0.14316828548908234,0.8009343147277832,0.012261688709259033,72,5,54,0.10506527125835419,0.5338078291814947,0.3,120,131,wall,both,1,1,1,1,1,1,0.0,4,4,0,alpha,full,huber,-10.25531500648376,-9.923255731794024,1.8807728094660492,-10.341962811147097,-10.12647073871874,2.2928221231271246,-10.32949717704238,-10.168459997386531,2.307953750717325,36.39978925172927,0.10506527125835419,80,3.465985655784607,0.8655546496544516,1.0,disabled,single,3,row_10,row_9,-0.14316828548908234,-2.1340746879577637,0.876911463943976,0.1197611845978153,0.3883299745365921,1.9909064024686813,-0.011819040469402992,0,0,0,disabled,0,0.0,50.0,alpha
48,3.3527960777282715,-4.5937089920043945,-35.80928421020508,-2.6227540969848633,1.4681100845336914,0.7247262001037598,62,0,68,0.05427214130759239,0.5357142857142857,0.3,120,130,wall,both,1,1,1,1,1,1,0.0,3,3,0,alpha,full,huber,-10.872762699907002,-10.296482088999536,3.015934710500045,-10.563221839834297,-10.012415462062052,2.368964298384124,-10.515893311592269,-10.013849414321037,2.348964200851965,54.22702128989922,0.05427214130759239,80,3.8175774812698364,0.7858386672487688,1.0,disabled,single,3,row_10,row_9,-2.520421028137207,-4.961175441741943,0.9156891534372258,0.07975205755012117,0.3069070359940267,2.4407544136047363,-2.4323427040934655,0,0,0,disabled,0,0.0,50.0,alpha
52,1.2470241785049438,-0.6425906419754028,-37.24066162109375,-1.1560938358306885,1.577709436416626,0.38434576988220215,61,0,75,0.029459727928042412,0.5244755244755245,0.3,120,136,wall,both,1,1,1,1,1,1,0.0,4,4,0,alpha,full,huber,-11.015604436469443,-10.089632485576447,2.631593134104042,-10.75846204717315,-9.904724480185404,2.3930806326101286,-10.709999844607893,-9.88540404344707,2.375425909473214,65.58697495515653,0.029459727928042412,80,1.4864557385444641,1.0,1.0,disabled,single,3,row_10,row_9,-1.1560938358306885,-3.792074203491211,0.9316299216235511,0.06675006615492932,0.2570658577192804,2.6359803676605225,-1.0852742128740251,0,0,0,disabled,0,0.0,50.0,alpha
56,1.0553748607635498,-0.46025460958480835,-29.187164306640625,-0.19326570630073547,0.9325747489929199,8.940696716308594e-07,81,0,58,0.11846800893545151,0.5190311418685121,0.3,120,139,wall,both,1,1,1,1,1,1,0.0,3,3,0,alpha,full,huber,-10.45894146075143,-9.467207458636729,1.7253300689157944,-10.614076449776281,-9.62903270195985,2.0352044788650696,-10.73697841983567,-9.685106470782294,2.2077845790041835,24.576045993079603,0.1184680163860321,80,1.364108681678772,1.0,1.0,disabled,single,3,row_10,row_9,-0.19326570630073547,-2.303158760070801,0.888457409066276,0.10772628984239237,0.3663591424629013,2.1098930537700653,-0.07499713799200873,0,0,0,disabled,0,0.0,50.0,alpha
60,3.803765058517456,-5.711813926696777,-32.838802337646484,-0.11239941418170929,0.6980984807014465,0.03169888257980347,106,0,30,0.0360436774790287,0.5244755244755245,0.3,120,136,wall,both,1,1,1,1,1,1,0.0,5,5,0,alpha,full,huber,-10.209444668570372,-9.546476467300202,1.9764717916572732,-10.588789976611926,-9.530400332983245,1.9233467216454132,-10.723231283235704,-9.526189287210006,2.067687865009736,55.11360631977056,0.0360436774790287,80,4.124904155731201,0.7272896258284588,1.0,disabled,single,3,row_10,row_9,-0.11239941418170929,-1.9763939380645752,0.8611254231424168,0.1335192472243815,0.42560012596998187,1.863994523882866,0.03711569950392027,0,0,0,disabled,0,0.0,50.0,alpha
64,1.643351674079895,-1.1159523725509644,-35.710445404052734,-0.3636525869369507,1.279192328453064,0.002376258373260498,52,17,70,0.024550721049308777,0.5190311418685121,0.3,120,139,wall,both,1,1,1,1,1,1,0.0,4,4,0,alpha,full,huber,-10.737491678249343,-9.934585299375696,1.7929654510252977,-10.762773715301995,-9.454838548139115,1.9101727191556648,-10.795695334173988,-9.393343635370236,1.9893970250937745,71.29746868422438,0.024550724774599075,80,2.0460957288742065,1.0,1.0,disabled,single,3,row_10,row_9,-0.3636525869369507,-2.835120439529419,0.9206339319474428,0.07775747101163838,0.28508198844675725,2.4714678525924683,-0.2809597971721037,0,0,0,disabled,0,0.0,50.0,alpha
68,1.1500636339187622,-0.5465481281280518,-34.52423095703125,-2.5450668334960938,2.512376308441162,0.5290427207946777,64,0,71,0.030843572691082954,0.5263157894736842,0.3,120,135,wall,both,1,1,1,1,1,1,0.0,7,7,0,alpha,full,huber,-12.039776271910405,-9.581781351562904,2.8044336636340965,-11.031985671740351,-9.30203363983946,2.090488676528754,-10.964364451116793,-9.234124938988469,2.0403666112164354,78.69945645393976,0.030843572691082954,112,2.5264493227005005,1.0,1.0,disabled,single,3,row_10,row_9,-2.30483078956604,-6.032105445861816,0.9757999577338885,0.023476101535693267,0.11721648971099792,3.7272746562957764,-2.2803331146513206,0,0,1,disabled,0,0.0,50.0,alpha
72,0.13000606000423431,-0.006984122097492218,-30.279367446899414,-0.22169129550457,0.9924533367156982,0.026240646839141846,104,1,27,0.026176659390330315,0.5319148936170213,0.3,120,132,wall,both,1,1,1,1,1,1,0.0,4,4,0,alpha,full,huber,-10.710514952705287,-8.527841329353352,2.0258825691638656,-10.73208248399816,-8.770252837522051,1.88287793841982,-10.902600221358735,-8.895026827332806,1.9653853437248774,72.69504310653798,0.026176655665040016,127,0.6041794419288635,1.0,1.0,disabled,single,3,row_10,row_9,-0.22169129550457,-2.5174434185028076,0.9036021277811799,0.09097975564926124,0.3379556635237555,2.2957521229982376,-0.12032515589569107,0,0,0,disabled,0,0.0,50.0,alpha
76,6.898477554321289,-13.384654998779297,-33.611454010009766,-0.2234559804201126,1.002771019935608,0.0003465414047241211,67,14,54,0.04070541262626648,0.5263157894736842,0.3,120,135,wall,both,1,1,1,1,1,1,0.0,5,5,0,alpha,full,huber,-10.582510935948202,-9.131994360212191,1.7699630090994178,-10.760795303449788,-8.57120796086992,1.852291734569025,-10.881360509649273,-8.613858917809527,1.9139003196795112,62.04813407776628,0.04070541262626648,80,7.620965480804443,0.3936509104464977,1.0,disabled,single,3,row_10,row_9,-0.2234559804201126,-2.4447667598724365,0.8982350598334853,0.09742871806733287,0.3468698770162035,2.221310779452324,-0.11613249476724265,0,0,0,disabled,0,0.0,50.0,alpha
80,2.0018765926361084,-1.6559957265853882,-30.07396125793457,-0.3056516945362091,1.1589574813842773,0.04190284013748169,81,10,41,0.02881019189953804,0.5319148936170213,0.3,120,132,wall,both,1,1,1,1,1,1,0.0,5,5,0,alpha,full,huber,-10.930609318952367,-7.681961603550393,1.7314574269237468,-10.778797447191799,-8.165158902773454,1.8615915432489594,-10.873757653525145,-8.26723952288824,1.8893148649989735,59.78545278483382,0.02881019189953804,80,2.3741034269332886,1.0,1.0,disabled,single,3,row_10,row_9,-0.3056516945362091,-2.4457483291625977,0.8903660293389749,0.10474575285802189,0.36573088487799804,2.1400966346263885,-0.1895290626525722,0,0,0,disabled,0,0.0,50.0,alpha
84,4.794220447540283,-8.167489051818848,-32.38071823120117,-0.20312735438346863,0.956068754196167,0.0005525350570678711,89,12,35,0.03501878306269646,0.5244755244755245,0.3,120,136,wall,both,1,1,1,1,1,1,0.0,5,5,0,alpha,full,huber,-10.725460682299234,-8.299955992379003,1.7630460549306122,-10.808831298144696,-8.03007052695442,1.8670810445837787,-10.881952313335688,-8.025354573846219,1.8791099507616158,58.230018097769715,0.03501878306269646,80,5.185099124908447,0.5785810314769962,1.0,disabled,single,3,row_10,row_9,-0.20312735438346863,-2.435218572616577,0.8980510366852037,0.09636428854255581,0.35099352947197104,2.2320912182331085,-0.09559897581372738,0,0,0,disabled,0,0.0,50.0,alpha
88,3.947230815887451,-6.067513942718506,-28.638778686523438,-0.22325751185417175,1.0022965669631958,0.0018140673637390137,78,6,43,0.03540809080004692,0.5415162454873647,0.3,120,127,wall,both,1,1,1,1,1,1,0.0,6,6,0,alpha,full,huber,-10.783364213766031,-8.254296290190421,1.736047737152414,-10.76605060036632,-7.960382505605894,1.755476186476997,-10.862568558862304,-7.871766985747436,1.8107921385291643,60.16115596789536,0.03540809452533722,80,4.280980348587036,0.7007740647513526,1.0,disabled,single,3,row_10,row_9,-0.22325751185417175,-2.4964942932128906,0.9019893278113856,0.09288534721368179,0.3408030035420031,2.273236781358719,-0.12010492116996889,0,0,0,disabled,0,0.0,50.0,alpha
92,1.7818381786346436,-1.3119616508483887,-26.120559692382812,-0.42933154106140137,1.3899526596069336,0.0011317133903503418,86,0,40,0.041244491934776306,0.5434782608695653,0.3,120,126,wall,both,1,1,1,1,1,1,0.0,7,7,0,alpha,full,huber,-11.17380032570648,-6.849964569903862,1.702885368192372,-10.930650596595443,-7.621419267413119,1.7785380022146597,-10.927552288525519,-7.620147846163263,1.8003773702165695,65.11153852792164,0.041244495660066605,87,2.411602735519409,1.0,1.0,disabled,single,3,row_10,row_9,-0.42933154106140137,-2.4715182781219482,0.8822827157727002,0.11447149121943519,0.37720806196273055,2.042186737060547,-0.3040888061490998,0,0,0,disabled,0,0.0,50.0,alpha
96,0.8279767036437988,-0.2832832336425781,-31.654138565063477,-0.28605061769485474,1.1237298250198364,0.03649187088012695,73,18,47,0.025652144104242325,0.5208333333333334,0.3,120,138,wall,both,1,1,1,1,1,1,0.0,7,7,0,alpha,full,huber,-10.90132629634848,-7.729769577205727,1.7119282596809455,-10.86289158872385,-7.440504001162778,1.7824996592927134,-10.924544772885703,-7.40485459936067,1.7955675389712322,68.96437695003654,0.025652140378952026,87,1.0811748504638672,1.0,1.0,disabled,single,3,row_10,row_9,-0.2859281003475189,-2.4264814853668213,0.8903033809950505,0.10469055431539913,0.3662246986933901,2.1405533850193024,-0.16973510352855298,0,0,0,disabled,0,0.0,50.0,alpha
100,0.26057183742523193,-0.02805689536035061,-29.973995208740234,-0.4883948564529419,1.4309695959091187,0.0904005765914917,91,19,37,0.02803831547498703,0.5050505050505051,0.3,120,147,wall,both,1,1,1,1,1,1,0.0,8,8,0,alpha,full,huber,-11.15477280329695,-7.297863020703202,1.8694222421659337,-10.980182800546025,-7.205388423092678,1.8106338864349294,-10.981401041453621,-7.178118627827568,1.804909757400944,57.878557838289545,0.02803831547498703,80,0.3934077173471451,1.0,1.0,disabled,single,3,row_10,row_9,-0.46824681758880615,-2.590764284133911,0.8896614533205213,0.10651901718085961,0.3638219146032848,2.122517466545105,-0.35133253943890186,0,0,0,disabled,0,0.0,50.0,alpha
104,1.9849311113357544,-1.6280791759490967,-34.759681701660156,-0.43877163529396057,1.405153751373291,0.0009107589721679688,73,15,47,0.02430865913629532,0.5263157894736842,0.3,120,135,wall,both,1,1,1,1,1,1,0.0,5,5,0,alpha,full,huber,-11.237625015781024,-6.583619699689991,1.79314690388171,-11.134557642219384,-6.864460936115038,1.8968441816746433,-11.08802100049786,-6.895321824851932,1.852476791879882,73.1999278248299,0.024308660998940468,102,2.4265509843826294,1.0,1.0,disabled,single,3,row_10,row_9,-0.43877163529396057,-2.5197315216064453,0.8865585346355582,0.11065168183110793,0.36674284980058636,2.0809598863124847,-0.3183635085639924,0,0,0,disabled,0,0.0,50.0,alpha
108,1.1767609119415283,-0.5722174644470215,-32.64311218261719,-1.0174342393875122,1.8751764297485352,0.2404768466949463,86,0,46,0.027141977101564407,0.5319148936170213,0.3,120,132,wall,both,1,1,1,1,1,1,0.0,7,7,0,alpha,full,huber,-11.680998781875234,-6.772683523348728,2.458681630740899,-11.387804190096208,-6.719541909369826,2.06597565590838,-11.272603373914773,-6.687549971639265,1.972750993685242,60.39573477226731,0.027141977101564407,80,1.6200202107429504,1.0,1.0,disabled,single,3,row_10,row_9,-1.0174342393875122,-3.361846685409546,0.9107842696017764,0.08734743024183038,0.3097910457801662,2.3444124460220337,-0.9239850234771898,0,0,0,disabled,0,0.0,50.0,alpha
112,3.093188524246216,-3.950054407119751,-27.50204849243164,-0.5593843460083008,1.5865442752838135,0.002409636974334717,74,0,46,0.04951038211584091,0.5555555555555556,0.3,120,120,wall,both,1,1,1,1,1,1,0.0,5,5,0,alpha,full,huber,-11.354118894487547,-6.95726547482999,1.8198994102406179,-11.495857873211166,-6.548925283970955,2.0642324090937922,-11.42845907127024,-6.5141949765586675,2.018792644136993,60.366051639390214,0.04951038211584091,80,3.4744702577590942,0.8634409787507837,1.0,disabled,single,3,row_10,row_9,-0.5593843460083008,-2.7693521976470947,0.8987882892621093,0.0986008280142824,0.3398635317698411,2.209967851638794,-0.4526765779490615,0,0,0,disabled,0,0.0,50.0,alpha
116,2.919229745864868,-3.52144718170166,-32.2354850769043,-0.7663821578025818,1.8423418998718262,0.0544702410697937,74,0,47,0.05260705202817917,0.5535055350553506,0.3,120,121,wall,both,1,1,1,1,1,1,0.0,5,5,0,alpha,full,huber,-12.162933076570202,-5.981683041712188,2.3612774328238935,-11.731158279703449,-6.2833922982996855,2.193497370871731,-11.635937251083874,-6.282001743242111,2.108778025147262,51.04924177714845,0.05260705202817917,80,3.581298351287842,0.8376850252984911,1.0,disabled,single,3,row_10,row_9,-0.7663821578025818,-3.858822822570801,0.9562680889715219,0.043405998106037506,0.18154959309240046,3.092440664768219,-0.7216651803538002,0,0,0,disabled,0,0.0,50.0,alpha
120,2.7955281734466553,-3.2293295860290527,-30.001665115356445,-0.4209554195404053,1.3763352632522583,0.0001621246337890625,67,0,53,0.05315231904387474,0.5555555555555556,0.3,120,120,wall,both,1,1,1,1,1,1,0.0,6,6,0,alpha,full,huber,-11.225063929285197,-6.491514585427701,1.768473189167275,-11.60058374317915,-6.121547929875865,2.057217410774328,-11.676796388430283,-6.103673732648524,2.08470114490952,51.97778265884971,0.05315232276916504,102,3.5325058698654175,0.849255489026065,1.0,disabled,single,3,row_10,row_9,-0.4209554195404053,-2.492710828781128,0.8857069146743528,0.11156760059642386,0.36827345372633846,2.0717554092407227,-0.299586240359649,0,0,0,disabled,0,0.0,50.0,alpha
124,2.1257619857788086,-1.8672993183135986,-33.151424407958984,-1.4099925756454468,2.5188183784484863,0.005323827266693115,69,0,56,0.033669523894786835,0.5454545454545454,0.3,120,125,wall,both,1,1,1,1,1,1,0.0,7,7,0,alpha,full,huber,-12.604330655721341,-6.499026589005511,2.796088741892417,-11.867950927091888,-5.98313630856319,2.1817913643832214,-11.844073532755539,-5.916389403670509,2.1338980895631714,64.43693672200989,0.033669523894786835,80,3.140162944793701,0.9553644357767843,1.0,disabled,single,3,row_10,row_9,-1.4099925756454468,-5.10642671585083,0.975592987039358,0.024206261461010427,0.11589077815743798,3.6964341402053833,-1.385282774622697,0,0,1,disabled,0,0.0,50.0,alpha
128,1.3275892734527588,-0.7283030152320862,-35.356201171875,-0.6703464984893799,1.308822512626648,0.2664031982421875,75,5,56,0.016909515485167503,0.5244755244755245,0.3,120,136,wall,both,1,1,1,1,1,1,0.0,4,4,0,alpha,full,huber,-11.622430672680625,-5.757933213304275,1.9456588038151885,-11.773361719193675,-5.676088431538591,2.0749622087150534,-11.877745199965378,-5.686893316179594,2.1046194372801335,106.92877021485435,0.016909515485167503,138,1.628002643585205,1.0,1.0,disabled,single,3,row_10,row_9,-0.404816597700119,-2.8544790744781494,0.919812997825886,0.07940075756841992,0.28364449829446886,2.4496624767780304,-0.3212317048675647,0,0,0,disabled,0,0.0,50.0,alpha
132,0.49119335412979126,-0.09969872981309891,-34.960968017578125,-1.57566499710083,2.64528226852417,0.07114726305007935,68,0,57,0.011776597239077091,0.5454545454545454,0.3,120,125,wall,both,1,1,1,1,1,1,0.0,9,9,0,alpha,full,huber,-12.990038675065767,-6.2286785456507365,2.3133630753588106,-12.081613127440988,-5.614162485891273,2.1411415089900108,-12.046025125836264,-5.53827957320118,2.1226776307756277,143.6102018547038,0.011776597239077091,180,1.589232087135315,1.0,1.0,disabled,single,3,row_10,row_9,-1.57566499710083,-5.620436668395996,0.9827135897435709,0.017210954023882764,0.08776685559309014,4.044771671295166,-1.5582274323764662,0,0,1,disabled,0,0.0,50.0,alpha
136,3.0648958683013916,-3.8799073696136475,-37.84943771362305,-1.8164178133010864,2.858956813812256,0.0036565065383911133,56,0,91,0.019727831706404686,0.5050505050505051,0.3,120,147,wall,both,1,1,1,1,1,1,0.0,8,8,0,alpha,full,huber,-13.29004973044916,-6.152059496389381,2.6073135934704776,-12.574821471246075,-5.632677172120278,2.3551617236261273,-12.378262153276019,-5.475296109096751,2.2392906245253634,120.9358856933341,0.019727831706404686,180,4.424920320510864,0.6779783098226829,1.0,disabled,single,3,row_10,row_9,-1.8164178133010864,-6.224350452423096,0.9879314750388446,0.012033334805030244,0.06554450890087378,4.407932639122009,-1.804275872413359,0,0,1,disabled,0,0.0,50.0,alpha
140,0.7517573833465576,-0.23352858424186707,-40.22432327270508,-0.6782538890838623,1.6437296867370605,0.1381000280380249,57,0,84,0.01561395451426506,0.5154639175257733,0.3,120,141,wall,both,1,1,1,1,1,1,0.0,6,6,0,alpha,full,huber,-12.449318489439419,-4.603421280745282,2.0826817235253783,-12.671885705395322,-5.2942418461302,2.3013100126845076,-12.605519478085455,-5.2829141967941045,2.2706159840189297,130.19937188504628,0.015613952651619911,169,1.2604600191116333,1.0,1.0,disabled,single,3,row_10,row_9,-0.6782538890838623,-3.848008155822754,0.9596289674567885,0.04031777548681317,0.1695278773710334,3.1697542667388916,-0.6370453276237225,0,0,0,disabled,0,0.0,50.0,alpha
144,1.3175138235092163,-0.7172904014587402,-42.14840316772461,-0.708122730255127,1.6427156925201416,0.16300588846206665,53,0,93,0.009794890880584717,0.5067567567567568,0.3,120,146,wall,both,1,1,1,1,1,1,0.0,7,7,0,alpha,full,huber,-12.444601126958899,-4.41741993425732,2.129919526134554,-12.789834992244636,-4.974590633148092,2.2897332669258574,-12.780873488582225,-5.029942182487256,2.280510091381851,178.59207140750084,0.009794891811907291,218,1.7287684082984924,1.0,1.0,disabled,single,3,row_10,row_9,-0.708122730255127,-3.792564868927002,0.9561907797418782,0.04375103697766924,0.18031015927909724,3.084442138671875,-0.6633249048143175,0,0,0,disabled,0,0.0,50.0,alpha
148,0.2541425824165344,-0.0266894418746233,-40.47014617919922,-0.9995970726013184,2.120872735977173,0.002159416675567627,48,0,87,0.012139384634792805,0.5263157894736842,0.3,120,135,wall,both,1,1,1,1,1,1,0.0,8,8,0,alpha,full,huber,-12.854163417717524,-5.290910474050821,2.7585854365787563,-12.81627579753438,-4.794880825192622,2.2861809320400828,-12.883416603960459,-4.813646788063497,2.2834012223010296,185.00325650303154,0.012139384634792805,250,0.8035625219345093,1.0,1.0,disabled,single,3,row_10,row_9,-0.9995970726013184,-4.8747172355651855,0.9796379458123619,0.02032929394629838,0.09968829345742171,3.875120162963867,-0.9790248539742924,0,0,0,disabled,0,0.0,50.0,alpha
152,3.3806848526000977,-4.66285514831543,-36.61946487426758,-0.3597976267337799,1.2323837280273438,0.07390433549880981,56,0,76,0.021825918927788734,0.5319148936170213,0.3,120,132,wall,both,1,1,1,1,1,1,0.0,7,7,0,alpha,full,huber,-12.035845189951027,-4.50062936668351,1.9377569629994928,-12.627523729578222,-4.490458120873538,2.1575893862250197,-12.84058581973435,-4.5535467433150965,2.219335557570485,140.67324763225548,0.021825918927788734,250,4.365958213806152,0.6871343822103744,1.0,disabled,single,3,row_10,row_9,-0.3597976267337799,-3.091280937194824,0.938739632967494,0.0611331852660515,0.23133416147988728,2.7314833104610443,-0.2965805073255929,0,0,0,disabled,0,0.0,50.0,alpha
156,0.6667202711105347,-0.18368425965309143,-36.80739974975586,-0.2814939618110657,1.0868966579437256,0.06817907094955444,57,0,63,0.015679161995649338,0.5555555555555556,0.3,120,120,wall,both,1,1,1,1,1,1,0.0,6,6,0,alpha,full,huber,-11.885663212163402,-4.266274598846089,1.9222879023948707,-12.462952186479606,-4.176147836027875,2.060816180820523,-12.730005156496782,-4.261620019741784,2.1398646544519835,164.78070268487704,0.015679161995649338,250,1.4417101740837097,1.0,1.0,disabled,single,3,row_10,row_9,-0.2814939618110657,-2.789081335067749,0.9245027971799556,0.07531420053739635,0.2689166951319828,2.5075873732566833,-0.20299475926532828,0,0,0,disabled,0,0.0,50.0,alpha
160,1.5195447206497192,-0.9541389346122742,-39.02355194091797,-0.34813788533210754,1.234357237815857,0.04837530851364136,45,3,78,0.03869429603219032,0.5434782608695653,0.3,120,126,wall,both,1,1,1,1,1,1,0.0,5,5,0,alpha,full,huber,-12.039100508680745,-4.565043214168297,1.8632053233139123,-12.40912556546926,-4.047024397041943,2.033200440576042,-12.639433839412348,-4.04509381191911,2.0861992541884398,133.80474501678748,0.03869429603219032,240,2.3491125106811523,1.0,1.0,disabled,single,3,row_10,row_9,-0.34813788533210754,-3.1128368377685547,0.9406180080444362,0.05925428879758316,0.22617557802849167,2.764698952436447,-0.2869197209513433,0,0,0,disabled,0,0.0,50.0,alpha
164,3.7064132690429688,-5.4704461097717285,-36.10734939575195,-0.4064997732639313,1.2711983919143677,0.10776454210281372,56,0,78,0.027112077921628952,0.528169014084507,0.3,120,134,wall,both,1,1,1,1,1,1,0.0,3,3,0,alpha,full,huber,-12.068508655197547,-4.191338032811095,2.0194147186674147,-12.308219785667077,-3.9284435111527305,1.961132845610882,-12.538168803285465,-3.873185292432704,2.0236555892148314,103.6046305997105,0.02711208164691925,180,4.311646223068237,0.69578992449551,1.0,disabled,single,3,row_10,row_9,-0.4064997732639313,-3.065056800842285,0.9344209732432484,0.065455467762181,0.24294881617346306,2.658557027578354,-0.3386715517837027,0,0,0,disabled,0,0.0,50.0,alpha
168,6.163845062255859,-11.563252449035645,-37.280426025390625,-0.5387179255485535,1.4819544553756714,0.11142534017562866,48,0,80,0.013415681198239326,0.539568345323741,0.3,120,128,wall,both,1,1,1,1,1,1,0.0,5,5,0,alpha,full,huber,-12.27901541611748,-4.176676379886127,2.027457673574907,-12.449619395932803,-3.761531656892857,2.0322652286975686,-12.550410278926181,-3.7012101829603488,2.0280251623960712,128.3447721898199,0.013415683060884476,153,6.471038341522217,0.46360411446647276,1.0,disabled,single,3,row_10,row_9,-0.5327571034431458,-3.413539171218872,0.946815023489503,0.05310768673557664,0.20837075705953964,2.8807820677757263,-0.47810556962334566,0,0,0,disabled,0,0.0,50.0,alpha
172,3.282282590866089,-4.418882369995117,-36.457359313964844,-0.3432082235813141,1.2424273490905762,0.00664597749710083,45,5,85,0.0278139878064394,0.5263157894736842,0.3,120,135,wall,both,1,1,1,1,1,1,0.0,4,4,0,alpha,full,huber,-12.071163738127433,-3.91325845926302,1.9348905262270168,-12.387846141077986,-3.640000323544136,1.9990449260882275,-12.52655731432079,-3.5538799277364825,2.013767206839673,99.33309420240948,0.0278139878064394,153,3.8132762908935547,0.7867250550830184,1.0,disabled,single,3,row_10,row_9,-0.3432082235813141,-2.989769697189331,0.9336916565774325,0.06619366595790627,0.24482727863167425,2.646561473608017,-0.27459919617833045,0,0,0,disabled,0,0.0,50.0,alpha
176,1.3399975299835205,-0.7419807314872742,-37.46075439453125,-0.5340149998664856,1.5501830577850342,4.112720489501953e-06,46,9,93,0.03351644426584244,0.5033557046979865,0.3,120,148,wall,both,1,1,1,1,1,1,0.0,5,5,0,alpha,full,huber,-12.35804372846334,-4.028634853585555,2.0531105397547273,-12.442972963370188,-3.5558477146132454,1.9785591769958037,-12.540365729971986,-3.437665593955172,1.9966529708352247,76.1576995188759,0.03351644426584244,117,1.9790794849395752,1.0,1.0,disabled,single,3,row_10,row_9,-0.5340149998664856,-3.5102226734161377,0.9514284826406,0.0485093638125802,0.1947636171717998,2.976207673549652,-0.484224242042775,0,0,0,disabled,0,0.0,50.0,alpha
180,2.268714666366577,-2.1268868446350098,-34.21826934814453,-0.3290593922138214,1.216314435005188,0.008562147617340088,62,6,72,0.025713026523590088,0.5172413793103449,0.3,120,140,wall,both,1,1,1,1,1,1,0.0,4,4,0,alpha,full,huber,-12.235886001937581,-3.5398220160571237,1.9192921124180957,-12.470185199613748,-3.3917550623062214,1.9530233107522967,-12.558675830292353,-3.29698872005425,1.9753535047968835,79.36791052883322,0.02571302279829979,112,2.5247706174850464,1.0,1.0,disabled,single,3,row_10,row_9,-0.3290593922138214,-3.1986846923828125,0.9462610420630856,0.05367209250598685,0.20989467206057744,2.869625300168991,-0.27382258720253416,0,0,0,disabled,0,0.0,50.0,alpha
184,2.6361217498779297,-2.871544599533081,-38.12460708618164,-0.31060555577278137,1.174926519393921,0.030666053295135498,57,17,75,0.03569992631673813,0.5016722408026756,0.3,120,149,wall,both,1,1,1,1,1,1,0.0,4,4,0,alpha,full,huber,-12.494643648685525,-2.586937852054291,1.9387949640415325,-12.454713417694826,-3.090359573897654,1.8805432249335319,-12.557958750749371,-3.0739472206906564,1.9282304214203272,57.06387632869327,0.03569993004202843,80,3.0381487607955933,0.987443419068919,1.0,disabled,single,3,row_10,row_9,-0.31060555577278137,-3.633852481842041,0.9651645419780402,0.03478031864295957,0.15157899156597404,3.3232469260692596,-0.2751488734162862,0,0,0,disabled,0,0.0,50.0,alpha
188,2.9553303718566895,-3.609081506729126,-36.416988372802734,-0.5456125140190125,1.5669156312942505,0.0013141036033630371,50,8,92,0.06684335321187973,0.5,0.3,120,150,wall,both,1,1,1,1,1,1,0.0,4,4,0,alpha,full,huber,-12.69154761894015,-3.423366268019822,2.1015172462699336,-12.509023777990954,-2.944183174600582,1.9030727934663672,-12.57881726514829,-2.887702719963147,1.915608099301549,49.76586762406609,0.06684335321187973,80,3.6059656143188477,0.8319546886657397,1.0,disabled,single,3,row_10,row_9,-0.5456125140190125,-4.022044658660889,0.9699892927751851,0.029989666982620795,0.13495323104085774,3.476432144641876,-0.5151422680972825,0,0,0,disabled,0,0.0,50.0,alpha
192,1.857326865196228,-1.4254807233810425,-36.59686279296875,-0.39538678526878357,1.333801031112671,0.003424525260925293,55,11,84,0.031701765954494476,0.5,0.3,120,150,wall,both,1,1,1,1,1,1,0.0,3,3,0,alpha,full,huber,-12.540801450485771,-3.190198032227922,1.9674626441156562,-12.706192696946164,-2.83223763162335,1.98626404731016,-12.686503544097503,-2.7374661087970042,1.9509171892882309,63.764896239483114,0.031701765954494476,80,2.2971692085266113,1.0,1.0,disabled,single,3,row_10,row_9,-0.39538678526878357,-3.732673168182373,0.9656566138528029,0.03431291849948393,0.1497747794291802,3.3372863829135895,-0.3604398051018774,0,0,0,disabled,0,0.0,50.0,alpha
196,1.506420612335205,-0.9377285838127136,-30.920503616333008,-0.31869253516197205,1.1971276998519897,0.0073847174644470215,62,5,67,0.05190182849764824,0.528169014084507,0.3,120,134,wall,both,1,1,1,1,1,1,0.0,1,1,0,alpha,full,huber,-12.586985653049133,-2.005135200243707,1.812108875309967,-12.67463207195344,-2.4390894362936115,1.8582790905818298,-12.728795050275382,-2.467574742650461,1.9042090063006807,56.82934467315654,0.05190182849764824,87,2.252349615097046,1.0,1.0,disabled,single,3,row_10,row_9,-0.31869253516197205,-3.5459258556365967,0.9617778842997163,0.03815093301926156,0.16277074579092948,3.2272333204746246,-0.2797207906851228,0,0,0,disabled,0,0.0,50.0,alpha
200,1.7540979385375977,-1.2714295387268066,-38.85413360595703,-0.3268741965293884,1.2117934226989746,0.011644601821899414,51,0,82,0.039668258279561996,0.5300353356890459,0.3,120,133,wall,both,1,1,1,1,1,1,0.0,2,2,0,alpha,full,huber,-12.50904572427041,-2.7759098311710666,1.5377480346200674,-12.613705180866486,-2.2643058919854244,1.7953287181992814,-12.713669346694243,-2.2434625907416743,1.8497813675258534,54.53284433140771,0.039668258279561996,80,2.444058895111084,1.0,1.0,disabled,single,3,row_10,row_9,-0.3268741965293884,-3.649500608444214,0.9651536204253686,0.03480151321083629,0.15154802786422966,3.3226264119148254,-0.29140619836715276,0,0,0,disabled,0,0.0,50.0,alpha
204,1.7966152429580688,-1.3338125944137573,-36.69176483154297,-0.31768834590911865,1.1949741840362549,0.00943291187286377,50,11,75,0.02799331024289131,0.5244755244755245,0.3,120,136,wall,both,1,1,1,1,1,1,0.0,3,3,0,alpha,full,huber,-12.534180231277434,-2.4261050082815645,1.827965458017875,-12.591986479215132,-2.1268675303493976,1.7839337940996132,-12.688682920510107,-2.059997365297852,1.8172469650963734,71.97814849844107,0.02799331396818161,102,2.3150664567947388,1.0,1.0,disabled,single,3,row_10,row_9,-0.31768834590911865,-3.6476221084594727,0.9653863180921705,0.034556462770507834,0.15085459669294696,3.329933762550354,-0.28246141778463346,0,0,0,disabled,0,0.0,50.0,alpha
208,0.4975323975086212,-0.1022886335849762,-31.22773551940918,-0.4204501509666443,1.3693820238113403,0.030260145664215088,56,5,73,0.03731614723801613,0.528169014084507,0.3,120,134,wall,both,1,1,1,1,1,1,0.0,2,2,0,alpha,full,huber,-12.798133288538079,-1.2006892817614365,1.7913529273345077,-12.612532997122806,-1.6173149245197873,1.818431304725769,-12.681536091041533,-1.715713018924387,1.8184899781673334,54.62679556149668,0.03731614723801613,80,0.7758065164089203,1.0,1.0,disabled,single,3,row_10,row_9,-0.4204501509666443,-3.6258387565612793,0.9609280416579091,0.03895904327842889,0.16575639537709635,3.205388605594635,-0.3805943995434619,0,0,0,disabled,0,0.0,50.0,alpha
212,1.090824842453003,-0.49169373512268066,-35.74327850341797,-0.31347641348838806,1.1639517545700073,0.055147767066955566,56,6,75,0.025611979886889458,0.5226480836236934,0.3,120,137,wall,both,1,1,1,1,1,1,0.0,3,3,0,alpha,full,huber,-12.589657046791755,-1.0866112742343108,1.8783726258143538,-12.617159204759119,-1.2951977646539117,1.7811603831090517,-12.680056776281658,-1.3840210281115417,1.8007466619651726,66.22512008427107,0.025611981749534607,92,1.393463373184204,1.0,1.0,disabled,single,3,row_10,row_9,-0.31347641348838806,-3.2374327182769775,0.9488313203264032,0.050971911870612945,0.2032326641494783,2.9239563047885895,-0.2609521726669394,0,0,0,disabled,0,0.0,50.0,alpha
216,2.898711681365967,-3.4721198081970215,-38.31771469116211,-0.30345413088798523,1.1668128967285156,0.01492452621459961,49,0,71,0.032835543155670166,0.5555555555555556,0.3,120,120,wall,both,1,1,1,1,1,1,0.0,1,1,0,alpha,full,huber,-12.570371897148961,-0.23750140225013494,1.3717351327347638,-12.661281605268044,-0.8530172773894571,1.7497888949094293,-12.699271323019282,-0.9963353214360534,1.7757905053009102,62.0577159687711,0.032835543155670166,80,3.5327727794647217,0.8491913257026832,1.0,disabled,single,3,row_10,row_9,-0.30345413088798523,-2.8845860958099365,0.929161159432579,0.0703266091048142,0.2588387440047667,2.5811319649219513,-0.2299810519204712,0,0,0,disabled,0,0.0,50.0,alpha
220,3.3303937911987305,-4.538166522979736,-34.82836151123047,-0.2533782124519348,1.0675714015960693,0.005182206630706787,47,0,73,0.049413051456213,0.5555555555555556,0.3,120,120,wall,both,1,1,1,1,1,1,0.0,1,1,0,alpha,full,huber,-12.50165919458537,-1.6209822914217638,1.5886548064207302,-12.616604596990097,-0.6734623320837716,1.6845006237780504,-12.684243043160935,-0.7083802227609315,1.73078349053994,59.72072361821069,0.0494130440056324,87,3.9672458171844482,0.7561921136838196,1.0,disabled,single,3,row_10,row_9,-0.2532724142074585,-3.237844228744507,0.9517639973739558,0.048122280773483884,0.1940897514862775,2.9845718145370483,-0.20383423736581338,0,0,0,disabled,0,0.0,50.0,alpha
224,0.4142342507839203,-0.07090496271848679,-37.34966278076172,-0.2056254744529724,0.9611059427261353,0.009304046630859375,58,0,69,0.03860275819897652,0.5415162454873647,0.3,120,127,wall,both,1,1,1,1,1,1,0.0,1,1,0,alpha,full,huber,-12.392486025856785,-1.3068157861600644,1.6812367232900867,-12.599440830389575,-0.3780629901009164,1.7269999375607865,-12.67799434405671,-0.31918220368641564,1.7296182896634527,59.584563866781465,0.03860275819897652,80,1.123912274837494,1.0,1.0,disabled,single,3,row_10,row_9,-0.2056254744529724,-2.9661669731140137,0.9403081078558517,0.05948154504991605,0.2275169668337384,2.7605414986610413,-0.1440777913433555,0,0,0,disabled,0,0.0,50.0,alpha
228,0.21216103434562683,-0.01860012486577034,-37.9891471862793,-0.265614777803421,1.0932338237762451,0.0024064183235168457,55,0,75,0.049099478870630264,0.5357142857142857,0.3,120,130,wall,both,1,1,1,1,1,1,0.0,1,1,0,alpha,full,huber,-12.51902532683246,-1.0908474944933346,1.614107665576337,-12.591162259560054,-0.4278237706776784,1.696959729975718,-12.655132090814838,-0.2451789303973741,1.714132206107136,51.41580886078305,0.049099478870630264,80,0.7770205140113831,1.0,1.0,disabled,single,3,row_10,row_9,-0.265614777803421,-3.1204421520233154,0.9453581924203935,0.05442026054724066,0.2134036749217479,2.8548273742198944,-0.20942339409596536,0,0,0,disabled,0,0.0,50.0,alpha
232,1.7348564863204956,-1.2436888217926025,-38.08193588256836,-0.1915731430053711,0.9265531897544861,0.013957738876342773,54,35,66,0.036597028374671936,0.49180327868852464,0.3,120,155,wall,both,1,1,1,1,1,1,0.0,1,1,0,alpha,full,huber,-13.195766580034796,2.0894879204705123,1.7663721992307995,-12.895070195883502,1.450651294851346,1.7470128183814602,-12.900134268767516,1.4690627091742656,1.7325528744204535,59.81746018847121,0.036597028374671936,80,2.6244146823883057,1.0,1.0,disabled,single,3,row_10,row_9,-0.1915731430053711,-2.7265098094940186,0.9263030007493096,0.07342501851645832,0.2648937355259969,2.5349366664886475,-0.11501925977846486,0,0,0,disabled,0,0.0,50.0,alpha
236,0.7033956050872803,-0.20444850623607635,-30.4322509765625,-0.2014179676771164,0.9520384669303894,0.00044542551040649414,70,23,32,0.024627259001135826,0.5454545454545454,0.3,100,125,wall,both,1,1,1,1,1,1,0.0,1,1,0,alpha,full,huber,-13.533525273918338,3.2906547317135617,1.7614220460799297,-13.281845960454552,2.858944161674806,1.8110125763861284,-13.190318469178322,2.7726991964487997,1.7732087613215946,81.14701913412483,0.024627259001135826,112,1.4157041907310486,1.0,1.0,disabled,single,3,row_10,row_9,-0.2014179676771164,-2.907600164413452,0.9372495176003552,0.06260012933653045,0.23552683633076835,2.7061821967363358,-0.13661222961399475,0,0,0,disabled,0,0.0,50.0,alpha
240,1.2015715837478638,-0.5966009497642517,0.0,-0.13823182880878448,0.7800046801567078,0.027246952056884766,0,0,0,0.015372277237474918,0.5,0.3,0,0,wall,both,1,1,1,1,1,1,0.0,0,0,0,alpha,full,huber,-13.44913096577048,4.317343207204286,1.3037920126086542,-13.400461675367907,3.807311994918245,1.7703231796665957,-13.380187329277899,3.703201609868438,1.7734047765252239,111.62660286128198,0.015372277237474918,143,1.9359023571014404,1.0,1.0,disabled,single,3,row_10,row_9,-0.13823182880878448,-2.975691318511963,0.9444783166723715,0.05532214273508315,0.21578547505074755,2.8374594897031784,-0.08110927903763496,0,0,0,disabled,0,0.0,50.0,alpha
244,2.188053607940674,-1.9783382415771484,0.0,-0.4675356447696686,1.4497026205062866,0.01112377643585205,0,0,0,0.009095816873013973,0.5,0.3,0,0,wall,both,1,1,1,1,1,1,0.0,0,0,0,alpha,full,huber,-14.087494205154309,3.4867938024010234,1.9405653367864861,-13.697651406579617,4.108858880742664,1.8870311949005172,-13.584685878066924,4.128817342437884,1.8311069177339272,166.44660251992224,0.009095816873013973,185,3.0236635208129883,0.9921738908280953,1.0,disabled,single,3,row_10,row_9,-0.4675356447696686,-3.86905837059021,0.967711552422252,0.03224655881105595,0.14292950634187648,3.4015227258205414,-0.43471442562347884,0,0,0,disabled,0,0.0,50.0,alpha
248,2.5673036575317383,-2.723573684692383,-30.608875274658203,-0.48094943165779114,1.1873600482940674,0.20267099142074585,62,0,35,0.029634175822138786,0.6072874493927126,0.3,97,97,wall,both,1,1,1,1,1,1,0.0,4,4,0,alpha,full,huber,-11.093350038181434,7.830410121803286,1.1529591880578556,-14.029417002203727,7.84390222869987,1.2952423630333507,-14.30662277410654,7.861950434094749,1.3298683669221711,139.93277119550635,0.029634175822138786,250,4.13381028175354,0.7257227099274174,1.0,disabled,single,3,row_9,row_10,-0.48094943165779114,-1.3635610342025757,0.6553590378916212,0.27112273969919937,0.8227002543526389,0.8826116025447845,-0.058377387584729545,1,1,0,disabled,0,0.0,50.0,alpha
252,3.7172775268554688,-5.497382164001465,0.0,-2.0660715103149414,1.2706713676452637,0.6467466354370117,0,0,0,0.01393407117575407,0.5,0.3,0,0,wall,both,1,1,1,1,1,1,0.0,0,0,0,alpha,full,huber,-9.92663843879593,8.445741279400643,0.5911490147023253,-12.797568978243891,8.747712753660203,0.7025784116189714,-13.434426010112855,8.783747534318525,0.7867849696626186,183.24282697299034,0.01393407117575407,250,7.635429620742798,0.3929051997087429,1.0,disabled,single,3,row_8,row_9,-1.7411249876022339,-2.0660715103149414,0.5571858809379139,0.40260356961187804,0.8213852733333524,0.3249465227127075,-1.1562686108972966,1,2,0,disabled,0,0.0,50.0,alpha
256,0.9391507506370544,-0.36446452140808105,-49.65851593017578,-3.450773000717163,2.76977801322937,0.6540333032608032,1,0,119,0.01215757243335247,0.5555555555555556,0.3,120,120,wall,both,1,1,1,1,1,1,0.0,1,1,0,alpha,full,huber,-12.83969167245261,8.986220410708945,0.5548733384681022,-12.320840095048112,9.183746533867858,0.3297762897819835,-12.660818797644781,9.201163483275948,0.35525036080043915,133.19797561397039,0.01215757243335247,250,1.5918768048286438,1.0,1.0,disabled,single,3,row_10,row_9,-3.450773000717163,-4.2853288650512695,0.6825271163247482,0.2962626502532646,0.7028282292965154,0.8345558643341064,-3.068819978883642,1,3,1,disabled,0,0.0,50.0,alpha
260,2.3739635944366455,-2.328803062438965,-49.88430404663086,-0.6460504531860352,1.6985201835632324,0.034809768199920654,5,8,120,0.029595956206321716,0.5300353356890459,0.3,120,133,wall,both,1,1,1,1,1,1,0.0,3,3,0,alpha,full,huber,-9.194698695387498,8.626154870300901,-1.6053203431208065,-10.404171884564542,9.320615247416931,-1.0322230376628438,-11.060663216930704,9.435934329334039,-0.9897239560379902,82.12862071019484,0.029595958068966866,250,4.354074954986572,0.6890097279019515,1.0,disabled,single,3,row_9,row_8,-0.6460504531860352,-0.6816129088401794,0.4989835836777457,0.48155032413523957,0.7754532333193088,0.03556245565414429,0.04913162902714019,1,4,0,disabled,0,0.0,50.0,alpha
264,0.8824307918548584,-0.3217702805995941,-44.16245651245117,-0.14104320108890533,0.7459546327590942,0.06526917219161987,31,14,115,0.018475838005542755,0.48387096774193555,0.3,120,160,wall,both,1,1,1,1,1,1,0.0,8,8,0,alpha,full,huber,-10.709991513346214,7.609762765170192,-1.703989039264875,-10.400593453716443,8.512415512138105,-1.6061558279346522,-10.478406119927724,8.590100964178717,-1.6030517321518585,165.51386208340494,0.018475838005542755,250,1.5910874605178833,1.0,1.0,disabled,single,3,row_9,row_10,-0.14104320108890533,-1.4105405807495117,0.7011172476396149,0.19699488246714644,0.801686186705226,1.2694973796606064,0.21403694715618304,0,4,0,disabled,0,0.0,50.0,alpha
268,2.840865135192871,-3.334923505783081,-31.147550582885742,-0.20239806175231934,0.9005066156387329,0.0737418532371521,77,9,47,0.02281387709081173,0.5300353356890459,0.3,88,133,wall,both,1,1,1,1,1,1,0.0,10,10,0,alpha,full,huber,-10.899892260572452,6.670622036809833,-1.7271297742746718,-10.83477971601233,7.336388349483977,-1.7322159536264863,-10.672263813078235,7.4775753610016,-1.7233668754060052,128.52015688640245,0.02281387709081173,250,3.8468594551086426,0.7798569287515793,1.0,disabled,single,3,row_9,row_10,-0.20239806175231934,-0.8609035015106201,0.6060989474780011,0.31373159038131904,0.8694808370336385,0.6585054397583008,0.2983139648225087,0,4,0,disabled,0,0.0,50.0,alpha
272,0.9530071020126343,-0.3752985894680023,-31.797786712646484,-0.36741966009140015,1.2858188152313232,0.0017837882041931152,89,3,59,0.00935254618525505,0.4983388704318937,0.3,120,151,wall,both,1,1,1,1,1,1,0.0,8,8,0,alpha,full,huber,-11.381273507753601,7.155466923769228,-1.4004315390995048,-11.017429087193644,6.968950324419492,-1.6870378254047205,-10.884453164695163,6.965684179922417,-1.717128860002659,199.0444723428819,0.00935254618525505,250,1.6456063389778137,1.0,1.0,disabled,single,3,row_9,row_10,-0.36741966009140015,-0.6404213905334473,0.5450642096504222,0.414843720895963,0.8247340073342515,0.2730017304420471,0.2394320152949032,0,4,0,disabled,0,0.0,50.0,alpha
276,0.878514289855957,-0.31892040371894836,-27.558439254760742,-0.38237977027893066,1.309643030166626,0.017373502254486084,104,10,25,0.009709896519780159,0.5190311418685121,0.3,113,139,wall,both,1,1,1,1,1,1,0.0,8,8,0,alpha,full,huber,-11.322831842965993,5.399508132085807,-1.4171517250167616,-11.140074393440521,6.2214236644535585,-1.6636749306030745,-11.064231303286476,6.240959307875794,-1.6949175620053551,198.1343896729532,0.009709896519780159,250,1.1715158820152283,1.0,1.0,disabled,single,3,row_10,row_9,-0.3811531662940979,-0.5185315608978271,0.5190434255709536,0.45241918779486856,0.8007008161119415,0.13737839460372925,0.2746145614020905,1,5,0,disabled,0,0.0,50.0,alpha
280,0.7064898610115051,-0.20625121891498566,-33.894371032714844,-0.42554017901420593,1.3527865409851074,0.06798750162124634,71,3,85,0.0077563123777508736,0.4854368932038835,0.3,105,159,wall,both,1,1,1,1,1,1,0.0,7,7,0,alpha,full,huber,-11.380098054023595,6.045973534746735,-1.7400616071484487,-11.053387839952903,5.514193276641737,-1.5678533512209176,-11.11115075804512,5.458050020136335,-1.6360555142868278,194.55608851402158,0.0077563123777508736,250,1.0649540424346924,1.0,1.0,disabled,single,3,row_10,row_9,-0.42554017901420593,-0.5323169231414795,0.5077654681105729,0.45634217865472004,0.8215589715393005,0.10677674412727356,0.2521954359427553,0,5,0,disabled,0,0.0,50.0,alpha
284,2.794942855834961,-3.2279775142669678,-31.168336868286133,-0.28353917598724365,1.1274019479751587,0.016318559646606445,118,23,34,0.01528462115675211,0.46153846153846145,0.3,120,175,wall,both,1,1,1,1,1,1,0.0,6,6,0,alpha,full,huber,-10.934474127762321,3.976042000311355,-1.5924604683806842,-10.915969250799092,4.869903265180116,-1.5057743180091523,-11.033608116380549,4.857205372566393,-1.5755533878077057,194.1626210886237,0.01528462115675211,250,3.2030460834503174,0.9366084414147434,1.0,disabled,single,3,row_9,row_10,-0.28353917598724365,-0.6716338992118835,0.5743480304152765,0.3896078864998647,0.8055122916596315,0.3880947232246399,0.2709805656506302,1,6,0,disabled,0,0.0,50.0,alpha
288,2.4593825340270996,-2.499406099319458,-32.18015670776367,-0.18215100467205048,0.8923114538192749,0.03573870658874512,99,13,21,0.02291795425117016,0.5300353356890459,0.3,120,133,wall,both,1,1,1,1,1,1,0.0,5,5,0,alpha,full,huber,-11.783875727637946,4.076039211582029,-1.335672882257926,-11.103732751251849,3.863560776636109,-1.5831133025588648,-11.071216125216075,3.8252475801629062,-1.579877667811842,128.59404052028503,0.02291795425117016,196,3.373078227043152,0.8893953232237388,1.0,disabled,single,3,row_10,row_9,-0.18215100467205048,-0.9015833735466003,0.6671434878811381,0.3249179789980344,0.6736844795895502,0.7194323688745499,0.222599127270791,1,7,0,disabled,0,0.0,50.0,alpha
292,3.623532295227051,-5.264955997467041,-33.47322082519531,-0.11907726526260376,0.2659290134906769,0.15913426876068115,107,0,23,0.017597585916519165,0.5357142857142857,0.3,120,130,wall,both,1,1,1,1,1,1,0.0,4,4,0,alpha,full,huber,-12.300816447251062,3.359687083789961,-1.9222375993711596,-11.51018781456035,3.1650227560939963,-1.517232853371318,-11.293948781501843,3.137619427731366,-1.4868363228151253,145.29560444228085,0.017597585916519165,229,4.891829967498779,0.6132674316016583,1.0,disabled,single,3,row_10,row_9,-0.09714649617671967,-1.26237154006958,0.7603851552115619,0.23712799157227324,0.5644694461426689,1.1652250438928604,0.17678369472315586,0,7,0,disabled,0,0.0,50.0,alpha
296,3.107534408569336,-3.9856226444244385,-21.444366455078125,-0.16595147550106049,0.8641365766525269,0.001643359661102295,112,2,15,0.012804570607841015,0.5376344086021506,0.3,120,129,wall,both,1,1,1,1,1,1,0.0,5,5,0,alpha,full,huber,-11.161733414654897,1.777026316099406,-1.150608083405286,-11.521819982996181,2.611038504281715,-1.4875686257128802,-11.390212746041247,2.6643469301874765,-1.4839990014897346,183.45078555109976,0.012804570607841015,235,3.5176961421966553,0.8528309094163615,1.0,disabled,single,3,row_10,row_9,-0.16595147550106049,-0.6924569606781006,0.6183334639656293,0.3652282178082031,0.7326506074816264,0.5265054851770401,0.3147759058425045,0,7,0,disabled,0,0.0,50.0,alpha
300,0.5932821035385132,-0.14544780552387238,-21.634031295776367,-0.22841030359268188,1.0122411251068115,0.013228833675384521,113,6,14,0.014876820147037506,0.5300353356890459,0.3,120,133,wall,both,1,1,1,1,1,1,0.0,1,1,0,alpha,full,huber,-11.495864525028642,3.1806501518339347,-1.1874838742158786,-11.472260028201454,2.484200987622783,-1.4160818409077607,-11.41719601718968,2.4129199867447424,-1.452284524580887,181.71375921039126,0.014876820147037506,250,1.5568808317184448,1.0,1.0,disabled,single,3,row_10,row_9,-0.22841030359268188,-0.5574626326560974,0.5749884180422785,0.4137647472663527,0.73380364219484,0.3290523290634155,0.3249950773301361,0,7,0,disabled,0,0.0,50.0,alpha
304,2.1835498809814453,-1.9702024459838867,-17.881927490234375,-0.29767271876335144,1.1571197509765625,0.005720376968383789,120,0,6,0.012805337086319923,0.5434782608695653,0.3,120,126,wall,both,1,1,1,1,1,1,0.0,2,2,0,alpha,full,huber,-10.967267149684957,2.0902581105409164,-1.3149587460389776,-11.000930884613163,1.3837080070471846,-1.2719944165908428,-11.12847143054529,1.2214669753018759,-1.3593363938732757,174.00631608952915,0.012805337086319923,250,3.2972368001937866,0.9098527590810835,1.0,disabled,single,3,row_10,row_9,-0.29767271876335144,-0.4743347764015198,0.5308651885760626,0.4448984479263187,0.7866531151689993,0.17666205763816833,0.3355744533646845,0,7,0,disabled,0,0.0,50.0,alpha
308,0.1265951544046402,-0.006622451823204756,-14.678560256958008,-0.20909617841243744,0.9700168371200562,8.45789909362793e-05,120,10,0,0.011409321799874306,0.5357142857142857,0.3,120,130,wall,both,1,1,1,1,1,1,0.0,4,4,0,alpha,full,huber,-10.606713188491328,0.8782225826812016,-1.3366820700214077,-10.588292010214573,0.8716823908693097,-1.2111451549507712,-10.787025103685872,0.7141719719452679,-1.2843759673844208,164.86624632995915,0.01140932273119688,250,0.668594479560852,1.0,1.0,disabled,single,3,row_10,row_9,-0.20909617841243744,-0.4730876386165619,0.5477187599203979,0.42063710693214235,0.8032619825463626,0.26399146020412445,0.39289715718403884,0,7,0,disabled,0,0.0,50.0,alpha
312,1.0093235969543457,-0.4209645092487335,-19.686264038085938,-0.19182661175727844,0.9290643334388733,0.0017955899238586426,119,21,2,0.006938816513866186,0.5136986301369862,0.3,120,142,wall,both,1,1,1,1,1,1,0.0,5,5,0,alpha,full,huber,-10.628479002502651,0.8114005206894588,-1.2897533343115621,-10.353351702199145,0.6168186247162333,-1.1669203582832568,-10.51979066316127,0.49437621381992364,-1.221538643933719,207.18046896009113,0.006938816513866186,250,1.0790939927101135,1.0,1.0,disabled,single,3,row_10,row_9,-0.19182661175727844,-0.49320897459983826,0.5577267544554717,0.412603379872049,0.7952810955042027,0.3013823628425598,0.39205951213534196,0,7,0,disabled,0,0.0,50.0,alpha
316,1.2085288763046265,-0.6035298109054565,-21.924434661865234,-0.1499006152153015,0.8212952017784119,0.0012118816375732422,132,29,1,0.010427897796034813,0.4807692307692307,0.3,120,162,wall,both,1,1,1,1,1,1,0.0,8,8,0,alpha,full,huber,-10.691432886236793,0.6066308294410381,-1.3004527763172309,-10.380647710089129,0.3007123700439358,-1.2198113796141568,-10.377799491703524,0.19869151428270523,-1.2161499470173553,184.6227572946097,0.010427897796034813,250,1.8154587745666504,1.0,1.0,disabled,single,3,row_10,row_9,-0.1499006152153015,-0.5532694458961487,0.5849204124283633,0.39076523597681373,0.7712315874274375,0.40336883068084717,0.3863788729212323,0,7,0,disabled,0,0.0,50.0,alpha
320,1.3979679346084595,-0.8075679540634155,-33.43043899536133,-0.3640320897102356,1.279871940612793,0.001983940601348877,106,59,12,0.02198122628033161,0.4587155963302753,0.3,98,177,wall,both,1,1,1,1,1,1,0.0,7,7,0,alpha,full,huber,-9.941535776762684,-1.3901213043929166,-1.3745494887132446,-10.163605137242222,-0.4832211719229991,-1.28000735323433,-10.15368854828644,-0.4582595034081258,-1.2533942364231718,126.10091086121362,0.02198122628033161,180,2.62553870677948,1.0,1.0,disabled,single,3,row_9,row_10,-0.3640320897102356,-0.49661174416542053,0.5204644121310774,0.45583999455090085,0.786674808861388,0.13257965445518494,0.2890016760210916,1,8,0,disabled,0,0.0,50.0,alpha
324,1.8233485221862793,-1.373801589012146,-23.62295150756836,-0.2852683961391449,1.1296517848968506,0.02033442258834839,128,15,11,0.01135234348475933,0.49342105263157904,0.3,120,154,wall,both,1,1,1,1,1,1,0.0,8,8,0,alpha,full,huber,-9.59010036691544,-2.499602353459643,-1.3534285231643506,-9.933876948481302,-1.6265180493283444,-1.3013901631264282,-9.871770817791583,-1.5660033611613646,-1.2696810484072452,166.82736937803375,0.01135234348475933,218,2.63631272315979,1.0,1.0,disabled,single,3,row_9,row_10,-0.2852683961391449,-0.5814974308013916,0.5598495507316612,0.41631369623005887,0.7786506628341032,0.2962290346622467,0.2948187946169488,0,8,0,disabled,0,0.0,50.0,alpha
328,2.145355463027954,-1.9018802642822266,-34.341033935546875,-0.3689378798007965,0.8948935866355896,0.2163071632385254,108,0,17,0.013220686465501785,0.5454545454545454,0.3,120,125,wall,both,1,1,1,1,1,1,0.0,5,5,0,alpha,full,huber,-6.897336653148063,-0.9183492350431974,-0.5995654738944554,-9.360815764846045,-2.596812051236655,-1.2277710092187908,-9.452238860208466,-2.6096635462411477,-1.2702395053318563,187.5822465115373,0.013220686465501785,224,4.027095317840576,0.7449538099358103,1.0,disabled,single,3,row_8,row_9,-0.3689378798007965,-0.9477739930152893,0.5951945994472201,0.3336365733280867,0.8631385062772332,0.5788361132144928,0.1499289892129979,1,9,0,disabled,0,0.0,50.0,alpha
332,1.060957670211792,-0.46513688564300537,-21.396032333374023,-0.2009066939353943,0.9102855920791626,0.06409674882888794,125,11,1,0.008959605358541012,0.5226480836236934,0.3,120,137,wall,both,1,1,1,1,1,1,0.0,3,3,0,alpha,full,huber,-9.902268828454304,-3.4758414457565023,-1.2307210030907387,-9.497019980025906,-3.3613191125934216,-1.3321449260528109,-9.378232156178935,-3.296503962362635,-1.3051554030790278,186.95214257843708,0.008959605358541012,250,1.858850359916687,1.0,1.0,disabled,single,3,row_10,row_9,-0.18452152609825134,-0.4747808873653412,0.5664668833534242,0.4237566107477242,0.7310230863204261,0.29025936126708984,0.3838151324592237,1,10,0,disabled,0,0.0,50.0,alpha
336,2.0491859912872314,-1.7351915836334229,-20.415498733520508,-0.21251091361045837,0.977317750453949,0.007909715175628662,130,19,0,0.008846208453178406,0.5016722408026756,0.3,120,149,wall,both,1,1,1,1,1,1,0.0,3,3,0,alpha,full,huber,-9.348142595559155,-3.8912171956289625,-1.2793472734285043,-9.50694085149924,-3.969611552321345,-1.388414323675291,-9.357848535658574,-3.944513333848748,-1.3526026871327959,191.11903017289916,0.008846208453178406,250,2.1239131689071655,1.0,1.0,disabled,single,3,row_9,row_10,-0.21251091361045837,-0.4354657530784607,0.5396512243121593,0.43180245800054795,0.7970135830301515,0.22295483946800232,0.404321315387694,1,11,0,disabled,0,0.0,50.0,alpha
340,2.189269781112671,-1.980538010597229,-27.975467681884766,-0.14161521196365356,0.758526623249054,0.05805540084838867,126,20,29,0.018342718482017517,0.46153846153846145,0.3,120,175,wall,both,1,1,1,1,1,1,0.0,3,3,0,alpha,full,huber,-8.629742759510744,-6.005903469825032,-1.255417401174112,-9.09325566334756,-5.065248735226341,-1.3553003152530936,-9.113119972307729,-5.011963634484257,-1.3624734052886966,168.20879366558532,0.018342718482017517,250,3.4461570978164673,0.8705348928813609,1.0,disabled,single,3,row_9,row_10,-0.14161521196365356,-0.35538309812545776,0.5027462321894185,0.40598558257042494,0.9301858022330085,0.2137678861618042,0.5460545327957574,0,11,0,disabled,0,0.0,50.0,alpha
344,0.5800630450248718,-0.13903848826885223,-27.017536163330078,-0.1347568929195404,0.7248741984367371,0.06639283895492554,117,26,36,0.009706179611384869,0.45592705167173253,0.3,120,179,wall,both,1,1,1,1,1,1,0.0,4,4,0,alpha,full,huber,-8.846102907813567,-4.967211543977868,-1.1863821679764965,-8.929471979992549,-5.309719378754572,-1.276149902286188,-8.98093799159863,-5.351758874689825,-1.3246975851476843,185.72840815633103,0.009706179611384869,250,1.0124706029891968,1.0,1.0,disabled,single,3,row_9,row_10,-0.11908606439828873,-0.34167003631591797,0.529773929331905,0.4240563702935161,0.8423529780100949,0.22258397191762924,0.5162188474657081,0,11,0,disabled,0,0.0,50.0,alpha
348,0.09422613680362701,-0.0036688284017145634,-28.215749740600586,-0.17960745096206665,0.8892688155174255,0.03080928325653076,115,60,15,0.012112508527934551,0.4411764705882353,0.3,120,190,wall,both,1,1,1,1,1,1,0.0,4,4,0,alpha,full,huber,-8.764425569160906,-6.14981897699341,-1.3489652315679586,-8.791032984743598,-5.8910273963705135,-1.3013018074389449,-8.82336358537044,-5.87069366013731,-1.3198573024960463,182.2381033723897,0.012112509459257126,250,0.7674729526042938,1.0,1.0,disabled,single,3,row_9,row_10,-0.17960745096206665,-0.27171388268470764,0.4805987626897204,0.43830995374825227,0.9173921701771675,0.09210643172264099,0.5531150792326256,0,11,0,disabled,0,0.0,50.0,alpha
352,1.7296026945114136,-1.236167550086975,-27.478944778442383,-0.12578624486923218,0.7476679682731628,0.01956486701965332,133,25,36,0.012069749645888805,0.43604651162790703,0.3,120,194,wall,both,1,1,1,1,1,1,0.0,2,2,0,alpha,full,huber,-8.291268786469761,-7.498800098349612,-1.4590772302907715,-8.443822542157145,-6.631396902285831,-1.2671716191332827,-8.545292224854233,-6.595509699105463,-1.3014806492746718,194.48851481897225,0.012069749645888805,250,1.8640755414962769,1.0,1.0,disabled,single,3,row_9,row_10,-0.12578624486923218,-0.4603872299194336,0.49137451098845275,0.35163918367509645,1.007336419622764,0.3346009850502014,0.5847624455614998,0,11,0,disabled,0,0.0,50.0,alpha
356,1.736807107925415,-1.2464872598648071,-26.33069610595703,-0.22747069597244263,1.0113754272460938,0.006338536739349365,132,25,34,0.015988584607839584,0.4398826979472141,0.3,120,191,wall,both,1,1,1,1,1,1,0.0,2,2,0,alpha,full,huber,-8.455943212666584,-7.8493015635986145,-1.3735933890802674,-8.453293867569151,-7.300700574705171,-1.3266340612635203,-8.422123457419552,-7.227683280023793,-1.3052818374961286,167.39848251286907,0.015988584607839584,250,1.986691653728485,1.0,1.0,disabled,single,3,row_9,row_10,-0.22747069597244263,-0.3966434597969055,0.4694659376507351,0.39639967474261584,0.9912568928086087,0.1691727638244629,0.5286888372579496,0,11,0,disabled,0,0.0,50.0,alpha
360,0.1765652596950531,-0.012882351875305176,-25.795726776123047,-0.1042068675160408,0.6604219079017639,0.042241573333740234,101,19,24,0.010130099952220917,0.5102040816326531,0.3,120,144,wall,both,1,1,1,1,1,1,0.0,1,1,0,alpha,full,huber,-8.126097668723883,-7.728560709107548,-1.552633967781858,-8.269085483123984,-7.681959059074888,-1.3122609542543797,-8.311340489341916,-7.580821792431426,-1.3078861062828555,191.35345380196966,0.010130099952220917,250,0.7089566886425018,1.0,1.0,disabled,single,3,row_9,row_10,-0.1042068675160408,-0.5894461870193481,0.514474666313011,0.3166848119336662,1.0063975955394393,0.48523931950330734,0.5604020968347863,0,11,0,disabled,0,0.0,50.0,alpha
364,4.765950679779053,-8.097397804260254,0.0,-0.20921747386455536,0.9696025848388672,0.008571505546569824,0,0,0,0.008656101301312447,0.5,0.3,0,0,wall,both,1,1,1,1,1,1,0.0,0,0,0,alpha,full,huber,-8.655753502455443,-8.709816090113865,-1.2142770833274181,-8.25741896842746,-8.212956171842993,-1.3457802290492875,-8.233831693412704,-8.084702054315262,-1.3248507614340113,219.01797367615657,0.008656101301312447,250,5.479834794998169,0.5474617597483616,1.0,disabled,single,3,row_10,row_9,-0.20921747386455536,-0.42027679085731506,0.5099851228465564,0.4129482314026563,0.906163982736302,0.2110593169927597,0.46415625071379396,1,12,0,disabled,0,0.0,50.0,alpha
368,2.8849775791168213,-3.439295530319214,0.0,-0.043049734085798264,0.4389753043651581,0.007468461990356445,0,0,0,0.017213288694620132,0.5,0.3,0,0,wall,both,1,1,1,1,1,1,0.0,0,0,0,alpha,full,huber,-9.320878643556917,-8.183580417159819,-1.4675948941515524,-8.355693188927962,-8.570852059538442,-1.3762042092912463,-8.247071816225597,-8.517758669707362,-1.3468822933324343,186.5538658396427,0.01721329055726528,250,3.976485013961792,0.7544351329042442,1.0,disabled,single,3,row_10,row_9,-0.043049734085798264,-0.8356614112854004,0.6584223683683026,0.2980421577365089,0.7723944754189519,0.7926116771996021,0.37485892228265605,0,12,0,disabled,0,0.0,50.0,alpha
372,0.21812844276428223,-0.01966116577386856,0.0,-0.1651170402765274,0.861230194568634,0.008442521095275879,0,0,0,0.006133438553661108,0.5,0.3,0,0,wall,both,1,1,1,1,1,1,0.0,0,0,0,alpha,full,huber,-7.966057899114456,-9.901027989956159,-1.4801412296847818,-8.158555778684157,-9.560894581963595,-1.3593576470409279,-8.102956728818096,-9.477810096962735,-1.348485818341258,215.6636683740816,0.006133438553661108,250,0.7503322660923004,1.0,1.0,disabled,single,3,row_9,row_10,-0.1651170402765274,-0.47688716650009155,0.5430990949568768,0.39762989968764784,0.8657280498290882,0.31177012622356415,0.44534644010538693,1,13,0,disabled,0,0.0,50.0,alpha
376,0.14236308634281158,-0.0083748959004879,0.0,-0.02982894890010357,0.3661772608757019,0.0028046369552612305,0,0,0,0.0087246373295784,0.5,0.3,0,0,wall,both,1,1,1,1,1,1,0.0,0,0,0,alpha,full,huber,-9.008646220114027,-10.348908237470836,-1.4924920375884425,-8.295283120649675,-10.045241800795498,-1.445297154883435,-8.1421303943575,-10.013639886389063,-1.3944123212170234,203.16967524433517,0.0087246373295784,250,1.1643768548965454,1.0,1.0,disabled,single,3,row_10,row_9,-0.02982894890010357,-0.88158118724823,0.6936593817509201,0.29596132804177705,0.6614754937611269,0.8517522383481264,0.3359452944526164,1,14,0,disabled,0,0.0,50.0,alpha
380,0.31580570340156555,-0.04121208190917969,0.0,-0.0015047864289954305,0.08228936046361923,1.0132789611816406e-06,0,0,0,0.010467562824487686,0.5,0.3,0,0,wall,both,1,1,1,1,1,1,0.0,0,0,0,alpha,full,huber,-7.229480328155308,-9.630248800009493,-1.3486745830502218,-8.087825120281376,-10.473327723886792,-1.3682054536823884,-8.063606759422012,-10.531702397805901,-1.3774886672277122,206.9669658096609,0.010467562824487686,250,1.2227331399917603,1.0,1.0,disabled,single,3,row_9,row_10,-0.0015047864289954305,-1.1092500686645508,0.6314097451710671,0.20855644582818278,0.9104852786807514,1.1077452822355554,0.45829548232113637,1,15,0,disabled,0,0.0,50.0,alpha
384,3.807926654815674,-5.722132682800293,0.0,-0.9296888709068298,2.0453848838806152,0.0001608133316040039,0,0,0,0.007425018586218357,0.5,0.3,0,0,wall,both,1,1,1,1,1,1,0.0,0,0,0,alpha,full,huber,-6.854032300389401,-11.699097908723504,-1.3321744849125916,-7.952657803377191,-10.963494858107163,-1.3527417093860574,-7.970736870916243,-10.9386332235713,-1.3633885415597942,227.88658144336696,0.007425018586218357,250,4.88050103187561,0.6146909877503046,1.0,disabled,single,3,row_9,row_10,-0.9296888709068298,-1.7815666198730469,0.6353403899718759,0.2710445378006735,0.8637611956588936,0.851877748966217,-0.4760944943952118,0,15,0,disabled,0,0.0,50.0,alpha
388,1.1785134077072144,-0.5739231109619141,0.0,-0.13566431403160095,0.7812187671661377,0.0031880736351013184,0,0,0,0.011896316893398762,0.5,0.3,0,0,wall,both,1,1,1,1,1,1,0.0,0,0,0,alpha,full,huber,-7.637991187761393,-10.271355882804867,-1.2702357336092591,-7.67968417452961,-11.10769462301057,-1.231980438653248,-7.778540925712895,-11.244941804538376,-1.2960073319658136,192.66046739454399,0.011896316893398762,250,2.414631962776184,1.0,1.0,disabled,single,3,row_9,row_10,-0.13566431403160095,-0.6716321110725403,0.5860832591357324,0.34291892977216665,0.8679500117630705,0.5359677970409393,0.39862910502958937,0,15,0,disabled,0,0.0,50.0,alpha
392,0.7100427746772766,-0.208330899477005,0.0,-0.4641514718532562,1.4448893070220947,0.007291257381439209,0,0,0,0.00784855242818594,0.5,0.3,0,0,wall,both,1,1,1,1,1,1,0.0,0,0,0,alpha,full,huber,-6.042942313505548,-10.618683627876209,-1.2292756911198364,-7.055190486756958,-11.417631088522686,-1.2193487457019712,-7.345333752156036,-11.585017095159975,-1.3262085441168787,207.7283826735392,0.00784855242818594,250,2.410028100013733,1.0,1.0,disabled,single,3,row_9,row_8,-0.4641514718532562,-1.0941532850265503,0.5999716953079234,0.3195394263763287,0.8738663352425704,0.6300018131732941,0.046721327512279864,0,15,0,disabled,0,0.0,50.0,alpha
396,1.311244010925293,-0.7104796767234802,0.0,-0.6758594512939453,1.74241304397583,0.01708972454071045,0,0,0,0.009627853520214558,0.5,0.3,0,0,wall,both,1,1,1,1,1,1,0.0,0,0,0,alpha,full,huber,-5.511065712909577,-10.388151707853114,-0.24867565670890057,-6.606171547751869,-11.489694907237936,-0.923241349645185,-6.926617065640832,-11.734225354131496,-1.021137860189146,205.58027809624542,0.009627853520214558,250,2.7407904863357544,1.0,1.0,disabled,single,3,row_8,row_9,-0.6758594512939453,-1.9243085384368896,0.763484161969913,0.21908138752638567,0.6092673899293877,1.2484490871429443,-0.40599655277355867,1,16,0,disabled,0,0.0,50.0,alpha
400,0.8210290670394897,-0.27854907512664795,0.0,-2.6222617626190186,3.3927128314971924,0.12558388710021973,0,0,0,0.00711015285924077,0.5,0.3,0,0,wall,both,1,1,1,1,1,1,0.0,0,0,0,alpha,full,huber,-7.826820235322974,-13.42313006779651,-0.9110145771362728,-6.634191012221086,-12.235319207017696,-0.41791319281060374,-6.598403986143727,-12.281849553316773,-0.3813134693560958,211.60419515802977,0.00711015285924077,250,2.1229344606399536,1.0,1.0,disabled,single,3,row_10,row_9,-2.6222617626190186,-3.267857789993286,0.6495006208874651,0.3405655999295842,0.692945092918935,0.6455960273742676,-2.190710275693907,1,17,1,disabled,0,0.0,50.0,alpha
404,2.335232973098755,-2.2534351348876953,-49.68439865112305,-1.887442946434021,2.890838384628296,0.08622169494628906,15,0,75,0.051098961383104324,0.625,0.3,74,90,wall,both,1,1,1,1,1,1,0.0,6,6,0,alpha,full,huber,-8.237715385630587,-13.061634049551632,1.3057066430005584,-5.888610420245536,-12.625576711899011,1.9448195808781503,-5.475233423072423,-12.761742155756174,1.9963083397482482,78.14109171599843,0.051098961383104324,250,4.869774580001831,0.6160449422689442,1.0,disabled,single,3,row_10,row_9,-1.887442946434021,-2.8760735988616943,0.726435406404617,0.2702963408888596,0.6044902498342022,0.9886306524276733,-1.5678372358482051,0,17,1,disabled,0,0.0,50.0,alpha
408,3.852430820465088,-5.8324737548828125,-30.237375259399414,-0.5126959085464478,1.518816351890564,0.004227757453918457,86,10,50,0.020487388595938683,0.5067567567567568,0.3,117,146,wall,both,1,1,1,1,1,1,0.0,6,6,0,alpha,full,huber,-5.886536559868635,-10.537381191610844,1.6994988536956086,-6.392410313162981,-11.002380841656695,1.8608153902800453,-6.370445725804801,-10.918637668957912,1.9355141202791994,171.4950002846643,0.020487390458583832,250,3.9750888347625732,0.754700114816223,1.0,disabled,single,3,row_9,row_8,-0.5126959085464478,-1.007541298866272,0.5808371930050736,0.3541162002918106,0.8609284083702976,0.4948453903198242,0.030588871432247977,1,18,0,disabled,0,0.0,50.0,alpha
412,2.553983688354492,-2.695385456085205,-40.84062194824219,-0.1525878757238388,0.7935739755630493,0.055651724338531494,63,4,68,0.012386636808514595,0.5263157894736842,0.3,120,135,wall,both,1,1,1,1,1,1,0.0,5,5,0,alpha,full,huber,-4.433608715042347,-9.798282022343926,2.3725871681491633,-6.099462508438287,-10.132580430855326,1.9311012745769034,-6.374191205130359,-10.160921859039355,1.9903011585354626,163.42410676024411,0.012386636808514595,250,4.990015745162964,0.6012005078156374,1.0,disabled,single,3,row_8,row_7,-0.1525878757238388,-1.6290194988250732,0.6974576084459311,0.1593351925255586,0.8222794244235154,1.4764316231012344,0.20772566783134333,1,19,0,disabled,0,0.0,50.0,alpha
416,1.2015095949172974,-0.5965393781661987,-36.07987594604492,-0.08545909076929092,0.6158180236816406,0.017041444778442383,107,5,29,0.009591283276677132,0.5154639175257733,0.3,120,141,wall,both,1,1,1,1,1,1,0.0,7,7,0,alpha,full,huber,-5.611674459264567,-8.716671011590511,2.0294013634110026,-5.934629317268591,-9.565714530037749,1.991390018653639,-6.234155727480985,-9.684508184843207,2.0365759082980928,184.87395151922888,0.009591283276677132,250,2.390965223312378,1.0,1.0,disabled,single,3,row_8,row_9,-0.08545909076929092,-0.6427985429763794,0.6090133730746039,0.34880072630646825,0.802941442255402,0.5573394522070885,0.4104559616724468,0,19,0,disabled,0,0.0,50.0,alpha
420,3.5303866863250732,-5.0340166091918945,-32.13584899902344,-0.050225112587213516,0.4710369110107422,0.015008330345153809,106,1,30,0.0194817166775465,0.5226480836236934,0.3,120,137,wall,both,1,1,1,1,1,1,0.0,3,3,0,alpha,full,huber,-6.049146175996014,-7.892046931857995,2.0408095760163114,-6.139546250029959,-8.619015227369916,2.0162211147715547,-6.361364459920481,-8.804587157686452,2.036157571771133,153.89689769345128,0.0194817166775465,250,4.501662492752075,0.666420462402538,1.0,disabled,single,3,row_8,row_9,-0.050225112587213516,-0.37339720129966736,0.5635616989366831,0.4079337285224849,0.7903749503869637,0.32317208871245384,0.5232533465634529,0,19,0,disabled,0,0.0,50.0,alpha
424,0.9460089802742004,-0.36980703473091125,-33.40709686279297,-0.043216343969106674,0.06283197551965714,0.10184824466705322,144,22,9,0.037805236876010895,0.46153846153846145,0.3,120,175,wall,both,1,1,1,1,1,1,0.0,7,7,0,alpha,full,huber,-5.814609507793591,-7.31497138803731,1.7590315240281722,-6.036157234440546,-7.657025016865355,1.9697905434699872,-6.366172474670142,-7.897412347297122,2.013725465850084,87.6175950432721,0.037805236876010895,250,1.8110917210578918,1.0,1.0,disabled,single,3,row_8,row_9,-0.043216343969106674,-0.6178277134895325,0.6148982851417928,0.3461407535813342,0.7926840952980556,0.5746113695204258,0.4430820708982941,0,19,0,disabled,0,0.0,50.0,alpha
428,2.091918468475342,-1.8083152770996094,-34.893951416015625,-0.0015699343057349324,0.0815618485212326,0.004738271236419678,114,33,15,0.025078773498535156,0.4807692307692307,0.3,120,162,wall,both,1,1,1,1,1,1,0.0,6,6,0,alpha,full,huber,-5.776862611487133,-7.334085405559341,2.1168943300153558,-6.085859584864463,-7.236906516444032,1.936411562630021,-6.365711862188114,-7.27266852038829,1.9919346259799315,116.87907793172751,0.025078773498535156,213,2.6713204383850098,1.0,1.0,disabled,single,3,row_8,row_9,-0.0015699343057349324,-0.6432732343673706,0.6290810491861392,0.3311451511513805,0.78580963028703,0.6417033000616357,0.46192524224491155,0,19,0,disabled,0,0.0,50.0,alpha
432,0.6241893172264099,-0.16099682450294495,-34.148075103759766,-0.25125694274902344,1.0626991987228394,0.008498549461364746,147,1,25,0.028907902538776398,0.46439628482972134,0.3,120,173,wall,both,1,1,1,1,1,1,0.0,6,6,0,alpha,full,huber,-6.811566497822046,-6.143275765039518,1.6742199728597402,-6.435726689738109,-6.869340903693075,1.959877951816847,-6.467212307501622,-6.922562404890375,1.9802282422406758,153.75425525238728,0.028907904401421547,229,1.6773709058761597,1.0,1.0,disabled,single,3,row_9,row_8,-0.25125694274902344,-0.46290868520736694,0.5058810861357843,0.40938248556571666,0.9195034863063073,0.2116517424583435,0.4301967022010599,1,20,0,disabled,0,0.0,50.0,alpha
436,2.3361501693725586,-2.2552056312561035,-36.14250946044922,-0.16508038341999054,0.8583646416664124,0.018181800842285156,141,7,7,0.01469292864203453,0.49180327868852464,0.3,120,155,wall,both,1,1,1,1,1,1,0.0,4,4,0,alpha,full,huber,-6.992809353507658,-5.286779128573667,1.7347372463513455,-6.93640647209921,-6.161216792379614,1.983191268545685,-6.843908271800627,-6.2144396018311845,1.9906226914891292,166.57288655279172,0.01469293050467968,250,3.228869676589966,0.9291177100614116,1.0,disabled,single,3,row_9,row_8,-0.16508038341999054,-0.7112997174263,0.5753388041339185,0.33319894960679425,0.9029979675759692,0.5462193340063095,0.3877158037087116,0,20,0,disabled,0,0.0,50.0,alpha
440,4.867745876312256,-8.349782943725586,-32.368587493896484,-0.18583765625953674,0.8614643216133118,0.0715951919555664,119,1,28,0.01210509892553091,0.5033557046979865,0.3,120,148,wall,both,1,1,1,1,1,1,0.0,6,6,0,alpha,full,huber,-8.615091957064768,-6.860581992963079,2.261351250988219,-7.454295356609898,-5.536737703849308,1.974633638988562,-7.349656938972556,-5.426280486910003,1.9345781884266229,198.46740022265834,0.01210509892553091,250,6.4295501708984375,0.4665956280392152,1.0,disabled,single,3,row_9,row_10,-0.18583765625953674,-0.3481338322162628,0.4742581515282631,0.40320923508121653,0.9772753220572592,0.16229617595672607,0.5601658258037158,0,20,0,disabled,0,0.0,50.0,alpha
444,0.8373542428016663,-0.28973641991615295,-17.68387794494629,-0.27618369460105896,1.1148163080215454,0.0007828474044799805,130,16,4,0.010912985540926456,0.5,0.3,120,150,wall,both,1,1,1,1,1,1,0.0,6,6,0,alpha,full,huber,-7.29090530221553,-3.5087895073635584,1.7759582085538836,-7.332937974624662,-4.158194246685429,1.7603122560187265,-7.522156158755852,-4.317201856784664,1.8161337384474825,162.71023606785664,0.010912985540926456,250,1.8228263854980469,1.0,1.0,disabled,single,3,row_9,row_8,-0.27618369460105896,-0.7030270099639893,0.5595558933734506,0.3651470343090862,0.8874959293176643,0.4268433153629303,0.3044281628278538,0,20,0,disabled,0,0.0,50.0,alpha
448,0.5959508419036865,-0.1467592567205429,-29.079877853393555,-0.12888233363628387,0.6974375247955322,0.07136774063110352,117,14,25,0.010909533128142357,0.49019607843137253,0.3,120,156,wall,both,1,1,1,1,1,1,0.0,4,4,0,alpha,full,huber,-7.759071524605647,-2.742026142631503,1.9662429208606707,-7.410764398335376,-3.5836644090188248,1.7693031172314622,-7.5099323787712375,-3.776809476485551,1.7919390592947586,175.69344669639926,0.010909533128142357,250,1.6241475939750671,1.0,1.0,disabled,single,3,row_9,row_8,-0.12888233363628387,-1.0393621921539307,0.6562625326409084,0.2640348369444193,0.8296265027305282,0.9104798585176468,0.2923120342647972,0,20,0,disabled,0,0.0,50.0,alpha
452,0.5962042808532715,-0.14688411355018616,-28.371685028076172,-0.2794034779071808,1.1182693243026733,0.019226133823394775,128,36,3,0.012354796752333641,0.47318611987381703,0.3,120,167,wall,both,1,1,1,1,1,1,0.0,5,5,0,alpha,full,huber,-7.3338134372785,-3.0269523615091534,1.7825635998151457,-7.426098646807461,-3.187852721818717,1.7553647833984498,-7.5000054458984575,-3.3400395351781498,1.7697536160278364,176.62891881756696,0.012354796752333641,229,0.9760171175003052,1.0,1.0,disabled,single,3,row_9,row_8,-0.2794034779071808,-0.6979883313179016,0.5699751921221727,0.3750307354748589,0.8477409750033374,0.4185848534107208,0.2827589637861755,0,20,0,disabled,0,0.0,50.0,alpha
456,2.0131285190582275,-1.674663782119751,-29.370845794677734,-0.2973560392856598,1.1546838283538818,0.01617830991744995,118,52,6,0.023373067378997803,0.4601226993865031,0.3,120,176,wall,both,1,1,1,1,1,1,0.0,6,6,0,alpha,full,huber,-7.294941973499709,-3.186666027888972,1.7662786414153633,-7.481718341110154,-2.7475881822452433,1.7237295421268104,-7.548634269895187,-2.7572796479484305,1.7399625654857571,108.65186297548921,0.023373067378997803,153,2.764322280883789,1.0,1.0,disabled,single,3,row_9,row_8,-0.2973560392856598,-0.683823823928833,0.5595340528996737,0.38017687476983636,0.8618982556737187,0.3864677846431732,0.28329485070511673,0,20,0,disabled,0,0.0,50.0,alpha
460,3.3771414756774902,-4.654069423675537,-26.510665893554688,-0.2827843427658081,1.1272685527801514,0.009885966777801514,124,19,20,0.01516767032444477,0.47923322683706066,0.3,120,163,wall,both,1,1,1,1,1,1,0.0,4,4,0,alpha,full,huber,-7.434260282593757,-1.4538990605576205,1.6893154322171764,-7.354865869704294,-2.1035347634781116,1.6144155458476617,-7.498141229147421,-2.1587940013341167,1.672402254547741,131.24683061763244,0.01516767032444477,175,3.908600330352783,0.7675381841174909,1.0,disabled,single,3,row_9,row_8,-0.2827843427658081,-0.5464160442352295,0.5469462846524007,0.4201950029337988,0.8065844963825435,0.2636317014694214,0.32062033852047755,0,20,0,disabled,0,0.0,50.0,alpha
464,3.4211981296539307,-4.763301372528076,-28.528318405151367,-0.25765281915664673,1.076771855354309,2.0563602447509766e-05,134,39,18,0.011429172940552235,0.4398826979472141,0.3,120,191,wall,both,1,1,1,1,1,1,0.0,7,7,0,alpha,full,huber,-6.997857480596184,-1.2079878760711935,1.8654085907297073,-7.160350670601408,-1.5742971590028585,1.5836911967305425,-7.35892415485712,-1.5754601581906507,1.6221281385842419,169.11083929970619,0.011429172940552235,224,3.713269352912903,0.8079133816798468,1.0,disabled,single,3,row_8,row_9,-0.25765281915664673,-0.5775476098060608,0.5440309743154168,0.395089133021965,0.8684693008968192,0.31989479064941406,0.35109627651064823,1,21,0,disabled,0,0.0,50.0,alpha
468,1.204777717590332,-0.5997889637947083,-26.762754440307617,-0.3473722040653229,1.2415674924850464,0.03436034917831421,145,25,21,0.009855473414063454,0.4398826979472141,0.3,120,191,wall,both,1,1,1,1,1,1,0.0,10,10,0,alpha,full,huber,-6.967074423509379,-1.862949417363779,1.6089170367449634,-7.176847227617614,-1.4671453922468412,1.6845598535743371,-7.274522801665034,-1.3921181687014241,1.658729323580527,199.68517253751608,0.009855474345386028,250,1.600813388824463,1.0,1.0,disabled,single,3,row_8,row_9,-0.3473722040653229,-0.5028263330459595,0.5018414533677895,0.42958950400656276,0.8927352777233485,0.1554541289806366,0.3420988350545081,0,21,0,disabled,0,0.0,50.0,alpha
472,1.7466620206832886,-1.2606728076934814,-27.75016975402832,-0.14637252688407898,0.8115727305412292,0.0011916160583496094,118,3,11,0.014157434925436974,0.5319148936170213,0.3,120,132,wall,both,1,1,1,1,1,1,0.0,8,8,0,alpha,full,huber,-6.562660961262266,-1.7153375723578617,1.920643149005632,-7.095697909730917,-1.0253610593622322,1.7349755979493533,-7.210763028923839,-0.9177621339967346,1.7301537655263797,199.70210628617394,0.014157434925436974,250,2.8020325899124146,1.0,1.0,disabled,single,3,row_8,row_9,-0.14637252688407898,-0.8197460770606995,0.5886279140413628,0.30019153140721416,0.917399878842995,0.6733735501766205,0.3835884929560429,0,21,0,disabled,0,0.0,50.0,alpha
476,1.1902025938034058,-0.585364580154419,-31.15824317932129,-0.17951130867004395,0.8955474495887756,0.01776343584060669,107,12,22,0.010789118707180023,0.5154639175257733,0.3,120,141,wall,both,1,1,1,1,1,1,0.0,4,4,0,alpha,full,huber,-8.027774082068708,0.2781678888359214,1.9057153958315354,-7.4128592622925185,-0.4570316539149452,1.8889237826522995,-7.350519762994969,-0.4465521876484039,1.8356793789847865,198.72541991900067,0.010789118707180023,250,2.346401810646057,1.0,1.0,disabled,single,3,row_9,row_8,-0.17951130867004395,-0.7326595783233643,0.5989727795620984,0.344490972096444,0.8365381482799892,0.5531482696533203,0.33302781636427525,1,22,0,disabled,0,0.0,50.0,alpha
480,4.552861213684082,-7.569077491760254,-36.03657913208008,-0.10465671122074127,0.5924146175384521,0.08082908391952515,101,0,19,0.011373210698366165,0.5555555555555556,0.3,120,120,wall,both,1,1,1,1,1,1,0.0,3,3,0,alpha,full,huber,-8.384589351158494,0.6206607264817741,2.1217754133502824,-7.7586913342570885,-0.12805792385130677,1.9760970946188792,-7.6012626412058655,-0.11530177842541914,1.9175451106901873,198.11769670527647,0.011373210698366165,250,5.618232011795044,0.533975811910532,1.0,disabled,single,3,row_9,row_8,-0.08097393065690994,-0.7863712310791016,0.6154349507573974,0.3039708943077745,0.8636863820095173,0.7053973004221916,0.4044520934890471,0,22,0,disabled,0,0.0,50.0,alpha
484,0.07784398645162582,-0.002504002535715699,-23.9567928314209,-0.268384724855423,1.0238362550735474,0.09318464994430542,152,20,8,0.011290552094578743,0.45454545454545453,0.3,120,180,wall,both,1,1,1,1,1,1,0.0,5,5,0,alpha,full,huber,-7.257731866018548,0.0988614861627847,1.9715531215939563,-7.657321991769472,0.15480356308073695,1.9215972512039672,-7.689805357120255,0.18721541381006312,1.9220752339193687,177.14744285672754,0.011290553025901318,250,0.7512057721614838,1.0,1.0,disabled,single,3,row_8,row_9,-0.23480477929115295,-0.5955824851989746,0.552139380599249,0.38491510734901735,0.8695116868545651,0.36077770590782166,0.3591499842013266,1,23,0,disabled,0,0.0,50.0,alpha
488,1.1600315570831299,-0.5560632944107056,-24.363037109375,-0.3027617037296295,1.0846127271652222,0.10064291954040527,152,16,4,0.01396907027810812,0.46583850931677023,0.3,120,172,wall,both,1,1,1,1,1,1,0.0,8,8,0,alpha,full,huber,-7.321356710328101,0.01706539424866893,1.9889227787809194,-7.68262045338415,0.6399553294562379,1.9055922616809386,-7.786949742255125,0.6884632706622709,1.9132107759833552,184.87548478158098,0.01396907027810812,246,1.6850857138633728,1.0,1.0,disabled,single,3,row_8,row_9,-0.26161596179008484,-0.5438274145126343,0.5384821244344814,0.40607702088182196,0.8596418837439416,0.28221145272254944,0.35738501625431984,0,23,0,disabled,0,0.0,50.0,alpha
492,1.9941188097000122,-1.6431858539581299,-30.89828109741211,-0.22307538986206055,0.954598605632782,0.07099652290344238,103,6,35,0.029683971777558327,0.5102040816326531,0.3,120,144,wall,both,1,1,1,1,1,1,0.0,5,5,0,alpha,full,huber,-8.444772497809748,2.363863919082894,1.612202793122326,-7.943277647224894,1.6417711756811244,1.821296513722313,-8.012555418787851,1.5787498102608266,1.8442857179392558,108.08061656627105,0.029683973640203476,180,2.9036933183670044,1.0,1.0,disabled,single,3,row_9,row_8,-0.20681576430797577,-0.41407129168510437,0.5304100897427471,0.4311236475415055,0.824388006675934,0.2072555273771286,0.4272890530898762,1,24,0,disabled,0,0.0,50.0,alpha
496,1.6946709156036377,-1.1867395639419556,-35.49248123168945,-0.18667177855968475,0.9165272116661072,0.00021713972091674805,110,12,27,0.019010163843631744,0.5016722408026756,0.3,120,149,wall,both,1,1,1,1,1,1,0.0,4,4,0,alpha,full,huber,-8.937709618168201,3.372964389751105,1.9704484099273953,-8.428657448802987,2.908557761554595,1.8869742012574635,-8.395255875071468,2.866249002456459,1.8792806041711536,96.63701821903545,0.019010165706276894,122,2.5749162435531616,1.0,1.0,disabled,single,3,row_9,row_8,-0.18667177855968475,-0.6966639757156372,0.5957642120750086,0.35775656687342333,0.8189244035665983,0.5099921971559525,0.3312385289580929,0,24,0,disabled,0,0.0,50.0,alpha
500,1.8873904943466187,-1.472001314163208,-31.739776611328125,-0.22720518708229065,1.0085188150405884,0.017007887363433838,119,24,35,0.020185567438602448,0.4573170731707317,0.3,120,178,wall,both,1,1,1,1,1,1,0.0,4,4,0,alpha,full,huber,-8.239622832080832,4.6059252403872755,1.7596418399303033,-8.564896481669125,4.288932807749441,1.8171933223295307,-8.667230221198352,4.164912084389112,1.864319948771893,122.74841142368086,0.020185569301247597,207,2.5751569271087646,1.0,1.0,disabled,single,3,row_8,row_9,-0.22720518708229065,-0.502596378326416,0.5495438237202497,0.4172549105902207,0.8067544527667148,0.27539119124412537,0.3714615692430163,1,25,0,disabled,0,0.0,50.0,alpha
504,2.041508197784424,-1.7222130298614502,-28.715715408325195,-0.25279510021209717,1.0655933618545532,0.010664045810699463,130,27,27,0.021461034193634987,0.44910179640718567,0.3,120,184,wall,both,1,1,1,1,1,1,0.0,3,3,0,alpha,full,huber,-8.295020086508796,4.201552474514232,1.7211171007497406,-8.382270416092014,4.954463648619061,1.7487761239763735,-8.626326998018971,4.895751567021142,1.8027955042551298,155.80397818819702,0.021461034193634987,250,2.7925219535827637,1.0,1.0,disabled,single,3,row_8,row_9,-0.25279510021209717,-0.45538032054901123,0.5330832182951697,0.4353247583781678,0.8065399799973373,0.20258522033691406,0.37628263490563774,0,25,0,disabled,0,0.0,50.0,alpha
508,2.102602243423462,-1.8268331289291382,-28.559276580810547,-0.33416515588760376,1.2227606773376465,0.021637916564941406,112,14,20,0.019881756976246834,0.5067567567567568,0.3,119,146,wall,both,1,1,1,1,1,1,0.0,2,2,0,alpha,full,huber,-8.454759716587974,4.820998098739453,1.7833511518280272,-8.52844410840401,5.529771214625814,1.7462048344890544,-8.667058456720115,5.592324205525479,1.7786535698397659,172.1044016339808,0.019881758838891983,250,3.0560773611068726,0.9816505426791414,1.0,disabled,single,3,row_8,row_9,-0.33416515588760376,-0.3769375681877136,0.49855378411923484,0.4776790498750493,0.7888084345224776,0.04277241230010986,0.3618786475983419,0,25,0,disabled,0,0.0,50.0,alpha
512,2.1807260513305664,-1.965109944343567,-31.650981903076172,-0.18331320583820343,0.9036600589752197,0.02126777172088623,115,5,22,0.01480330340564251,0.5136986301369862,0.3,115,142,wall,both,1,1,1,1,1,1,0.0,1,1,0,alpha,full,huber,-8.191863279102398,5.266282212418329,1.6761384579164673,-8.4232348396034,5.884730616814853,1.6637290529252537,-8.59193309415405,5.960365724182818,1.722028885030089,182.31435461936326,0.014803304336965084,250,3.1124709844589233,0.9638644070834687,1.0,disabled,single,3,row_8,row_9,-0.18331320583820343,-0.5619362592697144,0.565548479302381,0.38728969026499643,0.833756008141686,0.3786230534315109,0.3866460530528728,0,25,0,disabled,0,0.0,50.0,alpha
516,2.630732774734497,-2.859816074371338,0.0,-0.016521356999874115,0.2715361714363098,0.005782783031463623,0,0,0,0.010655132122337818,0.5,0.3,0,0,wall,both,1,1,1,1,1,1,0.0,0,0,0,alpha,full,huber,-7.352213226506627,6.491604792331492,1.7751521869356246,-8.262423741768805,6.5763321955915535,1.6013369008206149,-8.485786843736651,6.652928358525177,1.663409267487606,197.3318906782079,0.010655132122337818,250,3.5147241353988647,0.8535520525736932,1.0,disabled,single,3,row_8,row_7,-0.016521356999874115,-1.0377522706985474,0.621543276074276,0.22384965119654418,0.9192596273346056,1.0212309136986732,0.4590283817995527,0,25,0,disabled,0,0.0,50.0,alpha
520,1.4262608289718628,-0.84058678150177,-31.235376358032227,-0.16153402626514435,0.8510677814483643,0.011867225170135498,92,0,28,0.008380402810871601,0.5555555555555556,0.3,120,120,wall,both,1,1,1,1,1,1,0.0,1,1,0,alpha,full,huber,-9.158357569261307,6.915896287527636,1.9551114844177766,-8.715131112598863,7.084445441658785,1.7282801317250454,-8.630615598742967,7.193375347026218,1.696461042377968,192.2108824480336,0.008380402810871601,250,2.0699082612991333,1.0,1.0,disabled,single,3,row_9,row_8,-0.16153402626514435,-0.45098060369491577,0.5542106109310969,0.41492517435243786,0.7994433995291512,0.2894465774297714,0.4286764740782305,1,26,0,disabled,0,0.0,50.0,alpha
524,0.7278814315795898,-0.21893033385276794,-37.84246063232422,-0.20915575325489044,0.9678798913955688,0.015494108200073242,47,0,71,0.008844380266964436,0.5597014925373135,0.3,118,118,wall,both,1,1,1,1,1,1,0.0,4,4,0,alpha,full,huber,-8.515110403239024,8.208708891200736,1.6151383956206553,-8.824879952825682,7.5207045004230135,1.7262086643917554,-8.752315876468732,7.55151488705401,1.707293544414556,207.38932490202893,0.008844380266964436,250,1.5654273629188538,1.0,1.0,disabled,single,3,row_8,row_9,-0.20915575325489044,-0.7887216210365295,0.6038452293053785,0.3382387660227707,0.8362428895078124,0.5795658677816391,0.29528160350013566,1,27,0,disabled,0,0.0,50.0,alpha
528,0.802142858505249,-0.2658814787864685,-31.89748764038086,-0.041144900023937225,0.4302929937839508,9.179115295410156e-06,91,0,17,0.01305847242474556,0.5813953488372093,0.3,108,108,wall,both,1,1,1,1,1,1,0.0,4,4,0,alpha,full,huber,-8.112039160584786,7.258057645054803,1.443159263733726,-8.562539937878318,7.769050705677692,1.5263137799716682,-8.684268356889646,7.855697400687325,1.57922333313266,180.49232849882796,0.01305847242474556,250,1.8168949484825134,1.0,1.0,disabled,single,3,row_8,row_9,-0.041144900023937225,-0.8594942092895508,0.6237747859982598,0.27518403006325926,0.8810839020525171,0.8183493092656136,0.4308209956106096,0,27,0,disabled,0,0.0,50.0,alpha
532,0.6356746554374695,-0.16697615385055542,-22.512948989868164,-0.33403193950653076,1.225313425064087,0.00976341962814331,70,0,24,0.01336024608463049,0.6147540983606558,0.3,94,94,wall,both,1,1,1,1,1,1,0.0,1,1,0,alpha,full,huber,-9.265177648478303,8.08717032793305,1.6610465593933244,-8.828960010132189,8.325327333730367,1.4662619846510048,-8.7590809079642,8.383222015585163,1.4217360559360035,186.5869332974303,0.01336024608463049,250,1.2023698091506958,1.0,1.0,disabled,single,3,row_9,row_8,-0.33403193950653076,-0.6315129399299622,0.5608836698899885,0.4165608384079097,0.7746435528820945,0.2974810004234314,0.24420981750532378,1,28,0,disabled,0,0.0,50.0,alpha
536,1.0853158235549927,-0.4867398738861084,0.0,-0.5791152715682983,1.59869384765625,0.05227738618850708,0,0,0,0.012190114706754684,0.5,0.3,0,0,wall,both,1,1,1,1,1,1,0.0,0,0,0,alpha,full,huber,-9.960114421317265,8.77930756442146,1.4761240215347815,-8.914566037164454,9.346013313310577,0.920147456973331,-8.751448770924304,9.433122270399828,0.8533638425093932,197.92855995519037,0.012190114706754684,250,2.0285791158676147,1.0,1.0,disabled,single,3,row_9,row_8,-0.5791152715682983,-1.4106898307800293,0.66476570095202,0.2894145501732184,0.7715453804314737,0.831574559211731,-0.1707946417639724,0,28,0,disabled,0,0.0,50.0,alpha
540,2.057755708694458,-1.7497351169586182,-38.03996276855469,-0.8518930077552795,1.9508332014083862,0.038882315158843994,43,0,39,0.03528624773025513,0.646551724137931,0.3,82,82,wall,both,1,1,1,1,1,1,0.0,1,1,0,alpha,full,huber,-9.078585693438834,9.186584741011044,1.1591009349935604,-8.979567462932115,9.660422201966483,0.7854103352550654,-8.695739899737141,9.741341067503338,0.6496316960911814,103.30670872482935,0.03528624773025513,250,2.8604856729507446,1.0,1.0,disabled,single,3,row_8,row_9,-0.8518930077552795,-1.280620813369751,0.5908959710160739,0.38487252452423637,0.7685159465525825,0.42872780561447144,-0.32577770871613776,1,29,0,disabled,0,0.0,50.0,alpha
544,0.5854664444923401,-0.14164090156555176,-43.86748123168945,-1.9087939262390137,2.6940956115722656,0.2692369222640991,22,0,69,0.024862011894583702,0.6224066390041494,0.3,91,91,wall,both,1,1,1,1,1,1,0.0,2,2,0,alpha,full,huber,-10.040258688599653,9.87990705872016,1.0495417196340133,-8.960688606534234,9.976001846119992,0.6052250028820452,-8.622135241350168,10.01521389869762,0.44258649749129475,115.40672756646445,0.024862008169293404,250,2.0243078470230103,1.0,1.0,disabled,single,3,row_9,row_8,-1.9087939262390137,-2.205737829208374,0.558004481227995,0.4146451483567776,0.7889934212811447,0.29694390296936035,-1.325405640480483,1,30,1,disabled,0,0.0,50.0,alpha
548,3.422267436981201,-4.765952110290527,-37.086238861083984,-2.746803045272827,1.1773797273635864,0.7729777693748474,35,0,60,0.07159256935119629,0.6122448979591837,0.3,95,95,wall,both,1,1,1,1,1,1,0.0,2,2,0,alpha,full,huber,-7.63441084522611,9.103060284468771,0.09709823373245863,-8.521177768518095,9.870871383433196,0.3692079542003035,-8.453204550855947,9.999182250648445,0.27326930798961824,81.02559659509888,0.07159256935119629,250,4.523800611495972,0.6631592012203943,1.0,disabled,single,3,row_7,row_8,-2.303750991821289,-2.746803045272827,0.5898033983186068,0.378697299810647,0.7880360437972196,0.4430520534515381,-1.7757849710189317,1,31,0,disabled,0,0.0,50.0,alpha
552,0.37710699439048767,-0.05876433104276657,-42.107303619384766,-1.6764860153198242,2.659153699874878,0.1604899764060974,24,0,81,0.027889851480722427,0.5882352941176471,0.3,94,105,wall,both,1,1,1,1,1,1,0.0,3,3,0,alpha,full,huber,-8.803906103332324,10.29208321010908,0.8644600077854898,-8.30456407338648,10.059750657311035,0.1162839659656136,-8.20505509459434,10.078187490778225,-0.021392901981679202,91.758640664596,0.027889853343367577,207,0.7071560025215149,1.0,1.0,disabled,single,3,row_8,row_9,-1.6764860153198242,-3.191563844680786,0.7925628003949845,0.1741982322679736,0.6018264210028273,1.515077829360962,-1.4440024823501418,1,32,1,disabled,0,0.0,50.0,alpha
556,3.2033660411834717,-4.223221302032471,-44.2633171081543,-1.83412766456604,1.9698164463043213,0.4879623055458069,12,4,60,0.06312285363674164,0.663716814159292,0.3,63,76,wall,both,1,1,1,1,1,1,0.0,4,4,0,alpha,full,huber,-6.72579346733401,9.697021367321781,-0.6694761383761278,-7.610098784097978,9.976151861336032,-0.45354728987016046,-7.728807659855331,10.023344698857596,-0.4550476475468965,84.52010425210875,0.06312285363674164,218,4.000276803970337,0.7499481028468963,1.0,disabled,single,3,row_8,row_7,-1.83412766456604,-1.8665075302124023,0.4830525604484945,0.4676619018483616,0.8552666226971176,0.032379865646362305,-1.1064978541202577,0,32,0,disabled,0,0.0,50.0,alpha
560,1.4247987270355225,-0.838864266872406,-42.114925384521484,-0.7528073787689209,1.8123098611831665,0.07494544982910156,21,5,56,0.03752531111240387,0.646551724137931,0.3,61,82,wall,both,1,1,1,1,1,1,0.0,11,11,0,alpha,full,huber,-6.530742332910421,9.39759422158254,-1.3130999280231999,-6.967849486115603,9.679373643707493,-1.0319821874392485,-7.177441585369294,9.767744883901024,-0.9714691239250302,76.34544981391996,0.03752531111240387,175,2.1034560203552246,1.0,1.0,disabled,single,3,row_8,row_7,-0.7528073787689209,-1.4190633296966553,0.6426187515173389,0.33006700391850036,0.748375055560943,0.6662559509277344,-0.31060372674204506,0,32,0,disabled,0,0.0,50.0,alpha
564,0.656557023525238,-0.17812691628932953,-29.49837875366211,-3.0033929347991943,1.423192024230957,0.790920615196228,63,0,56,0.010875239968299866,0.5576208178438662,0.3,105,119,wall,both,1,1,1,1,1,1,0.0,8,8,0,alpha,full,huber,-7.021113596065939,9.23141136305626,-0.34255421412808573,-6.85138482440059,9.36908703618589,-1.1754719205096757,-6.905034867637422,9.408307043238732,-1.1105784558849927,192.93272056601035,0.01087524089962244,229,0.8052133917808533,1.0,1.0,disabled,single,3,row_7,row_8,-1.8259968757629395,-2.0485219955444336,0.5187168517440793,0.4152301934526329,0.8849248855178582,0.22252511978149414,-1.1695997660316253,1,33,0,disabled,0,0.0,50.0,alpha
568,0.2033010870218277,-0.01707906275987625,-26.341064453125,-0.4502476453781128,1.3813879489898682,0.08011245727539062,69,10,29,0.018307559192180634,0.5813953488372093,0.3,89,108,wall,both,1,1,1,1,1,1,0.0,8,8,0,alpha,full,huber,-6.249370132575143,8.26254562693529,-1.2997144346240885,-6.580551267780507,8.806626859084595,-1.2621724541140062,-6.670643167795149,8.961921324429174,-1.194353900063288,153.10896717999375,0.018307559192180634,250,1.171408474445343,1.0,1.0,disabled,single,3,row_8,row_7,-0.4502476453781128,-0.45457014441490173,0.48760584505773913,0.4855027179192272,0.7982697820227541,0.00432249903678894,0.2680002486656816,1,34,0,disabled,0,0.0,50.0,alpha
572,0.4115052819252014,-0.06997380405664444,-35.328704833984375,-0.3663719892501831,1.1730986833572388,0.1218065619468689,61,0,41,0.008638042956590652,0.5952380952380952,0.3,94,102,wall,both,1,1,1,1,1,1,0.0,7,7,0,alpha,full,huber,-6.6565419484867805,8.638006469938885,-1.2039926766805076,-6.571070456453901,8.525947436235786,-1.3482804203431287,-6.5501662259971045,8.565103723101583,-1.3120026271828606,204.06018602064714,0.008638042956590652,246,0.8600656986236572,1.0,1.0,disabled,single,3,row_8,row_7,-0.3663719892501831,-0.8685299158096313,0.598663529573426,0.3623250704283062,0.8015340832269143,0.5021579265594482,0.14668356968512386,0,34,0,disabled,0,0.0,50.0,alpha
576,0.26564618945121765,-0.029160289093852043,-30.555391311645508,-0.3548140823841095,1.1227526664733887,0.13527095317840576,68,7,40,0.011926306411623955,0.5660377358490566,0.3,65,115,wall,both,1,1,1,1,1,1,0.0,8,8,0,alpha,full,huber,-6.471926293687714,8.036601521397333,-1.176531568176706,-6.4351455114548735,7.904552949500327,-1.3421909557072065,-6.406325286147844,7.90872064705697,-1.3410979729891048,169.94787505506477,0.011926306411623955,224,0.6142455041408539,1.0,1.0,disabled,single,3,row_8,row_7,-0.3548140823841095,-0.4581228196620941,0.5082851943363123,0.45839623817615205,0.8148596125111303,0.10330873727798462,0.32189850037519285,0,34,0,disabled,0,0.0,50.0,alpha
580,2.8410253524780273,-3.3352997303009033,-21.723190307617188,-0.1754407435655594,0.8696771264076233,0.04248017072677612,142,2,6,0.03919872269034386,0.5,0.3,120,150,wall,both,1,1,1,1,1,1,0.0,4,4,0,alpha,full,huber,-5.7752157477487644,6.225830231437389,-1.3539182474735298,-6.035997491474276,6.7514537042237786,-1.2856522661955652,-6.102592216350249,6.8230025169590185,-1.3237187516892863,80.77341948939113,0.03919872269034386,133,3.6351137161254883,0.8252836731604565,1.0,disabled,single,3,row_7,row_8,-0.1754407435655594,-0.6354126930236816,0.5726537494384552,0.3615170871666854,0.8661645922080219,0.45997194945812225,0.382033278072319,1,35,0,disabled,0,0.0,50.0,alpha
584,1.7031054496765137,-1.1985819339752197,-22.42569351196289,-0.3621217608451843,1.2416908740997314,0.06912010908126831,114,17,10,0.021890632808208466,0.5154639175257733,0.3,120,141,wall,both,1,1,1,1,1,1,0.0,7,7,0,alpha,full,huber,-6.086725515766097,6.020656205623283,-1.4353789750489006,-6.105227351684141,6.166602408092433,-1.4298534766694972,-6.037089481126715,6.229885652632663,-1.3822864048702177,67.56840488520447,0.021890632808208466,80,1.7567023038864136,1.0,1.0,disabled,single,3,row_7,row_8,-0.3621217608451843,-0.3949061930179596,0.48690014813450017,0.47119623179028686,0.8379205702206277,0.03278443217277527,0.3575744507082531,0,35,0,disabled,0,0.0,50.0,alpha
588,1.3326352834701538,-0.7338499426841736,-20.400924682617188,-0.27004942297935486,1.0994938611984253,0.018572628498077393,104,1,16,0.02805410325527191,0.5535055350553506,0.3,120,121,wall,both,1,1,1,1,1,1,0.0,6,6,0,alpha,full,huber,-5.673984602499026,4.118197327600172,-1.3945175751487822,-5.564723729007373,3.9914165126947942,-1.2956684692985527,-5.581885493209988,3.962591791538959,-1.2941632056151409,64.31190274924205,0.02805410325527191,83,1.7006951570510864,1.0,1.0,disabled,single,3,row_7,row_8,-0.27004942297935486,-0.538281261920929,0.5472783278563873,0.4185204108287835,0.8098879447245625,0.2682318389415741,0.3327483569260212,0,35,0,disabled,0,0.0,50.0,alpha
592,3.7044200897216797,-5.4655046463012695,-39.0444450378418,-0.02673465944826603,0.346782922744751,0.0016092658042907715,113,24,30,0.03709491714835167,0.47318611987381703,0.3,120,167,wall,both,1,1,1,1,1,1,0.0,9,9,0,alpha,full,huber,-4.824796460903682,2.4064485506476454,-1.1210198186631803,-5.053804611046089,2.8263767921364233,-1.2676158120039143,-5.149463739360713,2.8014097457879927,-1.271747934851799,67.19621251364966,0.03709491714835167,92,4.297232151031494,0.6981237909801753,1.0,disabled,single,3,row_7,row_8,-0.02673465944826603,-0.6861559748649597,0.6123048108896786,0.31665374825675996,0.8523542021466071,0.6594213154166937,0.46379040400149124,0,35,0,disabled,0,0.0,50.0,alpha
596,5.274630069732666,-9.358587265014648,-38.37687301635742,-0.10007236897945404,0.36760780215263367,0.13099753856658936,108,0,36,0.0403931625187397,0.5102040816326531,0.3,120,144,wall,both,1,1,1,1,1,1,0.0,6,6,0,alpha,full,huber,-4.492327311578131,1.5714834133004638,-1.0876326677911718,-4.745842396199541,1.9214282631728883,-1.3391147569806439,-4.827495731920404,1.9716696780686704,-1.3233581168108772,60.46206192336924,0.0403931625187397,83,5.840457439422607,0.513658395958893,1.0,disabled,single,3,row_7,row_8,-0.0478953942656517,-0.7652457356452942,0.6029650264937263,0.29427327855095087,0.8988244444415107,0.7173503413796425,0.4580006888525343,0,35,0,disabled,0,0.0,50.0,alpha
600,0.7456138730049133,-0.22972728312015533,-36.245784759521484,-0.021881738677620888,0.3035311698913574,0.018574059009552002,113,15,31,0.01493412721902132,0.4854368932038835,0.3,120,159,wall,both,1,1,1,1,1,1,0.0,4,4,0,alpha,full,huber,-4.431366841417686,1.0669926868938104,-1.0407028023392573,-4.605942701859071,1.2915738296082722,-1.3386826681866817,-4.649141130584013,1.3641074812808065,-1.3399395701665928,114.88367618683198,0.01493412721902132,138,1.3087995648384094,1.0,1.0,disabled,single,3,row_7,row_8,-0.021881738677620888,-0.723719596862793,0.5861598040480864,0.29054387493576433,0.9302967110106724,0.7018378581851721,0.5122810847505187,0,35,0,disabled,0,0.0,50.0,alpha
604,1.1018893718719482,-0.5017191171646118,-29.350671768188477,-0.16966739296913147,0.8624563813209534,0.03272676467895508,121,18,15,0.01580118015408516,0.49342105263157904,0.3,120,154,wall,both,1,1,1,1,1,1,0.0,6,6,0,alpha,full,huber,-2.6897849088002737,0.7769193228374665,-1.4664823747128959,-4.184814309832118,0.25349211366648094,-1.3518717002364995,-4.283061243386344,0.2390570538850465,-1.37175605168768,142.5370253278054,0.01580118201673031,169,1.7024593353271484,1.0,1.0,disabled,single,3,row_6,row_7,-0.16966739296913147,-0.34727931022644043,0.5227908837075019,0.43771570614222294,0.8283306235576817,0.17761191725730896,0.47890634185280345,1,36,0,disabled,0,0.0,50.0,alpha
608,1.2879246473312378,-0.6854338645935059,-22.493804931640625,-0.22338198125362396,0.9995582699775696,0.018227100372314453,119,20,11,0.014813954010605812,0.5,0.3,120,150,wall,both,1,1,1,1,1,1,0.0,7,7,0,alpha,full,huber,-4.666836041950084,-0.8677357059759585,-1.4335007094848138,-4.320553444386349,-0.45588960654343413,-1.397330854655731,-4.2505492031176075,-0.36253292551606336,-1.387027547052205,171.23038111276702,0.014813954010605812,250,1.8278144598007202,1.0,1.0,disabled,single,3,row_7,row_8,-0.22338198125362396,-0.3481278121471405,0.48597019923450985,0.42897621421877147,0.9233579581824332,0.12474583089351654,0.4982259941555829,1,37,0,disabled,0,0.0,50.0,alpha
612,0.9239770770072937,-0.3527825176715851,-33.1325798034668,-0.0446552038192749,0.44826245307922363,0.0007070302963256836,132,19,17,0.009654768742620945,0.4716981132075471,0.3,120,168,wall,both,1,1,1,1,1,1,0.0,7,7,0,alpha,full,huber,-4.152162932964319,-1.5610776625229317,-1.587115608445005,-4.188309931133456,-1.2681769985860543,-1.3800423060144296,-4.145294091252298,-1.2142205846760095,-1.380383732746294,204.2629996976092,0.009654768742620945,250,1.074026346206665,1.0,1.0,disabled,single,3,row_7,row_8,-0.0446552038192749,-0.5491452813148499,0.5643400394526121,0.3407560751432708,0.9132002800471862,0.504490077495575,0.5274430985092355,0,37,0,disabled,0,0.0,50.0,alpha
616,1.5687990188598633,-1.0169960260391235,-26.62554168701172,-0.19827035069465637,0.793353259563446,0.11961770057678223,148,20,14,0.010833811946213245,0.45180722891566266,0.3,120,182,wall,both,1,1,1,1,1,1,0.0,11,11,0,alpha,full,huber,-4.516880328294231,-2.0312470540404672,-1.4040742773017192,-3.971478352348429,-1.834289141257861,-1.294728791355946,-3.9996048349639994,-1.8292202599971041,-1.3090946301129271,209.6886664925571,0.010833811946213245,250,1.1831578016281128,1.0,1.0,disabled,single,3,row_7,row_8,-0.1422678381204605,-0.2935169041156769,0.5147704133372797,0.4425139263478797,0.8372900115099299,0.15124906599521637,0.5217664389410988,0,37,0,disabled,0,0.0,50.0,alpha
620,0.5640434622764587,-0.1314648985862732,-22.459896087646484,-0.24211525917053223,0.9413939714431763,0.1052061915397644,123,18,22,0.011386922560632229,0.47923322683706066,0.3,120,163,wall,both,1,1,1,1,1,1,0.0,6,6,0,alpha,full,huber,-4.5405688643926325,-2.4456196062566837,-1.372772522579123,-4.1867775364642155,-2.519529318642812,-1.360604196297926,-4.00956344556616,-2.4865997677088685,-1.340842121889155,167.99700562158705,0.011386922560632229,250,1.1789464354515076,1.0,1.0,disabled,single,3,row_7,row_8,-0.20100681483745575,-0.25566521286964417,0.49655557524421756,0.47014305146586344,0.8157406671460832,0.054658398032188416,0.4990530528969782,0,37,0,disabled,0,0.0,50.0,alpha
624,1.76458740234375,-1.2866812944412231,-41.57447052001953,-0.03194156661629677,0.37603724002838135,0.011270403861999512,107,4,36,0.009825695306062698,0.5050505050505051,0.3,120,147,wall,both,1,1,1,1,1,1,0.0,5,5,0,alpha,full,huber,-5.129530904590506,-3.500157464885035,-1.8837694016297317,-4.331369313593589,-3.1470177622284448,-1.4066249770738075,-4.10723795270955,-3.086905996586146,-1.3611391808376339,182.90291387746095,0.009825695306062698,240,2.865554451942444,1.0,1.0,disabled,single,3,row_8,row_7,-0.03194156661629677,-0.9598472118377686,0.6591686019669696,0.26062268283905693,0.8275565909449137,0.9279056452214718,0.38483436541621896,1,38,0,disabled,0,0.0,50.0,alpha
628,2.230036973953247,-2.054985523223877,-24.153398513793945,-0.1691589504480362,0.8276139497756958,0.06443989276885986,116,0,8,0.024758411571383476,0.5474452554744526,0.3,120,124,wall,both,1,1,1,1,1,1,0.0,4,4,0,alpha,full,huber,-4.349501421217407,-2.520308102809209,-1.2709000971534397,-4.327143783922769,-3.2185468603836247,-1.3290327413128713,-4.190841544914667,-3.2765577238554537,-1.3385413620210371,138.83320776329242,0.024758411571383476,202,3.1308621168136597,0.9582025295490046,1.0,disabled,single,3,row_7,row_8,-0.168382927775383,-0.3494580388069153,0.5212361440817257,0.43490520144691963,0.8388629026468558,0.1810751110315323,0.4831691605444619,1,39,0,disabled,0,0.0,50.0,alpha
632,1.2054599523544312,-0.6004684567451477,-31.605371475219727,-0.27902525663375854,0.9406921863555908,0.14206761121749878,126,21,25,0.015410756692290306,0.46583850931677023,0.3,120,172,wall,both,1,1,1,1,1,1,0.0,5,5,0,alpha,full,huber,-4.326147963543362,-2.7345758717841435,-1.4495105460920255,-4.265939077943312,-3.52547808590164,-1.3245720309084708,-4.179947101838756,-3.6058316701161086,-1.3314138579951067,147.82434226602413,0.015410756692290306,191,1.8764457702636719,1.0,1.0,disabled,single,3,row_7,row_8,-0.209506094455719,-0.3461664319038391,0.5107466620520537,0.4455071788146695,0.840269610541374,0.13666033744812012,0.46237548623515523,0,39,0,disabled,0,0.0,50.0,alpha
636,3.1506333351135254,-4.092479705810547,-25.05063819885254,-0.2793041467666626,1.121029257774353,0.002969503402709961,118,3,19,0.025824174284934998,0.5172413793103449,0.3,120,140,wall,both,1,1,1,1,1,1,0.0,3,3,0,alpha,full,huber,-4.386340624877947,-3.2592099240437715,-1.3649346970256593,-4.107157509112714,-3.8105858752021975,-1.2869443921753847,-4.074250094395552,-3.9921617399624276,-1.3084924826498263,120.44604816752361,0.025824174284934998,180,3.9467103481292725,0.760126722099581,1.0,disabled,single,3,row_8,row_7,-0.2793041467666626,-0.3755703866481781,0.5074199430686037,0.4608500463169081,0.8107386305066935,0.0962662398815155,0.3991121813910725,1,40,0,disabled,0,0.0,50.0,alpha
640,3.07991886138916,-3.917154312133789,-35.50361633300781,-0.16863708198070526,0.8703243136405945,0.008738160133361816,135,11,13,0.03195037320256233,0.4854368932038835,0.3,120,159,wall,both,1,1,1,1,1,1,0.0,3,3,0,alpha,full,huber,-4.289429961740417,-5.409601867500764,-1.2977517507582539,-4.019954500508824,-4.2803275355954815,-1.3528021553258813,-4.013335325456331,-4.262010884232236,-1.3307747767585782,119.74278501449369,0.03195037320256233,191,4.443698406219482,0.6751133235777533,1.0,disabled,single,3,row_8,row_7,-0.16863708198070526,-0.5418862104415894,0.5687377554694266,0.3915723548269424,0.8161571823328666,0.3732491284608841,0.39569875581298475,0,40,0,disabled,0,0.0,50.0,alpha
644,1.0556204319000244,-0.4604687988758087,-31.6319580078125,-0.2365855723619461,1.0316402912139893,0.00438612699508667,126,28,17,0.02281489036977291,0.4672897196261683,0.3,120,171,wall,both,1,1,1,1,1,1,0.0,3,3,0,alpha,full,huber,-3.6888015943089574,-5.720054743274907,-1.2839467008475194,-3.934938443296994,-5.045133477675995,-1.3588429062695255,-3.9124313527557426,-4.905699527266994,-1.3460250864885253,109.86551813296234,0.02281489223241806,153,2.00483775138855,1.0,1.0,disabled,single,3,row_7,row_8,-0.2365855723619461,-0.44947493076324463,0.5099626108766939,0.41217501491079844,0.9074996661939572,0.21288935840129852,0.4368322955957584,1,41,0,disabled,0,0.0,50.0,alpha
648,2.912238359451294,-3.5046002864837646,-32.744300842285156,-0.2514442503452301,1.059156060218811,0.022965967655181885,137,34,14,0.02616971544921398,0.44776119402985076,0.3,120,185,wall,both,1,1,1,1,1,1,0.0,3,3,0,alpha,full,huber,-3.636886306553089,-6.077363750169171,-1.3120652152823484,-3.9317690640743037,-5.65964107571914,-1.4338025820268716,-3.864420359897177,-5.534949871085363,-1.3931837655275228,83.64526144287377,0.02616971544921398,107,3.3672990798950195,0.8909217532567761,1.0,disabled,single,3,row_7,row_8,-0.24931029975414276,-0.46636962890625,0.5085501670059702,0.4093229848121299,0.9147805748361886,0.21705932915210724,0.42688111176008037,0,41,0,disabled,0,0.0,50.0,alpha
652,0.5155279636383057,-0.10982193797826767,-33.78190231323242,-0.040588922798633575,0.42710548639297485,0.003546774387359619,105,40,34,0.015138031914830208,0.45592705167173253,0.3,120,179,wall,both,1,1,1,1,1,1,0.0,3,3,0,alpha,full,huber,-2.958579047423337,-6.039083817890454,-1.0130874089150108,-3.3647869209260977,-6.257625872687056,-1.2291391059839987,-3.5373507628219016,-6.326656185889876,-1.3039085811297575,102.88316666534814,0.015138031914830208,153,1.3321059942245483,1.0,1.0,disabled,single,3,row_7,row_8,-0.040588922798633575,-1.0336729288101196,0.5984207493995146,0.2216745011387539,0.9498240820492769,0.993084006011486,0.47287225532573895,0,41,0,disabled,0,0.0,50.0,alpha
656,1.4375946521759033,-0.8539993166923523,-30.372631072998047,-0.27427735924720764,1.1108938455581665,0.0029792189598083496,112,31,31,0.01172250509262085,0.4629629629629629,0.3,120,174,wall,both,1,1,1,1,1,1,0.0,2,2,0,alpha,full,huber,-4.006964161196295,-5.688340425699867,-1.5072563845346925,-3.3478118647724084,-6.520132607354546,-1.230287910090618,-3.3827624859363867,-6.642182102616658,-1.2668388364197558,190.6111500727761,0.01172250509262085,250,2.6895875930786133,1.0,1.0,disabled,single,3,row_8,row_7,-0.27427735924720764,-0.39799943566322327,0.5034560485267211,0.4448665457642948,0.8589410366036774,0.12372207641601562,0.4119815032897074,1,42,0,disabled,0,0.0,50.0,alpha
660,1.792084813117981,-1.3270941972732544,-30.915149688720703,-0.26551303267478943,1.0430700778961182,0.07625877857208252,101,21,29,0.013384189456701279,0.4983388704318937,0.3,120,151,wall,both,1,1,1,1,1,1,0.0,1,1,0,alpha,full,huber,-3.1754836813088914,-7.90881741820131,-0.9493633530822785,-3.238667558787669,-7.310882034872401,-1.2676149313395013,-3.208823536665524,-7.301360593145679,-1.2693536929161564,189.4478368945705,0.013384189456701279,250,2.2517905235290527,1.0,1.0,disabled,single,3,row_7,row_8,-0.26551303267478943,-0.6400645971298218,0.5584404121759651,0.3839822608239648,0.8572452995686428,0.37455156445503235,0.31709432610257104,1,43,0,disabled,0,0.0,50.0,alpha
664,0.8689362406730652,-0.3120042085647583,0.0,-0.13918447494506836,0.5659421682357788,0.12908196449279785,0,0,0,0.01199305523186922,0.5,0.3,0,0,wall,both,1,1,1,1,1,1,0.0,0,0,0,alpha,full,huber,-1.4256857469326913,-7.552676557689227,-1.3087436699936952,-2.6772454394281326,-7.851429144804685,-1.182635969990038,-2.8369884295194066,-7.917469310585692,-1.2287028190436582,190.55203008107426,0.01199305523186922,250,2.3815447092056274,1.0,1.0,disabled,single,3,row_7,row_6,-0.08894422650337219,-0.6052136421203613,0.6026593489844192,0.35963250636903255,0.7965776507538046,0.5162694156169891,0.4174589424403403,0,43,0,disabled,0,0.0,50.0,alpha
668,1.2641096115112305,-0.660319447517395,0.0,-0.28306442499160767,1.1285685300827026,0.0025876760482788086,0,0,0,0.006612272001802921,0.5,0.3,0,0,wall,both,1,1,1,1,1,1,0.0,0,0,0,alpha,full,huber,-3.0837717547517984,-9.051659586678717,-1.270468496702259,-2.5617524447943216,-8.791716530529541,-1.2508573084959111,-2.5523547248953475,-8.767449281590409,-1.240209822817203,209.66937372671504,0.006612272933125496,250,2.08013916015625,1.0,1.0,disabled,single,3,row_7,row_8,-0.28306442499160767,-0.6598539352416992,0.5620726845522734,0.3856158486739037,0.8456292738061963,0.37678951025009155,0.2930596805159461,0,43,0,disabled,0,0.0,50.0,alpha
672,1.3418059349060059,-0.7439848184585571,0.0,-1.2323194742202759,2.3540232181549072,0.014780104160308838,0,0,0,0.006251138634979725,0.5,0.3,0,0,wall,both,1,1,1,1,1,1,0.0,0,0,0,alpha,full,huber,-2.7643871250122034,-11.223722817473721,-1.514566924020747,-2.153474626209267,-10.756808319703763,-1.4091007661078467,-2.0305879505121176,-10.701363109989433,-1.3795865244676566,222.57419446921304,0.006251138634979725,250,2.3534581661224365,1.0,1.0,disabled,single,3,row_7,row_8,-1.2323194742202759,-2.3040707111358643,0.7016831159305545,0.24026216069100875,0.7564525805090865,1.0717512369155884,-0.8780460955431567,0,43,0,disabled,0,0.0,50.0,alpha
676,2.586493492126465,-2.76444149017334,0.0,-1.7665255069732666,2.809722423553467,0.0546339750289917,0,0,0,0.017615774646401405,0.5,0.3,0,0,wall,both,1,1,1,1,1,1,0.0,0,0,0,alpha,full,huber,-4.74849822357679,-11.790126894604976,-0.7658975568462285,-2.443838673712592,-11.935152314093152,-0.6034089409764499,-2.118498678517522,-11.931533342987489,-0.5510877611102893,184.79907653559465,0.017615776509046555,250,5.323385715484619,0.5635511233524984,1.0,disabled,single,3,row_8,row_9,-1.7665255069732666,-2.3743484020233154,0.5851865444776803,0.3186546074061774,0.9031662392330745,0.6078228950500488,-1.2307009038407664,1,44,1,disabled,0,0.0,50.0,alpha
680,4.00887393951416,-6.220348834991455,-41.08145523071289,-4.494287014007568,2.1400575637817383,0.9229047298431396,24,0,69,0.021572643890976906,0.6172839506172839,0.3,93,93,wall,both,1,1,1,1,1,1,0.0,2,2,0,alpha,full,huber,0.3016245049826509,-10.697833462334618,0.2663398518970097,-1.5125500057262533,-11.843381099630617,0.2602190405119663,-1.5210509090691569,-12.068441435756755,0.25165312962042874,119.61869357589524,0.021572643890976906,250,5.435385465621948,0.5519387758190435,1.0,disabled,single,3,row_5,row_6,-3.199061870574951,-3.7928433418273926,0.48635251618106273,0.2685809159931258,1.0482695102105812,0.5937814712524414,-2.4782402944963255,1,45,0,disabled,0,0.0,50.0,alpha
684,1.151953935623169,-0.548346221446991,-41.65908432006836,-3.422034978866577,2.51322603225708,0.7032146453857422,11,0,40,0.012327108532190323,0.7462686567164178,0.3,51,51,wall,both,1,1,1,1,1,1,0.0,3,3,0,alpha,full,huber,-1.607913927139157,-11.513984835560045,0.5296970694089884,-1.548842286064106,-11.90001080323358,0.5711949752886516,-1.2888012964608908,-11.920941281556743,0.6257763948699848,176.3113112475738,0.012327106669545174,250,1.497349500656128,1.0,1.0,disabled,single,3,row_7,row_8,-3.025822162628174,-3.804717779159546,0.600017983938235,0.27535578124251464,0.921136698921479,0.7788956165313721,-2.5150265116433865,1,46,1,disabled,0,0.0,50.0,alpha
688,0.10936498641967773,-0.0049424380995333195,-49.26587677001953,-1.9620767831802368,2.9473564624786377,0.08806157112121582,4,5,73,0.015723709017038345,0.646551724137931,0.3,67,82,wall,both,1,1,1,1,1,1,0.0,5,5,0,alpha,full,huber,0.001269365279836565,-11.48569491597557,1.337151558997781,-0.5007925478608619,-11.254848123033028,1.2219139980302054,-0.4829103522899636,-11.290238429771588,1.255422600148175,130.63222686690895,0.015723709017038345,250,1.1919519305229187,1.0,1.0,disabled,single,3,row_6,row_7,-1.9620767831802368,-2.2246057987213135,0.540909541010353,0.4160157176332976,0.8327120941524055,0.26252901554107666,-1.3475735620590386,1,47,1,disabled,0,0.0,50.0,alpha
692,2.108175754547119,-1.8365310430526733,-38.74332809448242,-0.7419697046279907,1.825720191001892,0.017475903034210205,44,0,76,0.011250779032707214,0.5555555555555556,0.3,120,120,wall,both,1,1,1,1,1,1,0.0,1,1,0,alpha,full,huber,0.8132353805352668,-10.322179538457302,1.9471916761530768,0.1402473817941915,-10.277111853047494,1.7705849037085652,0.006455663845243792,-10.238755238355214,1.8406628816078623,178.85534109399754,0.011250779032707214,250,2.925647735595703,1.0,1.0,disabled,single,3,row_6,row_7,-0.7419697046279907,-2.0511155128479004,0.7217457266217199,0.19490789028382924,0.7611623725953739,1.3091458082199097,-0.41588732331472944,0,47,0,disabled,0,0.0,50.0,alpha
696,1.4229334592819214,-0.8366693258285522,-27.58019256591797,-0.1188577339053154,0.7204352617263794,0.02935999631881714,86,12,34,0.01203877106308937,0.5319148936170213,0.3,120,132,wall,both,1,1,1,1,1,1,0.0,4,4,0,alpha,full,huber,-0.3375616748332382,-8.795721253653735,2.002883260324305,-0.08424149349285373,-9.278092335390205,2.156717945601365,-0.14213075727810118,-9.38520455260229,2.1405251489862778,167.73071106343195,0.01203877106308937,250,2.3797037601470947,1.0,1.0,disabled,single,3,row_6,row_7,-0.1188577339053154,-0.5780900716781616,0.585384987728565,0.36982776293962655,0.8204411557507699,0.4592323377728462,0.41662781561563544,0,47,0,disabled,0,0.0,50.0,alpha
700,1.4584486484527588,-0.878955602645874,-42.29254150390625,-0.0784594789147377,0.593591034412384,0.006249368190765381,62,6,64,0.013080142438411713,0.5319148936170213,0.3,120,132,wall,both,1,1,1,1,1,1,0.0,6,6,0,alpha,full,huber,0.9287295438560641,-8.65187587817876,1.8718202117093634,-0.2895766047274413,-8.559771819400478,2.03753031390148,-0.41239769500791834,-8.665669109480291,2.042387127341203,174.25198086467705,0.013080142438411713,250,2.683601498603821,1.0,1.0,disabled,single,3,row_6,row_5,-0.0784594789147377,-1.1870503425598145,0.6665594961779122,0.21998041916001573,0.8503954699190335,1.1085908636450768,0.32716639784914614,0,47,0,disabled,0,0.0,50.0,alpha
704,2.606839895248413,-2.808104991912842,-32.59648132324219,-0.29955264925956726,0.9492077231407166,0.15600067377090454,141,20,22,0.023426420986652374,0.4504504504504505,0.3,120,183,wall,both,1,1,1,1,1,1,0.0,7,7,0,alpha,full,huber,-0.9611838065571524,-7.227833135511631,1.8852197215120183,-0.7256974061154733,-7.613315109371372,1.9061851791666582,-0.7591127266904841,-7.766792486535016,1.9128921876424627,137.54570433720764,0.023426420986652374,250,3.225350856781006,0.9301313665435107,1.0,disabled,single,3,row_7,row_6,-0.20087121427059174,-0.3315044939517975,0.5044404617715126,0.44266644420544227,0.8614157208890494,0.13063327968120575,0.48343424621014297,1,48,0,disabled,0,0.0,50.0,alpha
708,2.2945845127105713,-2.175668716430664,-42.593074798583984,-0.09758596122264862,0.6626155972480774,0.0020523667335510254,119,10,40,0.027416996657848358,0.47021943573667707,0.3,120,169,wall,both,1,1,1,1,1,1,0.0,9,9,0,alpha,full,huber,0.883134846686917,-7.443545895267421,1.4601709780611323,-0.5290301428265942,-7.235870044123856,1.745918197490235,-0.7314463435411174,-7.255962809599186,1.824929758566042,125.15014164937509,0.027416996657848358,250,4.249644756317139,0.7059413602844027,1.0,disabled,single,3,row_6,row_5,-0.09758596122264862,-0.6634541749954224,0.5683360298279082,0.3227392210090521,0.9276200391499874,0.5658682137727737,0.46745647215600206,1,49,0,disabled,0,0.0,50.0,alpha
712,0.5659802556037903,-0.1323692798614502,-35.2612419128418,-0.07040940225124359,0.48715782165527344,0.06579816341400146,121,33,21,0.013432749547064304,0.46153846153846145,0.3,120,175,wall,both,1,1,1,1,1,1,0.0,4,4,0,alpha,full,huber,-1.0874609444864027,-5.829680663190547,1.8799651544861415,-0.9737816558139119,-6.704674762408453,1.81411139066896,-0.8932757938691729,-6.823776464066972,1.8177010919300844,153.0523638273202,0.013432749547064304,240,1.6203208565711975,1.0,1.0,disabled,single,3,row_6,row_7,-0.07040940225124359,-0.3959972560405731,0.5435487212862351,0.3924980198867119,0.8742863752715092,0.32558785378932953,0.5392265306064457,0,49,0,disabled,0,0.0,50.0,alpha
716,1.1591200828552246,-0.555189847946167,-43.303035736083984,-0.00955678429454565,0.19032353162765503,0.01921635866165161,116,9,40,0.0321480855345726,0.47619047619047616,0.3,120,165,wall,both,1,1,1,1,1,1,0.0,8,8,0,alpha,full,huber,0.4378237077091489,-6.85331699752817,1.3278916957265672,-1.0109437506893684,-6.35410014640252,1.8018763563545357,-0.9996638704898102,-6.40026710823331,1.8080761400459116,95.1481029494465,0.0321480855345726,117,2.8619658946990967,1.0,1.0,disabled,single,3,row_6,row_5,-0.00955678429454565,-0.8139193058013916,0.5751011112044156,0.25728472458247675,0.9668079455032181,0.804362521506846,0.5436526237763648,0,49,0,disabled,0,0.0,50.0,alpha
720,1.0514540672302246,-0.45684120059013367,-38.58946228027344,-0.0010235714726150036,0.042560990899801254,0.012335002422332764,124,12,22,0.015420389361679554,0.48701298701298706,0.3,120,158,wall,both,1,1,1,1,1,1,0.0,5,5,0,alpha,full,huber,-0.6192105791273904,-5.269808136183994,1.312486239999238,-0.9968619156996457,-5.7282432763576825,1.7764213406420224,-1.0743631989801985,-5.749577247867122,1.800545782239535,114.24240817598469,0.015420391224324703,138,1.6431884765625,1.0,1.0,disabled,single,3,row_6,row_7,-0.0010235714726150036,-0.9906848669052124,0.6362708124973012,0.23650349435099738,0.890979675205952,0.9896612954325974,0.4511074289856023,0,49,0,disabled,0,0.0,50.0,alpha
724,0.9230234622955322,-0.3520546853542328,-28.31825065612793,-0.29988378286361694,1.0641977787017822,0.10868430137634277,131,2,19,0.01263723149895668,0.49668874172185423,0.3,120,152,wall,both,1,1,1,1,1,1,0.0,6,6,0,alpha,full,huber,-1.5164412399674259,-3.991568198742465,1.9402727414103325,-1.2154790154023327,-4.436563440301264,1.7544247694405914,-1.2779552378375025,-4.524254524385048,1.797444845387819,172.9571196872095,0.01263723149895668,229,1.3578065633773804,1.0,1.0,disabled,single,3,row_6,row_7,-0.29988378286361694,-0.4567486643791199,0.5063014884159031,0.4327964119791847,0.8774959230853491,0.15686488151550293,0.3807391773565313,0,49,0,disabled,0,0.0,50.0,alpha
728,1.6397613286972046,-1.1110814809799194,-25.014249801635742,-0.37754443287849426,1.265915036201477,0.07244956493377686,106,3,21,0.010181819088757038,0.5357142857142857,0.3,120,130,wall,both,1,1,1,1,1,1,0.0,6,6,0,alpha,full,huber,-1.7066798958739282,-3.868196031637118,1.8527079375531041,-1.4514013927611504,-2.982818965089768,1.7593459942245346,-1.5460299935724868,-2.967139929075534,1.7959942061657053,203.15064477511964,0.010181819088757038,250,2.311453104019165,1.0,1.0,disabled,single,3,row_7,row_6,-0.35797545313835144,-0.37754443287849426,0.479064540667993,0.46978086863183516,0.859545036916088,0.019568979740142822,0.37794449707532407,1,50,0,disabled,0,0.0,50.0,alpha
732,0.3741937577724457,-0.05785990506410599,-27.32537841796875,-0.2418147474527359,1.0258125066757202,0.04419499635696411,115,17,16,0.009358939714729786,0.5033557046979865,0.3,120,148,wall,both,1,1,1,1,1,1,0.0,5,5,0,alpha,full,huber,-2.2609537817366485,-1.099036772276976,1.8578501552794258,-2.4555627154607094,-0.8440582598188135,1.8388201347419435,-2.2695076957890716,-0.7326154662681652,1.7929278563611124,166.67360309603697,0.009358939714729786,250,1.0115821063518524,1.0,1.0,disabled,single,3,row_6,row_7,-0.2418147474527359,-0.4586527943611145,0.5297823639195522,0.42650677042508484,0.8368247947887735,0.2168380469083786,0.39347424343056137,1,51,0,disabled,0,0.0,50.0,alpha
736,1.3749709129333496,-0.7812169790267944,-24.03000831604004,-0.14009034633636475,0.7244368195533752,0.07582360506057739,104,13,27,0.010639278218150139,0.5102040816326531,0.3,113,144,wall,both,1,1,1,1,1,1,0.0,7,7,0,alpha,full,huber,-2.6102631329498758,0.06048082020890666,1.764338087232309,-2.5504764286232655,0.34190521533885143,1.7527524552185783,-2.5381729882192245,0.37217216890030097,1.766256462229908,196.17998643109937,0.010639278218150139,250,1.5396364331245422,1.0,1.0,disabled,single,3,row_6,row_7,-0.1309216022491455,-0.26102080941200256,0.5117347149716951,0.4493073383426651,0.8287327703235691,0.13009920716285706,0.5390273207926229,0,51,0,disabled,0,0.0,50.0,alpha
740,1.3158930540084839,-0.7155267000198364,-33.94272994995117,-0.1654072105884552,0.6716960072517395,0.12633591890335083,105,4,15,0.017235400155186653,0.5474452554744526,0.3,120,124,wall,both,1,1,1,1,1,1,0.0,5,5,0,alpha,full,huber,-4.3185251472416155,-0.49774076503112585,2.0249838563265605,-2.9983439943882324,0.7838655078534793,1.7884780396353694,-2.8345395461415386,0.9127920398811642,1.7728989497579004,167.38154490206827,0.017235400155186653,250,3.089406967163086,0.9710601522837938,1.0,disabled,single,3,row_7,row_8,-0.11344373971223831,-0.6372531652450562,0.5360258659731076,0.31746671931583476,0.9799006235446244,0.5238094255328178,0.510129121950934,1,52,0,disabled,0,0.0,50.0,alpha
744,0.7057234644889832,-0.20580396056175232,-34.57495880126953,-0.20258210599422455,0.9535015225410461,0.011559665203094482,103,9,31,0.016483843326568604,0.5119453924914675,0.3,120,143,wall,both,1,1,1,1,1,1,0.0,5,5,0,alpha,full,huber,-0.74820723413826,1.4610817103809475,1.2663711717591006,-2.8484675031080737,1.604645895614148,1.6611316574589248,-2.9200052689746467,1.641841204759626,1.700058641260954,184.1185360157571,0.016483841463923454,250,3.0591942071914673,0.9806503924947572,1.0,disabled,single,3,row_6,row_5,-0.20258210599422455,-0.7639994025230408,0.5997946682693762,0.34212291756158936,0.838848057305126,0.5614172965288162,0.3085857958932793,1,53,0,disabled,0,0.0,50.0,alpha
748,0.6443104147911072,-0.17154377698898315,-19.951400756835938,-0.2834599018096924,1.1293758153915405,0.0020836591720581055,101,0,25,0.010358041152358055,0.5434782608695653,0.3,120,126,wall,both,1,1,1,1,1,1,0.0,3,3,0,alpha,full,huber,-2.8703932299845363,2.9016910624309813,1.7263081251863435,-2.8151184261331093,2.5229070591159166,1.6460826329038953,-2.91840167787264,2.473488572439819,1.6838614606891635,186.38193215265161,0.010358041152358055,250,1.210013210773468,1.0,1.0,disabled,single,3,row_6,row_7,-0.2834599018096924,-0.5858306288719177,0.5440929443270486,0.4021195203535858,0.8546929348699569,0.30237072706222534,0.32517529136793755,0,53,0,disabled,0,0.0,50.0,alpha
752,2.17097544670105,-1.9475761651992798,-27.5002498626709,-0.21391527354717255,0.9719453454017639,0.03125357627868652,99,3,26,0.012873227708041668,0.539568345323741,0.3,120,128,wall,both,1,1,1,1,1,1,0.0,4,4,0,alpha,full,huber,-2.7019838019532676,2.7884675270136836,1.9124124874160042,-2.6917583831730862,3.289315492708874,1.6777470176992153,-2.8582077831973685,3.349284283203242,1.7227908607691305,173.44651782277398,0.012873227708041668,229,2.778491258621216,1.0,1.0,disabled,single,3,row_6,row_7,-0.21391527354717255,-0.6390652656555176,0.5694377096715221,0.3722253340468465,0.8542731922100015,0.42514999210834503,0.34919060575281635,0,53,0,disabled,0,0.0,50.0,alpha
756,2.300985813140869,-2.1878247261047363,-28.97662353515625,-0.16911473870277405,0.8523049354553223,0.04339790344238281,120,15,25,0.010320499539375305,0.48387096774193555,0.3,120,160,wall,both,1,1,1,1,1,1,0.0,3,3,0,alpha,full,huber,-3.6372926419938096,4.911483765069744,1.7620378170397686,-3.2931631554422727,4.59777512799803,1.7955297807543698,-3.17660333290568,4.632366014981395,1.7700392885476077,185.13998236691612,0.01032050047069788,250,2.9486501216888428,1.0,1.0,disabled,single,3,row_7,row_6,-0.16911473870277405,-0.5158241987228394,0.560179852497909,0.39605315708998245,0.8283913606891837,0.3467094600200653,0.41038264293782545,1,54,0,disabled,0,0.0,50.0,alpha
760,0.931695282459259,-0.35870087146759033,-36.535057067871094,-0.11356804519891739,0.6856071949005127,0.047245800495147705,84,16,57,0.010884967632591724,0.4885993485342019,0.3,120,157,wall,both,1,1,1,1,1,1,0.0,2,2,0,alpha,full,huber,-2.964690125979992,5.433209259721162,1.7074326038001848,-3.384210353931957,5.610957241477184,1.749841320480218,-3.39590216976466,5.693641503866392,1.7660734084613763,173.1191473575877,0.010884967632591724,250,1.543967068195343,1.0,1.0,disabled,single,3,row_6,row_7,-0.11356804519891739,-0.4815573990345001,0.5294555495073864,0.3664491840120071,0.9400708607652967,0.36798935383558273,0.5223380203158552,1,55,0,disabled,0,0.0,50.0,alpha
764,1.4869502782821655,-0.9136451482772827,-36.90330505371094,-0.16055701673030853,0.7109676599502563,0.10870218276977539,69,34,50,0.01716609299182892,0.49504950495049505,0.3,112,153,wall,both,1,1,1,1,1,1,0.0,2,2,0,alpha,full,huber,-3.718960996976643,5.685976049256269,1.9369474101281376,-3.549483860617576,6.021127236516414,1.7484661292466563,-3.5222812802758705,6.108086284078226,1.7457540181944218,124.5750610432653,0.01716609299182892,169,2.0643303394317627,1.0,1.0,disabled,single,3,row_7,row_6,-0.11275597661733627,-0.35435396432876587,0.539329252443469,0.42357400909879883,0.8190641100654258,0.2415979877114296,0.5046730599879659,1,56,0,disabled,0,0.0,50.0,alpha
768,0.9549490809440613,-0.3768296539783478,0.0,-0.19044390320777893,0.913989782333374,0.03430891036987305,0,0,0,0.010990881361067295,0.5,0.3,0,0,wall,both,1,1,1,1,1,1,0.0,0,0,0,alpha,full,huber,-3.2653641004414995,7.276091717778236,1.1391783754245548,-3.619753061723417,6.558589770665944,1.7482584208006504,-3.610538930967449,6.556921672583785,1.7473813818267914,168.3192251271926,0.010990881361067295,202,1.6458731293678284,1.0,1.0,disabled,single,3,row_6,row_7,-0.19044390320777893,-0.7520323991775513,0.5808867673905863,0.33128112967852746,0.8951692580589579,0.5615884959697723,0.35275553053165043,1,57,0,disabled,0,0.0,50.0,alpha
772,1.6083234548568726,-1.0688860416412354,-29.909433364868164,-0.4156132638454437,1.026502013206482,0.21084779500961304,94,0,34,0.01935182698071003,0.539568345323741,0.3,107,128,wall,both,1,1,1,1,1,1,0.0,1,1,0,alpha,full,huber,-3.561452155331338,6.150941361209192,1.4188269304690575,-3.5175920780531387,6.709436909233956,1.625535975144342,-3.589664415498651,6.776635817991044,1.685727335188811,133.9539086310606,0.01935182698071003,213,2.3168580532073975,1.0,1.0,disabled,single,3,row_6,row_7,-0.2344515472650528,-0.2352656126022339,0.47574240662331607,0.4753552788157008,0.854521003652451,0.0008140653371810913,0.5084271865230281,0,57,0,disabled,0,0.0,50.0,alpha
776,2.1924965381622314,-1.986380696296692,-40.93732833862305,-0.039368003606796265,0.19493336975574493,0.08704209327697754,109,19,15,0.021897386759519577,0.5119453924914675,0.3,120,143,wall,both,1,1,1,1,1,1,0.0,1,1,0,alpha,full,huber,-5.266014729907719,6.697870778386367,2.5005172372223967,-3.7497079485984757,6.94502712510083,1.7084145382241331,-3.6901509660221254,7.03810823464643,1.6992087377018894,164.6803380132667,0.021897386759519577,218,3.820592761039734,0.7852184693936293,1.0,disabled,single,3,row_7,row_8,-0.039368003606796265,-1.335888385772705,0.6906071736738728,0.18886845932275187,0.8254576180053899,1.2965203821659088,0.3308161028772904,1,58,0,disabled,0,0.0,50.0,alpha
780,1.5187069177627563,-0.9530870318412781,0.0,-0.01248084008693695,0.19570766389369965,0.03118497133255005,0,0,0,0.009724072180688381,0.5,0.3,0,0,wall,both,1,1,1,1,1,1,0.0,0,0,0,alpha,full,huber,-2.539256955747535,7.291213102331317,1.3646509793685215,-3.5096130159809142,7.285096185653578,1.5387890093839791,-3.622836568187041,7.339375264778506,1.6185953769855939,185.7789956646237,0.009724072180688381,240,2.7480170726776123,1.0,1.0,disabled,single,3,row_6,row_5,-0.008959684520959854,-1.1774028539657593,0.644489804119629,0.20033998192848917,0.8943346655301543,1.1684431694447994,0.43033659203697083,1,59,0,disabled,0,0.0,50.0,alpha
784,0.7139857411384583,-0.21065109968185425,0.0,-0.2014663964509964,0.9521545171737671,0.00016939640045166016,0,0,0,0.013426374644041061,0.5,0.3,0,0,wall,both,1,1,1,1,1,1,0.0,0,0,0,alpha,full,huber,-6.267495449758007,7.2007793121387484,2.09860220436061,-3.6791798086342946,8.130279185402443,1.5849742944998917,-3.6743464735760245,8.22271366470939,1.5823136673646871,208.11188488126425,0.013426375575363636,250,3.4267719984054565,0.8754594707193704,1.0,disabled,single,3,row_7,row_8,-0.2014663964509964,-0.5166741609573364,0.5603196789106925,0.4088301184908784,0.7975602023371878,0.31520776450634,0.37778140648012637,1,60,0,disabled,0,0.0,50.0,alpha
788,1.51992928981781,-0.9546219110488892,0.0,-0.37181970477104187,1.252190113067627,0.07568371295928955,0,0,0,0.009546544402837753,0.5,0.3,0,0,wall,both,1,1,1,1,1,1,0.0,0,0,0,alpha,full,huber,-1.655682719335005,9.057627745049977,1.223488220165585,-2.9744334813175106,9.521323152817928,1.3494837291841195,-3.332586446454177,9.58365027693387,1.4365748892333379,189.49261170966324,0.009546544402837753,250,3.264541983604431,0.9189650539239362,1.0,disabled,single,3,row_6,row_5,-0.37181970477104187,-0.4798733592033386,0.5113430335445006,0.4589709916633447,0.8048052564934698,0.10805365443229675,0.298894910705928,1,61,0,disabled,0,0.0,50.0,alpha
792,1.6115117073059082,-1.0731281042099,0.0,-1.4998950958251953,2.587770462036133,0.053703129291534424,0,0,0,0.011276285164058208,0.5,0.3,0,0,wall,both,1,1,1,1,1,1,0.0,0,0,0,alpha,full,huber,-4.253944883991692,9.892231860611258,1.175174188905041,-3.1222835281282633,10.41902428864466,0.5630499794671071,-3.1597645261500684,10.502476321752392,0.5603266034448682,203.04062910515404,0.011276286095380783,250,2.947589635848999,1.0,1.0,disabled,single,3,row_7,row_6,-1.4998950958251953,-1.5882415771484375,0.4819411771021928,0.4411899842972803,0.9100205734337673,0.08834648132324219,-0.7699618842391996,1,62,1,disabled,0,0.0,50.0,alpha
796,1.0419185161590576,-0.4485926330089569,-48.8427734375,-4.398856163024902,3.3503546714782715,0.6830722093582153,13,0,70,0.016321947798132896,0.6437768240343348,0.3,83,83,wall,both,1,1,1,1,1,1,0.0,1,1,0,alpha,full,huber,-3.393025868696797,11.225851779200442,0.36673653386086524,-2.8119642719631353,10.771403653216236,0.1190784305382739,-2.807651242531306,10.748751743150533,0.11410042348124616,131.46832117969777,0.016321947798132896,250,1.9490455389022827,1.0,1.0,disabled,single,3,row_7,row_6,-3.8710083961486816,-4.398856163024902,0.5900483776190463,0.34805369457448987,0.850832476180426,0.5278477668762207,-3.3434576466693096,0,62,1,disabled,0,0.0,50.0,alpha
800,2.309813976287842,-2.2046449184417725,-49.14472961425781,-1.9458613395690918,2.589566469192505,0.33412498235702515,5,0,66,0.03870438411831856,0.6787330316742082,0.3,66,71,wall,both,1,1,1,1,1,1,0.0,3,3,0,alpha,full,huber,-3.3363686175390823,10.438508890451988,-0.6844180230657919,-2.916241373854096,10.80518046032304,-0.41406210704677426,-2.609233576658377,10.805926518291535,-0.46407241519235676,91.73835954503878,0.03870438411831856,250,3.492899775505066,0.8588852222552553,1.0,disabled,single,3,row_6,row_5,-1.9458613395690918,-3.004418134689331,0.6169936506237399,0.2140697588866285,0.9283310716584161,1.0585567951202393,-1.4629647937161185,1,63,1,disabled,0,0.0,50.0,alpha
804,2.0314583778381348,-1.7052987813949585,-48.32207107543945,-1.20479154586792,2.3283166885375977,0.005232751369476318,8,5,77,0.019694499671459198,0.625,0.3,75,90,wall,both,1,1,1,1,1,1,0.0,9,9,0,alpha,full,huber,-3.6960997255959063,9.951587476708255,-1.6288940666551184,-2.851393946900994,10.30479855766346,-1.313859397537411,-2.503559267460779,10.441864856838814,-1.2002325446961621,99.79776540106614,0.019694499671459198,250,3.594840168952942,0.8345294530504261,1.0,disabled,single,3,row_6,row_7,-1.20479154586792,-2.0167298316955566,0.613223242824681,0.2722690589262359,0.9022457809211215,0.8119382858276367,-0.7157653173149363,0,63,0,disabled,0,0.0,50.0,alpha
808,1.5382386445999146,-0.9777595400810242,-44.28989028930664,-0.018429677933454514,0.23755262792110443,0.03798556327819824,21,3,93,0.057890068739652634,0.5617977528089888,0.3,109,117,wall,both,1,1,1,1,1,1,0.0,10,10,0,alpha,full,huber,-0.4067127517049928,8.796372445057905,-1.6959602439034671,-1.776318404617455,9.613849506474411,-1.540971980490883,-2.0703389579670723,9.848712403592579,-1.4891750148723355,56.071161955736876,0.05789007246494293,250,3.620904326438904,0.8285223053519472,1.0,disabled,single,3,row_5,row_6,-0.018429677933454514,-0.9921528697013855,0.6605759704994772,0.24948254311317247,0.8369091613819528,0.973723191767931,0.39621346401929136,1,64,0,disabled,0,0.0,50.0,alpha
812,1.239147663116455,-0.6344987154006958,-27.23656463623047,-0.10245304554700851,0.6531121730804443,0.04332917928695679,86,10,50,0.03128500655293465,0.5067567567567568,0.3,103,146,wall,both,1,1,1,1,1,1,0.0,13,13,0,alpha,full,huber,-2.062150189483598,8.606155295134442,-1.231096809171467,-1.3786938085379703,8.829972499754662,-1.776426488294287,-1.691593727810548,8.936880012515964,-1.8302110598744374,130.0015616263521,0.031285010278224945,250,1.2911969423294067,1.0,1.0,disabled,single,3,row_6,row_5,-0.10245304554700851,-0.634351909160614,0.6036396834419446,0.3546312813836688,0.804896599150289,0.5318988636136055,0.40232476410022244,1,65,0,disabled,0,0.0,50.0,alpha
816,0.6712502837181091,-0.18618881702423096,-37.139469146728516,-0.08097495138645172,0.5987167954444885,0.017961323261260986,60,0,87,0.0122910775244236,0.5050505050505051,0.3,120,147,wall,both,1,1,1,1,1,1,0.0,14,14,0,alpha,full,huber,-1.7895663749719481,8.153074921507322,-1.3367306318318506,-1.7959770374013384,7.417141815503321,-1.7568284511992056,-1.9520403571607892,7.392312595244258,-1.8197062075212507,197.4579070498369,0.0122910775244236,250,1.485331118106842,1.0,1.0,disabled,single,3,row_6,row_5,-0.08097495138645172,-0.4737275242805481,0.57446788917662,0.38787829949242053,0.8092582901241239,0.3927525728940964,0.4733361253822568,0,65,0,disabled,0,0.0,50.0,alpha
820,0.7269024848937988,-0.21834184229373932,-29.931949615478516,-0.20589618384838104,0.9571272730827332,0.02384132146835327,108,7,24,0.009983416646718979,0.5190311418685121,0.3,116,139,wall,both,1,1,1,1,1,1,0.0,12,12,0,alpha,full,huber,-1.1590191804769938,6.195116104114338,-1.3172715389442982,-1.484200806443645,6.866918226979026,-1.6093652887418421,-1.7739187111708414,6.910094209581768,-1.7121461827077853,177.3755634905973,0.009983415715396404,250,0.9290208220481873,1.0,1.0,disabled,single,3,row_5,row_6,-0.20589618384838104,-0.3610110878944397,0.5097016649108369,0.4364660872174909,0.8626444477841585,0.15511490404605865,0.46803351134059934,1,66,0,disabled,0,0.0,50.0,alpha
824,0.4840894937515259,-0.09683579951524734,-35.56448745727539,-0.19268284738063812,0.41973069310188293,0.193947434425354,78,0,56,0.008435209281742573,0.528169014084507,0.3,101,134,wall,both,1,1,1,1,1,1,0.0,12,12,0,alpha,full,huber,-1.8271700606347023,5.615997169050973,-1.7588865387354735,-1.6634568167229433,5.686066797899276,-1.652755146165688,-1.8102177524397256,5.654856700386118,-1.6985543124951017,202.59130282528557,0.008435209281742573,250,0.9789975583553314,1.0,1.0,disabled,single,3,row_6,row_5,-0.12744638323783875,-0.6103771328926086,0.5344854821870657,0.32976286952326145,0.9717479153479607,0.4829307496547699,0.49900432713158493,1,67,0,disabled,0,0.0,50.0,alpha
828,0.270030677318573,-0.030130812898278236,-37.70254135131836,-0.11516562104225159,0.5812201499938965,0.09911268949508667,98,0,52,0.00926178228110075,0.5,0.3,110,150,wall,both,1,1,1,1,1,1,0.0,11,11,0,alpha,full,huber,-1.599973384895484,5.514866696962008,-1.5745287287525458,-1.5588266559874744,5.317832251179519,-1.552839589995157,-1.7134153401081709,5.2614210355469915,-1.62992449058728,200.08916300558346,0.00926178228110075,250,0.8465942740440369,1.0,1.0,disabled,single,3,row_6,row_5,-0.11275751143693924,-0.4551568925380707,0.5262534875810768,0.37367395200529624,0.9360271873153967,0.34239938110113144,0.5292147553381166,0,67,0,disabled,0,0.0,50.0,alpha
832,0.4116520583629608,-0.07002373039722443,-36.279354095458984,-0.06455981731414795,0.5386146306991577,0.004744350910186768,89,13,42,0.009027470834553242,0.5102040816326531,0.3,110,144,wall,both,1,1,1,1,1,1,0.0,12,12,0,alpha,full,huber,-1.3832955379672693,4.699201879089275,-1.5546188639033223,-1.5140204544117863,4.480868242453691,-1.5636615978251507,-1.6386498738464819,4.449976231424073,-1.6138051908560884,197.55330677851651,0.009027470834553242,250,0.7504943311214447,1.0,1.0,disabled,single,3,row_6,row_5,-0.06455981731414795,-0.35956433415412903,0.535394790450072,0.3986165327636114,0.8804932520724849,0.2950045168399811,0.5601910608306595,0,67,0,disabled,0,0.0,50.0,alpha
836,1.122367024421692,-0.5205403566360474,-23.158079147338867,-0.23027601838111877,1.01413893699646,0.020560145378112793,99,6,22,0.01787145622074604,0.5415162454873647,0.3,98,127,wall,both,1,1,1,1,1,1,0.0,10,10,0,alpha,full,huber,-0.8448416638329651,4.174801058484964,-1.254040340112221,-1.4448815653813933,3.69158526437526,-1.4885558179700342,-1.5628844302729636,3.58005196485827,-1.5164384774683646,187.31870956862875,0.01787145622074604,250,1.8464322090148926,1.0,1.0,disabled,single,3,row_6,row_5,-0.23027601838111877,-0.2430078089237213,0.48900056494594546,0.48281417763832524,0.8019671757045799,0.012731790542602539,0.4851156158181317,0,67,0,disabled,0,0.0,50.0,alpha
840,1.542402744293213,-0.9830604195594788,-31.15565299987793,-0.15425027906894684,0.8269609808921814,0.023636817932128906,98,16,27,0.010333234444260597,0.5154639175257733,0.3,113,141,wall,both,1,1,1,1,1,1,0.0,13,13,0,alpha,full,huber,-0.867851677073113,2.4840686985999905,-1.2619944818880215,-1.3561445764745141,3.1192782903587366,-1.4588076162569914,-1.4473147908467645,3.1254529024132918,-1.4808049814641844,195.16960113888143,0.010333234444260597,250,2.2101210355758667,1.0,1.0,disabled,single,3,row_6,row_5,-0.15425027906894684,-0.6235639452934265,0.5788745829700432,0.36204632677766047,0.8514135423642317,0.4693136662244797,0.3924191555270564,0,67,0,disabled,0,0.0,50.0,alpha
844,0.31224894523620605,-0.0402890108525753,-31.019432067871094,-0.2390661984682083,1.0337196588516235,0.019828617572784424,89,0,31,0.012461815029382706,0.5555555555555556,0.3,81,120,wall,both,1,1,1,1,1,1,0.0,12,12,0,alpha,full,huber,-2.707633716433199,2.022939600933619,-1.8202698262721728,-1.6404449603025266,2.5367790583572694,-1.5540866557888964,-1.517749735444867,2.54153742023171,-1.5096092865543425,200.54670560836564,0.012461816892027855,250,1.8134986758232117,1.0,1.0,disabled,single,3,row_6,row_7,-0.2390661984682083,-0.44968312978744507,0.5277434694555982,0.42751671243088823,0.8395937507584056,0.21061693131923676,0.40007876817641774,0,67,0,disabled,0,0.0,50.0,alpha
848,0.6927253007888794,-0.19829271733760834,-29.35416603088379,-0.1413411945104599,0.5993275046348572,0.12277013063430786,117,4,15,0.009583180770277977,0.5244755244755245,0.3,113,136,wall,both,1,1,1,1,1,1,0.0,10,10,0,alpha,full,huber,-1.0931467147159257,1.6112194546084484,-2.121533056481857,-1.7934815357027953,1.9979319415086616,-1.5994894427709334,-1.641636883785693,2.0415605025440433,-1.5509028406431102,203.67191096958035,0.009583180770277977,250,1.0385939478874207,1.0,1.0,disabled,single,3,row_6,row_5,-0.10592678934335709,-1.0496889352798462,0.6560227682044595,0.25529847478787887,0.8399625423276191,0.9437621459364891,0.3156329936682375,0,67,0,disabled,0,0.0,50.0,alpha
852,2.3680572509765625,-2.3172295093536377,-34.304229736328125,-0.1104234904050827,0.6252877712249756,0.07593947649002075,115,6,7,0.01500137709081173,0.539568345323741,0.3,97,128,wall,both,1,1,1,1,1,1,0.0,11,11,0,alpha,full,huber,0.4982004942413212,2.140202844855321,-0.3741645061140466,-1.398267000197559,1.8342314010327159,-1.4445240056899191,-1.5167374336084003,1.7763312919074816,-1.4952507270054822,174.5110891734677,0.01500137522816658,250,3.9943686723709106,0.7510573625191462,1.0,disabled,single,3,row_5,row_4,-0.1104234904050827,-1.2499115467071533,0.6947921680971417,0.2223215385482813,0.7937033714981286,1.1394880563020706,0.25371902644240135,1,68,0,disabled,0,0.0,50.0,alpha
856,1.7857773303985596,-1.3177688121795654,-27.22618865966797,-0.3615165650844574,1.2753996849060059,0.003131866455078125,105,12,19,0.012455816380679607,0.5244755244755245,0.3,119,136,wall,both,1,1,1,1,1,1,0.0,11,11,0,alpha,full,huber,-0.17346868648921548,0.8024843453840733,-1.3537415878717158,-1.0988176325757066,1.2911428863394427,-1.3931341811178772,-1.2906164858754723,1.3070079610644034,-1.439796586800381,186.40629550362382,0.012455816380679607,250,2.5559241771698,1.0,1.0,disabled,single,3,row_5,row_6,-0.3615165650844574,-0.6023856997489929,0.5368390874755282,0.42192571344789925,0.8295120306924372,0.24086913466453552,0.26054031517667164,0,68,0,disabled,0,0.0,50.0,alpha
860,0.9359265565872192,-0.3619663417339325,-26.6995792388916,-0.24632929265499115,1.0527631044387817,0.003057539463043213,111,10,23,0.01468321867287159,0.5102040816326531,0.3,114,144,wall,both,1,1,1,1,1,1,0.0,12,12,0,alpha,full,huber,0.022477364183940113,1.0549149164114713,-1.3527964338310259,-0.41516504068099,0.8855090610328207,-1.2103578494083385,-0.8189597226522412,0.8387257700400139,-1.3227462312675367,156.19873889474724,0.01468321867287159,250,1.6999947428703308,1.0,1.0,disabled,single,3,row_5,row_6,-0.24632929265499115,-0.7198909521102905,0.5888075837558829,0.36669769449809286,0.818227603109249,0.4735616594552994,0.2833265389752445,0,68,0,disabled,0,0.0,50.0,alpha
864,1.655468463897705,-1.1324692964553833,-27.627580642700195,-0.2531602084636688,1.067322850227356,0.0015297532081604004,116,21,14,0.015677666291594505,0.4983388704318937,0.3,119,151,wall,both,1,1,1,1,1,1,0.0,11,11,0,alpha,full,huber,0.23651190277734674,0.15382953745499822,-1.2192580791228647,-0.07047700137522304,0.3423029928373531,-1.1790055549081306,-0.3891326277198932,0.3710386011948721,-1.2489635345266392,153.3874044926749,0.015677666291594505,250,2.2344467639923096,1.0,1.0,disabled,single,3,row_5,row_6,-0.2531602084636688,-0.6820527911186218,0.5763167090928856,0.3753146606179659,0.831915677984848,0.428892582654953,0.29793771875524955,0,68,0,disabled,0,0.0,50.0,alpha
868,2.4144444465637207,-2.4089016914367676,-39.0535888671875,-3.2528152465820312,0.5674836039543152,0.8828400373458862,106,10,35,0.023212842643260956,0.4983388704318937,0.3,120,151,wall,both,1,1,1,1,1,1,0.0,13,13,0,alpha,full,huber,-2.4677553036922126,0.2736800474174529,-2.6735580261592697,-0.08527384372524821,-0.08290583637871662,-1.2327302057230363,-0.17586769495665397,-0.03988981128771188,-1.234003013087618,192.8558358206291,0.023212842643260956,250,4.714975595474243,0.6362705255313741,1.0,disabled,single,3,row_6,row_7,-0.7872885465621948,-1.399562120437622,0.6291253106901876,0.3410594782403754,0.7631623993382204,0.6122735738754272,-0.3238637265213835,1,69,0,disabled,0,0.0,50.0,alpha
872,1.4814794063568115,-0.9069344401359558,-36.75569534301758,-0.08414199948310852,0.5982446670532227,0.033605098724365234,86,5,21,0.012028624303638935,0.5725190839694657,0.3,89,112,wall,both,1,1,1,1,1,1,0.0,9,9,0,alpha,full,huber,-0.39544655668320045,-0.9748748532847252,-1.485482118207733,0.13646969628418604,-1.3959121030997066,-1.384271935635861,0.23914559369088956,-1.45717598025126,-1.3230011425059147,184.0479456111028,0.012028624303638935,250,2.5731793642044067,1.0,1.0,disabled,single,3,row_6,row_5,-0.08414199948310852,-0.8254181742668152,0.6339867182739677,0.3020981094480346,0.8263169290503997,0.7412761747837067,0.37158527437592626,0,69,0,disabled,0,0.0,50.0,alpha
876,1.7670687437057495,-1.2903025150299072,-24.0020694732666,-0.06426618248224258,0.23981362581253052,0.1123124361038208,112,0,23,0.01611112244427204,0.5263157894736842,0.3,120,135,wall,both,1,1,1,1,1,1,0.0,3,3,0,alpha,full,huber,1.1925085961497852,-2.5671972752717993,-1.6011062919847403,0.7267158201094823,-2.155356657683524,-1.3313797713260809,0.5715102272836845,-2.1563903760529906,-1.3654049177371461,165.9902844817334,0.01611112430691719,250,2.671311378479004,1.0,1.0,disabled,single,3,row_5,row_6,-0.06426618248224258,-0.4378899335861206,0.5379329331631603,0.37022470856479345,0.9206922194747771,0.373623751103878,0.5557552036567867,1,70,0,disabled,0,0.0,50.0,alpha
880,1.6477344036102295,-1.1219127178192139,-27.064260482788086,-0.1854611337184906,0.9133720993995667,0.004216134548187256,114,16,6,0.0355369970202446,0.5244755244755245,0.3,120,136,wall,both,1,1,1,1,1,1,0.0,4,4,0,alpha,full,huber,-1.2573557721896271,-3.040969885005576,-1.5800176342238064,0.46856168118966635,-2.7655028705501845,-1.4293989878308242,0.5797020040957919,-2.7473493717236956,-1.4061397685447268,140.7666178235161,0.0355369970202446,250,3.7458770275115967,0.8008805355772487,1.0,disabled,single,3,row_6,row_7,-0.1854611337184906,-0.6806581020355225,0.545688330360509,0.3325702183909454,0.9530253024586084,0.49519696831703186,0.4202461560160612,1,71,0,disabled,0,0.0,50.0,alpha
884,4.465205192565918,-7.351748466491699,-31.663272857666016,-0.22328048944473267,1.0023773908615112,0.00031244754791259766,110,8,23,0.023856475949287415,0.5154639175257733,0.3,120,141,wall,both,1,1,1,1,1,1,0.0,4,4,0,alpha,full,huber,0.5963918772391315,-3.6400317405660667,-1.646878168025596,0.7453527382760052,-4.4463709005500425,-1.5049364342175697,0.8273647871430597,-4.588894947830118,-1.4805296172722462,164.89175851566552,0.023856475949287415,250,5.5612382888793945,0.5394482027499147,1.0,disabled,single,3,row_6,row_5,-0.22328048944473267,-0.38903769850730896,0.5202929938805733,0.4408192350654528,0.8272958313628482,0.1657572090625763,0.430082686869818,0,71,0,disabled,0,0.0,50.0,alpha
888,2.365722417831421,-2.312662124633789,-37.56783676147461,-0.20626646280288696,0.961128830909729,0.015531003475189209,105,13,31,0.01083854679018259,0.5016722408026756,0.3,120,149,wall,both,1,1,1,1,1,1,0.0,6,6,0,alpha,full,huber,3.250758367834208,-3.1833764748609896,-1.1086685394975366,1.1814218289860032,-5.0717868520531795,-1.426299124923741,1.0452957764227384,-5.282238570767472,-1.4440431784119407,184.37549634685442,0.01083854679018259,250,3.401987671852112,0.8818374107648481,1.0,disabled,single,3,row_4,row_5,-0.20626646280288696,-0.42918652296066284,0.527927906342076,0.4224367253967282,0.8503158872439276,0.22292006015777588,0.43252908281435754,1,72,0,disabled,0,0.0,50.0,alpha
892,1.1043938398361206,-0.5040023922920227,-35.686397552490234,-0.18408383429050446,0.8741351962089539,0.05915123224258423,114,7,51,0.016984425485134125,0.46583850931677023,0.3,120,172,wall,both,1,1,1,1,1,1,0.0,4,4,0,alpha,full,huber,1.4462212699204762,-6.562743940872323,-1.4439880056998224,1.236136860094616,-5.8523333198987295,-1.4110956861323618,1.177330828643642,-5.854601985929084,-1.4051257531272527,164.57779786773656,0.016984427347779274,250,2.1245250701904297,1.0,1.0,disabled,single,3,row_5,row_6,-0.18408383429050446,-0.32945841550827026,0.49370286031653166,0.42690404015768163,0.9129751025272179,0.1453745812177658,0.5217376058107613,1,73,0,disabled,0,0.0,50.0,alpha
896,1.3623086214065552,-0.7668945789337158,-37.685081481933594,-0.131113201379776,0.768120527267456,0.00011551380157470703,119,13,36,0.009343267418444157,0.4716981132075471,0.3,120,168,wall,both,1,1,1,1,1,1,0.0,4,4,0,alpha,full,huber,0.8618939303584142,-6.318582190738748,-1.602144485536663,1.082610544245446,-6.243904611351747,-1.449686615519274,1.15698907357743,-6.210843520607291,-1.421581981304559,197.4812901750216,0.009343267418444157,250,1.8427605032920837,1.0,1.0,disabled,single,3,row_6,row_5,-0.131113201379776,-0.36999639868736267,0.508992113147049,0.40083478074975215,0.9271381631001159,0.23888319730758667,0.544209555971395,1,74,0,disabled,0,0.0,50.0,alpha
900,1.2589960098266602,-0.6549879908561707,-29.60098648071289,-0.14369267225265503,0.7968885898590088,0.025115132331848145,100,2,28,0.02161114290356636,0.5357142857142857,0.3,120,130,wall,both,1,1,1,1,1,1,0.0,1,1,0,alpha,full,huber,1.2703727218188385,-5.629000921007449,-1.3529242432944462,1.2597438778053311,-6.371673583125458,-1.3622798486646017,1.2372587163228888,-6.4834484767841385,-1.3918098785739337,143.10172181342693,0.02161114290356636,250,2.2762070894241333,1.0,1.0,disabled,single,3,row_5,row_6,-0.14369267225265503,-0.5323063731193542,0.5536980597679941,0.375405141018937,0.8827442126426511,0.3886137008666992,0.4474430870280759,1,75,0,disabled,0,0.0,50.0,alpha
904,4.645548343658447,-7.798880577087402,-25.915834426879883,-0.2107725590467453,0.9609482884407043,0.036933720111846924,103,7,24,0.03705492243170738,0.528169014084507,0.3,120,134,wall,both,1,1,1,1,1,1,0.0,1,1,0,alpha,full,huber,1.1048428639987404,-5.86111836021436,-1.3709472729285375,1.1848445688504505,-6.30833709205394,-1.338124298475676,1.240025805902201,-6.5560395100316065,-1.3669652304189612,74.67441455861822,0.03705492615699768,175,5.5177388191223145,0.5437009793945264,1.0,disabled,single,3,row_5,row_6,-0.20704960823059082,-0.35501956939697266,0.5063897852114726,0.4367394260011055,0.8694222895883015,0.14796996116638184,0.47339897150837285,0,75,0,disabled,0,0.0,50.0,alpha
908,0.8203686475753784,-0.2781011462211609,0.0,-0.06773839890956879,0.5521068572998047,0.00021344423294067383,0,0,0,0.008705152198672295,0.5,0.3,0,0,wall,both,1,1,1,1,1,1,0.0,0,0,0,alpha,full,huber,0.6414937516504063,-6.3884227457082225,-0.876185754223088,1.207430160876242,-6.707909826400073,-1.3525719110872483,1.2796820412375005,-6.9026742525368965,-1.3584558503461817,192.23543761325837,0.008705152198672295,229,1.614423394203186,1.0,1.0,disabled,single,3,row_6,row_5,-0.06773839890956879,-0.5166801810264587,0.5377840077938862,0.3432692844238653,0.9538707822296458,0.44894178211688995,0.5525598730245153,1,76,0,disabled,0,0.0,50.0,alpha
912,1.9041668176651,-1.4982856512069702,0.0,-0.13657505810260773,0.6144601702690125,0.11359918117523193,0,0,0,0.011830545961856842,0.5,0.3,0,0,wall,both,1,1,1,1,1,1,0.0,0,0,0,alpha,full,huber,1.660095529663144,-6.410616693318794,-1.579603041678187,1.383165898698579,-7.078042227999945,-1.2413927323901794,1.396603340693926,-7.2926877895271005,-1.2611883321357953,182.87605960853668,0.011830544099211693,250,2.7471723556518555,1.0,1.0,disabled,single,3,row_5,row_6,-0.10537690669298172,-0.47244060039520264,0.526809164446744,0.3649552241368042,0.9461646033013911,0.3670636937022209,0.5355400061272607,1,77,0,disabled,0,0.0,50.0,alpha
916,0.9825769662857056,-0.39894938468933105,0.0,-0.7145041823387146,0.3354981541633606,0.41100525856018066,0,0,0,0.010490956716239452,0.5,0.3,0,0,wall,both,1,1,1,1,1,1,0.0,0,0,0,alpha,full,huber,2.5339945714479115,-8.090024296811851,-1.2482159965070538,1.7231321026126505,-7.684119461632735,-1.2551014646824084,1.6486930331841538,-7.766073547838144,-1.2502386473291123,193.66307519667427,0.010490956716239452,224,2.0742368698120117,1.0,1.0,disabled,single,3,row_5,row_6,-0.15212275087833405,-1.1156936883926392,0.6433229455374567,0.24544574104969785,0.8728276534985857,0.9635709375143051,0.28898568183631196,0,77,0,disabled,0,0.0,50.0,alpha
920,0.095370352268219,-0.0037584728561341763,0.0,-0.06480959802865982,0.5400366187095642,0.00044524669647216797,0,0,0,0.007411779370158911,0.5,0.3,0,0,wall,both,1,1,1,1,1,1,0.0,0,0,0,alpha,full,huber,0.8515788278369026,-8.34481281783674,-1.4114714494473681,1.595071195044592,-8.431260615219472,-1.4044949136939018,1.7400055355291808,-8.454451471751792,-1.323528217955348,197.16017492310607,0.007411779370158911,250,1.0569424033164978,1.0,1.0,disabled,single,3,row_6,row_5,-0.06480959802865982,-1.0136209726333618,0.6412501922575796,0.24829270733323514,0.8741896454446374,0.948811374604702,0.3795259846516546,1,78,0,disabled,0,0.0,50.0,alpha
924,2.094902515411377,-1.8134779930114746,0.0,-0.9353864192962646,2.0124049186706543,0.0931771993637085,0,0,0,0.0145108038559556,0.5,0.3,0,0,wall,both,1,1,1,1,1,1,0.0,0,0,0,alpha,full,huber,1.779332332936415,-9.967252512871255,-0.946516172822478,1.5740313561370773,-9.198842672281664,-1.2434084036868587,1.7282991166443367,-9.109020641400946,-1.1903950912546832,180.94072792389335,0.0145108038559556,250,3.1795607805252075,0.9435265456710196,1.0,disabled,single,3,row_6,row_5,-0.9353864192962646,-1.8039408922195435,0.6600439091969496,0.2769264338015977,0.8040124282768437,0.8685544729232788,-0.5199375022079245,0,78,0,disabled,0,0.0,50.0,alpha
928,0.06052497774362564,-0.0015137491282075644,0.0,-0.9590063691139221,1.8293460607528687,0.22969073057174683,0,0,0,0.007609152235090733,0.5,0.3,0,0,wall,both,1,1,1,1,1,1,0.0,0,0,0,alpha,full,huber,2.279459715119197,-9.573636082991385,-1.497727802098614,1.9675748548925893,-9.67704113015817,-0.8402319659718243,1.9615488027791086,-9.677147054683227,-0.8475381190120053,214.76278048584408,0.007609152235090733,250,0.8590216338634491,1.0,1.0,disabled,single,3,row_5,row_6,-0.9590063691139221,-1.063001036643982,0.5017355778843487,0.4521792066312203,0.8467384487960599,0.10399466753005981,-0.2693243337665242,1,79,0,disabled,0,0.0,50.0,alpha
932,2.6601943969726562,-2.924229145050049,0.0,-0.6647769212722778,1.3183344602584839,0.26123857498168945,0,0,0,0.019126135855913162,0.5,0.3,0,0,wall,both,1,1,1,1,1,1,0.0,0,0,0,alpha,full,huber,3.6200271409355356,-8.448364112838636,0.21282900201150312,2.412900920959512,-9.871659820984075,-0.343006586642956,2.3686489432175675,-9.979901861104912,-0.405826593140282,194.17837022146585,0.019126135855913162,250,4.2070252895355225,0.7130929323059086,1.0,disabled,single,3,row_5,row_4,-0.6647769212722778,-1.824468731880188,0.7476418296757837,0.2344476249913115,0.6295520590836179,1.1596918106079102,-0.37394566825357295,0,79,0,disabled,0,0.0,50.0,alpha
936,0.9234897494316101,-0.3524104654788971,-34.527503967285156,-0.9698317050933838,2.055337429046631,0.08725255727767944,33,7,33,0.02373865805566311,0.6726457399103138,0.3,66,73,wall,both,1,1,1,1,1,1,0.0,4,4,0,alpha,full,huber,3.948202707719599,-9.20941713590391,0.5315578952686613,3.6009317417743083,-9.862288802948196,0.6124847636717601,3.471430190826584,-10.130193952944653,0.5399943601863804,123.24285114819531,0.02373865805566311,250,2.093881130218506,1.0,1.0,disabled,single,3,row_5,row_4,-0.9698317050933838,-2.801788568496704,0.8382344056757977,0.1342013009147455,0.5164343946511114,1.8319568634033203,-0.7933742078557259,0,79,0,disabled,0,0.0,50.0,alpha
940,2.416588068008423,-2.4131810665130615,-45.02387237548828,-3.526664972305298,2.4295644760131836,0.7366540431976318,35,0,47,0.023298222571611404,0.646551724137931,0.3,69,82,wall,both,1,1,1,1,1,1,0.0,3,3,0,alpha,full,huber,1.7996263154111136,-10.502339006404421,-0.07732109088647521,3.5432821730992616,-9.828733828999026,0.8536456600885901,3.706491689130204,-9.860097695577307,0.909327168738387,159.76243257604435,0.023298224434256554,250,4.855715990066528,0.6178285563111975,1.0,disabled,single,3,row_5,row_6,-2.7419722080230713,-3.526664972305298,0.6600572604116917,0.3011576329497,0.7616731552194147,0.7846927642822266,-2.326543518497663,0,79,0,disabled,0,0.0,50.0,alpha
944,1.9817464351654053,-1.6228591203689575,-37.49565124511719,-0.7421383857727051,1.8133530616760254,0.05288660526275635,29,5,49,0.026213577017188072,0.6437768240343348,0.3,66,83,wall,both,1,1,1,1,1,1,0.0,4,4,0,alpha,full,huber,3.294270674214203,-9.384136281549981,0.6257160480743864,3.483395952452504,-9.497856588649313,1.0401136169471912,3.647154766748402,-9.611907758257516,1.0385267126232751,148.93290777383353,0.026213577017188072,250,2.7456023693084717,1.0,1.0,disabled,single,3,row_5,row_4,-0.7421383857727051,-3.1468231678009033,0.8532213540513702,0.07704072918362498,0.5186378442756594,2.4046847820281982,-0.5834021212641677,0,79,0,disabled,0,0.0,50.0,alpha
948,3.686645746231079,-5.421435832977295,-40.20713424682617,-0.7648504972457886,1.840499997138977,0.05441570281982422,32,2,70,0.014779923483729362,0.5905511811023622,0.3,93,104,wall,both,1,1,1,1,1,1,0.0,4,4,0,alpha,full,huber,3.414552173551447,-9.350672229211439,0.6209839356548654,3.4345412866907425,-9.164073011737006,1.2216029628603382,3.5708788809496452,-9.33700160456425,1.1864206130247306,176.45931448569058,0.014779924415051937,250,3.9027308225631714,0.7686925223373999,1.0,disabled,single,3,row_5,row_4,-0.7648504972457886,-3.0469651222229004,0.852130874758851,0.08697541555792804,0.5191777890857402,2.282114624977112,-0.6048353421682235,0,79,0,disabled,0,0.0,50.0,alpha
952,1.7514468431472778,-1.2675893306732178,-30.483673095703125,-0.6332871913909912,1.5119757652282715,0.17518991231918335,65,5,61,0.014157580211758614,0.5338078291814947,0.3,120,131,wall,both,1,1,1,1,1,1,0.0,7,7,0,alpha,full,huber,3.769505681209038,-8.572292788351394,1.5533247405823198,4.05186265361365,-8.792760640560326,1.7458095809730396,3.932153020681322,-8.76628131100353,1.8386251907090703,156.1777392145302,0.014157580211758614,250,1.7013947367668152,1.0,1.0,disabled,single,3,row_5,row_4,-0.6138531565666199,-0.981741726398468,0.5470964450686117,0.37869704559728723,0.8906962680524373,0.36788856983184814,-0.010722980860554565,0,79,0,disabled,0,0.0,50.0,alpha
956,3.0611932277679443,-3.8707268238067627,-31.733722686767578,-0.2910211682319641,1.1443754434585571,7.128715515136719e-05,75,1,78,0.012751184403896332,0.49342105263157904,0.3,116,154,wall,both,1,1,1,1,1,1,0.0,8,8,0,alpha,full,huber,4.462469617019081,-7.927426474864336,1.9023363741774473,4.158882539023611,-8.663387496585981,1.8151999027611838,4.0074746418479625,-8.576204396229926,1.9316572406719086,169.37874633929644,0.012751184403896332,250,2.591715693473816,1.0,1.0,disabled,single,3,row_4,row_5,-0.2910211682319641,-0.6909034848213196,0.531494053616599,0.3563130481554498,0.9490595033756484,0.39988231658935547,0.3410421009581328,1,80,0,disabled,0,0.0,50.0,alpha
960,0.607536256313324,-0.1525207906961441,-38.78010177612305,-0.4039854109287262,1.3479087352752686,0.007655441761016846,61,28,102,0.016880620270967484,0.4398826979472141,0.3,120,191,wall,both,1,1,1,1,1,1,0.0,10,10,0,alpha,full,huber,4.430304751128926,-8.199695268742845,2.0142121795466057,4.248457617124882,-8.476042214130914,1.8480715580621037,4.101675552785049,-8.456458366181074,1.9246413244075216,169.05800997528308,0.016880620270967484,250,0.7239161133766174,1.0,1.0,disabled,single,3,row_4,row_5,-0.4039854109287262,-0.7580918073654175,0.5256398664602004,0.3688942129946157,0.9431691268213449,0.3541063964366913,0.23915355432982743,0,80,0,disabled,0,0.0,50.0,alpha
964,2.2071993350982666,-2.013111114501953,-35.91352081298828,-0.6330166459083557,1.6877598762512207,0.001503586769104004,54,5,70,0.013179309666156769,0.5376344086021506,0.3,120,129,wall,both,1,1,1,1,1,1,0.0,5,5,0,alpha,full,huber,3.9779178189096194,-8.582586771288474,0.897549649374545,4.042457154610027,-8.045914517765151,1.8292153858876385,3.961702651924406,-7.95241518724035,1.8835262789498977,202.86712231314868,0.013179311528801918,250,2.8524776697158813,1.0,1.0,disabled,single,3,row_5,row_4,-0.6330166459083557,-1.6472423076629639,0.6981264763590554,0.25319871692376417,0.7457882598053307,1.0142256617546082,-0.27366165149631855,1,81,0,disabled,0,0.0,50.0,alpha
968,1.5963115692138672,-1.052979588508606,-38.29978942871094,-0.2743336260318756,1.0123194456100464,0.10685306787490845,55,27,67,0.014651038683950901,0.5016722408026756,0.3,109,149,wall,both,1,1,1,1,1,1,0.0,13,13,0,alpha,full,huber,3.9364797915078733,-6.849740935964032,2.053803388488614,4.006298578093466,-7.3947606236436885,1.7873981631496696,3.8992167202921557,-7.411375258303252,1.8399397959169823,165.21485922803498,0.014651038683950901,250,2.1176759004592896,1.0,1.0,disabled,single,3,row_4,row_5,-0.2743336260318756,-0.32906532287597656,0.477948987122121,0.4524930068069907,0.8970791185373442,0.05473169684410095,0.463917647655789,1,82,0,disabled,0,0.0,50.0,alpha
972,1.5575472116470337,-1.0024601221084595,-36.85175704956055,-0.11962877213954926,0.7092537879943848,0.043832242488861084,71,14,61,0.011531880125403404,0.5067567567567568,0.3,120,146,wall,both,1,1,1,1,1,1,0.0,11,11,0,alpha,full,huber,3.3411527653596473,-6.7911366620914855,1.7461001915694503,3.652213107518569,-6.873038000748826,1.8991763884387098,3.710888280056505,-6.9071880576748965,1.8707494917728287,153.42015392808256,0.011531880125403404,213,1.931250810623169,1.0,1.0,disabled,single,3,row_5,row_4,-0.11962877213954926,-0.4392012059688568,0.5373294091348465,0.3903480970004802,0.8909294743602127,0.31957243382930756,0.5015151755697127,1,83,0,disabled,0,0.0,50.0,alpha
976,2.5895235538482666,-2.7709224224090576,-44.5775260925293,-0.14107422530651093,0.7627492547035217,0.053741455078125,47,3,108,0.019654549658298492,0.48701298701298706,0.3,120,158,wall,both,1,1,1,1,1,1,0.0,10,10,0,alpha,full,huber,3.5699322847829635,-7.3852604855778425,1.2817267704258537,3.4902710114697872,-6.588941536051186,1.9126995092262142,3.5335064733392016,-6.531199488833996,1.895705652374292,155.0083211664668,0.019654547795653343,213,3.536651849746704,0.8482599157208139,1.0,disabled,single,3,row_5,row_4,-0.14107422530651093,-0.6227881908416748,0.5836443124468348,0.36053093979448847,0.8431611643571679,0.4817139655351639,0.39738931042554015,0,83,0,disabled,0,0.0,50.0,alpha
980,1.5779324769973755,-1.0288722515106201,-38.12971878051758,-0.2026616781949997,0.9549592733383179,0.0012857317924499512,61,16,60,0.01213647797703743,0.5226480836236934,0.3,107,137,wall,both,1,1,1,1,1,1,0.0,7,7,0,alpha,full,huber,3.5507675734946123,-6.661371846744051,1.9925593339380718,3.3120062009769575,-6.220236615622625,1.940125872407594,3.3408957104286925,-6.1326976966365585,1.932000128138382,149.9700188619903,0.012136478908360004,185,2.1651711463928223,1.0,1.0,disabled,single,3,row_5,row_4,-0.2026616781949997,-0.34818336367607117,0.5069373572466013,0.43828340948658484,0.8650355514147985,0.14552168548107147,0.4767061605562164,0,83,0,disabled,0,0.0,50.0,alpha
984,1.66652512550354,-1.1476471424102783,-36.38079071044922,-0.13630856573581696,0.6621184945106506,0.09760689735412598,99,1,73,0.019308146089315414,0.46439628482972134,0.3,120,173,wall,both,1,1,1,1,1,1,0.0,12,12,0,alpha,full,huber,3.7072264903445498,-5.869020099383477,2.0748006063173507,3.1697459030744435,-5.63369137723315,1.8858124158863578,3.139408569990997,-5.576368070415955,1.891294933946103,138.72976480272365,0.019308146089315414,185,2.385356903076172,1.0,1.0,disabled,single,3,row_4,row_5,-0.13630856573581696,-0.47036802768707275,0.5500316684530503,0.39382883801313084,0.8574596495355723,0.3340594619512558,0.4614708576718648,1,84,0,disabled,0,0.0,50.0,alpha
988,0.7077503800392151,-0.20698784291744232,-35.72438430786133,-0.21505387127399445,0.9815881252288818,0.015170574188232422,71,33,59,0.009096951223909855,0.47923322683706066,0.3,118,163,wall,both,1,1,1,1,1,1,0.0,10,10,0,alpha,full,huber,3.0537905242082215,-4.899796686540896,1.7384836840746187,2.8234471399112233,-4.5425016142741175,1.8474745679058158,2.782088432645094,-4.458911541199483,1.8553960023205764,200.0181054314399,0.009096951223909855,250,1.2642919421195984,1.0,1.0,disabled,single,3,row_5,row_4,-0.21505387127399445,-0.5497288107872009,0.5513738963312638,0.3945469786567954,0.8529569387921507,0.3346749395132065,0.3802882509513058,1,85,0,disabled,0,0.0,50.0,alpha
992,1.2439227104187012,-0.6393982172012329,-28.997848510742188,-0.21853716671466827,0.9851062893867493,0.026586532592773438,91,20,46,0.014013671316206455,0.4885993485342019,0.3,115,157,wall,both,1,1,1,1,1,1,0.0,12,12,0,alpha,full,huber,3.0599217019405724,-4.51099343304975,1.7951825118321922,2.926017557159809,-4.096701830694886,1.7216561442580038,2.790001417106656,-4.058857598902034,1.7844075373109956,173.88075440072183,0.014013671316206455,240,1.8451501727104187,1.0,1.0,disabled,single,3,row_5,row_4,-0.21853716671466827,-0.5123131275177002,0.5490702876133734,0.4093008666743733,0.8271503963101483,0.2937759608030319,0.38099165051321926,0,85,0,disabled,0,0.0,50.0,alpha
996,1.1982225179672241,-0.5932798385620117,-24.004924774169922,-0.09574033319950104,0.6563504934310913,0.001391291618347168,119,15,35,0.01048137154430151,0.47021943573667707,0.3,120,169,wall,both,1,1,1,1,1,1,0.0,13,13,0,alpha,full,huber,2.7217965912467696,-4.09487003485717,1.6168321868838254,2.8896620168042206,-3.741315152978995,1.7296078190718105,2.7926630206247642,-3.6826395839573864,1.76162235797862,192.78987016711497,0.01048137154430151,246,1.3235267400741577,1.0,1.0,disabled,single,3,row_5,row_4,-0.09574033319950104,-0.6649667620658875,0.5934472253705705,0.33586922073831926,0.8633885240845304,0.5692264288663864,0.4260666567134621,0,85,0,disabled,0,0.0,50.0,alpha
1000,0.24862101674079895,-0.02554231882095337,-28.068130493164062,-0.07973882555961609,0.5947855114936829,0.016589462757110596,114,19,25,0.01398528553545475,0.48701298701298706,0.3,120,158,wall,both,1,1,1,1,1,1,0.0,14,14,0,alpha,full,huber,2.556318193574733,-3.6800555321309223,1.6321451943607954,2.681741463342677,-3.4511710347378206,1.8094411184427042,2.701039976858705,-3.3797073096793526,1.7941747011435902,125.09317728753966,0.0139852873980999,180,0.5422323942184448,1.0,1.0,disabled,single,3,row_5,row_4,-0.07973882555961609,-0.6967064142227173,0.5851591552546787,0.3157391133174121,0.9066508149519901,0.6169675886631012,0.45613258292793923,0,85,0,disabled,0,0.0,50.0,alpha
1004,1.73028564453125,-1.2371439933776855,-27.051273345947266,-0.21897727251052856,0.9623942971229553,0.05677002668380737,112,17,28,0.026456134393811226,0.4885993485342019,0.3,120,157,wall,both,1,1,1,1,1,1,0.0,11,11,0,alpha,full,huber,2.746858875235677,-3.025562946227559,1.6804125307359765,2.672182895206658,-2.931154460099466,1.6966209669264234,2.614946553311108,-2.8399620165249573,1.7347736995964418,67.24043805608973,0.026456130668520927,97,1.9447205066680908,1.0,1.0,disabled,single,3,row_5,row_4,-0.20627132058143616,-0.4366607666015625,0.5083615174091867,0.4037530371655206,0.9238357728732619,0.23038944602012634,0.47029111548061886,0,85,0,disabled,0,0.0,50.0,alpha
1008,1.727513074874878,-1.233182430267334,-27.750749588012695,-0.23078110814094543,1.018841028213501,0.0051007866859436035,129,7,16,0.03487464785575867,0.49668874172185423,0.3,120,152,wall,both,1,1,1,1,1,1,0.0,15,15,0,alpha,full,huber,3.0864101657797254,-2.494790501814068,1.7554049955812392,2.7039395492643075,-2.2991859954786906,1.668859952816352,2.5959858726099423,-2.186061344082037,1.6963778821117579,64.41798055658526,0.034874651581048965,92,2.3016982078552246,1.0,1.0,disabled,single,3,row_4,row_5,-0.23078110814094543,-0.4498540759086609,0.5211756805565069,0.4186411947365733,0.8732980861532759,0.21907296776771545,0.42088698716166273,1,86,0,disabled,0,0.0,50.0,alpha
1012,3.3349385261535645,-4.549434661865234,-32.53659439086914,-0.0770854726433754,0.5722687244415283,0.03249382972717285,100,7,24,0.02996092103421688,0.5338078291814947,0.3,102,131,wall,both,1,1,1,1,1,1,0.0,8,8,0,alpha,full,huber,3.2813483447458225,-1.3374892275637935,1.2613803666887096,2.781643828655966,-1.204565133992861,1.5932132754467954,2.6156740824994404,-1.1159616875433667,1.6333254485358282,67.98913711105881,0.029960917308926582,87,3.992450475692749,0.7514182125150735,1.0,disabled,single,3,row_4,row_5,-0.0770854726433754,-0.6661016941070557,0.5871025387271224,0.32576728142224304,0.89066462805127,0.5890162214636803,0.45547031909619184,0,86,0,disabled,0,0.0,50.0,alpha
1016,2.4235074520111084,-2.4270200729370117,-30.477371215820312,-0.10683748871088028,0.6854315400123596,0.024419069290161133,101,11,23,0.028731975704431534,0.5263157894736842,0.3,113,135,wall,both,1,1,1,1,1,1,0.0,10,10,0,alpha,full,huber,2.2792863433302166,-1.457213751194684,1.8929270035182792,2.578389953519811,-0.936119813460001,1.6912997452290655,2.5856116444735187,-0.8436379724264171,1.6688578471059063,85.53923885971514,0.028731975704431534,127,3.173424482345581,0.9453509975389749,1.0,disabled,single,3,row_5,row_4,-0.10683748871088028,-0.5497370362281799,0.5422669428775237,0.34822849084670027,0.9414116702701358,0.44289954751729965,0.5051593955429085,1,87,0,disabled,0,0.0,50.0,alpha
1020,0.2873976528644562,-0.034131161868572235,-30.241901397705078,-0.17797590792179108,0.8938483595848083,0.010241806507110596,79,14,23,0.013970203697681427,0.5639097744360902,0.3,86,116,wall,both,1,1,1,1,1,1,0.0,9,9,0,alpha,full,huber,2.2656414362934765,0.2237706245031233,1.7237717927015854,2.2463900826583876,-0.13210422117209428,1.8071935220186628,2.377922902412913,-0.10080969520175402,1.7241548528607966,127.98945647230565,0.013970203697681427,175,0.8823188543319702,1.0,1.0,disabled,single,3,row_5,row_4,-0.17797590792179108,-0.49703389406204224,0.5546770512474118,0.4031578080700798,0.8266507492669545,0.31905798614025116,0.4113933163216972,0,87,0,disabled,0,0.0,50.0,alpha
1024,5.020451068878174,-8.728391647338867,-32.707008361816406,-0.14506760239601135,0.29742732644081116,0.1752861738204956,96,8,22,0.03159881383180618,0.5434782608695653,0.3,110,126,wall,both,1,1,1,1,1,1,0.0,7,7,0,alpha,full,huber,3.37482032770694,0.8252609269673432,1.1475999968130912,2.2198665806342857,0.8958871281250321,1.7123372202061136,2.219832424770777,0.9090298401020696,1.705941924036102,86.89302608017478,0.03159881383180618,122,6.036606550216675,0.49696795294573565,1.0,disabled,single,3,row_4,row_5,-0.09499186277389526,-1.1242939233779907,0.6381046823892064,0.22796686472994146,0.89298834239009,1.0293020606040955,0.3542610673429881,1,88,0,disabled,0,0.0,50.0,alpha
1028,1.4919120073318481,-0.9197527170181274,-35.162322998046875,-0.17696022987365723,0.6789117455482483,0.13513201475143433,124,7,12,0.017115408554673195,0.5119453924914675,0.3,116,143,wall,both,1,1,1,1,1,1,0.0,6,6,0,alpha,full,huber,0.45908761309470114,1.8011974839304163,2.0083877419197282,1.8800346396002552,1.7379553994027648,1.7667520905759653,1.993142732019358,1.74115054504664,1.7228522425298562,142.6232660511437,0.017115408554673195,164,2.9720678329467773,1.0,1.0,disabled,single,3,row_5,row_6,-0.17696022987365723,-1.0441489219665527,0.598870667493631,0.25160413730654385,0.9383761638205608,0.8671886920928955,0.33574938833982615,1,89,0,disabled,0,0.0,50.0,alpha
1032,3.933058261871338,-6.032376289367676,-34.48711013793945,-0.2998753786087036,1.1004270315170288,0.08683621883392334,125,2,10,0.03869662433862686,0.5226480836236934,0.3,108,137,wall,both,1,1,1,1,1,1,0.0,6,6,0,alpha,full,huber,0.040260312527253206,0.6834528778965552,2.2868316985425725,1.5172346958152203,1.8070701309146824,1.8829225859580614,1.7355318835071576,1.9023861836383495,1.7981474621653808,149.6395984827574,0.03869662433862686,250,6.1404948234558105,0.4885599754176862,1.0,disabled,single,3,row_5,row_6,-0.2998753786087036,-0.7833191156387329,0.5900820429941809,0.36387770871701797,0.8208450561897468,0.4834437370300293,0.2276183172187065,0,89,0,disabled,0,0.0,50.0,alpha
1036,3.740795373916626,-5.555691242218018,-24.816810607910156,-0.22976312041282654,0.20899146795272827,0.23219382762908936,115,0,26,0.01922176405787468,0.5154639175257733,0.3,108,141,wall,both,1,1,1,1,1,1,0.0,7,7,0,alpha,full,huber,2.500839151616347,2.9829982014622987,1.8860759003700966,1.6775815311314435,2.304421044278261,1.8404903714013967,1.6762136054170589,2.2345597419714256,1.843799142118228,164.05255412175399,0.01922176592051983,250,4.5522425174713135,0.659015856138184,1.0,disabled,single,3,row_4,row_5,-0.22976312041282654,-0.4998630881309509,0.5287578943859694,0.4036025847967719,0.8853273954693466,0.2700999677181244,0.40746149803948506,1,90,0,disabled,0,0.0,50.0,alpha
1040,0.8475677967071533,-0.2968475818634033,-29.26678466796875,-0.16399133205413818,0.6770004034042358,0.12338709831237793,107,10,18,0.01175875123590231,0.5263157894736842,0.3,102,135,wall,both,1,1,1,1,1,1,0.0,6,6,0,alpha,full,huber,0.45573230750088217,1.7416355313759024,1.9844975152942066,1.5773663243916503,2.6228999155970105,1.948797998272144,1.5635827738603019,2.6544749158535934,1.9416343117662027,200.20965251416078,0.01175875123590231,250,1.567074477672577,1.0,1.0,disabled,single,3,row_5,row_6,-0.16399133205413818,-1.0471596717834473,0.6074321002048202,0.2511554474605156,0.9264444941884578,0.8831683397293091,0.33452354717011135,1,91,0,disabled,0,0.0,50.0,alpha
1044,0.7433156967163086,-0.22831332683563232,-26.082778930664062,-0.13613659143447876,0.7519997358322144,0.05064517259597778,105,4,19,0.012887941673398018,0.539568345323741,0.3,120,128,wall,both,1,1,1,1,1,1,0.0,2,2,0,alpha,full,huber,1.5371147397118934,3.8491115587482625,1.6995035404138497,1.3495582047020462,3.286049389433086,1.9765317244090352,1.3551868420541746,3.231004103058665,1.968495084951205,186.23311187704485,0.012887941673398018,250,1.4109476804733276,1.0,1.0,disabled,single,3,row_5,row_4,-0.13613659143447876,-0.669129490852356,0.5945131271515298,0.3488876314600482,0.8390742206546885,0.5329928994178772,0.38387589066559935,0,91,0,disabled,0,0.0,50.0,alpha
1048,2.263134002685547,-2.116436243057251,-29.235654830932617,-0.1940423846244812,0.9336580038070679,0.008956730365753174,88,12,34,0.009952246211469173,0.528169014084507,0.3,116,134,wall,both,1,1,1,1,1,1,0.0,4,4,0,alpha,full,huber,1.8620341203903656,4.985840269353822,1.8891853741744242,1.279305039871614,4.490372482119723,1.9316263661592734,1.1037337122561668,4.368949994325371,1.9629858667975792,190.49143707513105,0.009952246211469173,250,3.2285475730895996,0.9292104056342313,1.0,disabled,single,3,row_4,row_5,-0.1940423846244812,-0.6129990220069885,0.5704579792732354,0.3752088758782222,0.8462658161242487,0.4189566373825073,0.3672733837310368,1,92,0,disabled,0,0.0,50.0,alpha
1052,1.118336796760559,-0.516808807849884,0.0,-0.04323848709464073,0.33826589584350586,0.0660582184791565,0,0,0,0.011499063111841679,0.5,0.3,0,0,wall,both,1,1,1,1,1,1,0.0,0,0,0,alpha,full,huber,3.1804680772916454,7.4226918187186985,1.1568052962484634,0.7931532353516899,7.56963164771655,1.798554498583784,0.3308252701573866,7.4625046327775255,1.867880102286101,202.93844548614433,0.011499063111841679,250,3.874102234840393,0.7743729561446628,1.0,disabled,single,3,row_4,row_3,-0.04323848709464073,-1.0405442714691162,0.6929149299904331,0.2555968634571584,0.7556026704873653,0.9973057843744755,0.32360955637930666,0,92,0,disabled,0,0.0,50.0,alpha
1056,0.4627295732498169,-0.08847878873348236,0.0,-0.12541043758392334,0.7161716818809509,0.052923500537872314,0,0,0,0.00852520577609539,0.5,0.3,0,0,wall,both,1,1,1,1,1,1,0.0,0,0,0,alpha,full,huber,0.4470431848170548,7.921686540020738,2.048934502540619,0.6017167429031705,8.396595476581073,1.8028067125027523,0.3426597033957007,8.33331875666579,1.8293548915108504,188.1285614436114,0.00852520577609539,250,1.3383470177650452,1.0,1.0,disabled,single,3,row_5,row_4,-0.12541043758392334,-0.8458335995674133,0.5971739758125115,0.2905528030091523,0.9125069761221323,0.72042316198349,0.39013635368785526,1,93,0,disabled,0,0.0,50.0,alpha
1060,0.37876054644584656,-0.05928080901503563,0.0,-0.001801986014470458,0.0827825516462326,0.008269309997558594,0,0,0,0.009649945423007011,0.5,0.3,0,0,wall,both,1,1,1,1,1,1,0.0,0,0,0,alpha,full,huber,-0.3981879773985353,8.164546160137963,1.850832323444239,0.11046808514072282,8.889255726178046,1.9062279818728876,0.1353704344377522,8.956091806725357,1.8616688665520496,185.41471352046142,0.009649945423007011,250,1.5112645030021667,1.0,1.0,disabled,single,3,row_5,row_6,-0.001801986014470458,-0.8764132261276245,0.6187969880372122,0.2580532634638581,0.9044843316772696,0.874611240113154,0.47817604170592126,0,93,0,disabled,0,0.0,50.0,alpha
1064,1.785244345664978,-1.316982388496399,0.0,-0.8949209451675415,1.1026380062103271,0.3912307620048523,0,0,0,0.010105117224156857,0.5,0.3,0,0,wall,both,1,1,1,1,1,1,0.0,0,0,0,alpha,full,huber,1.5904455272394744,9.733497748085407,1.4036113021732737,0.10922599082256404,9.794439511328287,1.4670673760861939,-0.021109408578249653,9.85430779184194,1.492099483785446,207.72603658277683,0.010105116292834282,250,3.3541258573532104,0.8944208200843553,1.0,disabled,single,3,row_4,row_5,-0.8949209451675415,-1.1742063760757446,0.5387610859028956,0.40747793638719787,0.8561899453778873,0.2792854309082031,-0.2764378844735975,1,94,0,disabled,0,0.0,50.0,alpha
1068,2.951033353805542,-3.5985944271087646,-33.7292366027832,-0.33782315254211426,1.2328861951828003,0.0032646656036376953,66,0,25,0.07636202871799469,0.6224066390041494,0.3,91,91,wall,both,1,1,1,1,1,1,0.0,1,1,0,alpha,full,huber,-1.6585956265531827,9.036024199887903,1.5342182929326906,-0.398271442437904,10.303923916042182,1.3707083314326796,-0.16669373415527558,10.62434601529888,1.307718687833039,57.510833614972135,0.07636202871799469,250,5.189580202102661,0.5780814407270343,1.0,disabled,single,3,row_6,row_5,-0.33782315254211426,-0.4176090359687805,0.5074627844067354,0.46854750451511934,0.7889271390785427,0.07978588342666626,0.34050874943120113,1,95,0,disabled,0,0.0,50.0,alpha
1072,2.4698874950408936,-2.520803451538086,-37.65357971191406,-2.350492238998413,2.273829221725464,0.5425647497177124,56,0,37,0.011908040381968021,0.6172839506172839,0.3,93,93,wall,both,1,1,1,1,1,1,0.0,1,1,0,alpha,full,huber,1.244024637042443,10.874130355915236,1.224211848215309,-0.25923955779835217,10.583041744507662,1.1356926755729293,-0.15857435729445635,10.805655678821738,1.1184108644903867,210.2126214310994,0.011908041313290596,250,3.9473434686660767,0.7600048041965267,1.0,disabled,single,3,row_5,row_4,-1.8316693305969238,-2.350492238998413,0.5935075200461238,0.3532680001990157,0.8333414323939291,0.5188229084014893,-1.3099639362600985,1,96,0,disabled,0,0.0,50.0,alpha
1076,0.5562269687652588,-0.12784646451473236,-44.61172103881836,-1.3923951387405396,2.4237568378448486,0.14593708515167236,11,0,60,0.02011411264538765,0.6787330316742082,0.3,71,71,wall,both,1,1,1,1,1,1,0.0,2,2,0,alpha,full,huber,1.2135856150008346,11.02464390640365,-0.2746436020611416,0.7155578851386963,11.268948867622624,0.2931729181336947,0.41616427021203184,11.320578710685282,0.36884365253796236,139.54774342835967,0.02011411264538765,250,1.4783439636230469,1.0,1.0,disabled,single,3,row_4,row_3,-1.3923951387405396,-3.190542459487915,0.7622858711931807,0.12623867026216923,0.7127428455573421,1.7981473207473755,-1.1209615041366583,1,97,0,disabled,0,0.0,50.0,alpha
1080,0.6903129816055298,-0.19691406190395355,-48.80364227294922,-0.5929070711135864,1.6316300630569458,0.017869532108306885,8,0,62,0.016892123967409134,0.6818181818181818,0.3,70,70,wall,both,1,1,1,1,1,1,0.0,4,4,0,alpha,full,huber,2.450704529747572,10.41146229010206,-1.011023691668885,1.6616360261035976,11.331748958564091,-0.4661150273980488,1.2646624703193936,11.413428524245791,-0.34625319502251983,130.4652851391396,0.016892123967409134,250,2.4577512741088867,1.0,1.0,disabled,single,3,row_4,row_3,-0.5929070711135864,-1.3123667240142822,0.6148231343111636,0.2994282991503203,0.8707646298686826,0.7194596529006958,-0.1064864320911309,0,97,0,disabled,0,0.0,50.0,alpha
1084,0.5855677723884583,-0.14168992638587952,-44.530452728271484,-0.5440225601196289,1.400752305984497,0.16266435384750366,17,0,47,0.017712976783514023,0.7009345794392523,0.3,52,64,wall,both,1,1,1,1,1,1,0.0,5,5,0,alpha,full,huber,2.6664312023338885,10.11621087146606,-1.400098581784901,2.3843227220078855,10.896275123353636,-1.100366258767629,2.010451721917612,11.087759961202185,-0.9661595181583937,116.98824542089518,0.017712976783514023,250,1.8173603415489197,1.0,1.0,disabled,single,3,row_4,row_3,-0.5440225601196289,-1.2755298614501953,0.621099237643289,0.2988624908562976,0.8588817954146463,0.7315073013305664,-0.06775815327209561,0,97,0,disabled,0,0.0,50.0,alpha
1088,1.1810414791107178,-0.5763880014419556,-35.71913528442383,-1.1733336448669434,1.0267831087112427,0.47965288162231445,44,7,70,0.050367891788482666,0.5535055350553506,0.3,95,121,wall,both,1,1,1,1,1,1,0.0,14,14,0,alpha,full,huber,4.019768007527489,10.577507410678393,-1.7178227767448848,3.550718883154456,10.350990037615286,-1.8408692928399335,3.118900165515938,10.229748764577746,-1.9164996478804395,62.12341968630214,0.050367891788482666,250,2.7259968519210815,1.0,1.0,disabled,single,3,row_3,row_4,-0.6760253310203552,-1.7026753425598145,0.6656118816748442,0.23842546097544623,0.8376834881451265,1.0266500115394592,-0.26897679245987305,1,98,0,disabled,0,0.0,50.0,alpha
1092,1.3070939779281616,-0.7059895396232605,-35.8008918762207,-0.16023820638656616,0.785166323184967,0.07545936107635498,82,12,48,0.017063235864043236,0.5136986301369862,0.3,104,142,wall,both,1,1,1,1,1,1,0.0,18,18,0,alpha,full,huber,3.3008231526206604,8.750985794173872,-1.2126612813594908,3.2652802036774298,9.423632749496031,-1.6070263412670522,3.0432948762384466,9.413561983173663,-1.6377716756589356,184.41403912514,0.017063235864043236,250,2.3597882986068726,1.0,1.0,disabled,single,3,row_4,row_3,-0.16023820638656616,-0.9014748930931091,0.6510434719447892,0.310237995533154,0.7684123360148927,0.741236686706543,0.26894065543556256,1,99,0,disabled,0,0.0,50.0,alpha
1096,1.0270063877105713,-0.4358438551425934,-39.80426788330078,-0.5077921748161316,0.4279743432998657,0.33828526735305786,60,5,75,0.0093794921413064,0.5172413793103449,0.3,97,140,wall,both,1,1,1,1,1,1,0.0,15,15,0,alpha,full,huber,1.952428234420278,8.419536375516392,-1.669386146785538,3.0421803089004404,8.921723743851878,-1.5811967406220468,3.0276062797053305,8.942057158898027,-1.5932052086816388,211.2862006970746,0.0093794921413064,250,2.821708917617798,1.0,1.0,disabled,single,3,row_4,row_5,-0.21716269850730896,-1.1585414409637451,0.676402173892331,0.26385747461396913,0.784333963913715,0.9413787424564362,0.17380474954023484,0,99,0,disabled,0,0.0,50.0,alpha
1100,0.42256543040275574,-0.07378575950860977,-33.18508529663086,-0.3118613660335541,1.1816484928131104,0.019637346267700195,67,8,59,0.012246972881257534,0.528169014084507,0.3,105,134,wall,both,1,1,1,1,1,1,0.0,13,13,0,alpha,full,huber,3.9068834828523595,8.629971047121114,-1.4207737839847012,3.9739157927574267,8.711746725920033,-1.3831170045519,3.495318577731567,8.584072000893904,-1.481164384658606,131.106368494361,0.012246973812580109,250,0.8664183616638184,1.0,1.0,disabled,single,3,row_4,row_3,-0.3118613660335541,-0.49360695481300354,0.5178153679798204,0.4317614158129202,0.8540513586074584,0.18174558877944946,0.3462751666976407,0,99,0,disabled,0,0.0,50.0,alpha
1104,3.1670751571655273,-4.133244037628174,-40.65583038330078,-2.043020486831665,1.23908531665802,0.6457164287567139,54,7,70,0.06791777163743973,0.5338078291814947,0.3,97,131,wall,both,1,1,1,1,1,1,0.0,17,17,0,alpha,full,huber,1.4418109854476011,7.7775428371674975,-2.0303418809093716,3.872395507013513,7.922229554821649,-1.497799401515811,3.7188559056961017,7.863723899007244,-1.5121689511377676,51.90419465393785,0.06791777163743973,80,4.954088926315308,0.6055603854958057,1.0,disabled,single,3,row_4,row_5,-0.4736064374446869,-0.6984803676605225,0.5373629096989034,0.42914709782610183,0.8105346275619414,0.22487393021583557,0.14747516578982478,0,99,0,disabled,0,0.0,50.0,alpha
1108,1.6199272871017456,-1.0843654870986938,-36.96412658691406,-0.578128457069397,1.3276125192642212,0.2137291431427002,60,13,40,0.10924514383077621,0.5703422053231939,0.3,77,113,wall,both,1,1,1,1,1,1,0.0,14,14,0,alpha,full,huber,1.083475918563548,7.4508504092607675,-2.202117364376956,2.357933215871931,7.445289365984665,-1.8119835399331705,3.0496994917350584,7.461900780102255,-1.6668520415197445,18.47018589423941,0.10924514383077621,80,3.7588671445846558,0.7981128048970966,1.0,disabled,single,3,row_5,row_4,-0.578128457069397,-0.7977534532546997,0.5188256224114004,0.41652348346119805,0.8823061561337204,0.21962499618530273,0.07805898284997448,1,100,0,disabled,0,0.0,50.0,alpha
1112,4.064970970153809,-6.359432220458984,-35.039615631103516,-0.16453053057193756,0.619547963142395,0.13932710886001587,94,6,27,0.04678833484649658,0.5415162454873647,0.3,93,127,wall,both,1,1,1,1,1,1,0.0,10,10,0,alpha,full,huber,4.548533675340377,5.653127954035391,-0.8431301847802404,2.6409216122375523,6.171391581061067,-1.7910233028397677,2.7848418660824636,6.189066696128478,-1.7436409862978062,48.57300041559513,0.04678833484649658,80,4.771020174026489,0.6287963350756822,1.0,disabled,single,3,row_3,row_4,-0.16453053057193756,-0.7068018913269043,0.5749871966018008,0.3343125764651437,0.9021997239209301,0.5422713607549667,0.3888769746402344,1,101,0,disabled,0,0.0,50.0,alpha
1116,2.506770133972168,-2.596651554107666,-36.48045349121094,-0.08357473462820053,0.6065040230751038,0.021179616451263428,69,20,49,0.029251618310809135,0.5208333333333334,0.3,103,138,wall,both,1,1,1,1,1,1,0.0,12,12,0,alpha,full,huber,4.487139650835185,6.27992078672579,-1.5835150212110718,3.4718249539411024,5.744202473987478,-1.6573178210984618,3.0892288693758827,5.742651134945885,-1.7050892387544265,73.44293959435453,0.029251618310809135,107,3.6844332218170166,0.8142364970101206,1.0,disabled,single,3,row_3,row_4,-0.08357473462820053,-0.6456471681594849,0.577828148254679,0.3293773551312432,0.9033235572045557,0.5620724335312843,0.4649040412490041,0,101,0,disabled,0,0.0,50.0,alpha
1120,0.5575882196426392,-0.12847298383712769,-34.17618942260742,-0.11182890832424164,0.7093513011932373,0.0016636252403259277,71,24,35,0.02060546912252903,0.5357142857142857,0.3,98,130,wall,both,1,1,1,1,1,1,0.0,13,13,0,alpha,full,huber,4.5912604796169285,4.967927840400219,-1.4350270206422724,4.203858125737403,5.618116231051046,-1.5105261888180668,3.6421681437867655,5.647999103176869,-1.6082279570648481,122.21695181587938,0.02060546912252903,185,1.6205437183380127,1.0,1.0,disabled,single,3,row_3,row_4,-0.11182890832424164,-0.5201675891876221,0.5550240989895906,0.36895432413367457,0.8905325302354117,0.40833868086338043,0.4769148362512854,0,101,0,disabled,0,0.0,50.0,alpha
1124,1.3436142206192017,-0.7459914088249207,-31.445722579956055,-0.310469388961792,1.1748641729354858,0.030249297618865967,89,26,22,0.010988128371536732,0.5226480836236934,0.3,95,137,wall,both,1,1,1,1,1,1,0.0,13,13,0,alpha,full,huber,4.048133106090384,5.3189348850388125,-1.1307478347172508,4.0822363461854625,5.166411381948917,-1.54071274874827,3.8521068300202326,5.137628431009269,-1.5792847724911865,207.44773588983884,0.010988128371536732,250,1.4986916184425354,1.0,1.0,disabled,single,3,row_4,row_3,-0.30940455198287964,-0.310469388961792,0.47962539446472047,0.47911494343047,0.8364749917588962,0.0010648369789123535,0.4253453559884438,1,102,0,disabled,0,0.0,50.0,alpha
1128,0.6441943049430847,-0.17148195207118988,-32.480873107910156,-0.2916679084300995,0.40761598944664,0.24982523918151855,90,26,19,0.011764847673475742,0.5263157894736842,0.3,99,135,wall,both,1,1,1,1,1,1,0.0,13,13,0,alpha,full,huber,5.191364675289515,3.9835522671720414,-0.45273149237596666,4.552936313901864,4.50181734498762,-1.3608133784944827,4.199630138833279,4.479099435281087,-1.4755022077721933,183.38788470394007,0.011764847673475742,250,1.9859986901283264,1.0,1.0,disabled,single,3,row_3,row_4,-0.2916679084300995,-0.9328444600105286,0.5724715318904713,0.3015049568481318,0.9418460731180469,0.6411765515804291,0.26612436231552794,1,103,0,disabled,0,0.0,50.0,alpha
1132,2.07195782661438,-1.7739708423614502,-33.19339370727539,-0.14648693799972534,0.04777323082089424,0.1891164779663086,84,31,14,0.014213267713785172,0.5376344086021506,0.3,87,129,wall,both,1,1,1,1,1,1,0.0,12,12,0,alpha,full,huber,5.365123994041871,4.501262098451764,-0.5500652319906605,4.908432553646705,4.209369361582288,-1.2121855379635025,4.572461026030601,4.151422294958978,-1.3482704441566313,185.7485097629283,0.014213263988494873,250,2.816414952278137,1.0,1.0,disabled,single,3,row_3,row_4,-0.14648693799972534,-1.043061375617981,0.5850629166390207,0.23868506269205625,0.9615027784324915,0.8965744376182556,0.38954894972332976,0,103,0,disabled,0,0.0,50.0,alpha
1136,2.0365986824035645,-1.7139397859573364,-29.782495498657227,-0.16910113394260406,0.8375164270401001,0.05692631006240845,96,0,25,0.01700678840279579,0.5535055350553506,0.3,96,121,wall,both,1,1,1,1,1,1,0.0,11,11,0,alpha,full,huber,5.062946745571738,2.5291660485982526,-1.5274664121880237,4.783396717496711,3.4933183891724604,-1.3723383363258017,4.753879863959146,3.48670964507255,-1.3657799309366707,164.78131524005855,0.01700678840279579,250,3.1154606342315674,0.962939466169809,1.0,disabled,single,3,row_3,row_4,-0.16910113394260406,-0.43363869190216064,0.5307423876051619,0.4073770624024228,0.8742307402708803,0.2645375579595566,0.46437738727186195,0,103,0,disabled,0,0.0,50.0,alpha
1140,1.3994290828704834,-0.8092569708824158,-28.663541793823242,-0.1822749525308609,0.3088224530220032,0.1986578106880188,96,23,5,0.01154563669115305,0.5474452554744526,0.3,96,124,wall,both,1,1,1,1,1,1,0.0,13,13,0,alpha,full,huber,5.375534002012332,3.7989131991693488,-0.5339406343098965,5.122535933723311,3.1890248692997814,-1.229156636158235,4.975773537075134,3.1572093093645495,-1.299886994432712,200.15785375554304,0.011545637622475624,250,2.2163833379745483,1.0,1.0,disabled,single,3,row_3,row_4,-0.1822749525308609,-1.0287399291992188,0.6059925928212408,0.2599275104704338,0.9231574430208973,0.8464649766683578,0.3186125635239234,0,103,0,disabled,0,0.0,50.0,alpha
1144,4.237932205200195,-6.788261890411377,-24.87127685546875,-0.22808441519737244,0.6555562019348145,0.18023031949996948,110,6,12,0.013028549030423164,0.539568345323741,0.3,112,128,wall,both,1,1,1,1,1,1,0.0,14,14,0,alpha,full,huber,4.242614913349282,2.8033729378531054,-1.046219163247021,4.944180881797946,2.8634999177864717,-1.2783503492402726,5.008022792191795,2.8373653483378334,-1.292249807076315,175.0393805283893,0.013028549030423164,250,5.190688371658325,0.5779580250627833,1.0,disabled,single,3,row_4,row_3,-0.15026549994945526,-0.5059958100318909,0.5436688548087091,0.3809278658211851,0.893880920142758,0.3557303100824356,0.4591494403017782,1,104,0,disabled,0,0.0,50.0,alpha
1148,0.4398045241832733,-0.0799289345741272,-29.075075149536133,-0.3077183663845062,1.165771722793579,0.03741270303726196,99,20,23,0.009538003243505955,0.5136986301369862,0.3,116,142,wall,both,1,1,1,1,1,1,0.0,17,17,0,alpha,full,huber,5.046103056412516,1.1568795297233443,-1.5105550532529313,5.1455952425295255,1.8737995357412145,-1.315938497956922,5.20257394226634,1.9158162148132332,-1.3117124488500918,190.13518064050058,0.009538003243505955,250,1.1061489582061768,1.0,1.0,disabled,single,3,row_3,row_4,-0.3077183663845062,-0.4395937919616699,0.5053515811872851,0.44291548002627684,0.8588181879724486,0.1318754255771637,0.3747825251864648,1,105,0,disabled,0,0.0,50.0,alpha
1152,1.829723596572876,-1.383424997329712,-31.113662719726562,-0.19949635863304138,0.947465717792511,0.00151747465133667,102,16,25,0.009998373687267303,0.5119453924914675,0.3,103,143,wall,both,1,1,1,1,1,1,0.0,15,15,0,alpha,full,huber,5.089248813104961,0.3194759420488097,-1.464443351187593,5.079019197228993,1.1834500476431755,-1.4064776097220637,5.223837654236435,1.236318818487469,-1.3620679528560438,182.38438729968615,0.009998373687267303,250,2.2295801639556885,1.0,1.0,disabled,single,3,row_3,row_4,-0.19949635863304138,-0.3758334815502167,0.5220967147577862,0.43769211312002965,0.8301735016511882,0.1763371229171753,0.450406072314412,0,105,0,disabled,0,0.0,50.0,alpha
1156,3.188768148422241,-4.187028408050537,-42.23353576660156,-0.007810480426996946,0.019610900431871414,0.04350435733795166,110,5,14,0.019935647025704384,0.5376344086021506,0.3,89,129,wall,both,1,1,1,1,1,1,0.0,13,13,0,alpha,full,huber,6.338284841181167,1.6551649753952482,-0.8923719653945827,5.360172763199877,0.7913635199347315,-1.338730349807714,5.3382007222535925,0.7957458469121375,-1.3533553662652757,183.39003454391474,0.019935645163059235,250,4.547120809555054,0.6597581471105793,1.0,disabled,single,3,row_3,row_2,-0.007810480426996946,-0.9895085692405701,0.6454298354987147,0.24182598993343118,0.8719543788424072,0.9816980888135731,0.43002829208707816,0,105,0,disabled,0,0.0,50.0,alpha
1160,1.6330747604370117,-1.1020385026931763,-33.3261833190918,-0.05587942153215408,0.4753873348236084,0.03723424673080444,135,0,32,0.012097829952836037,0.47318611987381703,0.3,120,167,wall,both,1,1,1,1,1,1,0.0,10,10,0,alpha,full,huber,4.375201733679755,-0.3761103168926741,-1.8983330905166254,5.15087510530096,-0.06985565773173716,-1.4684274911890645,5.328247024737996,-0.015942406743078605,-1.4158268092284316,165.83350124267528,0.012097829952836037,250,2.6614840030670166,1.0,1.0,disabled,single,3,row_4,row_3,-0.05587942153215408,-0.673318088054657,0.5877590522640374,0.3169925976472783,0.9004974244091993,0.6174386665225029,0.4755587685932603,1,106,0,disabled,0,0.0,50.0,alpha
1164,2.3810081481933594,-2.342644691467285,-23.03664779663086,-0.3238004744052887,1.1080095767974854,0.11176079511642456,115,8,15,0.012975290417671204,0.5208333333333334,0.3,120,138,wall,both,1,1,1,1,1,1,0.0,6,6,0,alpha,full,huber,7.94368675550482,-0.40187172485769795,-0.630328419002343,5.529814390384441,-1.658822747047726,-1.4370784425718126,5.553776590256575,-1.635898752447034,-1.4397375885895498,198.82090990516207,0.012975290417671204,250,3.2527387142181396,0.9222997183532184,1.0,disabled,single,3,row_2,row_3,-0.3238004744052887,-0.9047070145606995,0.605691305189464,0.33881828077647447,0.8308375529184879,0.5809065401554108,0.17758434567157722,1,107,0,disabled,0,0.0,50.0,alpha
1168,0.3492391109466553,-0.05039998143911362,-32.692596435546875,-0.19427388906478882,0.9349690675735474,0.001886606216430664,103,8,30,0.009374797344207764,0.5154639175257733,0.3,112,141,wall,both,1,1,1,1,1,1,0.0,6,6,0,alpha,full,huber,4.822989167057491,-0.7391222118162835,-1.5631543364263156,5.381406529489176,-1.9206596930950954,-1.4701385245627183,5.488290187700412,-1.9353079179078012,-1.456281163879381,196.6369349283465,0.009374798275530338,250,1.8836005330085754,1.0,1.0,disabled,single,3,row_4,row_3,-0.19427388906478882,-0.39617133140563965,0.5189402713833657,0.4240669527362037,0.8674738259983136,0.20189744234085083,0.46169259741389357,1,108,0,disabled,0,0.0,50.0,alpha
1172,0.38303762674331665,-0.060627199709415436,-32.64407730102539,-0.17068852484226227,0.8720943927764893,0.020274102687835693,92,0,53,0.011624565348029137,0.5084745762711864,0.3,120,145,wall,both,1,1,1,1,1,1,0.0,6,6,0,alpha,full,huber,5.319197219036189,-3.7206525893806925,-1.4868494287337801,5.408384295098054,-2.9674739047472625,-1.5234118859473424,5.494581068383078,-2.8534469007894954,-1.502483064411931,178.32519491351542,0.011624566279351711,250,1.3479020595550537,1.0,1.0,disabled,single,3,row_4,row_3,-0.17068852484226227,-0.5238677263259888,0.5521713289996816,0.3878734688625637,0.8640019247779515,0.3531792014837265,0.42320837739764816,0,108,0,disabled,0,0.0,50.0,alpha
1176,3.06260347366333,-3.8742239475250244,-30.177682876586914,-0.33200016617774963,1.1734416484832764,0.07982438802719116,106,4,22,0.013655709102749825,0.5319148936170213,0.3,100,132,wall,both,1,1,1,1,1,1,0.0,5,5,0,alpha,full,huber,5.311371761309734,-2.62458730914566,-1.687409148364003,5.449435622984547,-3.495841573014346,-1.5187420616375444,5.499440187381735,-3.5755789219920473,-1.5161584986135954,188.08719346276257,0.013655710965394974,250,4.155717372894287,0.7218970230188254,1.0,disabled,single,3,row_4,row_3,-0.3082689046859741,-0.4456622302532196,0.5111231978059411,0.4455089458476251,0.8393384050986068,0.13739332556724548,0.3628757215536136,0,108,0,disabled,0,0.0,50.0,alpha
1180,0.606360912322998,-0.15193122625350952,-35.343814849853516,-0.10464735329151154,0.6308257579803467,0.06303107738494873,108,22,16,0.01185561716556549,0.5067567567567568,0.3,120,146,wall,both,1,1,1,1,1,1,0.0,2,2,0,alpha,full,huber,7.399302356645078,-2.8805014262089523,-1.0930234906522718,5.681292676755378,-3.954507411702488,-1.3882953213493923,5.604755400053701,-4.028132809832916,-1.4233111314778546,201.96360892164805,0.01185561716556549,250,1.9700823426246643,1.0,1.0,disabled,single,3,row_3,row_2,-0.10464735329151154,-0.7685197591781616,0.607883776242234,0.31297123967946255,0.8668976032588214,0.6638724058866501,0.393124219493707,1,109,0,disabled,0,0.0,50.0,alpha
1184,0.1839226931333542,-0.013978330418467522,-30.3786563873291,-0.15296010673046112,0.8172261118888855,0.03337717056274414,112,9,27,0.014413617551326752,0.5033557046979865,0.3,120,148,wall,both,1,1,1,1,1,1,0.0,2,2,0,alpha,full,huber,5.486338070982382,-4.489172448961174,-2.0845632489414605,5.581854810872943,-4.556134101595431,-1.5494898903506733,5.635771646351031,-4.577980345561675,-1.495047753030292,158.8345320512643,0.014413619413971901,235,0.5008934140205383,1.0,1.0,disabled,single,3,row_4,row_3,-0.15296010673046112,-0.536920428276062,0.5670752629109778,0.386268109362272,0.8321080606945346,0.3839603215456009,0.4143031385128749,1,110,0,disabled,0,0.0,50.0,alpha
1188,0.23881398141384125,-0.023566991090774536,0.0,-0.11172482371330261,0.7089247703552246,0.0031942129135131836,0,0,0,0.024502653628587723,0.5,0.3,0,0,wall,both,1,1,1,1,1,1,0.0,0,0,0,alpha,full,huber,6.300028621464518,-5.97099574661548,-1.3950624567141836,5.790308584110334,-5.812554421738954,-1.4675916977342123,5.758540945978111,-5.7948004123249675,-1.469796265018459,65.39383595631321,0.024502653628587723,87,0.9087627530097961,1.0,1.0,disabled,single,3,row_3,row_4,-0.11172482371330261,-0.3625073730945587,0.5470696776051351,0.4257250120812078,0.7915911048035719,0.2507825493812561,0.49145427959694876,1,111,0,disabled,0,0.0,50.0,alpha
1192,1.812453031539917,-1.357432246208191,0.0,-0.06754135340452194,0.5117560625076294,0.04784291982650757,0,0,0,0.017604706808924675,0.5,0.3,0,0,wall,both,1,1,1,1,1,1,0.0,0,0,0,alpha,full,huber,5.881789959653706,-7.146756319561639,-1.5617745335769104,5.9017400820547925,-6.595428244053943,-1.4020585451311853,5.862562794686588,-6.515034517911509,-1.4396472332315897,106.16971781861052,0.017604706808924675,133,2.5491793155670166,1.0,1.0,disabled,single,3,row_4,row_3,-0.06754135340452194,-0.3745044469833374,0.5374514343439158,0.3953910628333899,0.881961365003408,0.30696309357881546,0.5533755243670236,1,112,0,disabled,0,0.0,50.0,alpha
1196,1.3524396419525146,-0.75582355260849,0.0,-0.021245818585157394,0.007042717654258013,0.0721285343170166,0,0,0,0.019773181527853012,0.5,0.3,0,0,wall,both,1,1,1,1,1,1,0.0,0,0,0,alpha,full,huber,6.976785309909706,-5.675845359835096,-1.0928781001974879,6.152770178097477,-6.740388387156548,-1.3258494893386588,6.033177631016246,-6.821115092054418,-1.3765011675442589,141.15201191483945,0.019773181527853012,185,2.5830440521240234,1.0,1.0,disabled,single,3,row_3,row_4,-0.021245818585157394,-0.9025509357452393,0.6543299942201938,0.271050916056297,0.8250361550426841,0.8813051171600819,0.402897657878276,1,113,0,disabled,0,0.0,50.0,alpha
1200,6.32565975189209,-11.964445114135742,0.0,-0.21995076537132263,0.9865170121192932,0.0300290584564209,0,0,0,0.007952001877129078,0.5,0.3,0,0,wall,both,1,1,1,1,1,1,0.0,0,0,0,alpha,full,huber,5.4019650884842445,-8.228442427985154,-1.4968814073589034,6.130490234121109,-7.625212128850167,-1.3426609352897985,6.151163108945002,-7.575486164023982,-1.3504124702389488,206.41221951054737,0.007952000945806503,240,7.021479845046997,0.42726035909883325,1.0,disabled,single,3,row_4,row_3,-0.21995076537132263,-1.0397313833236694,0.5997842876299045,0.2642219453411091,0.9295986873329565,0.8197806179523468,0.291234443654525,1,114,0,disabled,0,0.0,50.0,alpha
1204,3.209685802459717,-4.238890171051025,0.0,-0.10680271685123444,0.6543411016464233,0.053437888622283936,0,0,0,0.017884496599435806,0.5,0.3,0,0,wall,both,1,1,1,1,1,1,0.0,0,0,0,alpha,full,huber,7.8348478710894485,-6.862643019209731,-0.9320484233013189,6.728090445117919,-8.073613924303961,-1.1821900745096265,6.524666787308286,-8.204154804212179,-1.2583417460905955,174.43716963103503,0.017884496599435806,250,5.24760103225708,0.571689802932608,1.0,disabled,single,3,row_3,row_4,-0.10680271685123444,-1.3826721906661987,0.675833161601358,0.1886845870526656,0.8502802251095573,1.2758694738149643,0.2850063189135092,1,115,0,disabled,0,0.0,50.0,alpha
1208,0.38538599014282227,-0.06137287616729736,0.0,-0.19060330092906952,0.8646054267883301,0.07744848728179932,0,0,0,0.008213715627789497,0.5,0.3,0,0,wall,both,1,1,1,1,1,1,0.0,0,0,0,alpha,full,huber,8.024374234462458,-7.314324391490967,-0.8642858268147391,7.319127680376673,-8.180373484182441,-0.9753237202288616,6.991851915850601,-8.408817914252399,-1.0620906354375386,198.30345630272788,0.008213715627789497,250,1.7218639254570007,1.0,1.0,disabled,single,3,row_3,row_4,-0.19060330092906952,-1.5785577297210693,0.6810376721090673,0.16997701034431556,0.8464813953823465,1.3879544287919998,0.19353435462438107,0,115,0,disabled,0,0.0,50.0,alpha
1212,1.0052847862243652,-0.4176022708415985,0.0,-0.3860335946083069,1.0193719863891602,0.1949460506439209,0,0,0,0.010096977464854717,0.5,0.3,0,0,wall,both,1,1,1,1,1,1,0.0,0,0,0,alpha,full,huber,7.530835514864638,-8.004899748444174,-0.625410677094651,7.5292202946161275,-8.841204445212941,-0.4912779208645305,7.479082427803978,-9.016909577087775,-0.5043423353779408,199.81629107515374,0.010096977464854717,250,2.020080327987671,1.0,1.0,disabled,single,3,row_3,row_4,-0.3860335946083069,-1.3048055171966553,0.6743024014540432,0.26905256099512864,0.7815771778579319,0.9187719225883484,0.008043007236635313,0,115,0,disabled,0,0.0,50.0,alpha
1216,0.3300529718399048,-0.04501444846391678,0.0,-0.7572130560874939,1.361619234085083,0.2908209562301636,0,0,0,0.010988800786435604,0.5,0.3,0,0,wall,both,1,1,1,1,1,1,0.0,0,0,0,alpha,full,huber,7.997205254389122,-8.146347765116237,-0.4779774235118266,8.037981516656192,-8.852520855927022,0.001489976811887314,7.9827374988340996,-9.058466403591265,-0.05931565268951555,195.9577961624402,0.010988800786435604,250,1.4434767961502075,1.0,1.0,disabled,single,3,row_3,row_4,-0.7572130560874939,-2.034968614578247,0.6922369666603027,0.19290016511616628,0.8206216654751528,1.2777555584907532,-0.3893861114751114,0,115,0,disabled,0,0.0,50.0,alpha
1220,1.3683247566223145,-0.7736829519271851,-31.204044342041016,-2.6482975482940674,1.9462450742721558,0.6652852296829224,42,0,35,0.011121156625449657,0.6607929515418502,0.3,77,77,wall,both,1,1,1,1,1,1,0.0,1,1,0,alpha,full,huber,8.611136523094887,-8.38443127023486,-0.030946978690070015,8.72182768620585,-8.788411933479583,0.41219939580937287,8.595413686645237,-8.93787758516396,0.379509108106276,195.30260154973007,0.011121156625449657,250,1.376744031906128,1.0,1.0,disabled,single,3,row_3,row_2,-2.6482975482940674,-2.9209394454956055,0.47078157522148084,0.3584367956894692,1.0242599547091056,0.2726418972015381,-1.8949365088886725,0,115,0,disabled,0,0.0,50.0,alpha
1224,0.9629496932029724,-0.38317030668258667,-37.664947509765625,-0.20366966724395752,0.9567862749099731,0.0076451897621154785,47,10,61,0.04867006093263626,0.5597014925373135,0.3,99,118,wall,both,1,1,1,1,1,1,0.0,2,2,0,alpha,full,huber,9.271778642845533,-7.026727976501711,1.1037340030576237,9.377747263909711,-8.103976514099784,1.2129567133538866,9.26482342461292,-8.409951622015654,1.1431685069833657,115.95097991043167,0.04867006465792656,250,2.2676953077316284,1.0,1.0,disabled,single,3,row_2,row_3,-0.20366966724395752,-1.2016124725341797,0.6881392335373209,0.2536735962502873,0.7706571246196358,0.9979428052902222,0.1700944199522566,1,116,0,disabled,0,0.0,50.0,alpha
1228,2.6754648685455322,-2.957897663116455,-36.491294860839844,-0.3136501908302307,1.1877931356430054,0.005587160587310791,43,24,61,0.012582128867506981,0.539568345323741,0.3,101,128,wall,both,1,1,1,1,1,1,0.0,3,3,0,alpha,full,huber,9.040690433384615,-7.023321313883718,1.121708990561519,9.421825229014235,-7.931252514016636,1.3713015943959574,9.3968777259552,-8.053096757038869,1.352775433984629,210.96214210966275,0.012582128867506981,250,2.1977105140686035,1.0,1.0,disabled,single,3,row_2,row_3,-0.3136501908302307,-0.9758740067481995,0.6314881858394048,0.3256604967193892,0.7906209175015224,0.6622238159179688,0.1460258546291462,0,116,0,disabled,0,0.0,50.0,alpha
1232,2.5885305404663086,-2.7687978744506836,-45.73466873168945,-0.22207728028297424,0.919270396232605,0.09165269136428833,14,7,102,0.028038842603564262,0.5494505494505495,0.3,98,123,wall,both,1,1,1,1,1,1,0.0,10,10,0,alpha,full,huber,7.468667832338915,-7.919661991030711,2.312632938241828,9.256566804665741,-7.715494390948224,1.6731626491758302,9.373632943279386,-7.67254962067218,1.6686689082995665,154.08754713827832,0.028038842603564262,250,3.803101062774658,0.788829944427316,1.0,disabled,single,3,row_3,row_4,-0.22207728028297424,-1.1038448810577393,0.6709407424926974,0.2778032752105982,0.7758550058662218,0.881767600774765,0.17699717785868524,1,117,0,disabled,0,0.0,50.0,alpha
1236,4.080188274383545,-6.397160530090332,-44.79357147216797,-0.7639610171318054,1.8224681615829468,0.07961910963058472,31,0,86,0.019383087754249573,0.5617977528089888,0.3,104,117,wall,both,1,1,1,1,1,1,0.0,8,8,0,alpha,full,huber,9.625803909378176,-8.793540398612043,1.6292100454350598,9.347352664413592,-7.672302140102104,1.852853492090845,9.341710691244486,-7.481135302051555,1.900052599933007,164.31212577054802,0.019383085891604424,250,5.5778889656066895,0.537837884278089,1.0,disabled,single,3,row_2,row_3,-0.7639610171318054,-1.9906476736068726,0.7126302314073787,0.20898782985029182,0.7681730582566868,1.2266866564750671,-0.42516841451271303,1,118,0,disabled,0,0.0,50.0,alpha
1240,1.8827112913131714,-1.4647115468978882,-39.77335739135742,-0.735720694065094,1.0551167726516724,0.3458903431892395,54,6,100,0.012560481205582619,0.48387096774193555,0.3,114,160,wall,both,1,1,1,1,1,1,0.0,11,11,0,alpha,full,huber,9.18678730593708,-7.2473846108207844,2.0852584202292554,9.070044202067734,-6.636691810483147,2.310326530245637,8.978282682562588,-6.392836012122768,2.3716313390115227,188.8674566018597,0.012560481205582619,250,2.8549435138702393,1.0,1.0,disabled,single,3,row_2,row_3,-0.6631063222885132,-0.8843973278999329,0.5174749675043021,0.41474760163842445,0.8883473859952593,0.22129100561141968,-0.004312195303575628,0,118,0,disabled,0,0.0,50.0,alpha
1244,1.1687253713607788,-0.5644293427467346,-33.36170196533203,-0.9297313690185547,0.7479687929153442,0.4442126154899597,103,11,37,0.017552722245454788,0.4983388704318937,0.3,120,151,wall,both,1,1,1,1,1,1,0.0,11,11,0,alpha,full,huber,6.193601891172307,-5.271544153926568,2.648068095116434,8.220353963541282,-5.741121847305706,2.2917565854562962,8.200548364488661,-5.6803342611626615,2.3191108033654544,204.86915146251894,0.017552722245454788,250,3.5714218616485596,0.8400015781432237,1.0,disabled,single,3,row_4,row_3,-0.566408097743988,-0.9085193872451782,0.5636322706588398,0.4003306165048319,0.8094076185873118,0.3421112895011902,0.0069451447640197506,1,119,0,disabled,0,0.0,50.0,alpha
1248,1.435215711593628,-0.8511753082275391,-33.84421920776367,-0.371854305267334,1.2824190855026245,0.03956061601638794,122,6,20,0.014978130348026752,0.5033557046979865,0.3,96,148,wall,both,1,1,1,1,1,1,0.0,12,12,0,alpha,full,huber,7.986999813781896,-2.198278089331104,1.837145815786192,7.4099548195269325,-3.2535117386728865,2.1917233846002118,6.833509309847933,-3.4202978838252696,2.295637485886754,168.85778442961765,0.014978130348026752,250,3.1854788064956665,0.9417736491866003,1.0,disabled,single,3,row_2,row_3,-0.371854305267334,-0.37397462129592896,0.4831670248973645,0.4821436434394451,0.8197844532624529,0.0021203160285949707,0.35553857259885346,1,120,0,disabled,0,0.0,50.0,alpha
1252,1.4566577672958374,-0.8767983317375183,-18.559955596923828,-0.38386857509613037,1.3141748905181885,0.004383265972137451,86,5,13,0.011592584662139416,0.5905511811023622,0.3,89,104,wall,both,1,1,1,1,1,1,0.0,9,9,0,alpha,full,huber,7.411560308593912,0.2022648400461522,1.8529347591564642,6.547582986749375,-0.6535072533139805,2.112255295235238,5.745209023867572,-0.9695327328196638,2.233671383728188,172.3631223439758,0.011592584662139416,250,3.6133800745010376,0.8302475627101759,1.0,disabled,single,3,row_2,row_3,-0.38386857509613037,-0.4185173511505127,0.48708934317487457,0.47050133028792596,0.8391345391324448,0.034648776054382324,0.3354391414182084,0,120,0,disabled,0,0.0,50.0,alpha
1256,1.4649831056594849,-0.8868493437767029,-19.23601722717285,-0.1535395085811615,0.7084980607032776,0.10142844915390015,102,4,18,0.012579206377267838,0.5474452554744526,0.3,107,124,wall,both,1,1,1,1,1,1,0.0,13,13,0,alpha,full,huber,9.831871980231254,-0.13205204462318287,1.959211656459031,7.055309920059557,0.1018449286414655,1.9908841450951809,6.220976464811688,-0.2042064675157826,2.127046684805795,172.86597533360282,0.012579206377267838,250,2.7802926301956177,1.0,1.0,disabled,single,3,row_2,row_1,-0.11158061772584915,-0.5558211207389832,0.5903487885007549,0.3785972693162678,0.7866834709884916,0.444240503013134,0.4154611320764361,0,120,0,disabled,0,0.0,50.0,alpha
1260,1.0311423540115356,-0.43936142325401306,-24.124618530273438,-0.09060364216566086,0.5909627676010132,0.05642586946487427,107,9,21,0.012279740534722805,0.5226480836236934,0.3,94,137,wall,both,1,1,1,1,1,1,0.0,10,10,0,alpha,full,huber,6.920705274883135,1.5147990818533257,1.6941692709672722,6.894519565016952,1.1007760372243014,1.7225108194727692,6.293164644488368,0.8738390507698673,1.8438251185340633,160.88239456303305,0.012279740534722805,250,1.2864062190055847,1.0,1.0,disabled,single,3,row_3,row_2,-0.08214876055717468,-0.5021791458129883,0.5709318069840756,0.3751175298948767,0.8453266576228253,0.4200303852558136,0.4783367432493447,1,121,0,disabled,0,0.0,50.0,alpha
1264,1.2388859987258911,-0.6342307925224304,-32.306270599365234,-0.028490789234638214,0.34285011887550354,0.024093687534332275,83,8,22,0.014392097480595112,0.5703422053231939,0.3,71,113,wall,both,1,1,1,1,1,1,0.0,13,13,0,alpha,full,huber,8.688723973503174,2.098587154123809,1.9792299100069357,7.0534594169743565,2.0683672308302907,1.6107650383423697,6.571886210665214,1.8333101883443577,1.7046965207220186,186.3518745823783,0.014392099343240261,250,2.723655343055725,1.0,1.0,disabled,single,3,row_2,row_3,-0.028490789234638214,-1.2830625772476196,0.6414730022558565,0.18294678346617096,0.9010022634002214,1.2545717880129814,0.41549739191513435,1,122,0,disabled,0,0.0,50.0,alpha
1268,3.8445475101470947,-5.812928199768066,-33.7971076965332,-0.09633595496416092,0.6582236886024475,0.003714144229888916,91,6,29,0.02285172790288925,0.5434782608695653,0.3,83,126,wall,both,1,1,1,1,1,1,0.0,5,5,0,alpha,full,huber,9.026254207439235,2.012228662939944,1.8454845290987318,7.2917046123337474,2.2884153462187014,1.5771913839757097,6.895125561076711,2.333083684239816,1.6448034815111754,129.03280495521693,0.02285172790288925,250,5.438410043716431,0.5516318144245517,1.0,disabled,single,3,row_2,row_1,-0.09633595496416092,-0.9726077318191528,0.6138517408607087,0.2555662464750199,0.9140558987670833,0.8762717768549919,0.39166588942429464,0,122,0,disabled,0,0.0,50.0,alpha
1272,0.9700965285301208,-0.38887903094291687,-17.807161331176758,-0.22352151572704315,0.9988460540771484,0.021069109439849854,124,0,13,0.01099416147917509,0.5226480836236934,0.3,119,137,wall,both,1,1,1,1,1,1,0.0,6,6,0,alpha,full,huber,6.8143056687519294,3.095957726358846,1.7475302740080458,7.2798993736525865,3.230499833721653,1.507465142813087,7.058804223553068,3.168995030419701,1.5657941045360282,199.7701493379755,0.010994162410497665,250,1.0699654817581177,1.0,1.0,disabled,single,3,row_3,row_2,-0.22352151572704315,-0.5218468308448792,0.5350481287359312,0.39703775939322233,0.88402738204317,0.298325315117836,0.4018770601511912,1,123,0,disabled,0,0.0,50.0,alpha
1276,0.5407596826553345,-0.12083514034748077,-22.763166427612305,-0.12770028412342072,0.7262268662452698,0.05071759223937988,102,6,18,0.0109117291867733,0.5434782608695653,0.3,115,126,wall,both,1,1,1,1,1,1,0.0,7,7,0,alpha,full,huber,6.629251758160535,2.8254575463731317,1.633317619835501,6.99913867901017,3.626803222826566,1.577819506366819,7.0304338282763315,3.6902421537227084,1.5645092668252536,181.61273108852336,0.0109117291867733,250,1.8993313312530518,1.0,1.0,disabled,single,3,row_3,row_2,-0.12770028412342072,-0.6349249482154846,0.5682625688498301,0.34218752890544707,0.9042068463211488,0.5072246640920639,0.4374714138491963,0,123,0,disabled,0,0.0,50.0,alpha
1280,0.23452544212341309,-0.022728174924850464,-19.62657356262207,-0.2021799087524414,0.9164422750473022,0.06170910596847534,123,0,16,0.010039844550192356,0.5190311418685121,0.3,120,139,wall,both,1,1,1,1,1,1,0.0,5,5,0,alpha,full,huber,6.4996733475000426,4.286630890743819,1.6132498546999754,6.586826547792055,4.317860267058833,1.6967037041349764,6.810720098553183,4.336461429628195,1.631034551630333,170.9337451282374,0.010039844550192356,250,0.8650906085968018,1.0,1.0,disabled,single,3,row_3,row_2,-0.2021799087524414,-0.5244693756103516,0.5389031397382009,0.39042909748847754,0.8876154493620937,0.32228946685791016,0.4160395191090337,0,123,0,disabled,0,0.0,50.0,alpha
1284,0.9202184677124023,-0.3499182164669037,-22.922870635986328,-0.16060735285282135,0.7376865744590759,0.09859585762023926,116,5,17,0.009863486513495445,0.5208333333333334,0.3,101,138,wall,both,1,1,1,1,1,1,0.0,5,5,0,alpha,full,huber,6.431034481743246,3.9871228593569428,1.518596566386071,6.400357122307328,4.573686488230447,1.7596317666221628,6.597720858779768,4.584697523341653,1.694239576363631,178.35463826906354,0.009863486513495445,250,1.0854085683822632,1.0,1.0,disabled,single,3,row_3,row_2,-0.1469152420759201,-0.7174970507621765,0.5887096652298461,0.33273664629788957,0.877894598137955,0.5705818086862564,0.3829069030861927,0,123,0,disabled,0,0.0,50.0,alpha
1288,4.378316879272461,-7.136322975158691,-26.196720123291016,-0.17423725128173828,0.8449007272720337,0.061826884746551514,117,13,17,0.022751830518245697,0.5050505050505051,0.3,114,147,wall,both,1,1,1,1,1,1,0.0,6,6,0,alpha,full,huber,6.5254051021345605,4.039365211107671,1.6129094387756382,6.394989222056884,4.623858373065286,1.7772275802128574,6.476424071818868,4.764915553528862,1.731933176440192,114.1116757124364,0.022751830518245697,169,5.15670108795166,0.5817672866494686,1.0,disabled,single,3,row_3,row_2,-0.17423725128173828,-0.6331515908241272,0.5692583282391156,0.3597538312582636,0.8763014489175388,0.4589143395423889,0.3891836926674951,0,123,0,disabled,0,0.0,50.0,alpha
1292,0.5345368385314941,-0.118070088326931,-32.62664794921875,-0.034265439957380295,0.3591090738773346,0.03706634044647217,120,7,8,0.016377799212932587,0.5263157894736842,0.3,110,135,wall,both,1,1,1,1,1,1,0.0,5,5,0,alpha,full,huber,5.801780889166679,4.511511341126513,2.2395127343866488,6.267200968014267,4.952083547602981,1.9023592915829621,6.339182296751966,5.0592439343763616,1.8369410439817493,139.8774607101267,0.016377799212932587,175,1.3350212574005127,1.0,1.0,disabled,single,3,row_3,row_2,-0.034265439957380295,-0.9088873863220215,0.5960050494796734,0.24854581455401992,0.9438026082753732,0.8746219463646412,0.48324069971396544,0,123,0,disabled,0,0.0,50.0,alpha
1296,4.170074462890625,-6.620019435882568,-25.442846298217773,-0.350929319858551,1.070674180984497,0.15351110696792603,120,17,12,0.018758423626422882,0.5016722408026756,0.3,120,149,wall,both,1,1,1,1,1,1,0.0,5,5,0,alpha,full,huber,6.7391649098640825,4.753360190833274,1.620406009092533,6.305604130531144,5.126240475219052,1.8805997068838982,6.275212554572212,5.26581113007984,1.855864962565084,129.06779930829998,0.018758423626422882,180,4.844337224960327,0.6192797612318512,1.0,disabled,single,3,row_2,row_3,-0.2557307183742523,-0.39994725584983826,0.5116843850089253,0.4429653108765139,0.8438271920119047,0.14421653747558594,0.4143165611723172,1,124,0,disabled,0,0.0,50.0,alpha
1300,1.5890496969223022,-1.0434211492538452,-34.01162338256836,-0.05005994066596031,0.3797943890094757,0.06641846895217896,112,16,16,0.011020397767424583,0.5102040816326531,0.3,120,144,wall,both,1,1,1,1,1,1,0.0,3,3,0,alpha,full,huber,5.516947857971742,5.907965373838473,2.13077219556204,6.035896814030032,5.678915475666636,1.9305943037074162,6.073371882942833,5.7528026970801545,1.889003221895214,189.03352265765838,0.011020398698747158,218,2.3256425857543945,1.0,1.0,disabled,single,3,row_3,row_2,-0.05005994066596031,-0.866945743560791,0.6114029159141668,0.2701210996837857,0.9070817203658765,0.8168858028948307,0.4419391596294565,1,125,0,disabled,0,0.0,50.0,alpha
1304,3.5877909660339355,-5.1763410568237305,-26.560691833496094,-0.1335589438676834,0.7444475293159485,0.05048477649688721,111,5,9,0.015675127506256104,0.5454545454545454,0.3,120,125,wall,both,1,1,1,1,1,1,0.0,1,1,0,alpha,full,huber,6.862776301716938,5.484292535070219,1.477914836819215,6.286248745953105,6.067961254843638,1.7697396898081588,6.109417787718044,6.124080841754257,1.8278822434144253,164.32690153249783,0.015675129368901253,250,4.634646654129028,0.6472985372740954,1.0,disabled,single,3,row_2,row_3,-0.1335589438676834,-0.589292049407959,0.5839146414802392,0.37019196845632446,0.8234359995094971,0.4557331055402756,0.40444152481781614,1,126,0,disabled,0,0.0,50.0,alpha
1308,0.837538480758667,-0.2898639440536499,-36.94618225097656,-0.7036362290382385,0.17154762148857117,0.41326582431793213,105,3,24,0.01591631956398487,0.5319148936170213,0.3,120,132,wall,both,1,1,1,1,1,1,0.0,1,1,0,alpha,full,huber,5.476036464520136,6.968661537068048,2.252871683512941,6.009849004376867,7.2825635409730545,1.9829100801472777,5.886888483005286,7.360387685939041,2.0007337645810797,133.53820497499026,0.01591631956398487,159,1.7225080728530884,1.0,1.0,disabled,single,3,row_3,row_2,-0.22856777906417847,-0.9571853876113892,0.58940205425754,0.28443107215782915,0.9303748416452688,0.7286176085472107,0.30007894428358706,1,127,0,disabled,0,0.0,50.0,alpha
1312,1.2679568529129028,-0.664344847202301,0.0,-0.03497403487563133,0.39669859409332275,0.0008535385131835938,0,0,0,0.010363681241869926,0.5,0.3,0,0,wall,both,1,1,1,1,1,1,0.0,0,0,0,alpha,full,huber,5.060613934246839,10.260147611646078,2.488628848737357,5.3930415511708745,9.632918973643147,2.007157555995576,5.138134819636829,9.591049439603353,2.0525278764854793,194.8950368346107,0.010363681241869926,250,2.394379496574402,1.0,1.0,disabled,single,3,row_3,row_2,-0.03497403487563133,-0.9639630913734436,0.6592077961566576,0.260355954041538,0.8277878985361268,0.9289890564978123,0.38174243888721987,0,127,0,disabled,0,0.0,50.0,alpha
1316,2.3434019088745117,-2.269228219985962,-22.49645233154297,-0.3568119704723358,1.1160204410552979,0.14002960920333862,61,0,21,0.01075233519077301,0.646551724137931,0.3,82,82,wall,both,1,1,1,1,1,1,0.0,2,2,0,alpha,full,huber,6.111639281696311,10.407234460373097,1.6977247255490635,5.548160499405935,10.6468133413215,1.9130330204491661,5.106508781487383,10.571557021628093,2.0014835907201487,189.14491202093623,0.01075233519077301,250,3.2347588539123535,0.9274261654378289,1.0,disabled,single,3,row_3,row_2,-0.3104831576347351,-0.3568119704723358,0.4882090052383054,0.4661067992226887,0.8468313070918434,0.04632881283760071,0.4065285177612338,0,127,0,disabled,0,0.0,50.0,alpha
1320,1.9954408407211304,-1.6453653573989868,-29.163101196289062,-1.7793726921081543,1.2045105695724487,0.597457766532898,33,0,34,0.018867865204811096,0.6912442396313364,0.3,67,67,wall,both,1,1,1,1,1,1,0.0,2,2,0,alpha,full,huber,6.968369385628954,11.101029895771255,1.0768055229604228,5.857232267258372,11.771813132884807,1.4577990129452831,5.2309910582929575,11.717724409137073,1.560678309723282,154.19717942011246,0.018867865204811096,250,3.841011643409729,0.7810442348299811,1.0,disabled,single,3,row_2,row_3,-0.6256934404373169,-1.2167056798934937,0.548349471543236,0.3036575438784606,0.9741413043788556,0.5910122394561768,-0.024850966939288566,1,128,0,disabled,0,0.0,50.0,alpha
1324,2.5463831424713135,-2.6793665885925293,-34.028175354003906,-4.161779403686523,2.7530906200408936,0.7790852785110474,32,0,44,0.015857964754104614,0.663716814159292,0.3,76,76,wall,both,1,1,1,1,1,1,0.0,1,1,0,alpha,full,huber,6.394478348282131,12.563648635152255,0.8852654644999145,6.583440603890414,12.723477123515647,0.7486173262373849,5.912678237759692,12.76045163085594,0.8375136929845581,150.68992039619056,0.015857964754104614,250,2.8699830770492554,1.0,1.0,disabled,single,3,row_2,row_3,-2.4220874309539795,-2.579691171646118,0.489778193838485,0.41836275131455547,0.9334824365093862,0.15760374069213867,-1.7082847749567525,0,128,1,disabled,0,0.0,50.0,alpha
1328,1.664786696434021,-1.1452540159225464,-43.44762420654297,-4.002255916595459,2.237997055053711,0.8413444757461548,24,0,76,0.025716811418533325,0.6000000000000001,0.3,100,100,wall,both,1,1,1,1,1,1,0.0,1,1,0,alpha,full,huber,7.4868049651111495,12.11037180031681,0.503184410400177,6.7762487147263375,12.739722628172247,0.589549116574026,6.4626692179072975,12.881303413257232,0.5983980164662523,111.34184123847535,0.025716811418533325,250,2.526909351348877,1.0,1.0,disabled,single,3,row_1,row_2,-2.2396013736724854,-2.416593074798584,0.4839400988139812,0.40543859637623814,0.9608136893087189,0.17699170112609863,-1.5138072309667043,1,129,0,disabled,0,0.0,50.0,alpha
1332,0.2389773577451706,-0.023599248379468918,0.0,-2.071131706237793,3.0203328132629395,0.10374325513839722,0,0,0,0.0077386233024299145,0.5,0.3,0,0,wall,both,1,1,1,1,1,1,0.0,0,0,0,alpha,full,huber,7.03984438107222,12.924212001641752,-0.44874344496352814,7.074962700858622,12.956356806362187,0.14475764742532257,6.935516601185325,13.032484540305695,0.16921607667200256,207.23593486513838,0.0077386233024299145,250,0.6970888674259186,1.0,1.0,disabled,single,3,row_2,row_3,-2.071131706237793,-3.0714688301086426,0.7098372745092049,0.2610465200198426,0.6968436657332897,1.0003371238708496,-1.7284121801906789,1,130,1,disabled,0,0.0,50.0,alpha
1336,1.657379388809204,-1.1350853443145752,0.0,-1.7770135402679443,2.2173733711242676,0.4094861149787903,0,0,0,0.011421040631830692,0.5,0.3,0,0,wall,both,1,1,1,1,1,1,0.0,0,0,0,alpha,full,huber,8.56746013216478,11.946951172894897,-1.3111141273753004,7.633078876538827,12.780318119983228,-0.4639588641762969,7.474331234798255,12.938868535465726,-0.3500356812933818,196.48510957291631,0.011421040631830692,250,3.1871070861816406,0.9412925009665091,1.0,disabled,single,3,row_2,row_1,-1.4263195991516113,-1.4715492725372314,0.4836344347398422,0.46224712368450416,0.8658609824834398,0.04522967338562012,-0.6998936413789653,0,130,0,disabled,0,0.0,50.0,alpha
1340,0.04341427609324455,-0.0007788427174091339,-43.910240173339844,-3.9497406482696533,3.1293628215789795,0.6591789126396179,14,0,51,0.016711411997675896,0.6976744186046512,0.3,51,65,wall,both,1,1,1,1,1,1,0.0,3,3,0,alpha,full,huber,9.054776273740906,13.379329455200075,-1.0272087580792313,8.762410291271596,12.62347605396271,-1.1352040329864759,8.699094501787616,12.56916810018226,-1.1607216894346695,134.00825025060223,0.016711411997675896,250,1.2852022051811218,1.0,1.0,disabled,single,3,row_1,row_2,-3.40647029876709,-3.525311231613159,0.5159084038255821,0.45810036832159884,0.7939333274812456,0.11884093284606934,-2.744644257543476,1,131,1,disabled,0,0.0,50.0,alpha
1344,2.016615867614746,-1.6804709434509277,-45.9241828918457,-2.388340950012207,1.197306752204895,0.7121061086654663,30,12,60,0.028015898540616035,0.5952380952380952,0.3,67,102,wall,both,1,1,1,1,1,1,0.0,11,11,0,alpha,full,huber,7.9017600418217775,10.801104565605755,-2.187052413244967,8.82086529433295,11.596970601213776,-1.8621392036257185,8.902235361732178,11.755834620421126,-1.8277343349379702,112.27128732705978,0.028015898540616035,250,3.7728532552719116,0.7951541703372687,1.0,disabled,single,3,row_2,row_1,-0.5167672038078308,-0.9006049036979675,0.5218977317344352,0.35553864613694663,0.9643280116786119,0.3838376998901367,0.13351642270331376,1,132,0,disabled,0,0.0,50.0,alpha
1348,4.829851150512695,-8.255829811096191,-38.83099365234375,-0.8019490838050842,1.6508909463882446,0.2192997932434082,45,22,70,0.019222475588321686,0.5226480836236934,0.3,99,137,wall,both,1,1,1,1,1,1,0.0,10,10,0,alpha,full,huber,8.677204020809567,11.184736631507022,-1.5752040861573735,9.026455882084274,11.282041813176743,-1.8377542286559294,8.911559477819079,11.318036049785558,-1.929564690583184,141.0123566385237,0.019222475588321686,250,4.693281412124634,0.639211616897677,1.0,disabled,single,3,row_1,row_2,-0.7388935089111328,-0.9690625071525574,0.5285473205247245,0.41987764209059125,0.8542857451910664,0.23016899824142456,-0.10127056864775008,1,133,0,disabled,0,0.0,50.0,alpha
1352,1.9398226737976074,-1.554922342300415,-30.9270076751709,-0.5229986906051636,1.3143134117126465,0.18462467193603516,82,0,79,0.029233824461698532,0.48231511254019294,0.3,120,161,wall,both,1,1,1,1,1,1,0.0,13,13,0,alpha,full,huber,8.457533072610046,10.377104061253204,-1.6327958521142372,8.8578852127812,10.771448610803617,-1.7960484296990187,8.805115062026655,10.832454752252403,-1.8636144076888579,154.94862737404884,0.02923382632434368,250,2.362884283065796,1.0,1.0,disabled,single,3,row_1,row_2,-0.383887380361557,-0.4077719748020172,0.4705219392361737,0.4594168616045902,0.8983153707768092,0.023884594440460205,0.3700253110623498,0,133,0,disabled,0,0.0,50.0,alpha
1356,2.9438047409057617,-3.5809860229492188,-37.8412971496582,-0.8068772554397583,1.7570337057113647,0.17206335067749023,57,4,101,0.015018554404377937,0.4807692307692307,0.3,120,162,wall,both,1,1,1,1,1,1,0.0,13,13,0,alpha,full,huber,8.524121448106321,11.164132315236298,-1.654837188037431,8.736503625907016,10.428977785435276,-1.7432397846398744,8.705255320014562,10.413278743302723,-1.779621339677286,194.57498081609813,0.015018555335700512,250,3.8719370365142822,0.7748059877287558,1.0,disabled,single,3,row_1,row_2,-0.7834699153900146,-0.8720816969871521,0.48918312398085845,0.4477007875930131,0.8839366144416299,0.08861178159713745,-0.06845154244854068,0,133,0,disabled,0,0.0,50.0,alpha
1360,0.1382187455892563,-0.00789438933134079,-35.20109558105469,-0.08195006102323532,0.6072686910629272,3.4332275390625e-05,94,0,72,0.01878400892019272,0.4746835443037975,0.3,120,166,wall,both,1,1,1,1,1,1,0.0,9,9,0,alpha,full,huber,8.86197169573707,9.311535482082054,-1.5862449713437692,8.669653444632868,9.584951727920192,-1.6021235112380319,8.626716658725021,9.712500791689926,-1.625493262427876,139.40368569533217,0.01878400892019272,250,0.5879071950912476,1.0,1.0,disabled,single,3,row_1,row_2,-0.08195006102323532,-0.48315557837486267,0.5737167212292268,0.38411048790696206,0.8198129564170094,0.40120551735162735,0.4736694604811956,0,133,0,disabled,0,0.0,50.0,alpha
1364,1.2889429330825806,-0.686518132686615,-39.546348571777344,-0.27634888887405396,0.9517137408256531,0.13561683893203735,32,5,98,0.01440068706870079,0.5263157894736842,0.3,120,135,wall,both,1,1,1,1,1,1,0.0,8,8,0,alpha,full,huber,8.927592478204597,10.382001510048147,-1.7233411554272484,8.772032149522937,9.280202253135936,-1.566358119337238,8.686967280046197,9.269743789426938,-1.5882188366273888,169.79135339619313,0.01440068706870079,229,2.134739398956299,1.0,1.0,disabled,single,3,row_1,row_2,-0.22252820432186127,-0.680671215057373,0.5897464426091025,0.372989278589206,0.8018561985180788,0.4581430107355118,0.3055343884227275,0,133,0,disabled,0,0.0,50.0,alpha
1368,3.939579725265503,-6.048544883728027,-34.77518844604492,-0.16015121340751648,0.845105767250061,0.01877814531326294,112,32,40,0.013157556764781475,0.44910179640718567,0.3,120,184,wall,both,1,1,1,1,1,1,0.0,10,10,0,alpha,full,huber,8.609277671842808,8.688542793783725,-1.4004337321336393,8.692981035364184,8.612869707458515,-1.6492636402980465,8.68365647741501,8.578727469855338,-1.662221045348902,148.10605729002427,0.013157556764781475,185,4.162930488586426,0.7206461910005821,1.0,disabled,single,3,row_1,row_2,-0.16015121340751648,-0.34876564145088196,0.5137345287413253,0.42542651182870855,0.876088683474598,0.18861442804336548,0.5058974145897392,0,133,0,disabled,0,0.0,50.0,alpha
1372,0.517723023891449,-0.11075915396213531,-39.00708770751953,-0.1012834906578064,0.6729963421821594,0.012460172176361084,95,29,62,0.015246572904288769,0.4464285714285714,0.3,120,186,wall,both,1,1,1,1,1,1,0.0,9,9,0,alpha,full,huber,8.793506386935459,9.196995763092094,-1.7525588709117481,8.764129564994166,8.278882709453935,-1.6084168977409925,8.706014203476556,8.233792438934316,-1.6486068022696532,148.13233095674093,0.015246574766933918,185,1.2738959789276123,1.0,1.0,disabled,single,3,row_1,row_2,-0.1012834906578064,-0.44284260272979736,0.5573829169716059,0.39611055627600716,0.8353043730980423,0.34155911207199097,0.48321932144687596,0,133,0,disabled,0,0.0,50.0,alpha
1376,1.4831899404525757,-0.9090299606323242,-44.84554672241211,-0.08201860636472702,0.6066381335258484,0.007646441459655762,86,0,73,0.012669707648456097,0.4854368932038835,0.3,120,159,wall,both,1,1,1,1,1,1,0.0,9,9,0,alpha,full,huber,8.853785701431612,8.940123528081326,-1.4707895811112688,8.734864089657659,7.889928687340445,-1.612436026873962,8.700289612411407,7.803426815077266,-1.6360049603552242,156.72830097627883,0.012669707648456097,191,2.6638119220733643,1.0,1.0,disabled,single,3,row_1,row_2,-0.08201860636472702,-0.48875686526298523,0.5742673723105579,0.38235780571535205,0.8222262662252755,0.4067382588982582,0.4726415793324198,0,133,0,disabled,0,0.0,50.0,alpha
1380,1.6832561492919922,-1.1708064079284668,-40.2463264465332,-0.10950690507888794,0.5607801675796509,0.09852820634841919,82,0,49,0.018683036789298058,0.5338078291814947,0.3,120,131,wall,both,1,1,1,1,1,1,0.0,9,9,0,alpha,full,huber,6.8264448679452885,6.982513876295992,-1.9661632830195819,8.071728185454049,6.81374851293669,-1.6239521600928863,8.34482341033118,6.6778874950597515,-1.5194665625732742,130.52869147418463,0.018683036789298058,229,3.7026987075805664,0.810219852308824,1.0,disabled,single,3,row_2,row_3,-0.10950690507888794,-0.4820893406867981,0.5489339179811485,0.37818958998268454,0.8878370946895432,0.37258243560791016,0.4902703076145748,1,134,0,disabled,0,0.0,50.0,alpha
1384,0.8914114832878113,-0.32835307717323303,-29.80054473876953,-0.19608566164970398,0.8435853719711304,0.09641754627227783,105,12,28,0.01590701751410961,0.5084745762711864,0.3,120,145,wall,both,1,1,1,1,1,1,0.0,11,11,0,alpha,full,huber,9.305328666961856,6.951692231982918,-1.5658920819933682,8.515167136882553,6.0240169368989545,-1.5321633850450764,8.45102579070009,5.941598225125493,-1.5592170579122826,148.59723438679353,0.01590701751410961,250,2.3178350925445557,1.0,1.0,disabled,single,3,row_1,row_2,-0.19608566164970398,-0.8133336305618286,0.632854496094842,0.3413787493511639,0.7507134737840405,0.6172479689121246,0.2614290856002239,1,135,0,disabled,0,0.0,50.0,alpha
1388,1.330458164215088,-0.7314541339874268,-24.58687400817871,-0.12870146334171295,0.7485758662223816,0.03198516368865967,129,4,23,0.015468962490558624,0.49019607843137253,0.3,103,156,wall,both,1,1,1,1,1,1,0.0,11,11,0,alpha,full,huber,9.14161425871938,4.155370615405926,-1.2746667351367498,9.020850105687558,4.5587360718237795,-1.3835333722374998,8.743452769417686,4.601206887169433,-1.4694075404718319,145.69428004196166,0.015468962490558624,250,1.870589256286621,1.0,1.0,disabled,single,3,row_2,row_1,-0.12870146334171295,-0.4781549274921417,0.5567481014796555,0.3925482391549211,0.8443115140640848,0.34945346415042877,0.45694091951387017,1,136,0,disabled,0,0.0,50.0,alpha
1392,0.7867732644081116,-0.25579017400741577,-32.84112548828125,-0.1890621930360794,0.9001089930534363,0.04700589179992676,125,23,15,0.009475484490394592,0.47923322683706066,0.3,120,163,wall,both,1,1,1,1,1,1,0.0,13,13,0,alpha,full,huber,9.935480429911728,3.2336853123344205,-1.497035779437855,9.714594855142437,2.4544977917518658,-1.1916583882140257,9.341186827053114,2.4253791601655097,-1.2559224867888588,196.53794201924762,0.009475484490394592,250,1.7799879908561707,1.0,1.0,disabled,single,3,row_1,row_2,-0.1890621930360794,-0.5517429709434509,0.5768919089522424,0.40140630277251443,0.7668702264374807,0.3626807779073715,0.3610381698253474,1,137,0,disabled,0,0.0,50.0,alpha
1396,1.4222352504730225,-0.835848331451416,-31.235261917114258,-0.3903871774673462,1.2762558460235596,0.08345162868499756,83,50,17,0.024089038372039795,0.5,0.3,90,150,wall,both,1,1,1,1,1,1,0.0,10,10,0,alpha,full,huber,9.583932298170243,2.5640116998066915,-1.236798441799563,9.785678327378026,1.5122429731090654,-1.249319007096236,9.739886924159393,1.4270579602033537,-1.2267772151587437,156.27360222381722,0.024089038372039795,235,2.7640085220336914,1.0,1.0,disabled,single,3,row_2,row_1,-0.38146671652793884,-0.4839726686477661,0.49571852369055186,0.4474220447933206,0.8707353293237684,0.10250595211982727,0.32028028937349007,1,138,0,disabled,0,0.0,50.0,alpha
1400,2.9371941089630127,-3.5649213790893555,-43.99832534790039,-0.48174989223480225,1.400375485420227,0.10611486434936523,65,5,82,0.013613944873213768,0.49668874172185423,0.3,120,152,wall,both,1,1,1,1,1,1,0.0,9,9,0,alpha,full,huber,12.530818127899535,1.5995314624398642,-1.07241285551132,10.395209180383869,0.5889492519019146,-1.2011723858934973,10.25493775689293,0.4849563788214206,-1.2336357390662454,197.58257302937025,0.013613944873213768,246,5.573078155517578,0.538302158391566,1.0,disabled,single,3,row_1,row_2,-0.45733705163002014,-3.3627328872680664,0.9478310147385546,0.05187206487527688,0.20668362085950107,2.9053958356380463,-0.4037580045184885,1,139,0,disabled,0,0.0,50.0,alpha
1404,2.547297477722168,-2.681291103363037,-23.567548751831055,-0.25188514590263367,1.0645496845245361,0.0034377574920654297,167,0,13,0.027753645554184914,0.45454545454545453,0.3,120,180,wall,both,1,1,1,1,1,1,0.0,8,8,0,alpha,full,huber,10.299202936130362,-0.8573072230011696,-1.3193256894762606,10.523823477327227,0.0573832864076802,-1.2673397215080422,10.460411935094992,0.06853894793055268,-1.285157652426065,171.4269215056625,0.027753645554184914,250,2.887117385864258,1.0,1.0,disabled,single,3,row_1,row_2,-0.25188514590263367,-0.3138570487499237,0.5028955521152534,0.4726762039453921,0.7905521288544279,0.06197190284729004,0.43548763441225513,0,139,0,disabled,0,0.0,50.0,alpha
1408,0.31116703152656555,-0.040010299533605576,-19.719646453857422,-0.21559667587280273,0.9846747517585754,0.005718588829040527,107,0,13,0.0110697690397501,0.5555555555555556,0.3,120,120,wall,both,1,1,1,1,1,1,0.0,2,2,0,alpha,full,huber,10.36170472314712,-0.5954938042166198,-1.343379250464479,10.54354674860198,-0.5868739305308881,-1.340204109015649,10.607233938356229,-0.6175795638411288,-1.3172980556103062,177.56086653210156,0.0110697690397501,250,0.8455169200897217,1.0,1.0,disabled,single,3,row_1,row_2,-0.21559667587280273,-0.3350240886211395,0.5199004407116612,0.4613744274230241,0.7714567458787371,0.11942741274833679,0.43852127003458174,0,139,0,disabled,0,0.0,50.0,alpha
1412,0.12631066143512726,-0.006592720281332731,-24.92629623413086,-0.24568285048007965,1.0510231256484985,0.007089495658874512,124,5,19,0.0144106550142169,0.5033557046979865,0.3,120,148,wall,both,1,1,1,1,1,1,0.0,5,5,0,alpha,full,huber,10.525286356115929,-1.500364445596944,-1.3555294756419083,10.535881115496073,-1.304465526211208,-1.3721735507604318,10.640702567776671,-1.2279180065639457,-1.3475479536147241,156.84315251456897,0.0144106550142169,250,0.6532523334026337,1.0,1.0,disabled,single,3,row_1,row_2,-0.24568285048007965,-0.3936663269996643,0.5247292938566647,0.45255034758858226,0.7831760715121729,0.14798347651958466,0.39918992964289424,0,139,0,disabled,0,0.0,50.0,alpha
1416,1.7107665538787842,-1.2093894481658936,-29.137380599975586,-0.20258791744709015,0.9548006653785706,0.0002625584602355957,125,7,12,0.023331444710493088,0.5102040816326531,0.3,120,144,wall,both,1,1,1,1,1,1,0.0,4,4,0,alpha,full,huber,10.653032242131626,-1.5805744332493266,-1.3567776650375991,10.648154945622984,-1.896763511116034,-1.3698238119432904,10.72738395416746,-1.9277294848641453,-1.3533207188424918,120.11943255190535,0.02333144284784794,185,2.209321975708008,1.0,1.0,disabled,single,3,row_1,row_2,-0.20258791744709015,-0.4592219889163971,0.5532392179125024,0.42801421970367143,0.7652608119107478,0.25663407146930695,0.389376871429126,0,139,0,disabled,0,0.0,50.0,alpha
1420,2.4132447242736816,-2.406508207321167,-37.977317810058594,-0.12282149493694305,0.7255037426948547,0.037869811058044434,108,16,19,0.026713727042078972,0.5119453924914675,0.3,120,143,wall,both,1,1,1,1,1,1,0.0,6,6,0,alpha,full,huber,9.98816337969088,-2.640106799792161,-1.8627516815306175,10.614405482642557,-2.5589618470566586,-1.4284559432723674,10.743011278054734,-2.5697088215663406,-1.3867253296651825,92.03685241232365,0.026713723316788673,117,3.0732569694519043,0.9761630836015092,1.0,disabled,single,3,row_2,row_1,-0.12282149493694305,-0.7805072069168091,0.614924954236087,0.31856117307790605,0.8437009951243567,0.657685711979866,0.3634335493167882,1,140,0,disabled,0,0.0,50.0,alpha
1424,1.6648521423339844,-1.1453440189361572,-32.36553955078125,-0.23579174280166626,1.0300769805908203,0.0004800558090209961,102,17,26,0.03284955769777298,0.5084745762711864,0.3,120,145,wall,both,1,1,1,1,1,1,0.0,4,4,0,alpha,full,huber,10.702834840249388,-2.2343149342862993,-1.3487069561524632,10.716727433134341,-2.535892932394115,-1.3672387652215126,10.74546592182119,-2.636573002890005,-1.3769491269051293,75.54231993496221,0.03284955769777298,107,2.1586663722991943,1.0,1.0,disabled,single,3,row_1,row_2,-0.23579174280166626,-0.45998328924179077,0.544636355475611,0.43525270256846865,0.7715599883346761,0.2241915464401245,0.371845201878772,1,141,0,disabled,0,0.0,50.0,alpha
1428,3.4162850379943848,-4.751120567321777,-27.15313720703125,-0.27337872982025146,1.1091454029083252,0.00020200014114379883,107,13,26,0.03136356920003891,0.5067567567567568,0.3,120,146,wall,both,1,1,1,1,1,1,0.0,8,8,0,alpha,full,huber,10.618662969787433,-2.2155129442410404,-1.3595937502854463,10.62104231850011,-2.9635754843308373,-1.435727265548224,10.729318888241126,-3.0347246775724255,-1.3967277421406727,104.54441798862143,0.03136356920003891,153,3.919034242630005,0.7654947148373843,1.0,disabled,single,3,row_1,row_2,-0.27337872982025146,-0.4072015583515167,0.5211145584627827,0.4558423704600271,0.7846497264790403,0.13382282853126526,0.3784066496926586,0,141,0,disabled,0,0.0,50.0,alpha
1432,1.3809959888458252,-0.7880784869194031,-39.852081298828125,-0.15829217433929443,0.7137153744697571,0.10511016845703125,96,13,41,0.01021112035959959,0.5,0.3,120,150,wall,both,1,1,1,1,1,1,0.0,7,7,0,alpha,full,huber,10.000248029535472,-2.8149860044355948,-1.6626383511955534,10.544679642155007,-3.1583250004718084,-1.4539413046110283,10.661728318893257,-3.237152083030818,-1.423735189033453,185.53913729933902,0.01021112035959959,229,2.2641520500183105,1.0,1.0,disabled,single,3,row_2,row_1,-0.12184222787618637,-0.7507895827293396,0.6076834095567597,0.3239880665673205,0.851192827897445,0.6289473548531532,0.3762590127211118,1,142,0,disabled,0,0.0,50.0,alpha
1436,1.7777068614959717,-1.3058849573135376,-38.185035705566406,-1.1604678630828857,1.231812834739685,0.4491131901741028,107,9,28,0.01722715049982071,0.5102040816326531,0.3,120,144,wall,both,1,1,1,1,1,1,0.0,3,3,0,alpha,full,huber,8.560845972632642,-4.481781880742956,-2.187395797643304,10.334416142373023,-3.6965444690220846,-1.526278675309435,10.537029476669801,-3.729840922262855,-1.4697645824858208,177.72495517329074,0.01722715049982071,250,4.178685665130615,0.7179290907267196,1.0,disabled,single,3,row_3,row_2,-0.7969289422035217,-0.8053019046783447,0.4793465336891846,0.47534973900619887,0.8461846310062076,0.008372962474822998,-0.06159745144503004,1,143,0,disabled,0,0.0,50.0,alpha
1440,0.8957992196083069,-0.33159351348876953,-36.47684097290039,-0.11892656981945038,0.7248559594154358,0.02304387092590332,104,10,40,0.010925368405878544,0.49342105263157904,0.3,120,154,wall,both,1,1,1,1,1,1,0.0,5,5,0,alpha,full,huber,11.479284669870815,-4.685445313440534,-1.1528223549291,10.702168531059606,-4.033205975754906,-1.3790537521913144,10.637968058318123,-4.062719090328796,-1.4221320161488837,183.9837783157368,0.010925368405878544,250,2.2939577102661133,1.0,1.0,disabled,single,3,row_1,row_2,-0.11892656981945038,-0.44403281807899475,0.5769643304853812,0.41682822122563207,0.7136206376764542,0.3251062482595444,0.4310482634816055,1,144,0,disabled,0,0.0,50.0,alpha
1444,1.9129027128219604,-1.512064814567566,-31.684816360473633,-0.1724463254213333,0.7750528454780579,0.09769439697265625,123,0,20,0.013581189326941967,0.5119453924914675,0.3,120,143,wall,both,1,1,1,1,1,1,0.0,1,1,0,alpha,full,huber,10.78545204236763,-4.66381146177365,-0.7530345383701667,10.921059022586462,-4.564628487969442,-1.3251972267203198,10.811010072771307,-4.523974121586164,-1.3711640704162567,200.10119478976122,0.013581190258264542,250,2.1703659296035767,1.0,1.0,disabled,single,3,row_2,row_1,-0.1724463254213333,-0.5725445747375488,0.5873086624677738,0.3936460923031473,0.7550029407871222,0.4000982493162155,0.3597584414939504,1,145,0,disabled,0,0.0,50.0,alpha
1448,1.4412068128585815,-0.8582963347434998,0.0,-0.008300748653709888,0.19322341680526733,0.0009921789169311523,0,0,0,0.011563761159777641,0.5,0.3,0,0,wall,both,1,1,1,1,1,1,0.0,0,0,0,alpha,full,huber,12.565014368255124,-5.406986004812259,-1.3233679728960248,11.58230512815678,-5.698238656476188,-1.217723145601592,11.32614460860841,-5.751094498280805,-1.290965007791026,192.51463146302765,0.011563761159777641,250,2.774683952331543,1.0,1.0,disabled,single,3,row_1,row_2,-0.008300748653709888,-1.039668083190918,0.7366415747290096,0.26262682527829323,0.5815773019365057,1.031367334537208,0.29735308651867604,1,146,0,disabled,0,0.0,50.0,alpha
1452,1.7463873624801636,-1.260276436805725,0.0,-0.4306833744049072,0.4195402264595032,0.3097328543663025,0,0,0,0.010715085081756115,0.5,0.3,0,0,wall,both,1,1,1,1,1,1,0.0,0,0,0,alpha,full,huber,10.492820784142605,-7.398177241143923,-1.1051873888937664,11.867073557574065,-7.692609618137646,-0.4465717070100092,11.898281169758434,-7.771614719546498,-0.4135638701736344,202.51495883583613,0.010715085081756115,250,3.1444387435913086,0.9540653339532564,1.0,disabled,single,3,row_2,row_1,-0.32930174469947815,-1.1214237213134766,0.6349063363440122,0.28753813921515925,0.8451022717382671,0.7921219766139984,0.12497604808988388,1,147,0,disabled,0,0.0,50.0,alpha
1456,0.3149630129337311,-0.04099243879318237,0.0,-0.974481463432312,1.9176448583602905,0.1963059902191162,0,0,0,0.0076900143176317215,0.5,0.3,0,0,wall,both,1,1,1,1,1,1,0.0,0,0,0,alpha,full,huber,11.349809126860183,-8.6281152024631,0.5901481685264574,12.917895009747038,-8.499225460162577,0.5451568172327544,13.144367134660296,-8.45855447943303,0.5886022214859503,224.63346730583012,0.0076900143176317215,250,2.5508733987808228,1.0,1.0,disabled,single,3,row_2,row_1,-0.974481463432312,-2.7208852767944336,0.8470588001168147,0.14772704796636868,0.45051833088875687,1.7464038133621216,-0.8084962983181792,0,147,0,disabled,0,0.0,50.0,alpha
1460,3.083803176879883,-3.9267847537994385,-47.904598236083984,-0.6320982575416565,1.4589910507202148,0.19740980863571167,7,0,113,0.023683074861764908,0.5555555555555556,0.3,120,120,wall,both,1,1,1,1,1,1,0.0,2,2,0,alpha,full,huber,10.806124050609611,-8.41255884276433,1.8666386889676891,13.421892198277959,-7.9128645489787015,1.539574759593183,13.818509888545666,-7.828325479929004,1.5635979647821117,156.0735767318398,0.023683074861764908,250,5.662891864776611,0.529764662938402,1.0,disabled,single,3,row_2,row_1,-0.6320982575416565,-1.3866848945617676,0.6495594099254269,0.30542604329212725,0.782089104648767,0.7545866370201111,-0.20063728073402637,0,147,0,disabled,0,0.0,50.0,alpha
1464,0.8963722586631775,-0.3320178687572479,-42.8886604309082,-0.3320271372795105,1.219525933265686,0.01935189962387085,28,4,118,0.014132349751889706,0.5,0.3,116,150,wall,both,1,1,1,1,1,1,0.0,3,3,0,alpha,full,huber,12.76029552669972,-7.907473466963586,1.9603118043008463,13.22708981491651,-7.529897569388862,2.0767473192719272,13.526006252586601,-7.23368443051918,2.150316620135654,164.69442884330022,0.014132349751889706,250,1.993722140789032,1.0,1.0,disabled,single,3,row_1,row_2,-0.3320271372795105,-1.7510825395584106,0.8043884757734984,0.19461571639003866,0.500509651158587,1.4190554022789001,-0.1143541896057993,1,148,0,disabled,0,0.0,50.0,alpha
1468,1.7412745952606201,-1.2529079914093018,-43.9489631652832,-1.1367831230163574,2.144036293029785,0.16803765296936035,48,5,81,0.0544801764190197,0.528169014084507,0.3,112,134,wall,both,1,1,1,1,1,1,0.0,7,7,0,alpha,full,huber,14.466745557662612,-4.969813483129783,2.361836340592962,13.473398065937157,-6.421019167032841,2.1904323787774618,13.295728852141885,-6.515696197397931,2.3095145197855276,54.274727280969515,0.0544801764190197,250,4.259521961212158,0.704304386106809,1.0,disabled,single,3,row_1,row_2,-1.1367831230163574,-3.773247480392456,0.9331637204627531,0.06682760913308498,0.2454636845909983,2.6364643573760986,-1.0676085069392367,0,148,0,disabled,0,0.0,50.0,alpha
1472,1.2507456541061401,-0.6464316844940186,-32.057029724121094,-0.3523602783679962,1.2580502033233643,0.012632012367248535,60,5,45,0.011303283274173737,0.5769230769230769,0.3,75,110,wall,both,1,1,1,1,1,1,0.0,6,6,0,alpha,full,huber,13.500334834963743,-4.669034706500318,1.9327897550992086,13.32560856932577,-5.280534927266377,2.0052599543839564,13.03160652593661,-5.59170359323163,2.0514940611745898,179.02923404852922,0.011303283274173737,250,2.6087846755981445,1.0,1.0,disabled,single,3,row_1,row_2,-0.3523602783679962,-2.42336368560791,0.8879793932422638,0.11193799810661856,0.35139753973259846,2.071003407239914,-0.23355353630050898,0,148,0,disabled,0,0.0,50.0,alpha
1476,1.9047452211380005,-1.4991960525512695,-20.11400604248047,-0.2855147421360016,1.1332117319107056,0.0059375762939453125,94,0,26,0.012078228406608105,0.5555555555555556,0.3,120,120,wall,both,1,1,1,1,1,1,0.0,1,1,0,alpha,full,huber,13.168830166607432,-3.6627039239606605,1.8544736871663723,13.129347502830957,-4.60085228373908,1.9056321815103308,12.99024772360594,-4.923258504615397,1.9280161929000252,189.02072593838096,0.012078228406608105,250,2.980845093727112,1.0,1.0,disabled,single,3,row_1,row_2,-0.2855147421360016,-2.507815361022949,0.9020761306936972,0.09774854361874015,0.3217813091758829,2.2223006188869476,-0.18245838175427395,0,148,0,disabled,0,0.0,50.0,alpha
1480,0.7782156467437744,-0.2502560317516327,-34.9630241394043,-0.2718421518802643,1.1060235500335693,0.0002955794334411621,66,48,30,0.00929748360067606,0.5102040816326531,0.3,88,144,wall,both,1,1,1,1,1,1,0.0,3,3,0,alpha,full,huber,13.24266523235564,-4.170956443860814,1.797989041431089,13.158647471773943,-3.93439416052872,1.8246515061031188,12.94726691563918,-4.08807142915442,1.856303292678657,186.10812825153164,0.00929748360067606,250,1.222476065158844,1.0,1.0,disabled,single,3,row_1,row_2,-0.2718421518802643,-2.3380286693573,0.8874415754273205,0.11241036755066684,0.352961250236415,2.0661865174770355,-0.1524295615763475,0,148,0,disabled,0,0.0,50.0,alpha
1484,1.4248988628387451,-0.8389821648597717,-27.541391372680664,-0.3487500548362732,1.2525440454483032,0.0052623748779296875,71,20,32,0.026732491329312325,0.5494505494505495,0.3,77,123,wall,both,1,1,1,1,1,1,0.0,4,4,0,alpha,full,huber,13.071255828507208,-2.4590328569964846,1.8645336984922434,13.09322134800517,-3.097763255129989,1.7796301315041283,12.935376713248392,-3.303786666812857,1.8139630662138968,141.1810230904771,0.026732491329312325,250,2.109668493270874,1.0,1.0,disabled,single,3,row_1,row_2,-0.3487500548362732,-3.0505151748657227,0.9369532087479148,0.06285737202231759,0.23655907120165753,2.7017651200294495,-0.28362811954353107,0,148,0,disabled,0,0.0,50.0,alpha
1488,4.638800621032715,-7.7821502685546875,-37.8681755065918,-0.22342510521411896,0.98778235912323,0.040211260318756104,81,0,54,0.03381430730223656,0.5263157894736842,0.3,120,135,wall,both,1,1,1,1,1,1,0.0,2,2,0,alpha,full,huber,13.077854834368505,-3.9566098356045964,1.4891277469606505,13.012503862677065,-2.83776178443755,1.7386633871332753,12.895636326071276,-2.7551287928237036,1.778934472575333,90.48756077234525,0.03381430730223656,148,6.198735237121582,0.4839696946619496,1.0,disabled,single,3,row_1,row_2,-0.22342510521411896,-2.2716403007507324,0.8855750429134577,0.11420807505306148,0.3572440895423074,2.0482151955366135,-0.1019070262372868,0,148,0,disabled,0,0.0,50.0,alpha
1492,3.0400571823120117,-3.8183236122131348,-21.585588455200195,-0.40971723198890686,1.3577643632888794,0.003328263759613037,83,0,37,0.012665212154388428,0.5555555555555556,0.3,120,120,wall,both,1,1,1,1,1,1,0.0,1,1,0,alpha,full,huber,13.217227961511886,-2.6595950964971404,1.8435085196186947,13.054426220207922,-2.240032114137845,1.7020824213712489,12.908253408264727,-2.181392555327365,1.7488125482475514,142.82614064601748,0.012665214017033577,169,3.412506341934204,0.8791192453285241,1.0,disabled,single,3,row_1,row_2,-0.40971723198890686,-3.1558361053466797,0.9395589660513104,0.06029756411128306,0.22918965304117278,2.746118873357773,-0.3473725331172754,0,148,0,disabled,0,0.0,50.0,alpha
1496,4.153479099273682,-6.578874111175537,-24.8479061126709,-0.4571073353290558,1.4341518878936768,0.0032290220260620117,78,0,42,0.008340689353644848,0.5555555555555556,0.3,120,120,wall,both,1,1,1,1,1,1,0.0,1,1,0,alpha,full,huber,13.202500376207265,-2.1813031807002314,1.8422819000578539,13.148572001330365,-1.9221636826158894,1.6515809712205458,12.990696869615231,-1.8421534649203053,1.7061517771729218,190.77732910316155,0.008340689353644848,213,4.3703083992004395,0.6864504117258312,1.0,disabled,single,3,row_1,row_2,-0.4571073353290558,-3.428762435913086,0.9511489989691609,0.04871639496959342,0.19604589962378127,2.97165510058403,-0.4070227827178523,0,148,0,disabled,0,0.0,50.0,alpha
1500,1.933559775352478,-1.5448981523513794,-25.457921981811523,-0.43619486689567566,1.2999175786972046,0.12193560600280762,71,0,49,0.01222839206457138,0.5555555555555556,0.3,120,120,wall,both,1,1,1,1,1,1,0.0,3,3,0,alpha,full,huber,12.717854147162315,-0.5697054166836824,1.7983068442964338,12.848940657009813,-1.2745028672049534,1.759585087643978,12.895839985323885,-1.382257238977066,1.7356438946336095,167.09157161130904,0.01222839206457138,250,3.031990885734558,0.9894488845975512,1.0,disabled,single,3,row_1,row_2,-0.3755132555961609,-2.8250925540924072,0.9203159406011273,0.07945078126016217,0.27959084238618165,2.4495792984962463,-0.2924750014010002,0,148,0,disabled,0,0.0,50.0,alpha
1504,1.2186133861541748,-0.6136440634727478,-33.021934509277344,-0.5413042306900024,1.3955981731414795,0.16302883625030518,61,24,48,0.008808382786810398,0.5300353356890459,0.3,109,133,wall,both,1,1,1,1,1,1,0.0,3,3,0,alpha,full,huber,12.862412225100625,-0.20220539631519596,1.8783842209161286,12.772107167197596,-0.6720370821444233,1.7359160831675797,12.790298257598728,-0.7646077787858168,1.7386976694164655,206.3122741207107,0.008808382786810398,250,1.7075227499008179,1.0,1.0,disabled,single,3,row_1,row_2,-0.4329017400741577,-3.0512917041778564,0.9319172292896809,0.06795556507914423,0.24957747525609936,2.6183899641036987,-0.36239046205876974,0,148,0,disabled,0,0.0,50.0,alpha
1508,3.149420976638794,-4.089473724365234,-24.925256729125977,-0.2517082691192627,1.0642746686935425,0.000601649284362793,70,0,50,0.01299959048628807,0.5555555555555556,0.3,120,120,wall,both,1,1,1,1,1,1,0.0,3,3,0,alpha,full,huber,12.43633597535032,0.33554180945320045,1.8187115370946634,12.614320595362262,-0.09892814706769545,1.7718656372331845,12.672541836209607,-0.25614495707106644,1.7582672308542602,171.8334997074648,0.01299959048628807,250,3.788184404373169,0.7919361044136948,1.0,disabled,single,3,row_1,row_2,-0.2517082691192627,-2.4938371181488037,0.903781035807169,0.0960105676402908,0.31818152868159166,2.242128849029541,-0.15054010416255223,0,148,0,disabled,0,0.0,50.0,alpha
1512,3.6941728591918945,-5.440098285675049,-40.408912658691406,-0.04472995549440384,0.4464557468891144,0.010335564613342285,108,1,9,0.05420402064919472,0.5597014925373135,0.3,116,118,wall,both,1,1,1,1,1,1,0.0,4,4,0,alpha,full,huber,10.81638251747962,0.6783182459335905,1.9279201281689122,12.21294046862306,0.45376128909981517,1.8500814292320202,12.387467106890398,0.39018661641208424,1.8073074830595415,95.97920657108291,0.05420402064919472,153,5.29909610748291,0.5661342876502405,1.0,disabled,single,3,row_1,row_2,-0.04472995549440384,-0.8404854536056519,0.6843528759100634,0.3088075251719116,0.6565183256817652,0.795755498111248,0.3345516384427606,0,148,0,disabled,0,0.0,50.0,alpha
1516,3.2224338054656982,-4.270496845245361,-37.864654541015625,-0.2066197544336319,0.8095989227294922,0.12221378087997437,101,15,12,0.054507337510585785,0.539568345323741,0.3,106,128,wall,both,1,1,1,1,1,1,0.0,4,4,0,alpha,full,huber,10.316676164266818,1.6867302237784094,2.103896646338608,11.52305757768031,1.496928207315677,1.934633428500806,11.819210313186058,1.508036972443094,1.8743830750740873,48.63588598025518,0.05450733006000519,92,4.2949278354644775,0.6984983485003219,1.0,disabled,single,3,row_1,row_2,-0.19540101289749146,-0.7868905663490295,0.6291578414769387,0.34824024894624117,0.7445353942374551,0.5914895534515381,0.26797210051957254,0,148,0,disabled,0,0.0,50.0,alpha
1520,0.4037412405014038,-0.06735826283693314,-25.598791122436523,-0.1794220358133316,0.898309051990509,0.004894435405731201,92,0,37,0.03580270707607269,0.5376344086021506,0.3,120,129,wall,both,1,1,1,1,1,1,0.0,4,4,0,alpha,full,huber,12.0027308139079,2.3669816132534174,1.7033006018655623,11.258881666495862,3.2865104962529688,1.833946745100241,11.236627995436876,3.3626308477108013,1.8401023762151132,84.48122739893412,0.035802703350782394,127,1.7545617818832397,1.0,1.0,disabled,single,3,row_1,row_2,-0.1794220358133316,-2.9580624103546143,0.9407701959101875,0.05844338586047826,0.22902285223293373,2.7786403745412827,-0.11836565395651762,0,148,0,disabled,0,0.0,50.0,alpha
1524,0.5577195286750793,-0.1285334974527359,-35.28561019897461,-0.11128263175487518,0.6879210472106934,0.03871959447860718,73,1,57,0.008134927600622177,0.5338078291814947,0.3,115,131,wall,both,1,1,1,1,1,1,0.0,2,2,0,alpha,full,huber,11.315580175108042,4.911650748033041,1.6790049911649874,10.774440360743078,4.905277953176566,1.8395536844019666,10.77312973284211,4.975965398274953,1.8303277024890194,192.38028916014417,0.008134927600622177,240,0.9836050570011139,1.0,1.0,disabled,single,3,row_1,row_2,-0.11128263175487518,-2.000201940536499,0.8679534396301863,0.1312650765019266,0.39504665532674477,1.8889193087816238,0.030334574984688445,0,148,0,disabled,0,0.0,50.0,alpha
1528,0.1697564423084259,-0.011907954700291157,-32.5731201171875,-0.06421629339456558,0.5375592112541199,0.00043064355850219727,100,14,26,0.008633038960397243,0.5172413793103449,0.3,120,140,wall,both,1,1,1,1,1,1,0.0,4,4,0,alpha,full,huber,10.87425417356103,6.067842653365121,1.5358841311884133,10.821454364122829,6.022224432549734,1.795879924185791,10.660095654246454,6.0158035965339405,1.808362773519261,185.28777934586847,0.008633038960397243,250,0.7157295346260071,1.0,1.0,disabled,single,3,row_1,row_2,-0.06421629339456558,-2.103597640991211,0.8841228034432956,0.11503249150858762,0.3636279670692829,2.0393813475966454,0.058943014675848684,0,148,0,disabled,0,0.0,50.0,alpha
1532,0.36412742733955383,-0.05478875711560249,-22.648208618164062,-0.22700843214988708,0.9994460940361023,0.03511291742324829,87,3,40,0.00955591257661581,0.5357142857142857,0.3,107,130,wall,both,1,1,1,1,1,1,0.0,2,2,0,alpha,full,huber,11.33977922157133,6.720521287866456,1.83101669506466,10.97006762404665,6.748734469491341,1.705439934173451,10.7290661680926,6.737500909236486,1.7535034898256896,180.7075123616007,0.00955591257661581,250,0.9818165600299835,1.0,1.0,disabled,single,3,row_1,row_2,-0.2233058363199234,-3.278114080429077,0.9545627600215848,0.044990220711002914,0.18736541501136006,3.0548082441091537,-0.1768039500671145,0,148,0,disabled,0,0.0,50.0,alpha
1536,3.3359222412109375,-4.551873207092285,-26.10701560974121,-0.2065001279115677,0.9517621397972107,0.035692691802978516,100,17,40,0.020067207515239716,0.4885993485342019,0.3,99,157,wall,both,1,1,1,1,1,1,0.0,3,3,0,alpha,full,huber,11.258446948437012,6.996076556547545,1.8332149769999369,11.051286426259447,7.663590428225027,1.6499768762112632,10.799203798311115,7.692907100483103,1.6973451060364422,154.18021868611703,0.020067207515239716,224,4.096030950546265,0.732416340652872,1.0,disabled,single,3,row_1,row_2,-0.20249442756175995,-3.323087692260742,0.9571754078705004,0.042241088110982684,0.17990536977890118,3.1205932646989822,-0.15872581254801132,0,148,0,disabled,0,0.0,50.0,alpha
1540,1.885644555091858,-1.469279170036316,-31.758333206176758,-0.2589743733406067,1.0518074035644531,0.05671769380569458,94,30,11,0.015367814339697361,0.5263157894736842,0.3,77,135,wall,both,1,1,1,1,1,1,0.0,1,1,0,alpha,full,huber,11.236832253355953,7.307938148292653,1.6800231889640838,10.972156986955579,7.830053246904015,1.68983513443896,10.86518576457834,7.922565146737438,1.6914366975070694,163.29663762740623,0.015367814339697361,250,2.6158130168914795,1.0,1.0,disabled,single,3,row_1,row_2,-0.2492026686668396,-3.3120386600494385,0.9546894418382794,0.044636419406110656,0.18797456728093623,3.062835991382599,-0.20283348548673855,0,148,0,disabled,0,0.0,50.0,alpha
1544,1.4490560293197632,-0.8676708340644836,0.0,-2.684919595718384,3.352442502975464,0.2142689824104309,0,0,0,0.013827119953930378,0.5,0.3,0,0,wall,both,1,1,1,1,1,1,0.0,0,0,0,alpha,full,huber,13.372322410262004,8.175411857930179,0.8983141024097021,11.168474210793539,8.787758137230092,1.5632937995127896,10.950590289341006,8.901562756960683,1.6249764521626897,164.95721725492373,0.013827121816575527,196,3.5988701581954956,0.8335949528960572,1.0,disabled,single,3,row_1,row_2,-2.684919595718384,-8.229272842407227,0.9960955834947334,0.003894206647233686,0.025620209250957877,5.544353246688843,-2.681007537080462,0,148,1,disabled,0,0.0,50.0,alpha
1548,1.6278033256530762,-1.094935417175293,0.0,-1.3126776218414307,2.429267406463623,0.017630577087402344,0,0,0,0.007892648689448833,0.5,0.3,0,0,wall,both,1,1,1,1,1,1,0.0,0,0,0,alpha,full,huber,12.515678993796515,9.658556803997614,1.079434235496863,11.54516352055412,9.175972538976279,1.4286942041988702,11.236441932108228,9.249615841913819,1.5251710335022821,215.5223888088375,0.007892648689448833,250,3.2161232233047485,0.9328000800035673,1.0,disabled,single,3,row_1,row_2,-1.3126776218414307,-5.8683295249938965,0.9895610660619483,0.010397959386364439,0.058276803111011646,4.555651903152466,-1.3021838200572535,0,148,0,disabled,0,0.0,50.0,alpha
1552,0.09242360293865204,-0.0035298026632517576,0.0,-0.025278903543949127,0.337231308221817,0.001280367374420166,0,0,0,0.00828331708908081,0.5,0.3,0,0,wall,both,1,1,1,1,1,1,0.0,0,0,0,alpha,full,huber,10.200057559102326,9.906072872052086,0.9419863101887511,10.868522885864458,9.977089485422162,1.6038376736454316,11.070243637796079,10.002367210086968,1.5625204997213906,176.58866098964077,0.00828331708908081,250,1.0014266669750214,1.0,1.0,disabled,single,3,row_1,row_2,-0.025278903543949127,-1.8912993669509888,0.862486997369914,0.13345970670812377,0.4187005899013428,1.8660204634070396,0.12265630215945295,0,148,0,disabled,0,0.0,50.0,alpha
1556,3.2788636684417725,-4.41040563583374,0.0,-3.2532992362976074,3.7173044681549072,0.21148478984832764,0,0,0,0.009976007975637913,0.5,0.3,0,0,wall,both,1,1,1,1,1,1,0.0,0,0,0,alpha,full,huber,13.906946685277767,9.9390135793054,0.22897231420951414,11.14635747647985,10.768773864659456,1.487181688558429,11.111643126646147,10.789456839980662,1.5274502628911666,194.35868063910277,0.009976007975637913,250,5.95780611038208,0.5035410593124534,1.0,disabled,single,3,row_1,row_2,-3.2532992362976074,-10.829937934875488,0.9994867538284297,0.0005120173347801855,0.00440947143033058,7.576638698577881,-3.2527858583701366,0,148,1,disabled,0,0.0,50.0,alpha
1560,1.186086893081665,-0.5813232064247131,0.0,-0.1454782336950302,0.448268860578537,0.15716814994812012,0,0,0,0.008604771457612514,0.5,0.3,0,0,wall,both,1,1,1,1,1,1,0.0,0,0,0,alpha,full,huber,9.803794866528003,10.665584280958397,1.4596502870445622,10.756794428185946,10.949805839094754,1.623647367254646,10.939688867068345,10.99574805805377,1.5912940704841017,212.04489155493138,0.008604771457612514,250,2.4594324827194214,1.0,1.0,disabled,single,3,row_1,row_2,-0.1454782336950302,-1.572190761566162,0.7993906277591221,0.1919312421798564,0.5369878256165675,1.426712527871132,0.07842732317277962,0,148,0,disabled,0,0.0,50.0,alpha
1564,1.7753171920776367,-1.3023765087127686,0.0,-0.7604649066925049,1.6068440675735474,0.21387189626693726,0,0,0,0.012257720343768597,0.5,0.3,0,0,wall,both,1,1,1,1,1,1,0.0,0,0,0,alpha,full,huber,10.518754656886852,12.059134322263013,1.5576547436904162,10.707697050700215,11.387998413633097,1.632127058705185,10.82082835540759,11.331605799290658,1.633427728424623,180.99230072825816,0.012257720343768597,250,2.787718653678894,1.0,1.0,disabled,single,3,row_1,row_2,-0.7604649066925049,-3.5821733474731445,0.9426185088093039,0.056089756901224294,0.22587855481203156,2.8217084407806396,-0.701371277917787,0,148,0,disabled,0,0.0,50.0,alpha
1568,3.201467752456665,-4.218515396118164,0.0,-0.7541062831878662,1.707743525505066,0.16116732358932495,0,0,0,0.013193466700613499,0.5,0.3,0,0,wall,both,1,1,1,1,1,1,0.0,0,0,0,alpha,full,huber,8.959137098667284,11.620464894304247,1.4670386908921191,10.33934626000746,11.67224260054276,1.7217508131754482,10.568696869888164,11.683550986141842,1.7016881243111115,203.5762810511134,0.013193466700613499,250,4.730173587799072,0.6342261957865876,1.0,disabled,single,3,row_1,row_2,-0.7541062831878662,-1.5088082551956177,0.660278083212128,0.3104302108911764,0.740630598569995,0.7547019720077515,-0.33901208868837984,0,148,0,disabled,0,0.0,50.0,alpha
1572,1.444196105003357,-0.8618605136871338,0.0,-1.7438496351242065,1.1020252704620361,0.6009347438812256,0,0,0,0.012298372574150562,0.5,0.3,0,0,wall,both,1,1,1,1,1,1,0.0,0,0,0,alpha,full,huber,8.289534299868548,10.180601304234095,-2.7743279404562027,10.053690516274536,12.049365633449394,1.7533757636041643,10.270567080575926,12.175066899653505,1.746075968632658,209.38163525576675,0.012298370711505413,250,3.1695711612701416,0.9465002826432237,1.0,disabled,single,3,row_1,row_2,-0.47558003664016724,-1.7438496351242065,0.7373331383502058,0.20742507933925408,0.7109355388432329,1.2682695984840393,-0.1708645671884479,0,148,0,disabled,0,0.0,50.0,alpha
1576,2.0149624347686768,-1.6777162551879883,-20.154123306274414,-1.5774307250976562,1.8859386444091797,0.43911778926849365,55,0,7,0.02502482943236828,0.7075471698113207,0.3,62,62,wall,both,1,1,1,1,1,1,0.0,1,1,0,alpha,full,huber,8.738056592594923,11.634152886343793,1.8667229229313245,9.474164380038324,12.013869511152734,1.922432482727511,9.857672391453038,12.177435943948847,1.8361565548734173,147.4910450035217,0.02502482943236828,250,3.1842113733291626,0.9421485097151181,1.0,disabled,single,3,row_1,row_2,-1.1010133028030396,-1.2731237411499023,0.5185167671446708,0.4365321063280901,0.8418379756073449,0.1721104383468628,-0.44423038875870113,0,148,0,disabled,0,0.0,50.0,alpha
1580,1.2588001489639282,-0.6547842025756836,-27.388561248779297,-1.4984791278839111,1.8840099573135376,0.41698580980300903,73,0,20,0.013083968311548233,0.6172839506172839,0.3,93,93,wall,both,1,1,1,1,1,1,0.0,2,2,0,alpha,full,huber,8.731788221379002,11.62332236825782,1.8397402119233393,9.18654184333392,11.847279260846722,2.014423265134482,9.520263598094285,12.019140999036072,1.925446285844278,176.12088030191993,0.013083970174193382,250,2.252390503883362,1.0,1.0,disabled,single,3,row_1,row_2,-1.0899518728256226,-1.266132116317749,0.5191915713720697,0.4353249169946217,0.8429268484680726,0.17618024349212646,-0.4344695252265366,0,148,0,disabled,0,0.0,50.0,alpha
1584,3.2392592430114746,-4.3122124671936035,-43.57190704345703,-1.0557790994644165,0.6805738210678101,0.48316484689712524,23,0,74,0.043235890567302704,0.6072874493927126,0.3,97,97,wall,both,1,1,1,1,1,1,0.0,1,1,0,alpha,full,huber,7.989323539175638,9.86887933976434,-2.6416749855809027,8.615136331799967,11.010522919846736,2.7352665478063916,9.06743883299746,11.515537136286857,2.330343403808258,58.0248912847379,0.043235890567302704,229,4.776377201080322,0.6280910978558099,1.0,disabled,single,3,row_1,row_2,-0.5371294617652893,-1.0557790994644165,0.5867742507797272,0.34932074032091387,0.8559830863890324,0.5186496376991272,-0.004014347345713043,0,148,0,disabled,0,0.0,50.0,alpha
1588,2.8017890453338623,-3.2438106536865234,-46.479270935058594,-0.7956100702285767,1.1690356731414795,0.34715741872787476,15,0,93,0.028764186426997185,0.5813953488372093,0.3,108,108,wall,both,1,1,1,1,1,1,0.0,1,1,0,alpha,full,huber,8.297647217773713,10.280409350888222,3.092774928030474,8.340411818672091,10.493238415053419,-3.133596625322749,8.70371404794642,11.004610269527952,2.7399608784140694,59.43231337366492,0.028764188289642334,80,3.09645414352417,0.9688501301639195,1.0,disabled,single,3,row_2,row_1,-0.7956100702285767,-1.1155445575714111,0.507414193330558,0.36848246735933476,0.9710818469928648,0.3199344873428345,-0.11718241068605739,1,149,0,disabled,0,0.0,50.0,alpha
1592,6.292267799377441,-11.881656646728516,0.0,-0.6139513254165649,1.6543411016464233,0.03757786750793457,0,0,0,0.06549312174320221,0.5,0.3,0,0,wall,both,1,1,1,1,1,1,0.0,0,0,0,alpha,full,huber,10.144854988870158,12.13082703666496,1.1663888216363958,9.302384767955877,11.611466729887077,1.8348318013218539,9.001496470461493,11.308698060227862,2.2873648514473217,24.372495561082605,0.0654931291937828,80,8.198424339294434,0.36592397219807526,1.0,disabled,single,3,row_1,row_2,-0.6139513254165649,-3.1928014755249023,0.9274196925653307,0.07035515489015938,0.2702078871994983,2.5788501501083374,-0.5386022523321118,1,150,0,disabled,0,0.0,50.0,alpha
