eval_est_tum,gt_tum,finite_samples,dropped_samples,alignment_scale,ape_raw_rmse,ape_raw_mean,ape_raw_median,ape_raw_max,ape_align_rmse,ape_align_mean,ape_align_median,ape_align_max,cross_track_mean,cross_track_median,cross_track_max,row_correct_fraction,row_switch_events,wrong_row_duration_sec,wrong_row_distance_m,max_wrong_row_duration_sec,max_wrong_row_distance_m,mean_recovery_distance_m,failure_rate,xt_below_0p25_fraction,xt_below_0p5_fraction,xt_below_1p0_fraction,headland_cross_track_mean,headland_cross_track_median,headland_cross_track_max,headland_row_correct_fraction,headland_row_switch_events,headland_wrong_row_duration_sec,headland_wrong_row_distance_m,headland_max_wrong_row_duration_sec,headland_max_wrong_row_distance_m,headland_mean_recovery_distance_m,headland_failure_rate,headland_xt_below_0p25_fraction,headland_xt_below_0p5_fraction,headland_xt_below_1p0_fraction,inrow_cross_track_mean,inrow_cross_track_median,inrow_cross_track_max,inrow_row_correct_fraction,inrow_row_switch_events,inrow_wrong_row_duration_sec,inrow_wrong_row_distance_m,inrow_max_wrong_row_duration_sec,inrow_max_wrong_row_distance_m,inrow_mean_recovery_distance_m,inrow_failure_rate,inrow_xt_below_0p25_fraction,inrow_xt_below_0p5_fraction,inrow_xt_below_1p0_fraction,speed_mean,accel_rms,jerk_rms,heading_rate_rms,heading_accel_rms,traversal,profile,seed,method,method_key,source,degraded_gnss_tum,degraded_gnss_sha256,affected_mask_path,affected_mask_sha256,est_output_sha256,gt_output_sha256,affected_fraction
/home/pulver/projects/vineyard_pf/Outdoor_SLPF_icra_evidence/results/icra_submission/reruns/gnss_stress_full_v2/rh1/nominal/seed_11/degraded_noisy_gnss.tum,/home/pulver/projects/vineyard_pf/Outdoor_SLPF_icra_evidence/results/iros_rh1/20260217_172656_multiseed_main/slpf/seed_11/gps_pose.tum,399,0,1.0,1.2825491627357206,1.1362930896139505,1.0686280128767056,3.5570627213660226,1.2489549828741113,1.1056065251191227,1.018096914776535,3.7639796226275157,1.454032446285381,1.3974125077058384,4.731255120188697,0.6842105263157895,48.0,504.0,91.1963349416291,52.0,7.7671678001866695,1.899923644617273,0.3157894736842105,0.10526315789473684,0.18295739348370926,0.3609022556390977,nan,nan,nan,nan,nan,nan,nan,nan,nan,nan,nan,nan,nan,nan,1.454032446285381,1.3974125077058384,4.731255120188697,0.6842105263157895,48.0,504.0,91.1963349416291,52.0,7.7671678001866695,1.899923644617273,0.3157894736842105,0.10526315789473684,0.18295739348370926,0.3609022556390977,0.32645510364182656,0.06351705859164322,0.026947031571499327,0.4757989968792074,0.1767956626057085,rh1,nominal,11,NoisyGNSS,ngps,generated_degraded_gnss,/home/pulver/projects/vineyard_pf/Outdoor_SLPF_icra_evidence/results/icra_submission/reruns/gnss_stress_full_v2/rh1/nominal/seed_11/degraded_noisy_gnss.tum,1a11a27b83d5d8de7124cd9b6d0b9519f6cea12cf455b99b18ca65398c50e56a,/home/pulver/projects/vineyard_pf/Outdoor_SLPF_icra_evidence/results/icra_submission/reruns/gnss_stress_full_v2/rh1/nominal/seed_11/affected_mask.npy,5c4ba893aac27837288b853faf641204ecbd3c6cdfc16c7245872358bc8e51b8,1a11a27b83d5d8de7124cd9b6d0b9519f6cea12cf455b99b18ca65398c50e56a,13d0eee6e833e7a0e4e17fe1163bfa913bb1c54e6ea862aaf13ed1885ee0e29b,1.0
/home/pulver/projects/vineyard_pf/Outdoor_SLPF_icra_evidence/results/icra_submission/reruns/gnss_stress_full_v2/rh1/nominal/seed_11/slpf/trajectory_0.5.tum,/home/pulver/projects/vineyard_pf/Outdoor_SLPF_icra_evidence/results/icra_submission/reruns/gnss_stress_full_v2/rh1/nominal/seed_11/slpf/gps_pose.tum,399,0,1.0,0.9156106037819198,0.7749546636765723,0.6894114653868273,2.933576525534094,0.8930724073484898,0.7631566746405778,0.6724005659740855,2.728715957734913,1.2839856317791247,1.1715172403498197,3.6859914435509,0.7268170426065163,35.0,436.0,84.55257558089963,60.0,9.70404502207084,2.415787873739989,0.2731829573934837,0.045112781954887216,0.12030075187969924,0.3533834586466165,nan,nan,nan,nan,nan,nan,nan,nan,nan,nan,nan,nan,nan,nan,1.2839856317791247,1.1715172403498197,3.6859914435509,0.7268170426065163,35.0,436.0,84.55257558089963,60.0,9.70404502207084,2.415787873739989,0.2731829573934837,0.045112781954887216,0.12030075187969924,0.3533834586466165,0.17267109166251726,0.032817916774508495,0.013287855251215354,0.14339471682792215,0.0499307831620156,rh1,nominal,11,SLPF,slpf,canonical_slpf_baseline,/home/pulver/projects/vineyard_pf/Outdoor_SLPF_icra_evidence/results/icra_submission/reruns/gnss_stress_full_v2/rh1/nominal/seed_11/degraded_noisy_gnss.tum,1a11a27b83d5d8de7124cd9b6d0b9519f6cea12cf455b99b18ca65398c50e56a,/home/pulver/projects/vineyard_pf/Outdoor_SLPF_icra_evidence/results/icra_submission/reruns/gnss_stress_full_v2/rh1/nominal/seed_11/affected_mask.npy,5c4ba893aac27837288b853faf641204ecbd3c6cdfc16c7245872358bc8e51b8,473abf84d064dd8e5e0859a9199cafd946b9e2e27894b73a41f4b7a97aca0f31,13d0eee6e833e7a0e4e17fe1163bfa913bb1c54e6ea862aaf13ed1885ee0e29b,1.0
/home/pulver/projects/vineyard_pf/Outdoor_SLPF_icra_evidence/results/icra_submission/reruns/gnss_stress_full_v2/rh1/nominal/seed_11/amcl_ngps/trajectory_0.5.tum,/home/pulver/projects/vineyard_pf/Outdoor_SLPF_icra_evidence/results/icra_submission/reruns/gnss_stress_full_v2/rh1/nominal/seed_11/amcl_ngps/gps_pose.tum,401,0,1.0,1.6204808908537531,1.4270258857682956,1.7048728762792258,3.3517532966340244,1.1544893451982279,1.0766678111194457,1.0602481668042316,4.134423411762645,1.2257500042487488,0.8636567342589161,4.1444481572156855,0.6359102244389028,26.0,155.4658327102661,97.93200278344493,19.333094120025635,11.795862401485076,3.766615491670959,0.3640897755610973,0.2119700748129676,0.3640897755610973,0.5261845386533666,nan,nan,nan,nan,nan,nan,nan,nan,nan,nan,nan,nan,nan,nan,1.2257500042487488,0.8636567342589161,4.1444481572156855,0.6359102244389028,26.0,155.4658327102661,97.93200278344493,19.333094120025635,11.795862401485076,3.766615491670959,0.3640897755610973,0.2119700748129676,0.3640897755610973,0.5261845386533666,0.6551165415794824,0.34974245149491845,0.6561589453078636,0.601144856298282,1.031856896603989,rh1,nominal,11,AMCL+NoisyGNSS,amcl_ngps,kalman_amcl_degraded_gnss,/home/pulver/projects/vineyard_pf/Outdoor_SLPF_icra_evidence/results/icra_submission/reruns/gnss_stress_full_v2/rh1/nominal/seed_11/degraded_noisy_gnss.tum,1a11a27b83d5d8de7124cd9b6d0b9519f6cea12cf455b99b18ca65398c50e56a,/home/pulver/projects/vineyard_pf/Outdoor_SLPF_icra_evidence/results/icra_submission/reruns/gnss_stress_full_v2/rh1/nominal/seed_11/affected_mask.npy,5c4ba893aac27837288b853faf641204ecbd3c6cdfc16c7245872358bc8e51b8,6c1fc0b4e9e6fc4bde08beff501e9ab3adaa9966c68b12a574b6e285baf11d40,ea5a5b851f7e6290c932da2e02d5848b930fbf9b277e3c9c45c7bc766d78700e,1.0
/home/pulver/projects/vineyard_pf/Outdoor_SLPF_icra_evidence/results/icra_submission/reruns/gnss_stress_full_v2/rh1/nominal/seed_11/rtab_rgb_ngps/trajectory_0.5.tum,/home/pulver/projects/vineyard_pf/Outdoor_SLPF_icra_evidence/results/icra_submission/reruns/gnss_stress_full_v2/rh1/nominal/seed_11/rtab_rgb_ngps/gps_pose.tum,377,0,1.0,28.622263433964143,24.312978220615104,24.437202682821066,54.57548590483437,2.518137417955188,2.106385672213606,1.7447492813196444,7.510655104629569,1.8987931151930062,1.656716380387138,6.859780387188232,0.5145888594164456,23.0,201.04648447036743,123.03621210054699,38.369348764419556,23.833409503372838,5.349400526110739,0.4854111405835544,0.09283819628647215,0.1830238726790451,0.3421750663129973,nan,nan,nan,nan,nan,nan,nan,nan,nan,nan,nan,nan,nan,nan,1.8987931151930062,1.656716380387138,6.859780387188232,0.5145888594164456,23.0,201.04648447036743,123.03621210054699,38.369348764419556,23.833409503372838,5.349400526110739,0.4854111405835544,0.09283819628647215,0.1830238726790451,0.3421750663129973,0.6262077663804442,0.19922829977922102,0.31871526744493817,0.44445830114981616,0.6325936981248406,rh1,nominal,11,RTAB RGB+NoisyGNSS,rtab_rgb_ngps,kalman_start_pose_anchored_rtab_degraded_gnss,/home/pulver/projects/vineyard_pf/Outdoor_SLPF_icra_evidence/results/icra_submission/reruns/gnss_stress_full_v2/rh1/nominal/seed_11/degraded_noisy_gnss.tum,1a11a27b83d5d8de7124cd9b6d0b9519f6cea12cf455b99b18ca65398c50e56a,/home/pulver/projects/vineyard_pf/Outdoor_SLPF_icra_evidence/results/icra_submission/reruns/gnss_stress_full_v2/rh1/nominal/seed_11/affected_mask.npy,5c4ba893aac27837288b853faf641204ecbd3c6cdfc16c7245872358bc8e51b8,53d4a4a8bd7483ef617447e6750def481fd24b6f13f0adad71d972eb1a9272a6,f97c0806a08846ecaae10ab5dad7e951b7a71ce672bcb21fbbcc9e88a5295619,1.0
/home/pulver/projects/vineyard_pf/Outdoor_SLPF_icra_evidence/results/icra_submission/reruns/gnss_stress_full_v2/rh1/nominal/seed_11/rtab_rgbd_ngps/trajectory_0.5.tum,/home/pulver/projects/vineyard_pf/Outdoor_SLPF_icra_evidence/results/icra_submission/reruns/gnss_stress_full_v2/rh1/nominal/seed_11/rtab_rgbd_ngps/gps_pose.tum,380,0,1.0,28.58481930251503,24.267090972479885,24.34047480262654,54.390333764996,2.56655859861526,2.139754542161619,1.7536762540504878,7.801750685603544,1.9395336049341498,1.6956360464652536,6.72830427118508,0.5052631578947369,23.0,205.1791069507599,125.20868368473825,38.63814187049866,23.97264006046573,5.443855812379923,0.49473684210526314,0.10263157894736842,0.1763157894736842,0.33421052631578946,nan,nan,nan,nan,nan,nan,nan,nan,nan,nan,nan,nan,nan,nan,1.9395336049341498,1.6956360464652536,6.72830427118508,0.5052631578947369,23.0,205.1791069507599,125.20868368473825,38.63814187049866,23.97264006046573,5.443855812379923,0.49473684210526314,0.10263157894736842,0.1763157894736842,0.33421052631578946,0.6247021975565478,0.20866934809177146,0.3268013820507951,0.4339475445076956,0.6118579377719546,rh1,nominal,11,RTAB RGBD+NoisyGNSS,rtab_rgbd_ngps,kalman_start_pose_anchored_rtab_degraded_gnss,/home/pulver/projects/vineyard_pf/Outdoor_SLPF_icra_evidence/results/icra_submission/reruns/gnss_stress_full_v2/rh1/nominal/seed_11/degraded_noisy_gnss.tum,1a11a27b83d5d8de7124cd9b6d0b9519f6cea12cf455b99b18ca65398c50e56a,/home/pulver/projects/vineyard_pf/Outdoor_SLPF_icra_evidence/results/icra_submission/reruns/gnss_stress_full_v2/rh1/nominal/seed_11/affected_mask.npy,5c4ba893aac27837288b853faf641204ecbd3c6cdfc16c7245872358bc8e51b8,5c6f4f64d9597bfeb87581f150448261a6b2ddd86dbfd471aa6094ba79ea85f7,f97c0806a08846ecaae10ab5dad7e951b7a71ce672bcb21fbbcc9e88a5295619,1.0
/home/pulver/projects/vineyard_pf/Outdoor_SLPF_icra_evidence/results/icra_submission/reruns/gnss_stress_full_v2/rh1/nominal/seed_22/degraded_noisy_gnss.tum,/home/pulver/projects/vineyard_pf/Outdoor_SLPF_icra_evidence/results/iros_rh1/20260217_172656_multiseed_main/slpf/seed_11/gps_pose.tum,399,0,1.0,1.2448303141306205,1.1276892608380624,1.0954266719681767,3.063481957365329,1.2144732098202173,1.0948017251990232,1.0776001914393656,3.1642152674265565,1.3533222911564193,1.2783357372403155,4.6711942151284855,0.681704260651629,56.0,508.0,90.61340347458015,40.0,7.461311834731747,1.6180964906175028,0.3182957393483709,0.07518796992481203,0.17042606516290726,0.40350877192982454,nan,nan,nan,nan,nan,nan,nan,nan,nan,nan,nan,nan,nan,nan,1.3533222911564193,1.2783357372403155,4.6711942151284855,0.681704260651629,56.0,508.0,90.61340347458015,40.0,7.461311834731747,1.6180964906175028,0.3182957393483709,0.07518796992481203,0.17042606516290726,0.40350877192982454,0.3177694844051097,0.06725220489004584,0.028794965158314104,0.483802836302426,0.18163482580121934,rh1,nominal,22,NoisyGNSS,ngps,generated_degraded_gnss,/home/pulver/projects/vineyard_pf/Outdoor_SLPF_icra_evidence/results/icra_submission/reruns/gnss_stress_full_v2/rh1/nominal/seed_22/degraded_noisy_gnss.tum,2b65b813d43f44f753e038241a10a9bef1dc82f02ea1727a2814399c2d3452a8,/home/pulver/projects/vineyard_pf/Outdoor_SLPF_icra_evidence/results/icra_submission/reruns/gnss_stress_full_v2/rh1/nominal/seed_22/affected_mask.npy,5c4ba893aac27837288b853faf641204ecbd3c6cdfc16c7245872358bc8e51b8,2b65b813d43f44f753e038241a10a9bef1dc82f02ea1727a2814399c2d3452a8,13d0eee6e833e7a0e4e17fe1163bfa913bb1c54e6ea862aaf13ed1885ee0e29b,1.0
/home/pulver/projects/vineyard_pf/Outdoor_SLPF_icra_evidence/results/icra_submission/reruns/gnss_stress_full_v2/rh1/nominal/seed_22/slpf/trajectory_0.5.tum,/home/pulver/projects/vineyard_pf/Outdoor_SLPF_icra_evidence/results/icra_submission/reruns/gnss_stress_full_v2/rh1/nominal/seed_22/slpf/gps_pose.tum,399,0,1.0,1.0205489711727482,0.8440822551774134,0.7015932420871303,3.080432863622969,0.9439637858972012,0.8221523800992778,0.7549699317306718,2.5841426950060065,1.347019916073229,1.1412927821463017,4.359644438753388,0.7192982456140351,36.0,448.0,76.29352228995764,68.0,11.495291804299569,2.119264508054379,0.2807017543859649,0.03258145363408521,0.10526315789473684,0.37343358395989973,nan,nan,nan,nan,nan,nan,nan,nan,nan,nan,nan,nan,nan,nan,1.347019916073229,1.1412927821463017,4.359644438753388,0.7192982456140351,36.0,448.0,76.29352228995764,68.0,11.495291804299569,2.119264508054379,0.2807017543859649,0.03258145363408521,0.10526315789473684,0.37343358395989973,0.17197012465407902,0.03231399056955534,0.013112793822377023,0.13774456218989992,0.04814014253363804,rh1,nominal,22,SLPF,slpf,canonical_slpf_baseline,/home/pulver/projects/vineyard_pf/Outdoor_SLPF_icra_evidence/results/icra_submission/reruns/gnss_stress_full_v2/rh1/nominal/seed_22/degraded_noisy_gnss.tum,2b65b813d43f44f753e038241a10a9bef1dc82f02ea1727a2814399c2d3452a8,/home/pulver/projects/vineyard_pf/Outdoor_SLPF_icra_evidence/results/icra_submission/reruns/gnss_stress_full_v2/rh1/nominal/seed_22/affected_mask.npy,5c4ba893aac27837288b853faf641204ecbd3c6cdfc16c7245872358bc8e51b8,94d8ea092694a8a3dbae110a6cf464933353f74a247b4500f8c35505dfaa33ea,13d0eee6e833e7a0e4e17fe1163bfa913bb1c54e6ea862aaf13ed1885ee0e29b,1.0
/home/pulver/projects/vineyard_pf/Outdoor_SLPF_icra_evidence/results/icra_submission/reruns/gnss_stress_full_v2/rh1/nominal/seed_22/amcl_ngps/trajectory_0.5.tum,/home/pulver/projects/vineyard_pf/Outdoor_SLPF_icra_evidence/results/icra_submission/reruns/gnss_stress_full_v2/rh1/nominal/seed_22/amcl_ngps/gps_pose.tum,401,0,1.0,1.4442582573136002,1.252086371899043,1.4576937555411564,3.494802663983362,1.0586719104942774,0.9755387358017034,0.9664490255168092,3.9861197792235457,1.1566151046697795,0.8569389680890847,4.094810150782277,0.6433915211970075,28.0,151.73107242584229,95.81291695736512,19.333094120025635,11.795862401485076,3.4218898913344686,0.3566084788029925,0.23192019950124687,0.39650872817955113,0.5187032418952618,nan,nan,nan,nan,nan,nan,nan,nan,nan,nan,nan,nan,nan,nan,1.1566151046697795,0.8569389680890847,4.094810150782277,0.6433915211970075,28.0,151.73107242584229,95.81291695736512,19.333094120025635,11.795862401485076,3.4218898913344686,0.3566084788029925,0.23192019950124687,0.39650872817955113,0.5187032418952618,0.6581202330709985,0.32153253459621567,0.5997118338513805,0.5522787613543813,0.8868579488148658,rh1,nominal,22,AMCL+NoisyGNSS,amcl_ngps,kalman_amcl_degraded_gnss,/home/pulver/projects/vineyard_pf/Outdoor_SLPF_icra_evidence/results/icra_submission/reruns/gnss_stress_full_v2/rh1/nominal/seed_22/degraded_noisy_gnss.tum,2b65b813d43f44f753e038241a10a9bef1dc82f02ea1727a2814399c2d3452a8,/home/pulver/projects/vineyard_pf/Outdoor_SLPF_icra_evidence/results/icra_submission/reruns/gnss_stress_full_v2/rh1/nominal/seed_22/affected_mask.npy,5c4ba893aac27837288b853faf641204ecbd3c6cdfc16c7245872358bc8e51b8,495d479a58943336dc20b6cff4bc82a86ed069a072644e755732b0571f14a41d,ea5a5b851f7e6290c932da2e02d5848b930fbf9b277e3c9c45c7bc766d78700e,1.0
/home/pulver/projects/vineyard_pf/Outdoor_SLPF_icra_evidence/results/icra_submission/reruns/gnss_stress_full_v2/rh1/nominal/seed_22/rtab_rgb_ngps/trajectory_0.5.tum,/home/pulver/projects/vineyard_pf/Outdoor_SLPF_icra_evidence/results/icra_submission/reruns/gnss_stress_full_v2/rh1/nominal/seed_22/rtab_rgb_ngps/gps_pose.tum,377,0,1.0,28.512690590956474,24.196625554979637,24.04480213468614,54.23732491578476,2.5901327273158876,2.187835869721036,1.82511539903262,8.148304561019751,1.900214512967431,1.6840231462888406,6.7470292090182635,0.4854111405835544,24.0,213.95229744911194,130.24035131016,34.76252508163452,21.67651927259637,5.426681304590001,0.5145888594164456,0.09814323607427056,0.20954907161803712,0.33421750663129973,nan,nan,nan,nan,nan,nan,nan,nan,nan,nan,nan,nan,nan,nan,1.900214512967431,1.6840231462888406,6.7470292090182635,0.4854111405835544,24.0,213.95229744911194,130.24035131016,34.76252508163452,21.67651927259637,5.426681304590001,0.5145888594164456,0.09814323607427056,0.20954907161803712,0.33421750663129973,0.6260965891435557,0.19723072425689386,0.30735314342629566,0.4620093019536224,0.659088576962345,rh1,nominal,22,RTAB RGB+NoisyGNSS,rtab_rgb_ngps,kalman_start_pose_anchored_rtab_degraded_gnss,/home/pulver/projects/vineyard_pf/Outdoor_SLPF_icra_evidence/results/icra_submission/reruns/gnss_stress_full_v2/rh1/nominal/seed_22/degraded_noisy_gnss.tum,2b65b813d43f44f753e038241a10a9bef1dc82f02ea1727a2814399c2d3452a8,/home/pulver/projects/vineyard_pf/Outdoor_SLPF_icra_evidence/results/icra_submission/reruns/gnss_stress_full_v2/rh1/nominal/seed_22/affected_mask.npy,5c4ba893aac27837288b853faf641204ecbd3c6cdfc16c7245872358bc8e51b8,ae999afd0f2c8ee2658dbf3c1f7963de8dd72a7ca4f8e71dec2fc20f156444e6,f97c0806a08846ecaae10ab5dad7e951b7a71ce672bcb21fbbcc9e88a5295619,1.0
/home/pulver/projects/vineyard_pf/Outdoor_SLPF_icra_evidence/results/icra_submission/reruns/gnss_stress_full_v2/rh1/nominal/seed_22/rtab_rgbd_ngps/trajectory_0.5.tum,/home/pulver/projects/vineyard_pf/Outdoor_SLPF_icra_evidence/results/icra_submission/reruns/gnss_stress_full_v2/rh1/nominal/seed_22/rtab_rgbd_ngps/gps_pose.tum,380,0,1.0,28.494669820063184,24.16580763854807,24.016253999942066,54.05958565598957,2.6355206476565325,2.218462871769863,1.8414628178593437,8.232925188005403,1.9389742439150597,1.6987594296228028,6.855363099054809,0.4763157894736842,24.0,217.66951632499695,132.15755939798342,37.63742518424988,23.34897955996548,5.5065649749159755,0.5236842105263158,0.09210526315789473,0.19736842105263158,0.3263157894736842,nan,nan,nan,nan,nan,nan,nan,nan,nan,nan,nan,nan,nan,nan,1.9389742439150597,1.6987594296228028,6.855363099054809,0.4763157894736842,24.0,217.66951632499695,132.15755939798342,37.63742518424988,23.34897955996548,5.5065649749159755,0.5236842105263158,0.09210526315789473,0.19736842105263158,0.3263157894736842,0.6279817820247631,0.21740946610233985,0.3406235700210378,0.48113320308141405,0.6864816920269746,rh1,nominal,22,RTAB RGBD+NoisyGNSS,rtab_rgbd_ngps,kalman_start_pose_anchored_rtab_degraded_gnss,/home/pulver/projects/vineyard_pf/Outdoor_SLPF_icra_evidence/results/icra_submission/reruns/gnss_stress_full_v2/rh1/nominal/seed_22/degraded_noisy_gnss.tum,2b65b813d43f44f753e038241a10a9bef1dc82f02ea1727a2814399c2d3452a8,/home/pulver/projects/vineyard_pf/Outdoor_SLPF_icra_evidence/results/icra_submission/reruns/gnss_stress_full_v2/rh1/nominal/seed_22/affected_mask.npy,5c4ba893aac27837288b853faf641204ecbd3c6cdfc16c7245872358bc8e51b8,8f7278daf979ff90eadf37f0ca0f58117d7809883c42a5a6c4d47c2c21ff5eb1,f97c0806a08846ecaae10ab5dad7e951b7a71ce672bcb21fbbcc9e88a5295619,1.0
/home/pulver/projects/vineyard_pf/Outdoor_SLPF_icra_evidence/results/icra_submission/reruns/gnss_stress_full_v2/rh1/nominal/seed_33/degraded_noisy_gnss.tum,/home/pulver/projects/vineyard_pf/Outdoor_SLPF_icra_evidence/results/iros_rh1/20260217_172656_multiseed_main/slpf/seed_11/gps_pose.tum,399,0,1.0,1.3857219283137903,1.0959801613094997,0.9932425184753699,13.054213436237726,1.3673770774600666,1.0689752254538827,0.9991895558810986,13.268282277168455,1.5698817573605113,1.4520815713657025,11.944146879226244,0.7468671679197995,51.0,404.0,82.06619502832743,20.0,6.2428204010939945,1.6091410789868124,0.2531328320802005,0.08521303258145363,0.15538847117794485,0.3659147869674185,nan,nan,nan,nan,nan,nan,nan,nan,nan,nan,nan,nan,nan,nan,1.5698817573605113,1.4520815713657025,11.944146879226244,0.7468671679197995,51.0,404.0,82.06619502832743,20.0,6.2428204010939945,1.6091410789868124,0.2531328320802005,0.08521303258145363,0.15538847117794485,0.3659147869674185,0.3559388031160137,0.08291064835211771,0.03251577163838118,0.4908334347685984,0.18133168335841526,rh1,nominal,33,NoisyGNSS,ngps,generated_degraded_gnss,/home/pulver/projects/vineyard_pf/Outdoor_SLPF_icra_evidence/results/icra_submission/reruns/gnss_stress_full_v2/rh1/nominal/seed_33/degraded_noisy_gnss.tum,48f28ce82f0425be80647d474bed8448702d3a235f9c25bde751c52cf42b2cf8,/home/pulver/projects/vineyard_pf/Outdoor_SLPF_icra_evidence/results/icra_submission/reruns/gnss_stress_full_v2/rh1/nominal/seed_33/affected_mask.npy,5c4ba893aac27837288b853faf641204ecbd3c6cdfc16c7245872358bc8e51b8,48f28ce82f0425be80647d474bed8448702d3a235f9c25bde751c52cf42b2cf8,13d0eee6e833e7a0e4e17fe1163bfa913bb1c54e6ea862aaf13ed1885ee0e29b,1.0
/home/pulver/projects/vineyard_pf/Outdoor_SLPF_icra_evidence/results/icra_submission/reruns/gnss_stress_full_v2/rh1/nominal/seed_33/slpf/trajectory_0.5.tum,/home/pulver/projects/vineyard_pf/Outdoor_SLPF_icra_evidence/results/icra_submission/reruns/gnss_stress_full_v2/rh1/nominal/seed_33/slpf/gps_pose.tum,399,0,1.0,0.8891699165759579,0.7583835103023148,0.6218715753166366,2.2192139727452247,0.8398969243265039,0.7300587021132289,0.6993400917302621,2.220540605605756,1.383178892673536,1.2540281250147145,3.907582002275071,0.7243107769423559,40.0,440.0,84.968719735377,52.0,7.02813776972909,2.1242179933844247,0.2756892230576441,0.022556390977443608,0.07268170426065163,0.2606516290726817,nan,nan,nan,nan,nan,nan,nan,nan,nan,nan,nan,nan,nan,nan,1.383178892673536,1.2540281250147145,3.907582002275071,0.7243107769423559,40.0,440.0,84.968719735377,52.0,7.02813776972909,2.1242179933844247,0.2756892230576441,0.022556390977443608,0.07268170426065163,0.2606516290726817,0.17158275700168027,0.03169765679727194,0.012836521556487826,0.1399587907596685,0.051338992812022866,rh1,nominal,33,SLPF,slpf,canonical_slpf_baseline,/home/pulver/projects/vineyard_pf/Outdoor_SLPF_icra_evidence/results/icra_submission/reruns/gnss_stress_full_v2/rh1/nominal/seed_33/degraded_noisy_gnss.tum,48f28ce82f0425be80647d474bed8448702d3a235f9c25bde751c52cf42b2cf8,/home/pulver/projects/vineyard_pf/Outdoor_SLPF_icra_evidence/results/icra_submission/reruns/gnss_stress_full_v2/rh1/nominal/seed_33/affected_mask.npy,5c4ba893aac27837288b853faf641204ecbd3c6cdfc16c7245872358bc8e51b8,d853ef15c8635ac4522581c4950ba138553c42c4d81be3d6656477023c8abe92,13d0eee6e833e7a0e4e17fe1163bfa913bb1c54e6ea862aaf13ed1885ee0e29b,1.0
/home/pulver/projects/vineyard_pf/Outdoor_SLPF_icra_evidence/results/icra_submission/reruns/gnss_stress_full_v2/rh1/nominal/seed_33/amcl_ngps/trajectory_0.5.tum,/home/pulver/projects/vineyard_pf/Outdoor_SLPF_icra_evidence/results/icra_submission/reruns/gnss_stress_full_v2/rh1/nominal/seed_33/amcl_ngps/gps_pose.tum,401,0,1.0,1.5312789483126676,1.3566404628268058,1.5947207121744738,3.3025034834063414,1.088715606815625,1.0133666435450952,1.0008802487228345,4.003228589035329,1.1454805995689425,0.8345027748154298,3.779058026259086,0.6633416458852868,25.0,142.19868850708008,89.71450412006412,19.333094120025635,11.795862401485076,3.588580164802565,0.33665835411471323,0.27680798004987534,0.42144638403990026,0.5311720698254364,nan,nan,nan,nan,nan,nan,nan,nan,nan,nan,nan,nan,nan,nan,1.1454805995689425,0.8345027748154298,3.779058026259086,0.6633416458852868,25.0,142.19868850708008,89.71450412006412,19.333094120025635,11.795862401485076,3.588580164802565,0.33665835411471323,0.27680798004987534,0.42144638403990026,0.5311720698254364,0.6526364329102465,0.31638059827581594,0.5979633849063423,0.5548282722423027,0.8767930602008183,rh1,nominal,33,AMCL+NoisyGNSS,amcl_ngps,kalman_amcl_degraded_gnss,/home/pulver/projects/vineyard_pf/Outdoor_SLPF_icra_evidence/results/icra_submission/reruns/gnss_stress_full_v2/rh1/nominal/seed_33/degraded_noisy_gnss.tum,48f28ce82f0425be80647d474bed8448702d3a235f9c25bde751c52cf42b2cf8,/home/pulver/projects/vineyard_pf/Outdoor_SLPF_icra_evidence/results/icra_submission/reruns/gnss_stress_full_v2/rh1/nominal/seed_33/affected_mask.npy,5c4ba893aac27837288b853faf641204ecbd3c6cdfc16c7245872358bc8e51b8,3ffb7b030d0744e9a2a2adbaf45a99385b16a05628b97c170592851ef20c7aef,ea5a5b851f7e6290c932da2e02d5848b930fbf9b277e3c9c45c7bc766d78700e,1.0
/home/pulver/projects/vineyard_pf/Outdoor_SLPF_icra_evidence/results/icra_submission/reruns/gnss_stress_full_v2/rh1/nominal/seed_33/rtab_rgb_ngps/trajectory_0.5.tum,/home/pulver/projects/vineyard_pf/Outdoor_SLPF_icra_evidence/results/icra_submission/reruns/gnss_stress_full_v2/rh1/nominal/seed_33/rtab_rgb_ngps/gps_pose.tum,377,0,1.0,28.578983449430037,24.33318123623778,24.06623609493485,54.233672696029146,2.5080046183878664,2.0942126747326992,1.7099244329971819,8.078875557192639,1.929402460711442,1.6909305036392603,6.780810916232949,0.48010610079575594,25.0,215.43182229995728,131.97874987382204,34.76252508163452,21.67651927259637,5.279149994952881,0.519893899204244,0.10344827586206896,0.18037135278514588,0.33156498673740054,nan,nan,nan,nan,nan,nan,nan,nan,nan,nan,nan,nan,nan,nan,1.929402460711442,1.6909305036392603,6.780810916232949,0.48010610079575594,25.0,215.43182229995728,131.97874987382204,34.76252508163452,21.67651927259637,5.279149994952881,0.519893899204244,0.10344827586206896,0.18037135278514588,0.33156498673740054,0.6407332845818738,0.3040511754236116,0.4738870704634791,0.4919457742449475,0.6888901671428513,rh1,nominal,33,RTAB RGB+NoisyGNSS,rtab_rgb_ngps,kalman_start_pose_anchored_rtab_degraded_gnss,/home/pulver/projects/vineyard_pf/Outdoor_SLPF_icra_evidence/results/icra_submission/reruns/gnss_stress_full_v2/rh1/nominal/seed_33/degraded_noisy_gnss.tum,48f28ce82f0425be80647d474bed8448702d3a235f9c25bde751c52cf42b2cf8,/home/pulver/projects/vineyard_pf/Outdoor_SLPF_icra_evidence/results/icra_submission/reruns/gnss_stress_full_v2/rh1/nominal/seed_33/affected_mask.npy,5c4ba893aac27837288b853faf641204ecbd3c6cdfc16c7245872358bc8e51b8,85a93231b90a29ce5cbdbcfdf979be9e4e71cf6a0652b942745cd98f9a67a531,f97c0806a08846ecaae10ab5dad7e951b7a71ce672bcb21fbbcc9e88a5295619,1.0
/home/pulver/projects/vineyard_pf/Outdoor_SLPF_icra_evidence/results/icra_submission/reruns/gnss_stress_full_v2/rh1/nominal/seed_33/rtab_rgbd_ngps/trajectory_0.5.tum,/home/pulver/projects/vineyard_pf/Outdoor_SLPF_icra_evidence/results/icra_submission/reruns/gnss_stress_full_v2/rh1/nominal/seed_33/rtab_rgbd_ngps/gps_pose.tum,380,0,1.0,28.53941208045287,24.280779627082264,24.095138664669733,53.97583955010364,2.5459754918819546,2.1249569224997176,1.7640854384348201,8.020363941317443,1.9717067523346223,1.7304869001075558,6.806178001971019,0.4763157894736842,24.0,217.36760115623474,132.74627186771625,39.63885736465454,24.562288825415255,5.531094661154843,0.5236842105263158,0.08421052631578947,0.18421052631578946,0.32105263157894737,nan,nan,nan,nan,nan,nan,nan,nan,nan,nan,nan,nan,nan,nan,1.9717067523346223,1.7304869001075558,6.806178001971019,0.4763157894736842,24.0,217.36760115623474,132.74627186771625,39.63885736465454,24.562288825415255,5.531094661154843,0.5236842105263158,0.08421052631578947,0.18421052631578946,0.32105263157894737,0.6256502765863271,0.1976025822312854,0.31417992049441135,0.4583589541760495,0.6557883676250565,rh1,nominal,33,RTAB RGBD+NoisyGNSS,rtab_rgbd_ngps,kalman_start_pose_anchored_rtab_degraded_gnss,/home/pulver/projects/vineyard_pf/Outdoor_SLPF_icra_evidence/results/icra_submission/reruns/gnss_stress_full_v2/rh1/nominal/seed_33/degraded_noisy_gnss.tum,48f28ce82f0425be80647d474bed8448702d3a235f9c25bde751c52cf42b2cf8,/home/pulver/projects/vineyard_pf/Outdoor_SLPF_icra_evidence/results/icra_submission/reruns/gnss_stress_full_v2/rh1/nominal/seed_33/affected_mask.npy,5c4ba893aac27837288b853faf641204ecbd3c6cdfc16c7245872358bc8e51b8,ac82e35c50be078c6bb5329e26aaa7b3c7f4dedc949c45a16f2c11bb6b707211,f97c0806a08846ecaae10ab5dad7e951b7a71ce672bcb21fbbcc9e88a5295619,1.0
/home/pulver/projects/vineyard_pf/Outdoor_SLPF_icra_evidence/results/icra_submission/reruns/gnss_stress_full_v2/rh1/gaussian_high/seed_11/degraded_noisy_gnss.tum,/home/pulver/projects/vineyard_pf/Outdoor_SLPF_icra_evidence/results/iros_rh1/20260217_172656_multiseed_main/slpf/seed_11/gps_pose.tum,399,0,1.0,3.261925718824176,2.881514387233117,2.6613457482930167,8.813891198976354,3.2095778197528553,2.8316609065441627,2.7284853498624506,8.310576344719763,2.357964831092994,1.9708128354934948,9.131760741783836,0.5137844611528822,70.0,776.0,139.06750105549318,64.0,11.51678558266769,1.9866785865070455,0.48621553884711777,0.06015037593984962,0.12030075187969924,0.23558897243107768,nan,nan,nan,nan,nan,nan,nan,nan,nan,nan,nan,nan,nan,nan,2.357964831092994,1.9708128354934948,9.131760741783836,0.5137844611528822,70.0,776.0,139.06750105549318,64.0,11.51678558266769,1.9866785865070455,0.48621553884711777,0.06015037593984962,0.12030075187969924,0.23558897243107768,0.9003141139135473,0.1571165861541625,0.06563912898003858,0.5437797896153413,0.18233358479621586,rh1,gaussian_high,11,NoisyGNSS,ngps,generated_degraded_gnss,/home/pulver/projects/vineyard_pf/Outdoor_SLPF_icra_evidence/results/icra_submission/reruns/gnss_stress_full_v2/rh1/gaussian_high/seed_11/degraded_noisy_gnss.tum,70cead3f53d0dbea1c55d41d9da52aace44058c38ade37c206f7a2badce89be9,/home/pulver/projects/vineyard_pf/Outdoor_SLPF_icra_evidence/results/icra_submission/reruns/gnss_stress_full_v2/rh1/gaussian_high/seed_11/affected_mask.npy,5c4ba893aac27837288b853faf641204ecbd3c6cdfc16c7245872358bc8e51b8,70cead3f53d0dbea1c55d41d9da52aace44058c38ade37c206f7a2badce89be9,13d0eee6e833e7a0e4e17fe1163bfa913bb1c54e6ea862aaf13ed1885ee0e29b,1.0
/home/pulver/projects/vineyard_pf/Outdoor_SLPF_icra_evidence/results/icra_submission/reruns/gnss_stress_full_v2/rh1/gaussian_high/seed_11/slpf/trajectory_0.5.tum,/home/pulver/projects/vineyard_pf/Outdoor_SLPF_icra_evidence/results/icra_submission/reruns/gnss_stress_full_v2/rh1/gaussian_high/seed_11/slpf/gps_pose.tum,399,0,1.0,1.5825534682821567,1.3791979952179163,1.3672210181984177,4.051994766559811,1.442771060693338,1.2975041006777701,1.3361274242447505,3.9511171403882073,1.734280029882933,1.6072445562994782,4.98549705123191,0.6240601503759399,32.0,600.0,106.4208723419035,60.0,10.471240283450058,3.3256522606844845,0.37593984962406013,0.06516290726817042,0.14786967418546365,0.3032581453634085,nan,nan,nan,nan,nan,nan,nan,nan,nan,nan,nan,nan,nan,nan,1.734280029882933,1.6072445562994782,4.98549705123191,0.6240601503759399,32.0,600.0,106.4208723419035,60.0,10.471240283450058,3.3256522606844845,0.37593984962406013,0.06516290726817042,0.14786967418546365,0.3032581453634085,0.177202480333122,0.03216586887773963,0.01313425323603293,0.146855881334633,0.05433124569419381,rh1,gaussian_high,11,SLPF,slpf,live_external_degraded_gnss,/home/pulver/projects/vineyard_pf/Outdoor_SLPF_icra_evidence/results/icra_submission/reruns/gnss_stress_full_v2/rh1/gaussian_high/seed_11/degraded_noisy_gnss.tum,70cead3f53d0dbea1c55d41d9da52aace44058c38ade37c206f7a2badce89be9,/home/pulver/projects/vineyard_pf/Outdoor_SLPF_icra_evidence/results/icra_submission/reruns/gnss_stress_full_v2/rh1/gaussian_high/seed_11/affected_mask.npy,5c4ba893aac27837288b853faf641204ecbd3c6cdfc16c7245872358bc8e51b8,6e9b67c8ca84cf2488373d4d70b0da3df6d495c1f629aac6b5c8712f3b5c51a5,13d0eee6e833e7a0e4e17fe1163bfa913bb1c54e6ea862aaf13ed1885ee0e29b,1.0
/home/pulver/projects/vineyard_pf/Outdoor_SLPF_icra_evidence/results/icra_submission/reruns/gnss_stress_full_v2/rh1/gaussian_high/seed_11/amcl_ngps/trajectory_0.5.tum,/home/pulver/projects/vineyard_pf/Outdoor_SLPF_icra_evidence/results/icra_submission/reruns/gnss_stress_full_v2/rh1/gaussian_high/seed_11/amcl_ngps/gps_pose.tum,401,0,1.0,1.8410223196110265,1.6496562217528492,1.6947932911470176,3.804922891296075,1.3966545141343325,1.2763387818066696,1.2377992857341311,4.378393423955195,1.3553534460428216,1.082987214146798,4.616282303888461,0.6134663341645885,33.0,166.26223421096802,103.24997266493655,19.333094120025635,11.795862401485076,3.1287870504526225,0.3865336658354115,0.14962593516209477,0.29925187032418954,0.48129675810473815,nan,nan,nan,nan,nan,nan,nan,nan,nan,nan,nan,nan,nan,nan,1.3553534460428216,1.082987214146798,4.616282303888461,0.6134663341645885,33.0,166.26223421096802,103.24997266493655,19.333094120025635,11.795862401485076,3.1287870504526225,0.3865336658354115,0.14962593516209477,0.29925187032418954,0.48129675810473815,0.8623462931349123,0.6762494087659986,1.3039736947570892,1.4569514844783902,2.3639587106902793,rh1,gaussian_high,11,AMCL+NoisyGNSS,amcl_ngps,kalman_amcl_degraded_gnss,/home/pulver/projects/vineyard_pf/Outdoor_SLPF_icra_evidence/results/icra_submission/reruns/gnss_stress_full_v2/rh1/gaussian_high/seed_11/degraded_noisy_gnss.tum,70cead3f53d0dbea1c55d41d9da52aace44058c38ade37c206f7a2badce89be9,/home/pulver/projects/vineyard_pf/Outdoor_SLPF_icra_evidence/results/icra_submission/reruns/gnss_stress_full_v2/rh1/gaussian_high/seed_11/affected_mask.npy,5c4ba893aac27837288b853faf641204ecbd3c6cdfc16c7245872358bc8e51b8,0bbdeb913505fd3058eafc7b102ef1340f46c83666958801551dbdb5b6fd9e99,ea5a5b851f7e6290c932da2e02d5848b930fbf9b277e3c9c45c7bc766d78700e,1.0
/home/pulver/projects/vineyard_pf/Outdoor_SLPF_icra_evidence/results/icra_submission/reruns/gnss_stress_full_v2/rh1/gaussian_high/seed_11/rtab_rgb_ngps/trajectory_0.5.tum,/home/pulver/projects/vineyard_pf/Outdoor_SLPF_icra_evidence/results/icra_submission/reruns/gnss_stress_full_v2/rh1/gaussian_high/seed_11/rtab_rgb_ngps/gps_pose.tum,377,0,1.0,28.70469007913762,24.39184015053746,24.497774944911953,55.12196456220431,2.589107486393663,2.173954734612777,1.8766241786038276,7.916677826538461,1.943547094666287,1.6247354362500441,7.064154602109523,0.5092838196286472,37.0,203.65310788154602,125.9167538258099,34.76252508163452,21.67651927259637,3.403155508805673,0.4907161803713528,0.10610079575596817,0.1724137931034483,0.3395225464190981,nan,nan,nan,nan,nan,nan,nan,nan,nan,nan,nan,nan,nan,nan,1.943547094666287,1.6247354362500441,7.064154602109523,0.5092838196286472,37.0,203.65310788154602,125.9167538258099,34.76252508163452,21.67651927259637,3.403155508805673,0.4907161803713528,0.10610079575596817,0.1724137931034483,0.3395225464190981,0.8074769117698289,0.5231500734933421,0.8440375956401582,1.2015604600348881,1.7984404445510351,rh1,gaussian_high,11,RTAB RGB+NoisyGNSS,rtab_rgb_ngps,kalman_start_pose_anchored_rtab_degraded_gnss,/home/pulver/projects/vineyard_pf/Outdoor_SLPF_icra_evidence/results/icra_submission/reruns/gnss_stress_full_v2/rh1/gaussian_high/seed_11/degraded_noisy_gnss.tum,70cead3f53d0dbea1c55d41d9da52aace44058c38ade37c206f7a2badce89be9,/home/pulver/projects/vineyard_pf/Outdoor_SLPF_icra_evidence/results/icra_submission/reruns/gnss_stress_full_v2/rh1/gaussian_high/seed_11/affected_mask.npy,5c4ba893aac27837288b853faf641204ecbd3c6cdfc16c7245872358bc8e51b8,7a46ed0b21d3d22758e9feb6a47926efdf4c47d39b6fabddd337ef8593f5f6b1,f97c0806a08846ecaae10ab5dad7e951b7a71ce672bcb21fbbcc9e88a5295619,1.0
/home/pulver/projects/vineyard_pf/Outdoor_SLPF_icra_evidence/results/icra_submission/reruns/gnss_stress_full_v2/rh1/gaussian_high/seed_11/rtab_rgbd_ngps/trajectory_0.5.tum,/home/pulver/projects/vineyard_pf/Outdoor_SLPF_icra_evidence/results/icra_submission/reruns/gnss_stress_full_v2/rh1/gaussian_high/seed_11/rtab_rgbd_ngps/gps_pose.tum,380,0,1.0,28.65106495070734,24.332269668115945,24.465367440936447,55.23229645833287,2.6476640758949093,2.2101335845936503,1.9195167967180047,8.384427495499617,1.996265278747099,1.6541561614199085,7.425051521352432,0.5157894736842106,35.0,200.84034276008606,122.93331465943592,33.595571756362915,20.78711240395813,3.512380418841026,0.4842105263157895,0.08421052631578947,0.16578947368421051,0.3368421052631579,nan,nan,nan,nan,nan,nan,nan,nan,nan,nan,nan,nan,nan,nan,1.996265278747099,1.6541561614199085,7.425051521352432,0.5157894736842106,35.0,200.84034276008606,122.93331465943592,33.595571756362915,20.78711240395813,3.512380418841026,0.4842105263157895,0.08421052631578947,0.16578947368421051,0.3368421052631579,0.8028623728614953,0.5566381500055071,0.8785405871168881,1.2252248223594804,1.8081540571046926,rh1,gaussian_high,11,RTAB RGBD+NoisyGNSS,rtab_rgbd_ngps,kalman_start_pose_anchored_rtab_degraded_gnss,/home/pulver/projects/vineyard_pf/Outdoor_SLPF_icra_evidence/results/icra_submission/reruns/gnss_stress_full_v2/rh1/gaussian_high/seed_11/degraded_noisy_gnss.tum,70cead3f53d0dbea1c55d41d9da52aace44058c38ade37c206f7a2badce89be9,/home/pulver/projects/vineyard_pf/Outdoor_SLPF_icra_evidence/results/icra_submission/reruns/gnss_stress_full_v2/rh1/gaussian_high/seed_11/affected_mask.npy,5c4ba893aac27837288b853faf641204ecbd3c6cdfc16c7245872358bc8e51b8,2c198ee9d5a50404aaee7c869380e7b1edef1574bda2ea7bf2f9eb70241ff4cd,f97c0806a08846ecaae10ab5dad7e951b7a71ce672bcb21fbbcc9e88a5295619,1.0
/home/pulver/projects/vineyard_pf/Outdoor_SLPF_icra_evidence/results/icra_submission/reruns/gnss_stress_full_v2/rh1/gaussian_high/seed_22/degraded_noisy_gnss.tum,/home/pulver/projects/vineyard_pf/Outdoor_SLPF_icra_evidence/results/iros_rh1/20260217_172656_multiseed_main/slpf/seed_11/gps_pose.tum,399,0,1.0,3.1944424049113755,2.87120215900176,2.7260139262314107,7.673721629496991,3.1475730834903106,2.8263087591525538,2.7310917370757433,7.74124880051974,2.2863416230647076,2.0407847807727615,7.923509487149134,0.46115288220551376,81.0,860.0,144.55951157911156,52.0,7.461311834731747,1.7846853281371797,0.5388471177944862,0.06516290726817042,0.11779448621553884,0.24812030075187969,nan,nan,nan,nan,nan,nan,nan,nan,nan,nan,nan,nan,nan,nan,2.2863416230647076,2.0407847807727615,7.923509487149134,0.46115288220551376,81.0,860.0,144.55951157911156,52.0,7.461311834731747,1.7846853281371797,0.5388471177944862,0.06516290726817042,0.11779448621553884,0.24812030075187969,0.8957784559342609,0.16154888939877837,0.06752290786339037,0.5505317205097344,0.1800908462004121,rh1,gaussian_high,22,NoisyGNSS,ngps,generated_degraded_gnss,/home/pulver/projects/vineyard_pf/Outdoor_SLPF_icra_evidence/results/icra_submission/reruns/gnss_stress_full_v2/rh1/gaussian_high/seed_22/degraded_noisy_gnss.tum,c1b1e899aecce4031aafcdc0694cfd342b8826eef2006db93c7a147baaf6945d,/home/pulver/projects/vineyard_pf/Outdoor_SLPF_icra_evidence/results/icra_submission/reruns/gnss_stress_full_v2/rh1/gaussian_high/seed_22/affected_mask.npy,5c4ba893aac27837288b853faf641204ecbd3c6cdfc16c7245872358bc8e51b8,c1b1e899aecce4031aafcdc0694cfd342b8826eef2006db93c7a147baaf6945d,13d0eee6e833e7a0e4e17fe1163bfa913bb1c54e6ea862aaf13ed1885ee0e29b,1.0
/home/pulver/projects/vineyard_pf/Outdoor_SLPF_icra_evidence/results/icra_submission/reruns/gnss_stress_full_v2/rh1/gaussian_high/seed_22/slpf/trajectory_0.5.tum,/home/pulver/projects/vineyard_pf/Outdoor_SLPF_icra_evidence/results/icra_submission/reruns/gnss_stress_full_v2/rh1/gaussian_high/seed_22/slpf/gps_pose.tum,399,0,1.0,1.4386967026624746,1.2356191574128965,1.080652461736849,3.873761573389842,1.1872091524112323,1.0691535441747095,0.9960149661681783,3.016736543089115,1.3936143992872032,1.2345972855008838,4.677375691925495,0.706766917293233,31.0,468.0,78.85971797507203,68.0,12.257174424925998,2.5438618701636138,0.2932330827067669,0.05764411027568922,0.15789473684210525,0.3684210526315789,nan,nan,nan,nan,nan,nan,nan,nan,nan,nan,nan,nan,nan,nan,1.3936143992872032,1.2345972855008838,4.677375691925495,0.706766917293233,31.0,468.0,78.85971797507203,68.0,12.257174424925998,2.5438618701636138,0.2932330827067669,0.05764411027568922,0.15789473684210525,0.3684210526315789,0.17294734697146175,0.031241780754320006,0.012575492230719793,0.14156850297878923,0.04907714021844727,rh1,gaussian_high,22,SLPF,slpf,live_external_degraded_gnss,/home/pulver/projects/vineyard_pf/Outdoor_SLPF_icra_evidence/results/icra_submission/reruns/gnss_stress_full_v2/rh1/gaussian_high/seed_22/degraded_noisy_gnss.tum,c1b1e899aecce4031aafcdc0694cfd342b8826eef2006db93c7a147baaf6945d,/home/pulver/projects/vineyard_pf/Outdoor_SLPF_icra_evidence/results/icra_submission/reruns/gnss_stress_full_v2/rh1/gaussian_high/seed_22/affected_mask.npy,5c4ba893aac27837288b853faf641204ecbd3c6cdfc16c7245872358bc8e51b8,1c33cb71c36886536eb63f783ad678211cd4a12456763182097e1318a4b35de3,13d0eee6e833e7a0e4e17fe1163bfa913bb1c54e6ea862aaf13ed1885ee0e29b,1.0
/home/pulver/projects/vineyard_pf/Outdoor_SLPF_icra_evidence/results/icra_submission/reruns/gnss_stress_full_v2/rh1/gaussian_high/seed_22/amcl_ngps/trajectory_0.5.tum,/home/pulver/projects/vineyard_pf/Outdoor_SLPF_icra_evidence/results/icra_submission/reruns/gnss_stress_full_v2/rh1/gaussian_high/seed_22/amcl_ngps/gps_pose.tum,401,0,1.0,1.5319303316461386,1.3503400227611055,1.284186532953533,3.7892462755914647,1.2295943483414793,1.1096991344640543,1.0858060445582043,4.165270244444108,1.2256292232185524,1.0308573067214144,4.674019385612472,0.6683291770573566,38.0,139.73256397247314,87.89686992433542,16.59986400604248,10.23903289692182,2.313075524324616,0.3316708229426434,0.1770573566084788,0.3092269326683292,0.4912718204488778,nan,nan,nan,nan,nan,nan,nan,nan,nan,nan,nan,nan,nan,nan,1.2256292232185524,1.0308573067214144,4.674019385612472,0.6683291770573566,38.0,139.73256397247314,87.89686992433542,16.59986400604248,10.23903289692182,2.313075524324616,0.3316708229426434,0.1770573566084788,0.3092269326683292,0.4912718204488778,0.855004634367075,0.7278954973415618,1.513120842706359,1.3740291210769686,2.201460130391945,rh1,gaussian_high,22,AMCL+NoisyGNSS,amcl_ngps,kalman_amcl_degraded_gnss,/home/pulver/projects/vineyard_pf/Outdoor_SLPF_icra_evidence/results/icra_submission/reruns/gnss_stress_full_v2/rh1/gaussian_high/seed_22/degraded_noisy_gnss.tum,c1b1e899aecce4031aafcdc0694cfd342b8826eef2006db93c7a147baaf6945d,/home/pulver/projects/vineyard_pf/Outdoor_SLPF_icra_evidence/results/icra_submission/reruns/gnss_stress_full_v2/rh1/gaussian_high/seed_22/affected_mask.npy,5c4ba893aac27837288b853faf641204ecbd3c6cdfc16c7245872358bc8e51b8,36407333daef9ad534a0ccb62669c5c49cd567408cc8dc3d43bca6e27bd2c9c5,ea5a5b851f7e6290c932da2e02d5848b930fbf9b277e3c9c45c7bc766d78700e,1.0
/home/pulver/projects/vineyard_pf/Outdoor_SLPF_icra_evidence/results/icra_submission/reruns/gnss_stress_full_v2/rh1/gaussian_high/seed_22/rtab_rgb_ngps/trajectory_0.5.tum,/home/pulver/projects/vineyard_pf/Outdoor_SLPF_icra_evidence/results/icra_submission/reruns/gnss_stress_full_v2/rh1/gaussian_high/seed_22/rtab_rgb_ngps/gps_pose.tum,377,0,1.0,28.50944482976135,24.194645033507033,23.9185273857749,54.42556270614598,2.7114630577286274,2.3041400163688484,2.0326401763709123,8.481131760247443,1.9551340516311364,1.7577537675812496,6.9758768293322415,0.5039787798408488,34.0,205.64639902114868,124.617698053131,21.252758979797363,13.37216447499909,3.665226413327382,0.4960212201591512,0.09814323607427056,0.17506631299734748,0.3421750663129973,nan,nan,nan,nan,nan,nan,nan,nan,nan,nan,nan,nan,nan,nan,1.9551340516311364,1.7577537675812496,6.9758768293322415,0.5039787798408488,34.0,205.64639902114868,124.617698053131,21.252758979797363,13.37216447499909,3.665226413327382,0.4960212201591512,0.09814323607427056,0.17506631299734748,0.3421750663129973,0.8104247124831678,0.5071396191381524,0.8007250002784977,1.3191632975240817,1.9527245326533478,rh1,gaussian_high,22,RTAB RGB+NoisyGNSS,rtab_rgb_ngps,kalman_start_pose_anchored_rtab_degraded_gnss,/home/pulver/projects/vineyard_pf/Outdoor_SLPF_icra_evidence/results/icra_submission/reruns/gnss_stress_full_v2/rh1/gaussian_high/seed_22/degraded_noisy_gnss.tum,c1b1e899aecce4031aafcdc0694cfd342b8826eef2006db93c7a147baaf6945d,/home/pulver/projects/vineyard_pf/Outdoor_SLPF_icra_evidence/results/icra_submission/reruns/gnss_stress_full_v2/rh1/gaussian_high/seed_22/affected_mask.npy,5c4ba893aac27837288b853faf641204ecbd3c6cdfc16c7245872358bc8e51b8,0083487ae295b3f5ec2ab134773eebf13ddd0427418fb8f8babf3dd1b70c880c,f97c0806a08846ecaae10ab5dad7e951b7a71ce672bcb21fbbcc9e88a5295619,1.0
/home/pulver/projects/vineyard_pf/Outdoor_SLPF_icra_evidence/results/icra_submission/reruns/gnss_stress_full_v2/rh1/gaussian_high/seed_22/rtab_rgbd_ngps/trajectory_0.5.tum,/home/pulver/projects/vineyard_pf/Outdoor_SLPF_icra_evidence/results/icra_submission/reruns/gnss_stress_full_v2/rh1/gaussian_high/seed_22/rtab_rgbd_ngps/gps_pose.tum,380,0,1.0,28.518959878799336,24.193620764727118,23.81490447073155,54.41843323985746,2.757194358615326,2.3294488227115853,2.0611343641661377,8.981833305619526,1.9871174733490056,1.633671478108886,7.1978778059307,0.5157894736842106,34.0,201.49330806732178,121.90435544162847,20.080886602401733,12.693524689766113,3.5854222188714253,0.4842105263157895,0.08947368421052632,0.16052631578947368,0.31842105263157894,nan,nan,nan,nan,nan,nan,nan,nan,nan,nan,nan,nan,nan,nan,1.9871174733490056,1.633671478108886,7.1978778059307,0.5157894736842106,34.0,201.49330806732178,121.90435544162847,20.080886602401733,12.693524689766113,3.5854222188714253,0.4842105263157895,0.08947368421052632,0.16052631578947368,0.31842105263157894,0.8124965288432685,0.5121479695650367,0.8264073151201533,1.304818155962761,1.922408516893083,rh1,gaussian_high,22,RTAB RGBD+NoisyGNSS,rtab_rgbd_ngps,kalman_start_pose_anchored_rtab_degraded_gnss,/home/pulver/projects/vineyard_pf/Outdoor_SLPF_icra_evidence/results/icra_submission/reruns/gnss_stress_full_v2/rh1/gaussian_high/seed_22/degraded_noisy_gnss.tum,c1b1e899aecce4031aafcdc0694cfd342b8826eef2006db93c7a147baaf6945d,/home/pulver/projects/vineyard_pf/Outdoor_SLPF_icra_evidence/results/icra_submission/reruns/gnss_stress_full_v2/rh1/gaussian_high/seed_22/affected_mask.npy,5c4ba893aac27837288b853faf641204ecbd3c6cdfc16c7245872358bc8e51b8,1c1ac45edaeb4f89ff7044deb8fc6e972147d1e5dc7bb6a29a5383227c762891,f97c0806a08846ecaae10ab5dad7e951b7a71ce672bcb21fbbcc9e88a5295619,1.0
/home/pulver/projects/vineyard_pf/Outdoor_SLPF_icra_evidence/results/icra_submission/reruns/gnss_stress_full_v2/rh1/gaussian_high/seed_33/degraded_noisy_gnss.tum,/home/pulver/projects/vineyard_pf/Outdoor_SLPF_icra_evidence/results/iros_rh1/20260217_172656_multiseed_main/slpf/seed_11/gps_pose.tum,399,0,1.0,3.1395473899476305,2.8018042414506636,2.7063578981960825,8.194883616858274,3.0926449079762146,2.750413700505563,2.6730762166892283,8.62442309094786,2.4407412116244047,2.1775010044925187,9.681664143883118,0.5588972431077694,76.0,704.0,126.45975216413474,40.0,11.463225021230095,1.6639441074228256,0.44110275689223055,0.045112781954887216,0.11027568922305764,0.23057644110275688,nan,nan,nan,nan,nan,nan,nan,nan,nan,nan,nan,nan,nan,nan,2.4407412116244047,2.1775010044925187,9.681664143883118,0.5588972431077694,76.0,704.0,126.45975216413474,40.0,11.463225021230095,1.6639441074228256,0.44110275689223055,0.045112781954887216,0.11027568922305764,0.23057644110275688,0.9276619862820874,0.1492816908026852,0.06319108448727545,0.5544583565898473,0.17983042738621446,rh1,gaussian_high,33,NoisyGNSS,ngps,generated_degraded_gnss,/home/pulver/projects/vineyard_pf/Outdoor_SLPF_icra_evidence/results/icra_submission/reruns/gnss_stress_full_v2/rh1/gaussian_high/seed_33/degraded_noisy_gnss.tum,a1fb5e947366cab17857dd6e4fc70700ac18ff928bc64f0344c58a9fb1369e39,/home/pulver/projects/vineyard_pf/Outdoor_SLPF_icra_evidence/results/icra_submission/reruns/gnss_stress_full_v2/rh1/gaussian_high/seed_33/affected_mask.npy,5c4ba893aac27837288b853faf641204ecbd3c6cdfc16c7245872358bc8e51b8,a1fb5e947366cab17857dd6e4fc70700ac18ff928bc64f0344c58a9fb1369e39,13d0eee6e833e7a0e4e17fe1163bfa913bb1c54e6ea862aaf13ed1885ee0e29b,1.0
/home/pulver/projects/vineyard_pf/Outdoor_SLPF_icra_evidence/results/icra_submission/reruns/gnss_stress_full_v2/rh1/gaussian_high/seed_33/slpf/trajectory_0.5.tum,/home/pulver/projects/vineyard_pf/Outdoor_SLPF_icra_evidence/results/icra_submission/reruns/gnss_stress_full_v2/rh1/gaussian_high/seed_33/slpf/gps_pose.tum,399,0,1.0,1.375550012569403,1.2105029377501664,1.1642175433751587,3.356268247980796,1.235129372017117,1.1161938826308253,1.0039358747049776,3.078141519199051,1.5464958980856056,1.4845577018330869,4.493483672519671,0.7343358395989975,30.0,424.0,81.40298198956447,72.0,12.739472375723631,2.713432732985482,0.2656641604010025,0.03258145363408521,0.11278195488721804,0.3558897243107769,nan,nan,nan,nan,nan,nan,nan,nan,nan,nan,nan,nan,nan,nan,1.5464958980856056,1.4845577018330869,4.493483672519671,0.7343358395989975,30.0,424.0,81.40298198956447,72.0,12.739472375723631,2.713432732985482,0.2656641604010025,0.03258145363408521,0.11278195488721804,0.3558897243107769,0.17607136104663962,0.031607839352703664,0.012695903188453246,0.13755416198280768,0.04824684010462022,rh1,gaussian_high,33,SLPF,slpf,live_external_degraded_gnss,/home/pulver/projects/vineyard_pf/Outdoor_SLPF_icra_evidence/results/icra_submission/reruns/gnss_stress_full_v2/rh1/gaussian_high/seed_33/degraded_noisy_gnss.tum,a1fb5e947366cab17857dd6e4fc70700ac18ff928bc64f0344c58a9fb1369e39,/home/pulver/projects/vineyard_pf/Outdoor_SLPF_icra_evidence/results/icra_submission/reruns/gnss_stress_full_v2/rh1/gaussian_high/seed_33/affected_mask.npy,5c4ba893aac27837288b853faf641204ecbd3c6cdfc16c7245872358bc8e51b8,5214fa1ad57de37df2ce4122aceb43408ec463d04465997be262aebe3bc9daa8,13d0eee6e833e7a0e4e17fe1163bfa913bb1c54e6ea862aaf13ed1885ee0e29b,1.0
/home/pulver/projects/vineyard_pf/Outdoor_SLPF_icra_evidence/results/icra_submission/reruns/gnss_stress_full_v2/rh1/gaussian_high/seed_33/amcl_ngps/trajectory_0.5.tum,/home/pulver/projects/vineyard_pf/Outdoor_SLPF_icra_evidence/results/icra_submission/reruns/gnss_stress_full_v2/rh1/gaussian_high/seed_33/amcl_ngps/gps_pose.tum,401,0,1.0,1.68969457490732,1.5331411628658784,1.557066319798653,3.117848656991822,1.2922973366871022,1.1788485574748904,1.1437250470108782,3.950805190548388,1.226353223037766,0.9886080746317955,4.554104246408228,0.685785536159601,30.0,133.39468693733215,84.62363956843589,18.400277137756348,11.203269932083229,2.8207879856145297,0.314214463840399,0.20947630922693267,0.3516209476309227,0.5037406483790524,nan,nan,nan,nan,nan,nan,nan,nan,nan,nan,nan,nan,nan,nan,1.226353223037766,0.9886080746317955,4.554104246408228,0.685785536159601,30.0,133.39468693733215,84.62363956843589,18.400277137756348,11.203269932083229,2.8207879856145297,0.314214463840399,0.20947630922693267,0.3516209476309227,0.5037406483790524,0.8436948611253624,0.6091628185504032,1.1486782481838071,1.3908387946749305,2.356018233430233,rh1,gaussian_high,33,AMCL+NoisyGNSS,amcl_ngps,kalman_amcl_degraded_gnss,/home/pulver/projects/vineyard_pf/Outdoor_SLPF_icra_evidence/results/icra_submission/reruns/gnss_stress_full_v2/rh1/gaussian_high/seed_33/degraded_noisy_gnss.tum,a1fb5e947366cab17857dd6e4fc70700ac18ff928bc64f0344c58a9fb1369e39,/home/pulver/projects/vineyard_pf/Outdoor_SLPF_icra_evidence/results/icra_submission/reruns/gnss_stress_full_v2/rh1/gaussian_high/seed_33/affected_mask.npy,5c4ba893aac27837288b853faf641204ecbd3c6cdfc16c7245872358bc8e51b8,08ee0d510e4b19fa62f6929ccef6c78c55429cb44e7686e433e0afc339c2ce53,ea5a5b851f7e6290c932da2e02d5848b930fbf9b277e3c9c45c7bc766d78700e,1.0
/home/pulver/projects/vineyard_pf/Outdoor_SLPF_icra_evidence/results/icra_submission/reruns/gnss_stress_full_v2/rh1/gaussian_high/seed_33/rtab_rgb_ngps/trajectory_0.5.tum,/home/pulver/projects/vineyard_pf/Outdoor_SLPF_icra_evidence/results/icra_submission/reruns/gnss_stress_full_v2/rh1/gaussian_high/seed_33/rtab_rgb_ngps/gps_pose.tum,377,0,1.0,28.602856403916,24.405415391516865,24.435017258587216,54.43406001637238,2.565782224258143,2.142154628027592,1.7853829314101508,8.610758162745968,2.0171531374720497,1.7789648747438398,7.137153742558324,0.46419098143236076,33.0,223.72995686531067,137.74903305822932,34.76252508163452,21.67651927259637,4.174213122976646,0.5358090185676393,0.07957559681697612,0.15384615384615385,0.29708222811671087,nan,nan,nan,nan,nan,nan,nan,nan,nan,nan,nan,nan,nan,nan,2.0171531374720497,1.7789648747438398,7.137153742558324,0.46419098143236076,33.0,223.72995686531067,137.74903305822932,34.76252508163452,21.67651927259637,4.174213122976646,0.5358090185676393,0.07957559681697612,0.15384615384615385,0.29708222811671087,0.8315282678703222,0.5319736332923295,0.8458639255642246,1.3308559021024111,1.9795859019846966,rh1,gaussian_high,33,RTAB RGB+NoisyGNSS,rtab_rgb_ngps,kalman_start_pose_anchored_rtab_degraded_gnss,/home/pulver/projects/vineyard_pf/Outdoor_SLPF_icra_evidence/results/icra_submission/reruns/gnss_stress_full_v2/rh1/gaussian_high/seed_33/degraded_noisy_gnss.tum,a1fb5e947366cab17857dd6e4fc70700ac18ff928bc64f0344c58a9fb1369e39,/home/pulver/projects/vineyard_pf/Outdoor_SLPF_icra_evidence/results/icra_submission/reruns/gnss_stress_full_v2/rh1/gaussian_high/seed_33/affected_mask.npy,5c4ba893aac27837288b853faf641204ecbd3c6cdfc16c7245872358bc8e51b8,901afd314ceb02c8d2e456857c0a06e91425b4dcfd5a010280b74c6d5fa432e6,f97c0806a08846ecaae10ab5dad7e951b7a71ce672bcb21fbbcc9e88a5295619,1.0
/home/pulver/projects/vineyard_pf/Outdoor_SLPF_icra_evidence/results/icra_submission/reruns/gnss_stress_full_v2/rh1/gaussian_high/seed_33/rtab_rgbd_ngps/trajectory_0.5.tum,/home/pulver/projects/vineyard_pf/Outdoor_SLPF_icra_evidence/results/icra_submission/reruns/gnss_stress_full_v2/rh1/gaussian_high/seed_33/rtab_rgbd_ngps/gps_pose.tum,380,0,1.0,28.55266549245473,24.352708604592653,24.321994849328323,54.16805739193671,2.598021370328186,2.180211611554651,1.827972104859928,7.886226964930151,2.034786296084952,1.7773562225580093,7.024032705987212,0.45526315789473687,34.0,227.35086846351624,139.9263049943756,40.64574456214905,25.16782183571347,4.115479558658106,0.5447368421052632,0.07894736842105263,0.1763157894736842,0.2789473684210526,nan,nan,nan,nan,nan,nan,nan,nan,nan,nan,nan,nan,nan,nan,2.034786296084952,1.7773562225580093,7.024032705987212,0.45526315789473687,34.0,227.35086846351624,139.9263049943756,40.64574456214905,25.16782183571347,4.115479558658106,0.5447368421052632,0.07894736842105263,0.1763157894736842,0.2789473684210526,0.8149480023668788,0.5268515479700836,0.8421591364881665,1.3105453145418668,1.9769316636656395,rh1,gaussian_high,33,RTAB RGBD+NoisyGNSS,rtab_rgbd_ngps,kalman_start_pose_anchored_rtab_degraded_gnss,/home/pulver/projects/vineyard_pf/Outdoor_SLPF_icra_evidence/results/icra_submission/reruns/gnss_stress_full_v2/rh1/gaussian_high/seed_33/degraded_noisy_gnss.tum,a1fb5e947366cab17857dd6e4fc70700ac18ff928bc64f0344c58a9fb1369e39,/home/pulver/projects/vineyard_pf/Outdoor_SLPF_icra_evidence/results/icra_submission/reruns/gnss_stress_full_v2/rh1/gaussian_high/seed_33/affected_mask.npy,5c4ba893aac27837288b853faf641204ecbd3c6cdfc16c7245872358bc8e51b8,a82927d2bf49de78fbd87b1ca109ebf821d8174790bba3622b1ee9135a45fd69,f97c0806a08846ecaae10ab5dad7e951b7a71ce672bcb21fbbcc9e88a5295619,1.0
/home/pulver/projects/vineyard_pf/Outdoor_SLPF_icra_evidence/results/icra_submission/reruns/gnss_stress_full_v2/rh1/drift_bias/seed_11/degraded_noisy_gnss.tum,/home/pulver/projects/vineyard_pf/Outdoor_SLPF_icra_evidence/results/iros_rh1/20260217_172656_multiseed_main/slpf/seed_11/gps_pose.tum,399,0,1.0,4.523501049616524,4.170379879689051,4.174859584670238,9.454492754631422,4.21600628761547,3.878301890233555,3.8489544605210924,7.968382944105669,3.2077253866266853,2.946302641127669,9.837528868077964,0.42857142857142855,30.0,912.0,168.63684146279329,180.0,36.30520510357919,5.621228048759776,0.5714285714285714,0.047619047619047616,0.09022556390977443,0.18045112781954886,nan,nan,nan,nan,nan,nan,nan,nan,nan,nan,nan,nan,nan,nan,3.2077253866266853,2.946302641127669,9.837528868077964,0.42857142857142855,30.0,912.0,168.63684146279329,180.0,36.30520510357919,5.621228048759776,0.5714285714285714,0.047619047619047616,0.09022556390977443,0.18045112781954886,0.37385442331472135,0.06741893013398881,0.02886995619712724,0.4364426840367298,0.1630633209381399,rh1,drift_bias,11,NoisyGNSS,ngps,generated_degraded_gnss,/home/pulver/projects/vineyard_pf/Outdoor_SLPF_icra_evidence/results/icra_submission/reruns/gnss_stress_full_v2/rh1/drift_bias/seed_11/degraded_noisy_gnss.tum,67a3635040aacd4effaa297244c1f063cb2e28f465e7df8420b7f7c62d80ccd8,/home/pulver/projects/vineyard_pf/Outdoor_SLPF_icra_evidence/results/icra_submission/reruns/gnss_stress_full_v2/rh1/drift_bias/seed_11/affected_mask.npy,5c4ba893aac27837288b853faf641204ecbd3c6cdfc16c7245872358bc8e51b8,67a3635040aacd4effaa297244c1f063cb2e28f465e7df8420b7f7c62d80ccd8,13d0eee6e833e7a0e4e17fe1163bfa913bb1c54e6ea862aaf13ed1885ee0e29b,1.0
/home/pulver/projects/vineyard_pf/Outdoor_SLPF_icra_evidence/results/icra_submission/reruns/gnss_stress_full_v2/rh1/drift_bias/seed_11/slpf/trajectory_0.5.tum,/home/pulver/projects/vineyard_pf/Outdoor_SLPF_icra_evidence/results/icra_submission/reruns/gnss_stress_full_v2/rh1/drift_bias/seed_11/slpf/gps_pose.tum,399,0,1.0,6.815842521602498,5.158349716611269,3.9992898214654824,19.970099757067242,6.120678325421608,4.618994358149306,3.431113260838122,18.098149026237966,3.848136500188352,3.2089593671471417,12.794851181282922,0.3358395989974937,16.0,1060.0,187.69680935926152,288.0,45.993376322846586,11.731050584953845,0.6641604010025063,0.022556390977443608,0.05263157894736842,0.13533834586466165,nan,nan,nan,nan,nan,nan,nan,nan,nan,nan,nan,nan,nan,nan,3.848136500188352,3.2089593671471417,12.794851181282922,0.3358395989974937,16.0,1060.0,187.69680935926152,288.0,45.993376322846586,11.731050584953845,0.6641604010025063,0.022556390977443608,0.05263157894736842,0.13533834586466165,0.1882020690361731,0.031034768271335653,0.01249592777825091,0.10725119145628628,0.032057000044902195,rh1,drift_bias,11,SLPF,slpf,live_external_degraded_gnss,/home/pulver/projects/vineyard_pf/Outdoor_SLPF_icra_evidence/results/icra_submission/reruns/gnss_stress_full_v2/rh1/drift_bias/seed_11/degraded_noisy_gnss.tum,67a3635040aacd4effaa297244c1f063cb2e28f465e7df8420b7f7c62d80ccd8,/home/pulver/projects/vineyard_pf/Outdoor_SLPF_icra_evidence/results/icra_submission/reruns/gnss_stress_full_v2/rh1/drift_bias/seed_11/affected_mask.npy,5c4ba893aac27837288b853faf641204ecbd3c6cdfc16c7245872358bc8e51b8,39dcc6de844ca06e88001eaa9eb333e7a8490f27c3344c705738b51b65d70218,13d0eee6e833e7a0e4e17fe1163bfa913bb1c54e6ea862aaf13ed1885ee0e29b,1.0
/home/pulver/projects/vineyard_pf/Outdoor_SLPF_icra_evidence/results/icra_submission/reruns/gnss_stress_full_v2/rh1/drift_bias/seed_11/amcl_ngps/trajectory_0.5.tum,/home/pulver/projects/vineyard_pf/Outdoor_SLPF_icra_evidence/results/icra_submission/reruns/gnss_stress_full_v2/rh1/drift_bias/seed_11/amcl_ngps/gps_pose.tum,401,0,1.0,2.7282920052344033,2.564333043109957,2.699088852819116,4.408803906646623,2.0564195154223692,1.928469410406245,2.0294721667100952,5.253845167950008,1.8030678027054372,1.57046902873658,4.973112030919852,0.456359102244389,28.0,232.73447346687317,142.7235241822344,68.79778504371643,42.26667802883013,5.097268720794085,0.543640897755611,0.12718204488778054,0.19950124688279303,0.30423940149625933,nan,nan,nan,nan,nan,nan,nan,nan,nan,nan,nan,nan,nan,nan,1.8030678027054372,1.57046902873658,4.973112030919852,0.456359102244389,28.0,232.73447346687317,142.7235241822344,68.79778504371643,42.26667802883013,5.097268720794085,0.543640897755611,0.12718204488778054,0.19950124688279303,0.30423940149625933,0.6472662714448576,0.30526911750701696,0.5446097422549928,0.520185874152884,0.8398854851457771,rh1,drift_bias,11,AMCL+NoisyGNSS,amcl_ngps,kalman_amcl_degraded_gnss,/home/pulver/projects/vineyard_pf/Outdoor_SLPF_icra_evidence/results/icra_submission/reruns/gnss_stress_full_v2/rh1/drift_bias/seed_11/degraded_noisy_gnss.tum,67a3635040aacd4effaa297244c1f063cb2e28f465e7df8420b7f7c62d80ccd8,/home/pulver/projects/vineyard_pf/Outdoor_SLPF_icra_evidence/results/icra_submission/reruns/gnss_stress_full_v2/rh1/drift_bias/seed_11/affected_mask.npy,5c4ba893aac27837288b853faf641204ecbd3c6cdfc16c7245872358bc8e51b8,89707fd8e78f1d06267b4a2a7ac1eb409e7447262c369d2f980e6768e150b40e,ea5a5b851f7e6290c932da2e02d5848b930fbf9b277e3c9c45c7bc766d78700e,1.0
/home/pulver/projects/vineyard_pf/Outdoor_SLPF_icra_evidence/results/icra_submission/reruns/gnss_stress_full_v2/rh1/drift_bias/seed_11/rtab_rgb_ngps/trajectory_0.5.tum,/home/pulver/projects/vineyard_pf/Outdoor_SLPF_icra_evidence/results/icra_submission/reruns/gnss_stress_full_v2/rh1/drift_bias/seed_11/rtab_rgb_ngps/gps_pose.tum,377,0,1.0,29.02386138100611,24.612853770149226,24.841771232637107,55.99608967403369,2.6612550851224324,2.196287673344016,1.8449821328447849,8.694063060420477,1.9808152614965053,1.574021883888013,7.426846993222023,0.5119363395225465,25.0,202.2469561100006,125.15842967289933,21.92463779449463,13.37216447499909,5.006337186915974,0.4880636604774536,0.07161803713527852,0.16976127320954906,0.2864721485411141,nan,nan,nan,nan,nan,nan,nan,nan,nan,nan,nan,nan,nan,nan,1.9808152614965053,1.574021883888013,7.426846993222023,0.5119363395225465,25.0,202.2469561100006,125.15842967289933,21.92463779449463,13.37216447499909,5.006337186915974,0.4880636604774536,0.07161803713527852,0.16976127320954906,0.2864721485411141,0.622173283923745,0.18538542979747089,0.28797157566772047,0.4085311095037626,0.5269908370322953,rh1,drift_bias,11,RTAB RGB+NoisyGNSS,rtab_rgb_ngps,kalman_start_pose_anchored_rtab_degraded_gnss,/home/pulver/projects/vineyard_pf/Outdoor_SLPF_icra_evidence/results/icra_submission/reruns/gnss_stress_full_v2/rh1/drift_bias/seed_11/degraded_noisy_gnss.tum,67a3635040aacd4effaa297244c1f063cb2e28f465e7df8420b7f7c62d80ccd8,/home/pulver/projects/vineyard_pf/Outdoor_SLPF_icra_evidence/results/icra_submission/reruns/gnss_stress_full_v2/rh1/drift_bias/seed_11/affected_mask.npy,5c4ba893aac27837288b853faf641204ecbd3c6cdfc16c7245872358bc8e51b8,dc117523fc83ed88e2733c04ead63a637d210d584266e21ada565b0e290b5749,f97c0806a08846ecaae10ab5dad7e951b7a71ce672bcb21fbbcc9e88a5295619,1.0
/home/pulver/projects/vineyard_pf/Outdoor_SLPF_icra_evidence/results/icra_submission/reruns/gnss_stress_full_v2/rh1/drift_bias/seed_11/rtab_rgbd_ngps/trajectory_0.5.tum,/home/pulver/projects/vineyard_pf/Outdoor_SLPF_icra_evidence/results/icra_submission/reruns/gnss_stress_full_v2/rh1/drift_bias/seed_11/rtab_rgbd_ngps/gps_pose.tum,380,0,1.0,28.996934889713337,24.586771388346044,24.791943502045296,55.73337712704787,2.712558866902491,2.2320215293964356,1.8582374745323897,8.665465833652572,2.0190570780839368,1.619045638217858,7.437496147851512,0.5210526315789473,23.0,198.0781273841858,122.15079152794561,23.914135932922363,14.882158232305775,5.3109039794758965,0.4789473684210526,0.09473684210526316,0.15263157894736842,0.2789473684210526,nan,nan,nan,nan,nan,nan,nan,nan,nan,nan,nan,nan,nan,nan,2.0190570780839368,1.619045638217858,7.437496147851512,0.5210526315789473,23.0,198.0781273841858,122.15079152794561,23.914135932922363,14.882158232305775,5.3109039794758965,0.4789473684210526,0.09473684210526316,0.15263157894736842,0.2789473684210526,0.6195313089759237,0.18766274017307022,0.2867434155766176,0.4020963718851199,0.5142085443287232,rh1,drift_bias,11,RTAB RGBD+NoisyGNSS,rtab_rgbd_ngps,kalman_start_pose_anchored_rtab_degraded_gnss,/home/pulver/projects/vineyard_pf/Outdoor_SLPF_icra_evidence/results/icra_submission/reruns/gnss_stress_full_v2/rh1/drift_bias/seed_11/degraded_noisy_gnss.tum,67a3635040aacd4effaa297244c1f063cb2e28f465e7df8420b7f7c62d80ccd8,/home/pulver/projects/vineyard_pf/Outdoor_SLPF_icra_evidence/results/icra_submission/reruns/gnss_stress_full_v2/rh1/drift_bias/seed_11/affected_mask.npy,5c4ba893aac27837288b853faf641204ecbd3c6cdfc16c7245872358bc8e51b8,71a2216bc8e937a13d0cc3b26ada4a05957a46e7b0d0373f63115e96ba2a7a2c,f97c0806a08846ecaae10ab5dad7e951b7a71ce672bcb21fbbcc9e88a5295619,1.0
/home/pulver/projects/vineyard_pf/Outdoor_SLPF_icra_evidence/results/icra_submission/reruns/gnss_stress_full_v2/rh1/drift_bias/seed_22/degraded_noisy_gnss.tum,/home/pulver/projects/vineyard_pf/Outdoor_SLPF_icra_evidence/results/iros_rh1/20260217_172656_multiseed_main/slpf/seed_11/gps_pose.tum,399,0,1.0,5.102550173781228,4.532903060264179,4.210428961112562,12.17754444367468,4.626900113687276,4.017360973557855,3.6735576212725007,13.562595302494033,2.868413279881386,2.564114384145807,10.062205625629188,0.3609022556390977,33.0,1016.0,178.7502387999868,160.0,27.757913826452263,4.718510155422954,0.6390977443609023,0.047619047619047616,0.09523809523809523,0.20050125313283207,nan,nan,nan,nan,nan,nan,nan,nan,nan,nan,nan,nan,nan,nan,2.868413279881386,2.564114384145807,10.062205625629188,0.3609022556390977,33.0,1016.0,178.7502387999868,160.0,27.757913826452263,4.718510155422954,0.6390977443609023,0.047619047619047616,0.09523809523809523,0.20050125313283207,0.3528562815622407,0.06855598073687201,0.029590376329344054,0.4439534047341856,0.16271372395062159,rh1,drift_bias,22,NoisyGNSS,ngps,generated_degraded_gnss,/home/pulver/projects/vineyard_pf/Outdoor_SLPF_icra_evidence/results/icra_submission/reruns/gnss_stress_full_v2/rh1/drift_bias/seed_22/degraded_noisy_gnss.tum,b38ed5ea4718961fb507262e3d114bcba2e1ecb267ab7156687041bbf7060818,/home/pulver/projects/vineyard_pf/Outdoor_SLPF_icra_evidence/results/icra_submission/reruns/gnss_stress_full_v2/rh1/drift_bias/seed_22/affected_mask.npy,5c4ba893aac27837288b853faf641204ecbd3c6cdfc16c7245872358bc8e51b8,b38ed5ea4718961fb507262e3d114bcba2e1ecb267ab7156687041bbf7060818,13d0eee6e833e7a0e4e17fe1163bfa913bb1c54e6ea862aaf13ed1885ee0e29b,1.0
/home/pulver/projects/vineyard_pf/Outdoor_SLPF_icra_evidence/results/icra_submission/reruns/gnss_stress_full_v2/rh1/drift_bias/seed_22/slpf/trajectory_0.5.tum,/home/pulver/projects/vineyard_pf/Outdoor_SLPF_icra_evidence/results/icra_submission/reruns/gnss_stress_full_v2/rh1/drift_bias/seed_22/slpf/gps_pose.tum,399,0,1.0,5.0773951366160395,4.194680330461546,3.6856097297354236,13.737227692851661,4.739814964946188,4.032629808461975,3.5705218535822723,12.84881907299271,2.8562599111462794,2.298480257859414,10.840104513601222,0.43358395989974935,25.0,900.0,163.9960535868979,188.0,31.437421156428208,6.225585638524534,0.5664160401002506,0.07518796992481203,0.12030075187969924,0.21804511278195488,nan,nan,nan,nan,nan,nan,nan,nan,nan,nan,nan,nan,nan,nan,2.8562599111462794,2.298480257859414,10.840104513601222,0.43358395989974935,25.0,900.0,163.9960535868979,188.0,31.437421156428208,6.225585638524534,0.5664160401002506,0.07518796992481203,0.12030075187969924,0.21804511278195488,0.18263825093756111,0.032455687345742584,0.013167608598528667,0.10912524681245402,0.033644297603946605,rh1,drift_bias,22,SLPF,slpf,live_external_degraded_gnss,/home/pulver/projects/vineyard_pf/Outdoor_SLPF_icra_evidence/results/icra_submission/reruns/gnss_stress_full_v2/rh1/drift_bias/seed_22/degraded_noisy_gnss.tum,b38ed5ea4718961fb507262e3d114bcba2e1ecb267ab7156687041bbf7060818,/home/pulver/projects/vineyard_pf/Outdoor_SLPF_icra_evidence/results/icra_submission/reruns/gnss_stress_full_v2/rh1/drift_bias/seed_22/affected_mask.npy,5c4ba893aac27837288b853faf641204ecbd3c6cdfc16c7245872358bc8e51b8,2676aaf9e1272db384f0f221ea8ee2eca16a245be2f390b19f682632339aab5e,13d0eee6e833e7a0e4e17fe1163bfa913bb1c54e6ea862aaf13ed1885ee0e29b,1.0
/home/pulver/projects/vineyard_pf/Outdoor_SLPF_icra_evidence/results/icra_submission/reruns/gnss_stress_full_v2/rh1/drift_bias/seed_22/amcl_ngps/trajectory_0.5.tum,/home/pulver/projects/vineyard_pf/Outdoor_SLPF_icra_evidence/results/icra_submission/reruns/gnss_stress_full_v2/rh1/drift_bias/seed_22/amcl_ngps/gps_pose.tum,401,0,1.0,1.679677199884556,1.580346787714309,1.516014976012992,4.145765092564302,1.5537047181080013,1.469370270823106,1.4561069474626058,4.065844699979556,1.307948711774594,0.9662323019691529,4.296430946705402,0.6533665835411472,29.0,144.25627326965332,90.95713022108859,19.333094120025635,11.795862401485076,3.1364527662444344,0.34663341645885287,0.14463840399002495,0.286783042394015,0.5087281795511222,nan,nan,nan,nan,nan,nan,nan,nan,nan,nan,nan,nan,nan,nan,1.307948711774594,0.9662323019691529,4.296430946705402,0.6533665835411472,29.0,144.25627326965332,90.95713022108859,19.333094120025635,11.795862401485076,3.1364527662444344,0.34663341645885287,0.14463840399002495,0.286783042394015,0.5087281795511222,0.6589417533954384,0.2838867041457227,0.49855626981399687,0.5006597224802102,0.7477621764140255,rh1,drift_bias,22,AMCL+NoisyGNSS,amcl_ngps,kalman_amcl_degraded_gnss,/home/pulver/projects/vineyard_pf/Outdoor_SLPF_icra_evidence/results/icra_submission/reruns/gnss_stress_full_v2/rh1/drift_bias/seed_22/degraded_noisy_gnss.tum,b38ed5ea4718961fb507262e3d114bcba2e1ecb267ab7156687041bbf7060818,/home/pulver/projects/vineyard_pf/Outdoor_SLPF_icra_evidence/results/icra_submission/reruns/gnss_stress_full_v2/rh1/drift_bias/seed_22/affected_mask.npy,5c4ba893aac27837288b853faf641204ecbd3c6cdfc16c7245872358bc8e51b8,71c00699331aac64771ca4b3a7702bfcbc80f0594ddfca7cad7007c9e7f6c6d6,ea5a5b851f7e6290c932da2e02d5848b930fbf9b277e3c9c45c7bc766d78700e,1.0
/home/pulver/projects/vineyard_pf/Outdoor_SLPF_icra_evidence/results/icra_submission/reruns/gnss_stress_full_v2/rh1/drift_bias/seed_22/rtab_rgb_ngps/trajectory_0.5.tum,/home/pulver/projects/vineyard_pf/Outdoor_SLPF_icra_evidence/results/icra_submission/reruns/gnss_stress_full_v2/rh1/drift_bias/seed_22/rtab_rgb_ngps/gps_pose.tum,377,0,1.0,28.44369925902724,23.98400498976887,23.603697917593024,53.8485200393337,2.7540367073523417,2.344944641722138,2.0303089242286796,8.714664922146104,1.8850897850500958,1.5698144973947947,6.979108381383502,0.506631299734748,28.0,208.70809507369995,126.52148662471626,27.977783679962158,16.821221840112983,4.518624522311295,0.493368700265252,0.09283819628647215,0.1989389920424403,0.32625994694960214,nan,nan,nan,nan,nan,nan,nan,nan,nan,nan,nan,nan,nan,nan,1.8850897850500958,1.5698144973947947,6.979108381383502,0.506631299734748,28.0,208.70809507369995,126.52148662471626,27.977783679962158,16.821221840112983,4.518624522311295,0.493368700265252,0.09283819628647215,0.1989389920424403,0.32625994694960214,0.6239051439584538,0.18767552240115765,0.2814940551319689,0.3992623516627119,0.5384727758838194,rh1,drift_bias,22,RTAB RGB+NoisyGNSS,rtab_rgb_ngps,kalman_start_pose_anchored_rtab_degraded_gnss,/home/pulver/projects/vineyard_pf/Outdoor_SLPF_icra_evidence/results/icra_submission/reruns/gnss_stress_full_v2/rh1/drift_bias/seed_22/degraded_noisy_gnss.tum,b38ed5ea4718961fb507262e3d114bcba2e1ecb267ab7156687041bbf7060818,/home/pulver/projects/vineyard_pf/Outdoor_SLPF_icra_evidence/results/icra_submission/reruns/gnss_stress_full_v2/rh1/drift_bias/seed_22/affected_mask.npy,5c4ba893aac27837288b853faf641204ecbd3c6cdfc16c7245872358bc8e51b8,c756840a11f9eeee73dcef31602a4a38839e76a67c32e95b66d08ce98cdb760a,f97c0806a08846ecaae10ab5dad7e951b7a71ce672bcb21fbbcc9e88a5295619,1.0
/home/pulver/projects/vineyard_pf/Outdoor_SLPF_icra_evidence/results/icra_submission/reruns/gnss_stress_full_v2/rh1/drift_bias/seed_22/rtab_rgbd_ngps/trajectory_0.5.tum,/home/pulver/projects/vineyard_pf/Outdoor_SLPF_icra_evidence/results/icra_submission/reruns/gnss_stress_full_v2/rh1/drift_bias/seed_22/rtab_rgbd_ngps/gps_pose.tum,380,0,1.0,28.436025590059987,23.971271077987485,23.5411236381606,53.81045024869788,2.8087926672198322,2.3866595262453454,2.0672169079607148,8.762982256947199,1.9236821826127772,1.5847340350287484,6.995362535841028,0.5026315789473684,29.0,208.50274443626404,125.86749850283121,27.473674058914185,16.49082477769645,4.340258569063145,0.49736842105263157,0.1,0.2,0.3236842105263158,nan,nan,nan,nan,nan,nan,nan,nan,nan,nan,nan,nan,nan,nan,1.9236821826127772,1.5847340350287484,6.995362535841028,0.5026315789473684,29.0,208.50274443626404,125.86749850283121,27.473674058914185,16.49082477769645,4.340258569063145,0.49736842105263157,0.1,0.2,0.3236842105263158,0.6245903682366599,0.17695273367793649,0.26752998308551657,0.39307824261316815,0.5237618998771146,rh1,drift_bias,22,RTAB RGBD+NoisyGNSS,rtab_rgbd_ngps,kalman_start_pose_anchored_rtab_degraded_gnss,/home/pulver/projects/vineyard_pf/Outdoor_SLPF_icra_evidence/results/icra_submission/reruns/gnss_stress_full_v2/rh1/drift_bias/seed_22/degraded_noisy_gnss.tum,b38ed5ea4718961fb507262e3d114bcba2e1ecb267ab7156687041bbf7060818,/home/pulver/projects/vineyard_pf/Outdoor_SLPF_icra_evidence/results/icra_submission/reruns/gnss_stress_full_v2/rh1/drift_bias/seed_22/affected_mask.npy,5c4ba893aac27837288b853faf641204ecbd3c6cdfc16c7245872358bc8e51b8,6c6dae25d096a5876d043c5b5a8924dd09c9b4a1497540b47d3f5d12578cd1dc,f97c0806a08846ecaae10ab5dad7e951b7a71ce672bcb21fbbcc9e88a5295619,1.0
/home/pulver/projects/vineyard_pf/Outdoor_SLPF_icra_evidence/results/icra_submission/reruns/gnss_stress_full_v2/rh1/drift_bias/seed_33/degraded_noisy_gnss.tum,/home/pulver/projects/vineyard_pf/Outdoor_SLPF_icra_evidence/results/iros_rh1/20260217_172656_multiseed_main/slpf/seed_11/gps_pose.tum,399,0,1.0,3.7881918050429904,3.253401832723884,2.83382780526316,8.118292995873356,3.451283231136002,3.003804056891048,2.720008793955257,8.553819502698563,2.863746654631442,2.5323524020516057,10.003128495066049,0.5388471177944862,46.0,736.0,125.78986193684628,140.0,22.417064962342906,2.7345622160183973,0.46115288220551376,0.05513784461152882,0.12280701754385964,0.22556390977443608,nan,nan,nan,nan,nan,nan,nan,nan,nan,nan,nan,nan,nan,nan,2.863746654631442,2.5323524020516057,10.003128495066049,0.5388471177944862,46.0,736.0,125.78986193684628,140.0,22.417064962342906,2.7345622160183973,0.46115288220551376,0.05513784461152882,0.12280701754385964,0.22556390977443608,0.37372760524812193,0.07098915626902456,0.03061535728578857,0.4558737031595515,0.16566796396719574,rh1,drift_bias,33,NoisyGNSS,ngps,generated_degraded_gnss,/home/pulver/projects/vineyard_pf/Outdoor_SLPF_icra_evidence/results/icra_submission/reruns/gnss_stress_full_v2/rh1/drift_bias/seed_33/degraded_noisy_gnss.tum,c20dcb2fa41c964fdcbb742b2c96ae7a3f79f47a445c5f2d755170c7f37a96d7,/home/pulver/projects/vineyard_pf/Outdoor_SLPF_icra_evidence/results/icra_submission/reruns/gnss_stress_full_v2/rh1/drift_bias/seed_33/affected_mask.npy,5c4ba893aac27837288b853faf641204ecbd3c6cdfc16c7245872358bc8e51b8,c20dcb2fa41c964fdcbb742b2c96ae7a3f79f47a445c5f2d755170c7f37a96d7,13d0eee6e833e7a0e4e17fe1163bfa913bb1c54e6ea862aaf13ed1885ee0e29b,1.0
/home/pulver/projects/vineyard_pf/Outdoor_SLPF_icra_evidence/results/icra_submission/reruns/gnss_stress_full_v2/rh1/drift_bias/seed_33/slpf/trajectory_0.5.tum,/home/pulver/projects/vineyard_pf/Outdoor_SLPF_icra_evidence/results/icra_submission/reruns/gnss_stress_full_v2/rh1/drift_bias/seed_33/slpf/gps_pose.tum,399,0,1.0,2.7610819469642447,2.2935480339993926,2.1343263523790967,7.106088130449482,2.4018224923884777,2.1289358372052174,1.921720755248685,6.193833823120703,2.2112007935441347,2.3036633696400215,6.14421638047212,0.49624060150375937,29.0,804.0,141.07186203677216,208.0,34.573130849632044,4.864546966785247,0.5037593984962406,0.07769423558897243,0.15037593984962405,0.24561403508771928,nan,nan,nan,nan,nan,nan,nan,nan,nan,nan,nan,nan,nan,nan,2.2112007935441347,2.3036633696400215,6.14421638047212,0.49624060150375937,29.0,804.0,141.07186203677216,208.0,34.573130849632044,4.864546966785247,0.5037593984962406,0.07769423558897243,0.15037593984962405,0.24561403508771928,0.17566739115299235,0.03100922125399601,0.012448066268712877,0.11309480077663003,0.03483361592270392,rh1,drift_bias,33,SLPF,slpf,live_external_degraded_gnss,/home/pulver/projects/vineyard_pf/Outdoor_SLPF_icra_evidence/results/icra_submission/reruns/gnss_stress_full_v2/rh1/drift_bias/seed_33/degraded_noisy_gnss.tum,c20dcb2fa41c964fdcbb742b2c96ae7a3f79f47a445c5f2d755170c7f37a96d7,/home/pulver/projects/vineyard_pf/Outdoor_SLPF_icra_evidence/results/icra_submission/reruns/gnss_stress_full_v2/rh1/drift_bias/seed_33/affected_mask.npy,5c4ba893aac27837288b853faf641204ecbd3c6cdfc16c7245872358bc8e51b8,3231714051a3123ffeb2b8cb7b58064de7abd9b81b8216108c9fdb1368fb7e76,13d0eee6e833e7a0e4e17fe1163bfa913bb1c54e6ea862aaf13ed1885ee0e29b,1.0
/home/pulver/projects/vineyard_pf/Outdoor_SLPF_icra_evidence/results/icra_submission/reruns/gnss_stress_full_v2/rh1/drift_bias/seed_33/amcl_ngps/trajectory_0.5.tum,/home/pulver/projects/vineyard_pf/Outdoor_SLPF_icra_evidence/results/icra_submission/reruns/gnss_stress_full_v2/rh1/drift_bias/seed_33/amcl_ngps/gps_pose.tum,401,0,1.0,2.2080084493357073,2.1048683204293255,2.179437620082086,4.013248720452278,1.7925142289180764,1.6784199322989188,1.6152406322904271,5.276673234837879,1.417377532558443,1.1459196994910918,4.396863006097894,0.6309226932668329,30.0,158.53192687034607,100.63777995341128,34.86421513557434,21.657631517187596,3.3545926651137092,0.3690773067331671,0.12967581047381546,0.24937655860349128,0.4763092269326683,nan,nan,nan,nan,nan,nan,nan,nan,nan,nan,nan,nan,nan,nan,1.417377532558443,1.1459196994910918,4.396863006097894,0.6309226932668329,30.0,158.53192687034607,100.63777995341128,34.86421513557434,21.657631517187596,3.3545926651137092,0.3690773067331671,0.12967581047381546,0.24937655860349128,0.4763092269326683,0.6492925754577269,0.2979402861310556,0.5395019989368602,0.49691877713338783,0.7168230033296071,rh1,drift_bias,33,AMCL+NoisyGNSS,amcl_ngps,kalman_amcl_degraded_gnss,/home/pulver/projects/vineyard_pf/Outdoor_SLPF_icra_evidence/results/icra_submission/reruns/gnss_stress_full_v2/rh1/drift_bias/seed_33/degraded_noisy_gnss.tum,c20dcb2fa41c964fdcbb742b2c96ae7a3f79f47a445c5f2d755170c7f37a96d7,/home/pulver/projects/vineyard_pf/Outdoor_SLPF_icra_evidence/results/icra_submission/reruns/gnss_stress_full_v2/rh1/drift_bias/seed_33/affected_mask.npy,5c4ba893aac27837288b853faf641204ecbd3c6cdfc16c7245872358bc8e51b8,d85524db4918746bda14625109f888a60fe1ba0f441f09a3e78bbdb835a320ed,ea5a5b851f7e6290c932da2e02d5848b930fbf9b277e3c9c45c7bc766d78700e,1.0
/home/pulver/projects/vineyard_pf/Outdoor_SLPF_icra_evidence/results/icra_submission/reruns/gnss_stress_full_v2/rh1/drift_bias/seed_33/rtab_rgb_ngps/trajectory_0.5.tum,/home/pulver/projects/vineyard_pf/Outdoor_SLPF_icra_evidence/results/icra_submission/reruns/gnss_stress_full_v2/rh1/drift_bias/seed_33/rtab_rgb_ngps/gps_pose.tum,377,0,1.0,29.044214666793806,24.854489300743367,24.855522956876513,54.66930854829727,2.5560411088005934,2.146184977223865,1.7081901392827905,7.104268590337321,2.100240580470291,1.7697081854095313,6.739544894339382,0.4535809018567639,23.0,227.43691754341125,140.46610088624337,92.68199849128723,57.35688754301894,6.1072217776627555,0.5464190981432361,0.05570291777188329,0.11671087533156499,0.2572944297082228,nan,nan,nan,nan,nan,nan,nan,nan,nan,nan,nan,nan,nan,nan,2.100240580470291,1.7697081854095313,6.739544894339382,0.4535809018567639,23.0,227.43691754341125,140.46610088624337,92.68199849128723,57.35688754301894,6.1072217776627555,0.5464190981432361,0.05570291777188329,0.11671087533156499,0.2572944297082228,0.6225245404830229,0.17483553292331033,0.26584866563753107,0.40345921265798895,0.5511800343891744,rh1,drift_bias,33,RTAB RGB+NoisyGNSS,rtab_rgb_ngps,kalman_start_pose_anchored_rtab_degraded_gnss,/home/pulver/projects/vineyard_pf/Outdoor_SLPF_icra_evidence/results/icra_submission/reruns/gnss_stress_full_v2/rh1/drift_bias/seed_33/degraded_noisy_gnss.tum,c20dcb2fa41c964fdcbb742b2c96ae7a3f79f47a445c5f2d755170c7f37a96d7,/home/pulver/projects/vineyard_pf/Outdoor_SLPF_icra_evidence/results/icra_submission/reruns/gnss_stress_full_v2/rh1/drift_bias/seed_33/affected_mask.npy,5c4ba893aac27837288b853faf641204ecbd3c6cdfc16c7245872358bc8e51b8,8140a2e441b06e03a1bfb4e74046af00ce5f47871335510c2d79319e5fe0654a,f97c0806a08846ecaae10ab5dad7e951b7a71ce672bcb21fbbcc9e88a5295619,1.0
/home/pulver/projects/vineyard_pf/Outdoor_SLPF_icra_evidence/results/icra_submission/reruns/gnss_stress_full_v2/rh1/drift_bias/seed_33/rtab_rgbd_ngps/trajectory_0.5.tum,/home/pulver/projects/vineyard_pf/Outdoor_SLPF_icra_evidence/results/icra_submission/reruns/gnss_stress_full_v2/rh1/drift_bias/seed_33/rtab_rgbd_ngps/gps_pose.tum,380,0,1.0,29.003393653781412,24.814065687469267,24.89391714866308,54.410139710614466,2.589795094694392,2.1787943133511085,1.7608199283772803,7.193100408070535,2.127054360699308,1.8102762319390164,6.6144820304679515,0.4605263157894737,25.0,223.74083709716797,137.92632822218428,92.6491756439209,57.26177699177659,5.517053128887372,0.5394736842105263,0.04736842105263158,0.12894736842105264,0.26052631578947366,nan,nan,nan,nan,nan,nan,nan,nan,nan,nan,nan,nan,nan,nan,2.127054360699308,1.8102762319390164,6.6144820304679515,0.4605263157894737,25.0,223.74083709716797,137.92632822218428,92.6491756439209,57.26177699177659,5.517053128887372,0.5394736842105263,0.04736842105263158,0.12894736842105264,0.26052631578947366,0.6214775819768695,0.1740115482167075,0.26331867356249195,0.41561863552793765,0.5752595114013977,rh1,drift_bias,33,RTAB RGBD+NoisyGNSS,rtab_rgbd_ngps,kalman_start_pose_anchored_rtab_degraded_gnss,/home/pulver/projects/vineyard_pf/Outdoor_SLPF_icra_evidence/results/icra_submission/reruns/gnss_stress_full_v2/rh1/drift_bias/seed_33/degraded_noisy_gnss.tum,c20dcb2fa41c964fdcbb742b2c96ae7a3f79f47a445c5f2d755170c7f37a96d7,/home/pulver/projects/vineyard_pf/Outdoor_SLPF_icra_evidence/results/icra_submission/reruns/gnss_stress_full_v2/rh1/drift_bias/seed_33/affected_mask.npy,5c4ba893aac27837288b853faf641204ecbd3c6cdfc16c7245872358bc8e51b8,1212d69cf47eb267173e5a92eaa9a8c080261d20942f1df1c0695580619648b4,f97c0806a08846ecaae10ab5dad7e951b7a71ce672bcb21fbbcc9e88a5295619,1.0
/home/pulver/projects/vineyard_pf/Outdoor_SLPF_icra_evidence/results/icra_submission/reruns/gnss_stress_full_v2/rh1/multipath_bursts/seed_11/degraded_noisy_gnss.tum,/home/pulver/projects/vineyard_pf/Outdoor_SLPF_icra_evidence/results/iros_rh1/20260217_172656_multiseed_main/slpf/seed_11/gps_pose.tum,399,0,1.0,3.4354209809627565,2.074026015085148,1.6607111079384242,37.98720197076326,3.3980217398317847,2.02795101200925,1.6610593373506999,37.51345077517314,1.9619689759493812,1.6009985654658354,32.769998908962926,0.6165413533834586,49.0,612.0,112.03675817245347,76.0,13.625448424708704,2.2864644524990503,0.38345864661654133,0.08771929824561403,0.17042606516290726,0.3358395989974937,nan,nan,nan,nan,nan,nan,nan,nan,nan,nan,nan,nan,nan,nan,1.9619689759493812,1.6009985654658354,32.769998908962926,0.6165413533834586,49.0,612.0,112.03675817245347,76.0,13.625448424708704,2.2864644524990503,0.38345864661654133,0.08771929824561403,0.17042606516290726,0.3358395989974937,0.5895126023210667,0.23794963101880073,0.08625266283026095,0.49785542036531616,0.1813689259924578,rh1,multipath_bursts,11,NoisyGNSS,ngps,generated_degraded_gnss,/home/pulver/projects/vineyard_pf/Outdoor_SLPF_icra_evidence/results/icra_submission/reruns/gnss_stress_full_v2/rh1/multipath_bursts/seed_11/degraded_noisy_gnss.tum,c88383273f501cd2df8f88f3e77bd409c0ab7ebd9d81070ad13ea43887fe5ab2,/home/pulver/projects/vineyard_pf/Outdoor_SLPF_icra_evidence/results/icra_submission/reruns/gnss_stress_full_v2/rh1/multipath_bursts/seed_11/affected_mask.npy,5c4ba893aac27837288b853faf641204ecbd3c6cdfc16c7245872358bc8e51b8,c88383273f501cd2df8f88f3e77bd409c0ab7ebd9d81070ad13ea43887fe5ab2,13d0eee6e833e7a0e4e17fe1163bfa913bb1c54e6ea862aaf13ed1885ee0e29b,1.0
/home/pulver/projects/vineyard_pf/Outdoor_SLPF_icra_evidence/results/icra_submission/reruns/gnss_stress_full_v2/rh1/multipath_bursts/seed_11/slpf/trajectory_0.5.tum,/home/pulver/projects/vineyard_pf/Outdoor_SLPF_icra_evidence/results/icra_submission/reruns/gnss_stress_full_v2/rh1/multipath_bursts/seed_11/slpf/gps_pose.tum,399,0,1.0,1.378377222810636,1.198305633627949,1.119131311554723,3.3239238133139604,1.3227232587178888,1.1641268713749757,1.0047434366985653,3.2191892032474785,1.552312950470468,1.3082859913837985,4.539190632016818,0.6616541353383458,33.0,540.0,96.58111589551905,52.0,8.009908212259825,2.9267004816823956,0.3383458646616541,0.045112781954887216,0.11528822055137844,0.3408521303258145,nan,nan,nan,nan,nan,nan,nan,nan,nan,nan,nan,nan,nan,nan,1.552312950470468,1.3082859913837985,4.539190632016818,0.6616541353383458,33.0,540.0,96.58111589551905,52.0,8.009908212259825,2.9267004816823956,0.3383458646616541,0.045112781954887216,0.11528822055137844,0.3408521303258145,0.17172311272183088,0.031982337716546204,0.013007849397733005,0.11529319047940392,0.03755847073622668,rh1,multipath_bursts,11,SLPF,slpf,live_external_degraded_gnss,/home/pulver/projects/vineyard_pf/Outdoor_SLPF_icra_evidence/results/icra_submission/reruns/gnss_stress_full_v2/rh1/multipath_bursts/seed_11/degraded_noisy_gnss.tum,c88383273f501cd2df8f88f3e77bd409c0ab7ebd9d81070ad13ea43887fe5ab2,/home/pulver/projects/vineyard_pf/Outdoor_SLPF_icra_evidence/results/icra_submission/reruns/gnss_stress_full_v2/rh1/multipath_bursts/seed_11/affected_mask.npy,5c4ba893aac27837288b853faf641204ecbd3c6cdfc16c7245872358bc8e51b8,4a6b5c7906a889fe661a79d7036d2b0ba1ae19e4e45fcf2a389f14534477ea16,13d0eee6e833e7a0e4e17fe1163bfa913bb1c54e6ea862aaf13ed1885ee0e29b,1.0
/home/pulver/projects/vineyard_pf/Outdoor_SLPF_icra_evidence/results/icra_submission/reruns/gnss_stress_full_v2/rh1/multipath_bursts/seed_11/amcl_ngps/trajectory_0.5.tum,/home/pulver/projects/vineyard_pf/Outdoor_SLPF_icra_evidence/results/icra_submission/reruns/gnss_stress_full_v2/rh1/multipath_bursts/seed_11/amcl_ngps/gps_pose.tum,401,0,1.0,1.8574122923054714,1.6167053863606777,1.7288374789960161,6.691056010231129,1.4268181932067387,1.2613909089863546,1.1926006436828793,6.363208071437721,1.306358655990568,0.9737470124925277,6.555073479348232,0.6309226932668329,29.0,158.39940404891968,99.419107738189,19.333094120025635,11.795862401485076,3.4282450944203102,0.3690773067331671,0.20947630922693267,0.341645885286783,0.5037406483790524,nan,nan,nan,nan,nan,nan,nan,nan,nan,nan,nan,nan,nan,nan,1.306358655990568,0.9737470124925277,6.555073479348232,0.6309226932668329,29.0,158.39940404891968,99.419107738189,19.333094120025635,11.795862401485076,3.4282450944203102,0.3690773067331671,0.20947630922693267,0.341645885286783,0.5037406483790524,0.8221525578533911,0.7757410827079964,1.3487943709334103,0.9801736499891487,1.6811843118590726,rh1,multipath_bursts,11,AMCL+NoisyGNSS,amcl_ngps,kalman_amcl_degraded_gnss,/home/pulver/projects/vineyard_pf/Outdoor_SLPF_icra_evidence/results/icra_submission/reruns/gnss_stress_full_v2/rh1/multipath_bursts/seed_11/degraded_noisy_gnss.tum,c88383273f501cd2df8f88f3e77bd409c0ab7ebd9d81070ad13ea43887fe5ab2,/home/pulver/projects/vineyard_pf/Outdoor_SLPF_icra_evidence/results/icra_submission/reruns/gnss_stress_full_v2/rh1/multipath_bursts/seed_11/affected_mask.npy,5c4ba893aac27837288b853faf641204ecbd3c6cdfc16c7245872358bc8e51b8,7d2b3ad529e5c2b654f5936937adc14e86c52dcdb7253ab85b532c8cf0eefe5a,ea5a5b851f7e6290c932da2e02d5848b930fbf9b277e3c9c45c7bc766d78700e,1.0
/home/pulver/projects/vineyard_pf/Outdoor_SLPF_icra_evidence/results/icra_submission/reruns/gnss_stress_full_v2/rh1/multipath_bursts/seed_11/rtab_rgb_ngps/trajectory_0.5.tum,/home/pulver/projects/vineyard_pf/Outdoor_SLPF_icra_evidence/results/icra_submission/reruns/gnss_stress_full_v2/rh1/multipath_bursts/seed_11/rtab_rgb_ngps/gps_pose.tum,377,0,1.0,28.647814838719786,24.32946049156337,24.525103316104584,54.83774120171577,2.592035207673325,2.1401902222868747,1.7147026047005056,7.666974479722526,1.9365737415057676,1.7111216941216092,6.905055550304224,0.5172413793103449,28.0,199.35559797286987,122.82219932940681,38.369348764419556,23.833409503372838,4.386507118907386,0.4827586206896552,0.08222811671087533,0.1830238726790451,0.33421750663129973,nan,nan,nan,nan,nan,nan,nan,nan,nan,nan,nan,nan,nan,nan,1.9365737415057676,1.7111216941216092,6.905055550304224,0.5172413793103449,28.0,199.35559797286987,122.82219932940681,38.369348764419556,23.833409503372838,4.386507118907386,0.4827586206896552,0.08222811671087533,0.1830238726790451,0.33421750663129973,0.756323511547223,0.533895351280541,0.7947132629899305,0.7852382656491641,1.1397306996502963,rh1,multipath_bursts,11,RTAB RGB+NoisyGNSS,rtab_rgb_ngps,kalman_start_pose_anchored_rtab_degraded_gnss,/home/pulver/projects/vineyard_pf/Outdoor_SLPF_icra_evidence/results/icra_submission/reruns/gnss_stress_full_v2/rh1/multipath_bursts/seed_11/degraded_noisy_gnss.tum,c88383273f501cd2df8f88f3e77bd409c0ab7ebd9d81070ad13ea43887fe5ab2,/home/pulver/projects/vineyard_pf/Outdoor_SLPF_icra_evidence/results/icra_submission/reruns/gnss_stress_full_v2/rh1/multipath_bursts/seed_11/affected_mask.npy,5c4ba893aac27837288b853faf641204ecbd3c6cdfc16c7245872358bc8e51b8,1fd0321d793bc62dcebfed4832a15f1db629c64bea94f53bb344320c23c21f8c,f97c0806a08846ecaae10ab5dad7e951b7a71ce672bcb21fbbcc9e88a5295619,1.0
/home/pulver/projects/vineyard_pf/Outdoor_SLPF_icra_evidence/results/icra_submission/reruns/gnss_stress_full_v2/rh1/multipath_bursts/seed_11/rtab_rgbd_ngps/trajectory_0.5.tum,/home/pulver/projects/vineyard_pf/Outdoor_SLPF_icra_evidence/results/icra_submission/reruns/gnss_stress_full_v2/rh1/multipath_bursts/seed_11/rtab_rgbd_ngps/gps_pose.tum,380,0,1.0,28.59627433072316,24.28796618893071,24.442953369432217,54.659424914570444,2.6194057735427574,2.15740161742687,1.7336155402171194,7.814423446569335,1.9405649511620395,1.6708531509620683,6.701058981736815,0.5184210526315789,32.0,200.36537647247314,123.14172162851759,34.728299379348755,21.625952829300438,3.8481788008911746,0.48157894736842105,0.07631578947368421,0.18157894736842106,0.3394736842105263,nan,nan,nan,nan,nan,nan,nan,nan,nan,nan,nan,nan,nan,nan,1.9405649511620395,1.6708531509620683,6.701058981736815,0.5184210526315789,32.0,200.36537647247314,123.14172162851759,34.728299379348755,21.625952829300438,3.8481788008911746,0.48157894736842105,0.07631578947368421,0.18157894736842106,0.3394736842105263,0.7577017988370128,0.5501999462494883,0.8158249857130343,0.7547244335288618,1.0760679356076588,rh1,multipath_bursts,11,RTAB RGBD+NoisyGNSS,rtab_rgbd_ngps,kalman_start_pose_anchored_rtab_degraded_gnss,/home/pulver/projects/vineyard_pf/Outdoor_SLPF_icra_evidence/results/icra_submission/reruns/gnss_stress_full_v2/rh1/multipath_bursts/seed_11/degraded_noisy_gnss.tum,c88383273f501cd2df8f88f3e77bd409c0ab7ebd9d81070ad13ea43887fe5ab2,/home/pulver/projects/vineyard_pf/Outdoor_SLPF_icra_evidence/results/icra_submission/reruns/gnss_stress_full_v2/rh1/multipath_bursts/seed_11/affected_mask.npy,5c4ba893aac27837288b853faf641204ecbd3c6cdfc16c7245872358bc8e51b8,05aa7634f78db61249aa9d486eeb17eda7c38ec56bb9dfd5231ff6da6ca2e0c8,f97c0806a08846ecaae10ab5dad7e951b7a71ce672bcb21fbbcc9e88a5295619,1.0
/home/pulver/projects/vineyard_pf/Outdoor_SLPF_icra_evidence/results/icra_submission/reruns/gnss_stress_full_v2/rh1/multipath_bursts/seed_22/degraded_noisy_gnss.tum,/home/pulver/projects/vineyard_pf/Outdoor_SLPF_icra_evidence/results/iros_rh1/20260217_172656_multiseed_main/slpf/seed_11/gps_pose.tum,399,0,1.0,3.11431932290229,1.9830336619981859,1.6657446204701885,30.46464048300014,3.0808490587625825,1.9356819714748499,1.633272568914546,30.49725019401574,1.7140823480953808,1.4101930307679125,27.241351007586008,0.6115288220551378,66.0,620.0,109.90177766810014,32.0,9.128282677802586,1.6651784495166688,0.38847117794486213,0.09273182957393483,0.18796992481203006,0.3558897243107769,nan,nan,nan,nan,nan,nan,nan,nan,nan,nan,nan,nan,nan,nan,1.7140823480953808,1.4101930307679125,27.241351007586008,0.6115288220551378,66.0,620.0,109.90177766810014,32.0,9.128282677802586,1.6651784495166688,0.38847117794486213,0.09273182957393483,0.18796992481203006,0.3558897243107769,0.541295791041633,0.218066543327628,0.07990533185897244,0.5098572239578056,0.17667862644738122,rh1,multipath_bursts,22,NoisyGNSS,ngps,generated_degraded_gnss,/home/pulver/projects/vineyard_pf/Outdoor_SLPF_icra_evidence/results/icra_submission/reruns/gnss_stress_full_v2/rh1/multipath_bursts/seed_22/degraded_noisy_gnss.tum,162c303a01494eef5b80db7bdb24a6063440e96c806a3f06ae3b69409ac721c5,/home/pulver/projects/vineyard_pf/Outdoor_SLPF_icra_evidence/results/icra_submission/reruns/gnss_stress_full_v2/rh1/multipath_bursts/seed_22/affected_mask.npy,5c4ba893aac27837288b853faf641204ecbd3c6cdfc16c7245872358bc8e51b8,162c303a01494eef5b80db7bdb24a6063440e96c806a3f06ae3b69409ac721c5,13d0eee6e833e7a0e4e17fe1163bfa913bb1c54e6ea862aaf13ed1885ee0e29b,1.0
/home/pulver/projects/vineyard_pf/Outdoor_SLPF_icra_evidence/results/icra_submission/reruns/gnss_stress_full_v2/rh1/multipath_bursts/seed_22/slpf/trajectory_0.5.tum,/home/pulver/projects/vineyard_pf/Outdoor_SLPF_icra_evidence/results/icra_submission/reruns/gnss_stress_full_v2/rh1/multipath_bursts/seed_22/slpf/gps_pose.tum,399,0,1.0,1.2381872650520358,1.0806472443352535,1.0104043514691086,3.1985819182860364,1.0988538459128725,0.9726463965646444,0.9098558430714461,2.6852732229585157,1.2896665094744713,1.1632987114329556,4.822049818779513,0.7268170426065163,30.0,436.0,82.6473263831349,64.0,11.329911008783245,2.75491087943783,0.2731829573934837,0.05764411027568922,0.16040100250626566,0.41102756892230574,nan,nan,nan,nan,nan,nan,nan,nan,nan,nan,nan,nan,nan,nan,1.2896665094744713,1.1632987114329556,4.822049818779513,0.7268170426065163,30.0,436.0,82.6473263831349,64.0,11.329911008783245,2.75491087943783,0.2731829573934837,0.05764411027568922,0.16040100250626566,0.41102756892230574,0.16923348586481,0.032149588314950364,0.013038755340412241,0.1139281574646023,0.03816261218247183,rh1,multipath_bursts,22,SLPF,slpf,live_external_degraded_gnss,/home/pulver/projects/vineyard_pf/Outdoor_SLPF_icra_evidence/results/icra_submission/reruns/gnss_stress_full_v2/rh1/multipath_bursts/seed_22/degraded_noisy_gnss.tum,162c303a01494eef5b80db7bdb24a6063440e96c806a3f06ae3b69409ac721c5,/home/pulver/projects/vineyard_pf/Outdoor_SLPF_icra_evidence/results/icra_submission/reruns/gnss_stress_full_v2/rh1/multipath_bursts/seed_22/affected_mask.npy,5c4ba893aac27837288b853faf641204ecbd3c6cdfc16c7245872358bc8e51b8,1519f8c3498991ef3040166d0a6de20e892451a144263d0cc62c71ee2287d80a,13d0eee6e833e7a0e4e17fe1163bfa913bb1c54e6ea862aaf13ed1885ee0e29b,1.0
/home/pulver/projects/vineyard_pf/Outdoor_SLPF_icra_evidence/results/icra_submission/reruns/gnss_stress_full_v2/rh1/multipath_bursts/seed_22/amcl_ngps/trajectory_0.5.tum,/home/pulver/projects/vineyard_pf/Outdoor_SLPF_icra_evidence/results/icra_submission/reruns/gnss_stress_full_v2/rh1/multipath_bursts/seed_22/amcl_ngps/gps_pose.tum,401,0,1.0,1.5580064683146535,1.3451820327169404,1.4029244416251652,4.924125866275981,1.2352183858350603,1.0902623255537487,1.0383335875169344,4.4505389235218855,1.22577830256359,1.0139267652236261,6.565922533898973,0.6583541147132169,30.0,143.6630322933197,90.88334677533547,34.86421513557434,21.657631517187596,3.029444892511182,0.341645885286783,0.1970074812967581,0.34413965087281795,0.4937655860349127,nan,nan,nan,nan,nan,nan,nan,nan,nan,nan,nan,nan,nan,nan,1.22577830256359,1.0139267652236261,6.565922533898973,0.6583541147132169,30.0,143.6630322933197,90.88334677533547,34.86421513557434,21.657631517187596,3.029444892511182,0.341645885286783,0.1970074812967581,0.34413965087281795,0.4937655860349127,0.7746475686099782,0.6178146859613826,1.087494597344827,0.9049675657549181,1.4627875070974636,rh1,multipath_bursts,22,AMCL+NoisyGNSS,amcl_ngps,kalman_amcl_degraded_gnss,/home/pulver/projects/vineyard_pf/Outdoor_SLPF_icra_evidence/results/icra_submission/reruns/gnss_stress_full_v2/rh1/multipath_bursts/seed_22/degraded_noisy_gnss.tum,162c303a01494eef5b80db7bdb24a6063440e96c806a3f06ae3b69409ac721c5,/home/pulver/projects/vineyard_pf/Outdoor_SLPF_icra_evidence/results/icra_submission/reruns/gnss_stress_full_v2/rh1/multipath_bursts/seed_22/affected_mask.npy,5c4ba893aac27837288b853faf641204ecbd3c6cdfc16c7245872358bc8e51b8,f3d596594e6ada2e5969b45455a3e6cda773f62a6ba7319dbdea5f08da2062ee,ea5a5b851f7e6290c932da2e02d5848b930fbf9b277e3c9c45c7bc766d78700e,1.0
/home/pulver/projects/vineyard_pf/Outdoor_SLPF_icra_evidence/results/icra_submission/reruns/gnss_stress_full_v2/rh1/multipath_bursts/seed_22/rtab_rgb_ngps/trajectory_0.5.tum,/home/pulver/projects/vineyard_pf/Outdoor_SLPF_icra_evidence/results/icra_submission/reruns/gnss_stress_full_v2/rh1/multipath_bursts/seed_22/rtab_rgb_ngps/gps_pose.tum,377,0,1.0,28.505996341981007,24.183037260328007,24.054082413050757,54.277758101213564,2.878659030691047,2.334300162442736,1.9400784091449443,16.718038287217773,1.9630841554276797,1.6690658743776492,9.505474671554806,0.46684350132625996,26.0,221.18175745010376,134.3515616795015,24.123501777648926,14.598458805489033,5.167367756903904,0.53315649867374,0.10875331564986737,0.1989389920424403,0.32891246684350134,nan,nan,nan,nan,nan,nan,nan,nan,nan,nan,nan,nan,nan,nan,1.9630841554276797,1.6690658743776492,9.505474671554806,0.46684350132625996,26.0,221.18175745010376,134.3515616795015,24.123501777648926,14.598458805489033,5.167367756903904,0.53315649867374,0.10875331564986737,0.1989389920424403,0.32891246684350134,0.8095573721354169,0.7959499363560882,1.081529896957449,0.8099962191404969,1.1989800566330464,rh1,multipath_bursts,22,RTAB RGB+NoisyGNSS,rtab_rgb_ngps,kalman_start_pose_anchored_rtab_degraded_gnss,/home/pulver/projects/vineyard_pf/Outdoor_SLPF_icra_evidence/results/icra_submission/reruns/gnss_stress_full_v2/rh1/multipath_bursts/seed_22/degraded_noisy_gnss.tum,162c303a01494eef5b80db7bdb24a6063440e96c806a3f06ae3b69409ac721c5,/home/pulver/projects/vineyard_pf/Outdoor_SLPF_icra_evidence/results/icra_submission/reruns/gnss_stress_full_v2/rh1/multipath_bursts/seed_22/affected_mask.npy,5c4ba893aac27837288b853faf641204ecbd3c6cdfc16c7245872358bc8e51b8,ed538cd62f7290f94faf981cece14393a5789fe455aaa0a211fb055f6dbe0317,f97c0806a08846ecaae10ab5dad7e951b7a71ce672bcb21fbbcc9e88a5295619,1.0
/home/pulver/projects/vineyard_pf/Outdoor_SLPF_icra_evidence/results/icra_submission/reruns/gnss_stress_full_v2/rh1/multipath_bursts/seed_22/rtab_rgbd_ngps/trajectory_0.5.tum,/home/pulver/projects/vineyard_pf/Outdoor_SLPF_icra_evidence/results/icra_submission/reruns/gnss_stress_full_v2/rh1/multipath_bursts/seed_22/rtab_rgbd_ngps/gps_pose.tum,380,0,1.0,28.47460547831748,24.138353346025866,24.025156462580085,54.164045474535534,2.9009129061835366,2.352304266347553,1.9803909074247703,16.77595536235197,1.9549853721010293,1.6025424538938076,6.93900102754406,0.4842105263157895,30.0,214.47322034835815,130.38374705385144,26.377869129180908,16.064277666178373,4.346124901795048,0.5157894736842106,0.09473684210526316,0.18947368421052632,0.3368421052631579,nan,nan,nan,nan,nan,nan,nan,nan,nan,nan,nan,nan,nan,nan,1.9549853721010293,1.6025424538938076,6.93900102754406,0.4842105263157895,30.0,214.47322034835815,130.38374705385144,26.377869129180908,16.064277666178373,4.346124901795048,0.5157894736842106,0.09473684210526316,0.18947368421052632,0.3368421052631579,0.8384004006921605,0.8586337192066702,1.1920397911183256,0.8657211244937244,1.2802116230832048,rh1,multipath_bursts,22,RTAB RGBD+NoisyGNSS,rtab_rgbd_ngps,kalman_start_pose_anchored_rtab_degraded_gnss,/home/pulver/projects/vineyard_pf/Outdoor_SLPF_icra_evidence/results/icra_submission/reruns/gnss_stress_full_v2/rh1/multipath_bursts/seed_22/degraded_noisy_gnss.tum,162c303a01494eef5b80db7bdb24a6063440e96c806a3f06ae3b69409ac721c5,/home/pulver/projects/vineyard_pf/Outdoor_SLPF_icra_evidence/results/icra_submission/reruns/gnss_stress_full_v2/rh1/multipath_bursts/seed_22/affected_mask.npy,5c4ba893aac27837288b853faf641204ecbd3c6cdfc16c7245872358bc8e51b8,f8fd9dff6686571f82709531e9fd81722e7132b8ae623d07f56e66daa653352b,f97c0806a08846ecaae10ab5dad7e951b7a71ce672bcb21fbbcc9e88a5295619,1.0
/home/pulver/projects/vineyard_pf/Outdoor_SLPF_icra_evidence/results/icra_submission/reruns/gnss_stress_full_v2/rh1/multipath_bursts/seed_33/degraded_noisy_gnss.tum,/home/pulver/projects/vineyard_pf/Outdoor_SLPF_icra_evidence/results/iros_rh1/20260217_172656_multiseed_main/slpf/seed_11/gps_pose.tum,399,0,1.0,3.849369442913539,2.0800484296237967,1.4891057761935877,37.78094405956706,3.845728888761537,2.051467316245367,1.464135953558016,37.948600399171234,2.197141102575393,1.6292967138595134,39.157769098676695,0.6892230576441103,64.0,496.0,93.32285076880893,40.0,6.7751330254233375,1.4581695432626396,0.3107769423558897,0.08521303258145363,0.15037593984962405,0.3233082706766917,nan,nan,nan,nan,nan,nan,nan,nan,nan,nan,nan,nan,nan,nan,2.197141102575393,1.6292967138595134,39.157769098676695,0.6892230576441103,64.0,496.0,93.32285076880893,40.0,6.7751330254233375,1.4581695432626396,0.3107769423558897,0.08521303258145363,0.15037593984962405,0.3233082706766917,0.6873194817307378,0.2884903660462549,0.1062508324279717,0.5182538568329903,0.18558461299444304,rh1,multipath_bursts,33,NoisyGNSS,ngps,generated_degraded_gnss,/home/pulver/projects/vineyard_pf/Outdoor_SLPF_icra_evidence/results/icra_submission/reruns/gnss_stress_full_v2/rh1/multipath_bursts/seed_33/degraded_noisy_gnss.tum,e555aed6677365b39d353dc618752d222b7970d229bf3017a18a83c006c46ef3,/home/pulver/projects/vineyard_pf/Outdoor_SLPF_icra_evidence/results/icra_submission/reruns/gnss_stress_full_v2/rh1/multipath_bursts/seed_33/affected_mask.npy,5c4ba893aac27837288b853faf641204ecbd3c6cdfc16c7245872358bc8e51b8,e555aed6677365b39d353dc618752d222b7970d229bf3017a18a83c006c46ef3,13d0eee6e833e7a0e4e17fe1163bfa913bb1c54e6ea862aaf13ed1885ee0e29b,1.0
/home/pulver/projects/vineyard_pf/Outdoor_SLPF_icra_evidence/results/icra_submission/reruns/gnss_stress_full_v2/rh1/multipath_bursts/seed_33/slpf/trajectory_0.5.tum,/home/pulver/projects/vineyard_pf/Outdoor_SLPF_icra_evidence/results/icra_submission/reruns/gnss_stress_full_v2/rh1/multipath_bursts/seed_33/slpf/gps_pose.tum,399,0,1.0,1.0593423878345327,0.9081186657927354,0.8340978244360502,2.9133324262285494,0.9454150022653253,0.8120605110935898,0.706099820267211,2.617491319970822,1.4259981592920423,1.2940577878270796,4.3508051669028625,0.7619047619047619,32.0,380.0,72.29649017292314,40.0,6.2428204010939945,2.259265317903848,0.23809523809523808,0.03508771929824561,0.09273182957393483,0.3659147869674185,nan,nan,nan,nan,nan,nan,nan,nan,nan,nan,nan,nan,nan,nan,1.4259981592920423,1.2940577878270796,4.3508051669028625,0.7619047619047619,32.0,380.0,72.29649017292314,40.0,6.2428204010939945,2.259265317903848,0.23809523809523808,0.03508771929824561,0.09273182957393483,0.3659147869674185,0.16965228174580319,0.03148121593824321,0.012720051841824228,0.118225241098979,0.03759905704454063,rh1,multipath_bursts,33,SLPF,slpf,live_external_degraded_gnss,/home/pulver/projects/vineyard_pf/Outdoor_SLPF_icra_evidence/results/icra_submission/reruns/gnss_stress_full_v2/rh1/multipath_bursts/seed_33/degraded_noisy_gnss.tum,e555aed6677365b39d353dc618752d222b7970d229bf3017a18a83c006c46ef3,/home/pulver/projects/vineyard_pf/Outdoor_SLPF_icra_evidence/results/icra_submission/reruns/gnss_stress_full_v2/rh1/multipath_bursts/seed_33/affected_mask.npy,5c4ba893aac27837288b853faf641204ecbd3c6cdfc16c7245872358bc8e51b8,9f880210faf44a2619a076347ebca6b4d0a67b2b5ed66f894afc2b2e727f67e5,13d0eee6e833e7a0e4e17fe1163bfa913bb1c54e6ea862aaf13ed1885ee0e29b,1.0
/home/pulver/projects/vineyard_pf/Outdoor_SLPF_icra_evidence/results/icra_submission/reruns/gnss_stress_full_v2/rh1/multipath_bursts/seed_33/amcl_ngps/trajectory_0.5.tum,/home/pulver/projects/vineyard_pf/Outdoor_SLPF_icra_evidence/results/icra_submission/reruns/gnss_stress_full_v2/rh1/multipath_bursts/seed_33/amcl_ngps/gps_pose.tum,401,0,1.0,1.656449641831956,1.4903173440158624,1.6165092455805803,4.258933461354699,1.2669783028330948,1.1446915882049002,1.1005696919849903,5.3306529288701805,1.17480474241497,0.8017769525596179,5.72013715549027,0.6583541147132169,26.0,144.00043964385986,91.16939579282469,19.333094120025635,11.795862401485076,3.5065152228009495,0.341645885286783,0.2817955112219451,0.4089775561097257,0.5336658354114713,nan,nan,nan,nan,nan,nan,nan,nan,nan,nan,nan,nan,nan,nan,1.17480474241497,0.8017769525596179,5.72013715549027,0.6583541147132169,26.0,144.00043964385986,91.16939579282469,19.333094120025635,11.795862401485076,3.5065152228009495,0.341645885286783,0.2817955112219451,0.4089775561097257,0.5336658354114713,0.7389703104042923,0.5937415009990306,1.0452281403165196,0.8884530756524579,1.3040253417267067,rh1,multipath_bursts,33,AMCL+NoisyGNSS,amcl_ngps,kalman_amcl_degraded_gnss,/home/pulver/projects/vineyard_pf/Outdoor_SLPF_icra_evidence/results/icra_submission/reruns/gnss_stress_full_v2/rh1/multipath_bursts/seed_33/degraded_noisy_gnss.tum,e555aed6677365b39d353dc618752d222b7970d229bf3017a18a83c006c46ef3,/home/pulver/projects/vineyard_pf/Outdoor_SLPF_icra_evidence/results/icra_submission/reruns/gnss_stress_full_v2/rh1/multipath_bursts/seed_33/affected_mask.npy,5c4ba893aac27837288b853faf641204ecbd3c6cdfc16c7245872358bc8e51b8,e098805957e4d07d026ab4999baf33f68a91b966778a4ab1dc04307378a06ce1,ea5a5b851f7e6290c932da2e02d5848b930fbf9b277e3c9c45c7bc766d78700e,1.0
/home/pulver/projects/vineyard_pf/Outdoor_SLPF_icra_evidence/results/icra_submission/reruns/gnss_stress_full_v2/rh1/multipath_bursts/seed_33/rtab_rgb_ngps/trajectory_0.5.tum,/home/pulver/projects/vineyard_pf/Outdoor_SLPF_icra_evidence/results/icra_submission/reruns/gnss_stress_full_v2/rh1/multipath_bursts/seed_33/rtab_rgb_ngps/gps_pose.tum,377,0,1.0,28.645260756618335,24.426738087527717,24.37361637060531,54.2918130741559,2.5573786358956223,2.112781307636182,1.6845975077576014,8.08493655183923,1.9894151160881004,1.7431766125107697,6.736283179663524,0.46419098143236076,25.0,222.1258807182312,135.8349200458714,34.76252508163452,21.67651927259637,5.433396801834856,0.5358090185676393,0.10079575596816977,0.17771883289124668,0.29708222811671087,nan,nan,nan,nan,nan,nan,nan,nan,nan,nan,nan,nan,nan,nan,1.9894151160881004,1.7431766125107697,6.736283179663524,0.46419098143236076,25.0,222.1258807182312,135.8349200458714,34.76252508163452,21.67651927259637,5.433396801834856,0.5358090185676393,0.10079575596816977,0.17771883289124668,0.29708222811671087,0.7280963384236084,0.5311465364118325,0.7762058715002671,0.7537710980921011,1.0891157478239384,rh1,multipath_bursts,33,RTAB RGB+NoisyGNSS,rtab_rgb_ngps,kalman_start_pose_anchored_rtab_degraded_gnss,/home/pulver/projects/vineyard_pf/Outdoor_SLPF_icra_evidence/results/icra_submission/reruns/gnss_stress_full_v2/rh1/multipath_bursts/seed_33/degraded_noisy_gnss.tum,e555aed6677365b39d353dc618752d222b7970d229bf3017a18a83c006c46ef3,/home/pulver/projects/vineyard_pf/Outdoor_SLPF_icra_evidence/results/icra_submission/reruns/gnss_stress_full_v2/rh1/multipath_bursts/seed_33/affected_mask.npy,5c4ba893aac27837288b853faf641204ecbd3c6cdfc16c7245872358bc8e51b8,314f74b2a2cdc0d08d8310b6ac80016914c12abea68cac1528dbff116c5eb432,f97c0806a08846ecaae10ab5dad7e951b7a71ce672bcb21fbbcc9e88a5295619,1.0
/home/pulver/projects/vineyard_pf/Outdoor_SLPF_icra_evidence/results/icra_submission/reruns/gnss_stress_full_v2/rh1/multipath_bursts/seed_33/rtab_rgbd_ngps/trajectory_0.5.tum,/home/pulver/projects/vineyard_pf/Outdoor_SLPF_icra_evidence/results/icra_submission/reruns/gnss_stress_full_v2/rh1/multipath_bursts/seed_33/rtab_rgbd_ngps/gps_pose.tum,380,0,1.0,28.617165839484947,24.425144202764404,24.258621954867344,54.03368672557743,2.731425933598982,2.207313223367498,1.7689726918769582,15.726758136213263,2.069296389646664,1.7771202774492525,14.123747323666588,0.45526315789473687,28.0,229.69676971435547,140.83749783896417,40.64574456214905,25.16782183571347,5.029910637105863,0.5447368421052632,0.09210526315789473,0.15526315789473685,0.28421052631578947,nan,nan,nan,nan,nan,nan,nan,nan,nan,nan,nan,nan,nan,nan,2.069296389646664,1.7771202774492525,14.123747323666588,0.45526315789473687,28.0,229.69676971435547,140.83749783896417,40.64574456214905,25.16782183571347,5.029910637105863,0.5447368421052632,0.09210526315789473,0.15526315789473685,0.28421052631578947,0.7813129127750272,0.7265756797927914,0.9421098630133091,0.7584344617482471,1.0907336949500062,rh1,multipath_bursts,33,RTAB RGBD+NoisyGNSS,rtab_rgbd_ngps,kalman_start_pose_anchored_rtab_degraded_gnss,/home/pulver/projects/vineyard_pf/Outdoor_SLPF_icra_evidence/results/icra_submission/reruns/gnss_stress_full_v2/rh1/multipath_bursts/seed_33/degraded_noisy_gnss.tum,e555aed6677365b39d353dc618752d222b7970d229bf3017a18a83c006c46ef3,/home/pulver/projects/vineyard_pf/Outdoor_SLPF_icra_evidence/results/icra_submission/reruns/gnss_stress_full_v2/rh1/multipath_bursts/seed_33/affected_mask.npy,5c4ba893aac27837288b853faf641204ecbd3c6cdfc16c7245872358bc8e51b8,4a1d6311c79b2422a4d7507682153d184b2810c8b686ec1c2d03b1a86be791a8,f97c0806a08846ecaae10ab5dad7e951b7a71ce672bcb21fbbcc9e88a5295619,1.0
/home/pulver/projects/vineyard_pf/Outdoor_SLPF_icra_evidence/results/icra_submission/reruns/gnss_stress_full_v2/rh1/outage_5s/seed_11/degraded_noisy_gnss.tum,/home/pulver/projects/vineyard_pf/Outdoor_SLPF_icra_evidence/results/iros_rh1/20260217_172656_multiseed_main/slpf/seed_11/gps_pose.tum,398,1,1.0,1.3137659658413765,1.1435803988404278,1.0671213474087935,6.725975968994115,1.2817926212891697,1.1136362433025517,1.013657952415799,6.838763771097729,1.4527975026285904,1.395562635122611,5.581804886845769,0.6859296482412061,47.0,500.0,90.88941196033613,52.0,7.7671678001866695,1.9338172757518326,0.314070351758794,0.10552763819095477,0.18341708542713567,0.36180904522613067,nan,nan,nan,nan,nan,nan,nan,nan,nan,nan,nan,nan,nan,nan,1.4527975026285904,1.395562635122611,5.581804886845769,0.6859296482412061,47.0,500.0,90.88941196033613,52.0,7.7671678001866695,1.9338172757518326,0.314070351758794,0.10552763819095477,0.18341708542713567,0.36180904522613067,0.32782962197137894,0.06481539490934433,0.02736320951462127,0.4748878921646212,0.17678422909963487,rh1,outage_5s,11,NoisyGNSS,ngps,generated_degraded_gnss,/home/pulver/projects/vineyard_pf/Outdoor_SLPF_icra_evidence/results/icra_submission/reruns/gnss_stress_full_v2/rh1/outage_5s/seed_11/degraded_noisy_gnss.tum,7bd721e27d051c2e3db63dac9332570dd2c3d67494a0377f99ef9f0369a78d64,/home/pulver/projects/vineyard_pf/Outdoor_SLPF_icra_evidence/results/icra_submission/reruns/gnss_stress_full_v2/rh1/outage_5s/seed_11/affected_mask.npy,5c4ba893aac27837288b853faf641204ecbd3c6cdfc16c7245872358bc8e51b8,7bd721e27d051c2e3db63dac9332570dd2c3d67494a0377f99ef9f0369a78d64,13d0eee6e833e7a0e4e17fe1163bfa913bb1c54e6ea862aaf13ed1885ee0e29b,1.0
/home/pulver/projects/vineyard_pf/Outdoor_SLPF_icra_evidence/results/icra_submission/reruns/gnss_stress_full_v2/rh1/outage_5s/seed_11/slpf/trajectory_0.5.tum,/home/pulver/projects/vineyard_pf/Outdoor_SLPF_icra_evidence/results/icra_submission/reruns/gnss_stress_full_v2/rh1/outage_5s/seed_11/slpf/gps_pose.tum,399,0,1.0,0.8756223207536445,0.7721774747366734,0.7510174663678911,2.3630492604905813,0.8275343484332325,0.7481361203013855,0.7071235003149666,2.1733180868718622,1.386635944937207,1.1983887180268509,3.8611925212903904,0.7343358395989975,33.0,424.0,79.61007471866098,40.0,6.2428204010939945,2.4124265066260904,0.2656641604010025,0.03759398496240601,0.09774436090225563,0.3157894736842105,nan,nan,nan,nan,nan,nan,nan,nan,nan,nan,nan,nan,nan,nan,1.386635944937207,1.1983887180268509,3.8611925212903904,0.7343358395989975,33.0,424.0,79.61007471866098,40.0,6.2428204010939945,2.4124265066260904,0.2656641604010025,0.03759398496240601,0.09774436090225563,0.3157894736842105,0.16754091025343276,0.03199584475833497,0.01302461619851474,0.10560836469306156,0.03537206754371114,rh1,outage_5s,11,SLPF,slpf,live_external_degraded_gnss,/home/pulver/projects/vineyard_pf/Outdoor_SLPF_icra_evidence/results/icra_submission/reruns/gnss_stress_full_v2/rh1/outage_5s/seed_11/degraded_noisy_gnss.tum,7bd721e27d051c2e3db63dac9332570dd2c3d67494a0377f99ef9f0369a78d64,/home/pulver/projects/vineyard_pf/Outdoor_SLPF_icra_evidence/results/icra_submission/reruns/gnss_stress_full_v2/rh1/outage_5s/seed_11/affected_mask.npy,5c4ba893aac27837288b853faf641204ecbd3c6cdfc16c7245872358bc8e51b8,9289f550fd2c87a1aa58fe6e6653d6a0c53ff7b352ff7dd0979b2631410d2195,13d0eee6e833e7a0e4e17fe1163bfa913bb1c54e6ea862aaf13ed1885ee0e29b,1.0
/home/pulver/projects/vineyard_pf/Outdoor_SLPF_icra_evidence/results/icra_submission/reruns/gnss_stress_full_v2/rh1/outage_5s/seed_11/amcl_ngps/trajectory_0.5.tum,/home/pulver/projects/vineyard_pf/Outdoor_SLPF_icra_evidence/results/icra_submission/reruns/gnss_stress_full_v2/rh1/outage_5s/seed_11/amcl_ngps/gps_pose.tum,401,0,1.0,1.6307703728530976,1.4378808787919786,1.7171014673897742,3.3531845264481444,1.1612711885455402,1.0842856680470605,1.0618944410151177,4.138578043950395,1.223394601303486,0.8302346818415552,4.1465470594496825,0.6384039900249376,25.0,154.2652976512909,97.21438105238606,19.333094120025635,11.795862401485076,3.8885752420954423,0.36159600997506236,0.2144638403990025,0.36159600997506236,0.5286783042394015,nan,nan,nan,nan,nan,nan,nan,nan,nan,nan,nan,nan,nan,nan,1.223394601303486,0.8302346818415552,4.1465470594496825,0.6384039900249376,25.0,154.2652976512909,97.21438105238606,19.333094120025635,11.795862401485076,3.8885752420954423,0.36159600997506236,0.2144638403990025,0.36159600997506236,0.5286783042394015,0.657497081763914,0.34027554979242897,0.632172951194648,0.6014684789382831,1.0360552211978793,rh1,outage_5s,11,AMCL+NoisyGNSS,amcl_ngps,kalman_amcl_degraded_gnss,/home/pulver/projects/vineyard_pf/Outdoor_SLPF_icra_evidence/results/icra_submission/reruns/gnss_stress_full_v2/rh1/outage_5s/seed_11/degraded_noisy_gnss.tum,7bd721e27d051c2e3db63dac9332570dd2c3d67494a0377f99ef9f0369a78d64,/home/pulver/projects/vineyard_pf/Outdoor_SLPF_icra_evidence/results/icra_submission/reruns/gnss_stress_full_v2/rh1/outage_5s/seed_11/affected_mask.npy,5c4ba893aac27837288b853faf641204ecbd3c6cdfc16c7245872358bc8e51b8,3c190e7f443bc1ed1f88a6246bf37868d8b335ec47c6327e62c656712cecd375,ea5a5b851f7e6290c932da2e02d5848b930fbf9b277e3c9c45c7bc766d78700e,1.0
/home/pulver/projects/vineyard_pf/Outdoor_SLPF_icra_evidence/results/icra_submission/reruns/gnss_stress_full_v2/rh1/outage_5s/seed_11/rtab_rgb_ngps/trajectory_0.5.tum,/home/pulver/projects/vineyard_pf/Outdoor_SLPF_icra_evidence/results/icra_submission/reruns/gnss_stress_full_v2/rh1/outage_5s/seed_11/rtab_rgb_ngps/gps_pose.tum,377,0,1.0,28.738109383689633,24.43798770745882,24.762012527635317,54.57548590483437,2.6506957019818747,2.1711695412452534,1.7487701306415173,8.441075204528149,2.003516547488114,1.6732946031524518,9.351693613853117,0.506631299734748,26.0,203.86027932167053,124.86008510636258,39.37006425857544,24.423058268322364,4.80231096562933,0.493368700265252,0.09283819628647215,0.17771883289124668,0.33156498673740054,nan,nan,nan,nan,nan,nan,nan,nan,nan,nan,nan,nan,nan,nan,2.003516547488114,1.6732946031524518,9.351693613853117,0.506631299734748,26.0,203.86027932167053,124.86008510636258,39.37006425857544,24.423058268322364,4.80231096562933,0.493368700265252,0.09283819628647215,0.17771883289124668,0.33156498673740054,0.671529610181009,0.5837447961259649,0.9029111366949786,0.4756166597388175,0.660676726533739,rh1,outage_5s,11,RTAB RGB+NoisyGNSS,rtab_rgb_ngps,kalman_start_pose_anchored_rtab_degraded_gnss,/home/pulver/projects/vineyard_pf/Outdoor_SLPF_icra_evidence/results/icra_submission/reruns/gnss_stress_full_v2/rh1/outage_5s/seed_11/degraded_noisy_gnss.tum,7bd721e27d051c2e3db63dac9332570dd2c3d67494a0377f99ef9f0369a78d64,/home/pulver/projects/vineyard_pf/Outdoor_SLPF_icra_evidence/results/icra_submission/reruns/gnss_stress_full_v2/rh1/outage_5s/seed_11/affected_mask.npy,5c4ba893aac27837288b853faf641204ecbd3c6cdfc16c7245872358bc8e51b8,77104a8b7a5b22a627780ad3cc4b1b7b5e2f0dcc7975e9e98ac256903a98c0aa,f97c0806a08846ecaae10ab5dad7e951b7a71ce672bcb21fbbcc9e88a5295619,1.0
/home/pulver/projects/vineyard_pf/Outdoor_SLPF_icra_evidence/results/icra_submission/reruns/gnss_stress_full_v2/rh1/outage_5s/seed_11/rtab_rgbd_ngps/trajectory_0.5.tum,/home/pulver/projects/vineyard_pf/Outdoor_SLPF_icra_evidence/results/icra_submission/reruns/gnss_stress_full_v2/rh1/outage_5s/seed_11/rtab_rgbd_ngps/gps_pose.tum,380,0,1.0,28.69805814997895,24.394908411013066,24.731282717927343,54.390333764996,2.6979964188347605,2.2111040720710045,1.7698770113305689,8.33629813688412,2.04722520377312,1.7208243096060527,9.24870681437538,0.5052631578947369,25.0,205.1008152961731,125.37811742957138,39.63885736465454,24.562288825415255,5.015124697182855,0.49473684210526314,0.09736842105263158,0.16052631578947368,0.32894736842105265,nan,nan,nan,nan,nan,nan,nan,nan,nan,nan,nan,nan,nan,nan,2.04722520377312,1.7208243096060527,9.24870681437538,0.5052631578947369,25.0,205.1008152961731,125.37811742957138,39.63885736465454,24.562288825415255,5.015124697182855,0.49473684210526314,0.09736842105263158,0.16052631578947368,0.32894736842105265,0.674375359901528,0.580976895367133,0.8988532348568801,0.46988247864957766,0.6512934504655876,rh1,outage_5s,11,RTAB RGBD+NoisyGNSS,rtab_rgbd_ngps,kalman_start_pose_anchored_rtab_degraded_gnss,/home/pulver/projects/vineyard_pf/Outdoor_SLPF_icra_evidence/results/icra_submission/reruns/gnss_stress_full_v2/rh1/outage_5s/seed_11/degraded_noisy_gnss.tum,7bd721e27d051c2e3db63dac9332570dd2c3d67494a0377f99ef9f0369a78d64,/home/pulver/projects/vineyard_pf/Outdoor_SLPF_icra_evidence/results/icra_submission/reruns/gnss_stress_full_v2/rh1/outage_5s/seed_11/affected_mask.npy,5c4ba893aac27837288b853faf641204ecbd3c6cdfc16c7245872358bc8e51b8,ce7d216d321427110e0051dc4e8026da83c9481036b1de62928dac83531a7cf9,f97c0806a08846ecaae10ab5dad7e951b7a71ce672bcb21fbbcc9e88a5295619,1.0
/home/pulver/projects/vineyard_pf/Outdoor_SLPF_icra_evidence/results/icra_submission/reruns/gnss_stress_full_v2/rh1/outage_5s/seed_22/degraded_noisy_gnss.tum,/home/pulver/projects/vineyard_pf/Outdoor_SLPF_icra_evidence/results/iros_rh1/20260217_172656_multiseed_main/slpf/seed_11/gps_pose.tum,398,1,1.0,1.2471724614475346,1.1290953393363465,1.0965845299930683,3.063481957365329,1.217062049392059,1.0959494744487546,1.0789497471761846,3.172501305976758,1.3459137718262437,1.2638668784600553,4.665830856654218,0.6859296482412061,57.0,500.0,89.62246707560496,40.0,7.461311834731747,1.5723239837825431,0.314070351758794,0.07537688442211055,0.17336683417085427,0.40703517587939697,nan,nan,nan,nan,nan,nan,nan,nan,nan,nan,nan,nan,nan,nan,1.3459137718262437,1.2638668784600553,4.665830856654218,0.6859296482412061,57.0,500.0,89.62246707560496,40.0,7.461311834731747,1.5723239837825431,0.314070351758794,0.07537688442211055,0.17336683417085427,0.40703517587939697,0.3170498018051453,0.06736725467891322,0.02873301762437888,0.4825063754090657,0.18112407477482567,rh1,outage_5s,22,NoisyGNSS,ngps,generated_degraded_gnss,/home/pulver/projects/vineyard_pf/Outdoor_SLPF_icra_evidence/results/icra_submission/reruns/gnss_stress_full_v2/rh1/outage_5s/seed_22/degraded_noisy_gnss.tum,cdfa3f4a159dbd1888a9fade1a00ee36463fbee200457d723fb6a39241c18444,/home/pulver/projects/vineyard_pf/Outdoor_SLPF_icra_evidence/results/icra_submission/reruns/gnss_stress_full_v2/rh1/outage_5s/seed_22/affected_mask.npy,5c4ba893aac27837288b853faf641204ecbd3c6cdfc16c7245872358bc8e51b8,cdfa3f4a159dbd1888a9fade1a00ee36463fbee200457d723fb6a39241c18444,13d0eee6e833e7a0e4e17fe1163bfa913bb1c54e6ea862aaf13ed1885ee0e29b,1.0
/home/pulver/projects/vineyard_pf/Outdoor_SLPF_icra_evidence/results/icra_submission/reruns/gnss_stress_full_v2/rh1/outage_5s/seed_22/slpf/trajectory_0.5.tum,/home/pulver/projects/vineyard_pf/Outdoor_SLPF_icra_evidence/results/icra_submission/reruns/gnss_stress_full_v2/rh1/outage_5s/seed_22/slpf/gps_pose.tum,399,0,1.0,0.8608151378581571,0.7784290924680026,0.7463449224722777,1.8945252973539108,0.7922204099556911,0.7106194103225981,0.6897505187131109,1.9530642168447683,1.2909313156878615,1.1185585503734972,4.393462950161044,0.7719298245614035,31.0,364.0,71.52642945861751,64.0,11.329911008783245,2.3073041760844357,0.22807017543859648,0.017543859649122806,0.07518796992481203,0.41854636591478694,nan,nan,nan,nan,nan,nan,nan,nan,nan,nan,nan,nan,nan,nan,1.2909313156878615,1.1185585503734972,4.393462950161044,0.7719298245614035,31.0,364.0,71.52642945861751,64.0,11.329911008783245,2.3073041760844357,0.22807017543859648,0.017543859649122806,0.07518796992481203,0.41854636591478694,0.1643431302252443,0.031866273004409765,0.012887459863547538,0.11068448838206756,0.03700006158747005,rh1,outage_5s,22,SLPF,slpf,live_external_degraded_gnss,/home/pulver/projects/vineyard_pf/Outdoor_SLPF_icra_evidence/results/icra_submission/reruns/gnss_stress_full_v2/rh1/outage_5s/seed_22/degraded_noisy_gnss.tum,cdfa3f4a159dbd1888a9fade1a00ee36463fbee200457d723fb6a39241c18444,/home/pulver/projects/vineyard_pf/Outdoor_SLPF_icra_evidence/results/icra_submission/reruns/gnss_stress_full_v2/rh1/outage_5s/seed_22/affected_mask.npy,5c4ba893aac27837288b853faf641204ecbd3c6cdfc16c7245872358bc8e51b8,70c41297e55fa4aed7a7ed26efae47937cbdf5e85f5d9bb8df145b5ee34e6688,13d0eee6e833e7a0e4e17fe1163bfa913bb1c54e6ea862aaf13ed1885ee0e29b,1.0
/home/pulver/projects/vineyard_pf/Outdoor_SLPF_icra_evidence/results/icra_submission/reruns/gnss_stress_full_v2/rh1/outage_5s/seed_22/amcl_ngps/trajectory_0.5.tum,/home/pulver/projects/vineyard_pf/Outdoor_SLPF_icra_evidence/results/icra_submission/reruns/gnss_stress_full_v2/rh1/outage_5s/seed_22/amcl_ngps/gps_pose.tum,401,0,1.0,1.4547684899991453,1.2611955645085928,1.4753631631661666,3.494802663983362,1.0633766212595965,0.9824385278451185,0.9673941990780522,3.988012067815548,1.1522007694981788,0.8356811998792362,4.089506725986999,0.6533665835411472,27.0,147.73053169250488,93.27625653293626,19.333094120025635,11.795862401485076,3.4546761678865283,0.34663341645885287,0.23940149625935161,0.40648379052369077,0.5261845386533666,nan,nan,nan,nan,nan,nan,nan,nan,nan,nan,nan,nan,nan,nan,1.1522007694981788,0.8356811998792362,4.089506725986999,0.6533665835411472,27.0,147.73053169250488,93.27625653293626,19.333094120025635,11.795862401485076,3.4546761678865283,0.34663341645885287,0.23940149625935161,0.40648379052369077,0.5261845386533666,0.6596979655318858,0.3291377100629347,0.612568756547949,0.5572575985003317,0.895118699454837,rh1,outage_5s,22,AMCL+NoisyGNSS,amcl_ngps,kalman_amcl_degraded_gnss,/home/pulver/projects/vineyard_pf/Outdoor_SLPF_icra_evidence/results/icra_submission/reruns/gnss_stress_full_v2/rh1/outage_5s/seed_22/degraded_noisy_gnss.tum,cdfa3f4a159dbd1888a9fade1a00ee36463fbee200457d723fb6a39241c18444,/home/pulver/projects/vineyard_pf/Outdoor_SLPF_icra_evidence/results/icra_submission/reruns/gnss_stress_full_v2/rh1/outage_5s/seed_22/affected_mask.npy,5c4ba893aac27837288b853faf641204ecbd3c6cdfc16c7245872358bc8e51b8,6fd1db45fc2be99f4589287df8463b20ca48b5fd6f6755afb88fa766d2a0f7ee,ea5a5b851f7e6290c932da2e02d5848b930fbf9b277e3c9c45c7bc766d78700e,1.0
/home/pulver/projects/vineyard_pf/Outdoor_SLPF_icra_evidence/results/icra_submission/reruns/gnss_stress_full_v2/rh1/outage_5s/seed_22/rtab_rgb_ngps/trajectory_0.5.tum,/home/pulver/projects/vineyard_pf/Outdoor_SLPF_icra_evidence/results/icra_submission/reruns/gnss_stress_full_v2/rh1/outage_5s/seed_22/rtab_rgb_ngps/gps_pose.tum,377,0,1.0,28.632572137281432,24.325726259379465,24.550387703736547,54.23732491578476,2.728872695508625,2.2623663747348743,1.8375047646202571,8.680971187245207,1.9964546337606366,1.7081675094073894,9.608933698893562,0.48010610079575594,27.0,215.63028764724731,131.6038610619995,38.369348764419556,23.833409503372838,4.8742170763703525,0.519893899204244,0.11936339522546419,0.19363395225464192,0.33156498673740054,nan,nan,nan,nan,nan,nan,nan,nan,nan,nan,nan,nan,nan,nan,1.9964546337606366,1.7081675094073894,9.608933698893562,0.48010610079575594,27.0,215.63028764724731,131.6038610619995,38.369348764419556,23.833409503372838,4.8742170763703525,0.519893899204244,0.11936339522546419,0.19363395225464192,0.33156498673740054,0.6761677399773245,0.6036729784505521,0.9284186755138667,0.49634765385154395,0.7010654718267515,rh1,outage_5s,22,RTAB RGB+NoisyGNSS,rtab_rgb_ngps,kalman_start_pose_anchored_rtab_degraded_gnss,/home/pulver/projects/vineyard_pf/Outdoor_SLPF_icra_evidence/results/icra_submission/reruns/gnss_stress_full_v2/rh1/outage_5s/seed_22/degraded_noisy_gnss.tum,cdfa3f4a159dbd1888a9fade1a00ee36463fbee200457d723fb6a39241c18444,/home/pulver/projects/vineyard_pf/Outdoor_SLPF_icra_evidence/results/icra_submission/reruns/gnss_stress_full_v2/rh1/outage_5s/seed_22/affected_mask.npy,5c4ba893aac27837288b853faf641204ecbd3c6cdfc16c7245872358bc8e51b8,7c21eda6db7bd332d65920b8d5b7714d681aaecc982df38a01bc5bd7b3647b79,f97c0806a08846ecaae10ab5dad7e951b7a71ce672bcb21fbbcc9e88a5295619,1.0
/home/pulver/projects/vineyard_pf/Outdoor_SLPF_icra_evidence/results/icra_submission/reruns/gnss_stress_full_v2/rh1/outage_5s/seed_22/rtab_rgbd_ngps/trajectory_0.5.tum,/home/pulver/projects/vineyard_pf/Outdoor_SLPF_icra_evidence/results/icra_submission/reruns/gnss_stress_full_v2/rh1/outage_5s/seed_22/rtab_rgbd_ngps/gps_pose.tum,380,0,1.0,28.60933757703691,24.29205567772056,24.491942778332152,54.05958565598957,2.766883959203792,2.2920394343508104,1.8809815807810393,8.569515771509984,2.034868209943225,1.7232930180819146,9.499066827490935,0.4763157894736842,27.0,217.32143688201904,132.26253972658176,38.63814187049866,23.97264006046573,4.898612582465991,0.5236842105263158,0.1,0.18421052631578946,0.32894736842105265,nan,nan,nan,nan,nan,nan,nan,nan,nan,nan,nan,nan,nan,nan,2.034868209943225,1.7232930180819146,9.499066827490935,0.4763157894736842,27.0,217.32143688201904,132.26253972658176,38.63814187049866,23.97264006046573,4.898612582465991,0.5236842105263158,0.1,0.18421052631578946,0.32894736842105265,0.6758490005733958,0.5943890678775454,0.9164390456573582,0.49872962134016413,0.7064494468741742,rh1,outage_5s,22,RTAB RGBD+NoisyGNSS,rtab_rgbd_ngps,kalman_start_pose_anchored_rtab_degraded_gnss,/home/pulver/projects/vineyard_pf/Outdoor_SLPF_icra_evidence/results/icra_submission/reruns/gnss_stress_full_v2/rh1/outage_5s/seed_22/degraded_noisy_gnss.tum,cdfa3f4a159dbd1888a9fade1a00ee36463fbee200457d723fb6a39241c18444,/home/pulver/projects/vineyard_pf/Outdoor_SLPF_icra_evidence/results/icra_submission/reruns/gnss_stress_full_v2/rh1/outage_5s/seed_22/affected_mask.npy,5c4ba893aac27837288b853faf641204ecbd3c6cdfc16c7245872358bc8e51b8,52eba6f5437ef25e0bff80a18755bee42c994f6225957e1dddede75446dfaea0,f97c0806a08846ecaae10ab5dad7e951b7a71ce672bcb21fbbcc9e88a5295619,1.0
/home/pulver/projects/vineyard_pf/Outdoor_SLPF_icra_evidence/results/icra_submission/reruns/gnss_stress_full_v2/rh1/outage_5s/seed_33/degraded_noisy_gnss.tum,/home/pulver/projects/vineyard_pf/Outdoor_SLPF_icra_evidence/results/iros_rh1/20260217_172656_multiseed_main/slpf/seed_11/gps_pose.tum,398,1,1.0,1.835372847211546,1.1694542128575152,0.9940988269555115,18.272233383396593,1.8191906745490405,1.1511714967796813,1.0068991106954757,18.44297432847157,1.5866727545747183,1.4564516009599173,16.61694396593262,0.7462311557788944,51.0,404.0,84.7034145138266,20.0,6.2428204010939945,1.6608512649769922,0.2537688442211055,0.08542713567839195,0.15829145728643215,0.36432160804020103,nan,nan,nan,nan,nan,nan,nan,nan,nan,nan,nan,nan,nan,nan,1.5866727545747183,1.4564516009599173,16.61694396593262,0.7462311557788944,51.0,404.0,84.7034145138266,20.0,6.2428204010939945,1.6608512649769922,0.2537688442211055,0.08542713567839195,0.15829145728643215,0.36432160804020103,0.366028193102018,0.10020488336743541,0.03805435541161208,0.4901380819626266,0.18065375379761187,rh1,outage_5s,33,NoisyGNSS,ngps,generated_degraded_gnss,/home/pulver/projects/vineyard_pf/Outdoor_SLPF_icra_evidence/results/icra_submission/reruns/gnss_stress_full_v2/rh1/outage_5s/seed_33/degraded_noisy_gnss.tum,a5030f7ec60c351a92f410208cfe707e4af3a80a38485418706e1b3abe14fc6c,/home/pulver/projects/vineyard_pf/Outdoor_SLPF_icra_evidence/results/icra_submission/reruns/gnss_stress_full_v2/rh1/outage_5s/seed_33/affected_mask.npy,5c4ba893aac27837288b853faf641204ecbd3c6cdfc16c7245872358bc8e51b8,a5030f7ec60c351a92f410208cfe707e4af3a80a38485418706e1b3abe14fc6c,13d0eee6e833e7a0e4e17fe1163bfa913bb1c54e6ea862aaf13ed1885ee0e29b,1.0
/home/pulver/projects/vineyard_pf/Outdoor_SLPF_icra_evidence/results/icra_submission/reruns/gnss_stress_full_v2/rh1/outage_5s/seed_33/slpf/trajectory_0.5.tum,/home/pulver/projects/vineyard_pf/Outdoor_SLPF_icra_evidence/results/icra_submission/reruns/gnss_stress_full_v2/rh1/outage_5s/seed_33/slpf/gps_pose.tum,399,0,1.0,0.7139863102316579,0.6406483977890267,0.5938737759692633,1.7920128771349433,0.6659047312268724,0.5909334196482584,0.5389249610071248,1.5681990330638262,1.4209993397521803,1.2730650635841125,4.139018224713006,0.7844611528822055,27.0,344.0,67.1629130031492,40.0,6.236012195076445,2.4875152964129335,0.21553884711779447,0.015037593984962405,0.047619047619047616,0.2807017543859649,nan,nan,nan,nan,nan,nan,nan,nan,nan,nan,nan,nan,nan,nan,1.4209993397521803,1.2730650635841125,4.139018224713006,0.7844611528822055,27.0,344.0,67.1629130031492,40.0,6.236012195076445,2.4875152964129335,0.21553884711779447,0.015037593984962405,0.047619047619047616,0.2807017543859649,0.1665976242936485,0.03191578935228055,0.012902966429542508,0.12550695293448894,0.04228380246411973,rh1,outage_5s,33,SLPF,slpf,live_external_degraded_gnss,/home/pulver/projects/vineyard_pf/Outdoor_SLPF_icra_evidence/results/icra_submission/reruns/gnss_stress_full_v2/rh1/outage_5s/seed_33/degraded_noisy_gnss.tum,a5030f7ec60c351a92f410208cfe707e4af3a80a38485418706e1b3abe14fc6c,/home/pulver/projects/vineyard_pf/Outdoor_SLPF_icra_evidence/results/icra_submission/reruns/gnss_stress_full_v2/rh1/outage_5s/seed_33/affected_mask.npy,5c4ba893aac27837288b853faf641204ecbd3c6cdfc16c7245872358bc8e51b8,b8a64b073c37753a9ee2b41fe76b790386786471baa390515e536caa197e1a4f,13d0eee6e833e7a0e4e17fe1163bfa913bb1c54e6ea862aaf13ed1885ee0e29b,1.0
/home/pulver/projects/vineyard_pf/Outdoor_SLPF_icra_evidence/results/icra_submission/reruns/gnss_stress_full_v2/rh1/outage_5s/seed_33/amcl_ngps/trajectory_0.5.tum,/home/pulver/projects/vineyard_pf/Outdoor_SLPF_icra_evidence/results/icra_submission/reruns/gnss_stress_full_v2/rh1/outage_5s/seed_33/amcl_ngps/gps_pose.tum,401,0,1.0,1.5378630078411744,1.3615312231498442,1.6084799787118442,3.3025034834063414,1.0908738409379906,1.01754469127337,1.0105807170759658,4.0084829298464575,1.1409623461537661,0.7806488494435784,3.78071666999509,0.6633416458852868,25.0,142.19868850708008,89.71450412006412,19.333094120025635,11.795862401485076,3.588580164802565,0.33665835411471323,0.286783042394015,0.42643391521197005,0.5336658354114713,nan,nan,nan,nan,nan,nan,nan,nan,nan,nan,nan,nan,nan,nan,1.1409623461537661,0.7806488494435784,3.78071666999509,0.6633416458852868,25.0,142.19868850708008,89.71450412006412,19.333094120025635,11.795862401485076,3.588580164802565,0.33665835411471323,0.286783042394015,0.42643391521197005,0.5336658354114713,0.6536626815850696,0.3265926783533003,0.6160639994903696,0.5729237701426065,0.8965282933117944,rh1,outage_5s,33,AMCL+NoisyGNSS,amcl_ngps,kalman_amcl_degraded_gnss,/home/pulver/projects/vineyard_pf/Outdoor_SLPF_icra_evidence/results/icra_submission/reruns/gnss_stress_full_v2/rh1/outage_5s/seed_33/degraded_noisy_gnss.tum,a5030f7ec60c351a92f410208cfe707e4af3a80a38485418706e1b3abe14fc6c,/home/pulver/projects/vineyard_pf/Outdoor_SLPF_icra_evidence/results/icra_submission/reruns/gnss_stress_full_v2/rh1/outage_5s/seed_33/affected_mask.npy,5c4ba893aac27837288b853faf641204ecbd3c6cdfc16c7245872358bc8e51b8,31cf1b23bfbf3954220fb4ff2276bb86c6b3e486eeacc057532e6aacb086cbf3,ea5a5b851f7e6290c932da2e02d5848b930fbf9b277e3c9c45c7bc766d78700e,1.0
/home/pulver/projects/vineyard_pf/Outdoor_SLPF_icra_evidence/results/icra_submission/reruns/gnss_stress_full_v2/rh1/outage_5s/seed_33/rtab_rgb_ngps/trajectory_0.5.tum,/home/pulver/projects/vineyard_pf/Outdoor_SLPF_icra_evidence/results/icra_submission/reruns/gnss_stress_full_v2/rh1/outage_5s/seed_33/rtab_rgb_ngps/gps_pose.tum,377,0,1.0,28.693046016979938,24.450565621225312,24.856568176784847,54.233672696029146,2.6391388532674736,2.1567098074248543,1.7213329249690335,8.408244330548799,2.0403036827488767,1.7455759915451465,9.3105128008825,0.4854111405835544,24.0,213.0982427597046,130.87946043623379,39.37006425857544,24.423058268322364,5.453310851509741,0.5145888594164456,0.09549071618037135,0.1856763925729443,0.3156498673740053,nan,nan,nan,nan,nan,nan,nan,nan,nan,nan,nan,nan,nan,nan,2.0403036827488767,1.7455759915451465,9.3105128008825,0.4854111405835544,24.0,213.0982427597046,130.87946043623379,39.37006425857544,24.423058268322364,5.453310851509741,0.5145888594164456,0.09549071618037135,0.1856763925729443,0.3156498673740053,0.6821187284564275,0.594283814967806,0.9150142345417636,0.5102605179428908,0.72616551606646,rh1,outage_5s,33,RTAB RGB+NoisyGNSS,rtab_rgb_ngps,kalman_start_pose_anchored_rtab_degraded_gnss,/home/pulver/projects/vineyard_pf/Outdoor_SLPF_icra_evidence/results/icra_submission/reruns/gnss_stress_full_v2/rh1/outage_5s/seed_33/degraded_noisy_gnss.tum,a5030f7ec60c351a92f410208cfe707e4af3a80a38485418706e1b3abe14fc6c,/home/pulver/projects/vineyard_pf/Outdoor_SLPF_icra_evidence/results/icra_submission/reruns/gnss_stress_full_v2/rh1/outage_5s/seed_33/affected_mask.npy,5c4ba893aac27837288b853faf641204ecbd3c6cdfc16c7245872358bc8e51b8,b9ac96ba0d2155f7dcdb92b782e3c2aaa43a50bd97c84ea3e9800e6321a2819e,f97c0806a08846ecaae10ab5dad7e951b7a71ce672bcb21fbbcc9e88a5295619,1.0
/home/pulver/projects/vineyard_pf/Outdoor_SLPF_icra_evidence/results/icra_submission/reruns/gnss_stress_full_v2/rh1/outage_5s/seed_33/rtab_rgbd_ngps/trajectory_0.5.tum,/home/pulver/projects/vineyard_pf/Outdoor_SLPF_icra_evidence/results/icra_submission/reruns/gnss_stress_full_v2/rh1/outage_5s/seed_33/rtab_rgbd_ngps/gps_pose.tum,380,0,1.0,28.65316019918496,24.40827238943169,24.809124562585204,53.97583955010364,2.669514252541239,2.185840827563833,1.7046832471573932,8.320342296619689,2.0747771628890153,1.7497769877658464,9.225635897825947,0.46842105263157896,25.0,220.88159942626953,135.70314679285,39.63885736465454,24.562288825415255,5.428125871713999,0.531578947368421,0.10263157894736842,0.16578947368421051,0.30526315789473685,nan,nan,nan,nan,nan,nan,nan,nan,nan,nan,nan,nan,nan,nan,2.0747771628890153,1.7497769877658464,9.225635897825947,0.46842105263157896,25.0,220.88159942626953,135.70314679285,39.63885736465454,24.562288825415255,5.428125871713999,0.531578947368421,0.10263157894736842,0.16578947368421051,0.30526315789473685,0.6780416347670535,0.5856928601059558,0.9030829728894081,0.49966127478641037,0.7027767469258241,rh1,outage_5s,33,RTAB RGBD+NoisyGNSS,rtab_rgbd_ngps,kalman_start_pose_anchored_rtab_degraded_gnss,/home/pulver/projects/vineyard_pf/Outdoor_SLPF_icra_evidence/results/icra_submission/reruns/gnss_stress_full_v2/rh1/outage_5s/seed_33/degraded_noisy_gnss.tum,a5030f7ec60c351a92f410208cfe707e4af3a80a38485418706e1b3abe14fc6c,/home/pulver/projects/vineyard_pf/Outdoor_SLPF_icra_evidence/results/icra_submission/reruns/gnss_stress_full_v2/rh1/outage_5s/seed_33/affected_mask.npy,5c4ba893aac27837288b853faf641204ecbd3c6cdfc16c7245872358bc8e51b8,76165e9cf22d78981eeeb4dc674846ced33c6acb9639f88dc39b323bbd5a903d,f97c0806a08846ecaae10ab5dad7e951b7a71ce672bcb21fbbcc9e88a5295619,1.0
/home/pulver/projects/vineyard_pf/Outdoor_SLPF_icra_evidence/results/icra_submission/reruns/gnss_stress_full_v2/rh1/outage_10s/seed_11/degraded_noisy_gnss.tum,/home/pulver/projects/vineyard_pf/Outdoor_SLPF_icra_evidence/results/iros_rh1/20260217_172656_multiseed_main/slpf/seed_11/gps_pose.tum,396,3,1.0,1.3153478842175845,1.1449091526045867,1.0671213474087935,6.725975968994115,1.283680897912388,1.115473238465044,1.0137042530428881,6.839402539324539,1.4491086895506546,1.3731050351717444,5.58223466604666,0.6868686868686869,47.0,496.0,90.04108448138076,52.0,7.7671678001866695,1.915767754922995,0.31313131313131315,0.10606060606060606,0.18434343434343434,0.36363636363636365,nan,nan,nan,nan,nan,nan,nan,nan,nan,nan,nan,nan,nan,nan,1.4491086895506546,1.3731050351717444,5.58223466604666,0.6868686868686869,47.0,496.0,90.04108448138076,52.0,7.7671678001866695,1.915767754922995,0.31313131313131315,0.10606060606060606,0.18434343434343434,0.36363636363636365,0.32780982041917095,0.06490330309741933,0.027398422016202403,0.47582089266467387,0.17703843485692478,rh1,outage_10s,11,NoisyGNSS,ngps,generated_degraded_gnss,/home/pulver/projects/vineyard_pf/Outdoor_SLPF_icra_evidence/results/icra_submission/reruns/gnss_stress_full_v2/rh1/outage_10s/seed_11/degraded_noisy_gnss.tum,6eac14799a868cee14f7203af868fa6458905f09b8619e5616f579335042647e,/home/pulver/projects/vineyard_pf/Outdoor_SLPF_icra_evidence/results/icra_submission/reruns/gnss_stress_full_v2/rh1/outage_10s/seed_11/affected_mask.npy,5c4ba893aac27837288b853faf641204ecbd3c6cdfc16c7245872358bc8e51b8,6eac14799a868cee14f7203af868fa6458905f09b8619e5616f579335042647e,13d0eee6e833e7a0e4e17fe1163bfa913bb1c54e6ea862aaf13ed1885ee0e29b,1.0
/home/pulver/projects/vineyard_pf/Outdoor_SLPF_icra_evidence/results/icra_submission/reruns/gnss_stress_full_v2/rh1/outage_10s/seed_11/slpf/trajectory_0.5.tum,/home/pulver/projects/vineyard_pf/Outdoor_SLPF_icra_evidence/results/icra_submission/reruns/gnss_stress_full_v2/rh1/outage_10s/seed_11/slpf/gps_pose.tum,399,0,1.0,0.9620711918837949,0.8221302238339254,0.7598088008279981,2.6606849314166987,0.9088733193331485,0.8068784809320871,0.7498258332413703,2.564467464335915,1.4024630418015165,1.2029550307580685,3.845557467631662,0.7017543859649122,33.0,476.0,86.45938464935733,44.0,6.5864177702441475,2.6199813530108282,0.2982456140350877,0.05012531328320802,0.08771929824561403,0.3659147869674185,nan,nan,nan,nan,nan,nan,nan,nan,nan,nan,nan,nan,nan,nan,1.4024630418015165,1.2029550307580685,3.845557467631662,0.7017543859649122,33.0,476.0,86.45938464935733,44.0,6.5864177702441475,2.6199813530108282,0.2982456140350877,0.05012531328320802,0.08771929824561403,0.3659147869674185,0.1679638626299183,0.03159936361268948,0.012859195507381408,0.11072961824210607,0.03475385629261117,rh1,outage_10s,11,SLPF,slpf,live_external_degraded_gnss,/home/pulver/projects/vineyard_pf/Outdoor_SLPF_icra_evidence/results/icra_submission/reruns/gnss_stress_full_v2/rh1/outage_10s/seed_11/degraded_noisy_gnss.tum,6eac14799a868cee14f7203af868fa6458905f09b8619e5616f579335042647e,/home/pulver/projects/vineyard_pf/Outdoor_SLPF_icra_evidence/results/icra_submission/reruns/gnss_stress_full_v2/rh1/outage_10s/seed_11/affected_mask.npy,5c4ba893aac27837288b853faf641204ecbd3c6cdfc16c7245872358bc8e51b8,5193b9792d5ee7237f327fb379a83d602474020a84cb1f3d63f4591139c87e24,13d0eee6e833e7a0e4e17fe1163bfa913bb1c54e6ea862aaf13ed1885ee0e29b,1.0
/home/pulver/projects/vineyard_pf/Outdoor_SLPF_icra_evidence/results/icra_submission/reruns/gnss_stress_full_v2/rh1/outage_10s/seed_11/amcl_ngps/trajectory_0.5.tum,/home/pulver/projects/vineyard_pf/Outdoor_SLPF_icra_evidence/results/icra_submission/reruns/gnss_stress_full_v2/rh1/outage_10s/seed_11/amcl_ngps/gps_pose.tum,401,0,1.0,1.6377540510249984,1.4449941444380034,1.7303095400094002,3.3531845264481444,1.1639700375572752,1.0892103024106392,1.0608737928258112,4.139416584627531,1.2175322149445214,0.8021929088439913,4.143590831448985,0.6384039900249376,25.0,154.2652976512909,97.21438105238606,19.333094120025635,11.795862401485076,3.8885752420954423,0.36159600997506236,0.2194513715710723,0.36658354114713215,0.5311720698254364,nan,nan,nan,nan,nan,nan,nan,nan,nan,nan,nan,nan,nan,nan,1.2175322149445214,0.8021929088439913,4.143590831448985,0.6384039900249376,25.0,154.2652976512909,97.21438105238606,19.333094120025635,11.795862401485076,3.8885752420954423,0.36159600997506236,0.2194513715710723,0.36658354114713215,0.5311720698254364,0.6555871174109766,0.3403126744696824,0.6324181930235107,0.5951132158048625,1.0279800545291862,rh1,outage_10s,11,AMCL+NoisyGNSS,amcl_ngps,kalman_amcl_degraded_gnss,/home/pulver/projects/vineyard_pf/Outdoor_SLPF_icra_evidence/results/icra_submission/reruns/gnss_stress_full_v2/rh1/outage_10s/seed_11/degraded_noisy_gnss.tum,6eac14799a868cee14f7203af868fa6458905f09b8619e5616f579335042647e,/home/pulver/projects/vineyard_pf/Outdoor_SLPF_icra_evidence/results/icra_submission/reruns/gnss_stress_full_v2/rh1/outage_10s/seed_11/affected_mask.npy,5c4ba893aac27837288b853faf641204ecbd3c6cdfc16c7245872358bc8e51b8,2d0ca1e12901ca0427d350b58e3bac24998bee873837d73ee082e2e41d645040,ea5a5b851f7e6290c932da2e02d5848b930fbf9b277e3c9c45c7bc766d78700e,1.0
/home/pulver/projects/vineyard_pf/Outdoor_SLPF_icra_evidence/results/icra_submission/reruns/gnss_stress_full_v2/rh1/outage_10s/seed_11/rtab_rgb_ngps/trajectory_0.5.tum,/home/pulver/projects/vineyard_pf/Outdoor_SLPF_icra_evidence/results/icra_submission/reruns/gnss_stress_full_v2/rh1/outage_10s/seed_11/rtab_rgb_ngps/gps_pose.tum,377,0,1.0,28.83296401900846,24.539900672574326,24.885219897169424,54.57548590483437,2.7601986038924844,2.236855861554,1.775260729742531,8.300741884668488,2.086740712912067,1.701995559753632,9.330942651793865,0.5013262599469496,28.0,206.70787072181702,126.84964238998847,34.76252508163452,21.67651927259637,4.530344371071017,0.4986737400530504,0.09283819628647215,0.15649867374005305,0.32625994694960214,nan,nan,nan,nan,nan,nan,nan,nan,nan,nan,nan,nan,nan,nan,2.086740712912067,1.701995559753632,9.330942651793865,0.5013262599469496,28.0,206.70787072181702,126.84964238998847,34.76252508163452,21.67651927259637,4.530344371071017,0.4986737400530504,0.09283819628647215,0.15649867374005305,0.32625994694960214,0.6682007296933111,0.5717577802804237,0.8739387480037469,0.47333718905953204,0.663481667822665,rh1,outage_10s,11,RTAB RGB+NoisyGNSS,rtab_rgb_ngps,kalman_start_pose_anchored_rtab_degraded_gnss,/home/pulver/projects/vineyard_pf/Outdoor_SLPF_icra_evidence/results/icra_submission/reruns/gnss_stress_full_v2/rh1/outage_10s/seed_11/degraded_noisy_gnss.tum,6eac14799a868cee14f7203af868fa6458905f09b8619e5616f579335042647e,/home/pulver/projects/vineyard_pf/Outdoor_SLPF_icra_evidence/results/icra_submission/reruns/gnss_stress_full_v2/rh1/outage_10s/seed_11/affected_mask.npy,5c4ba893aac27837288b853faf641204ecbd3c6cdfc16c7245872358bc8e51b8,c6a538596ecf4c140800c52f490bc8245a6bfb5e4f60bd13167786be4b2501ac,f97c0806a08846ecaae10ab5dad7e951b7a71ce672bcb21fbbcc9e88a5295619,1.0
/home/pulver/projects/vineyard_pf/Outdoor_SLPF_icra_evidence/results/icra_submission/reruns/gnss_stress_full_v2/rh1/outage_10s/seed_11/rtab_rgbd_ngps/trajectory_0.5.tum,/home/pulver/projects/vineyard_pf/Outdoor_SLPF_icra_evidence/results/icra_submission/reruns/gnss_stress_full_v2/rh1/outage_10s/seed_11/rtab_rgbd_ngps/gps_pose.tum,380,0,1.0,28.789858578526857,24.494669956163115,24.892622635797203,54.390333764996,2.80304853505697,2.2754306233084756,1.8052070065672798,8.21740420246433,2.1297456369120473,1.7566903127215934,9.231432848930801,0.5052631578947369,27.0,205.33059692382812,125.98121153508393,34.728299379348755,21.625952829300438,4.665970797595701,0.49473684210526314,0.0868421052631579,0.1631578947368421,0.32105263157894737,nan,nan,nan,nan,nan,nan,nan,nan,nan,nan,nan,nan,nan,nan,2.1297456369120473,1.7566903127215934,9.231432848930801,0.5052631578947369,27.0,205.33059692382812,125.98121153508393,34.728299379348755,21.625952829300438,4.665970797595701,0.49473684210526314,0.0868421052631579,0.1631578947368421,0.32105263157894737,0.6709681800968326,0.5721532786598819,0.8769602664396401,0.46619794462813224,0.6540312682673204,rh1,outage_10s,11,RTAB RGBD+NoisyGNSS,rtab_rgbd_ngps,kalman_start_pose_anchored_rtab_degraded_gnss,/home/pulver/projects/vineyard_pf/Outdoor_SLPF_icra_evidence/results/icra_submission/reruns/gnss_stress_full_v2/rh1/outage_10s/seed_11/degraded_noisy_gnss.tum,6eac14799a868cee14f7203af868fa6458905f09b8619e5616f579335042647e,/home/pulver/projects/vineyard_pf/Outdoor_SLPF_icra_evidence/results/icra_submission/reruns/gnss_stress_full_v2/rh1/outage_10s/seed_11/affected_mask.npy,5c4ba893aac27837288b853faf641204ecbd3c6cdfc16c7245872358bc8e51b8,9dd220c1d8ef481992dbe092e59dcdc4052725b6109c990de3c43c4682558920,f97c0806a08846ecaae10ab5dad7e951b7a71ce672bcb21fbbcc9e88a5295619,1.0
/home/pulver/projects/vineyard_pf/Outdoor_SLPF_icra_evidence/results/icra_submission/reruns/gnss_stress_full_v2/rh1/outage_10s/seed_22/degraded_noisy_gnss.tum,/home/pulver/projects/vineyard_pf/Outdoor_SLPF_icra_evidence/results/iros_rh1/20260217_172656_multiseed_main/slpf/seed_11/gps_pose.tum,396,3,1.0,1.2486835931749363,1.1308452193254264,1.0965845299930683,3.063481957365329,1.218915487629267,1.0986181928640606,1.0822507414681355,3.173051467379691,1.3406906309686792,1.2526853933774846,4.665138438782907,0.6868686868686869,56.0,508.0,89.24206003520726,40.0,7.461311834731747,1.5936082149144153,0.31313131313131315,0.07575757575757576,0.17424242424242425,0.4065656565656566,nan,nan,nan,nan,nan,nan,nan,nan,nan,nan,nan,nan,nan,nan,1.3406906309686792,1.2526853933774846,4.665138438782907,0.6868686868686869,56.0,508.0,89.24206003520726,40.0,7.461311834731747,1.5936082149144153,0.31313131313131315,0.07575757575757576,0.17424242424242425,0.4065656565656566,0.3168036414889761,0.06686537443681298,0.028527021296638453,0.482556612775039,0.18102180400968274,rh1,outage_10s,22,NoisyGNSS,ngps,generated_degraded_gnss,/home/pulver/projects/vineyard_pf/Outdoor_SLPF_icra_evidence/results/icra_submission/reruns/gnss_stress_full_v2/rh1/outage_10s/seed_22/degraded_noisy_gnss.tum,d6612c008f739d94466e6f110f4f571ebc9799d82886408209daa559524faefa,/home/pulver/projects/vineyard_pf/Outdoor_SLPF_icra_evidence/results/icra_submission/reruns/gnss_stress_full_v2/rh1/outage_10s/seed_22/affected_mask.npy,5c4ba893aac27837288b853faf641204ecbd3c6cdfc16c7245872358bc8e51b8,d6612c008f739d94466e6f110f4f571ebc9799d82886408209daa559524faefa,13d0eee6e833e7a0e4e17fe1163bfa913bb1c54e6ea862aaf13ed1885ee0e29b,1.0
/home/pulver/projects/vineyard_pf/Outdoor_SLPF_icra_evidence/results/icra_submission/reruns/gnss_stress_full_v2/rh1/outage_10s/seed_22/slpf/trajectory_0.5.tum,/home/pulver/projects/vineyard_pf/Outdoor_SLPF_icra_evidence/results/icra_submission/reruns/gnss_stress_full_v2/rh1/outage_10s/seed_22/slpf/gps_pose.tum,399,0,1.0,2.4865262748021615,1.6674713877193568,0.9893277355674306,8.302448967871666,2.0476473049964254,1.5637402752400877,1.1629693019043303,6.571976628324337,1.7306832247705457,1.4875490647628091,5.879840900009572,0.6516290726817042,33.0,556.0,96.47826599579052,64.0,11.329911008783245,2.9235838180542584,0.3483709273182957,0.07518796992481203,0.14285714285714285,0.3132832080200501,nan,nan,nan,nan,nan,nan,nan,nan,nan,nan,nan,nan,nan,nan,1.7306832247705457,1.4875490647628091,5.879840900009572,0.6516290726817042,33.0,556.0,96.47826599579052,64.0,11.329911008783245,2.9235838180542584,0.3483709273182957,0.07518796992481203,0.14285714285714285,0.3132832080200501,0.16486687619136692,0.0320194392733795,0.012983425277024578,0.11634735689570191,0.03886787959713294,rh1,outage_10s,22,SLPF,slpf,live_external_degraded_gnss,/home/pulver/projects/vineyard_pf/Outdoor_SLPF_icra_evidence/results/icra_submission/reruns/gnss_stress_full_v2/rh1/outage_10s/seed_22/degraded_noisy_gnss.tum,d6612c008f739d94466e6f110f4f571ebc9799d82886408209daa559524faefa,/home/pulver/projects/vineyard_pf/Outdoor_SLPF_icra_evidence/results/icra_submission/reruns/gnss_stress_full_v2/rh1/outage_10s/seed_22/affected_mask.npy,5c4ba893aac27837288b853faf641204ecbd3c6cdfc16c7245872358bc8e51b8,2355b6245e38ce3a095f9cf285d3c35832b6d9bd6c11ca36ea2eced6ea9be847,13d0eee6e833e7a0e4e17fe1163bfa913bb1c54e6ea862aaf13ed1885ee0e29b,1.0
/home/pulver/projects/vineyard_pf/Outdoor_SLPF_icra_evidence/results/icra_submission/reruns/gnss_stress_full_v2/rh1/outage_10s/seed_22/amcl_ngps/trajectory_0.5.tum,/home/pulver/projects/vineyard_pf/Outdoor_SLPF_icra_evidence/results/icra_submission/reruns/gnss_stress_full_v2/rh1/outage_10s/seed_22/amcl_ngps/gps_pose.tum,401,0,1.0,1.4632551092936936,1.2688531591329324,1.5044920752969553,3.494802663983362,1.066452146807355,0.9868540310005842,0.9659666095692246,3.9902586433524556,1.1467899565004835,0.8259679660953916,4.086422973148025,0.655860349127182,28.0,146.46381378173828,92.45664307385049,19.333094120025635,11.795862401485076,3.3020229669232317,0.34413965087281795,0.24189526184538654,0.4089775561097257,0.5261845386533666,nan,nan,nan,nan,nan,nan,nan,nan,nan,nan,nan,nan,nan,nan,1.1467899565004835,0.8259679660953916,4.086422973148025,0.655860349127182,28.0,146.46381378173828,92.45664307385049,19.333094120025635,11.795862401485076,3.3020229669232317,0.34413965087281795,0.24189526184538654,0.4089775561097257,0.5261845386533666,0.6573733165850731,0.3269307917693219,0.6099788423354667,0.5529322196475303,0.8909087447799329,rh1,outage_10s,22,AMCL+NoisyGNSS,amcl_ngps,kalman_amcl_degraded_gnss,/home/pulver/projects/vineyard_pf/Outdoor_SLPF_icra_evidence/results/icra_submission/reruns/gnss_stress_full_v2/rh1/outage_10s/seed_22/degraded_noisy_gnss.tum,d6612c008f739d94466e6f110f4f571ebc9799d82886408209daa559524faefa,/home/pulver/projects/vineyard_pf/Outdoor_SLPF_icra_evidence/results/icra_submission/reruns/gnss_stress_full_v2/rh1/outage_10s/seed_22/affected_mask.npy,5c4ba893aac27837288b853faf641204ecbd3c6cdfc16c7245872358bc8e51b8,75765c04f524e8e49b5b8674e950f090cfe38ffbe5a39098c28eebdadd5911a4,ea5a5b851f7e6290c932da2e02d5848b930fbf9b277e3c9c45c7bc766d78700e,1.0
/home/pulver/projects/vineyard_pf/Outdoor_SLPF_icra_evidence/results/icra_submission/reruns/gnss_stress_full_v2/rh1/outage_10s/seed_22/rtab_rgb_ngps/trajectory_0.5.tum,/home/pulver/projects/vineyard_pf/Outdoor_SLPF_icra_evidence/results/icra_submission/reruns/gnss_stress_full_v2/rh1/outage_10s/seed_22/rtab_rgb_ngps/gps_pose.tum,377,0,1.0,28.730701800902704,24.431515239172924,24.70427332751847,54.23732491578476,2.8415691848720828,2.3318070690385633,1.8897195815737893,8.46489390379395,2.0779446664878947,1.727676799562772,9.544195479826314,0.4880636604774536,26.0,212.32979798316956,129.59377282104947,38.369348764419556,23.833409503372838,4.984375877732672,0.5119363395225465,0.10610079575596817,0.19363395225464192,0.32891246684350134,nan,nan,nan,nan,nan,nan,nan,nan,nan,nan,nan,nan,nan,nan,2.0779446664878947,1.727676799562772,9.544195479826314,0.4880636604774536,26.0,212.32979798316956,129.59377282104947,38.369348764419556,23.833409503372838,4.984375877732672,0.5119363395225465,0.10610079575596817,0.19363395225464192,0.32891246684350134,0.6728987864376258,0.5808279346813249,0.8777395154593852,0.4905861474659733,0.6915230295971213,rh1,outage_10s,22,RTAB RGB+NoisyGNSS,rtab_rgb_ngps,kalman_start_pose_anchored_rtab_degraded_gnss,/home/pulver/projects/vineyard_pf/Outdoor_SLPF_icra_evidence/results/icra_submission/reruns/gnss_stress_full_v2/rh1/outage_10s/seed_22/degraded_noisy_gnss.tum,d6612c008f739d94466e6f110f4f571ebc9799d82886408209daa559524faefa,/home/pulver/projects/vineyard_pf/Outdoor_SLPF_icra_evidence/results/icra_submission/reruns/gnss_stress_full_v2/rh1/outage_10s/seed_22/affected_mask.npy,5c4ba893aac27837288b853faf641204ecbd3c6cdfc16c7245872358bc8e51b8,73a3cd7750b15476501bcb2d9186a6a143f3d001928650ea655610ae08e08b9a,f97c0806a08846ecaae10ab5dad7e951b7a71ce672bcb21fbbcc9e88a5295619,1.0
/home/pulver/projects/vineyard_pf/Outdoor_SLPF_icra_evidence/results/icra_submission/reruns/gnss_stress_full_v2/rh1/outage_10s/seed_22/rtab_rgbd_ngps/trajectory_0.5.tum,/home/pulver/projects/vineyard_pf/Outdoor_SLPF_icra_evidence/results/icra_submission/reruns/gnss_stress_full_v2/rh1/outage_10s/seed_22/rtab_rgbd_ngps/gps_pose.tum,380,0,1.0,28.704267561147578,24.39566848844864,24.686976485212018,54.05958565598957,2.8748851951932712,2.361358563261924,1.9377497505676402,8.375192889295313,2.115230580938981,1.7460731843343225,9.43397467957702,0.4763157894736842,27.0,217.35886788368225,132.4832954630397,38.63814187049866,23.97264006046573,4.906788720853322,0.5236842105263158,0.10789473684210527,0.1868421052631579,0.3236842105263158,nan,nan,nan,nan,nan,nan,nan,nan,nan,nan,nan,nan,nan,nan,2.115230580938981,1.7460731843343225,9.43397467957702,0.4763157894736842,27.0,217.35886788368225,132.4832954630397,38.63814187049866,23.97264006046573,4.906788720853322,0.5236842105263158,0.10789473684210527,0.1868421052631579,0.3236842105263158,0.6725375565794156,0.5721753625188732,0.8687497635941677,0.49251405070425075,0.6974237166808114,rh1,outage_10s,22,RTAB RGBD+NoisyGNSS,rtab_rgbd_ngps,kalman_start_pose_anchored_rtab_degraded_gnss,/home/pulver/projects/vineyard_pf/Outdoor_SLPF_icra_evidence/results/icra_submission/reruns/gnss_stress_full_v2/rh1/outage_10s/seed_22/degraded_noisy_gnss.tum,d6612c008f739d94466e6f110f4f571ebc9799d82886408209daa559524faefa,/home/pulver/projects/vineyard_pf/Outdoor_SLPF_icra_evidence/results/icra_submission/reruns/gnss_stress_full_v2/rh1/outage_10s/seed_22/affected_mask.npy,5c4ba893aac27837288b853faf641204ecbd3c6cdfc16c7245872358bc8e51b8,c7356d7ab2e1505c553c193df7af1d764207f68d7e261abd3042a9009bc47fb5,f97c0806a08846ecaae10ab5dad7e951b7a71ce672bcb21fbbcc9e88a5295619,1.0
/home/pulver/projects/vineyard_pf/Outdoor_SLPF_icra_evidence/results/icra_submission/reruns/gnss_stress_full_v2/rh1/outage_10s/seed_33/degraded_noisy_gnss.tum,/home/pulver/projects/vineyard_pf/Outdoor_SLPF_icra_evidence/results/iros_rh1/20260217_172656_multiseed_main/slpf/seed_11/gps_pose.tum,396,3,1.0,1.8399015733395836,1.1740247187110997,0.9957477368721757,18.272233383396593,1.8236562312273796,1.1555129819172079,1.007962907077415,18.443526761701172,1.5821279619506274,1.452645168506469,16.61736705552848,0.7449494949494949,51.0,416.0,85.52422816792921,20.0,6.2428204010939945,1.6769456503515532,0.255050505050505,0.08585858585858586,0.1590909090909091,0.3661616161616162,nan,nan,nan,nan,nan,nan,nan,nan,nan,nan,nan,nan,nan,nan,1.5821279619506274,1.452645168506469,16.61736705552848,0.7449494949494949,51.0,416.0,85.52422816792921,20.0,6.2428204010939945,1.6769456503515532,0.255050505050505,0.08585858585858586,0.1590909090909091,0.3661616161616162,0.3663216224922196,0.10037323428370422,0.038098078549314685,0.49006929035155467,0.18064522898983634,rh1,outage_10s,33,NoisyGNSS,ngps,generated_degraded_gnss,/home/pulver/projects/vineyard_pf/Outdoor_SLPF_icra_evidence/results/icra_submission/reruns/gnss_stress_full_v2/rh1/outage_10s/seed_33/degraded_noisy_gnss.tum,1325f78318665af50751a193f4bdc5ab1af6a719b8883bd8b130d37cc2e5b7f3,/home/pulver/projects/vineyard_pf/Outdoor_SLPF_icra_evidence/results/icra_submission/reruns/gnss_stress_full_v2/rh1/outage_10s/seed_33/affected_mask.npy,5c4ba893aac27837288b853faf641204ecbd3c6cdfc16c7245872358bc8e51b8,1325f78318665af50751a193f4bdc5ab1af6a719b8883bd8b130d37cc2e5b7f3,13d0eee6e833e7a0e4e17fe1163bfa913bb1c54e6ea862aaf13ed1885ee0e29b,1.0
/home/pulver/projects/vineyard_pf/Outdoor_SLPF_icra_evidence/results/icra_submission/reruns/gnss_stress_full_v2/rh1/outage_10s/seed_33/slpf/trajectory_0.5.tum,/home/pulver/projects/vineyard_pf/Outdoor_SLPF_icra_evidence/results/icra_submission/reruns/gnss_stress_full_v2/rh1/outage_10s/seed_33/slpf/gps_pose.tum,399,0,1.0,0.9770392245251489,0.794607818265792,0.6649422412538605,3.132100229917553,0.9621111092963639,0.7812632240865889,0.6820861495315783,3.057208887386076,1.5543233089937802,1.2889813661098075,4.02492448988734,0.8045112781954887,26.0,312.0,61.09141225425958,32.0,6.210484890239375,2.349669702086907,0.19548872180451127,0.02756892230576441,0.06265664160401002,0.2706766917293233,nan,nan,nan,nan,nan,nan,nan,nan,nan,nan,nan,nan,nan,nan,1.5543233089937802,1.2889813661098075,4.02492448988734,0.8045112781954887,26.0,312.0,61.09141225425958,32.0,6.210484890239375,2.349669702086907,0.19548872180451127,0.02756892230576441,0.06265664160401002,0.2706766917293233,0.16809792944134555,0.03206260935063639,0.012958523340865996,0.11361289661727543,0.03923365615350114,rh1,outage_10s,33,SLPF,slpf,live_external_degraded_gnss,/home/pulver/projects/vineyard_pf/Outdoor_SLPF_icra_evidence/results/icra_submission/reruns/gnss_stress_full_v2/rh1/outage_10s/seed_33/degraded_noisy_gnss.tum,1325f78318665af50751a193f4bdc5ab1af6a719b8883bd8b130d37cc2e5b7f3,/home/pulver/projects/vineyard_pf/Outdoor_SLPF_icra_evidence/results/icra_submission/reruns/gnss_stress_full_v2/rh1/outage_10s/seed_33/affected_mask.npy,5c4ba893aac27837288b853faf641204ecbd3c6cdfc16c7245872358bc8e51b8,a8b7a0afb481670f25bb94abbfae2ea68051f3119da36ad1f6efb0b8a483821c,13d0eee6e833e7a0e4e17fe1163bfa913bb1c54e6ea862aaf13ed1885ee0e29b,1.0
/home/pulver/projects/vineyard_pf/Outdoor_SLPF_icra_evidence/results/icra_submission/reruns/gnss_stress_full_v2/rh1/outage_10s/seed_33/amcl_ngps/trajectory_0.5.tum,/home/pulver/projects/vineyard_pf/Outdoor_SLPF_icra_evidence/results/icra_submission/reruns/gnss_stress_full_v2/rh1/outage_10s/seed_33/amcl_ngps/gps_pose.tum,401,0,1.0,1.543737387612111,1.3668279270717847,1.6107377280116648,3.3025034834063414,1.093750473667352,1.0223515012076516,1.005507312247139,4.010342871538896,1.1381803299548232,0.7844631060334559,3.7796761129094243,0.6658354114713217,25.0,141.13220143318176,89.14204226214507,19.333094120025635,11.795862401485076,3.565681690485803,0.3341645885286783,0.29177057356608477,0.42144638403990026,0.5336658354114713,nan,nan,nan,nan,nan,nan,nan,nan,nan,nan,nan,nan,nan,nan,1.1381803299548232,0.7844631060334559,3.7796761129094243,0.6658354114713217,25.0,141.13220143318176,89.14204226214507,19.333094120025635,11.795862401485076,3.565681690485803,0.3341645885286783,0.29177057356608477,0.42144638403990026,0.5336658354114713,0.6538441283197608,0.32672678451328785,0.617315129368548,0.5726514766498587,0.8968100998796908,rh1,outage_10s,33,AMCL+NoisyGNSS,amcl_ngps,kalman_amcl_degraded_gnss,/home/pulver/projects/vineyard_pf/Outdoor_SLPF_icra_evidence/results/icra_submission/reruns/gnss_stress_full_v2/rh1/outage_10s/seed_33/degraded_noisy_gnss.tum,1325f78318665af50751a193f4bdc5ab1af6a719b8883bd8b130d37cc2e5b7f3,/home/pulver/projects/vineyard_pf/Outdoor_SLPF_icra_evidence/results/icra_submission/reruns/gnss_stress_full_v2/rh1/outage_10s/seed_33/affected_mask.npy,5c4ba893aac27837288b853faf641204ecbd3c6cdfc16c7245872358bc8e51b8,41a28c35e33ab98a80695f43c0a8a81db99d8f9f75cd63350eb219ca50e7ef5b,ea5a5b851f7e6290c932da2e02d5848b930fbf9b277e3c9c45c7bc766d78700e,1.0
/home/pulver/projects/vineyard_pf/Outdoor_SLPF_icra_evidence/results/icra_submission/reruns/gnss_stress_full_v2/rh1/outage_10s/seed_33/rtab_rgb_ngps/trajectory_0.5.tum,/home/pulver/projects/vineyard_pf/Outdoor_SLPF_icra_evidence/results/icra_submission/reruns/gnss_stress_full_v2/rh1/outage_10s/seed_33/rtab_rgb_ngps/gps_pose.tum,377,0,1.0,28.788504064711862,24.553020418206415,25.004092173783945,54.233672696029146,2.7462110749337896,2.2184990731389527,1.7644726955447516,8.273508140772314,2.1203830526498466,1.724752990065288,9.27718143481024,0.47480106100795755,28.0,217.10926294326782,133.4808430192286,39.37006425857544,24.423058268322364,4.76717296497245,0.5251989389920424,0.09283819628647215,0.17506631299734748,0.3103448275862069,nan,nan,nan,nan,nan,nan,nan,nan,nan,nan,nan,nan,nan,nan,2.1203830526498466,1.724752990065288,9.27718143481024,0.47480106100795755,28.0,217.10926294326782,133.4808430192286,39.37006425857544,24.423058268322364,4.76717296497245,0.5251989389920424,0.09283819628647215,0.17506631299734748,0.3103448275862069,0.677704332729345,0.5895122872865497,0.9050676660275839,0.5185186091181022,0.7312869924148027,rh1,outage_10s,33,RTAB RGB+NoisyGNSS,rtab_rgb_ngps,kalman_start_pose_anchored_rtab_degraded_gnss,/home/pulver/projects/vineyard_pf/Outdoor_SLPF_icra_evidence/results/icra_submission/reruns/gnss_stress_full_v2/rh1/outage_10s/seed_33/degraded_noisy_gnss.tum,1325f78318665af50751a193f4bdc5ab1af6a719b8883bd8b130d37cc2e5b7f3,/home/pulver/projects/vineyard_pf/Outdoor_SLPF_icra_evidence/results/icra_submission/reruns/gnss_stress_full_v2/rh1/outage_10s/seed_33/affected_mask.npy,5c4ba893aac27837288b853faf641204ecbd3c6cdfc16c7245872358bc8e51b8,1cf10bf3fe07936c94fcfe2dbb03f3de363a1b44a0d4fc930e79a9e96d1afba2,f97c0806a08846ecaae10ab5dad7e951b7a71ce672bcb21fbbcc9e88a5295619,1.0
/home/pulver/projects/vineyard_pf/Outdoor_SLPF_icra_evidence/results/icra_submission/reruns/gnss_stress_full_v2/rh1/outage_10s/seed_33/rtab_rgbd_ngps/trajectory_0.5.tum,/home/pulver/projects/vineyard_pf/Outdoor_SLPF_icra_evidence/results/icra_submission/reruns/gnss_stress_full_v2/rh1/outage_10s/seed_33/rtab_rgbd_ngps/gps_pose.tum,380,0,1.0,28.745490117570835,24.508521546938688,24.983267727771775,53.97583955010364,2.7732736149797614,2.2470627294730745,1.7599305118782258,8.204379607788308,2.1531163872688466,1.7525315165406785,9.193742334401719,0.46842105263157896,26.0,220.68975114822388,135.6735199460597,39.63885736465454,24.562288825415255,5.218212305617682,0.531578947368421,0.09210526315789473,0.15263157894736842,0.28421052631578947,nan,nan,nan,nan,nan,nan,nan,nan,nan,nan,nan,nan,nan,nan,2.1531163872688466,1.7525315165406785,9.193742334401719,0.46842105263157896,26.0,220.68975114822388,135.6735199460597,39.63885736465454,24.562288825415255,5.218212305617682,0.531578947368421,0.09210526315789473,0.15263157894736842,0.28421052631578947,0.6736518531737746,0.5819024471208246,0.8976799978259591,0.5077083254256383,0.7070311874410777,rh1,outage_10s,33,RTAB RGBD+NoisyGNSS,rtab_rgbd_ngps,kalman_start_pose_anchored_rtab_degraded_gnss,/home/pulver/projects/vineyard_pf/Outdoor_SLPF_icra_evidence/results/icra_submission/reruns/gnss_stress_full_v2/rh1/outage_10s/seed_33/degraded_noisy_gnss.tum,1325f78318665af50751a193f4bdc5ab1af6a719b8883bd8b130d37cc2e5b7f3,/home/pulver/projects/vineyard_pf/Outdoor_SLPF_icra_evidence/results/icra_submission/reruns/gnss_stress_full_v2/rh1/outage_10s/seed_33/affected_mask.npy,5c4ba893aac27837288b853faf641204ecbd3c6cdfc16c7245872358bc8e51b8,64d5da3cb6fa2ae4058f311bf014236a7746c4889cc68cc430854813b1db1d6d,f97c0806a08846ecaae10ab5dad7e951b7a71ce672bcb21fbbcc9e88a5295619,1.0
/home/pulver/projects/vineyard_pf/Outdoor_SLPF_icra_evidence/results/icra_submission/reruns/gnss_stress_full_v2/rh1/outage_20s/seed_11/degraded_noisy_gnss.tum,/home/pulver/projects/vineyard_pf/Outdoor_SLPF_icra_evidence/results/iros_rh1/20260217_172656_multiseed_main/slpf/seed_11/gps_pose.tum,394,5,1.0,1.3164593838559457,1.145272961681391,1.0671213474087935,6.725975968994115,1.285106289877069,1.116226628262007,1.0135024122667171,6.8404275893556505,1.4505401629310222,1.3947923158608684,5.58341436659999,0.6852791878172588,47.0,496.0,90.04108448138076,52.0,7.7671678001866695,1.915767754922995,0.3147208121827411,0.1065989847715736,0.18527918781725888,0.36548223350253806,nan,nan,nan,nan,nan,nan,nan,nan,nan,nan,nan,nan,nan,nan,1.4505401629310222,1.3947923158608684,5.58341436659999,0.6852791878172588,47.0,496.0,90.04108448138076,52.0,7.7671678001866695,1.915767754922995,0.3147208121827411,0.1065989847715736,0.18527918781725888,0.36548223350253806,0.32835636234315324,0.06504179451077885,0.027455857136716045,0.47626725458047675,0.1770907902845202,rh1,outage_20s,11,NoisyGNSS,ngps,generated_degraded_gnss,/home/pulver/projects/vineyard_pf/Outdoor_SLPF_icra_evidence/results/icra_submission/reruns/gnss_stress_full_v2/rh1/outage_20s/seed_11/degraded_noisy_gnss.tum,b12e4b32c40f3519e2ad4210a490d6e5ac29b751d1b26299955548d6aa378d6e,/home/pulver/projects/vineyard_pf/Outdoor_SLPF_icra_evidence/results/icra_submission/reruns/gnss_stress_full_v2/rh1/outage_20s/seed_11/affected_mask.npy,5c4ba893aac27837288b853faf641204ecbd3c6cdfc16c7245872358bc8e51b8,b12e4b32c40f3519e2ad4210a490d6e5ac29b751d1b26299955548d6aa378d6e,13d0eee6e833e7a0e4e17fe1163bfa913bb1c54e6ea862aaf13ed1885ee0e29b,1.0
/home/pulver/projects/vineyard_pf/Outdoor_SLPF_icra_evidence/results/icra_submission/reruns/gnss_stress_full_v2/rh1/outage_20s/seed_11/slpf/trajectory_0.5.tum,/home/pulver/projects/vineyard_pf/Outdoor_SLPF_icra_evidence/results/icra_submission/reruns/gnss_stress_full_v2/rh1/outage_20s/seed_11/slpf/gps_pose.tum,399,0,1.0,0.9201645862704761,0.7938874997143343,0.7564487687247274,2.32358573978128,0.8467252019743022,0.7492186735762231,0.6812143570532703,2.219908086756906,1.414243545412995,1.2176554098936445,3.9197770140005517,0.706766917293233,33.0,468.0,84.0376773768759,48.0,6.3884055402241335,2.5465962841477547,0.2932330827067669,0.03759398496240601,0.09022556390977443,0.3107769423558897,nan,nan,nan,nan,nan,nan,nan,nan,nan,nan,nan,nan,nan,nan,1.414243545412995,1.2176554098936445,3.9197770140005517,0.706766917293233,33.0,468.0,84.0376773768759,48.0,6.3884055402241335,2.5465962841477547,0.2932330827067669,0.03759398496240601,0.09022556390977443,0.3107769423558897,0.16806753291203658,0.031646846065536846,0.012846286416928593,0.10224759545665929,0.032522267831402364,rh1,outage_20s,11,SLPF,slpf,live_external_degraded_gnss,/home/pulver/projects/vineyard_pf/Outdoor_SLPF_icra_evidence/results/icra_submission/reruns/gnss_stress_full_v2/rh1/outage_20s/seed_11/degraded_noisy_gnss.tum,b12e4b32c40f3519e2ad4210a490d6e5ac29b751d1b26299955548d6aa378d6e,/home/pulver/projects/vineyard_pf/Outdoor_SLPF_icra_evidence/results/icra_submission/reruns/gnss_stress_full_v2/rh1/outage_20s/seed_11/affected_mask.npy,5c4ba893aac27837288b853faf641204ecbd3c6cdfc16c7245872358bc8e51b8,8cea0a905c0167fdb59c5fbb229528a6cb0bb01c15c799f3d57e33a8a988787d,13d0eee6e833e7a0e4e17fe1163bfa913bb1c54e6ea862aaf13ed1885ee0e29b,1.0
/home/pulver/projects/vineyard_pf/Outdoor_SLPF_icra_evidence/results/icra_submission/reruns/gnss_stress_full_v2/rh1/outage_20s/seed_11/amcl_ngps/trajectory_0.5.tum,/home/pulver/projects/vineyard_pf/Outdoor_SLPF_icra_evidence/results/icra_submission/reruns/gnss_stress_full_v2/rh1/outage_20s/seed_11/amcl_ngps/gps_pose.tum,401,0,1.0,1.6548859660509743,1.4599496804443415,1.777084978001668,3.3531845264481444,1.1724842490817038,1.0995328209659605,1.0668270881854969,4.144955032447828,1.217263116417331,0.8289211384234689,4.142074299677369,0.6359102244389028,25.0,155.7988646030426,98.79193447876757,19.333094120025635,11.795862401485076,3.951677379150703,0.3640897755610973,0.2344139650872818,0.3790523690773067,0.5261845386533666,nan,nan,nan,nan,nan,nan,nan,nan,nan,nan,nan,nan,nan,nan,1.217263116417331,0.8289211384234689,4.142074299677369,0.6359102244389028,25.0,155.7988646030426,98.79193447876757,19.333094120025635,11.795862401485076,3.951677379150703,0.3640897755610973,0.2344139650872818,0.3790523690773067,0.5261845386533666,0.6577743838884809,0.3373272460963614,0.627213156214086,0.5990964193093862,1.037729563275921,rh1,outage_20s,11,AMCL+NoisyGNSS,amcl_ngps,kalman_amcl_degraded_gnss,/home/pulver/projects/vineyard_pf/Outdoor_SLPF_icra_evidence/results/icra_submission/reruns/gnss_stress_full_v2/rh1/outage_20s/seed_11/degraded_noisy_gnss.tum,b12e4b32c40f3519e2ad4210a490d6e5ac29b751d1b26299955548d6aa378d6e,/home/pulver/projects/vineyard_pf/Outdoor_SLPF_icra_evidence/results/icra_submission/reruns/gnss_stress_full_v2/rh1/outage_20s/seed_11/affected_mask.npy,5c4ba893aac27837288b853faf641204ecbd3c6cdfc16c7245872358bc8e51b8,4f473303848c416352ffa0f7d93aa0b808a0af5d1b45adc17c01223371e3b26d,ea5a5b851f7e6290c932da2e02d5848b930fbf9b277e3c9c45c7bc766d78700e,1.0
/home/pulver/projects/vineyard_pf/Outdoor_SLPF_icra_evidence/results/icra_submission/reruns/gnss_stress_full_v2/rh1/outage_20s/seed_11/rtab_rgb_ngps/trajectory_0.5.tum,/home/pulver/projects/vineyard_pf/Outdoor_SLPF_icra_evidence/results/icra_submission/reruns/gnss_stress_full_v2/rh1/outage_20s/seed_11/rtab_rgb_ngps/gps_pose.tum,377,0,1.0,29.041713452506354,24.764348262965168,25.515035789727186,54.57548590483437,3.093684341548909,2.447726691560427,1.897129302093431,10.783906356311906,2.2988860731434406,1.7193783691509086,10.283878491565732,0.46949602122015915,26.0,220.53536319732666,136.68297214799128,34.76252508163452,21.67651927259637,5.257037390307357,0.5305039787798409,0.07957559681697612,0.14058355437665782,0.2891246684350133,nan,nan,nan,nan,nan,nan,nan,nan,nan,nan,nan,nan,nan,nan,2.2988860731434406,1.7193783691509086,10.283878491565732,0.46949602122015915,26.0,220.53536319732666,136.68297214799128,34.76252508163452,21.67651927259637,5.257037390307357,0.5305039787798409,0.07957559681697612,0.14058355437665782,0.2891246684350133,0.6723963095715558,0.6053927287522632,0.9324876049698402,0.4619769043812009,0.6500855676535436,rh1,outage_20s,11,RTAB RGB+NoisyGNSS,rtab_rgb_ngps,kalman_start_pose_anchored_rtab_degraded_gnss,/home/pulver/projects/vineyard_pf/Outdoor_SLPF_icra_evidence/results/icra_submission/reruns/gnss_stress_full_v2/rh1/outage_20s/seed_11/degraded_noisy_gnss.tum,b12e4b32c40f3519e2ad4210a490d6e5ac29b751d1b26299955548d6aa378d6e,/home/pulver/projects/vineyard_pf/Outdoor_SLPF_icra_evidence/results/icra_submission/reruns/gnss_stress_full_v2/rh1/outage_20s/seed_11/affected_mask.npy,5c4ba893aac27837288b853faf641204ecbd3c6cdfc16c7245872358bc8e51b8,0d4671a2d84075d9c2b5485ce3333e1c771495e66176d003e1d71fc3c2258fa9,f97c0806a08846ecaae10ab5dad7e951b7a71ce672bcb21fbbcc9e88a5295619,1.0
/home/pulver/projects/vineyard_pf/Outdoor_SLPF_icra_evidence/results/icra_submission/reruns/gnss_stress_full_v2/rh1/outage_20s/seed_11/rtab_rgbd_ngps/trajectory_0.5.tum,/home/pulver/projects/vineyard_pf/Outdoor_SLPF_icra_evidence/results/icra_submission/reruns/gnss_stress_full_v2/rh1/outage_20s/seed_11/rtab_rgbd_ngps/gps_pose.tum,380,0,1.0,28.994457078185246,24.716967112401342,25.635722752800433,54.390333764996,3.1272487227155157,2.4829727812743596,1.914177302230026,10.741626426077932,2.3358894857235084,1.7510047717960169,10.285712020565727,0.4605263157894737,27.0,224.21372437477112,138.1348913068366,33.595571756362915,20.78711240395813,5.116107085438393,0.5394736842105263,0.08157894736842106,0.14210526315789473,0.27631578947368424,nan,nan,nan,nan,nan,nan,nan,nan,nan,nan,nan,nan,nan,nan,2.3358894857235084,1.7510047717960169,10.285712020565727,0.4605263157894737,27.0,224.21372437477112,138.1348913068366,33.595571756362915,20.78711240395813,5.116107085438393,0.5394736842105263,0.08157894736842106,0.14210526315789473,0.27631578947368424,0.6751728178075217,0.5954414656277371,0.9183988294050025,0.45559500687172944,0.6380243872260933,rh1,outage_20s,11,RTAB RGBD+NoisyGNSS,rtab_rgbd_ngps,kalman_start_pose_anchored_rtab_degraded_gnss,/home/pulver/projects/vineyard_pf/Outdoor_SLPF_icra_evidence/results/icra_submission/reruns/gnss_stress_full_v2/rh1/outage_20s/seed_11/degraded_noisy_gnss.tum,b12e4b32c40f3519e2ad4210a490d6e5ac29b751d1b26299955548d6aa378d6e,/home/pulver/projects/vineyard_pf/Outdoor_SLPF_icra_evidence/results/icra_submission/reruns/gnss_stress_full_v2/rh1/outage_20s/seed_11/affected_mask.npy,5c4ba893aac27837288b853faf641204ecbd3c6cdfc16c7245872358bc8e51b8,04c6ba897a7bc93bab081604dbe6a67087d67d482db4fa738fe0807a5009535c,f97c0806a08846ecaae10ab5dad7e951b7a71ce672bcb21fbbcc9e88a5295619,1.0
/home/pulver/projects/vineyard_pf/Outdoor_SLPF_icra_evidence/results/icra_submission/reruns/gnss_stress_full_v2/rh1/outage_20s/seed_22/degraded_noisy_gnss.tum,/home/pulver/projects/vineyard_pf/Outdoor_SLPF_icra_evidence/results/iros_rh1/20260217_172656_multiseed_main/slpf/seed_11/gps_pose.tum,394,5,1.0,1.249427636879707,1.1310447927307472,1.0965845299930683,3.063481957365329,1.21895534846,1.0979483111972745,1.0719485190057059,3.175491810963717,1.3381103112643005,1.2542936126906497,4.662554452434597,0.6878172588832487,56.0,512.0,89.08351542737512,40.0,7.461311834731747,1.5907770612031271,0.31218274111675126,0.07614213197969544,0.1751269035532995,0.4137055837563452,nan,nan,nan,nan,nan,nan,nan,nan,nan,nan,nan,nan,nan,nan,1.3381103112643005,1.2542936126906497,4.662554452434597,0.6878172588832487,56.0,512.0,89.08351542737512,40.0,7.461311834731747,1.5907770612031271,0.31218274111675126,0.07614213197969544,0.1751269035532995,0.4137055837563452,0.3166172274874691,0.06683413061878841,0.028571714668582347,0.48219836746523226,0.18125054094287205,rh1,outage_20s,22,NoisyGNSS,ngps,generated_degraded_gnss,/home/pulver/projects/vineyard_pf/Outdoor_SLPF_icra_evidence/results/icra_submission/reruns/gnss_stress_full_v2/rh1/outage_20s/seed_22/degraded_noisy_gnss.tum,f1acc17440057d50505cb5a7a5dd6c3ed46503b7aa064a51ff10fea52f7b2c3e,/home/pulver/projects/vineyard_pf/Outdoor_SLPF_icra_evidence/results/icra_submission/reruns/gnss_stress_full_v2/rh1/outage_20s/seed_22/affected_mask.npy,5c4ba893aac27837288b853faf641204ecbd3c6cdfc16c7245872358bc8e51b8,f1acc17440057d50505cb5a7a5dd6c3ed46503b7aa064a51ff10fea52f7b2c3e,13d0eee6e833e7a0e4e17fe1163bfa913bb1c54e6ea862aaf13ed1885ee0e29b,1.0
/home/pulver/projects/vineyard_pf/Outdoor_SLPF_icra_evidence/results/icra_submission/reruns/gnss_stress_full_v2/rh1/outage_20s/seed_22/slpf/trajectory_0.5.tum,/home/pulver/projects/vineyard_pf/Outdoor_SLPF_icra_evidence/results/icra_submission/reruns/gnss_stress_full_v2/rh1/outage_20s/seed_22/slpf/gps_pose.tum,399,0,1.0,2.453605775949586,1.608438427127661,1.0092509846774054,8.135149488240433,2.0551576596499626,1.5176140806887364,1.068586161303264,6.401737682379513,1.4721557436292327,1.276607254577879,4.097228787279117,0.6591478696741855,30.0,544.0,91.81357215286518,76.0,11.329911008783245,3.0604524050955058,0.3408521303258145,0.06265664160401002,0.13533834586466165,0.3684210526315789,nan,nan,nan,nan,nan,nan,nan,nan,nan,nan,nan,nan,nan,nan,1.4721557436292327,1.276607254577879,4.097228787279117,0.6591478696741855,30.0,544.0,91.81357215286518,76.0,11.329911008783245,3.0604524050955058,0.3408521303258145,0.06265664160401002,0.13533834586466165,0.3684210526315789,0.16557591068360547,0.03176342259725847,0.012879413840273907,0.12638335170046097,0.04259430069550015,rh1,outage_20s,22,SLPF,slpf,live_external_degraded_gnss,/home/pulver/projects/vineyard_pf/Outdoor_SLPF_icra_evidence/results/icra_submission/reruns/gnss_stress_full_v2/rh1/outage_20s/seed_22/degraded_noisy_gnss.tum,f1acc17440057d50505cb5a7a5dd6c3ed46503b7aa064a51ff10fea52f7b2c3e,/home/pulver/projects/vineyard_pf/Outdoor_SLPF_icra_evidence/results/icra_submission/reruns/gnss_stress_full_v2/rh1/outage_20s/seed_22/affected_mask.npy,5c4ba893aac27837288b853faf641204ecbd3c6cdfc16c7245872358bc8e51b8,7480b87702480fa5807167beb4480f04119a3d0c857fa14c4a40432da2fda0da,13d0eee6e833e7a0e4e17fe1163bfa913bb1c54e6ea862aaf13ed1885ee0e29b,1.0
/home/pulver/projects/vineyard_pf/Outdoor_SLPF_icra_evidence/results/icra_submission/reruns/gnss_stress_full_v2/rh1/outage_20s/seed_22/amcl_ngps/trajectory_0.5.tum,/home/pulver/projects/vineyard_pf/Outdoor_SLPF_icra_evidence/results/icra_submission/reruns/gnss_stress_full_v2/rh1/outage_20s/seed_22/amcl_ngps/gps_pose.tum,401,0,1.0,1.4836719460620273,1.2849645748814447,1.5275657319358433,3.494802663983362,1.0772908683933047,0.9978086953232623,0.9727296521864174,3.998977464908143,1.1477083396140737,0.8383899142397939,4.086948850775008,0.6583541147132169,27.0,145.59585571289062,92.58531524347127,19.333094120025635,11.795862401485076,3.4290857497581952,0.341645885286783,0.2518703241895262,0.4164588528678304,0.5236907730673317,nan,nan,nan,nan,nan,nan,nan,nan,nan,nan,nan,nan,nan,nan,1.1477083396140737,0.8383899142397939,4.086948850775008,0.6583541147132169,27.0,145.59585571289062,92.58531524347127,19.333094120025635,11.795862401485076,3.4290857497581952,0.341645885286783,0.2518703241895262,0.4164588528678304,0.5236907730673317,0.6601585948620692,0.33257679854424893,0.6239587574783039,0.5514458445257366,0.8931688466627651,rh1,outage_20s,22,AMCL+NoisyGNSS,amcl_ngps,kalman_amcl_degraded_gnss,/home/pulver/projects/vineyard_pf/Outdoor_SLPF_icra_evidence/results/icra_submission/reruns/gnss_stress_full_v2/rh1/outage_20s/seed_22/degraded_noisy_gnss.tum,f1acc17440057d50505cb5a7a5dd6c3ed46503b7aa064a51ff10fea52f7b2c3e,/home/pulver/projects/vineyard_pf/Outdoor_SLPF_icra_evidence/results/icra_submission/reruns/gnss_stress_full_v2/rh1/outage_20s/seed_22/affected_mask.npy,5c4ba893aac27837288b853faf641204ecbd3c6cdfc16c7245872358bc8e51b8,c59a6f4248dfbd37ffb0d910f5eebe53deb810a6e799557b5f095fb53b4114ab,ea5a5b851f7e6290c932da2e02d5848b930fbf9b277e3c9c45c7bc766d78700e,1.0
/home/pulver/projects/vineyard_pf/Outdoor_SLPF_icra_evidence/results/icra_submission/reruns/gnss_stress_full_v2/rh1/outage_20s/seed_22/rtab_rgb_ngps/trajectory_0.5.tum,/home/pulver/projects/vineyard_pf/Outdoor_SLPF_icra_evidence/results/icra_submission/reruns/gnss_stress_full_v2/rh1/outage_20s/seed_22/rtab_rgb_ngps/gps_pose.tum,377,0,1.0,28.947623924094753,24.665518022285536,25.45490736076439,54.23732491578476,3.1771850194438924,2.538555012570388,1.9958049991801037,11.022515651859791,2.2928693491930114,1.7946295614342196,10.470186054125902,0.46153846153846156,28.0,224.12663912773132,137.61979540939217,24.123501777648926,14.598458805489033,4.914992693192578,0.5384615384615384,0.08488063660477453,0.17506631299734748,0.3076923076923077,nan,nan,nan,nan,nan,nan,nan,nan,nan,nan,nan,nan,nan,nan,2.2928693491930114,1.7946295614342196,10.470186054125902,0.46153846153846156,28.0,224.12663912773132,137.61979540939217,24.123501777648926,14.598458805489033,4.914992693192578,0.5384615384615384,0.08488063660477453,0.17506631299734748,0.3076923076923077,0.6742314458188414,0.605421920064,0.9347059353904891,0.47435587421906544,0.6650495577339592,rh1,outage_20s,22,RTAB RGB+NoisyGNSS,rtab_rgb_ngps,kalman_start_pose_anchored_rtab_degraded_gnss,/home/pulver/projects/vineyard_pf/Outdoor_SLPF_icra_evidence/results/icra_submission/reruns/gnss_stress_full_v2/rh1/outage_20s/seed_22/degraded_noisy_gnss.tum,f1acc17440057d50505cb5a7a5dd6c3ed46503b7aa064a51ff10fea52f7b2c3e,/home/pulver/projects/vineyard_pf/Outdoor_SLPF_icra_evidence/results/icra_submission/reruns/gnss_stress_full_v2/rh1/outage_20s/seed_22/affected_mask.npy,5c4ba893aac27837288b853faf641204ecbd3c6cdfc16c7245872358bc8e51b8,f0393dbb1979c9942750744895a7292181540e0c84c37dbaff256b72c70a0d41,f97c0806a08846ecaae10ab5dad7e951b7a71ce672bcb21fbbcc9e88a5295619,1.0
/home/pulver/projects/vineyard_pf/Outdoor_SLPF_icra_evidence/results/icra_submission/reruns/gnss_stress_full_v2/rh1/outage_20s/seed_22/rtab_rgbd_ngps/trajectory_0.5.tum,/home/pulver/projects/vineyard_pf/Outdoor_SLPF_icra_evidence/results/icra_submission/reruns/gnss_stress_full_v2/rh1/outage_20s/seed_22/rtab_rgbd_ngps/gps_pose.tum,380,0,1.0,28.916414725283087,24.62696745100372,25.48396346187186,54.05958565598957,3.2020872660368163,2.568263394312587,2.0186777071063613,10.977237013291585,2.327723257348032,1.8279207485052726,10.480387744208272,0.45263157894736844,27.0,228.3175151348114,140.33324514588543,27.473674058914185,16.49082477769645,5.197527597995757,0.5473684210526316,0.09736842105263158,0.15789473684210525,0.2789473684210526,nan,nan,nan,nan,nan,nan,nan,nan,nan,nan,nan,nan,nan,nan,2.327723257348032,1.8279207485052726,10.480387744208272,0.45263157894736844,27.0,228.3175151348114,140.33324514588543,27.473674058914185,16.49082477769645,5.197527597995757,0.5473684210526316,0.09736842105263158,0.15789473684210525,0.2789473684210526,0.6736927694677085,0.5918022213858356,0.9169896986694666,0.4785125180451804,0.6759704001909779,rh1,outage_20s,22,RTAB RGBD+NoisyGNSS,rtab_rgbd_ngps,kalman_start_pose_anchored_rtab_degraded_gnss,/home/pulver/projects/vineyard_pf/Outdoor_SLPF_icra_evidence/results/icra_submission/reruns/gnss_stress_full_v2/rh1/outage_20s/seed_22/degraded_noisy_gnss.tum,f1acc17440057d50505cb5a7a5dd6c3ed46503b7aa064a51ff10fea52f7b2c3e,/home/pulver/projects/vineyard_pf/Outdoor_SLPF_icra_evidence/results/icra_submission/reruns/gnss_stress_full_v2/rh1/outage_20s/seed_22/affected_mask.npy,5c4ba893aac27837288b853faf641204ecbd3c6cdfc16c7245872358bc8e51b8,d6f33a0b3914aa7fb2535a01579f7483a6a2e7083a0f7e24318102a82fb7dbd2,f97c0806a08846ecaae10ab5dad7e951b7a71ce672bcb21fbbcc9e88a5295619,1.0
/home/pulver/projects/vineyard_pf/Outdoor_SLPF_icra_evidence/results/icra_submission/reruns/gnss_stress_full_v2/rh1/outage_20s/seed_33/degraded_noisy_gnss.tum,/home/pulver/projects/vineyard_pf/Outdoor_SLPF_icra_evidence/results/iros_rh1/20260217_172656_multiseed_main/slpf/seed_11/gps_pose.tum,394,5,1.0,1.8432422548166898,1.1750486575890666,0.9957477368721757,18.272233383396593,1.8270904054501291,1.1567656226197405,1.009140507598477,18.44272786056852,1.5775896125426676,1.4495682313075577,16.61667793017553,0.7461928934010152,50.0,400.0,83.43425282526454,20.0,6.2428204010939945,1.6686850565052906,0.25380710659898476,0.08629441624365482,0.1598984771573604,0.36548223350253806,nan,nan,nan,nan,nan,nan,nan,nan,nan,nan,nan,nan,nan,nan,1.5775896125426676,1.4495682313075577,16.61667793017553,0.7461928934010152,50.0,400.0,83.43425282526454,20.0,6.2428204010939945,1.6686850565052906,0.25380710659898476,0.08629441624365482,0.1598984771573604,0.36548223350253806,0.36657649221310123,0.10056425768311565,0.03809008374294247,0.49082133747875084,0.18056530558984443,rh1,outage_20s,33,NoisyGNSS,ngps,generated_degraded_gnss,/home/pulver/projects/vineyard_pf/Outdoor_SLPF_icra_evidence/results/icra_submission/reruns/gnss_stress_full_v2/rh1/outage_20s/seed_33/degraded_noisy_gnss.tum,11d0909593c0f74a7e117f85071144fb55484841a07aa9393e423ead82a4adaf,/home/pulver/projects/vineyard_pf/Outdoor_SLPF_icra_evidence/results/icra_submission/reruns/gnss_stress_full_v2/rh1/outage_20s/seed_33/affected_mask.npy,5c4ba893aac27837288b853faf641204ecbd3c6cdfc16c7245872358bc8e51b8,11d0909593c0f74a7e117f85071144fb55484841a07aa9393e423ead82a4adaf,13d0eee6e833e7a0e4e17fe1163bfa913bb1c54e6ea862aaf13ed1885ee0e29b,1.0
/home/pulver/projects/vineyard_pf/Outdoor_SLPF_icra_evidence/results/icra_submission/reruns/gnss_stress_full_v2/rh1/outage_20s/seed_33/slpf/trajectory_0.5.tum,/home/pulver/projects/vineyard_pf/Outdoor_SLPF_icra_evidence/results/icra_submission/reruns/gnss_stress_full_v2/rh1/outage_20s/seed_33/slpf/gps_pose.tum,399,0,1.0,0.7174086690250823,0.6373636046108644,0.5787917807657722,1.6006144148391899,0.697628573606107,0.6188702789408971,0.5610004141536291,1.6639476659730525,1.4475920518978636,1.2597369817748947,4.17145395892552,0.7844611528822055,31.0,344.0,68.78768973353029,32.0,6.2428204010939945,2.218957733339687,0.21553884711779447,0.010025062656641603,0.047619047619047616,0.2706766917293233,nan,nan,nan,nan,nan,nan,nan,nan,nan,nan,nan,nan,nan,nan,1.4475920518978636,1.2597369817748947,4.17145395892552,0.7844611528822055,31.0,344.0,68.78768973353029,32.0,6.2428204010939945,2.218957733339687,0.21553884711779447,0.010025062656641603,0.047619047619047616,0.2706766917293233,0.1670293332147786,0.032122350560203815,0.012996410038928818,0.11401125573719137,0.038018661441654854,rh1,outage_20s,33,SLPF,slpf,live_external_degraded_gnss,/home/pulver/projects/vineyard_pf/Outdoor_SLPF_icra_evidence/results/icra_submission/reruns/gnss_stress_full_v2/rh1/outage_20s/seed_33/degraded_noisy_gnss.tum,11d0909593c0f74a7e117f85071144fb55484841a07aa9393e423ead82a4adaf,/home/pulver/projects/vineyard_pf/Outdoor_SLPF_icra_evidence/results/icra_submission/reruns/gnss_stress_full_v2/rh1/outage_20s/seed_33/affected_mask.npy,5c4ba893aac27837288b853faf641204ecbd3c6cdfc16c7245872358bc8e51b8,2b36b5caf30dc46dc1aaf0b5291a29b27ef5c653c4a1fbd2d41bc4802498efe3,13d0eee6e833e7a0e4e17fe1163bfa913bb1c54e6ea862aaf13ed1885ee0e29b,1.0
/home/pulver/projects/vineyard_pf/Outdoor_SLPF_icra_evidence/results/icra_submission/reruns/gnss_stress_full_v2/rh1/outage_20s/seed_33/amcl_ngps/trajectory_0.5.tum,/home/pulver/projects/vineyard_pf/Outdoor_SLPF_icra_evidence/results/icra_submission/reruns/gnss_stress_full_v2/rh1/outage_20s/seed_33/amcl_ngps/gps_pose.tum,401,0,1.0,1.561210255967619,1.3811283905131073,1.642224858745677,3.3025034834063414,1.1034474723105434,1.0326155447481842,1.006720004020913,4.018368853434009,1.139175485507167,0.7813498886781731,3.7813965780223184,0.6633416458852868,25.0,142.66576838493347,90.71959568852655,19.333094120025635,11.795862401485076,3.628783827541062,0.33665835411471323,0.2942643391521197,0.4314214463840399,0.5336658354114713,nan,nan,nan,nan,nan,nan,nan,nan,nan,nan,nan,nan,nan,nan,1.139175485507167,0.7813498886781731,3.7813965780223184,0.6633416458852868,25.0,142.66576838493347,90.71959568852655,19.333094120025635,11.795862401485076,3.628783827541062,0.33665835411471323,0.2942643391521197,0.4314214463840399,0.5336658354114713,0.6562466270354429,0.3271464759665605,0.6178198089285319,0.570582026217481,0.8913634185153888,rh1,outage_20s,33,AMCL+NoisyGNSS,amcl_ngps,kalman_amcl_degraded_gnss,/home/pulver/projects/vineyard_pf/Outdoor_SLPF_icra_evidence/results/icra_submission/reruns/gnss_stress_full_v2/rh1/outage_20s/seed_33/degraded_noisy_gnss.tum,11d0909593c0f74a7e117f85071144fb55484841a07aa9393e423ead82a4adaf,/home/pulver/projects/vineyard_pf/Outdoor_SLPF_icra_evidence/results/icra_submission/reruns/gnss_stress_full_v2/rh1/outage_20s/seed_33/affected_mask.npy,5c4ba893aac27837288b853faf641204ecbd3c6cdfc16c7245872358bc8e51b8,5ea190b06a1bc52e02bbfa166563919aa8fef27729def36f9d0ff10fba73f455,ea5a5b851f7e6290c932da2e02d5848b930fbf9b277e3c9c45c7bc766d78700e,1.0
/home/pulver/projects/vineyard_pf/Outdoor_SLPF_icra_evidence/results/icra_submission/reruns/gnss_stress_full_v2/rh1/outage_20s/seed_33/rtab_rgb_ngps/trajectory_0.5.tum,/home/pulver/projects/vineyard_pf/Outdoor_SLPF_icra_evidence/results/icra_submission/reruns/gnss_stress_full_v2/rh1/outage_20s/seed_33/rtab_rgb_ngps/gps_pose.tum,377,0,1.0,28.998194625923833,24.778286242658737,25.359038773868143,54.233672696029146,3.075392619668886,2.4177256862755194,1.8846441726030527,10.737685542772738,2.327131385957883,1.738295341526492,10.26720658808844,0.44562334217506633,27.0,230.48254585266113,143.28049453492994,34.76252508163452,21.67651927259637,5.306684982775183,0.5543766578249337,0.07161803713527852,0.14323607427055704,0.27320954907161804,nan,nan,nan,nan,nan,nan,nan,nan,nan,nan,nan,nan,nan,nan,2.327131385957883,1.738295341526492,10.26720658808844,0.44562334217506633,27.0,230.48254585266113,143.28049453492994,34.76252508163452,21.67651927259637,5.306684982775183,0.5543766578249337,0.07161803713527852,0.14323607427055704,0.27320954907161804,0.6816517937653952,0.5871373072420523,0.8988125692375176,0.495782579543731,0.7102608827179869,rh1,outage_20s,33,RTAB RGB+NoisyGNSS,rtab_rgb_ngps,kalman_start_pose_anchored_rtab_degraded_gnss,/home/pulver/projects/vineyard_pf/Outdoor_SLPF_icra_evidence/results/icra_submission/reruns/gnss_stress_full_v2/rh1/outage_20s/seed_33/degraded_noisy_gnss.tum,11d0909593c0f74a7e117f85071144fb55484841a07aa9393e423ead82a4adaf,/home/pulver/projects/vineyard_pf/Outdoor_SLPF_icra_evidence/results/icra_submission/reruns/gnss_stress_full_v2/rh1/outage_20s/seed_33/affected_mask.npy,5c4ba893aac27837288b853faf641204ecbd3c6cdfc16c7245872358bc8e51b8,39d1ed1f2de078a566ffdf3e2925e97131c80891d12b26c2e580a7553c547a3e,f97c0806a08846ecaae10ab5dad7e951b7a71ce672bcb21fbbcc9e88a5295619,1.0
/home/pulver/projects/vineyard_pf/Outdoor_SLPF_icra_evidence/results/icra_submission/reruns/gnss_stress_full_v2/rh1/outage_20s/seed_33/rtab_rgbd_ngps/trajectory_0.5.tum,/home/pulver/projects/vineyard_pf/Outdoor_SLPF_icra_evidence/results/icra_submission/reruns/gnss_stress_full_v2/rh1/outage_20s/seed_33/rtab_rgbd_ngps/gps_pose.tum,380,0,1.0,28.95006393145741,24.730267627635016,25.342404233287887,53.97583955010364,3.09648990090803,2.445413068559274,1.9229004496078401,10.709380174182387,2.3609595218922443,1.7499114499230872,10.289464405345807,0.4368421052631579,26.0,234.2455940246582,145.02697869932882,37.95992159843445,23.581647392282616,5.577960719204954,0.5631578947368421,0.06842105263157895,0.15,0.25263157894736843,nan,nan,nan,nan,nan,nan,nan,nan,nan,nan,nan,nan,nan,nan,2.3609595218922443,1.7499114499230872,10.289464405345807,0.4368421052631579,26.0,234.2455940246582,145.02697869932882,37.95992159843445,23.581647392282616,5.577960719204954,0.5631578947368421,0.06842105263157895,0.15,0.25263157894736843,0.6765760721458685,0.5755467269373886,0.8803782868295558,0.4836088709765279,0.6822343782964501,rh1,outage_20s,33,RTAB RGBD+NoisyGNSS,rtab_rgbd_ngps,kalman_start_pose_anchored_rtab_degraded_gnss,/home/pulver/projects/vineyard_pf/Outdoor_SLPF_icra_evidence/results/icra_submission/reruns/gnss_stress_full_v2/rh1/outage_20s/seed_33/degraded_noisy_gnss.tum,11d0909593c0f74a7e117f85071144fb55484841a07aa9393e423ead82a4adaf,/home/pulver/projects/vineyard_pf/Outdoor_SLPF_icra_evidence/results/icra_submission/reruns/gnss_stress_full_v2/rh1/outage_20s/seed_33/affected_mask.npy,5c4ba893aac27837288b853faf641204ecbd3c6cdfc16c7245872358bc8e51b8,eca79ac1011998e3168a963782ba045837fb865e5cef9ffa9a2fd99c0726537d,f97c0806a08846ecaae10ab5dad7e951b7a71ce672bcb21fbbcc9e88a5295619,1.0
/home/pulver/projects/vineyard_pf/Outdoor_SLPF_icra_evidence/results/icra_submission/reruns/gnss_stress_full_v2/rh1/headland_only_degradation/seed_11/degraded_noisy_gnss.tum,/home/pulver/projects/vineyard_pf/Outdoor_SLPF_icra_evidence/results/iros_rh1/20260217_172656_multiseed_main/slpf/seed_11/gps_pose.tum,399,0,1.0,2.4390934005151466,1.1911935090856485,4.643492256817512e-07,10.89411048364205,2.3798862912503305,1.4585638083847448,0.5750861467913372,10.333056218281675,1.8750904614725907,1.321588768107857,8.754486227974803,0.7293233082706767,39.0,432.0,76.68117781675906,80.0,12.679836664592848,1.9661840465835656,0.2706766917293233,0.010025062656641603,0.03508771929824561,0.2957393483709273,nan,nan,nan,nan,nan,nan,nan,nan,nan,nan,nan,nan,nan,nan,1.8750904614725907,1.321588768107857,8.754486227974803,0.7293233082706767,39.0,432.0,76.68117781675906,80.0,12.679836664592848,1.9661840465835656,0.2706766917293233,0.010025062656641603,0.03508771929824561,0.2957393483709273,0.4249405293832622,0.09511733939228825,0.0395579684569262,0.30707454620956204,0.10351211609624471,rh1,headland_only_degradation,11,NoisyGNSS,ngps,generated_degraded_gnss,/home/pulver/projects/vineyard_pf/Outdoor_SLPF_icra_evidence/results/icra_submission/reruns/gnss_stress_full_v2/rh1/headland_only_degradation/seed_11/degraded_noisy_gnss.tum,1255171303757a73692fc46a78319145ce9b064e031cb5ef2ea61db11a31c937,/home/pulver/projects/vineyard_pf/Outdoor_SLPF_icra_evidence/results/icra_submission/reruns/gnss_stress_full_v2/rh1/headland_only_degradation/seed_11/affected_mask.npy,bf2be891465ca2cdd6810390ef3d51e03c7b52f280b31decac3f09620b44fd34,1255171303757a73692fc46a78319145ce9b064e031cb5ef2ea61db11a31c937,13d0eee6e833e7a0e4e17fe1163bfa913bb1c54e6ea862aaf13ed1885ee0e29b,0.3007518796992481
/home/pulver/projects/vineyard_pf/Outdoor_SLPF_icra_evidence/results/icra_submission/reruns/gnss_stress_full_v2/rh1/headland_only_degradation/seed_11/slpf/trajectory_0.5.tum,/home/pulver/projects/vineyard_pf/Outdoor_SLPF_icra_evidence/results/icra_submission/reruns/gnss_stress_full_v2/rh1/headland_only_degradation/seed_11/slpf/gps_pose.tum,399,0,1.0,1.2288981583761425,0.7138237319029391,0.24275027415385286,3.8823150433436004,1.1990623608144697,0.793978147667427,0.39590459895259106,3.7408172906885566,1.417805157621873,1.2519711482234732,4.344955069725362,0.7418546365914787,29.0,412.0,72.30958951653948,84.0,10.956855294801843,2.4934341212599818,0.2581453634085213,0.012531328320802004,0.045112781954887216,0.2756892230576441,nan,nan,nan,nan,nan,nan,nan,nan,nan,nan,nan,nan,nan,nan,1.417805157621873,1.2519711482234732,4.344955069725362,0.7418546365914787,29.0,412.0,72.30958951653948,84.0,10.956855294801843,2.4934341212599818,0.2581453634085213,0.012531328320802004,0.045112781954887216,0.2756892230576441,0.18008946183920824,0.03495397209270293,0.014274101468658477,0.1675694159814389,0.05905471803952219,rh1,headland_only_degradation,11,SLPF,slpf,live_external_degraded_gnss,/home/pulver/projects/vineyard_pf/Outdoor_SLPF_icra_evidence/results/icra_submission/reruns/gnss_stress_full_v2/rh1/headland_only_degradation/seed_11/degraded_noisy_gnss.tum,1255171303757a73692fc46a78319145ce9b064e031cb5ef2ea61db11a31c937,/home/pulver/projects/vineyard_pf/Outdoor_SLPF_icra_evidence/results/icra_submission/reruns/gnss_stress_full_v2/rh1/headland_only_degradation/seed_11/affected_mask.npy,bf2be891465ca2cdd6810390ef3d51e03c7b52f280b31decac3f09620b44fd34,f1d89759bfc0576cd43e5041e87d0f227f8b015b32b8a30f86d59656c40e4c77,13d0eee6e833e7a0e4e17fe1163bfa913bb1c54e6ea862aaf13ed1885ee0e29b,0.3007518796992481
/home/pulver/projects/vineyard_pf/Outdoor_SLPF_icra_evidence/results/icra_submission/reruns/gnss_stress_full_v2/rh1/headland_only_degradation/seed_11/amcl_ngps/trajectory_0.5.tum,/home/pulver/projects/vineyard_pf/Outdoor_SLPF_icra_evidence/results/icra_submission/reruns/gnss_stress_full_v2/rh1/headland_only_degradation/seed_11/amcl_ngps/gps_pose.tum,401,0,1.0,1.607874184900757,1.3812902351962637,1.6211275301672134,3.7263478889230384,1.1571183699816792,1.0399223489562912,1.0054827789812641,3.934772564458406,1.1880369385241836,0.9429685952661465,3.8766534744641308,0.6334164588528678,29.0,157.26524662971497,98.49571099858478,19.333094120025635,11.795862401485076,3.3964038275374064,0.36658354114713215,0.2169576059850374,0.3640897755610973,0.513715710723192,nan,nan,nan,nan,nan,nan,nan,nan,nan,nan,nan,nan,nan,nan,1.1880369385241836,0.9429685952661465,3.8766534744641308,0.6334164588528678,29.0,157.26524662971497,98.49571099858478,19.333094120025635,11.795862401485076,3.3964038275374064,0.36658354114713215,0.2169576059850374,0.3640897755610973,0.513715710723192,0.7023848398684491,0.3760201650555497,0.6879525170303912,0.7643449861492115,1.118320243326923,rh1,headland_only_degradation,11,AMCL+NoisyGNSS,amcl_ngps,kalman_amcl_degraded_gnss,/home/pulver/projects/vineyard_pf/Outdoor_SLPF_icra_evidence/results/icra_submission/reruns/gnss_stress_full_v2/rh1/headland_only_degradation/seed_11/degraded_noisy_gnss.tum,1255171303757a73692fc46a78319145ce9b064e031cb5ef2ea61db11a31c937,/home/pulver/projects/vineyard_pf/Outdoor_SLPF_icra_evidence/results/icra_submission/reruns/gnss_stress_full_v2/rh1/headland_only_degradation/seed_11/affected_mask.npy,bf2be891465ca2cdd6810390ef3d51e03c7b52f280b31decac3f09620b44fd34,76f5e424708849c6aa0d2bbf311b478cb5079f8c5cf1b66682d04f1b031ab7bf,ea5a5b851f7e6290c932da2e02d5848b930fbf9b277e3c9c45c7bc766d78700e,0.3007518796992481
/home/pulver/projects/vineyard_pf/Outdoor_SLPF_icra_evidence/results/icra_submission/reruns/gnss_stress_full_v2/rh1/headland_only_degradation/seed_11/rtab_rgb_ngps/trajectory_0.5.tum,/home/pulver/projects/vineyard_pf/Outdoor_SLPF_icra_evidence/results/icra_submission/reruns/gnss_stress_full_v2/rh1/headland_only_degradation/seed_11/rtab_rgb_ngps/gps_pose.tum,377,0,1.0,28.73365346773144,24.407911539285283,24.056045071958092,55.797375972332276,2.491926527365661,2.0739345489398664,1.706233886133034,8.37269026508456,1.9275905278480956,1.7162654963497632,7.214438670949245,0.493368700265252,27.0,209.83384943008423,128.23353859962532,38.369348764419556,23.833409503372838,4.749390318504641,0.506631299734748,0.08488063660477453,0.17771883289124668,0.33156498673740054,nan,nan,nan,nan,nan,nan,nan,nan,nan,nan,nan,nan,nan,nan,1.9275905278480956,1.7162654963497632,7.214438670949245,0.493368700265252,27.0,209.83384943008423,128.23353859962532,38.369348764419556,23.833409503372838,4.749390318504641,0.506631299734748,0.08488063660477453,0.17771883289124668,0.33156498673740054,0.6657578922702537,0.2778896982688276,0.47180610170405535,0.6213046130693614,0.8751175700901874,rh1,headland_only_degradation,11,RTAB RGB+NoisyGNSS,rtab_rgb_ngps,kalman_start_pose_anchored_rtab_degraded_gnss,/home/pulver/projects/vineyard_pf/Outdoor_SLPF_icra_evidence/results/icra_submission/reruns/gnss_stress_full_v2/rh1/headland_only_degradation/seed_11/degraded_noisy_gnss.tum,1255171303757a73692fc46a78319145ce9b064e031cb5ef2ea61db11a31c937,/home/pulver/projects/vineyard_pf/Outdoor_SLPF_icra_evidence/results/icra_submission/reruns/gnss_stress_full_v2/rh1/headland_only_degradation/seed_11/affected_mask.npy,bf2be891465ca2cdd6810390ef3d51e03c7b52f280b31decac3f09620b44fd34,f2833a48cc7135279838d71ce315b76c25979ce8a9fcaa50b328b28fb2657bad,f97c0806a08846ecaae10ab5dad7e951b7a71ce672bcb21fbbcc9e88a5295619,0.3007518796992481
/home/pulver/projects/vineyard_pf/Outdoor_SLPF_icra_evidence/results/icra_submission/reruns/gnss_stress_full_v2/rh1/headland_only_degradation/seed_11/rtab_rgbd_ngps/trajectory_0.5.tum,/home/pulver/projects/vineyard_pf/Outdoor_SLPF_icra_evidence/results/icra_submission/reruns/gnss_stress_full_v2/rh1/headland_only_degradation/seed_11/rtab_rgbd_ngps/gps_pose.tum,380,0,1.0,28.696543823698182,24.370513287456397,24.018351233171327,55.872913619265816,2.5970653838760867,2.149832779339798,1.7643084613493896,8.819948640117406,1.9983454744172557,1.7654749473412972,7.565341976439076,0.4868421052631579,28.0,213.1901547908783,129.65287610623642,38.63814187049866,23.97264006046573,4.630459860937015,0.5131578947368421,0.07894736842105263,0.16842105263157894,0.3,nan,nan,nan,nan,nan,nan,nan,nan,nan,nan,nan,nan,nan,nan,1.9983454744172557,1.7654749473412972,7.565341976439076,0.4868421052631579,28.0,213.1901547908783,129.65287610623642,38.63814187049866,23.97264006046573,4.630459860937015,0.5131578947368421,0.07894736842105263,0.16842105263157894,0.3,0.6844060322615111,0.32049511453048624,0.48914873633851186,0.6928980745369724,0.9489568463429202,rh1,headland_only_degradation,11,RTAB RGBD+NoisyGNSS,rtab_rgbd_ngps,kalman_start_pose_anchored_rtab_degraded_gnss,/home/pulver/projects/vineyard_pf/Outdoor_SLPF_icra_evidence/results/icra_submission/reruns/gnss_stress_full_v2/rh1/headland_only_degradation/seed_11/degraded_noisy_gnss.tum,1255171303757a73692fc46a78319145ce9b064e031cb5ef2ea61db11a31c937,/home/pulver/projects/vineyard_pf/Outdoor_SLPF_icra_evidence/results/icra_submission/reruns/gnss_stress_full_v2/rh1/headland_only_degradation/seed_11/affected_mask.npy,bf2be891465ca2cdd6810390ef3d51e03c7b52f280b31decac3f09620b44fd34,108712cf4495c6fd978fb453b9f9a9f6a8b5157dfcfe4c61f40d1ce205e8d032,f97c0806a08846ecaae10ab5dad7e951b7a71ce672bcb21fbbcc9e88a5295619,0.3007518796992481
/home/pulver/projects/vineyard_pf/Outdoor_SLPF_icra_evidence/results/icra_submission/reruns/gnss_stress_full_v2/rh1/headland_only_degradation/seed_22/degraded_noisy_gnss.tum,/home/pulver/projects/vineyard_pf/Outdoor_SLPF_icra_evidence/results/iros_rh1/20260217_172656_multiseed_main/slpf/seed_11/gps_pose.tum,399,0,1.0,2.4330151940826754,1.207878503961852,4.643492256817512e-07,8.079118044492787,2.3021581066182497,1.561346743926173,0.8224709402622186,7.241257727952248,1.6741700942184186,1.348845661159938,8.287039070325404,0.606516290726817,49.0,624.0,102.13414307726335,64.0,11.329911008783245,2.0992983803109357,0.39348370927318294,0.03258145363408521,0.08020050125313283,0.3082706766917293,nan,nan,nan,nan,nan,nan,nan,nan,nan,nan,nan,nan,nan,nan,1.6741700942184186,1.348845661159938,8.287039070325404,0.606516290726817,49.0,624.0,102.13414307726335,64.0,11.329911008783245,2.0992983803109357,0.39348370927318294,0.03258145363408521,0.08020050125313283,0.3082706766917293,0.39486022601220977,0.08785122115648057,0.035728588308670546,0.3315079130233165,0.11774593898733592,rh1,headland_only_degradation,22,NoisyGNSS,ngps,generated_degraded_gnss,/home/pulver/projects/vineyard_pf/Outdoor_SLPF_icra_evidence/results/icra_submission/reruns/gnss_stress_full_v2/rh1/headland_only_degradation/seed_22/degraded_noisy_gnss.tum,d82aaa6bcbb8938998313d077e59d8d8e19557bedde239cf39c1561db99c87d2,/home/pulver/projects/vineyard_pf/Outdoor_SLPF_icra_evidence/results/icra_submission/reruns/gnss_stress_full_v2/rh1/headland_only_degradation/seed_22/affected_mask.npy,bf2be891465ca2cdd6810390ef3d51e03c7b52f280b31decac3f09620b44fd34,d82aaa6bcbb8938998313d077e59d8d8e19557bedde239cf39c1561db99c87d2,13d0eee6e833e7a0e4e17fe1163bfa913bb1c54e6ea862aaf13ed1885ee0e29b,0.3007518796992481
/home/pulver/projects/vineyard_pf/Outdoor_SLPF_icra_evidence/results/icra_submission/reruns/gnss_stress_full_v2/rh1/headland_only_degradation/seed_22/slpf/trajectory_0.5.tum,/home/pulver/projects/vineyard_pf/Outdoor_SLPF_icra_evidence/results/icra_submission/reruns/gnss_stress_full_v2/rh1/headland_only_degradation/seed_22/slpf/gps_pose.tum,399,0,1.0,1.4648192975087775,0.8151839689215141,0.2566132107596807,5.505226058593771,1.3691665669611472,0.9323449384194105,0.5678760890870466,4.781724095852555,1.4234981402793048,1.2739116833488326,4.157361301328312,0.6491228070175439,31.0,556.0,94.21444609536051,88.0,13.306002142151263,2.696948131773642,0.3508771929824561,0.017543859649122806,0.03258145363408521,0.3132832080200501,nan,nan,nan,nan,nan,nan,nan,nan,nan,nan,nan,nan,nan,nan,1.4234981402793048,1.2739116833488326,4.157361301328312,0.6491228070175439,31.0,556.0,94.21444609536051,88.0,13.306002142151263,2.696948131773642,0.3508771929824561,0.017543859649122806,0.03258145363408521,0.3132832080200501,0.16577256858966988,0.032201075437004255,0.013030904600134183,0.09126570011901354,0.028776314429252794,rh1,headland_only_degradation,22,SLPF,slpf,live_external_degraded_gnss,/home/pulver/projects/vineyard_pf/Outdoor_SLPF_icra_evidence/results/icra_submission/reruns/gnss_stress_full_v2/rh1/headland_only_degradation/seed_22/degraded_noisy_gnss.tum,d82aaa6bcbb8938998313d077e59d8d8e19557bedde239cf39c1561db99c87d2,/home/pulver/projects/vineyard_pf/Outdoor_SLPF_icra_evidence/results/icra_submission/reruns/gnss_stress_full_v2/rh1/headland_only_degradation/seed_22/affected_mask.npy,bf2be891465ca2cdd6810390ef3d51e03c7b52f280b31decac3f09620b44fd34,6db25f7456b48e39e5217d08756603166b20669dbf6c89d50a0e9b3357dcd2ae,13d0eee6e833e7a0e4e17fe1163bfa913bb1c54e6ea862aaf13ed1885ee0e29b,0.3007518796992481
/home/pulver/projects/vineyard_pf/Outdoor_SLPF_icra_evidence/results/icra_submission/reruns/gnss_stress_full_v2/rh1/headland_only_degradation/seed_22/amcl_ngps/trajectory_0.5.tum,/home/pulver/projects/vineyard_pf/Outdoor_SLPF_icra_evidence/results/icra_submission/reruns/gnss_stress_full_v2/rh1/headland_only_degradation/seed_22/amcl_ngps/gps_pose.tum,401,0,1.0,1.5512430702285038,1.3488596781374464,1.5710267380060823,3.4207178234749684,1.1094842088766517,0.9903258360415551,0.9246102581359276,3.868106419806822,1.1666500652024985,1.0425037117537699,3.64746412809732,0.6533665835411472,27.0,146.99871587753296,92.9709393960449,18.400471925735474,11.580681186709715,3.4433681257794406,0.34663341645885287,0.20199501246882792,0.341645885286783,0.4912718204488778,nan,nan,nan,nan,nan,nan,nan,nan,nan,nan,nan,nan,nan,nan,1.1666500652024985,1.0425037117537699,3.64746412809732,0.6533665835411472,27.0,146.99871587753296,92.9709393960449,18.400471925735474,11.580681186709715,3.4433681257794406,0.34663341645885287,0.20199501246882792,0.341645885286783,0.4912718204488778,0.6902092049689094,0.5513279287593164,1.240864316917461,0.7106506144907199,1.2138158026095351,rh1,headland_only_degradation,22,AMCL+NoisyGNSS,amcl_ngps,kalman_amcl_degraded_gnss,/home/pulver/projects/vineyard_pf/Outdoor_SLPF_icra_evidence/results/icra_submission/reruns/gnss_stress_full_v2/rh1/headland_only_degradation/seed_22/degraded_noisy_gnss.tum,d82aaa6bcbb8938998313d077e59d8d8e19557bedde239cf39c1561db99c87d2,/home/pulver/projects/vineyard_pf/Outdoor_SLPF_icra_evidence/results/icra_submission/reruns/gnss_stress_full_v2/rh1/headland_only_degradation/seed_22/affected_mask.npy,bf2be891465ca2cdd6810390ef3d51e03c7b52f280b31decac3f09620b44fd34,66f03d6cec3097f3d82e2e9fa413964fd8e5c788df7e468d536e868d162e211b,ea5a5b851f7e6290c932da2e02d5848b930fbf9b277e3c9c45c7bc766d78700e,0.3007518796992481
/home/pulver/projects/vineyard_pf/Outdoor_SLPF_icra_evidence/results/icra_submission/reruns/gnss_stress_full_v2/rh1/headland_only_degradation/seed_22/rtab_rgb_ngps/trajectory_0.5.tum,/home/pulver/projects/vineyard_pf/Outdoor_SLPF_icra_evidence/results/icra_submission/reruns/gnss_stress_full_v2/rh1/headland_only_degradation/seed_22/rtab_rgb_ngps/gps_pose.tum,377,0,1.0,28.431295776213865,24.201807430911195,24.056045071958092,54.210135979046655,2.5418186864324324,2.0801123642621944,1.651359504372955,9.593042398023897,1.9120535821642255,1.686317434186292,10.40144386275805,0.46684350132625996,27.0,221.45886778831482,134.04977538526904,34.76252508163452,21.67651927259637,4.964806495750706,0.53315649867374,0.10079575596816977,0.19363395225464192,0.32360742705570295,nan,nan,nan,nan,nan,nan,nan,nan,nan,nan,nan,nan,nan,nan,1.9120535821642255,1.686317434186292,10.40144386275805,0.46684350132625996,27.0,221.45886778831482,134.04977538526904,34.76252508163452,21.67651927259637,4.964806495750706,0.53315649867374,0.10079575596816977,0.19363395225464192,0.32360742705570295,0.6656368482759865,0.26692568553555535,0.39350219256002783,0.7148676317741554,1.0227158974289143,rh1,headland_only_degradation,22,RTAB RGB+NoisyGNSS,rtab_rgb_ngps,kalman_start_pose_anchored_rtab_degraded_gnss,/home/pulver/projects/vineyard_pf/Outdoor_SLPF_icra_evidence/results/icra_submission/reruns/gnss_stress_full_v2/rh1/headland_only_degradation/seed_22/degraded_noisy_gnss.tum,d82aaa6bcbb8938998313d077e59d8d8e19557bedde239cf39c1561db99c87d2,/home/pulver/projects/vineyard_pf/Outdoor_SLPF_icra_evidence/results/icra_submission/reruns/gnss_stress_full_v2/rh1/headland_only_degradation/seed_22/affected_mask.npy,bf2be891465ca2cdd6810390ef3d51e03c7b52f280b31decac3f09620b44fd34,fe1f6b1e1560a380876c810889f98e57dcfda09d7c4b58c550f22222026db899,f97c0806a08846ecaae10ab5dad7e951b7a71ce672bcb21fbbcc9e88a5295619,0.3007518796992481
/home/pulver/projects/vineyard_pf/Outdoor_SLPF_icra_evidence/results/icra_submission/reruns/gnss_stress_full_v2/rh1/headland_only_degradation/seed_22/rtab_rgbd_ngps/trajectory_0.5.tum,/home/pulver/projects/vineyard_pf/Outdoor_SLPF_icra_evidence/results/icra_submission/reruns/gnss_stress_full_v2/rh1/headland_only_degradation/seed_22/rtab_rgbd_ngps/gps_pose.tum,380,0,1.0,28.45700739470573,24.212787910906542,24.018351233171327,54.26254282815939,2.5447055847058024,2.0852304506160992,1.649819315949792,8.812546982299011,1.925618096294542,1.7016992513192835,6.7794503911602355,0.48157894736842105,25.0,215.5161383152008,130.17565401701768,37.63742518424988,23.34897955996548,5.207026160680707,0.5184210526315789,0.1,0.18947368421052632,0.3263157894736842,nan,nan,nan,nan,nan,nan,nan,nan,nan,nan,nan,nan,nan,nan,1.925618096294542,1.7016992513192835,6.7794503911602355,0.48157894736842105,25.0,215.5161383152008,130.17565401701768,37.63742518424988,23.34897955996548,5.207026160680707,0.5184210526315789,0.1,0.18947368421052632,0.3263157894736842,0.6664324176227141,0.2757947496343287,0.4241771700451582,0.6881604745936646,1.0127419184820434,rh1,headland_only_degradation,22,RTAB RGBD+NoisyGNSS,rtab_rgbd_ngps,kalman_start_pose_anchored_rtab_degraded_gnss,/home/pulver/projects/vineyard_pf/Outdoor_SLPF_icra_evidence/results/icra_submission/reruns/gnss_stress_full_v2/rh1/headland_only_degradation/seed_22/degraded_noisy_gnss.tum,d82aaa6bcbb8938998313d077e59d8d8e19557bedde239cf39c1561db99c87d2,/home/pulver/projects/vineyard_pf/Outdoor_SLPF_icra_evidence/results/icra_submission/reruns/gnss_stress_full_v2/rh1/headland_only_degradation/seed_22/affected_mask.npy,bf2be891465ca2cdd6810390ef3d51e03c7b52f280b31decac3f09620b44fd34,5926e4ffeb928f38135370e5152d4616ec2315a64e4bb814de477d555a12afd1,f97c0806a08846ecaae10ab5dad7e951b7a71ce672bcb21fbbcc9e88a5295619,0.3007518796992481
/home/pulver/projects/vineyard_pf/Outdoor_SLPF_icra_evidence/results/icra_submission/reruns/gnss_stress_full_v2/rh1/headland_only_degradation/seed_33/degraded_noisy_gnss.tum,/home/pulver/projects/vineyard_pf/Outdoor_SLPF_icra_evidence/results/iros_rh1/20260217_172656_multiseed_main/slpf/seed_11/gps_pose.tum,399,0,1.0,2.8328912938080313,1.1486411133309617,4.643492256817512e-07,32.83929610972151,2.813203834162864,1.3162098668619635,0.34202300112463574,32.885243693091574,2.026301094437525,1.2508262071690233,34.281142963581686,0.7894736842105263,35.0,336.0,61.236521685095525,64.0,9.471718945409233,1.7496149052884435,0.21052631578947367,0.007518796992481203,0.022556390977443608,0.21553884711779447,nan,nan,nan,nan,nan,nan,nan,nan,nan,nan,nan,nan,nan,nan,2.026301094437525,1.2508262071690233,34.281142963581686,0.7894736842105263,35.0,336.0,61.236521685095525,64.0,9.471718945409233,1.7496149052884435,0.21052631578947367,0.007518796992481203,0.022556390977443608,0.21553884711779447,0.47576178705350675,0.16989566524417515,0.06409925567275326,0.32531395490915554,0.10971933256673931,rh1,headland_only_degradation,33,NoisyGNSS,ngps,generated_degraded_gnss,/home/pulver/projects/vineyard_pf/Outdoor_SLPF_icra_evidence/results/icra_submission/reruns/gnss_stress_full_v2/rh1/headland_only_degradation/seed_33/degraded_noisy_gnss.tum,8db83a158fff3e8dbfb398461e4fa82ba3437bb56882c814f4ebbc7e60fb7bdd,/home/pulver/projects/vineyard_pf/Outdoor_SLPF_icra_evidence/results/icra_submission/reruns/gnss_stress_full_v2/rh1/headland_only_degradation/seed_33/affected_mask.npy,bf2be891465ca2cdd6810390ef3d51e03c7b52f280b31decac3f09620b44fd34,8db83a158fff3e8dbfb398461e4fa82ba3437bb56882c814f4ebbc7e60fb7bdd,13d0eee6e833e7a0e4e17fe1163bfa913bb1c54e6ea862aaf13ed1885ee0e29b,0.3007518796992481
/home/pulver/projects/vineyard_pf/Outdoor_SLPF_icra_evidence/results/icra_submission/reruns/gnss_stress_full_v2/rh1/headland_only_degradation/seed_33/slpf/trajectory_0.5.tum,/home/pulver/projects/vineyard_pf/Outdoor_SLPF_icra_evidence/results/icra_submission/reruns/gnss_stress_full_v2/rh1/headland_only_degradation/seed_33/slpf/gps_pose.tum,399,0,1.0,0.7920784220059641,0.526032378690018,0.25511529835553615,2.55677674630579,0.7373796492563325,0.569516565665666,0.39532078169771395,2.3085783794134205,1.380546213508282,1.2160528893401799,4.070430522926921,0.8421052631578947,32.0,252.0,52.161085481066124,28.0,5.297581318066333,1.6300339212833164,0.15789473684210525,0.02506265664160401,0.042606516290726815,0.23558897243107768,nan,nan,nan,nan,nan,nan,nan,nan,nan,nan,nan,nan,nan,nan,1.380546213508282,1.2160528893401799,4.070430522926921,0.8421052631578947,32.0,252.0,52.161085481066124,28.0,5.297581318066333,1.6300339212833164,0.15789473684210525,0.02506265664160401,0.042606516290726815,0.23558897243107768,0.17250555747780863,0.03298434172483379,0.013326177583883273,0.14086276626945485,0.0471163498534519,rh1,headland_only_degradation,33,SLPF,slpf,live_external_degraded_gnss,/home/pulver/projects/vineyard_pf/Outdoor_SLPF_icra_evidence/results/icra_submission/reruns/gnss_stress_full_v2/rh1/headland_only_degradation/seed_33/degraded_noisy_gnss.tum,8db83a158fff3e8dbfb398461e4fa82ba3437bb56882c814f4ebbc7e60fb7bdd,/home/pulver/projects/vineyard_pf/Outdoor_SLPF_icra_evidence/results/icra_submission/reruns/gnss_stress_full_v2/rh1/headland_only_degradation/seed_33/affected_mask.npy,bf2be891465ca2cdd6810390ef3d51e03c7b52f280b31decac3f09620b44fd34,446967bcf04437536bfe604dff3f43016717b1be3f386385e7242931b1453282,13d0eee6e833e7a0e4e17fe1163bfa913bb1c54e6ea862aaf13ed1885ee0e29b,0.3007518796992481
/home/pulver/projects/vineyard_pf/Outdoor_SLPF_icra_evidence/results/icra_submission/reruns/gnss_stress_full_v2/rh1/headland_only_degradation/seed_33/amcl_ngps/trajectory_0.5.tum,/home/pulver/projects/vineyard_pf/Outdoor_SLPF_icra_evidence/results/icra_submission/reruns/gnss_stress_full_v2/rh1/headland_only_degradation/seed_33/amcl_ngps/gps_pose.tum,401,0,1.0,1.5886783591706297,1.383861107658887,1.613222176737852,3.2748153478242967,1.200871743004164,1.0868525658432864,1.0120717060278974,3.8393478277644606,1.1732978633122773,0.8636812865328624,3.7995215940248266,0.6408977556109726,26.0,153.332177400589,96.07095000203668,19.333094120025635,11.795862401485076,3.6950365385398722,0.35910224438902744,0.22443890274314215,0.3541147132169576,0.513715710723192,nan,nan,nan,nan,nan,nan,nan,nan,nan,nan,nan,nan,nan,nan,1.1732978633122773,0.8636812865328624,3.7995215940248266,0.6408977556109726,26.0,153.332177400589,96.07095000203668,19.333094120025635,11.795862401485076,3.6950365385398722,0.35910224438902744,0.22443890274314215,0.3541147132169576,0.513715710723192,0.6819556116384206,0.33814496729324833,0.6099254536873027,0.7145842463265372,1.1052250163860389,rh1,headland_only_degradation,33,AMCL+NoisyGNSS,amcl_ngps,kalman_amcl_degraded_gnss,/home/pulver/projects/vineyard_pf/Outdoor_SLPF_icra_evidence/results/icra_submission/reruns/gnss_stress_full_v2/rh1/headland_only_degradation/seed_33/degraded_noisy_gnss.tum,8db83a158fff3e8dbfb398461e4fa82ba3437bb56882c814f4ebbc7e60fb7bdd,/home/pulver/projects/vineyard_pf/Outdoor_SLPF_icra_evidence/results/icra_submission/reruns/gnss_stress_full_v2/rh1/headland_only_degradation/seed_33/affected_mask.npy,bf2be891465ca2cdd6810390ef3d51e03c7b52f280b31decac3f09620b44fd34,9d11844aea617b58738fcd55b1c7e464b5ee930e0540622fd7b78ad02408e015,ea5a5b851f7e6290c932da2e02d5848b930fbf9b277e3c9c45c7bc766d78700e,0.3007518796992481
/home/pulver/projects/vineyard_pf/Outdoor_SLPF_icra_evidence/results/icra_submission/reruns/gnss_stress_full_v2/rh1/headland_only_degradation/seed_33/rtab_rgb_ngps/trajectory_0.5.tum,/home/pulver/projects/vineyard_pf/Outdoor_SLPF_icra_evidence/results/icra_submission/reruns/gnss_stress_full_v2/rh1/headland_only_degradation/seed_33/rtab_rgb_ngps/gps_pose.tum,377,0,1.0,28.56090586095509,24.342772283131612,24.056045071958092,54.60012839989284,2.4997456210490867,2.0731885301072963,1.6029596695731454,8.196533241065502,1.9331717967967916,1.7361543354348636,6.939931402697138,0.4880636604774536,25.0,212.59412336349487,129.68863599468216,39.410428047180176,24.49040898513386,5.187545439787287,0.5119363395225465,0.07427055702917772,0.1830238726790451,0.3156498673740053,nan,nan,nan,nan,nan,nan,nan,nan,nan,nan,nan,nan,nan,nan,1.9331717967967916,1.7361543354348636,6.939931402697138,0.4880636604774536,25.0,212.59412336349487,129.68863599468216,39.410428047180176,24.49040898513386,5.187545439787287,0.5119363395225465,0.07427055702917772,0.1830238726790451,0.3156498673740053,0.6680043332752996,0.26991284893289974,0.41327026908674824,0.639859537226363,0.8250084688435771,rh1,headland_only_degradation,33,RTAB RGB+NoisyGNSS,rtab_rgb_ngps,kalman_start_pose_anchored_rtab_degraded_gnss,/home/pulver/projects/vineyard_pf/Outdoor_SLPF_icra_evidence/results/icra_submission/reruns/gnss_stress_full_v2/rh1/headland_only_degradation/seed_33/degraded_noisy_gnss.tum,8db83a158fff3e8dbfb398461e4fa82ba3437bb56882c814f4ebbc7e60fb7bdd,/home/pulver/projects/vineyard_pf/Outdoor_SLPF_icra_evidence/results/icra_submission/reruns/gnss_stress_full_v2/rh1/headland_only_degradation/seed_33/affected_mask.npy,bf2be891465ca2cdd6810390ef3d51e03c7b52f280b31decac3f09620b44fd34,9fc2dec4cd58d7248932352f51c0496cf83bc3929b27e580b40b2451fa7b0d1c,f97c0806a08846ecaae10ab5dad7e951b7a71ce672bcb21fbbcc9e88a5295619,0.3007518796992481
/home/pulver/projects/vineyard_pf/Outdoor_SLPF_icra_evidence/results/icra_submission/reruns/gnss_stress_full_v2/rh1/headland_only_degradation/seed_33/rtab_rgbd_ngps/trajectory_0.5.tum,/home/pulver/projects/vineyard_pf/Outdoor_SLPF_icra_evidence/results/icra_submission/reruns/gnss_stress_full_v2/rh1/headland_only_degradation/seed_33/rtab_rgbd_ngps/gps_pose.tum,380,0,1.0,28.494976226051243,24.28921675471653,24.018351233171327,54.333038832664386,2.56774230497453,2.1455052487803195,1.67440611610721,7.722923281464051,1.9848796366675279,1.7834383389991302,8.24906453085957,0.48157894736842105,24.0,215.62381744384766,130.92158771716134,38.63814187049866,23.97264006046573,5.455066154881723,0.5184210526315789,0.08947368421052632,0.18157894736842106,0.3131578947368421,nan,nan,nan,nan,nan,nan,nan,nan,nan,nan,nan,nan,nan,nan,1.9848796366675279,1.7834383389991302,8.24906453085957,0.48157894736842105,24.0,215.62381744384766,130.92158771716134,38.63814187049866,23.97264006046573,5.455066154881723,0.5184210526315789,0.08947368421052632,0.18157894736842106,0.3131578947368421,0.6911409453890492,0.29612921556292254,0.4556670636994814,0.6748621488508407,0.8753104457666071,rh1,headland_only_degradation,33,RTAB RGBD+NoisyGNSS,rtab_rgbd_ngps,kalman_start_pose_anchored_rtab_degraded_gnss,/home/pulver/projects/vineyard_pf/Outdoor_SLPF_icra_evidence/results/icra_submission/reruns/gnss_stress_full_v2/rh1/headland_only_degradation/seed_33/degraded_noisy_gnss.tum,8db83a158fff3e8dbfb398461e4fa82ba3437bb56882c814f4ebbc7e60fb7bdd,/home/pulver/projects/vineyard_pf/Outdoor_SLPF_icra_evidence/results/icra_submission/reruns/gnss_stress_full_v2/rh1/headland_only_degradation/seed_33/affected_mask.npy,bf2be891465ca2cdd6810390ef3d51e03c7b52f280b31decac3f09620b44fd34,b21cb6210f4395ef22967e6c37bd88c11ab83b1144914c27d1aa73a4d724e3f5,f97c0806a08846ecaae10ab5dad7e951b7a71ce672bcb21fbbcc9e88a5295619,0.3007518796992481
/home/pulver/projects/vineyard_pf/Outdoor_SLPF_icra_evidence/results/icra_submission/reruns/gnss_stress_full_v2/rh2/nominal/seed_11/degraded_noisy_gnss.tum,/home/pulver/projects/vineyard_pf/Outdoor_SLPF_icra_evidence/results/iros_rh2/20260225_105822_multiseed_all_methods/slpf/seed_11/gps_pose.tum,393,0,1.0,1.3036946686809543,1.165673488757421,1.081246710176265,3.4674970024140195,1.2992100100943509,1.1574006353082464,1.0572480976910128,3.402797278328776,1.5050994313345083,1.4447631611877458,4.628381567114443,0.6615776081424937,49.0,532.0,91.53781348391391,72.0,12.56302610347364,1.8681186425288552,0.3384223918575064,0.08396946564885496,0.17048346055979643,0.33078880407124683,nan,nan,nan,nan,nan,nan,nan,nan,nan,nan,nan,nan,nan,nan,1.5050994313345083,1.4447631611877458,4.628381567114443,0.6615776081424937,49.0,532.0,91.53781348391391,72.0,12.56302610347364,1.8681186425288552,0.3384223918575064,0.08396946564885496,0.17048346055979643,0.33078880407124683,0.32684269192172044,0.06456748581742856,0.028484219953732324,0.46160864937668805,0.1724314321687592,rh2,nominal,11,NoisyGNSS,ngps,generated_degraded_gnss,/home/pulver/projects/vineyard_pf/Outdoor_SLPF_icra_evidence/results/icra_submission/reruns/gnss_stress_full_v2/rh2/nominal/seed_11/degraded_noisy_gnss.tum,1c843a578334522d20059914a5a3de42008abe20475558d2ebd73a6960a41ab1,/home/pulver/projects/vineyard_pf/Outdoor_SLPF_icra_evidence/results/icra_submission/reruns/gnss_stress_full_v2/rh2/nominal/seed_11/affected_mask.npy,27f6be2e69469ae842fdb84e9c1ba909dcfdfcb20ebf5eb1b389eb8d91a2850f,1c843a578334522d20059914a5a3de42008abe20475558d2ebd73a6960a41ab1,3caebb5298055d6773cab3b9a37109e66a0160af5609f294899f8f50f28b88e1,1.0
/home/pulver/projects/vineyard_pf/Outdoor_SLPF_icra_evidence/results/icra_submission/reruns/gnss_stress_full_v2/rh2/nominal/seed_11/slpf/trajectory_0.5.tum,/home/pulver/projects/vineyard_pf/Outdoor_SLPF_icra_evidence/results/icra_submission/reruns/gnss_stress_full_v2/rh2/nominal/seed_11/slpf/gps_pose.tum,393,0,1.0,0.9709462312180684,0.8794383647240968,0.8328231547256852,2.3177458162602953,0.9020719222651233,0.8247660922702673,0.7751364761748394,2.2848178178335057,1.529361466660483,1.3618044443546096,4.197341681617432,0.6412213740458015,34.0,564.0,93.08406758212224,68.0,12.15505052030129,2.737766693591831,0.35877862595419846,0.03307888040712468,0.058524173027989825,0.1984732824427481,nan,nan,nan,nan,nan,nan,nan,nan,nan,nan,nan,nan,nan,nan,1.529361466660483,1.3618044443546096,4.197341681617432,0.6412213740458015,34.0,564.0,93.08406758212224,68.0,12.15505052030129,2.737766693591831,0.35877862595419846,0.03307888040712468,0.058524173027989825,0.1984732824427481,0.17711338394560683,0.031401962424450924,0.012717742702610613,0.16451147609285663,0.0632752367158765,rh2,nominal,11,SLPF,slpf,canonical_slpf_baseline,/home/pulver/projects/vineyard_pf/Outdoor_SLPF_icra_evidence/results/icra_submission/reruns/gnss_stress_full_v2/rh2/nominal/seed_11/degraded_noisy_gnss.tum,1c843a578334522d20059914a5a3de42008abe20475558d2ebd73a6960a41ab1,/home/pulver/projects/vineyard_pf/Outdoor_SLPF_icra_evidence/results/icra_submission/reruns/gnss_stress_full_v2/rh2/nominal/seed_11/affected_mask.npy,27f6be2e69469ae842fdb84e9c1ba909dcfdfcb20ebf5eb1b389eb8d91a2850f,d13d850893e38a8790b58062c194fef24f1ffccf1ad5ff4c8c82c5d77ca3bfcd,3caebb5298055d6773cab3b9a37109e66a0160af5609f294899f8f50f28b88e1,1.0
/home/pulver/projects/vineyard_pf/Outdoor_SLPF_icra_evidence/results/icra_submission/reruns/gnss_stress_full_v2/rh2/nominal/seed_11/amcl_ngps/trajectory_0.5.tum,/home/pulver/projects/vineyard_pf/Outdoor_SLPF_icra_evidence/results/icra_submission/reruns/gnss_stress_full_v2/rh2/nominal/seed_11/amcl_ngps/gps_pose.tum,411,0,1.0,2.9109928546710453,2.7403119982168946,3.1244688631360686,4.841529802651553,1.2885291795459537,1.0787869430888926,0.9426121189850805,5.688289102050238,1.3902466688791641,1.411897364499862,4.989252652603031,0.6131386861313869,29.0,173.33108234405518,106.78059946764412,34.79898118972778,21.638929287805365,3.6820896368153146,0.38686131386861317,0.11192214111922141,0.2725060827250608,0.44282238442822386,nan,nan,nan,nan,nan,nan,nan,nan,nan,nan,nan,nan,nan,nan,1.3902466688791641,1.411897364499862,4.989252652603031,0.6131386861313869,29.0,173.33108234405518,106.78059946764412,34.79898118972778,21.638929287805365,3.6820896368153146,0.38686131386861317,0.11192214111922141,0.2725060827250608,0.44282238442822386,0.6463777027244316,0.3563800598050445,0.6409706812146398,0.4835249119006822,0.8582634199536402,rh2,nominal,11,AMCL+NoisyGNSS,amcl_ngps,kalman_amcl_degraded_gnss,/home/pulver/projects/vineyard_pf/Outdoor_SLPF_icra_evidence/results/icra_submission/reruns/gnss_stress_full_v2/rh2/nominal/seed_11/degraded_noisy_gnss.tum,1c843a578334522d20059914a5a3de42008abe20475558d2ebd73a6960a41ab1,/home/pulver/projects/vineyard_pf/Outdoor_SLPF_icra_evidence/results/icra_submission/reruns/gnss_stress_full_v2/rh2/nominal/seed_11/affected_mask.npy,27f6be2e69469ae842fdb84e9c1ba909dcfdfcb20ebf5eb1b389eb8d91a2850f,b61efa92e95ef258dba19b0d64e646b0bc646c85528184c39f5911ed634c2331,e6b2e006035edc8bedefa8bfdbda5d0185874d1aa7795a850a559aa448eb9139,1.0
/home/pulver/projects/vineyard_pf/Outdoor_SLPF_icra_evidence/results/icra_submission/reruns/gnss_stress_full_v2/rh2/nominal/seed_11/rtab_rgb_ngps/trajectory_0.5.tum,/home/pulver/projects/vineyard_pf/Outdoor_SLPF_icra_evidence/results/icra_submission/reruns/gnss_stress_full_v2/rh2/nominal/seed_11/rtab_rgb_ngps/gps_pose.tum,387,0,1.0,28.608706718261793,24.309430949315676,24.523812028402755,56.40592859478498,3.9205597631587703,3.306321332435282,2.673692838393842,11.182726645460596,2.572892581698846,2.0090465417431336,9.101177056161566,0.4418604651162791,24.0,241.26849222183228,145.72407934942441,35.41806387901306,20.025950728098927,6.071836639559351,0.5581395348837209,0.06459948320413436,0.11886304909560723,0.2532299741602067,nan,nan,nan,nan,nan,nan,nan,nan,nan,nan,nan,nan,nan,nan,2.572892581698846,2.0090465417431336,9.101177056161566,0.4418604651162791,24.0,241.26849222183228,145.72407934942441,35.41806387901306,20.025950728098927,6.071836639559351,0.5581395348837209,0.06459948320413436,0.11886304909560723,0.2532299741602067,0.6011710175613426,0.20845696255948737,0.3310107118412183,0.46406395858683086,0.6488701184042949,rh2,nominal,11,RTAB RGB+NoisyGNSS,rtab_rgb_ngps,kalman_start_pose_anchored_rtab_degraded_gnss,/home/pulver/projects/vineyard_pf/Outdoor_SLPF_icra_evidence/results/icra_submission/reruns/gnss_stress_full_v2/rh2/nominal/seed_11/degraded_noisy_gnss.tum,1c843a578334522d20059914a5a3de42008abe20475558d2ebd73a6960a41ab1,/home/pulver/projects/vineyard_pf/Outdoor_SLPF_icra_evidence/results/icra_submission/reruns/gnss_stress_full_v2/rh2/nominal/seed_11/affected_mask.npy,27f6be2e69469ae842fdb84e9c1ba909dcfdfcb20ebf5eb1b389eb8d91a2850f,b92ba3952f59a33e60019541fe010f5543ab24a396f985461027636fc0dda506,8a6a2b946a52e3890889dfec5d60b021d3e3420615578072dfa7191726484a5a,1.0
/home/pulver/projects/vineyard_pf/Outdoor_SLPF_icra_evidence/results/icra_submission/reruns/gnss_stress_full_v2/rh2/nominal/seed_11/rtab_rgbd_ngps/trajectory_0.5.tum,/home/pulver/projects/vineyard_pf/Outdoor_SLPF_icra_evidence/results/icra_submission/reruns/gnss_stress_full_v2/rh2/nominal/seed_11/rtab_rgbd_ngps/gps_pose.tum,407,0,1.0,30.265691734776453,25.74903353937973,24.86367439388251,57.648783765926204,4.2020510962911946,3.5627650891504525,2.997044126309654,10.300714684471659,2.7926602218089793,2.1451770039247786,9.364053847702266,0.44226044226044225,22.0,251.9699113368988,151.8030770576405,41.253002643585205,23.966180840215884,6.900139866256387,0.5577395577395577,0.03194103194103194,0.09090909090909091,0.23095823095823095,nan,nan,nan,nan,nan,nan,nan,nan,nan,nan,nan,nan,nan,nan,2.7926602218089793,2.1451770039247786,9.364053847702266,0.44226044226044225,22.0,251.9699113368988,151.8030770576405,41.253002643585205,23.966180840215884,6.900139866256387,0.5577395577395577,0.03194103194103194,0.09090909090909091,0.23095823095823095,0.5967158504607111,0.2303617811345826,0.3405121296431416,0.5995460590140235,0.8099932692914137,rh2,nominal,11,RTAB RGBD+NoisyGNSS,rtab_rgbd_ngps,kalman_start_pose_anchored_rtab_degraded_gnss,/home/pulver/projects/vineyard_pf/Outdoor_SLPF_icra_evidence/results/icra_submission/reruns/gnss_stress_full_v2/rh2/nominal/seed_11/degraded_noisy_gnss.tum,1c843a578334522d20059914a5a3de42008abe20475558d2ebd73a6960a41ab1,/home/pulver/projects/vineyard_pf/Outdoor_SLPF_icra_evidence/results/icra_submission/reruns/gnss_stress_full_v2/rh2/nominal/seed_11/affected_mask.npy,27f6be2e69469ae842fdb84e9c1ba909dcfdfcb20ebf5eb1b389eb8d91a2850f,e45bf34df701465421c14db0ab0211c5c09e14f6abd8965307c9dab080f53726,9dd19a58e216a29bae2710f19ad078bddea902639cec39177b3080c46dc6ace9,1.0
/home/pulver/projects/vineyard_pf/Outdoor_SLPF_icra_evidence/results/icra_submission/reruns/gnss_stress_full_v2/rh2/nominal/seed_22/degraded_noisy_gnss.tum,/home/pulver/projects/vineyard_pf/Outdoor_SLPF_icra_evidence/results/iros_rh2/20260225_105822_multiseed_all_methods/slpf/seed_11/gps_pose.tum,393,0,1.0,1.2225450785209575,1.0927791291518882,1.0805824264007116,3.3276854846298534,1.1717806222047884,1.0466413991478147,0.9738816318572779,3.141859543774344,1.4749159344408729,1.3238778152286572,5.0121484365568705,0.727735368956743,53.0,428.0,68.27405327704125,28.0,5.1161238677409475,1.2881896844724763,0.272264631043257,0.089058524173028,0.1806615776081425,0.3791348600508906,nan,nan,nan,nan,nan,nan,nan,nan,nan,nan,nan,nan,nan,nan,1.4749159344408729,1.3238778152286572,5.0121484365568705,0.727735368956743,53.0,428.0,68.27405327704125,28.0,5.1161238677409475,1.2881896844724763,0.272264631043257,0.089058524173028,0.1806615776081425,0.3791348600508906,0.31748625295064103,0.06420642024279226,0.027263401151641296,0.48348246973725,0.18035791677700339,rh2,nominal,22,NoisyGNSS,ngps,generated_degraded_gnss,/home/pulver/projects/vineyard_pf/Outdoor_SLPF_icra_evidence/results/icra_submission/reruns/gnss_stress_full_v2/rh2/nominal/seed_22/degraded_noisy_gnss.tum,bd08b895f56d5754a2c909477c98c0b213be6db65a59f5dbfb40abaafe0685ed,/home/pulver/projects/vineyard_pf/Outdoor_SLPF_icra_evidence/results/icra_submission/reruns/gnss_stress_full_v2/rh2/nominal/seed_22/affected_mask.npy,27f6be2e69469ae842fdb84e9c1ba909dcfdfcb20ebf5eb1b389eb8d91a2850f,bd08b895f56d5754a2c909477c98c0b213be6db65a59f5dbfb40abaafe0685ed,3caebb5298055d6773cab3b9a37109e66a0160af5609f294899f8f50f28b88e1,1.0
/home/pulver/projects/vineyard_pf/Outdoor_SLPF_icra_evidence/results/icra_submission/reruns/gnss_stress_full_v2/rh2/nominal/seed_22/slpf/trajectory_0.5.tum,/home/pulver/projects/vineyard_pf/Outdoor_SLPF_icra_evidence/results/icra_submission/reruns/gnss_stress_full_v2/rh2/nominal/seed_22/slpf/gps_pose.tum,393,0,1.0,0.8909464753162598,0.7781695921561108,0.7387191896179924,2.552647658203729,0.8842815138488364,0.7661025452019361,0.6973328013412597,2.675641857855198,1.483334136715898,1.2676548362704316,4.049053267346753,0.6743002544529262,31.0,512.0,86.41985072032459,44.0,6.780187960703567,2.787737120010471,0.3256997455470738,0.03816793893129771,0.058524173027989825,0.21628498727735368,nan,nan,nan,nan,nan,nan,nan,nan,nan,nan,nan,nan,nan,nan,1.483334136715898,1.2676548362704316,4.049053267346753,0.6743002544529262,31.0,512.0,86.41985072032459,44.0,6.780187960703567,2.787737120010471,0.3256997455470738,0.03816793893129771,0.058524173027989825,0.21628498727735368,0.1727649737828482,0.029932065150644293,0.012553673271358045,0.15714149552519718,0.05508741169590987,rh2,nominal,22,SLPF,slpf,canonical_slpf_baseline,/home/pulver/projects/vineyard_pf/Outdoor_SLPF_icra_evidence/results/icra_submission/reruns/gnss_stress_full_v2/rh2/nominal/seed_22/degraded_noisy_gnss.tum,bd08b895f56d5754a2c909477c98c0b213be6db65a59f5dbfb40abaafe0685ed,/home/pulver/projects/vineyard_pf/Outdoor_SLPF_icra_evidence/results/icra_submission/reruns/gnss_stress_full_v2/rh2/nominal/seed_22/affected_mask.npy,27f6be2e69469ae842fdb84e9c1ba909dcfdfcb20ebf5eb1b389eb8d91a2850f,6b77117460543269fd04409a6be90dcbcf4098e7ec8c5985ebaff6280e5f5723,3caebb5298055d6773cab3b9a37109e66a0160af5609f294899f8f50f28b88e1,1.0
/home/pulver/projects/vineyard_pf/Outdoor_SLPF_icra_evidence/results/icra_submission/reruns/gnss_stress_full_v2/rh2/nominal/seed_22/amcl_ngps/trajectory_0.5.tum,/home/pulver/projects/vineyard_pf/Outdoor_SLPF_icra_evidence/results/icra_submission/reruns/gnss_stress_full_v2/rh2/nominal/seed_22/amcl_ngps/gps_pose.tum,412,0,1.0,1.6269393797175051,1.4442183041895995,1.6267172049713885,4.663171147049001,1.1387582568980028,0.9936243722257109,0.9245555062578534,5.330161735943287,1.3100493200281942,1.0779270191228796,4.272607659833476,0.6432038834951457,26.0,161.93151307106018,99.05787099138166,34.79974579811096,21.734166791593637,3.809918115053141,0.3567961165048544,0.09466019417475728,0.3131067961165049,0.49029126213592233,nan,nan,nan,nan,nan,nan,nan,nan,nan,nan,nan,nan,nan,nan,1.3100493200281942,1.0779270191228796,4.272607659833476,0.6432038834951457,26.0,161.93151307106018,99.05787099138166,34.79974579811096,21.734166791593637,3.809918115053141,0.3567961165048544,0.09466019417475728,0.3131067961165049,0.49029126213592233,0.6524108873959922,0.5144014869034297,1.6607523888731792,0.5882179077463464,1.5561029711596104,rh2,nominal,22,AMCL+NoisyGNSS,amcl_ngps,kalman_amcl_degraded_gnss,/home/pulver/projects/vineyard_pf/Outdoor_SLPF_icra_evidence/results/icra_submission/reruns/gnss_stress_full_v2/rh2/nominal/seed_22/degraded_noisy_gnss.tum,bd08b895f56d5754a2c909477c98c0b213be6db65a59f5dbfb40abaafe0685ed,/home/pulver/projects/vineyard_pf/Outdoor_SLPF_icra_evidence/results/icra_submission/reruns/gnss_stress_full_v2/rh2/nominal/seed_22/affected_mask.npy,27f6be2e69469ae842fdb84e9c1ba909dcfdfcb20ebf5eb1b389eb8d91a2850f,41edcf8950f783386d61f5d432296800a621dc80401d2216e3093fffaf115337,e6b2e006035edc8bedefa8bfdbda5d0185874d1aa7795a850a559aa448eb9139,1.0
/home/pulver/projects/vineyard_pf/Outdoor_SLPF_icra_evidence/results/icra_submission/reruns/gnss_stress_full_v2/rh2/nominal/seed_22/rtab_rgb_ngps/trajectory_0.5.tum,/home/pulver/projects/vineyard_pf/Outdoor_SLPF_icra_evidence/results/icra_submission/reruns/gnss_stress_full_v2/rh2/nominal/seed_22/rtab_rgb_ngps/gps_pose.tum,385,0,1.0,28.41453706517942,24.15164756969112,24.69327542524217,56.70845616578726,3.878810086319635,3.306307958936486,2.7699789234401853,11.717951347440563,2.5393722356667285,2.045089787838442,8.818461802836856,0.42857142857142855,22.0,245.46321964263916,148.77646665522363,42.12404489517212,24.50895264478623,6.762566666146529,0.5714285714285714,0.07272727272727272,0.11428571428571428,0.23376623376623376,nan,nan,nan,nan,nan,nan,nan,nan,nan,nan,nan,nan,nan,nan,2.5393722356667285,2.045089787838442,8.818461802836856,0.42857142857142855,22.0,245.46321964263916,148.77646665522363,42.12404489517212,24.50895264478623,6.762566666146529,0.5714285714285714,0.07272727272727272,0.11428571428571428,0.23376623376623376,0.5990102220694822,0.20715635068543342,0.33345739058008717,0.4495076457645533,0.5992173088651429,rh2,nominal,22,RTAB RGB+NoisyGNSS,rtab_rgb_ngps,kalman_start_pose_anchored_rtab_degraded_gnss,/home/pulver/projects/vineyard_pf/Outdoor_SLPF_icra_evidence/results/icra_submission/reruns/gnss_stress_full_v2/rh2/nominal/seed_22/degraded_noisy_gnss.tum,bd08b895f56d5754a2c909477c98c0b213be6db65a59f5dbfb40abaafe0685ed,/home/pulver/projects/vineyard_pf/Outdoor_SLPF_icra_evidence/results/icra_submission/reruns/gnss_stress_full_v2/rh2/nominal/seed_22/affected_mask.npy,27f6be2e69469ae842fdb84e9c1ba909dcfdfcb20ebf5eb1b389eb8d91a2850f,ad27b704001bce3b6cfe73eb873a67f0fe473db02b42bbf7c6d5729b23918189,1503defd1b14b4241d0f9530c6bd1d2bdde58d08365d9ab5828727c900993062,1.0
/home/pulver/projects/vineyard_pf/Outdoor_SLPF_icra_evidence/results/icra_submission/reruns/gnss_stress_full_v2/rh2/nominal/seed_22/rtab_rgbd_ngps/trajectory_0.5.tum,/home/pulver/projects/vineyard_pf/Outdoor_SLPF_icra_evidence/results/icra_submission/reruns/gnss_stress_full_v2/rh2/nominal/seed_22/rtab_rgbd_ngps/gps_pose.tum,407,0,1.0,66.96531939807424,65.86546465823236,64.95497709259082,87.2504238424168,6.564225574454105,5.274962003161428,4.660771238805833,58.44567993108456,3.4387339466928717,2.640247936501874,45.01467400733119,0.48402948402948404,23.0,233.59799146652222,145.62605309963334,34.60485792160034,22.47696730123196,6.331567526071015,0.515970515970516,0.0343980343980344,0.07616707616707617,0.16953316953316952,nan,nan,nan,nan,nan,nan,nan,nan,nan,nan,nan,nan,nan,nan,3.4387339466928717,2.640247936501874,45.01467400733119,0.48402948402948404,23.0,233.59799146652222,145.62605309963334,34.60485792160034,22.47696730123196,6.331567526071015,0.515970515970516,0.0343980343980344,0.07616707616707617,0.16953316953316952,0.668354777476612,2.215590888660743,1.8044181592747188,0.6823285981512552,0.9210574268447251,rh2,nominal,22,RTAB RGBD+NoisyGNSS,rtab_rgbd_ngps,kalman_start_pose_anchored_rtab_degraded_gnss,/home/pulver/projects/vineyard_pf/Outdoor_SLPF_icra_evidence/results/icra_submission/reruns/gnss_stress_full_v2/rh2/nominal/seed_22/degraded_noisy_gnss.tum,bd08b895f56d5754a2c909477c98c0b213be6db65a59f5dbfb40abaafe0685ed,/home/pulver/projects/vineyard_pf/Outdoor_SLPF_icra_evidence/results/icra_submission/reruns/gnss_stress_full_v2/rh2/nominal/seed_22/affected_mask.npy,27f6be2e69469ae842fdb84e9c1ba909dcfdfcb20ebf5eb1b389eb8d91a2850f,305fa2c1ff213a0fae31f958aeaf0ac3406b326413088184d9ffc915f152e8a1,ef7efe153ecc64b7281b500861a946672253ec165579b3656df3a4731e079932,1.0
/home/pulver/projects/vineyard_pf/Outdoor_SLPF_icra_evidence/results/icra_submission/reruns/gnss_stress_full_v2/rh2/nominal/seed_33/degraded_noisy_gnss.tum,/home/pulver/projects/vineyard_pf/Outdoor_SLPF_icra_evidence/results/iros_rh2/20260225_105822_multiseed_all_methods/slpf/seed_11/gps_pose.tum,393,0,1.0,1.42920698666055,1.1000970328622202,0.9875291686465302,12.396422272518528,1.4050880459614825,1.0776222165633826,0.9841363287109739,12.407351278123997,1.417890092242373,1.283047407478737,11.230877975551861,0.7302798982188295,55.0,424.0,65.04461391674613,20.0,4.240743705718575,1.1826293439408386,0.2697201017811705,0.10178117048346055,0.178117048346056,0.3893129770992366,nan,nan,nan,nan,nan,nan,nan,nan,nan,nan,nan,nan,nan,nan,1.417890092242373,1.283047407478737,11.230877975551861,0.7302798982188295,55.0,424.0,65.04461391674613,20.0,4.240743705718575,1.1826293439408386,0.2697201017811705,0.10178117048346055,0.178117048346056,0.3893129770992366,0.35794963402632435,0.08525197724868036,0.03408961503958406,0.4805846191378368,0.17907892493672473,rh2,nominal,33,NoisyGNSS,ngps,generated_degraded_gnss,/home/pulver/projects/vineyard_pf/Outdoor_SLPF_icra_evidence/results/icra_submission/reruns/gnss_stress_full_v2/rh2/nominal/seed_33/degraded_noisy_gnss.tum,7ef69202ce53524fe354b1d8133375226d46b9e0f5fa390f6a64b565d0959789,/home/pulver/projects/vineyard_pf/Outdoor_SLPF_icra_evidence/results/icra_submission/reruns/gnss_stress_full_v2/rh2/nominal/seed_33/affected_mask.npy,27f6be2e69469ae842fdb84e9c1ba909dcfdfcb20ebf5eb1b389eb8d91a2850f,7ef69202ce53524fe354b1d8133375226d46b9e0f5fa390f6a64b565d0959789,3caebb5298055d6773cab3b9a37109e66a0160af5609f294899f8f50f28b88e1,1.0
/home/pulver/projects/vineyard_pf/Outdoor_SLPF_icra_evidence/results/icra_submission/reruns/gnss_stress_full_v2/rh2/nominal/seed_33/slpf/trajectory_0.5.tum,/home/pulver/projects/vineyard_pf/Outdoor_SLPF_icra_evidence/results/icra_submission/reruns/gnss_stress_full_v2/rh2/nominal/seed_33/slpf/gps_pose.tum,393,0,1.0,1.0906714156780555,0.9819613864005776,0.9451672157291536,2.3909132838986826,0.9459780980982275,0.8542547640927393,0.7863567880991134,2.7497655917010455,1.4070710915528009,1.2374647124605318,4.229803853826207,0.7073791348600509,26.0,460.0,74.96926436248282,60.0,11.750518230091972,2.8834332447108775,0.2926208651399491,0.04834605597964377,0.10941475826972011,0.3842239185750636,nan,nan,nan,nan,nan,nan,nan,nan,nan,nan,nan,nan,nan,nan,1.4070710915528009,1.2374647124605318,4.229803853826207,0.7073791348600509,26.0,460.0,74.96926436248282,60.0,11.750518230091972,2.8834332447108775,0.2926208651399491,0.04834605597964377,0.10941475826972011,0.3842239185750636,0.17678415148211712,0.030987631869449996,0.012752561293701246,0.146586893609547,0.05254522733211521,rh2,nominal,33,SLPF,slpf,canonical_slpf_baseline,/home/pulver/projects/vineyard_pf/Outdoor_SLPF_icra_evidence/results/icra_submission/reruns/gnss_stress_full_v2/rh2/nominal/seed_33/degraded_noisy_gnss.tum,7ef69202ce53524fe354b1d8133375226d46b9e0f5fa390f6a64b565d0959789,/home/pulver/projects/vineyard_pf/Outdoor_SLPF_icra_evidence/results/icra_submission/reruns/gnss_stress_full_v2/rh2/nominal/seed_33/affected_mask.npy,27f6be2e69469ae842fdb84e9c1ba909dcfdfcb20ebf5eb1b389eb8d91a2850f,8f3f120310fc010c8fef0b9851dbe3e82bae59686f8ebd990fc4365fc5e75fb2,3caebb5298055d6773cab3b9a37109e66a0160af5609f294899f8f50f28b88e1,1.0
/home/pulver/projects/vineyard_pf/Outdoor_SLPF_icra_evidence/results/icra_submission/reruns/gnss_stress_full_v2/rh2/nominal/seed_33/amcl_ngps/trajectory_0.5.tum,/home/pulver/projects/vineyard_pf/Outdoor_SLPF_icra_evidence/results/icra_submission/reruns/gnss_stress_full_v2/rh2/nominal/seed_33/amcl_ngps/gps_pose.tum,413,0,1.0,3.0148301263353092,2.816980487580204,3.078334028885782,11.756109873628168,1.5116373206858242,1.1940078890427366,0.9764173833436931,10.841096929520212,1.4056143525733351,1.3159642811368064,5.824871915323174,0.6174334140435835,29.0,172.00122737884521,106.51235828825624,34.79974579811096,21.734166791593637,3.672839940974353,0.38256658595641646,0.1089588377723971,0.2397094430992736,0.43099273607748184,nan,nan,nan,nan,nan,nan,nan,nan,nan,nan,nan,nan,nan,nan,1.4056143525733351,1.3159642811368064,5.824871915323174,0.6174334140435835,29.0,172.00122737884521,106.51235828825624,34.79974579811096,21.734166791593637,3.672839940974353,0.38256658595641646,0.1089588377723971,0.2397094430992736,0.43099273607748184,0.7232771228695237,0.8010628073379339,1.2411055816609406,0.6217603393052015,1.0574815855999933,rh2,nominal,33,AMCL+NoisyGNSS,amcl_ngps,kalman_amcl_degraded_gnss,/home/pulver/projects/vineyard_pf/Outdoor_SLPF_icra_evidence/results/icra_submission/reruns/gnss_stress_full_v2/rh2/nominal/seed_33/degraded_noisy_gnss.tum,7ef69202ce53524fe354b1d8133375226d46b9e0f5fa390f6a64b565d0959789,/home/pulver/projects/vineyard_pf/Outdoor_SLPF_icra_evidence/results/icra_submission/reruns/gnss_stress_full_v2/rh2/nominal/seed_33/affected_mask.npy,27f6be2e69469ae842fdb84e9c1ba909dcfdfcb20ebf5eb1b389eb8d91a2850f,ef3022d250a8cff9343076e1bd1792a15cc057ecd22a648db7b1709271c01025,e6b2e006035edc8bedefa8bfdbda5d0185874d1aa7795a850a559aa448eb9139,1.0
/home/pulver/projects/vineyard_pf/Outdoor_SLPF_icra_evidence/results/icra_submission/reruns/gnss_stress_full_v2/rh2/nominal/seed_33/rtab_rgb_ngps/trajectory_0.5.tum,/home/pulver/projects/vineyard_pf/Outdoor_SLPF_icra_evidence/results/icra_submission/reruns/gnss_stress_full_v2/rh2/nominal/seed_33/rtab_rgb_ngps/gps_pose.tum,402,0,1.0,29.955506019806727,25.394087553176536,24.831978101845593,56.63340724670878,4.319966342690774,3.6491080936960127,2.9835277086426233,10.314195952115279,2.824366099613093,2.186249557316959,9.677249576750143,0.4577114427860697,25.0,243.90401244163513,147.4194805107052,40.86114454269409,23.63334302138007,5.896779220428208,0.5422885572139303,0.04975124378109453,0.10199004975124377,0.23134328358208955,nan,nan,nan,nan,nan,nan,nan,nan,nan,nan,nan,nan,nan,nan,2.824366099613093,2.186249557316959,9.677249576750143,0.4577114427860697,25.0,243.90401244163513,147.4194805107052,40.86114454269409,23.63334302138007,5.896779220428208,0.5422885572139303,0.04975124378109453,0.10199004975124377,0.23134328358208955,0.583093431590488,0.1893096236804349,0.30365780676167087,0.5573696102202241,0.7725668334882433,rh2,nominal,33,RTAB RGB+NoisyGNSS,rtab_rgb_ngps,kalman_start_pose_anchored_rtab_degraded_gnss,/home/pulver/projects/vineyard_pf/Outdoor_SLPF_icra_evidence/results/icra_submission/reruns/gnss_stress_full_v2/rh2/nominal/seed_33/degraded_noisy_gnss.tum,7ef69202ce53524fe354b1d8133375226d46b9e0f5fa390f6a64b565d0959789,/home/pulver/projects/vineyard_pf/Outdoor_SLPF_icra_evidence/results/icra_submission/reruns/gnss_stress_full_v2/rh2/nominal/seed_33/affected_mask.npy,27f6be2e69469ae842fdb84e9c1ba909dcfdfcb20ebf5eb1b389eb8d91a2850f,9fb51630e54c020dac169398db879c3aaba474c4ce14d2055571aaff21472b76,e262af8871f842305c0fd107e6ca0f1158382e99dc36246cac560609f82381f9,1.0
/home/pulver/projects/vineyard_pf/Outdoor_SLPF_icra_evidence/results/icra_submission/reruns/gnss_stress_full_v2/rh2/nominal/seed_33/rtab_rgbd_ngps/trajectory_0.5.tum,/home/pulver/projects/vineyard_pf/Outdoor_SLPF_icra_evidence/results/icra_submission/reruns/gnss_stress_full_v2/rh2/nominal/seed_33/rtab_rgbd_ngps/gps_pose.tum,405,0,1.0,29.848265757255902,25.316123886554205,24.915674979022892,56.5574829156996,4.310237447574674,3.6368720961121093,2.9284373766254346,10.501966003209956,2.8344404706522983,2.1469354753858148,9.536050975997863,0.4419753086419753,24.0,249.52442169189453,150.93015336352397,42.290854930877686,24.606326811796443,6.288756390146832,0.5580246913580247,0.03950617283950617,0.10617283950617284,0.23209876543209876,nan,nan,nan,nan,nan,nan,nan,nan,nan,nan,nan,nan,nan,nan,2.8344404706522983,2.1469354753858148,9.536050975997863,0.4419753086419753,24.0,249.52442169189453,150.93015336352397,42.290854930877686,24.606326811796443,6.288756390146832,0.5580246913580247,0.03950617283950617,0.10617283950617284,0.23209876543209876,0.5919741051028024,0.2399882616307462,0.3815389700143383,0.6159706355129837,0.8161954672371348,rh2,nominal,33,RTAB RGBD+NoisyGNSS,rtab_rgbd_ngps,kalman_start_pose_anchored_rtab_degraded_gnss,/home/pulver/projects/vineyard_pf/Outdoor_SLPF_icra_evidence/results/icra_submission/reruns/gnss_stress_full_v2/rh2/nominal/seed_33/degraded_noisy_gnss.tum,7ef69202ce53524fe354b1d8133375226d46b9e0f5fa390f6a64b565d0959789,/home/pulver/projects/vineyard_pf/Outdoor_SLPF_icra_evidence/results/icra_submission/reruns/gnss_stress_full_v2/rh2/nominal/seed_33/affected_mask.npy,27f6be2e69469ae842fdb84e9c1ba909dcfdfcb20ebf5eb1b389eb8d91a2850f,cdbf2b8fa6a2562c5bcc07d5daa5ebbb20003c822eee36fdb92bb68bf7ccdbed,82e315d25bd7538831ee22871141460c6977bff5c15072b21c5496eb92f88882,1.0
/home/pulver/projects/vineyard_pf/Outdoor_SLPF_icra_evidence/results/icra_submission/reruns/gnss_stress_full_v2/rh2/gaussian_high/seed_11/degraded_noisy_gnss.tum,/home/pulver/projects/vineyard_pf/Outdoor_SLPF_icra_evidence/results/iros_rh2/20260225_105822_multiseed_all_methods/slpf/seed_11/gps_pose.tum,393,0,1.0,3.3397368761133457,2.953721955841113,2.7283972949548843,8.447045096972388,3.3360428874371264,2.9431897654431016,2.6920776732360814,8.33272000115473,2.5004142706427466,2.2670339240356157,9.428655032239735,0.46564885496183206,81.0,840.0,143.3767430171583,52.0,7.730893001317106,1.770083247125411,0.5343511450381679,0.05597964376590331,0.11450381679389313,0.2010178117048346,nan,nan,nan,nan,nan,nan,nan,nan,nan,nan,nan,nan,nan,nan,2.5004142706427466,2.2670339240356157,9.428655032239735,0.46564885496183206,81.0,840.0,143.3767430171583,52.0,7.730893001317106,1.770083247125411,0.5343511450381679,0.05597964376590331,0.11450381679389313,0.2010178117048346,0.9059854439274729,0.16060678863294056,0.06794623526379502,0.5425114592438152,0.19114957031888447,rh2,gaussian_high,11,NoisyGNSS,ngps,generated_degraded_gnss,/home/pulver/projects/vineyard_pf/Outdoor_SLPF_icra_evidence/results/icra_submission/reruns/gnss_stress_full_v2/rh2/gaussian_high/seed_11/degraded_noisy_gnss.tum,5080ec680f171d3db99fe5999eb6b94d6c99e2a3a6c28d5774bd615b5063679f,/home/pulver/projects/vineyard_pf/Outdoor_SLPF_icra_evidence/results/icra_submission/reruns/gnss_stress_full_v2/rh2/gaussian_high/seed_11/affected_mask.npy,27f6be2e69469ae842fdb84e9c1ba909dcfdfcb20ebf5eb1b389eb8d91a2850f,5080ec680f171d3db99fe5999eb6b94d6c99e2a3a6c28d5774bd615b5063679f,3caebb5298055d6773cab3b9a37109e66a0160af5609f294899f8f50f28b88e1,1.0
/home/pulver/projects/vineyard_pf/Outdoor_SLPF_icra_evidence/results/icra_submission/reruns/gnss_stress_full_v2/rh2/gaussian_high/seed_11/slpf/trajectory_0.5.tum,/home/pulver/projects/vineyard_pf/Outdoor_SLPF_icra_evidence/results/icra_submission/reruns/gnss_stress_full_v2/rh2/gaussian_high/seed_11/slpf/gps_pose.tum,393,0,1.0,1.7954893704565411,1.5580946068234653,1.3432217290316337,4.977344048622478,1.746617424786154,1.5177145957104081,1.3980249513229177,4.45588132585885,1.7334945206075534,1.5058886680260075,4.564494168054949,0.5470737913486005,29.0,712.0,126.40774067322779,80.0,14.125905230220742,4.358887609421648,0.4529262086513995,0.04580152671755725,0.08396946564885496,0.27989821882951654,nan,nan,nan,nan,nan,nan,nan,nan,nan,nan,nan,nan,nan,nan,1.7334945206075534,1.5058886680260075,4.564494168054949,0.5470737913486005,29.0,712.0,126.40774067322779,80.0,14.125905230220742,4.358887609421648,0.4529262086513995,0.04580152671755725,0.08396946564885496,0.27989821882951654,0.17962148014511953,0.030654563817606856,0.012718584189687967,0.14430200110632257,0.05466150627803851,rh2,gaussian_high,11,SLPF,slpf,live_external_degraded_gnss,/home/pulver/projects/vineyard_pf/Outdoor_SLPF_icra_evidence/results/icra_submission/reruns/gnss_stress_full_v2/rh2/gaussian_high/seed_11/degraded_noisy_gnss.tum,5080ec680f171d3db99fe5999eb6b94d6c99e2a3a6c28d5774bd615b5063679f,/home/pulver/projects/vineyard_pf/Outdoor_SLPF_icra_evidence/results/icra_submission/reruns/gnss_stress_full_v2/rh2/gaussian_high/seed_11/affected_mask.npy,27f6be2e69469ae842fdb84e9c1ba909dcfdfcb20ebf5eb1b389eb8d91a2850f,1946e3098b3bfd544abd1062ba3256ce26ea054e8f439853bd72fcae7f40844c,3caebb5298055d6773cab3b9a37109e66a0160af5609f294899f8f50f28b88e1,1.0
/home/pulver/projects/vineyard_pf/Outdoor_SLPF_icra_evidence/results/icra_submission/reruns/gnss_stress_full_v2/rh2/gaussian_high/seed_11/amcl_ngps/trajectory_0.5.tum,/home/pulver/projects/vineyard_pf/Outdoor_SLPF_icra_evidence/results/icra_submission/reruns/gnss_stress_full_v2/rh2/gaussian_high/seed_11/amcl_ngps/gps_pose.tum,411,0,1.0,2.9673631756149876,2.796549984893111,2.8743808615562294,5.143915811343758,1.38160562462309,1.1660120267282146,1.0299753301366366,5.352574601870816,1.4568371868164849,1.3468179597305165,5.102772822195711,0.6155717761557178,43.0,169.1966826915741,104.62693021977556,26.399842977523804,16.497079948114994,2.4331844237157108,0.3844282238442822,0.11435523114355231,0.21654501216545013,0.40632603406326034,nan,nan,nan,nan,nan,nan,nan,nan,nan,nan,nan,nan,nan,nan,1.4568371868164849,1.3468179597305165,5.102772822195711,0.6155717761557178,43.0,169.1966826915741,104.62693021977556,26.399842977523804,16.497079948114994,2.4331844237157108,0.3844282238442822,0.11435523114355231,0.21654501216545013,0.40632603406326034,0.8408654447594747,0.7031179154703007,1.325067736843824,1.5279698623213807,2.461996124718462,rh2,gaussian_high,11,AMCL+NoisyGNSS,amcl_ngps,kalman_amcl_degraded_gnss,/home/pulver/projects/vineyard_pf/Outdoor_SLPF_icra_evidence/results/icra_submission/reruns/gnss_stress_full_v2/rh2/gaussian_high/seed_11/degraded_noisy_gnss.tum,5080ec680f171d3db99fe5999eb6b94d6c99e2a3a6c28d5774bd615b5063679f,/home/pulver/projects/vineyard_pf/Outdoor_SLPF_icra_evidence/results/icra_submission/reruns/gnss_stress_full_v2/rh2/gaussian_high/seed_11/affected_mask.npy,27f6be2e69469ae842fdb84e9c1ba909dcfdfcb20ebf5eb1b389eb8d91a2850f,1df4a88e47a7ea42d792d1c2fadbfc3f3dda86bf5b785f42291d6a4bba723696,e6b2e006035edc8bedefa8bfdbda5d0185874d1aa7795a850a559aa448eb9139,1.0
/home/pulver/projects/vineyard_pf/Outdoor_SLPF_icra_evidence/results/icra_submission/reruns/gnss_stress_full_v2/rh2/gaussian_high/seed_11/rtab_rgb_ngps/trajectory_0.5.tum,/home/pulver/projects/vineyard_pf/Outdoor_SLPF_icra_evidence/results/icra_submission/reruns/gnss_stress_full_v2/rh2/gaussian_high/seed_11/rtab_rgb_ngps/gps_pose.tum,387,0,1.0,28.598853488680994,24.339302360676474,24.383503626232564,56.72310081481165,4.002088765402484,3.3806692622008856,2.827751825132897,11.514505268645866,2.641249090603216,2.0360600719804443,8.97728001942034,0.45478036175710596,30.0,236.66179132461548,142.80227579659143,32.292959451675415,18.94896873512417,4.760075859886381,0.5452196382428941,0.06976744186046512,0.11886304909560723,0.2454780361757106,nan,nan,nan,nan,nan,nan,nan,nan,nan,nan,nan,nan,nan,nan,2.641249090603216,2.0360600719804443,8.97728001942034,0.45478036175710596,30.0,236.66179132461548,142.80227579659143,32.292959451675415,18.94896873512417,4.760075859886381,0.5452196382428941,0.06976744186046512,0.11886304909560723,0.2454780361757106,0.7903421148564481,0.5407073159155105,0.8700096890468191,1.2739318374257207,1.9175255767689126,rh2,gaussian_high,11,RTAB RGB+NoisyGNSS,rtab_rgb_ngps,kalman_start_pose_anchored_rtab_degraded_gnss,/home/pulver/projects/vineyard_pf/Outdoor_SLPF_icra_evidence/results/icra_submission/reruns/gnss_stress_full_v2/rh2/gaussian_high/seed_11/degraded_noisy_gnss.tum,5080ec680f171d3db99fe5999eb6b94d6c99e2a3a6c28d5774bd615b5063679f,/home/pulver/projects/vineyard_pf/Outdoor_SLPF_icra_evidence/results/icra_submission/reruns/gnss_stress_full_v2/rh2/gaussian_high/seed_11/affected_mask.npy,27f6be2e69469ae842fdb84e9c1ba909dcfdfcb20ebf5eb1b389eb8d91a2850f,81842e9aae97dc065b02c0213f0809108426a02babaf464507235932b84cd6f5,8a6a2b946a52e3890889dfec5d60b021d3e3420615578072dfa7191726484a5a,1.0
/home/pulver/projects/vineyard_pf/Outdoor_SLPF_icra_evidence/results/icra_submission/reruns/gnss_stress_full_v2/rh2/gaussian_high/seed_11/rtab_rgbd_ngps/trajectory_0.5.tum,/home/pulver/projects/vineyard_pf/Outdoor_SLPF_icra_evidence/results/icra_submission/reruns/gnss_stress_full_v2/rh2/gaussian_high/seed_11/rtab_rgbd_ngps/gps_pose.tum,407,0,1.0,30.31227435800748,25.80642213820723,25.01043529392494,58.14193941598606,4.231224330340402,3.596789372009213,3.0293978859969135,11.112659730407334,2.819359086304478,2.2073359618442745,9.164813033709734,0.44226044226044225,28.0,252.5641484260559,151.90246194165786,36.98028564453125,20.988405770423146,5.425087926487781,0.5577395577395577,0.044226044226044224,0.09336609336609336,0.20638820638820637,nan,nan,nan,nan,nan,nan,nan,nan,nan,nan,nan,nan,nan,nan,2.819359086304478,2.2073359618442745,9.164813033709734,0.44226044226044225,28.0,252.5641484260559,151.90246194165786,36.98028564453125,20.988405770423146,5.425087926487781,0.5577395577395577,0.044226044226044224,0.09336609336609336,0.20638820638820637,0.8052467559070942,0.5528588422311091,0.8760319038162394,1.3266727857568905,1.915268255231311,rh2,gaussian_high,11,RTAB RGBD+NoisyGNSS,rtab_rgbd_ngps,kalman_start_pose_anchored_rtab_degraded_gnss,/home/pulver/projects/vineyard_pf/Outdoor_SLPF_icra_evidence/results/icra_submission/reruns/gnss_stress_full_v2/rh2/gaussian_high/seed_11/degraded_noisy_gnss.tum,5080ec680f171d3db99fe5999eb6b94d6c99e2a3a6c28d5774bd615b5063679f,/home/pulver/projects/vineyard_pf/Outdoor_SLPF_icra_evidence/results/icra_submission/reruns/gnss_stress_full_v2/rh2/gaussian_high/seed_11/affected_mask.npy,27f6be2e69469ae842fdb84e9c1ba909dcfdfcb20ebf5eb1b389eb8d91a2850f,31c06952a3e9d966108c0fae4e54212e04a4376e5213ac877da8accd45a003cd,9dd19a58e216a29bae2710f19ad078bddea902639cec39177b3080c46dc6ace9,1.0
/home/pulver/projects/vineyard_pf/Outdoor_SLPF_icra_evidence/results/icra_submission/reruns/gnss_stress_full_v2/rh2/gaussian_high/seed_22/degraded_noisy_gnss.tum,/home/pulver/projects/vineyard_pf/Outdoor_SLPF_icra_evidence/results/iros_rh2/20260225_105822_multiseed_all_methods/slpf/seed_11/gps_pose.tum,393,0,1.0,3.158879742464931,2.812747690182545,2.654704481901307,8.053346065658241,3.107683420264886,2.765318903761544,2.6149321135657564,7.800293400426679,2.36801666653046,2.117764681881835,7.676670533801044,0.5368956743002544,78.0,728.0,127.91661283371214,48.0,7.495840810976279,1.6399565747911813,0.4631043256997455,0.0737913486005089,0.13994910941475827,0.25699745547073793,nan,nan,nan,nan,nan,nan,nan,nan,nan,nan,nan,nan,nan,nan,2.36801666653046,2.117764681881835,7.676670533801044,0.5368956743002544,78.0,728.0,127.91661283371214,48.0,7.495840810976279,1.6399565747911813,0.4631043256997455,0.0737913486005089,0.13994910941475827,0.25699745547073793,0.8936813068094592,0.15541123889746875,0.06421798208866668,0.5551293012173621,0.18741271657942127,rh2,gaussian_high,22,NoisyGNSS,ngps,generated_degraded_gnss,/home/pulver/projects/vineyard_pf/Outdoor_SLPF_icra_evidence/results/icra_submission/reruns/gnss_stress_full_v2/rh2/gaussian_high/seed_22/degraded_noisy_gnss.tum,47d83ea61985d148586ac4abba2dff29e8f18ccd811225042a425cfd28bcfd94,/home/pulver/projects/vineyard_pf/Outdoor_SLPF_icra_evidence/results/icra_submission/reruns/gnss_stress_full_v2/rh2/gaussian_high/seed_22/affected_mask.npy,27f6be2e69469ae842fdb84e9c1ba909dcfdfcb20ebf5eb1b389eb8d91a2850f,47d83ea61985d148586ac4abba2dff29e8f18ccd811225042a425cfd28bcfd94,3caebb5298055d6773cab3b9a37109e66a0160af5609f294899f8f50f28b88e1,1.0
/home/pulver/projects/vineyard_pf/Outdoor_SLPF_icra_evidence/results/icra_submission/reruns/gnss_stress_full_v2/rh2/gaussian_high/seed_22/slpf/trajectory_0.5.tum,/home/pulver/projects/vineyard_pf/Outdoor_SLPF_icra_evidence/results/icra_submission/reruns/gnss_stress_full_v2/rh2/gaussian_high/seed_22/slpf/gps_pose.tum,393,0,1.0,1.2863807779898557,1.1325771789887031,1.0607898622296386,5.526997511356156,1.1682582219266446,0.9675500414762944,0.832066667601296,5.844595766095531,1.4927132969844605,1.283739022746828,4.084156201138541,0.6844783715012722,29.0,496.0,89.33446091890058,64.0,11.863385745792211,3.0804986523758817,0.3155216284987277,0.058524173027989825,0.10941475826972011,0.33078880407124683,nan,nan,nan,nan,nan,nan,nan,nan,nan,nan,nan,nan,nan,nan,1.4927132969844605,1.283739022746828,4.084156201138541,0.6844783715012722,29.0,496.0,89.33446091890058,64.0,11.863385745792211,3.0804986523758817,0.3155216284987277,0.058524173027989825,0.10941475826972011,0.33078880407124683,0.17747120457567978,0.030182890152499,0.012584218430135212,0.14420355034099822,0.053284215787094524,rh2,gaussian_high,22,SLPF,slpf,live_external_degraded_gnss,/home/pulver/projects/vineyard_pf/Outdoor_SLPF_icra_evidence/results/icra_submission/reruns/gnss_stress_full_v2/rh2/gaussian_high/seed_22/degraded_noisy_gnss.tum,47d83ea61985d148586ac4abba2dff29e8f18ccd811225042a425cfd28bcfd94,/home/pulver/projects/vineyard_pf/Outdoor_SLPF_icra_evidence/results/icra_submission/reruns/gnss_stress_full_v2/rh2/gaussian_high/seed_22/affected_mask.npy,27f6be2e69469ae842fdb84e9c1ba909dcfdfcb20ebf5eb1b389eb8d91a2850f,deef19b5d44a047adeb96edc6bdec48bb373f1f525667ac1fd3a6cd2fba961ad,3caebb5298055d6773cab3b9a37109e66a0160af5609f294899f8f50f28b88e1,1.0
/home/pulver/projects/vineyard_pf/Outdoor_SLPF_icra_evidence/results/icra_submission/reruns/gnss_stress_full_v2/rh2/gaussian_high/seed_22/amcl_ngps/trajectory_0.5.tum,/home/pulver/projects/vineyard_pf/Outdoor_SLPF_icra_evidence/results/icra_submission/reruns/gnss_stress_full_v2/rh2/gaussian_high/seed_22/amcl_ngps/gps_pose.tum,412,0,1.0,1.7886204938379824,1.6032221172640637,1.6014112558886384,4.998823751986995,1.2946231736551532,1.1138759781945682,1.0234433958698999,5.723302816661586,1.3950546916481275,1.1895096776550793,4.3364842175981755,0.6432038834951457,33.0,160.46965384483337,97.92856225300898,23.066691875457764,14.347017964916287,2.9675321894851203,0.3567961165048544,0.09466019417475728,0.220873786407767,0.4368932038834951,nan,nan,nan,nan,nan,nan,nan,nan,nan,nan,nan,nan,nan,nan,1.3950546916481275,1.1895096776550793,4.3364842175981755,0.6432038834951457,33.0,160.46965384483337,97.92856225300898,23.066691875457764,14.347017964916287,2.9675321894851203,0.3567961165048544,0.09466019417475728,0.220873786407767,0.4368932038834951,0.8510036688723083,0.8355013782115762,1.9912617517421838,1.4812540302899333,2.6813118495173467,rh2,gaussian_high,22,AMCL+NoisyGNSS,amcl_ngps,kalman_amcl_degraded_gnss,/home/pulver/projects/vineyard_pf/Outdoor_SLPF_icra_evidence/results/icra_submission/reruns/gnss_stress_full_v2/rh2/gaussian_high/seed_22/degraded_noisy_gnss.tum,47d83ea61985d148586ac4abba2dff29e8f18ccd811225042a425cfd28bcfd94,/home/pulver/projects/vineyard_pf/Outdoor_SLPF_icra_evidence/results/icra_submission/reruns/gnss_stress_full_v2/rh2/gaussian_high/seed_22/affected_mask.npy,27f6be2e69469ae842fdb84e9c1ba909dcfdfcb20ebf5eb1b389eb8d91a2850f,f789fdf4e93bdb67cfa20df8befa9836fbe0934b5e4d1f4c9209114b86e7cfbb,e6b2e006035edc8bedefa8bfdbda5d0185874d1aa7795a850a559aa448eb9139,1.0
/home/pulver/projects/vineyard_pf/Outdoor_SLPF_icra_evidence/results/icra_submission/reruns/gnss_stress_full_v2/rh2/gaussian_high/seed_22/rtab_rgb_ngps/trajectory_0.5.tum,/home/pulver/projects/vineyard_pf/Outdoor_SLPF_icra_evidence/results/icra_submission/reruns/gnss_stress_full_v2/rh2/gaussian_high/seed_22/rtab_rgb_ngps/gps_pose.tum,385,0,1.0,28.54635335762198,24.29278165016783,24.67716573520604,57.16736758025729,3.9514306724424375,3.3694987027496337,2.834489520468135,12.268765634907437,2.5866400523206443,2.0397589951119475,8.66132476467537,0.4051948051948052,28.0,256.1646454334259,156.1349795002722,40.95455813407898,25.892802158789692,5.5762492678668645,0.5948051948051948,0.04415584415584416,0.11168831168831168,0.22337662337662337,nan,nan,nan,nan,nan,nan,nan,nan,nan,nan,nan,nan,nan,nan,2.5866400523206443,2.0397589951119475,8.66132476467537,0.4051948051948052,28.0,256.1646454334259,156.1349795002722,40.95455813407898,25.892802158789692,5.5762492678668645,0.5948051948051948,0.04415584415584416,0.11168831168831168,0.22337662337662337,0.7847494640921733,0.5389131224533156,0.8684866917670332,1.2477876103891097,1.8583768191116237,rh2,gaussian_high,22,RTAB RGB+NoisyGNSS,rtab_rgb_ngps,kalman_start_pose_anchored_rtab_degraded_gnss,/home/pulver/projects/vineyard_pf/Outdoor_SLPF_icra_evidence/results/icra_submission/reruns/gnss_stress_full_v2/rh2/gaussian_high/seed_22/degraded_noisy_gnss.tum,47d83ea61985d148586ac4abba2dff29e8f18ccd811225042a425cfd28bcfd94,/home/pulver/projects/vineyard_pf/Outdoor_SLPF_icra_evidence/results/icra_submission/reruns/gnss_stress_full_v2/rh2/gaussian_high/seed_22/affected_mask.npy,27f6be2e69469ae842fdb84e9c1ba909dcfdfcb20ebf5eb1b389eb8d91a2850f,568f7db712009078b93e3234a5da9c96500db8d938514f2be02ed2cdb9b609c6,1503defd1b14b4241d0f9530c6bd1d2bdde58d08365d9ab5828727c900993062,1.0
/home/pulver/projects/vineyard_pf/Outdoor_SLPF_icra_evidence/results/icra_submission/reruns/gnss_stress_full_v2/rh2/gaussian_high/seed_22/rtab_rgbd_ngps/trajectory_0.5.tum,/home/pulver/projects/vineyard_pf/Outdoor_SLPF_icra_evidence/results/icra_submission/reruns/gnss_stress_full_v2/rh2/gaussian_high/seed_22/rtab_rgbd_ngps/gps_pose.tum,407,0,1.0,67.02502693297237,65.93762526515957,65.09960561991933,87.26440066293571,6.5988863991642415,5.32759126828394,4.708785346773102,58.555515356544966,3.4762980135209416,2.6545460316395872,45.113020150341576,0.48402948402948404,30.0,231.20431470870972,143.45811401290993,32.502068281173706,20.802189212471152,4.781937133763664,0.515970515970516,0.03194103194103194,0.07862407862407862,0.17936117936117937,nan,nan,nan,nan,nan,nan,nan,nan,nan,nan,nan,nan,nan,nan,3.4762980135209416,2.6545460316395872,45.113020150341576,0.48402948402948404,30.0,231.20431470870972,143.45811401290993,32.502068281173706,20.802189212471152,4.781937133763664,0.515970515970516,0.03194103194103194,0.07862407862407862,0.17936117936117937,0.8962665896340031,2.2524561053818277,1.9345227308805164,1.4792782817938843,2.107414136751788,rh2,gaussian_high,22,RTAB RGBD+NoisyGNSS,rtab_rgbd_ngps,kalman_start_pose_anchored_rtab_degraded_gnss,/home/pulver/projects/vineyard_pf/Outdoor_SLPF_icra_evidence/results/icra_submission/reruns/gnss_stress_full_v2/rh2/gaussian_high/seed_22/degraded_noisy_gnss.tum,47d83ea61985d148586ac4abba2dff29e8f18ccd811225042a425cfd28bcfd94,/home/pulver/projects/vineyard_pf/Outdoor_SLPF_icra_evidence/results/icra_submission/reruns/gnss_stress_full_v2/rh2/gaussian_high/seed_22/affected_mask.npy,27f6be2e69469ae842fdb84e9c1ba909dcfdfcb20ebf5eb1b389eb8d91a2850f,fb3de2aabe534ede07da7d801e722bd19454cc87d44ed992f78bf55480d7178c,ef7efe153ecc64b7281b500861a946672253ec165579b3656df3a4731e079932,1.0
/home/pulver/projects/vineyard_pf/Outdoor_SLPF_icra_evidence/results/icra_submission/reruns/gnss_stress_full_v2/rh2/gaussian_high/seed_33/degraded_noisy_gnss.tum,/home/pulver/projects/vineyard_pf/Outdoor_SLPF_icra_evidence/results/iros_rh2/20260225_105822_multiseed_all_methods/slpf/seed_11/gps_pose.tum,393,0,1.0,3.0910804927264204,2.7583679832341232,2.640089505595269,7.199320286694223,3.0516415938406425,2.720710193523613,2.700334465260417,7.01793200401656,2.2610112729108,1.9080665705367936,7.267767897856627,0.5165394402035624,89.0,760.0,131.97871638605255,68.0,11.080682821954536,1.4829069256859837,0.48346055979643765,0.0737913486005089,0.1272264631043257,0.27735368956743,nan,nan,nan,nan,nan,nan,nan,nan,nan,nan,nan,nan,nan,nan,2.2610112729108,1.9080665705367936,7.267767897856627,0.5165394402035624,89.0,760.0,131.97871638605255,68.0,11.080682821954536,1.4829069256859837,0.48346055979643765,0.0737913486005089,0.1272264631043257,0.27735368956743,0.9198875274327976,0.14526623553335125,0.061501132832295226,0.5566803673888936,0.19011165671867647,rh2,gaussian_high,33,NoisyGNSS,ngps,generated_degraded_gnss,/home/pulver/projects/vineyard_pf/Outdoor_SLPF_icra_evidence/results/icra_submission/reruns/gnss_stress_full_v2/rh2/gaussian_high/seed_33/degraded_noisy_gnss.tum,2b1c3056d179418ff9a179ea17344f42cfe95801ee5570dbd19cfa7e8530ee7f,/home/pulver/projects/vineyard_pf/Outdoor_SLPF_icra_evidence/results/icra_submission/reruns/gnss_stress_full_v2/rh2/gaussian_high/seed_33/affected_mask.npy,27f6be2e69469ae842fdb84e9c1ba909dcfdfcb20ebf5eb1b389eb8d91a2850f,2b1c3056d179418ff9a179ea17344f42cfe95801ee5570dbd19cfa7e8530ee7f,3caebb5298055d6773cab3b9a37109e66a0160af5609f294899f8f50f28b88e1,1.0
/home/pulver/projects/vineyard_pf/Outdoor_SLPF_icra_evidence/results/icra_submission/reruns/gnss_stress_full_v2/rh2/gaussian_high/seed_33/slpf/trajectory_0.5.tum,/home/pulver/projects/vineyard_pf/Outdoor_SLPF_icra_evidence/results/icra_submission/reruns/gnss_stress_full_v2/rh2/gaussian_high/seed_33/slpf/gps_pose.tum,393,0,1.0,1.495927587205158,1.315179359744605,1.169379663042362,5.024644507470749,1.3150448309097258,1.161177625051157,1.06747976587641,4.18931708380262,1.4250485432985975,1.2983961186851654,5.122322404552736,0.6590330788804071,27.0,536.0,93.3856354771089,64.0,11.389577186764086,3.4587272398929225,0.34096692111959287,0.08142493638676845,0.1628498727735369,0.38676844783715014,nan,nan,nan,nan,nan,nan,nan,nan,nan,nan,nan,nan,nan,nan,1.4250485432985975,1.2983961186851654,5.122322404552736,0.6590330788804071,27.0,536.0,93.3856354771089,64.0,11.389577186764086,3.4587272398929225,0.34096692111959287,0.08142493638676845,0.1628498727735369,0.38676844783715014,0.17951957721398415,0.030253805622645537,0.012492414577586089,0.1707479896820769,0.06247825114969425,rh2,gaussian_high,33,SLPF,slpf,live_external_degraded_gnss,/home/pulver/projects/vineyard_pf/Outdoor_SLPF_icra_evidence/results/icra_submission/reruns/gnss_stress_full_v2/rh2/gaussian_high/seed_33/degraded_noisy_gnss.tum,2b1c3056d179418ff9a179ea17344f42cfe95801ee5570dbd19cfa7e8530ee7f,/home/pulver/projects/vineyard_pf/Outdoor_SLPF_icra_evidence/results/icra_submission/reruns/gnss_stress_full_v2/rh2/gaussian_high/seed_33/affected_mask.npy,27f6be2e69469ae842fdb84e9c1ba909dcfdfcb20ebf5eb1b389eb8d91a2850f,5ef5e555df666fc5658ef7e3afe26a0d57fc8efe625d2aa8467431cc7b3f239d,3caebb5298055d6773cab3b9a37109e66a0160af5609f294899f8f50f28b88e1,1.0
/home/pulver/projects/vineyard_pf/Outdoor_SLPF_icra_evidence/results/icra_submission/reruns/gnss_stress_full_v2/rh2/gaussian_high/seed_33/amcl_ngps/trajectory_0.5.tum,/home/pulver/projects/vineyard_pf/Outdoor_SLPF_icra_evidence/results/icra_submission/reruns/gnss_stress_full_v2/rh2/gaussian_high/seed_33/amcl_ngps/gps_pose.tum,413,0,1.0,2.99976866396937,2.831310492139825,2.9724616433293476,5.350587870119341,1.4905826438170877,1.2361540797865398,1.0981977440276505,6.515267392058301,1.4576702666215404,1.3388357914890197,6.012642945637958,0.612590799031477,43.0,172.06618690490723,105.85519857032209,16.732725143432617,10.077106202172976,2.4617488039609787,0.387409200968523,0.1016949152542373,0.18886198547215496,0.3728813559322034,nan,nan,nan,nan,nan,nan,nan,nan,nan,nan,nan,nan,nan,nan,1.4576702666215404,1.3388357914890197,6.012642945637958,0.612590799031477,43.0,172.06618690490723,105.85519857032209,16.732725143432617,10.077106202172976,2.4617488039609787,0.387409200968523,0.1016949152542373,0.18886198547215496,0.3728813559322034,0.8477421904979666,0.7448948921971241,1.622006580382203,1.4878878124061328,2.763048671627037,rh2,gaussian_high,33,AMCL+NoisyGNSS,amcl_ngps,kalman_amcl_degraded_gnss,/home/pulver/projects/vineyard_pf/Outdoor_SLPF_icra_evidence/results/icra_submission/reruns/gnss_stress_full_v2/rh2/gaussian_high/seed_33/degraded_noisy_gnss.tum,2b1c3056d179418ff9a179ea17344f42cfe95801ee5570dbd19cfa7e8530ee7f,/home/pulver/projects/vineyard_pf/Outdoor_SLPF_icra_evidence/results/icra_submission/reruns/gnss_stress_full_v2/rh2/gaussian_high/seed_33/affected_mask.npy,27f6be2e69469ae842fdb84e9c1ba909dcfdfcb20ebf5eb1b389eb8d91a2850f,f4668a86c5c17f796ceec2c9488d4b22de25e914d6914e044434f6b4fc33a2a7,e6b2e006035edc8bedefa8bfdbda5d0185874d1aa7795a850a559aa448eb9139,1.0
/home/pulver/projects/vineyard_pf/Outdoor_SLPF_icra_evidence/results/icra_submission/reruns/gnss_stress_full_v2/rh2/gaussian_high/seed_33/rtab_rgb_ngps/trajectory_0.5.tum,/home/pulver/projects/vineyard_pf/Outdoor_SLPF_icra_evidence/results/icra_submission/reruns/gnss_stress_full_v2/rh2/gaussian_high/seed_33/rtab_rgb_ngps/gps_pose.tum,402,0,1.0,29.93186462867959,25.42366014747136,24.925847918632243,57.18367022502916,4.347114984566807,3.6687650491476687,3.0151657575255895,10.572402865473574,2.8260475312082862,2.175851630782449,10.05858427432358,0.4552238805970149,24.0,245.2835168838501,147.54177060860124,42.36121940612793,24.508095363610952,6.147573775358385,0.5447761194029851,0.06965174129353234,0.12189054726368159,0.2512437810945274,nan,nan,nan,nan,nan,nan,nan,nan,nan,nan,nan,nan,nan,nan,2.8260475312082862,2.175851630782449,10.05858427432358,0.4552238805970149,24.0,245.2835168838501,147.54177060860124,42.36121940612793,24.508095363610952,6.147573775358385,0.5447761194029851,0.06965174129353234,0.12189054726368159,0.2512437810945274,0.767958168882035,0.4951496191449469,0.7975318821805895,1.2657780353570056,1.832059058822764,rh2,gaussian_high,33,RTAB RGB+NoisyGNSS,rtab_rgb_ngps,kalman_start_pose_anchored_rtab_degraded_gnss,/home/pulver/projects/vineyard_pf/Outdoor_SLPF_icra_evidence/results/icra_submission/reruns/gnss_stress_full_v2/rh2/gaussian_high/seed_33/degraded_noisy_gnss.tum,2b1c3056d179418ff9a179ea17344f42cfe95801ee5570dbd19cfa7e8530ee7f,/home/pulver/projects/vineyard_pf/Outdoor_SLPF_icra_evidence/results/icra_submission/reruns/gnss_stress_full_v2/rh2/gaussian_high/seed_33/affected_mask.npy,27f6be2e69469ae842fdb84e9c1ba909dcfdfcb20ebf5eb1b389eb8d91a2850f,92702643bb4618d3f30651c1fb22baf295eaf3249e02b8714fc129bcd3368f7d,e262af8871f842305c0fd107e6ca0f1158382e99dc36246cac560609f82381f9,1.0
/home/pulver/projects/vineyard_pf/Outdoor_SLPF_icra_evidence/results/icra_submission/reruns/gnss_stress_full_v2/rh2/gaussian_high/seed_33/rtab_rgbd_ngps/trajectory_0.5.tum,/home/pulver/projects/vineyard_pf/Outdoor_SLPF_icra_evidence/results/icra_submission/reruns/gnss_stress_full_v2/rh2/gaussian_high/seed_33/rtab_rgbd_ngps/gps_pose.tum,405,0,1.0,29.84657673978067,25.356431913166674,25.11517561687507,57.04819560232373,4.325019877871732,3.638256678747708,2.939304308894157,11.212625836335306,2.860492705158048,2.2172803861240205,9.352700058089667,0.4246913580246914,29.0,257.17721152305603,155.38363170718995,41.32865381240845,24.34544506819217,5.35805626576517,0.5753086419753086,0.04691358024691358,0.10617283950617284,0.23209876543209876,nan,nan,nan,nan,nan,nan,nan,nan,nan,nan,nan,nan,nan,nan,2.860492705158048,2.2172803861240205,9.352700058089667,0.4246913580246914,29.0,257.17721152305603,155.38363170718995,41.32865381240845,24.34544506819217,5.35805626576517,0.5753086419753086,0.04691358024691358,0.10617283950617284,0.23209876543209876,0.7854016658996967,0.5320624244575055,0.8525292999076266,1.3277012520597384,1.9417615735084146,rh2,gaussian_high,33,RTAB RGBD+NoisyGNSS,rtab_rgbd_ngps,kalman_start_pose_anchored_rtab_degraded_gnss,/home/pulver/projects/vineyard_pf/Outdoor_SLPF_icra_evidence/results/icra_submission/reruns/gnss_stress_full_v2/rh2/gaussian_high/seed_33/degraded_noisy_gnss.tum,2b1c3056d179418ff9a179ea17344f42cfe95801ee5570dbd19cfa7e8530ee7f,/home/pulver/projects/vineyard_pf/Outdoor_SLPF_icra_evidence/results/icra_submission/reruns/gnss_stress_full_v2/rh2/gaussian_high/seed_33/affected_mask.npy,27f6be2e69469ae842fdb84e9c1ba909dcfdfcb20ebf5eb1b389eb8d91a2850f,e8ebe467957301f22d82eab98966edecf3055d7c9d37a09126bbada10c5a8d36,82e315d25bd7538831ee22871141460c6977bff5c15072b21c5496eb92f88882,1.0
/home/pulver/projects/vineyard_pf/Outdoor_SLPF_icra_evidence/results/icra_submission/reruns/gnss_stress_full_v2/rh2/drift_bias/seed_11/degraded_noisy_gnss.tum,/home/pulver/projects/vineyard_pf/Outdoor_SLPF_icra_evidence/results/iros_rh2/20260225_105822_multiseed_all_methods/slpf/seed_11/gps_pose.tum,393,0,1.0,4.562725017676677,4.187375329984315,4.261912944333575,9.370787296745618,4.435138013040401,4.057184836745301,4.130590175953736,8.81185548209124,3.3955768242717026,3.1868797328798655,9.347510780754787,0.3511450381679389,37.0,1020.0,171.33715704757745,180.0,27.87831186273931,4.63073397425885,0.648854961832061,0.043256997455470736,0.07888040712468193,0.16539440203562342,nan,nan,nan,nan,nan,nan,nan,nan,nan,nan,nan,nan,nan,nan,3.3955768242717026,3.1868797328798655,9.347510780754787,0.3511450381679389,37.0,1020.0,171.33715704757745,180.0,27.87831186273931,4.63073397425885,0.648854961832061,0.043256997455470736,0.07888040712468193,0.16539440203562342,0.37503633460404673,0.07152577498755017,0.031886515329688794,0.4353817141396339,0.16042952897159451,rh2,drift_bias,11,NoisyGNSS,ngps,generated_degraded_gnss,/home/pulver/projects/vineyard_pf/Outdoor_SLPF_icra_evidence/results/icra_submission/reruns/gnss_stress_full_v2/rh2/drift_bias/seed_11/degraded_noisy_gnss.tum,2fe35deeb5a54360dddec1500ed6a52c283442d78496c4085b239036d9166bb5,/home/pulver/projects/vineyard_pf/Outdoor_SLPF_icra_evidence/results/icra_submission/reruns/gnss_stress_full_v2/rh2/drift_bias/seed_11/affected_mask.npy,27f6be2e69469ae842fdb84e9c1ba909dcfdfcb20ebf5eb1b389eb8d91a2850f,2fe35deeb5a54360dddec1500ed6a52c283442d78496c4085b239036d9166bb5,3caebb5298055d6773cab3b9a37109e66a0160af5609f294899f8f50f28b88e1,1.0
/home/pulver/projects/vineyard_pf/Outdoor_SLPF_icra_evidence/results/icra_submission/reruns/gnss_stress_full_v2/rh2/drift_bias/seed_11/slpf/trajectory_0.5.tum,/home/pulver/projects/vineyard_pf/Outdoor_SLPF_icra_evidence/results/icra_submission/reruns/gnss_stress_full_v2/rh2/drift_bias/seed_11/slpf/gps_pose.tum,393,0,1.0,3.6838510421266384,3.250838918693404,3.4203309452260897,8.108563684159439,3.5618003814043386,3.1301099627503355,2.998228305016989,7.195837379994617,3.003426937842696,2.716799978573211,7.1324826952021425,0.31297709923664124,15.0,1080.0,174.1705134224952,300.0,44.80308574888872,11.61136756149968,0.6870229007633588,0.027989821882951654,0.06615776081424936,0.16539440203562342,nan,nan,nan,nan,nan,nan,nan,nan,nan,nan,nan,nan,nan,nan,3.003426937842696,2.716799978573211,7.1324826952021425,0.31297709923664124,15.0,1080.0,174.1705134224952,300.0,44.80308574888872,11.61136756149968,0.6870229007633588,0.027989821882951654,0.06615776081424936,0.16539440203562342,0.18311166531004883,0.03079717962607591,0.0126678081427041,0.11527509029615182,0.037652819786279844,rh2,drift_bias,11,SLPF,slpf,live_external_degraded_gnss,/home/pulver/projects/vineyard_pf/Outdoor_SLPF_icra_evidence/results/icra_submission/reruns/gnss_stress_full_v2/rh2/drift_bias/seed_11/degraded_noisy_gnss.tum,2fe35deeb5a54360dddec1500ed6a52c283442d78496c4085b239036d9166bb5,/home/pulver/projects/vineyard_pf/Outdoor_SLPF_icra_evidence/results/icra_submission/reruns/gnss_stress_full_v2/rh2/drift_bias/seed_11/affected_mask.npy,27f6be2e69469ae842fdb84e9c1ba909dcfdfcb20ebf5eb1b389eb8d91a2850f,073f59c58168e512424e4d27a7c397a8b74783e97461740dc13f074ea8ee530b,3caebb5298055d6773cab3b9a37109e66a0160af5609f294899f8f50f28b88e1,1.0
/home/pulver/projects/vineyard_pf/Outdoor_SLPF_icra_evidence/results/icra_submission/reruns/gnss_stress_full_v2/rh2/drift_bias/seed_11/amcl_ngps/trajectory_0.5.tum,/home/pulver/projects/vineyard_pf/Outdoor_SLPF_icra_evidence/results/icra_submission/reruns/gnss_stress_full_v2/rh2/drift_bias/seed_11/amcl_ngps/gps_pose.tum,411,0,1.0,3.1998282312857853,3.027429231378137,2.9909845574183413,5.647235977925834,1.4208139734996317,1.2081633477575615,1.0393821673867571,5.127494102548213,1.6227334089508336,1.5067637430141105,5.674804759626862,0.5644768856447688,32.0,190.26496934890747,116.3211541286789,35.73243498802185,22.248760682826386,3.6350360665212156,0.43552311435523117,0.04866180048661801,0.1654501216545012,0.29683698296836986,nan,nan,nan,nan,nan,nan,nan,nan,nan,nan,nan,nan,nan,nan,1.6227334089508336,1.5067637430141105,5.674804759626862,0.5644768856447688,32.0,190.26496934890747,116.3211541286789,35.73243498802185,22.248760682826386,3.6350360665212156,0.43552311435523117,0.04866180048661801,0.1654501216545012,0.29683698296836986,0.6511881605019577,0.32682339688111334,0.574040538157623,0.4307057685679519,0.7070998413167784,rh2,drift_bias,11,AMCL+NoisyGNSS,amcl_ngps,kalman_amcl_degraded_gnss,/home/pulver/projects/vineyard_pf/Outdoor_SLPF_icra_evidence/results/icra_submission/reruns/gnss_stress_full_v2/rh2/drift_bias/seed_11/degraded_noisy_gnss.tum,2fe35deeb5a54360dddec1500ed6a52c283442d78496c4085b239036d9166bb5,/home/pulver/projects/vineyard_pf/Outdoor_SLPF_icra_evidence/results/icra_submission/reruns/gnss_stress_full_v2/rh2/drift_bias/seed_11/affected_mask.npy,27f6be2e69469ae842fdb84e9c1ba909dcfdfcb20ebf5eb1b389eb8d91a2850f,a003209ab2c648ba07bab1fcf017efac1bb0b793e7cf1809570783263b3c54b2,e6b2e006035edc8bedefa8bfdbda5d0185874d1aa7795a850a559aa448eb9139,1.0
/home/pulver/projects/vineyard_pf/Outdoor_SLPF_icra_evidence/results/icra_submission/reruns/gnss_stress_full_v2/rh2/drift_bias/seed_11/rtab_rgb_ngps/trajectory_0.5.tum,/home/pulver/projects/vineyard_pf/Outdoor_SLPF_icra_evidence/results/icra_submission/reruns/gnss_stress_full_v2/rh2/drift_bias/seed_11/rtab_rgb_ngps/gps_pose.tum,387,0,1.0,29.000541631218198,24.903309082269686,25.6186154707601,56.20257385893834,4.065513656326633,3.3830501855924195,2.651572939505375,11.04954870286936,2.705323875965154,2.0930556539091634,10.569269819941475,0.4496124031007752,22.0,237.10665082931519,143.11119270917624,41.42528057098389,24.611811682625497,6.505054214053465,0.5503875968992248,0.09302325581395349,0.1343669250645995,0.26098191214470284,nan,nan,nan,nan,nan,nan,nan,nan,nan,nan,nan,nan,nan,nan,2.705323875965154,2.0930556539091634,10.569269819941475,0.4496124031007752,22.0,237.10665082931519,143.11119270917624,41.42528057098389,24.611811682625497,6.505054214053465,0.5503875968992248,0.09302325581395349,0.1343669250645995,0.26098191214470284,0.6106578468974164,0.17964297648305583,0.27630524875285867,0.4232862242379739,0.5663747421941423,rh2,drift_bias,11,RTAB RGB+NoisyGNSS,rtab_rgb_ngps,kalman_start_pose_anchored_rtab_degraded_gnss,/home/pulver/projects/vineyard_pf/Outdoor_SLPF_icra_evidence/results/icra_submission/reruns/gnss_stress_full_v2/rh2/drift_bias/seed_11/degraded_noisy_gnss.tum,2fe35deeb5a54360dddec1500ed6a52c283442d78496c4085b239036d9166bb5,/home/pulver/projects/vineyard_pf/Outdoor_SLPF_icra_evidence/results/icra_submission/reruns/gnss_stress_full_v2/rh2/drift_bias/seed_11/affected_mask.npy,27f6be2e69469ae842fdb84e9c1ba909dcfdfcb20ebf5eb1b389eb8d91a2850f,10afa6881a3762c0d9c9c602641eceea61146e1eda45e5abb1c8c4b7b6905968,8a6a2b946a52e3890889dfec5d60b021d3e3420615578072dfa7191726484a5a,1.0
/home/pulver/projects/vineyard_pf/Outdoor_SLPF_icra_evidence/results/icra_submission/reruns/gnss_stress_full_v2/rh2/drift_bias/seed_11/rtab_rgbd_ngps/trajectory_0.5.tum,/home/pulver/projects/vineyard_pf/Outdoor_SLPF_icra_evidence/results/icra_submission/reruns/gnss_stress_full_v2/rh2/drift_bias/seed_11/rtab_rgbd_ngps/gps_pose.tum,407,0,1.0,30.623477747058462,26.23440102809313,26.29188635259598,57.71507396388359,4.27531666265409,3.6551730530996074,3.0325370898371777,10.04316888129927,2.8709389489983153,2.418695119516458,10.460548949983579,0.4619164619164619,25.0,243.36352849006653,147.37855843284825,42.28324866294861,24.655735254272592,5.8951423373139304,0.538083538083538,0.08353808353808354,0.13513513513513514,0.2334152334152334,nan,nan,nan,nan,nan,nan,nan,nan,nan,nan,nan,nan,nan,nan,2.8709389489983153,2.418695119516458,10.460548949983579,0.4619164619164619,25.0,243.36352849006653,147.37855843284825,42.28324866294861,24.655735254272592,5.8951423373139304,0.538083538083538,0.08353808353808354,0.13513513513513514,0.2334152334152334,0.6027115994642702,0.21107898972119657,0.2972776302298074,0.5449323821295047,0.6995030602339304,rh2,drift_bias,11,RTAB RGBD+NoisyGNSS,rtab_rgbd_ngps,kalman_start_pose_anchored_rtab_degraded_gnss,/home/pulver/projects/vineyard_pf/Outdoor_SLPF_icra_evidence/results/icra_submission/reruns/gnss_stress_full_v2/rh2/drift_bias/seed_11/degraded_noisy_gnss.tum,2fe35deeb5a54360dddec1500ed6a52c283442d78496c4085b239036d9166bb5,/home/pulver/projects/vineyard_pf/Outdoor_SLPF_icra_evidence/results/icra_submission/reruns/gnss_stress_full_v2/rh2/drift_bias/seed_11/affected_mask.npy,27f6be2e69469ae842fdb84e9c1ba909dcfdfcb20ebf5eb1b389eb8d91a2850f,4027ede16f9c6d071672216cb625dd7fa35f9587bfbfa2e065ea42ba5a67d9e2,9dd19a58e216a29bae2710f19ad078bddea902639cec39177b3080c46dc6ace9,1.0
/home/pulver/projects/vineyard_pf/Outdoor_SLPF_icra_evidence/results/icra_submission/reruns/gnss_stress_full_v2/rh2/drift_bias/seed_22/degraded_noisy_gnss.tum,/home/pulver/projects/vineyard_pf/Outdoor_SLPF_icra_evidence/results/iros_rh2/20260225_105822_multiseed_all_methods/slpf/seed_11/gps_pose.tum,393,0,1.0,5.014912022497794,4.4532711641089024,4.21484276807506,12.275201418962983,4.418788536374617,3.9760059457048484,3.9179210099892106,10.736409793265537,3.605253734898059,3.263286047664391,11.94054837204138,0.37404580152671757,29.0,984.0,170.44245410482176,344.0,53.68635715602385,5.877326003614543,0.6259541984732825,0.02544529262086514,0.061068702290076333,0.12213740458015267,nan,nan,nan,nan,nan,nan,nan,nan,nan,nan,nan,nan,nan,nan,3.605253734898059,3.263286047664391,11.94054837204138,0.37404580152671757,29.0,984.0,170.44245410482176,344.0,53.68635715602385,5.877326003614543,0.6259541984732825,0.02544529262086514,0.061068702290076333,0.12213740458015267,0.3544469276930156,0.06911657802586076,0.030102314950725267,0.4179497136515539,0.15227522128606263,rh2,drift_bias,22,NoisyGNSS,ngps,generated_degraded_gnss,/home/pulver/projects/vineyard_pf/Outdoor_SLPF_icra_evidence/results/icra_submission/reruns/gnss_stress_full_v2/rh2/drift_bias/seed_22/degraded_noisy_gnss.tum,568d0565f113ee0afff7028e6e63a843150f3cffa241f3dd7f6dd92823cdbd63,/home/pulver/projects/vineyard_pf/Outdoor_SLPF_icra_evidence/results/icra_submission/reruns/gnss_stress_full_v2/rh2/drift_bias/seed_22/affected_mask.npy,27f6be2e69469ae842fdb84e9c1ba909dcfdfcb20ebf5eb1b389eb8d91a2850f,568d0565f113ee0afff7028e6e63a843150f3cffa241f3dd7f6dd92823cdbd63,3caebb5298055d6773cab3b9a37109e66a0160af5609f294899f8f50f28b88e1,1.0
/home/pulver/projects/vineyard_pf/Outdoor_SLPF_icra_evidence/results/icra_submission/reruns/gnss_stress_full_v2/rh2/drift_bias/seed_22/slpf/trajectory_0.5.tum,/home/pulver/projects/vineyard_pf/Outdoor_SLPF_icra_evidence/results/icra_submission/reruns/gnss_stress_full_v2/rh2/drift_bias/seed_22/slpf/gps_pose.tum,393,0,1.0,3.9187954963985443,3.4206379221401626,3.0109994063970964,9.018285987655874,3.2988231399252554,2.893754035907473,2.758417067268648,8.076784024738146,3.0240453706147576,2.8849356923313842,7.567373727566862,0.38676844783715014,17.0,964.0,167.23140908146152,224.0,40.348245566837164,9.837141710674207,0.6132315521628499,0.05343511450381679,0.08396946564885496,0.1475826972010178,nan,nan,nan,nan,nan,nan,nan,nan,nan,nan,nan,nan,nan,nan,3.0240453706147576,2.8849356923313842,7.567373727566862,0.38676844783715014,17.0,964.0,167.23140908146152,224.0,40.348245566837164,9.837141710674207,0.6132315521628499,0.05343511450381679,0.08396946564885496,0.1475826972010178,0.1821007217174248,0.030427274477582898,0.01260773909823853,0.12199376217506697,0.04236322136744178,rh2,drift_bias,22,SLPF,slpf,live_external_degraded_gnss,/home/pulver/projects/vineyard_pf/Outdoor_SLPF_icra_evidence/results/icra_submission/reruns/gnss_stress_full_v2/rh2/drift_bias/seed_22/degraded_noisy_gnss.tum,568d0565f113ee0afff7028e6e63a843150f3cffa241f3dd7f6dd92823cdbd63,/home/pulver/projects/vineyard_pf/Outdoor_SLPF_icra_evidence/results/icra_submission/reruns/gnss_stress_full_v2/rh2/drift_bias/seed_22/affected_mask.npy,27f6be2e69469ae842fdb84e9c1ba909dcfdfcb20ebf5eb1b389eb8d91a2850f,1a1a61caf4f411dc02355a53c797ebf50a6181e2b4d6ad9d7f6ad0d3f8beadcf,3caebb5298055d6773cab3b9a37109e66a0160af5609f294899f8f50f28b88e1,1.0
/home/pulver/projects/vineyard_pf/Outdoor_SLPF_icra_evidence/results/icra_submission/reruns/gnss_stress_full_v2/rh2/drift_bias/seed_22/amcl_ngps/trajectory_0.5.tum,/home/pulver/projects/vineyard_pf/Outdoor_SLPF_icra_evidence/results/icra_submission/reruns/gnss_stress_full_v2/rh2/drift_bias/seed_22/amcl_ngps/gps_pose.tum,412,0,1.0,2.427226985529126,2.2731708287221575,2.1331771309357226,5.192685784072109,1.5491978329481626,1.3161134686475542,1.2427577485234411,6.498796391883917,1.57356065627045,1.406956265593476,4.992854723500218,0.633495145631068,31.0,166.7989263534546,102.18967806493164,30.000314950942993,18.674394591587813,3.296441227901021,0.36650485436893204,0.0703883495145631,0.1553398058252427,0.35436893203883496,nan,nan,nan,nan,nan,nan,nan,nan,nan,nan,nan,nan,nan,nan,1.57356065627045,1.406956265593476,4.992854723500218,0.633495145631068,31.0,166.7989263534546,102.18967806493164,30.000314950942993,18.674394591587813,3.296441227901021,0.36650485436893204,0.0703883495145631,0.1553398058252427,0.35436893203883496,0.652599066312732,0.5527029826075739,1.8852389843967738,0.563080983887615,1.5041730406874614,rh2,drift_bias,22,AMCL+NoisyGNSS,amcl_ngps,kalman_amcl_degraded_gnss,/home/pulver/projects/vineyard_pf/Outdoor_SLPF_icra_evidence/results/icra_submission/reruns/gnss_stress_full_v2/rh2/drift_bias/seed_22/degraded_noisy_gnss.tum,568d0565f113ee0afff7028e6e63a843150f3cffa241f3dd7f6dd92823cdbd63,/home/pulver/projects/vineyard_pf/Outdoor_SLPF_icra_evidence/results/icra_submission/reruns/gnss_stress_full_v2/rh2/drift_bias/seed_22/affected_mask.npy,27f6be2e69469ae842fdb84e9c1ba909dcfdfcb20ebf5eb1b389eb8d91a2850f,34cef72254116121ec64138761a43e47c703c8b6372c99576d5ae26332b339c3,e6b2e006035edc8bedefa8bfdbda5d0185874d1aa7795a850a559aa448eb9139,1.0
/home/pulver/projects/vineyard_pf/Outdoor_SLPF_icra_evidence/results/icra_submission/reruns/gnss_stress_full_v2/rh2/drift_bias/seed_22/rtab_rgb_ngps/trajectory_0.5.tum,/home/pulver/projects/vineyard_pf/Outdoor_SLPF_icra_evidence/results/icra_submission/reruns/gnss_stress_full_v2/rh2/drift_bias/seed_22/rtab_rgb_ngps/gps_pose.tum,385,0,1.0,28.98794513994975,24.839092151558273,25.20887546650497,57.50566042077865,4.093787035534957,3.5062801339155683,2.9846628758127594,12.551745046575732,2.622510182134097,1.9359457094140298,8.892072669089117,0.43376623376623374,25.0,242.9270462989807,147.50652161925237,33.70779514312744,21.14459245278662,5.900260864770095,0.5662337662337662,0.05194805194805195,0.1038961038961039,0.21558441558441557,nan,nan,nan,nan,nan,nan,nan,nan,nan,nan,nan,nan,nan,nan,2.622510182134097,1.9359457094140298,8.892072669089117,0.43376623376623374,25.0,242.9270462989807,147.50652161925237,33.70779514312744,21.14459245278662,5.900260864770095,0.5662337662337662,0.05194805194805195,0.1038961038961039,0.21558441558441557,0.6054197485599057,0.18845417181796298,0.29228029720359555,0.3758007285199501,0.48439931188092106,rh2,drift_bias,22,RTAB RGB+NoisyGNSS,rtab_rgb_ngps,kalman_start_pose_anchored_rtab_degraded_gnss,/home/pulver/projects/vineyard_pf/Outdoor_SLPF_icra_evidence/results/icra_submission/reruns/gnss_stress_full_v2/rh2/drift_bias/seed_22/degraded_noisy_gnss.tum,568d0565f113ee0afff7028e6e63a843150f3cffa241f3dd7f6dd92823cdbd63,/home/pulver/projects/vineyard_pf/Outdoor_SLPF_icra_evidence/results/icra_submission/reruns/gnss_stress_full_v2/rh2/drift_bias/seed_22/affected_mask.npy,27f6be2e69469ae842fdb84e9c1ba909dcfdfcb20ebf5eb1b389eb8d91a2850f,41dceaf42cda591f2a961a067a9690141c9e8f917ca1582ce38015fbdbba1aee,1503defd1b14b4241d0f9530c6bd1d2bdde58d08365d9ab5828727c900993062,1.0
/home/pulver/projects/vineyard_pf/Outdoor_SLPF_icra_evidence/results/icra_submission/reruns/gnss_stress_full_v2/rh2/drift_bias/seed_22/rtab_rgbd_ngps/trajectory_0.5.tum,/home/pulver/projects/vineyard_pf/Outdoor_SLPF_icra_evidence/results/icra_submission/reruns/gnss_stress_full_v2/rh2/drift_bias/seed_22/rtab_rgbd_ngps/gps_pose.tum,407,0,1.0,67.6521148183714,66.59657962685152,65.85738578251375,87.22022871006483,6.518021933250434,5.300340861481834,4.87969746695385,59.43011673539201,3.538800617596392,2.896374791993272,45.81488626497916,0.47911547911547914,26.0,232.77271842956543,144.6239171206835,47.388507604599,28.807624785467443,5.562458350795519,0.5208845208845209,0.051597051597051594,0.08353808353808354,0.16461916461916462,nan,nan,nan,nan,nan,nan,nan,nan,nan,nan,nan,nan,nan,nan,3.538800617596392,2.896374791993272,45.81488626497916,0.47911547911547914,26.0,232.77271842956543,144.6239171206835,47.388507604599,28.807624785467443,5.562458350795519,0.5208845208845209,0.051597051597051594,0.08353808353808354,0.16461916461916462,0.6608238361555319,2.216466859827931,1.8022892293895196,0.5485434237342609,0.7130080737797697,rh2,drift_bias,22,RTAB RGBD+NoisyGNSS,rtab_rgbd_ngps,kalman_start_pose_anchored_rtab_degraded_gnss,/home/pulver/projects/vineyard_pf/Outdoor_SLPF_icra_evidence/results/icra_submission/reruns/gnss_stress_full_v2/rh2/drift_bias/seed_22/degraded_noisy_gnss.tum,568d0565f113ee0afff7028e6e63a843150f3cffa241f3dd7f6dd92823cdbd63,/home/pulver/projects/vineyard_pf/Outdoor_SLPF_icra_evidence/results/icra_submission/reruns/gnss_stress_full_v2/rh2/drift_bias/seed_22/affected_mask.npy,27f6be2e69469ae842fdb84e9c1ba909dcfdfcb20ebf5eb1b389eb8d91a2850f,51449dcebecff1ddda0c4253e541494df1b7a555eccd291f833a0ef7a4b5c5c1,ef7efe153ecc64b7281b500861a946672253ec165579b3656df3a4731e079932,1.0
/home/pulver/projects/vineyard_pf/Outdoor_SLPF_icra_evidence/results/icra_submission/reruns/gnss_stress_full_v2/rh2/drift_bias/seed_33/degraded_noisy_gnss.tum,/home/pulver/projects/vineyard_pf/Outdoor_SLPF_icra_evidence/results/iros_rh2/20260225_105822_multiseed_all_methods/slpf/seed_11/gps_pose.tum,393,0,1.0,3.736653312430588,3.2244427953618646,2.8154931724605565,8.215999495604695,3.429540937671148,2.993603332185927,2.6809626282817978,9.257186925603557,2.6492555226883714,2.585554708586326,7.9457912665279995,0.4300254452926209,36.0,896.0,150.95192066819064,268.0,42.112938649517716,4.19310890744974,0.5699745547073791,0.04071246819338423,0.08396946564885496,0.1628498727735369,nan,nan,nan,nan,nan,nan,nan,nan,nan,nan,nan,nan,nan,nan,2.6492555226883714,2.585554708586326,7.9457912665279995,0.4300254452926209,36.0,896.0,150.95192066819064,268.0,42.112938649517716,4.19310890744974,0.5699745547073791,0.04071246819338423,0.08396946564885496,0.1628498727735369,0.3700417882956091,0.06450600852881444,0.028184135869844668,0.44185768686862475,0.1615232691439262,rh2,drift_bias,33,NoisyGNSS,ngps,generated_degraded_gnss,/home/pulver/projects/vineyard_pf/Outdoor_SLPF_icra_evidence/results/icra_submission/reruns/gnss_stress_full_v2/rh2/drift_bias/seed_33/degraded_noisy_gnss.tum,5fbaacb9e8465d136d0c921a259bbf4f7df03da2cddea513cf8afb99386c45da,/home/pulver/projects/vineyard_pf/Outdoor_SLPF_icra_evidence/results/icra_submission/reruns/gnss_stress_full_v2/rh2/drift_bias/seed_33/affected_mask.npy,27f6be2e69469ae842fdb84e9c1ba909dcfdfcb20ebf5eb1b389eb8d91a2850f,5fbaacb9e8465d136d0c921a259bbf4f7df03da2cddea513cf8afb99386c45da,3caebb5298055d6773cab3b9a37109e66a0160af5609f294899f8f50f28b88e1,1.0
/home/pulver/projects/vineyard_pf/Outdoor_SLPF_icra_evidence/results/icra_submission/reruns/gnss_stress_full_v2/rh2/drift_bias/seed_33/slpf/trajectory_0.5.tum,/home/pulver/projects/vineyard_pf/Outdoor_SLPF_icra_evidence/results/icra_submission/reruns/gnss_stress_full_v2/rh2/drift_bias/seed_33/slpf/gps_pose.tum,393,0,1.0,3.2488553645330747,2.778195768186432,2.3808281247165604,7.399217786314678,2.75713727493222,2.3812895868097144,2.1382219042026356,6.8609999128165535,2.4435206611095737,2.3431684393323557,7.876007312696013,0.4122137404580153,15.0,924.0,158.3499130904095,296.0,46.99367123969845,10.556660872693966,0.5877862595419847,0.05597964376590331,0.09923664122137404,0.21119592875318066,nan,nan,nan,nan,nan,nan,nan,nan,nan,nan,nan,nan,nan,nan,2.4435206611095737,2.3431684393323557,7.876007312696013,0.4122137404580153,15.0,924.0,158.3499130904095,296.0,46.99367123969845,10.556660872693966,0.5877862595419847,0.05597964376590331,0.09923664122137404,0.21119592875318066,0.18450645661314372,0.02976748677340268,0.012199450544456942,0.14445056222821975,0.04877318438463126,rh2,drift_bias,33,SLPF,slpf,live_external_degraded_gnss,/home/pulver/projects/vineyard_pf/Outdoor_SLPF_icra_evidence/results/icra_submission/reruns/gnss_stress_full_v2/rh2/drift_bias/seed_33/degraded_noisy_gnss.tum,5fbaacb9e8465d136d0c921a259bbf4f7df03da2cddea513cf8afb99386c45da,/home/pulver/projects/vineyard_pf/Outdoor_SLPF_icra_evidence/results/icra_submission/reruns/gnss_stress_full_v2/rh2/drift_bias/seed_33/affected_mask.npy,27f6be2e69469ae842fdb84e9c1ba909dcfdfcb20ebf5eb1b389eb8d91a2850f,cb70fed96f17ca0af40af00b8b0ddae02366ce4c5dfcb9539e3caaccadf31809,3caebb5298055d6773cab3b9a37109e66a0160af5609f294899f8f50f28b88e1,1.0
/home/pulver/projects/vineyard_pf/Outdoor_SLPF_icra_evidence/results/icra_submission/reruns/gnss_stress_full_v2/rh2/drift_bias/seed_33/amcl_ngps/trajectory_0.5.tum,/home/pulver/projects/vineyard_pf/Outdoor_SLPF_icra_evidence/results/icra_submission/reruns/gnss_stress_full_v2/rh2/drift_bias/seed_33/amcl_ngps/gps_pose.tum,413,0,1.0,3.1742350238911547,3.034534198790197,2.980634528750751,5.760025515300348,1.6422116090777659,1.402893357082894,1.1365196811179785,5.845280689626658,1.5487088257066124,1.349921702811572,5.844944954701954,0.5786924939467313,30.0,181.39602160453796,111.07403566818407,31.933354139328003,18.851028131308322,3.7024678556061357,0.4213075060532688,0.05569007263922518,0.09927360774818401,0.31476997578692495,nan,nan,nan,nan,nan,nan,nan,nan,nan,nan,nan,nan,nan,nan,1.5487088257066124,1.349921702811572,5.844944954701954,0.5786924939467313,30.0,181.39602160453796,111.07403566818407,31.933354139328003,18.851028131308322,3.7024678556061357,0.4213075060532688,0.05569007263922518,0.09927360774818401,0.31476997578692495,0.6623256901978832,0.28157382475818904,0.4818716901090517,0.49840846005802925,0.9085879360197198,rh2,drift_bias,33,AMCL+NoisyGNSS,amcl_ngps,kalman_amcl_degraded_gnss,/home/pulver/projects/vineyard_pf/Outdoor_SLPF_icra_evidence/results/icra_submission/reruns/gnss_stress_full_v2/rh2/drift_bias/seed_33/degraded_noisy_gnss.tum,5fbaacb9e8465d136d0c921a259bbf4f7df03da2cddea513cf8afb99386c45da,/home/pulver/projects/vineyard_pf/Outdoor_SLPF_icra_evidence/results/icra_submission/reruns/gnss_stress_full_v2/rh2/drift_bias/seed_33/affected_mask.npy,27f6be2e69469ae842fdb84e9c1ba909dcfdfcb20ebf5eb1b389eb8d91a2850f,3f493e66792b328d3bd34cfc082b2ffd9663f996a809cd731fad3543478b502c,e6b2e006035edc8bedefa8bfdbda5d0185874d1aa7795a850a559aa448eb9139,1.0
/home/pulver/projects/vineyard_pf/Outdoor_SLPF_icra_evidence/results/icra_submission/reruns/gnss_stress_full_v2/rh2/drift_bias/seed_33/rtab_rgb_ngps/trajectory_0.5.tum,/home/pulver/projects/vineyard_pf/Outdoor_SLPF_icra_evidence/results/icra_submission/reruns/gnss_stress_full_v2/rh2/drift_bias/seed_33/rtab_rgb_ngps/gps_pose.tum,402,0,1.0,29.771621815399243,25.560834636063454,25.007189731621786,56.04511346073767,4.282952317409691,3.6763870763363697,2.9484380223857727,9.972065865873443,2.7571293797957614,2.260320899727944,9.479256163271224,0.47512437810945274,18.0,235.87776803970337,142.18086188872405,33.69349193572998,21.091316891413214,7.898936771595781,0.5248756218905473,0.08208955223880597,0.15671641791044777,0.2885572139303483,nan,nan,nan,nan,nan,nan,nan,nan,nan,nan,nan,nan,nan,nan,2.7571293797957614,2.260320899727944,9.479256163271224,0.47512437810945274,18.0,235.87776803970337,142.18086188872405,33.69349193572998,21.091316891413214,7.898936771595781,0.5248756218905473,0.08208955223880597,0.15671641791044777,0.2885572139303483,0.5880090738121203,0.16563719212669076,0.24916250691670594,0.48680384756273376,0.6186745259583613,rh2,drift_bias,33,RTAB RGB+NoisyGNSS,rtab_rgb_ngps,kalman_start_pose_anchored_rtab_degraded_gnss,/home/pulver/projects/vineyard_pf/Outdoor_SLPF_icra_evidence/results/icra_submission/reruns/gnss_stress_full_v2/rh2/drift_bias/seed_33/degraded_noisy_gnss.tum,5fbaacb9e8465d136d0c921a259bbf4f7df03da2cddea513cf8afb99386c45da,/home/pulver/projects/vineyard_pf/Outdoor_SLPF_icra_evidence/results/icra_submission/reruns/gnss_stress_full_v2/rh2/drift_bias/seed_33/affected_mask.npy,27f6be2e69469ae842fdb84e9c1ba909dcfdfcb20ebf5eb1b389eb8d91a2850f,45f90883db158e0396be1e0d25c8179d60286371861b0a916a656838ab26034d,e262af8871f842305c0fd107e6ca0f1158382e99dc36246cac560609f82381f9,1.0
/home/pulver/projects/vineyard_pf/Outdoor_SLPF_icra_evidence/results/icra_submission/reruns/gnss_stress_full_v2/rh2/drift_bias/seed_33/rtab_rgbd_ngps/trajectory_0.5.tum,/home/pulver/projects/vineyard_pf/Outdoor_SLPF_icra_evidence/results/icra_submission/reruns/gnss_stress_full_v2/rh2/drift_bias/seed_33/rtab_rgbd_ngps/gps_pose.tum,405,0,1.0,29.975068227164765,25.704707911913776,25.592489051213203,56.29226591159717,4.23315433256972,3.5901207424011465,2.8160386071763663,9.71051945250464,2.7659456335189874,2.1250340814532622,9.692488476976502,0.48641975308641977,22.0,230.6237392425537,138.4487541433192,35.9165461063385,20.26663075833709,6.2931251883326915,0.5135802469135803,0.06419753086419754,0.145679012345679,0.2716049382716049,nan,nan,nan,nan,nan,nan,nan,nan,nan,nan,nan,nan,nan,nan,2.7659456335189874,2.1250340814532622,9.692488476976502,0.48641975308641977,22.0,230.6237392425537,138.4487541433192,35.9165461063385,20.26663075833709,6.2931251883326915,0.5135802469135803,0.06419753086419754,0.145679012345679,0.2716049382716049,0.5874867430997884,0.17179260218218534,0.2625844253760768,0.5069323044726378,0.6330929821829195,rh2,drift_bias,33,RTAB RGBD+NoisyGNSS,rtab_rgbd_ngps,kalman_start_pose_anchored_rtab_degraded_gnss,/home/pulver/projects/vineyard_pf/Outdoor_SLPF_icra_evidence/results/icra_submission/reruns/gnss_stress_full_v2/rh2/drift_bias/seed_33/degraded_noisy_gnss.tum,5fbaacb9e8465d136d0c921a259bbf4f7df03da2cddea513cf8afb99386c45da,/home/pulver/projects/vineyard_pf/Outdoor_SLPF_icra_evidence/results/icra_submission/reruns/gnss_stress_full_v2/rh2/drift_bias/seed_33/affected_mask.npy,27f6be2e69469ae842fdb84e9c1ba909dcfdfcb20ebf5eb1b389eb8d91a2850f,5a5cf615af765ca8e579fdf18b1739dc2d2cbbfd9407b1c0fcea4c8fab75dafb,82e315d25bd7538831ee22871141460c6977bff5c15072b21c5496eb92f88882,1.0
/home/pulver/projects/vineyard_pf/Outdoor_SLPF_icra_evidence/results/icra_submission/reruns/gnss_stress_full_v2/rh2/multipath_bursts/seed_11/degraded_noisy_gnss.tum,/home/pulver/projects/vineyard_pf/Outdoor_SLPF_icra_evidence/results/iros_rh2/20260225_105822_multiseed_all_methods/slpf/seed_11/gps_pose.tum,393,0,1.0,3.2112020753317494,2.0819599653940113,1.639835874870856,26.047294090114658,3.209258544178683,2.0773509340252487,1.6602286765497902,26.120120469728004,2.08813658638201,1.7447694481121805,27.880017964088857,0.5725190839694656,58.0,672.0,115.98173749933645,72.0,12.56302610347364,1.9996851292989042,0.42748091603053434,0.05597964376590331,0.10432569974554708,0.2951653944020356,nan,nan,nan,nan,nan,nan,nan,nan,nan,nan,nan,nan,nan,nan,2.08813658638201,1.7447694481121805,27.880017964088857,0.5725190839694656,58.0,672.0,115.98173749933645,72.0,12.56302610347364,1.9996851292989042,0.42748091603053434,0.05597964376590331,0.10432569974554708,0.2951653944020356,0.5862886028651735,0.22519775902383776,0.08213873967311551,0.49077648565194637,0.17968600362349813,rh2,multipath_bursts,11,NoisyGNSS,ngps,generated_degraded_gnss,/home/pulver/projects/vineyard_pf/Outdoor_SLPF_icra_evidence/results/icra_submission/reruns/gnss_stress_full_v2/rh2/multipath_bursts/seed_11/degraded_noisy_gnss.tum,680d1414a182a2a13a538313c3293a3ab6bea2de0d7e69157f4f16f161bb20d8,/home/pulver/projects/vineyard_pf/Outdoor_SLPF_icra_evidence/results/icra_submission/reruns/gnss_stress_full_v2/rh2/multipath_bursts/seed_11/affected_mask.npy,27f6be2e69469ae842fdb84e9c1ba909dcfdfcb20ebf5eb1b389eb8d91a2850f,680d1414a182a2a13a538313c3293a3ab6bea2de0d7e69157f4f16f161bb20d8,3caebb5298055d6773cab3b9a37109e66a0160af5609f294899f8f50f28b88e1,1.0
/home/pulver/projects/vineyard_pf/Outdoor_SLPF_icra_evidence/results/icra_submission/reruns/gnss_stress_full_v2/rh2/multipath_bursts/seed_11/slpf/trajectory_0.5.tum,/home/pulver/projects/vineyard_pf/Outdoor_SLPF_icra_evidence/results/icra_submission/reruns/gnss_stress_full_v2/rh2/multipath_bursts/seed_11/slpf/gps_pose.tum,393,0,1.0,1.4293119928866194,1.2298467870815075,1.0986974450196132,3.8807081334344127,1.37757204336264,1.1657375443525473,0.989453398864052,3.488942059984999,1.6823770110341207,1.5558808192244233,4.416483189995643,0.6055979643765903,26.0,620.0,108.8298633389497,96.0,16.63609428827283,4.185763974574988,0.3944020356234097,0.04071246819338423,0.08142493638676845,0.2951653944020356,nan,nan,nan,nan,nan,nan,nan,nan,nan,nan,nan,nan,nan,nan,1.6823770110341207,1.5558808192244233,4.416483189995643,0.6055979643765903,26.0,620.0,108.8298633389497,96.0,16.63609428827283,4.185763974574988,0.3944020356234097,0.04071246819338423,0.08142493638676845,0.2951653944020356,0.1758769435186539,0.030204397707895004,0.012522072965743456,0.12818486080074878,0.04596050333130355,rh2,multipath_bursts,11,SLPF,slpf,live_external_degraded_gnss,/home/pulver/projects/vineyard_pf/Outdoor_SLPF_icra_evidence/results/icra_submission/reruns/gnss_stress_full_v2/rh2/multipath_bursts/seed_11/degraded_noisy_gnss.tum,680d1414a182a2a13a538313c3293a3ab6bea2de0d7e69157f4f16f161bb20d8,/home/pulver/projects/vineyard_pf/Outdoor_SLPF_icra_evidence/results/icra_submission/reruns/gnss_stress_full_v2/rh2/multipath_bursts/seed_11/affected_mask.npy,27f6be2e69469ae842fdb84e9c1ba909dcfdfcb20ebf5eb1b389eb8d91a2850f,116e833c5ec0529893a6d74d6e572605a2b28f606ee1238e33a0edc588a38c8a,3caebb5298055d6773cab3b9a37109e66a0160af5609f294899f8f50f28b88e1,1.0
/home/pulver/projects/vineyard_pf/Outdoor_SLPF_icra_evidence/results/icra_submission/reruns/gnss_stress_full_v2/rh2/multipath_bursts/seed_11/amcl_ngps/trajectory_0.5.tum,/home/pulver/projects/vineyard_pf/Outdoor_SLPF_icra_evidence/results/icra_submission/reruns/gnss_stress_full_v2/rh2/multipath_bursts/seed_11/amcl_ngps/gps_pose.tum,411,0,1.0,2.9187302722417683,2.7609953354490284,2.97783955867184,5.3367772884255285,1.3196192323009328,1.1007762682879558,0.9454425792844954,5.528944108518455,1.4311596748775448,1.3405239868031749,5.1087650662681785,0.6253041362530414,36.0,165.46219038963318,102.17499736932203,30.265753984451294,18.91018657455706,2.838194371370056,0.3746958637469586,0.07785888077858881,0.20681265206812652,0.4257907542579075,nan,nan,nan,nan,nan,nan,nan,nan,nan,nan,nan,nan,nan,nan,1.4311596748775448,1.3405239868031749,5.1087650662681785,0.6253041362530414,36.0,165.46219038963318,102.17499736932203,30.265753984451294,18.91018657455706,2.838194371370056,0.3746958637469586,0.07785888077858881,0.20681265206812652,0.4257907542579075,0.7420363021456711,0.5790547039084831,1.0265739548659396,0.8479611240613726,1.528217582868116,rh2,multipath_bursts,11,AMCL+NoisyGNSS,amcl_ngps,kalman_amcl_degraded_gnss,/home/pulver/projects/vineyard_pf/Outdoor_SLPF_icra_evidence/results/icra_submission/reruns/gnss_stress_full_v2/rh2/multipath_bursts/seed_11/degraded_noisy_gnss.tum,680d1414a182a2a13a538313c3293a3ab6bea2de0d7e69157f4f16f161bb20d8,/home/pulver/projects/vineyard_pf/Outdoor_SLPF_icra_evidence/results/icra_submission/reruns/gnss_stress_full_v2/rh2/multipath_bursts/seed_11/affected_mask.npy,27f6be2e69469ae842fdb84e9c1ba909dcfdfcb20ebf5eb1b389eb8d91a2850f,c8943812d32628c991170d45253e1863f84a6e1dfad4ec8f76f2174595eed591,e6b2e006035edc8bedefa8bfdbda5d0185874d1aa7795a850a559aa448eb9139,1.0
/home/pulver/projects/vineyard_pf/Outdoor_SLPF_icra_evidence/results/icra_submission/reruns/gnss_stress_full_v2/rh2/multipath_bursts/seed_11/rtab_rgb_ngps/trajectory_0.5.tum,/home/pulver/projects/vineyard_pf/Outdoor_SLPF_icra_evidence/results/icra_submission/reruns/gnss_stress_full_v2/rh2/multipath_bursts/seed_11/rtab_rgb_ngps/gps_pose.tum,387,0,1.0,28.65225338487779,24.38648277887924,24.47730226648799,56.46565333892379,3.950381994278619,3.319170249552992,2.719691369659916,11.20851689247151,2.609984084307388,1.9955074571455376,9.250617665981432,0.4470284237726098,26.0,237.95532059669495,144.0446656035322,32.3010356426239,19.091088321494013,5.5401794462897,0.5529715762273901,0.05426356589147287,0.12403100775193798,0.24289405684754523,nan,nan,nan,nan,nan,nan,nan,nan,nan,nan,nan,nan,nan,nan,2.609984084307388,1.9955074571455376,9.250617665981432,0.4470284237726098,26.0,237.95532059669495,144.0446656035322,32.3010356426239,19.091088321494013,5.5401794462897,0.5529715762273901,0.05426356589147287,0.12403100775193798,0.24289405684754523,0.6907220089953282,0.5225226703183666,0.812578349763503,0.7600816253584514,1.089696945468354,rh2,multipath_bursts,11,RTAB RGB+NoisyGNSS,rtab_rgb_ngps,kalman_start_pose_anchored_rtab_degraded_gnss,/home/pulver/projects/vineyard_pf/Outdoor_SLPF_icra_evidence/results/icra_submission/reruns/gnss_stress_full_v2/rh2/multipath_bursts/seed_11/degraded_noisy_gnss.tum,680d1414a182a2a13a538313c3293a3ab6bea2de0d7e69157f4f16f161bb20d8,/home/pulver/projects/vineyard_pf/Outdoor_SLPF_icra_evidence/results/icra_submission/reruns/gnss_stress_full_v2/rh2/multipath_bursts/seed_11/affected_mask.npy,27f6be2e69469ae842fdb84e9c1ba909dcfdfcb20ebf5eb1b389eb8d91a2850f,01b05c062b88d75bf27f2fb23e41d587828e99508a5bd24164b6cecb556324f2,8a6a2b946a52e3890889dfec5d60b021d3e3420615578072dfa7191726484a5a,1.0
/home/pulver/projects/vineyard_pf/Outdoor_SLPF_icra_evidence/results/icra_submission/reruns/gnss_stress_full_v2/rh2/multipath_bursts/seed_11/rtab_rgbd_ngps/trajectory_0.5.tum,/home/pulver/projects/vineyard_pf/Outdoor_SLPF_icra_evidence/results/icra_submission/reruns/gnss_stress_full_v2/rh2/multipath_bursts/seed_11/rtab_rgbd_ngps/gps_pose.tum,407,0,1.0,30.272556849657178,25.810953721377306,24.9197752597951,58.20637244296354,4.302137738289498,3.6249180184309187,3.119374024085413,17.02473550773982,2.855822581290908,2.234764830731158,15.121199455191626,0.4398034398034398,25.0,253.09663701057434,152.65373083900258,41.253002643585205,23.966180840215884,6.106149233560103,0.5601965601965602,0.056511056511056514,0.10319410319410319,0.23095823095823095,nan,nan,nan,nan,nan,nan,nan,nan,nan,nan,nan,nan,nan,nan,2.855822581290908,2.234764830731158,15.121199455191626,0.4398034398034398,25.0,253.09663701057434,152.65373083900258,41.253002643585205,23.966180840215884,6.106149233560103,0.5601965601965602,0.056511056511056514,0.10319410319410319,0.23095823095823095,0.798492387363244,0.9054597123858501,1.3213020551040524,0.915991539911428,1.2913616879080851,rh2,multipath_bursts,11,RTAB RGBD+NoisyGNSS,rtab_rgbd_ngps,kalman_start_pose_anchored_rtab_degraded_gnss,/home/pulver/projects/vineyard_pf/Outdoor_SLPF_icra_evidence/results/icra_submission/reruns/gnss_stress_full_v2/rh2/multipath_bursts/seed_11/degraded_noisy_gnss.tum,680d1414a182a2a13a538313c3293a3ab6bea2de0d7e69157f4f16f161bb20d8,/home/pulver/projects/vineyard_pf/Outdoor_SLPF_icra_evidence/results/icra_submission/reruns/gnss_stress_full_v2/rh2/multipath_bursts/seed_11/affected_mask.npy,27f6be2e69469ae842fdb84e9c1ba909dcfdfcb20ebf5eb1b389eb8d91a2850f,275ddf61cc95622e2c8b1c10893d3997b714efc8ecdcd8b0a094e61c161b23c6,9dd19a58e216a29bae2710f19ad078bddea902639cec39177b3080c46dc6ace9,1.0
/home/pulver/projects/vineyard_pf/Outdoor_SLPF_icra_evidence/results/icra_submission/reruns/gnss_stress_full_v2/rh2/multipath_bursts/seed_22/degraded_noisy_gnss.tum,/home/pulver/projects/vineyard_pf/Outdoor_SLPF_icra_evidence/results/iros_rh2/20260225_105822_multiseed_all_methods/slpf/seed_11/gps_pose.tum,393,0,1.0,4.086624279437401,2.0167163008052214,1.6391229382215302,60.53680929083116,3.9972267062723903,1.9573455864329057,1.5519530400048531,59.48465285374806,2.0019255765028197,1.4797395689855126,54.44916360646187,0.6590330788804071,61.0,536.0,91.18747396878621,32.0,5.608148485386829,1.4948766224391181,0.34096692111959287,0.09414758269720101,0.178117048346056,0.3231552162849873,nan,nan,nan,nan,nan,nan,nan,nan,nan,nan,nan,nan,nan,nan,2.0019255765028197,1.4797395689855126,54.44916360646187,0.6590330788804071,61.0,536.0,91.18747396878621,32.0,5.608148485386829,1.4948766224391181,0.34096692111959287,0.09414758269720101,0.178117048346056,0.3231552162849873,0.5787394532259155,0.30785899988659177,0.11138571312852218,0.5056888346059013,0.18130149449443783,rh2,multipath_bursts,22,NoisyGNSS,ngps,generated_degraded_gnss,/home/pulver/projects/vineyard_pf/Outdoor_SLPF_icra_evidence/results/icra_submission/reruns/gnss_stress_full_v2/rh2/multipath_bursts/seed_22/degraded_noisy_gnss.tum,68e4dfef8f43b0aaa349b0fb6f0aed4c900c6aec00a67c8a92acf0cb4b7278b0,/home/pulver/projects/vineyard_pf/Outdoor_SLPF_icra_evidence/results/icra_submission/reruns/gnss_stress_full_v2/rh2/multipath_bursts/seed_22/affected_mask.npy,27f6be2e69469ae842fdb84e9c1ba909dcfdfcb20ebf5eb1b389eb8d91a2850f,68e4dfef8f43b0aaa349b0fb6f0aed4c900c6aec00a67c8a92acf0cb4b7278b0,3caebb5298055d6773cab3b9a37109e66a0160af5609f294899f8f50f28b88e1,1.0
/home/pulver/projects/vineyard_pf/Outdoor_SLPF_icra_evidence/results/icra_submission/reruns/gnss_stress_full_v2/rh2/multipath_bursts/seed_22/slpf/trajectory_0.5.tum,/home/pulver/projects/vineyard_pf/Outdoor_SLPF_icra_evidence/results/icra_submission/reruns/gnss_stress_full_v2/rh2/multipath_bursts/seed_22/slpf/gps_pose.tum,393,0,1.0,1.2585011611830872,1.1148906799799643,1.0139627636683402,3.340069794855641,1.059828256596808,0.8616801948279306,0.7302714588645614,3.8152829721621764,1.6039508601475903,1.4898795171335364,4.2787379314010625,0.7048346055979644,27.0,464.0,77.6534590942272,68.0,11.863385745792211,2.8760540405269333,0.2951653944020356,0.015267175572519083,0.06615776081424936,0.272264631043257,nan,nan,nan,nan,nan,nan,nan,nan,nan,nan,nan,nan,nan,nan,1.6039508601475903,1.4898795171335364,4.2787379314010625,0.7048346055979644,27.0,464.0,77.6534590942272,68.0,11.863385745792211,2.8760540405269333,0.2951653944020356,0.015267175572519083,0.06615776081424936,0.272264631043257,0.17188888949400516,0.03182765792869196,0.013154167091242982,0.12304412737951498,0.043318506720476185,rh2,multipath_bursts,22,SLPF,slpf,live_external_degraded_gnss,/home/pulver/projects/vineyard_pf/Outdoor_SLPF_icra_evidence/results/icra_submission/reruns/gnss_stress_full_v2/rh2/multipath_bursts/seed_22/degraded_noisy_gnss.tum,68e4dfef8f43b0aaa349b0fb6f0aed4c900c6aec00a67c8a92acf0cb4b7278b0,/home/pulver/projects/vineyard_pf/Outdoor_SLPF_icra_evidence/results/icra_submission/reruns/gnss_stress_full_v2/rh2/multipath_bursts/seed_22/affected_mask.npy,27f6be2e69469ae842fdb84e9c1ba909dcfdfcb20ebf5eb1b389eb8d91a2850f,259c7bfdcbb8158c036995bc2aa18d00adb9b6f8641d205a4046ff0e3a26f714,3caebb5298055d6773cab3b9a37109e66a0160af5609f294899f8f50f28b88e1,1.0
/home/pulver/projects/vineyard_pf/Outdoor_SLPF_icra_evidence/results/icra_submission/reruns/gnss_stress_full_v2/rh2/multipath_bursts/seed_22/amcl_ngps/trajectory_0.5.tum,/home/pulver/projects/vineyard_pf/Outdoor_SLPF_icra_evidence/results/icra_submission/reruns/gnss_stress_full_v2/rh2/multipath_bursts/seed_22/amcl_ngps/gps_pose.tum,412,0,1.0,1.8223763041095113,1.578115226791516,1.581162594079688,9.282630536786835,1.390239631028329,1.1015525137593996,0.9580073853575977,8.97121330052819,1.4345781927601762,1.2369588609905118,10.224225443336906,0.6432038834951457,28.0,161.2001953125,98.61056904377816,30.000314950942993,18.674394591587813,3.5218060372777913,0.3567961165048544,0.07524271844660194,0.24271844660194175,0.47815533980582525,nan,nan,nan,nan,nan,nan,nan,nan,nan,nan,nan,nan,nan,nan,1.4345781927601762,1.2369588609905118,10.224225443336906,0.6432038834951457,28.0,161.2001953125,98.61056904377816,30.000314950942993,18.674394591587813,3.5218060372777913,0.3567961165048544,0.07524271844660194,0.24271844660194175,0.47815533980582525,0.7983063626069766,1.7278910091774335,4.380192477960338,0.8112015276298888,1.585142244176356,rh2,multipath_bursts,22,AMCL+NoisyGNSS,amcl_ngps,kalman_amcl_degraded_gnss,/home/pulver/projects/vineyard_pf/Outdoor_SLPF_icra_evidence/results/icra_submission/reruns/gnss_stress_full_v2/rh2/multipath_bursts/seed_22/degraded_noisy_gnss.tum,68e4dfef8f43b0aaa349b0fb6f0aed4c900c6aec00a67c8a92acf0cb4b7278b0,/home/pulver/projects/vineyard_pf/Outdoor_SLPF_icra_evidence/results/icra_submission/reruns/gnss_stress_full_v2/rh2/multipath_bursts/seed_22/affected_mask.npy,27f6be2e69469ae842fdb84e9c1ba909dcfdfcb20ebf5eb1b389eb8d91a2850f,ab2a5d8cbedbe2fe28e9793ecaf5341d83344f856f503997e4478fa59c809697,e6b2e006035edc8bedefa8bfdbda5d0185874d1aa7795a850a559aa448eb9139,1.0
/home/pulver/projects/vineyard_pf/Outdoor_SLPF_icra_evidence/results/icra_submission/reruns/gnss_stress_full_v2/rh2/multipath_bursts/seed_22/rtab_rgb_ngps/trajectory_0.5.tum,/home/pulver/projects/vineyard_pf/Outdoor_SLPF_icra_evidence/results/icra_submission/reruns/gnss_stress_full_v2/rh2/multipath_bursts/seed_22/rtab_rgb_ngps/gps_pose.tum,385,0,1.0,28.494525583088386,24.248543543889877,24.66552630300097,56.893336777302856,3.946035453674543,3.3823700666254926,2.8475152510566684,11.856580858505465,2.583348082088218,2.1389195123672575,8.77527067246793,0.4155844155844156,26.0,250.63046002388,151.87639979935813,38.78850722312927,22.48371573354351,5.841399992283005,0.5844155844155844,0.07012987012987013,0.10649350649350649,0.22077922077922077,nan,nan,nan,nan,nan,nan,nan,nan,nan,nan,nan,nan,nan,nan,2.583348082088218,2.1389195123672575,8.77527067246793,0.4155844155844156,26.0,250.63046002388,151.87639979935813,38.78850722312927,22.48371573354351,5.841399992283005,0.5844155844155844,0.07012987012987013,0.10649350649350649,0.22077922077922077,0.6588355813382804,0.3900728947925525,0.5987863182233488,0.7376018647575098,1.0993809878571694,rh2,multipath_bursts,22,RTAB RGB+NoisyGNSS,rtab_rgb_ngps,kalman_start_pose_anchored_rtab_degraded_gnss,/home/pulver/projects/vineyard_pf/Outdoor_SLPF_icra_evidence/results/icra_submission/reruns/gnss_stress_full_v2/rh2/multipath_bursts/seed_22/degraded_noisy_gnss.tum,68e4dfef8f43b0aaa349b0fb6f0aed4c900c6aec00a67c8a92acf0cb4b7278b0,/home/pulver/projects/vineyard_pf/Outdoor_SLPF_icra_evidence/results/icra_submission/reruns/gnss_stress_full_v2/rh2/multipath_bursts/seed_22/affected_mask.npy,27f6be2e69469ae842fdb84e9c1ba909dcfdfcb20ebf5eb1b389eb8d91a2850f,49341111df9ade3434a34c91a06ac5406b81ea6be322e621d530c00e0b88648a,1503defd1b14b4241d0f9530c6bd1d2bdde58d08365d9ab5828727c900993062,1.0
/home/pulver/projects/vineyard_pf/Outdoor_SLPF_icra_evidence/results/icra_submission/reruns/gnss_stress_full_v2/rh2/multipath_bursts/seed_22/rtab_rgbd_ngps/trajectory_0.5.tum,/home/pulver/projects/vineyard_pf/Outdoor_SLPF_icra_evidence/results/icra_submission/reruns/gnss_stress_full_v2/rh2/multipath_bursts/seed_22/rtab_rgbd_ngps/gps_pose.tum,407,0,1.0,67.03987977764197,65.96673210772106,65.00711510693013,87.42004171859124,6.743117231459103,5.323220837006473,4.842871948381807,65.6758275454492,3.4879617739123856,2.6808599431452405,51.83225877341713,0.4742014742014742,26.0,235.5139343738556,146.08428200286454,32.502068281173706,20.802189212471152,5.618626230879405,0.5257985257985258,0.03194103194103194,0.085995085995086,0.16953316953316952,nan,nan,nan,nan,nan,nan,nan,nan,nan,nan,nan,nan,nan,nan,3.4879617739123856,2.6808599431452405,51.83225877341713,0.4742014742014742,26.0,235.5139343738556,146.08428200286454,32.502068281173706,20.802189212471152,5.618626230879405,0.5257985257985258,0.03194103194103194,0.085995085995086,0.16953316953316952,0.7969635396492687,2.4247007468365003,1.9882740127807619,0.9173024904981699,1.2921917767632594,rh2,multipath_bursts,22,RTAB RGBD+NoisyGNSS,rtab_rgbd_ngps,kalman_start_pose_anchored_rtab_degraded_gnss,/home/pulver/projects/vineyard_pf/Outdoor_SLPF_icra_evidence/results/icra_submission/reruns/gnss_stress_full_v2/rh2/multipath_bursts/seed_22/degraded_noisy_gnss.tum,68e4dfef8f43b0aaa349b0fb6f0aed4c900c6aec00a67c8a92acf0cb4b7278b0,/home/pulver/projects/vineyard_pf/Outdoor_SLPF_icra_evidence/results/icra_submission/reruns/gnss_stress_full_v2/rh2/multipath_bursts/seed_22/affected_mask.npy,27f6be2e69469ae842fdb84e9c1ba909dcfdfcb20ebf5eb1b389eb8d91a2850f,1e848e13f211b161dc49d31472ff009509385d32d33f35f78e782dafe6ac0677,ef7efe153ecc64b7281b500861a946672253ec165579b3656df3a4731e079932,1.0
/home/pulver/projects/vineyard_pf/Outdoor_SLPF_icra_evidence/results/icra_submission/reruns/gnss_stress_full_v2/rh2/multipath_bursts/seed_33/degraded_noisy_gnss.tum,/home/pulver/projects/vineyard_pf/Outdoor_SLPF_icra_evidence/results/iros_rh2/20260225_105822_multiseed_all_methods/slpf/seed_11/gps_pose.tum,393,0,1.0,4.341178990020047,2.165713715106387,1.5225754383643584,41.154793200163105,4.319212331771991,2.1346782899056427,1.4845509105213595,40.84509625787014,2.0415243147821043,1.4982269245358484,42.37602400983962,0.6539440203562341,65.0,544.0,83.22390534714303,40.0,6.223239588210928,1.2803677745714312,0.3460559796437659,0.07633587786259542,0.17302798982188294,0.3435114503816794,nan,nan,nan,nan,nan,nan,nan,nan,nan,nan,nan,nan,nan,nan,2.0415243147821043,1.4982269245358484,42.37602400983962,0.6539440203562341,65.0,544.0,83.22390534714303,40.0,6.223239588210928,1.2803677745714312,0.3460559796437659,0.07633587786259542,0.17302798982188294,0.3435114503816794,0.7157211222855063,0.3313468790916851,0.12008445198961586,0.5062599178532925,0.183116763461445,rh2,multipath_bursts,33,NoisyGNSS,ngps,generated_degraded_gnss,/home/pulver/projects/vineyard_pf/Outdoor_SLPF_icra_evidence/results/icra_submission/reruns/gnss_stress_full_v2/rh2/multipath_bursts/seed_33/degraded_noisy_gnss.tum,3340c9e1006d11dc1a66fb5b5b40b821469bc1ca1f83ff3743157665ece01e2e,/home/pulver/projects/vineyard_pf/Outdoor_SLPF_icra_evidence/results/icra_submission/reruns/gnss_stress_full_v2/rh2/multipath_bursts/seed_33/affected_mask.npy,27f6be2e69469ae842fdb84e9c1ba909dcfdfcb20ebf5eb1b389eb8d91a2850f,3340c9e1006d11dc1a66fb5b5b40b821469bc1ca1f83ff3743157665ece01e2e,3caebb5298055d6773cab3b9a37109e66a0160af5609f294899f8f50f28b88e1,1.0
/home/pulver/projects/vineyard_pf/Outdoor_SLPF_icra_evidence/results/icra_submission/reruns/gnss_stress_full_v2/rh2/multipath_bursts/seed_33/slpf/trajectory_0.5.tum,/home/pulver/projects/vineyard_pf/Outdoor_SLPF_icra_evidence/results/icra_submission/reruns/gnss_stress_full_v2/rh2/multipath_bursts/seed_33/slpf/gps_pose.tum,393,0,1.0,1.3139028565940276,1.126928474925004,0.9925989602738352,4.062850609198264,1.1807188139679978,1.03567947621625,0.9301494771253819,3.530169040832414,1.517271591362338,1.439812607548409,4.674017467549866,0.6615776081424937,25.0,532.0,87.46196726910549,68.0,11.750518230091972,3.4984786907642196,0.3384223918575064,0.06870229007633588,0.15012722646310434,0.3053435114503817,nan,nan,nan,nan,nan,nan,nan,nan,nan,nan,nan,nan,nan,nan,1.517271591362338,1.439812607548409,4.674017467549866,0.6615776081424937,25.0,532.0,87.46196726910549,68.0,11.750518230091972,3.4984786907642196,0.3384223918575064,0.06870229007633588,0.15012722646310434,0.3053435114503817,0.17571989607818597,0.030396721118897393,0.012636418915844903,0.1372428316375286,0.04859590198920948,rh2,multipath_bursts,33,SLPF,slpf,live_external_degraded_gnss,/home/pulver/projects/vineyard_pf/Outdoor_SLPF_icra_evidence/results/icra_submission/reruns/gnss_stress_full_v2/rh2/multipath_bursts/seed_33/degraded_noisy_gnss.tum,3340c9e1006d11dc1a66fb5b5b40b821469bc1ca1f83ff3743157665ece01e2e,/home/pulver/projects/vineyard_pf/Outdoor_SLPF_icra_evidence/results/icra_submission/reruns/gnss_stress_full_v2/rh2/multipath_bursts/seed_33/affected_mask.npy,27f6be2e69469ae842fdb84e9c1ba909dcfdfcb20ebf5eb1b389eb8d91a2850f,ea35261edfc1d516728bda9bf3f73f9c2fafc7b010d042da3c9d7f449cc47324,3caebb5298055d6773cab3b9a37109e66a0160af5609f294899f8f50f28b88e1,1.0
/home/pulver/projects/vineyard_pf/Outdoor_SLPF_icra_evidence/results/icra_submission/reruns/gnss_stress_full_v2/rh2/multipath_bursts/seed_33/amcl_ngps/trajectory_0.5.tum,/home/pulver/projects/vineyard_pf/Outdoor_SLPF_icra_evidence/results/icra_submission/reruns/gnss_stress_full_v2/rh2/multipath_bursts/seed_33/amcl_ngps/gps_pose.tum,413,0,1.0,2.9955076552981508,2.8246903599971103,3.0063290153177227,6.482060415834469,1.4859242307739229,1.2185026773204959,0.9979677862007752,6.285521506266218,1.454167402533759,1.3935222371020581,5.876220811983044,0.6077481840193705,30.0,173.46821808815002,107.60901470125114,34.79974579811096,21.734166791593637,3.586967156708371,0.3922518159806295,0.08958837772397095,0.19854721549636803,0.3946731234866828,nan,nan,nan,nan,nan,nan,nan,nan,nan,nan,nan,nan,nan,nan,1.454167402533759,1.3935222371020581,5.876220811983044,0.6077481840193705,30.0,173.46821808815002,107.60901470125114,34.79974579811096,21.734166791593637,3.586967156708371,0.3922518159806295,0.08958837772397095,0.19854721549636803,0.3946731234866828,0.7859675268042324,0.7068321517133985,1.339724825255006,0.8971700565537027,1.6132284577918206,rh2,multipath_bursts,33,AMCL+NoisyGNSS,amcl_ngps,kalman_amcl_degraded_gnss,/home/pulver/projects/vineyard_pf/Outdoor_SLPF_icra_evidence/results/icra_submission/reruns/gnss_stress_full_v2/rh2/multipath_bursts/seed_33/degraded_noisy_gnss.tum,3340c9e1006d11dc1a66fb5b5b40b821469bc1ca1f83ff3743157665ece01e2e,/home/pulver/projects/vineyard_pf/Outdoor_SLPF_icra_evidence/results/icra_submission/reruns/gnss_stress_full_v2/rh2/multipath_bursts/seed_33/affected_mask.npy,27f6be2e69469ae842fdb84e9c1ba909dcfdfcb20ebf5eb1b389eb8d91a2850f,39af3b912bf2f724c997379e4a6cc12dcd3176f8da23ae323fc11c658e3901ad,e6b2e006035edc8bedefa8bfdbda5d0185874d1aa7795a850a559aa448eb9139,1.0
/home/pulver/projects/vineyard_pf/Outdoor_SLPF_icra_evidence/results/icra_submission/reruns/gnss_stress_full_v2/rh2/multipath_bursts/seed_33/rtab_rgb_ngps/trajectory_0.5.tum,/home/pulver/projects/vineyard_pf/Outdoor_SLPF_icra_evidence/results/icra_submission/reruns/gnss_stress_full_v2/rh2/multipath_bursts/seed_33/rtab_rgb_ngps/gps_pose.tum,402,0,1.0,29.89801273819432,25.389136776125472,24.803651959207723,56.777378527183785,4.3390621558605025,3.6585406936029488,2.9562364809652983,10.477245955857198,2.830405059427992,2.0974140579484786,9.601303011143926,0.4601990049751244,24.0,242.97835326194763,146.3114652450841,40.86114454269409,23.63334302138007,6.096311051878504,0.5398009950248757,0.06965174129353234,0.11940298507462686,0.24129353233830847,nan,nan,nan,nan,nan,nan,nan,nan,nan,nan,nan,nan,nan,nan,2.830405059427992,2.0974140579484786,9.601303011143926,0.4601990049751244,24.0,242.97835326194763,146.3114652450841,40.86114454269409,23.63334302138007,6.096311051878504,0.5398009950248757,0.06965174129353234,0.11940298507462686,0.24129353233830847,0.6871600619343259,0.5019252948265981,0.7489482247497373,0.8043734765371751,1.1438125996576585,rh2,multipath_bursts,33,RTAB RGB+NoisyGNSS,rtab_rgb_ngps,kalman_start_pose_anchored_rtab_degraded_gnss,/home/pulver/projects/vineyard_pf/Outdoor_SLPF_icra_evidence/results/icra_submission/reruns/gnss_stress_full_v2/rh2/multipath_bursts/seed_33/degraded_noisy_gnss.tum,3340c9e1006d11dc1a66fb5b5b40b821469bc1ca1f83ff3743157665ece01e2e,/home/pulver/projects/vineyard_pf/Outdoor_SLPF_icra_evidence/results/icra_submission/reruns/gnss_stress_full_v2/rh2/multipath_bursts/seed_33/affected_mask.npy,27f6be2e69469ae842fdb84e9c1ba909dcfdfcb20ebf5eb1b389eb8d91a2850f,ad5f33d84b33b305e4292127b3634d65a506647d79c50a86a150ba59eec02b06,e262af8871f842305c0fd107e6ca0f1158382e99dc36246cac560609f82381f9,1.0
/home/pulver/projects/vineyard_pf/Outdoor_SLPF_icra_evidence/results/icra_submission/reruns/gnss_stress_full_v2/rh2/multipath_bursts/seed_33/rtab_rgbd_ngps/trajectory_0.5.tum,/home/pulver/projects/vineyard_pf/Outdoor_SLPF_icra_evidence/results/icra_submission/reruns/gnss_stress_full_v2/rh2/multipath_bursts/seed_33/rtab_rgbd_ngps/gps_pose.tum,405,0,1.0,29.7854868472313,25.30961823481585,24.976930970929082,56.6443045444517,4.360627661168937,3.6912042274149512,2.9944736478077205,10.622566495414707,2.8651504716093017,2.277291555141353,9.40263500231977,0.4469135802469136,27.0,247.4399893283844,149.48413537887467,40.094956398010254,22.88231970772931,5.53644945847684,0.5530864197530864,0.04938271604938271,0.1037037037037037,0.23950617283950618,nan,nan,nan,nan,nan,nan,nan,nan,nan,nan,nan,nan,nan,nan,2.8651504716093017,2.277291555141353,9.40263500231977,0.4469135802469136,27.0,247.4399893283844,149.48413537887467,40.094956398010254,22.88231970772931,5.53644945847684,0.5530864197530864,0.04938271604938271,0.1037037037037037,0.23950617283950618,0.7640164635991761,0.655421605896759,0.9478361325282227,0.9503358749521597,1.3400447673578875,rh2,multipath_bursts,33,RTAB RGBD+NoisyGNSS,rtab_rgbd_ngps,kalman_start_pose_anchored_rtab_degraded_gnss,/home/pulver/projects/vineyard_pf/Outdoor_SLPF_icra_evidence/results/icra_submission/reruns/gnss_stress_full_v2/rh2/multipath_bursts/seed_33/degraded_noisy_gnss.tum,3340c9e1006d11dc1a66fb5b5b40b821469bc1ca1f83ff3743157665ece01e2e,/home/pulver/projects/vineyard_pf/Outdoor_SLPF_icra_evidence/results/icra_submission/reruns/gnss_stress_full_v2/rh2/multipath_bursts/seed_33/affected_mask.npy,27f6be2e69469ae842fdb84e9c1ba909dcfdfcb20ebf5eb1b389eb8d91a2850f,20583f4e76802becdec569cf7c74c3821c27aed3dd1d0ebeea69542711f10451,82e315d25bd7538831ee22871141460c6977bff5c15072b21c5496eb92f88882,1.0
/home/pulver/projects/vineyard_pf/Outdoor_SLPF_icra_evidence/results/icra_submission/reruns/gnss_stress_full_v2/rh2/outage_5s/seed_11/degraded_noisy_gnss.tum,/home/pulver/projects/vineyard_pf/Outdoor_SLPF_icra_evidence/results/iros_rh2/20260225_105822_multiseed_all_methods/slpf/seed_11/gps_pose.tum,392,1,1.0,1.3091898575833107,1.1694772845773178,1.0819075155238833,3.4674970024140195,1.3045009665545253,1.160907294548843,1.0615974592503927,3.4002851961920224,1.5075745886185594,1.4547445058615533,4.629792785892852,0.6632653061224489,49.0,528.0,91.1089670039045,72.0,12.56302610347364,1.8593666735490713,0.336734693877551,0.08163265306122448,0.1683673469387755,0.32908163265306123,nan,nan,nan,nan,nan,nan,nan,nan,nan,nan,nan,nan,nan,nan,1.5075745886185594,1.4547445058615533,4.629792785892852,0.6632653061224489,49.0,528.0,91.1089670039045,72.0,12.56302610347364,1.8593666735490713,0.336734693877551,0.08163265306122448,0.1683673469387755,0.32908163265306123,0.32753079330249163,0.06434964222381569,0.028324574955701252,0.46131620409882995,0.1723309830118299,rh2,outage_5s,11,NoisyGNSS,ngps,generated_degraded_gnss,/home/pulver/projects/vineyard_pf/Outdoor_SLPF_icra_evidence/results/icra_submission/reruns/gnss_stress_full_v2/rh2/outage_5s/seed_11/degraded_noisy_gnss.tum,bdd450e849dbd435f0810f0721c1cea5efa50d7a2e399bb8d5a706477f7a4ce4,/home/pulver/projects/vineyard_pf/Outdoor_SLPF_icra_evidence/results/icra_submission/reruns/gnss_stress_full_v2/rh2/outage_5s/seed_11/affected_mask.npy,27f6be2e69469ae842fdb84e9c1ba909dcfdfcb20ebf5eb1b389eb8d91a2850f,bdd450e849dbd435f0810f0721c1cea5efa50d7a2e399bb8d5a706477f7a4ce4,3caebb5298055d6773cab3b9a37109e66a0160af5609f294899f8f50f28b88e1,1.0
/home/pulver/projects/vineyard_pf/Outdoor_SLPF_icra_evidence/results/icra_submission/reruns/gnss_stress_full_v2/rh2/outage_5s/seed_11/slpf/trajectory_0.5.tum,/home/pulver/projects/vineyard_pf/Outdoor_SLPF_icra_evidence/results/icra_submission/reruns/gnss_stress_full_v2/rh2/outage_5s/seed_11/slpf/gps_pose.tum,393,0,1.0,1.0588438164021823,0.8984242314142886,0.7936364669809027,3.055861740802547,1.0213825779045946,0.8696118421684655,0.7221630005780824,2.783111136551459,1.5059742446489546,1.372381326941241,4.519052811980739,0.6692111959287532,26.0,520.0,94.41473242933145,108.0,21.404853316428067,3.631335862666594,0.33078880407124683,0.03307888040712468,0.07888040712468193,0.33078880407124683,nan,nan,nan,nan,nan,nan,nan,nan,nan,nan,nan,nan,nan,nan,1.5059742446489546,1.372381326941241,4.519052811980739,0.6692111959287532,26.0,520.0,94.41473242933145,108.0,21.404853316428067,3.631335862666594,0.33078880407124683,0.03307888040712468,0.07888040712468193,0.33078880407124683,0.17295791179314968,0.03069723511371712,0.012720409017834583,0.12093739049773679,0.041836170978475806,rh2,outage_5s,11,SLPF,slpf,live_external_degraded_gnss,/home/pulver/projects/vineyard_pf/Outdoor_SLPF_icra_evidence/results/icra_submission/reruns/gnss_stress_full_v2/rh2/outage_5s/seed_11/degraded_noisy_gnss.tum,bdd450e849dbd435f0810f0721c1cea5efa50d7a2e399bb8d5a706477f7a4ce4,/home/pulver/projects/vineyard_pf/Outdoor_SLPF_icra_evidence/results/icra_submission/reruns/gnss_stress_full_v2/rh2/outage_5s/seed_11/affected_mask.npy,27f6be2e69469ae842fdb84e9c1ba909dcfdfcb20ebf5eb1b389eb8d91a2850f,9d6f9a499694f8c89ae98f8e70e3e1c3b0bf6cecc887a97eb4e93c5cb29eca3b,3caebb5298055d6773cab3b9a37109e66a0160af5609f294899f8f50f28b88e1,1.0
/home/pulver/projects/vineyard_pf/Outdoor_SLPF_icra_evidence/results/icra_submission/reruns/gnss_stress_full_v2/rh2/outage_5s/seed_11/amcl_ngps/trajectory_0.5.tum,/home/pulver/projects/vineyard_pf/Outdoor_SLPF_icra_evidence/results/icra_submission/reruns/gnss_stress_full_v2/rh2/outage_5s/seed_11/amcl_ngps/gps_pose.tum,411,0,1.0,2.949750520560778,2.7658691431519458,3.1204296546782118,6.2105725171540085,1.3257342724616274,1.0970418746621122,0.9278365984505319,5.7099128955276965,1.4176771022143364,1.4128536769944993,5.0023709350064935,0.6082725060827251,29.0,174.79910945892334,107.44085528409215,34.79898118972778,21.638929287805365,3.7048570787617985,0.39172749391727496,0.10948905109489052,0.26763990267639903,0.43795620437956206,nan,nan,nan,nan,nan,nan,nan,nan,nan,nan,nan,nan,nan,nan,1.4176771022143364,1.4128536769944993,5.0023709350064935,0.6082725060827251,29.0,174.79910945892334,107.44085528409215,34.79898118972778,21.638929287805365,3.7048570787617985,0.39172749391727496,0.10948905109489052,0.26763990267639903,0.43795620437956206,0.6659079958211918,0.38080964023769737,0.6724913053761209,0.5558716612539821,0.9979891807315594,rh2,outage_5s,11,AMCL+NoisyGNSS,amcl_ngps,kalman_amcl_degraded_gnss,/home/pulver/projects/vineyard_pf/Outdoor_SLPF_icra_evidence/results/icra_submission/reruns/gnss_stress_full_v2/rh2/outage_5s/seed_11/degraded_noisy_gnss.tum,bdd450e849dbd435f0810f0721c1cea5efa50d7a2e399bb8d5a706477f7a4ce4,/home/pulver/projects/vineyard_pf/Outdoor_SLPF_icra_evidence/results/icra_submission/reruns/gnss_stress_full_v2/rh2/outage_5s/seed_11/affected_mask.npy,27f6be2e69469ae842fdb84e9c1ba909dcfdfcb20ebf5eb1b389eb8d91a2850f,7b2bead47c4571cad2591330e1124ff96b4fa14a69c4fb3dd3824e0ed8355986,e6b2e006035edc8bedefa8bfdbda5d0185874d1aa7795a850a559aa448eb9139,1.0
/home/pulver/projects/vineyard_pf/Outdoor_SLPF_icra_evidence/results/icra_submission/reruns/gnss_stress_full_v2/rh2/outage_5s/seed_11/rtab_rgb_ngps/trajectory_0.5.tum,/home/pulver/projects/vineyard_pf/Outdoor_SLPF_icra_evidence/results/icra_submission/reruns/gnss_stress_full_v2/rh2/outage_5s/seed_11/rtab_rgb_ngps/gps_pose.tum,387,0,1.0,28.763954817698924,24.455503263843337,24.5295013867963,56.40592859478498,4.145768455678379,3.4312827624326854,2.7365702181848675,13.046469223614992,2.68122029288424,2.0410731231088888,9.689432670489925,0.4392764857881137,23.0,242.6650357246399,146.97725723508404,43.15499019622803,25.200256616114576,6.390315531960176,0.5607235142118863,0.059431524547803614,0.10852713178294573,0.23255813953488372,nan,nan,nan,nan,nan,nan,nan,nan,nan,nan,nan,nan,nan,nan,2.68122029288424,2.0410731231088888,9.689432670489925,0.4392764857881137,23.0,242.6650357246399,146.97725723508404,43.15499019622803,25.200256616114576,6.390315531960176,0.5607235142118863,0.059431524547803614,0.10852713178294573,0.23255813953488372,0.6635170042184024,0.7067804028926318,1.1034483672453241,0.5062868112225497,0.7119452291921631,rh2,outage_5s,11,RTAB RGB+NoisyGNSS,rtab_rgb_ngps,kalman_start_pose_anchored_rtab_degraded_gnss,/home/pulver/projects/vineyard_pf/Outdoor_SLPF_icra_evidence/results/icra_submission/reruns/gnss_stress_full_v2/rh2/outage_5s/seed_11/degraded_noisy_gnss.tum,bdd450e849dbd435f0810f0721c1cea5efa50d7a2e399bb8d5a706477f7a4ce4,/home/pulver/projects/vineyard_pf/Outdoor_SLPF_icra_evidence/results/icra_submission/reruns/gnss_stress_full_v2/rh2/outage_5s/seed_11/affected_mask.npy,27f6be2e69469ae842fdb84e9c1ba909dcfdfcb20ebf5eb1b389eb8d91a2850f,d742e5b82956ebc6ec9bf4cada009b3c324246d29691f2fe411effddc8032fb8,8a6a2b946a52e3890889dfec5d60b021d3e3420615578072dfa7191726484a5a,1.0
/home/pulver/projects/vineyard_pf/Outdoor_SLPF_icra_evidence/results/icra_submission/reruns/gnss_stress_full_v2/rh2/outage_5s/seed_11/rtab_rgbd_ngps/trajectory_0.5.tum,/home/pulver/projects/vineyard_pf/Outdoor_SLPF_icra_evidence/results/icra_submission/reruns/gnss_stress_full_v2/rh2/outage_5s/seed_11/rtab_rgbd_ngps/gps_pose.tum,407,0,1.0,30.40269234911972,25.884523950865823,24.875457722827846,57.648783765926204,4.441191953862797,3.68462194359315,2.9924792849055186,14.269425541687395,2.9141253415477744,2.224340228577216,11.753030518408606,0.44717444717444715,22.0,250.5293629169464,150.90195345803005,41.253002643585205,23.966180840215884,6.8591797026377295,0.5528255528255528,0.03931203931203931,0.085995085995086,0.19656019656019655,nan,nan,nan,nan,nan,nan,nan,nan,nan,nan,nan,nan,nan,nan,2.9141253415477744,2.224340228577216,11.753030518408606,0.44717444717444715,22.0,250.5293629169464,150.90195345803005,41.253002643585205,23.966180840215884,6.8591797026377295,0.5528255528255528,0.03931203931203931,0.085995085995086,0.19656019656019655,0.6465570850679269,0.6419783350228698,0.9149711608475073,0.6133076084178647,0.8278595161228182,rh2,outage_5s,11,RTAB RGBD+NoisyGNSS,rtab_rgbd_ngps,kalman_start_pose_anchored_rtab_degraded_gnss,/home/pulver/projects/vineyard_pf/Outdoor_SLPF_icra_evidence/results/icra_submission/reruns/gnss_stress_full_v2/rh2/outage_5s/seed_11/degraded_noisy_gnss.tum,bdd450e849dbd435f0810f0721c1cea5efa50d7a2e399bb8d5a706477f7a4ce4,/home/pulver/projects/vineyard_pf/Outdoor_SLPF_icra_evidence/results/icra_submission/reruns/gnss_stress_full_v2/rh2/outage_5s/seed_11/affected_mask.npy,27f6be2e69469ae842fdb84e9c1ba909dcfdfcb20ebf5eb1b389eb8d91a2850f,92ca8a2f626040505611d5b1c33a873ca4a1ed72b25b9df7b4376da6d3d41a71,9dd19a58e216a29bae2710f19ad078bddea902639cec39177b3080c46dc6ace9,1.0
/home/pulver/projects/vineyard_pf/Outdoor_SLPF_icra_evidence/results/icra_submission/reruns/gnss_stress_full_v2/rh2/outage_5s/seed_22/degraded_noisy_gnss.tum,/home/pulver/projects/vineyard_pf/Outdoor_SLPF_icra_evidence/results/iros_rh2/20260225_105822_multiseed_all_methods/slpf/seed_11/gps_pose.tum,392,1,1.0,1.3076777960952142,1.1156061252997775,1.0839497461703937,9.160692382927529,1.2624484337769766,1.0722033038359986,0.9757371673530141,9.204304824126087,1.4728092396492467,1.3361251575131416,4.99741993045647,0.7270408163265306,53.0,428.0,68.17697425602816,28.0,5.1161238677409475,1.28635800483072,0.2729591836734694,0.08673469387755102,0.1836734693877551,0.38010204081632654,nan,nan,nan,nan,nan,nan,nan,nan,nan,nan,nan,nan,nan,nan,1.4728092396492467,1.3361251575131416,4.99741993045647,0.7270408163265306,53.0,428.0,68.17697425602816,28.0,5.1161238677409475,1.28635800483072,0.2729591836734694,0.08673469387755102,0.1836734693877551,0.38010204081632654,0.324559730722741,0.06900080794049454,0.0288528376928542,0.483048274206371,0.17989831062283318,rh2,outage_5s,22,NoisyGNSS,ngps,generated_degraded_gnss,/home/pulver/projects/vineyard_pf/Outdoor_SLPF_icra_evidence/results/icra_submission/reruns/gnss_stress_full_v2/rh2/outage_5s/seed_22/degraded_noisy_gnss.tum,ae8e1ed3dedfe4286a83e259138c42940ab13cebfba262855f12ecf525925771,/home/pulver/projects/vineyard_pf/Outdoor_SLPF_icra_evidence/results/icra_submission/reruns/gnss_stress_full_v2/rh2/outage_5s/seed_22/affected_mask.npy,27f6be2e69469ae842fdb84e9c1ba909dcfdfcb20ebf5eb1b389eb8d91a2850f,ae8e1ed3dedfe4286a83e259138c42940ab13cebfba262855f12ecf525925771,3caebb5298055d6773cab3b9a37109e66a0160af5609f294899f8f50f28b88e1,1.0
/home/pulver/projects/vineyard_pf/Outdoor_SLPF_icra_evidence/results/icra_submission/reruns/gnss_stress_full_v2/rh2/outage_5s/seed_22/slpf/trajectory_0.5.tum,/home/pulver/projects/vineyard_pf/Outdoor_SLPF_icra_evidence/results/icra_submission/reruns/gnss_stress_full_v2/rh2/outage_5s/seed_22/slpf/gps_pose.tum,393,0,1.0,0.8538305546624686,0.7602017911410467,0.7189423484478158,2.5838528312979885,0.7355627194337814,0.6273204109598194,0.5622912098853917,2.931354724140498,1.4823946441524,1.3095341788813388,4.171783446922421,0.7633587786259542,20.0,372.0,63.59553658707004,88.0,14.73697146229171,3.1797768293535023,0.2366412213740458,0.015267175572519083,0.04071246819338423,0.2926208651399491,nan,nan,nan,nan,nan,nan,nan,nan,nan,nan,nan,nan,nan,nan,1.4823946441524,1.3095341788813388,4.171783446922421,0.7633587786259542,20.0,372.0,63.59553658707004,88.0,14.73697146229171,3.1797768293535023,0.2366412213740458,0.015267175572519083,0.04071246819338423,0.2926208651399491,0.1713055675754879,0.030726852167135513,0.012813193822495779,0.13064738140629256,0.04873122927759044,rh2,outage_5s,22,SLPF,slpf,live_external_degraded_gnss,/home/pulver/projects/vineyard_pf/Outdoor_SLPF_icra_evidence/results/icra_submission/reruns/gnss_stress_full_v2/rh2/outage_5s/seed_22/degraded_noisy_gnss.tum,ae8e1ed3dedfe4286a83e259138c42940ab13cebfba262855f12ecf525925771,/home/pulver/projects/vineyard_pf/Outdoor_SLPF_icra_evidence/results/icra_submission/reruns/gnss_stress_full_v2/rh2/outage_5s/seed_22/affected_mask.npy,27f6be2e69469ae842fdb84e9c1ba909dcfdfcb20ebf5eb1b389eb8d91a2850f,d54f4faf73d453b4e7d89ee568bdf2c5a6b652462b2de9a37b8ae8bb2f9ca347,3caebb5298055d6773cab3b9a37109e66a0160af5609f294899f8f50f28b88e1,1.0
/home/pulver/projects/vineyard_pf/Outdoor_SLPF_icra_evidence/results/icra_submission/reruns/gnss_stress_full_v2/rh2/outage_5s/seed_22/amcl_ngps/trajectory_0.5.tum,/home/pulver/projects/vineyard_pf/Outdoor_SLPF_icra_evidence/results/icra_submission/reruns/gnss_stress_full_v2/rh2/outage_5s/seed_22/amcl_ngps/gps_pose.tum,412,0,1.0,1.6469218027247035,1.4593540374564005,1.6267167170875099,4.663171147049001,1.1535017401275958,1.0071774518345316,0.9402642351092669,5.3365034932564885,1.3178167400929877,1.0844597003365515,4.287041231671216,0.6456310679611651,26.0,160.86501908302307,98.38407679780386,33.73325181007385,21.060372598015828,3.7840029537616866,0.35436893203883496,0.0970873786407767,0.32038834951456313,0.49029126213592233,nan,nan,nan,nan,nan,nan,nan,nan,nan,nan,nan,nan,nan,nan,1.3178167400929877,1.0844597003365515,4.287041231671216,0.6456310679611651,26.0,160.86501908302307,98.38407679780386,33.73325181007385,21.060372598015828,3.7840029537616866,0.35436893203883496,0.0970873786407767,0.32038834951456313,0.49029126213592233,0.6592969240751557,0.517990049035744,1.6623563751358514,0.6235464287790614,1.5997383569385897,rh2,outage_5s,22,AMCL+NoisyGNSS,amcl_ngps,kalman_amcl_degraded_gnss,/home/pulver/projects/vineyard_pf/Outdoor_SLPF_icra_evidence/results/icra_submission/reruns/gnss_stress_full_v2/rh2/outage_5s/seed_22/degraded_noisy_gnss.tum,ae8e1ed3dedfe4286a83e259138c42940ab13cebfba262855f12ecf525925771,/home/pulver/projects/vineyard_pf/Outdoor_SLPF_icra_evidence/results/icra_submission/reruns/gnss_stress_full_v2/rh2/outage_5s/seed_22/affected_mask.npy,27f6be2e69469ae842fdb84e9c1ba909dcfdfcb20ebf5eb1b389eb8d91a2850f,f35e907d43806436f45a2d8da8c01c707aa1b1dd32a4df24ddeeaf39bdd9cf10,e6b2e006035edc8bedefa8bfdbda5d0185874d1aa7795a850a559aa448eb9139,1.0
/home/pulver/projects/vineyard_pf/Outdoor_SLPF_icra_evidence/results/icra_submission/reruns/gnss_stress_full_v2/rh2/outage_5s/seed_22/rtab_rgb_ngps/trajectory_0.5.tum,/home/pulver/projects/vineyard_pf/Outdoor_SLPF_icra_evidence/results/icra_submission/reruns/gnss_stress_full_v2/rh2/outage_5s/seed_22/rtab_rgb_ngps/gps_pose.tum,385,0,1.0,28.569304674465883,24.29574669775048,24.61925239213371,56.70845613136315,4.084026540461908,3.420921117377484,2.8462269894950296,12.393918421561517,2.638657991479554,2.079812113385634,9.248265708427432,0.412987012987013,25.0,252.42763090133667,153.3478935500367,44.157429695129395,25.836803363013697,6.133915742001468,0.587012987012987,0.05454545454545454,0.1012987012987013,0.22337662337662337,nan,nan,nan,nan,nan,nan,nan,nan,nan,nan,nan,nan,nan,nan,2.638657991479554,2.079812113385634,9.248265708427432,0.412987012987013,25.0,252.42763090133667,153.3478935500367,44.157429695129395,25.836803363013697,6.133915742001468,0.587012987012987,0.05454545454545454,0.1012987012987013,0.22337662337662337,0.6545123654317634,0.6940911837918928,1.0737160639729684,0.4640514899297973,0.6112660916877506,rh2,outage_5s,22,RTAB RGB+NoisyGNSS,rtab_rgb_ngps,kalman_start_pose_anchored_rtab_degraded_gnss,/home/pulver/projects/vineyard_pf/Outdoor_SLPF_icra_evidence/results/icra_submission/reruns/gnss_stress_full_v2/rh2/outage_5s/seed_22/degraded_noisy_gnss.tum,ae8e1ed3dedfe4286a83e259138c42940ab13cebfba262855f12ecf525925771,/home/pulver/projects/vineyard_pf/Outdoor_SLPF_icra_evidence/results/icra_submission/reruns/gnss_stress_full_v2/rh2/outage_5s/seed_22/affected_mask.npy,27f6be2e69469ae842fdb84e9c1ba909dcfdfcb20ebf5eb1b389eb8d91a2850f,5b1119cdb360050613c5e44ff4e93444d52035c0579be7a770e00c1497786970,1503defd1b14b4241d0f9530c6bd1d2bdde58d08365d9ab5828727c900993062,1.0
/home/pulver/projects/vineyard_pf/Outdoor_SLPF_icra_evidence/results/icra_submission/reruns/gnss_stress_full_v2/rh2/outage_5s/seed_22/rtab_rgbd_ngps/trajectory_0.5.tum,/home/pulver/projects/vineyard_pf/Outdoor_SLPF_icra_evidence/results/icra_submission/reruns/gnss_stress_full_v2/rh2/outage_5s/seed_22/rtab_rgbd_ngps/gps_pose.tum,407,0,1.0,67.30049824470616,66.1383947620512,64.95497709259082,99.13137092962447,7.063501777471001,5.55335502222309,4.8126207079382315,58.7956595577486,3.69289516944983,2.764941683350434,45.31081447758401,0.4643734643734644,25.0,242.45203852653503,150.35408766518347,34.60485792160034,22.47696730123196,6.014163506607339,0.5356265356265356,0.03194103194103194,0.06633906633906633,0.16953316953316952,nan,nan,nan,nan,nan,nan,nan,nan,nan,nan,nan,nan,nan,nan,3.69289516944983,2.764941683350434,45.31081447758401,0.4643734643734644,25.0,242.45203852653503,150.35408766518347,34.60485792160034,22.47696730123196,6.014163506607339,0.5356265356265356,0.03194103194103194,0.06633906633906633,0.16953316953316952,0.8309530177101091,2.617946197853061,2.6516161875851796,0.7704558272289999,1.044516426267657,rh2,outage_5s,22,RTAB RGBD+NoisyGNSS,rtab_rgbd_ngps,kalman_start_pose_anchored_rtab_degraded_gnss,/home/pulver/projects/vineyard_pf/Outdoor_SLPF_icra_evidence/results/icra_submission/reruns/gnss_stress_full_v2/rh2/outage_5s/seed_22/degraded_noisy_gnss.tum,ae8e1ed3dedfe4286a83e259138c42940ab13cebfba262855f12ecf525925771,/home/pulver/projects/vineyard_pf/Outdoor_SLPF_icra_evidence/results/icra_submission/reruns/gnss_stress_full_v2/rh2/outage_5s/seed_22/affected_mask.npy,27f6be2e69469ae842fdb84e9c1ba909dcfdfcb20ebf5eb1b389eb8d91a2850f,b8b81ebb783eebca5d293f7c1e9473f409928058b61cf2c1956d9a89e5ae679b,ef7efe153ecc64b7281b500861a946672253ec165579b3656df3a4731e079932,1.0
/home/pulver/projects/vineyard_pf/Outdoor_SLPF_icra_evidence/results/icra_submission/reruns/gnss_stress_full_v2/rh2/outage_5s/seed_33/degraded_noisy_gnss.tum,/home/pulver/projects/vineyard_pf/Outdoor_SLPF_icra_evidence/results/iros_rh2/20260225_105822_multiseed_all_methods/slpf/seed_11/gps_pose.tum,392,1,1.0,1.7889418973163127,1.1555930085159236,0.9850293179248358,16.61135091458443,1.7661365421414779,1.1400848689572218,0.9978483569464827,16.609888912639168,1.4332999649329914,1.288893798679283,14.558651790284065,0.7321428571428571,55.0,420.0,64.70976028413571,20.0,4.240743705718575,1.1765410960751947,0.26785714285714285,0.10459183673469388,0.17857142857142858,0.3877551020408163,nan,nan,nan,nan,nan,nan,nan,nan,nan,nan,nan,nan,nan,nan,1.4332999649329914,1.288893798679283,14.558651790284065,0.7321428571428571,55.0,420.0,64.70976028413571,20.0,4.240743705718575,1.1765410960751947,0.26785714285714285,0.10459183673469388,0.17857142857142858,0.3877551020408163,0.36978484957310437,0.10440295279791756,0.0402951181193064,0.48050022413014576,0.17886716084016482,rh2,outage_5s,33,NoisyGNSS,ngps,generated_degraded_gnss,/home/pulver/projects/vineyard_pf/Outdoor_SLPF_icra_evidence/results/icra_submission/reruns/gnss_stress_full_v2/rh2/outage_5s/seed_33/degraded_noisy_gnss.tum,f6bb0ccbd173b5760773edace18ca530e285125a9cf7ffd7f7e60a04b8ff302f,/home/pulver/projects/vineyard_pf/Outdoor_SLPF_icra_evidence/results/icra_submission/reruns/gnss_stress_full_v2/rh2/outage_5s/seed_33/affected_mask.npy,27f6be2e69469ae842fdb84e9c1ba909dcfdfcb20ebf5eb1b389eb8d91a2850f,f6bb0ccbd173b5760773edace18ca530e285125a9cf7ffd7f7e60a04b8ff302f,3caebb5298055d6773cab3b9a37109e66a0160af5609f294899f8f50f28b88e1,1.0
/home/pulver/projects/vineyard_pf/Outdoor_SLPF_icra_evidence/results/icra_submission/reruns/gnss_stress_full_v2/rh2/outage_5s/seed_33/slpf/trajectory_0.5.tum,/home/pulver/projects/vineyard_pf/Outdoor_SLPF_icra_evidence/results/icra_submission/reruns/gnss_stress_full_v2/rh2/outage_5s/seed_33/slpf/gps_pose.tum,393,0,1.0,0.9206101064265994,0.787961245940952,0.7038181784234867,3.5863187211785643,0.8436939542870087,0.7158870575325782,0.6316202679328186,3.2199105468755014,1.4717507920370911,1.3925462476956292,4.534489674657835,0.6946564885496184,26.0,480.0,81.26039660235557,52.0,8.389356492830105,3.125399869321368,0.3053435114503817,0.030534351145038167,0.08396946564885496,0.3053435114503817,nan,nan,nan,nan,nan,nan,nan,nan,nan,nan,nan,nan,nan,nan,1.4717507920370911,1.3925462476956292,4.534489674657835,0.6946564885496184,26.0,480.0,81.26039660235557,52.0,8.389356492830105,3.125399869321368,0.3053435114503817,0.030534351145038167,0.08396946564885496,0.3053435114503817,0.17312408217320688,0.03054996852926122,0.012714313551587362,0.12799412850713676,0.04552065876962275,rh2,outage_5s,33,SLPF,slpf,live_external_degraded_gnss,/home/pulver/projects/vineyard_pf/Outdoor_SLPF_icra_evidence/results/icra_submission/reruns/gnss_stress_full_v2/rh2/outage_5s/seed_33/degraded_noisy_gnss.tum,f6bb0ccbd173b5760773edace18ca530e285125a9cf7ffd7f7e60a04b8ff302f,/home/pulver/projects/vineyard_pf/Outdoor_SLPF_icra_evidence/results/icra_submission/reruns/gnss_stress_full_v2/rh2/outage_5s/seed_33/affected_mask.npy,27f6be2e69469ae842fdb84e9c1ba909dcfdfcb20ebf5eb1b389eb8d91a2850f,4a1ba749c174a08ad1441c3b5f4a7b7e8857d2e104b9edc5df4ad458abece053,3caebb5298055d6773cab3b9a37109e66a0160af5609f294899f8f50f28b88e1,1.0
/home/pulver/projects/vineyard_pf/Outdoor_SLPF_icra_evidence/results/icra_submission/reruns/gnss_stress_full_v2/rh2/outage_5s/seed_33/amcl_ngps/trajectory_0.5.tum,/home/pulver/projects/vineyard_pf/Outdoor_SLPF_icra_evidence/results/icra_submission/reruns/gnss_stress_full_v2/rh2/outage_5s/seed_33/amcl_ngps/gps_pose.tum,413,0,1.0,2.9786980308339044,2.808682523220424,3.077668908558618,5.586792290685908,1.424795142630513,1.1674959124833728,0.9611352762213428,6.279919400050513,1.409794477839765,1.3168894544993404,5.84142736818642,0.6174334140435835,30.0,173.00291752815247,107.06677653685041,23.066691875457764,14.347017964916287,3.568892551228347,0.38256658595641646,0.10653753026634383,0.2397094430992736,0.423728813559322,nan,nan,nan,nan,nan,nan,nan,nan,nan,nan,nan,nan,nan,nan,1.409794477839765,1.3168894544993404,5.84142736818642,0.6174334140435835,30.0,173.00291752815247,107.06677653685041,23.066691875457764,14.347017964916287,3.568892551228347,0.38256658595641646,0.10653753026634383,0.2397094430992736,0.423728813559322,0.6821303652249292,0.376582702973903,0.7107298542979743,0.6335343092073302,1.0670521513867068,rh2,outage_5s,33,AMCL+NoisyGNSS,amcl_ngps,kalman_amcl_degraded_gnss,/home/pulver/projects/vineyard_pf/Outdoor_SLPF_icra_evidence/results/icra_submission/reruns/gnss_stress_full_v2/rh2/outage_5s/seed_33/degraded_noisy_gnss.tum,f6bb0ccbd173b5760773edace18ca530e285125a9cf7ffd7f7e60a04b8ff302f,/home/pulver/projects/vineyard_pf/Outdoor_SLPF_icra_evidence/results/icra_submission/reruns/gnss_stress_full_v2/rh2/outage_5s/seed_33/affected_mask.npy,27f6be2e69469ae842fdb84e9c1ba909dcfdfcb20ebf5eb1b389eb8d91a2850f,8da12104c0d4a2907409c4fba6c63e04f5fd1facf25450f401020a6faf7b4e0a,e6b2e006035edc8bedefa8bfdbda5d0185874d1aa7795a850a559aa448eb9139,1.0
/home/pulver/projects/vineyard_pf/Outdoor_SLPF_icra_evidence/results/icra_submission/reruns/gnss_stress_full_v2/rh2/outage_5s/seed_33/rtab_rgb_ngps/trajectory_0.5.tum,/home/pulver/projects/vineyard_pf/Outdoor_SLPF_icra_evidence/results/icra_submission/reruns/gnss_stress_full_v2/rh2/outage_5s/seed_33/rtab_rgb_ngps/gps_pose.tum,402,0,1.0,30.064046523490028,25.500475692753124,24.938021651384467,56.63340724670878,4.533812760563999,3.7474089892102134,3.009009854989667,15.546961971706157,2.914215523756333,2.235707748484054,11.87326851162729,0.4626865671641791,23.0,241.5904779434204,145.9320628551231,40.86114454269409,23.63334302138007,6.34487229804883,0.5373134328358209,0.04477611940298507,0.08706467661691543,0.22885572139303484,nan,nan,nan,nan,nan,nan,nan,nan,nan,nan,nan,nan,nan,nan,2.914215523756333,2.235707748484054,11.87326851162729,0.4626865671641791,23.0,241.5904779434204,145.9320628551231,40.86114454269409,23.63334302138007,6.34487229804883,0.5373134328358209,0.04477611940298507,0.08706467661691543,0.22885572139303484,0.632504695496804,0.5613814298948172,0.815187941552911,0.5868453920815144,0.8169190004096908,rh2,outage_5s,33,RTAB RGB+NoisyGNSS,rtab_rgb_ngps,kalman_start_pose_anchored_rtab_degraded_gnss,/home/pulver/projects/vineyard_pf/Outdoor_SLPF_icra_evidence/results/icra_submission/reruns/gnss_stress_full_v2/rh2/outage_5s/seed_33/degraded_noisy_gnss.tum,f6bb0ccbd173b5760773edace18ca530e285125a9cf7ffd7f7e60a04b8ff302f,/home/pulver/projects/vineyard_pf/Outdoor_SLPF_icra_evidence/results/icra_submission/reruns/gnss_stress_full_v2/rh2/outage_5s/seed_33/affected_mask.npy,27f6be2e69469ae842fdb84e9c1ba909dcfdfcb20ebf5eb1b389eb8d91a2850f,9860cd15ba6c157441aa37abb88e53fbde155fee05f39b79bd999d295772faf8,e262af8871f842305c0fd107e6ca0f1158382e99dc36246cac560609f82381f9,1.0
/home/pulver/projects/vineyard_pf/Outdoor_SLPF_icra_evidence/results/icra_submission/reruns/gnss_stress_full_v2/rh2/outage_5s/seed_33/rtab_rgbd_ngps/trajectory_0.5.tum,/home/pulver/projects/vineyard_pf/Outdoor_SLPF_icra_evidence/results/icra_submission/reruns/gnss_stress_full_v2/rh2/outage_5s/seed_33/rtab_rgbd_ngps/gps_pose.tum,405,0,1.0,29.95073430960478,25.419377181287278,25.061215252713115,56.5574829156996,4.510750528156262,3.7285658856656307,2.921941781543287,15.235355795340693,2.918543099381261,2.2070748017804127,11.616421042857466,0.43209876543209874,26.0,254.20264148712158,153.7715913069142,42.290854930877686,24.606326811796443,5.914291973342854,0.5679012345679012,0.03209876543209877,0.09382716049382717,0.2222222222222222,nan,nan,nan,nan,nan,nan,nan,nan,nan,nan,nan,nan,nan,nan,2.918543099381261,2.2070748017804127,11.616421042857466,0.43209876543209874,26.0,254.20264148712158,153.7715913069142,42.290854930877686,24.606326811796443,5.914291973342854,0.5679012345679012,0.03209876543209877,0.09382716049382717,0.2222222222222222,0.6430312650474512,0.5671616758785519,0.8341577301417697,0.6593943489490383,0.8842788018085648,rh2,outage_5s,33,RTAB RGBD+NoisyGNSS,rtab_rgbd_ngps,kalman_start_pose_anchored_rtab_degraded_gnss,/home/pulver/projects/vineyard_pf/Outdoor_SLPF_icra_evidence/results/icra_submission/reruns/gnss_stress_full_v2/rh2/outage_5s/seed_33/degraded_noisy_gnss.tum,f6bb0ccbd173b5760773edace18ca530e285125a9cf7ffd7f7e60a04b8ff302f,/home/pulver/projects/vineyard_pf/Outdoor_SLPF_icra_evidence/results/icra_submission/reruns/gnss_stress_full_v2/rh2/outage_5s/seed_33/affected_mask.npy,27f6be2e69469ae842fdb84e9c1ba909dcfdfcb20ebf5eb1b389eb8d91a2850f,b54722ac4b2562730d576e5f2ef7168c8f60bc8703a514bc3e36125f89da728e,82e315d25bd7538831ee22871141460c6977bff5c15072b21c5496eb92f88882,1.0
/home/pulver/projects/vineyard_pf/Outdoor_SLPF_icra_evidence/results/icra_submission/reruns/gnss_stress_full_v2/rh2/outage_10s/seed_11/degraded_noisy_gnss.tum,/home/pulver/projects/vineyard_pf/Outdoor_SLPF_icra_evidence/results/iros_rh2/20260225_105822_multiseed_all_methods/slpf/seed_11/gps_pose.tum,390,3,1.0,1.3076963656502298,1.168010568918454,1.0819075155238833,3.4674970024140195,1.3023894063625652,1.1585791953247104,1.0572362704865297,3.393900292193777,1.5117091380165373,1.4590404362593503,4.636802135767637,0.6615384615384615,49.0,528.0,91.1089670039045,72.0,12.56302610347364,1.8593666735490713,0.3384615384615385,0.08205128205128205,0.16923076923076924,0.32051282051282054,nan,nan,nan,nan,nan,nan,nan,nan,nan,nan,nan,nan,nan,nan,1.5117091380165373,1.4590404362593503,4.636802135767637,0.6615384615384615,49.0,528.0,91.1089670039045,72.0,12.56302610347364,1.8593666735490713,0.3384615384615385,0.08205128205128205,0.16923076923076924,0.32051282051282054,0.3268901575007261,0.06411962467766044,0.028216770449289667,0.46145064333585145,0.17275250216564894,rh2,outage_10s,11,NoisyGNSS,ngps,generated_degraded_gnss,/home/pulver/projects/vineyard_pf/Outdoor_SLPF_icra_evidence/results/icra_submission/reruns/gnss_stress_full_v2/rh2/outage_10s/seed_11/degraded_noisy_gnss.tum,dd31295cdd65fe7425c6399b268086120f2dee92a484f916737a45dad54d5c0f,/home/pulver/projects/vineyard_pf/Outdoor_SLPF_icra_evidence/results/icra_submission/reruns/gnss_stress_full_v2/rh2/outage_10s/seed_11/affected_mask.npy,27f6be2e69469ae842fdb84e9c1ba909dcfdfcb20ebf5eb1b389eb8d91a2850f,dd31295cdd65fe7425c6399b268086120f2dee92a484f916737a45dad54d5c0f,3caebb5298055d6773cab3b9a37109e66a0160af5609f294899f8f50f28b88e1,1.0
/home/pulver/projects/vineyard_pf/Outdoor_SLPF_icra_evidence/results/icra_submission/reruns/gnss_stress_full_v2/rh2/outage_10s/seed_11/slpf/trajectory_0.5.tum,/home/pulver/projects/vineyard_pf/Outdoor_SLPF_icra_evidence/results/icra_submission/reruns/gnss_stress_full_v2/rh2/outage_10s/seed_11/slpf/gps_pose.tum,393,0,1.0,1.0961704080544392,0.9430849914732914,0.8353574221195186,2.899689106215872,1.0489141172090475,0.9005740225417812,0.7482744417676235,2.5949725017773866,1.5180625187510322,1.3822444870225394,4.528127752969387,0.6590330788804071,26.0,536.0,97.32180260203086,108.0,21.404853316428067,3.7431462539242637,0.34096692111959287,0.020356234096692113,0.07124681933842239,0.32061068702290074,nan,nan,nan,nan,nan,nan,nan,nan,nan,nan,nan,nan,nan,nan,1.5180625187510322,1.3822444870225394,4.528127752969387,0.6590330788804071,26.0,536.0,97.32180260203086,108.0,21.404853316428067,3.7431462539242637,0.34096692111959287,0.020356234096692113,0.07124681933842239,0.32061068702290074,0.1717987891722145,0.03074661899484348,0.012728467923914657,0.11087045702765602,0.03845118352660278,rh2,outage_10s,11,SLPF,slpf,live_external_degraded_gnss,/home/pulver/projects/vineyard_pf/Outdoor_SLPF_icra_evidence/results/icra_submission/reruns/gnss_stress_full_v2/rh2/outage_10s/seed_11/degraded_noisy_gnss.tum,dd31295cdd65fe7425c6399b268086120f2dee92a484f916737a45dad54d5c0f,/home/pulver/projects/vineyard_pf/Outdoor_SLPF_icra_evidence/results/icra_submission/reruns/gnss_stress_full_v2/rh2/outage_10s/seed_11/affected_mask.npy,27f6be2e69469ae842fdb84e9c1ba909dcfdfcb20ebf5eb1b389eb8d91a2850f,d2424b79728a8c79f708c2ae7835f18597440793abe4d90930493407e3d817ee,3caebb5298055d6773cab3b9a37109e66a0160af5609f294899f8f50f28b88e1,1.0
/home/pulver/projects/vineyard_pf/Outdoor_SLPF_icra_evidence/results/icra_submission/reruns/gnss_stress_full_v2/rh2/outage_10s/seed_11/amcl_ngps/trajectory_0.5.tum,/home/pulver/projects/vineyard_pf/Outdoor_SLPF_icra_evidence/results/icra_submission/reruns/gnss_stress_full_v2/rh2/outage_10s/seed_11/amcl_ngps/gps_pose.tum,411,0,1.0,2.980029103680787,2.7858414299736345,3.1204296546782118,6.2105725171540085,1.3531641695814405,1.1151887674780323,0.9072183146276092,5.725472572587157,1.4372230922304716,1.4113056380449491,5.011165507623591,0.6082725060827251,29.0,174.79910945892334,107.44085528409215,34.79898118972778,21.638929287805365,3.7048570787617985,0.39172749391727496,0.11192214111922141,0.26520681265206814,0.4282238442822384,nan,nan,nan,nan,nan,nan,nan,nan,nan,nan,nan,nan,nan,nan,1.4372230922304716,1.4113056380449491,5.011165507623591,0.6082725060827251,29.0,174.79910945892334,107.44085528409215,34.79898118972778,21.638929287805365,3.7048570787617985,0.39172749391727496,0.11192214111922141,0.26520681265206814,0.4282238442822384,0.6660194226036612,0.37854724596763967,0.6682794146252797,0.5534754652490194,0.9877011537879365,rh2,outage_10s,11,AMCL+NoisyGNSS,amcl_ngps,kalman_amcl_degraded_gnss,/home/pulver/projects/vineyard_pf/Outdoor_SLPF_icra_evidence/results/icra_submission/reruns/gnss_stress_full_v2/rh2/outage_10s/seed_11/degraded_noisy_gnss.tum,dd31295cdd65fe7425c6399b268086120f2dee92a484f916737a45dad54d5c0f,/home/pulver/projects/vineyard_pf/Outdoor_SLPF_icra_evidence/results/icra_submission/reruns/gnss_stress_full_v2/rh2/outage_10s/seed_11/affected_mask.npy,27f6be2e69469ae842fdb84e9c1ba909dcfdfcb20ebf5eb1b389eb8d91a2850f,99510f69eb8c3650644fd6e90fb114a3dc06e694e1aa210a8417b491c80677c2,e6b2e006035edc8bedefa8bfdbda5d0185874d1aa7795a850a559aa448eb9139,1.0
/home/pulver/projects/vineyard_pf/Outdoor_SLPF_icra_evidence/results/icra_submission/reruns/gnss_stress_full_v2/rh2/outage_10s/seed_11/rtab_rgb_ngps/trajectory_0.5.tum,/home/pulver/projects/vineyard_pf/Outdoor_SLPF_icra_evidence/results/icra_submission/reruns/gnss_stress_full_v2/rh2/outage_10s/seed_11/rtab_rgb_ngps/gps_pose.tum,387,0,1.0,28.914479684471935,24.599433606584903,24.665348102577248,56.40592859478498,4.355155640116294,3.551668905625594,2.77118831860611,12.89241046600438,2.77930110471539,2.1075235335507285,9.89124392342062,0.4418604651162791,20.0,241.4616093635559,145.8968024216765,43.15499019622803,25.200256616114576,7.294840121083825,0.5581395348837209,0.04392764857881137,0.10852713178294573,0.22739018087855298,nan,nan,nan,nan,nan,nan,nan,nan,nan,nan,nan,nan,nan,nan,2.77930110471539,2.1075235335507285,9.89124392342062,0.4418604651162791,20.0,241.4616093635559,145.8968024216765,43.15499019622803,25.200256616114576,7.294840121083825,0.5581395348837209,0.04392764857881137,0.10852713178294573,0.22739018087855298,0.6601739800476125,0.6727849981125016,1.0038135833059294,0.5077169403032986,0.712862361039517,rh2,outage_10s,11,RTAB RGB+NoisyGNSS,rtab_rgb_ngps,kalman_start_pose_anchored_rtab_degraded_gnss,/home/pulver/projects/vineyard_pf/Outdoor_SLPF_icra_evidence/results/icra_submission/reruns/gnss_stress_full_v2/rh2/outage_10s/seed_11/degraded_noisy_gnss.tum,dd31295cdd65fe7425c6399b268086120f2dee92a484f916737a45dad54d5c0f,/home/pulver/projects/vineyard_pf/Outdoor_SLPF_icra_evidence/results/icra_submission/reruns/gnss_stress_full_v2/rh2/outage_10s/seed_11/affected_mask.npy,27f6be2e69469ae842fdb84e9c1ba909dcfdfcb20ebf5eb1b389eb8d91a2850f,19ab5e6bded829d78c18e183dadbc621c190311362efcee035b242ecc3a5e4c3,8a6a2b946a52e3890889dfec5d60b021d3e3420615578072dfa7191726484a5a,1.0
/home/pulver/projects/vineyard_pf/Outdoor_SLPF_icra_evidence/results/icra_submission/reruns/gnss_stress_full_v2/rh2/outage_10s/seed_11/rtab_rgbd_ngps/trajectory_0.5.tum,/home/pulver/projects/vineyard_pf/Outdoor_SLPF_icra_evidence/results/icra_submission/reruns/gnss_stress_full_v2/rh2/outage_10s/seed_11/rtab_rgbd_ngps/gps_pose.tum,407,0,1.0,30.510367883380365,25.99214104755284,24.93970184062475,57.648783765926204,4.620599075589887,3.782557259277417,3.0105742568578435,14.845854976932456,3.0032213992726673,2.2841988133741413,12.227588805614458,0.4398034398034398,22.0,254.3318886756897,153.63100356660087,41.253002643585205,23.966180840215884,6.983227434845494,0.5601965601965602,0.03931203931203931,0.07371007371007371,0.18181818181818182,nan,nan,nan,nan,nan,nan,nan,nan,nan,nan,nan,nan,nan,nan,3.0032213992726673,2.2841988133741413,12.227588805614458,0.4398034398034398,22.0,254.3318886756897,153.63100356660087,41.253002643585205,23.966180840215884,6.983227434845494,0.5601965601965602,0.03931203931203931,0.07371007371007371,0.18181818181818182,0.6511031815337056,0.6646256859901519,0.9728293758812611,0.6174211996737797,0.8265771097988924,rh2,outage_10s,11,RTAB RGBD+NoisyGNSS,rtab_rgbd_ngps,kalman_start_pose_anchored_rtab_degraded_gnss,/home/pulver/projects/vineyard_pf/Outdoor_SLPF_icra_evidence/results/icra_submission/reruns/gnss_stress_full_v2/rh2/outage_10s/seed_11/degraded_noisy_gnss.tum,dd31295cdd65fe7425c6399b268086120f2dee92a484f916737a45dad54d5c0f,/home/pulver/projects/vineyard_pf/Outdoor_SLPF_icra_evidence/results/icra_submission/reruns/gnss_stress_full_v2/rh2/outage_10s/seed_11/affected_mask.npy,27f6be2e69469ae842fdb84e9c1ba909dcfdfcb20ebf5eb1b389eb8d91a2850f,a7bc80c0a15da995a3fe50746b67cdba3c523833ce016ae9f60bee18da51d96d,9dd19a58e216a29bae2710f19ad078bddea902639cec39177b3080c46dc6ace9,1.0
/home/pulver/projects/vineyard_pf/Outdoor_SLPF_icra_evidence/results/icra_submission/reruns/gnss_stress_full_v2/rh2/outage_10s/seed_22/degraded_noisy_gnss.tum,/home/pulver/projects/vineyard_pf/Outdoor_SLPF_icra_evidence/results/iros_rh2/20260225_105822_multiseed_all_methods/slpf/seed_11/gps_pose.tum,390,3,1.0,1.3090132379596957,1.117090342345534,1.0839497461703937,9.160692382927529,1.263761179419173,1.0735899579730575,0.9751400652404573,9.202065453099342,1.475857449648493,1.3417419879168186,4.994181730918083,0.7256410256410256,53.0,440.0,69.2276665598646,28.0,5.1161238677409475,1.3061823879219736,0.2743589743589744,0.08717948717948718,0.18461538461538463,0.3769230769230769,nan,nan,nan,nan,nan,nan,nan,nan,nan,nan,nan,nan,nan,nan,1.475857449648493,1.3417419879168186,4.994181730918083,0.7256410256410256,53.0,440.0,69.2276665598646,28.0,5.1161238677409475,1.3061823879219736,0.2743589743589744,0.08717948717948718,0.18461538461538463,0.3769230769230769,0.32531870542562263,0.06885784772731657,0.028748187700583197,0.48292877600589845,0.17948012793339502,rh2,outage_10s,22,NoisyGNSS,ngps,generated_degraded_gnss,/home/pulver/projects/vineyard_pf/Outdoor_SLPF_icra_evidence/results/icra_submission/reruns/gnss_stress_full_v2/rh2/outage_10s/seed_22/degraded_noisy_gnss.tum,ce661b79782624bbcc9691829cddd4ceecf6a0e8988ef5e7a09e90313842ac38,/home/pulver/projects/vineyard_pf/Outdoor_SLPF_icra_evidence/results/icra_submission/reruns/gnss_stress_full_v2/rh2/outage_10s/seed_22/affected_mask.npy,27f6be2e69469ae842fdb84e9c1ba909dcfdfcb20ebf5eb1b389eb8d91a2850f,ce661b79782624bbcc9691829cddd4ceecf6a0e8988ef5e7a09e90313842ac38,3caebb5298055d6773cab3b9a37109e66a0160af5609f294899f8f50f28b88e1,1.0
/home/pulver/projects/vineyard_pf/Outdoor_SLPF_icra_evidence/results/icra_submission/reruns/gnss_stress_full_v2/rh2/outage_10s/seed_22/slpf/trajectory_0.5.tum,/home/pulver/projects/vineyard_pf/Outdoor_SLPF_icra_evidence/results/icra_submission/reruns/gnss_stress_full_v2/rh2/outage_10s/seed_22/slpf/gps_pose.tum,393,0,1.0,0.8784434741205601,0.7442878574408718,0.6883441928362763,2.714365703729851,0.7832484630104215,0.6463822851863126,0.5255340583699767,3.128791373778725,1.533337565540458,1.2840446568377144,4.023736414880007,0.7608142493638677,24.0,376.0,63.4956234454147,80.0,14.056844891954801,2.6456509768922793,0.23918575063613232,0.007633587786259542,0.027989821882951654,0.2926208651399491,nan,nan,nan,nan,nan,nan,nan,nan,nan,nan,nan,nan,nan,nan,1.533337565540458,1.2840446568377144,4.023736414880007,0.7608142493638677,24.0,376.0,63.4956234454147,80.0,14.056844891954801,2.6456509768922793,0.23918575063613232,0.007633587786259542,0.027989821882951654,0.2926208651399491,0.17090113568007792,0.031008971520602304,0.012793003880481598,0.13821438994991742,0.047626549348697686,rh2,outage_10s,22,SLPF,slpf,live_external_degraded_gnss,/home/pulver/projects/vineyard_pf/Outdoor_SLPF_icra_evidence/results/icra_submission/reruns/gnss_stress_full_v2/rh2/outage_10s/seed_22/degraded_noisy_gnss.tum,ce661b79782624bbcc9691829cddd4ceecf6a0e8988ef5e7a09e90313842ac38,/home/pulver/projects/vineyard_pf/Outdoor_SLPF_icra_evidence/results/icra_submission/reruns/gnss_stress_full_v2/rh2/outage_10s/seed_22/affected_mask.npy,27f6be2e69469ae842fdb84e9c1ba909dcfdfcb20ebf5eb1b389eb8d91a2850f,cd0e8924c5f0bcc1b839c92107b09060d0400fdd0749d3250bd58adc95c425e9,3caebb5298055d6773cab3b9a37109e66a0160af5609f294899f8f50f28b88e1,1.0
/home/pulver/projects/vineyard_pf/Outdoor_SLPF_icra_evidence/results/icra_submission/reruns/gnss_stress_full_v2/rh2/outage_10s/seed_22/amcl_ngps/trajectory_0.5.tum,/home/pulver/projects/vineyard_pf/Outdoor_SLPF_icra_evidence/results/icra_submission/reruns/gnss_stress_full_v2/rh2/outage_10s/seed_22/amcl_ngps/gps_pose.tum,412,0,1.0,1.6614521500121153,1.4687039205733825,1.6267167170875099,4.663171147049001,1.1648829653467245,1.0161797301692144,0.9366903698804714,5.340009456591734,1.32594939695622,1.0883039066587834,4.295081925035944,0.6432038834951457,26.0,161.86548328399658,98.8883520709636,33.73325181007385,21.060372598015828,3.8033981565755233,0.3567961165048544,0.10436893203883495,0.32038834951456313,0.49029126213592233,nan,nan,nan,nan,nan,nan,nan,nan,nan,nan,nan,nan,nan,nan,1.32594939695622,1.0883039066587834,4.295081925035944,0.6432038834951457,26.0,161.86548328399658,98.8883520709636,33.73325181007385,21.060372598015828,3.8033981565755233,0.3567961165048544,0.10436893203883495,0.32038834951456313,0.49029126213592233,0.6591085624646409,0.5194491862571142,1.6649460237022702,0.6204886733831514,1.594664638837667,rh2,outage_10s,22,AMCL+NoisyGNSS,amcl_ngps,kalman_amcl_degraded_gnss,/home/pulver/projects/vineyard_pf/Outdoor_SLPF_icra_evidence/results/icra_submission/reruns/gnss_stress_full_v2/rh2/outage_10s/seed_22/degraded_noisy_gnss.tum,ce661b79782624bbcc9691829cddd4ceecf6a0e8988ef5e7a09e90313842ac38,/home/pulver/projects/vineyard_pf/Outdoor_SLPF_icra_evidence/results/icra_submission/reruns/gnss_stress_full_v2/rh2/outage_10s/seed_22/affected_mask.npy,27f6be2e69469ae842fdb84e9c1ba909dcfdfcb20ebf5eb1b389eb8d91a2850f,46b3a98ef05f22fbeab306d1205efde6facd8113eb785264ffcf926d9afcb422,e6b2e006035edc8bedefa8bfdbda5d0185874d1aa7795a850a559aa448eb9139,1.0
/home/pulver/projects/vineyard_pf/Outdoor_SLPF_icra_evidence/results/icra_submission/reruns/gnss_stress_full_v2/rh2/outage_10s/seed_22/rtab_rgb_ngps/trajectory_0.5.tum,/home/pulver/projects/vineyard_pf/Outdoor_SLPF_icra_evidence/results/icra_submission/reruns/gnss_stress_full_v2/rh2/outage_10s/seed_22/rtab_rgb_ngps/gps_pose.tum,385,0,1.0,28.691902987301663,24.411250860570387,24.68045353361656,56.70845613136315,4.234274310977382,3.511479905390671,2.9007324417988016,12.040324879831687,2.7276233267024663,2.0819192952748247,9.075152593996066,0.4077922077922078,23.0,254.13233304023743,154.73628408481315,45.55559968948364,28.63035814780975,6.7276645254266585,0.5922077922077922,0.046753246753246755,0.09610389610389611,0.2025974025974026,nan,nan,nan,nan,nan,nan,nan,nan,nan,nan,nan,nan,nan,nan,2.7276233267024663,2.0819192952748247,9.075152593996066,0.4077922077922078,23.0,254.13233304023743,154.73628408481315,45.55559968948364,28.63035814780975,6.7276645254266585,0.5922077922077922,0.046753246753246755,0.09610389610389611,0.2025974025974026,0.6465791314426618,0.592025249924798,0.891667087750461,0.46885039261316536,0.6172538340247353,rh2,outage_10s,22,RTAB RGB+NoisyGNSS,rtab_rgb_ngps,kalman_start_pose_anchored_rtab_degraded_gnss,/home/pulver/projects/vineyard_pf/Outdoor_SLPF_icra_evidence/results/icra_submission/reruns/gnss_stress_full_v2/rh2/outage_10s/seed_22/degraded_noisy_gnss.tum,ce661b79782624bbcc9691829cddd4ceecf6a0e8988ef5e7a09e90313842ac38,/home/pulver/projects/vineyard_pf/Outdoor_SLPF_icra_evidence/results/icra_submission/reruns/gnss_stress_full_v2/rh2/outage_10s/seed_22/affected_mask.npy,27f6be2e69469ae842fdb84e9c1ba909dcfdfcb20ebf5eb1b389eb8d91a2850f,28b264c022d51a8bb5982b266cb50f4963bfd5236de14dd38b89896ebb345c29,1503defd1b14b4241d0f9530c6bd1d2bdde58d08365d9ab5828727c900993062,1.0
/home/pulver/projects/vineyard_pf/Outdoor_SLPF_icra_evidence/results/icra_submission/reruns/gnss_stress_full_v2/rh2/outage_10s/seed_22/rtab_rgbd_ngps/trajectory_0.5.tum,/home/pulver/projects/vineyard_pf/Outdoor_SLPF_icra_evidence/results/icra_submission/reruns/gnss_stress_full_v2/rh2/outage_10s/seed_22/rtab_rgbd_ngps/gps_pose.tum,407,0,1.0,67.71737720187905,66.48811328715091,65.11812761834929,99.14072339911839,7.592350492136,5.8745891566437365,4.76393321493904,59.23155523401519,3.9671986254799454,2.9432044271567883,45.684134472975416,0.4643734643734644,22.0,243.84614181518555,150.6149222867747,35.69888663291931,23.191763525079523,6.846132831217033,0.5356265356265356,0.029484029484029485,0.07125307125307126,0.1769041769041769,nan,nan,nan,nan,nan,nan,nan,nan,nan,nan,nan,nan,nan,nan,3.9671986254799454,2.9432044271567883,45.684134472975416,0.4643734643734644,22.0,243.84614181518555,150.6149222867747,35.69888663291931,23.191763525079523,6.846132831217033,0.5356265356265356,0.029484029484029485,0.07125307125307126,0.1769041769041769,0.8308668976727385,2.648726273902257,2.750802866825546,0.7959281318436132,1.0768232918461211,rh2,outage_10s,22,RTAB RGBD+NoisyGNSS,rtab_rgbd_ngps,kalman_start_pose_anchored_rtab_degraded_gnss,/home/pulver/projects/vineyard_pf/Outdoor_SLPF_icra_evidence/results/icra_submission/reruns/gnss_stress_full_v2/rh2/outage_10s/seed_22/degraded_noisy_gnss.tum,ce661b79782624bbcc9691829cddd4ceecf6a0e8988ef5e7a09e90313842ac38,/home/pulver/projects/vineyard_pf/Outdoor_SLPF_icra_evidence/results/icra_submission/reruns/gnss_stress_full_v2/rh2/outage_10s/seed_22/affected_mask.npy,27f6be2e69469ae842fdb84e9c1ba909dcfdfcb20ebf5eb1b389eb8d91a2850f,3e3825a529dec234cbac43d708de1eb3164eefc36c95cb8871d16c9e1521b6b6,ef7efe153ecc64b7281b500861a946672253ec165579b3656df3a4731e079932,1.0
/home/pulver/projects/vineyard_pf/Outdoor_SLPF_icra_evidence/results/icra_submission/reruns/gnss_stress_full_v2/rh2/outage_10s/seed_33/degraded_noisy_gnss.tum,/home/pulver/projects/vineyard_pf/Outdoor_SLPF_icra_evidence/results/iros_rh2/20260225_105822_multiseed_all_methods/slpf/seed_11/gps_pose.tum,390,3,1.0,1.7930350731141096,1.1586331017413827,0.991204992249459,16.61135091458443,1.769934494390444,1.143050594184071,1.0060524761007172,16.609821836703482,1.4373188268727104,1.2894115795439358,14.556518093675777,0.7307692307692307,55.0,420.0,64.70976028413571,20.0,4.240743705718575,1.1765410960751947,0.2692307692307692,0.10256410256410256,0.17692307692307693,0.3871794871794872,nan,nan,nan,nan,nan,nan,nan,nan,nan,nan,nan,nan,nan,nan,1.4373188268727104,1.2894115795439358,14.556518093675777,0.7307692307692307,55.0,420.0,64.70976028413571,20.0,4.240743705718575,1.1765410960751947,0.2692307692307692,0.10256410256410256,0.17692307692307693,0.3871794871794872,0.3698365645372547,0.10459461170984043,0.040377000210205835,0.480522191698322,0.1786776822967188,rh2,outage_10s,33,NoisyGNSS,ngps,generated_degraded_gnss,/home/pulver/projects/vineyard_pf/Outdoor_SLPF_icra_evidence/results/icra_submission/reruns/gnss_stress_full_v2/rh2/outage_10s/seed_33/degraded_noisy_gnss.tum,e20312a1dba56d03278b1207cb2417b73266812a57381e47fa9ef1e3313f410c,/home/pulver/projects/vineyard_pf/Outdoor_SLPF_icra_evidence/results/icra_submission/reruns/gnss_stress_full_v2/rh2/outage_10s/seed_33/affected_mask.npy,27f6be2e69469ae842fdb84e9c1ba909dcfdfcb20ebf5eb1b389eb8d91a2850f,e20312a1dba56d03278b1207cb2417b73266812a57381e47fa9ef1e3313f410c,3caebb5298055d6773cab3b9a37109e66a0160af5609f294899f8f50f28b88e1,1.0
/home/pulver/projects/vineyard_pf/Outdoor_SLPF_icra_evidence/results/icra_submission/reruns/gnss_stress_full_v2/rh2/outage_10s/seed_33/slpf/trajectory_0.5.tum,/home/pulver/projects/vineyard_pf/Outdoor_SLPF_icra_evidence/results/icra_submission/reruns/gnss_stress_full_v2/rh2/outage_10s/seed_33/slpf/gps_pose.tum,393,0,1.0,0.9199898438624942,0.7872391549333543,0.6733823433992323,3.1858047570173027,0.8284120791987322,0.7145480855673565,0.6171025013008771,2.8090763822310127,1.4564864645869964,1.385824361302619,4.336500695011216,0.6870229007633588,26.0,492.0,84.63178434453488,48.0,7.855623576960481,3.2550686286359567,0.31297709923664124,0.02544529262086514,0.08651399491094147,0.27989821882951654,nan,nan,nan,nan,nan,nan,nan,nan,nan,nan,nan,nan,nan,nan,1.4564864645869964,1.385824361302619,4.336500695011216,0.6870229007633588,26.0,492.0,84.63178434453488,48.0,7.855623576960481,3.2550686286359567,0.31297709923664124,0.02544529262086514,0.08651399491094147,0.27989821882951654,0.17277288501446256,0.03111006642618072,0.012936146878317994,0.12872059368137342,0.04458034092299794,rh2,outage_10s,33,SLPF,slpf,live_external_degraded_gnss,/home/pulver/projects/vineyard_pf/Outdoor_SLPF_icra_evidence/results/icra_submission/reruns/gnss_stress_full_v2/rh2/outage_10s/seed_33/degraded_noisy_gnss.tum,e20312a1dba56d03278b1207cb2417b73266812a57381e47fa9ef1e3313f410c,/home/pulver/projects/vineyard_pf/Outdoor_SLPF_icra_evidence/results/icra_submission/reruns/gnss_stress_full_v2/rh2/outage_10s/seed_33/affected_mask.npy,27f6be2e69469ae842fdb84e9c1ba909dcfdfcb20ebf5eb1b389eb8d91a2850f,44419c43b2ac9d73fec426396b7b98e188c77c1884143a5b398ad2d8d7e24162,3caebb5298055d6773cab3b9a37109e66a0160af5609f294899f8f50f28b88e1,1.0
/home/pulver/projects/vineyard_pf/Outdoor_SLPF_icra_evidence/results/icra_submission/reruns/gnss_stress_full_v2/rh2/outage_10s/seed_33/amcl_ngps/trajectory_0.5.tum,/home/pulver/projects/vineyard_pf/Outdoor_SLPF_icra_evidence/results/icra_submission/reruns/gnss_stress_full_v2/rh2/outage_10s/seed_33/amcl_ngps/gps_pose.tum,413,0,1.0,3.010709059694698,2.829808879741969,3.077668908558618,5.62832049831024,1.4512596970436606,1.1838271969522034,0.9515590638777333,6.2966971158669285,1.4333922951420166,1.3244488330396247,5.859888795043448,0.6077481840193705,32.0,176.73594689369202,108.77671639047148,23.066691875457764,14.347017964916287,3.3992723872022337,0.3922518159806295,0.09927360774818401,0.24213075060532688,0.42857142857142855,nan,nan,nan,nan,nan,nan,nan,nan,nan,nan,nan,nan,nan,nan,1.4333922951420166,1.3244488330396247,5.859888795043448,0.6077481840193705,32.0,176.73594689369202,108.77671639047148,23.066691875457764,14.347017964916287,3.3992723872022337,0.3922518159806295,0.09927360774818401,0.24213075060532688,0.42857142857142855,0.6825795346002979,0.37758790280293975,0.7142341757086429,0.6287658530247926,1.046079933208397,rh2,outage_10s,33,AMCL+NoisyGNSS,amcl_ngps,kalman_amcl_degraded_gnss,/home/pulver/projects/vineyard_pf/Outdoor_SLPF_icra_evidence/results/icra_submission/reruns/gnss_stress_full_v2/rh2/outage_10s/seed_33/degraded_noisy_gnss.tum,e20312a1dba56d03278b1207cb2417b73266812a57381e47fa9ef1e3313f410c,/home/pulver/projects/vineyard_pf/Outdoor_SLPF_icra_evidence/results/icra_submission/reruns/gnss_stress_full_v2/rh2/outage_10s/seed_33/affected_mask.npy,27f6be2e69469ae842fdb84e9c1ba909dcfdfcb20ebf5eb1b389eb8d91a2850f,395f1b067d30bd18dfebeefe4b2d24c79d92bd06ce5397abc6f35999c874f76e,e6b2e006035edc8bedefa8bfdbda5d0185874d1aa7795a850a559aa448eb9139,1.0
/home/pulver/projects/vineyard_pf/Outdoor_SLPF_icra_evidence/results/icra_submission/reruns/gnss_stress_full_v2/rh2/outage_10s/seed_33/rtab_rgb_ngps/trajectory_0.5.tum,/home/pulver/projects/vineyard_pf/Outdoor_SLPF_icra_evidence/results/icra_submission/reruns/gnss_stress_full_v2/rh2/outage_10s/seed_33/rtab_rgb_ngps/gps_pose.tum,402,0,1.0,30.197314272242533,25.633009288135803,25.01181841156277,56.63340724670878,4.779184159417118,3.874415010026041,3.045114799855195,15.633025850328327,3.0216713554882615,2.2936748746346574,14.586797824733337,0.4651741293532338,21.0,241.13460040092468,145.44655787566467,42.36121940612793,24.508095363610952,6.926026565507842,0.5348258706467661,0.03980099502487562,0.07711442786069651,0.21890547263681592,nan,nan,nan,nan,nan,nan,nan,nan,nan,nan,nan,nan,nan,nan,3.0216713554882615,2.2936748746346574,14.586797824733337,0.4651741293532338,21.0,241.13460040092468,145.44655787566467,42.36121940612793,24.508095363610952,6.926026565507842,0.5348258706467661,0.03980099502487562,0.07711442786069651,0.21890547263681592,0.634085779881953,0.6661973949594103,1.0202076924402945,0.5743648186638989,0.7905909644569504,rh2,outage_10s,33,RTAB RGB+NoisyGNSS,rtab_rgb_ngps,kalman_start_pose_anchored_rtab_degraded_gnss,/home/pulver/projects/vineyard_pf/Outdoor_SLPF_icra_evidence/results/icra_submission/reruns/gnss_stress_full_v2/rh2/outage_10s/seed_33/degraded_noisy_gnss.tum,e20312a1dba56d03278b1207cb2417b73266812a57381e47fa9ef1e3313f410c,/home/pulver/projects/vineyard_pf/Outdoor_SLPF_icra_evidence/results/icra_submission/reruns/gnss_stress_full_v2/rh2/outage_10s/seed_33/affected_mask.npy,27f6be2e69469ae842fdb84e9c1ba909dcfdfcb20ebf5eb1b389eb8d91a2850f,d08fe1fb689225c9674b0caa4145330ece406527cf6d4c4dfd973039aad3a073,e262af8871f842305c0fd107e6ca0f1158382e99dc36246cac560609f82381f9,1.0
/home/pulver/projects/vineyard_pf/Outdoor_SLPF_icra_evidence/results/icra_submission/reruns/gnss_stress_full_v2/rh2/outage_10s/seed_33/rtab_rgbd_ngps/trajectory_0.5.tum,/home/pulver/projects/vineyard_pf/Outdoor_SLPF_icra_evidence/results/icra_submission/reruns/gnss_stress_full_v2/rh2/outage_10s/seed_33/rtab_rgbd_ngps/gps_pose.tum,405,0,1.0,30.08797250739011,25.55545284332609,25.131541185386798,56.5574829156996,4.754817851750842,3.8562902432536585,2.9669136790814803,15.458108994495582,3.030093765992733,2.2432965829196316,14.41631188446575,0.4444444444444444,27.0,248.9044427871704,150.81396087763758,42.290854930877686,24.606326811796443,5.585702254727318,0.5555555555555556,0.0345679012345679,0.08148148148148149,0.20987654320987653,nan,nan,nan,nan,nan,nan,nan,nan,nan,nan,nan,nan,nan,nan,3.030093765992733,2.2432965829196316,14.41631188446575,0.4444444444444444,27.0,248.9044427871704,150.81396087763758,42.290854930877686,24.606326811796443,5.585702254727318,0.5555555555555556,0.0345679012345679,0.08148148148148149,0.20987654320987653,0.6507896440130957,0.6973727171503222,1.0746780478401374,0.664404133509266,0.8883420146477256,rh2,outage_10s,33,RTAB RGBD+NoisyGNSS,rtab_rgbd_ngps,kalman_start_pose_anchored_rtab_degraded_gnss,/home/pulver/projects/vineyard_pf/Outdoor_SLPF_icra_evidence/results/icra_submission/reruns/gnss_stress_full_v2/rh2/outage_10s/seed_33/degraded_noisy_gnss.tum,e20312a1dba56d03278b1207cb2417b73266812a57381e47fa9ef1e3313f410c,/home/pulver/projects/vineyard_pf/Outdoor_SLPF_icra_evidence/results/icra_submission/reruns/gnss_stress_full_v2/rh2/outage_10s/seed_33/affected_mask.npy,27f6be2e69469ae842fdb84e9c1ba909dcfdfcb20ebf5eb1b389eb8d91a2850f,22bb57cb3381c119a72dc462b2782984ea798d47eb29c2f64cc283eacda3acd4,82e315d25bd7538831ee22871141460c6977bff5c15072b21c5496eb92f88882,1.0
/home/pulver/projects/vineyard_pf/Outdoor_SLPF_icra_evidence/results/icra_submission/reruns/gnss_stress_full_v2/rh2/outage_20s/seed_11/degraded_noisy_gnss.tum,/home/pulver/projects/vineyard_pf/Outdoor_SLPF_icra_evidence/results/iros_rh2/20260225_105822_multiseed_all_methods/slpf/seed_11/gps_pose.tum,388,5,1.0,1.3046362489717,1.164903254917398,1.081231391880921,3.4674970024140195,1.2988739500225555,1.1551199092234623,1.0539091412462787,3.3849515214588366,1.5155411670966328,1.4679931497454939,4.6387493747434485,0.6572164948453608,49.0,532.0,91.47138928607521,72.0,12.56302610347364,1.8667630466545961,0.3427835051546392,0.07989690721649484,0.16752577319587628,0.3247422680412371,nan,nan,nan,nan,nan,nan,nan,nan,nan,nan,nan,nan,nan,nan,1.5155411670966328,1.4679931497454939,4.6387493747434485,0.6572164948453608,49.0,532.0,91.47138928607521,72.0,12.56302610347364,1.8667630466545961,0.3427835051546392,0.07989690721649484,0.16752577319587628,0.3247422680412371,0.32561176064269126,0.06389069701418634,0.02812516379799762,0.459511500489373,0.17260303795075543,rh2,outage_20s,11,NoisyGNSS,ngps,generated_degraded_gnss,/home/pulver/projects/vineyard_pf/Outdoor_SLPF_icra_evidence/results/icra_submission/reruns/gnss_stress_full_v2/rh2/outage_20s/seed_11/degraded_noisy_gnss.tum,afee8a36e23be7f1d0f579aa898f7ec7f70a1ca38278743604b4f89a3b8bfd98,/home/pulver/projects/vineyard_pf/Outdoor_SLPF_icra_evidence/results/icra_submission/reruns/gnss_stress_full_v2/rh2/outage_20s/seed_11/affected_mask.npy,27f6be2e69469ae842fdb84e9c1ba909dcfdfcb20ebf5eb1b389eb8d91a2850f,afee8a36e23be7f1d0f579aa898f7ec7f70a1ca38278743604b4f89a3b8bfd98,3caebb5298055d6773cab3b9a37109e66a0160af5609f294899f8f50f28b88e1,1.0
/home/pulver/projects/vineyard_pf/Outdoor_SLPF_icra_evidence/results/icra_submission/reruns/gnss_stress_full_v2/rh2/outage_20s/seed_11/slpf/trajectory_0.5.tum,/home/pulver/projects/vineyard_pf/Outdoor_SLPF_icra_evidence/results/icra_submission/reruns/gnss_stress_full_v2/rh2/outage_20s/seed_11/slpf/gps_pose.tum,393,0,1.0,1.0990838230635578,0.9398277332076725,0.8311989393562088,3.3083192958171384,1.029084512800404,0.885722965377683,0.7536824686378403,2.894767564709107,1.5171584378904786,1.4355480346159983,4.466981430761493,0.6513994910941476,22.0,548.0,98.46068910140642,100.0,18.692190582948367,4.475485868245746,0.3486005089058524,0.03816793893129771,0.10432569974554708,0.3104325699745547,nan,nan,nan,nan,nan,nan,nan,nan,nan,nan,nan,nan,nan,nan,1.5171584378904786,1.4355480346159983,4.466981430761493,0.6513994910941476,22.0,548.0,98.46068910140642,100.0,18.692190582948367,4.475485868245746,0.3486005089058524,0.03816793893129771,0.10432569974554708,0.3104325699745547,0.17274183550073788,0.03062592287403106,0.012697444427417852,0.11839517621338329,0.040659365805175415,rh2,outage_20s,11,SLPF,slpf,live_external_degraded_gnss,/home/pulver/projects/vineyard_pf/Outdoor_SLPF_icra_evidence/results/icra_submission/reruns/gnss_stress_full_v2/rh2/outage_20s/seed_11/degraded_noisy_gnss.tum,afee8a36e23be7f1d0f579aa898f7ec7f70a1ca38278743604b4f89a3b8bfd98,/home/pulver/projects/vineyard_pf/Outdoor_SLPF_icra_evidence/results/icra_submission/reruns/gnss_stress_full_v2/rh2/outage_20s/seed_11/affected_mask.npy,27f6be2e69469ae842fdb84e9c1ba909dcfdfcb20ebf5eb1b389eb8d91a2850f,c76cee9a2a213de35ad8ebd282aeb550ac6aceb6d6b34aadad96626bf1c554af,3caebb5298055d6773cab3b9a37109e66a0160af5609f294899f8f50f28b88e1,1.0
/home/pulver/projects/vineyard_pf/Outdoor_SLPF_icra_evidence/results/icra_submission/reruns/gnss_stress_full_v2/rh2/outage_20s/seed_11/amcl_ngps/trajectory_0.5.tum,/home/pulver/projects/vineyard_pf/Outdoor_SLPF_icra_evidence/results/icra_submission/reruns/gnss_stress_full_v2/rh2/outage_20s/seed_11/amcl_ngps/gps_pose.tum,411,0,1.0,3.040932825322353,2.827911348113468,3.123148135135288,6.2105725171540085,1.4031428541433022,1.1524226510151914,0.9098718853575759,5.758093010505355,1.4751395797838276,1.4063137297085595,5.022295978203206,0.5936739659367397,28.0,181.33220744132996,111.37810371798689,34.79898118972778,21.638929287805365,3.977789418499532,0.40632603406326034,0.1070559610705596,0.24330900243309003,0.41849148418491483,nan,nan,nan,nan,nan,nan,nan,nan,nan,nan,nan,nan,nan,nan,1.4751395797838276,1.4063137297085595,5.022295978203206,0.5936739659367397,28.0,181.33220744132996,111.37810371798689,34.79898118972778,21.638929287805365,3.977789418499532,0.40632603406326034,0.1070559610705596,0.24330900243309003,0.41849148418491483,0.6653529400916562,0.3810512214857981,0.673054100199404,0.5536555908008453,0.9878036655377793,rh2,outage_20s,11,AMCL+NoisyGNSS,amcl_ngps,kalman_amcl_degraded_gnss,/home/pulver/projects/vineyard_pf/Outdoor_SLPF_icra_evidence/results/icra_submission/reruns/gnss_stress_full_v2/rh2/outage_20s/seed_11/degraded_noisy_gnss.tum,afee8a36e23be7f1d0f579aa898f7ec7f70a1ca38278743604b4f89a3b8bfd98,/home/pulver/projects/vineyard_pf/Outdoor_SLPF_icra_evidence/results/icra_submission/reruns/gnss_stress_full_v2/rh2/outage_20s/seed_11/affected_mask.npy,27f6be2e69469ae842fdb84e9c1ba909dcfdfcb20ebf5eb1b389eb8d91a2850f,ce3f052d0d2dbc45177321ae0f4d5d6f8a34841a29eae83eddb1b8701b5039ab,e6b2e006035edc8bedefa8bfdbda5d0185874d1aa7795a850a559aa448eb9139,1.0
/home/pulver/projects/vineyard_pf/Outdoor_SLPF_icra_evidence/results/icra_submission/reruns/gnss_stress_full_v2/rh2/outage_20s/seed_11/rtab_rgb_ngps/trajectory_0.5.tum,/home/pulver/projects/vineyard_pf/Outdoor_SLPF_icra_evidence/results/icra_submission/reruns/gnss_stress_full_v2/rh2/outage_20s/seed_11/rtab_rgb_ngps/gps_pose.tum,387,0,1.0,29.177136866418117,24.853298825294566,25.02396798537551,56.40592859478498,4.678397895778032,3.754855523373202,2.861018069870116,14.187994759150104,2.9913061598037602,2.208742201903332,11.119643716017459,0.40568475452196384,18.0,257.6278636455536,156.3027126798218,67.0522689819336,42.034207424425134,8.683484037767878,0.5943152454780362,0.04909560723514212,0.06976744186046512,0.19638242894056848,nan,nan,nan,nan,nan,nan,nan,nan,nan,nan,nan,nan,nan,nan,2.9913061598037602,2.208742201903332,11.119643716017459,0.40568475452196384,18.0,257.6278636455536,156.3027126798218,67.0522689819336,42.034207424425134,8.683484037767878,0.5943152454780362,0.04909560723514212,0.06976744186046512,0.19638242894056848,0.655989162560289,0.5994512696570957,0.859915253143022,0.5001635183525737,0.7016918333148371,rh2,outage_20s,11,RTAB RGB+NoisyGNSS,rtab_rgb_ngps,kalman_start_pose_anchored_rtab_degraded_gnss,/home/pulver/projects/vineyard_pf/Outdoor_SLPF_icra_evidence/results/icra_submission/reruns/gnss_stress_full_v2/rh2/outage_20s/seed_11/degraded_noisy_gnss.tum,afee8a36e23be7f1d0f579aa898f7ec7f70a1ca38278743604b4f89a3b8bfd98,/home/pulver/projects/vineyard_pf/Outdoor_SLPF_icra_evidence/results/icra_submission/reruns/gnss_stress_full_v2/rh2/outage_20s/seed_11/affected_mask.npy,27f6be2e69469ae842fdb84e9c1ba909dcfdfcb20ebf5eb1b389eb8d91a2850f,ff7b590344a2cd19076b092fd2dae516f4aa51955393b255c29e39c6d3ac6340,8a6a2b946a52e3890889dfec5d60b021d3e3420615578072dfa7191726484a5a,1.0
/home/pulver/projects/vineyard_pf/Outdoor_SLPF_icra_evidence/results/icra_submission/reruns/gnss_stress_full_v2/rh2/outage_20s/seed_11/rtab_rgbd_ngps/trajectory_0.5.tum,/home/pulver/projects/vineyard_pf/Outdoor_SLPF_icra_evidence/results/icra_submission/reruns/gnss_stress_full_v2/rh2/outage_20s/seed_11/rtab_rgbd_ngps/gps_pose.tum,407,0,1.0,30.78010577404776,26.2640439803203,25.386294453340057,57.648783765926204,5.043940036120015,4.0263696361334205,3.047271288550987,16.30994792855198,3.207404038664902,2.3703113769772846,16.07873744712397,0.41277641277641275,21.0,266.7804322242737,161.78969658802055,70.54747104644775,44.046657194506885,7.7042712660962165,0.5872235872235873,0.03194103194103194,0.07125307125307126,0.18427518427518427,nan,nan,nan,nan,nan,nan,nan,nan,nan,nan,nan,nan,nan,nan,3.207404038664902,2.3703113769772846,16.07873744712397,0.41277641277641275,21.0,266.7804322242737,161.78969658802055,70.54747104644775,44.046657194506885,7.7042712660962165,0.5872235872235873,0.03194103194103194,0.07125307125307126,0.18427518427518427,0.6445949860557874,0.647664687429658,0.9658446833826603,0.6155080163600928,0.8325688143102891,rh2,outage_20s,11,RTAB RGBD+NoisyGNSS,rtab_rgbd_ngps,kalman_start_pose_anchored_rtab_degraded_gnss,/home/pulver/projects/vineyard_pf/Outdoor_SLPF_icra_evidence/results/icra_submission/reruns/gnss_stress_full_v2/rh2/outage_20s/seed_11/degraded_noisy_gnss.tum,afee8a36e23be7f1d0f579aa898f7ec7f70a1ca38278743604b4f89a3b8bfd98,/home/pulver/projects/vineyard_pf/Outdoor_SLPF_icra_evidence/results/icra_submission/reruns/gnss_stress_full_v2/rh2/outage_20s/seed_11/affected_mask.npy,27f6be2e69469ae842fdb84e9c1ba909dcfdfcb20ebf5eb1b389eb8d91a2850f,61d81461d6b01914beeb529214c5aa8f7403c5cfabaefa552f21c62ae5a808b0,9dd19a58e216a29bae2710f19ad078bddea902639cec39177b3080c46dc6ace9,1.0
/home/pulver/projects/vineyard_pf/Outdoor_SLPF_icra_evidence/results/icra_submission/reruns/gnss_stress_full_v2/rh2/outage_20s/seed_22/degraded_noisy_gnss.tum,/home/pulver/projects/vineyard_pf/Outdoor_SLPF_icra_evidence/results/iros_rh2/20260225_105822_multiseed_all_methods/slpf/seed_11/gps_pose.tum,388,5,1.0,1.3067518723346376,1.1153217685525634,1.0839497461703937,9.160692382927529,1.2612803155017385,1.0715150010615682,0.9761904297955177,9.200203623781157,1.476356710051026,1.3419667028190034,4.9906701006549135,0.7268041237113402,52.0,424.0,67.40432537914037,28.0,5.1161238677409475,1.2962370265219303,0.27319587628865977,0.09020618556701031,0.18556701030927836,0.37628865979381443,nan,nan,nan,nan,nan,nan,nan,nan,nan,nan,nan,nan,nan,nan,1.476356710051026,1.3419667028190034,4.9906701006549135,0.7268041237113402,52.0,424.0,67.40432537914037,28.0,5.1161238677409475,1.2962370265219303,0.27319587628865977,0.09020618556701031,0.18556701030927836,0.37628865979381443,0.3243294119808327,0.06858067605997786,0.02875504224326227,0.4823615426866031,0.17895760218240114,rh2,outage_20s,22,NoisyGNSS,ngps,generated_degraded_gnss,/home/pulver/projects/vineyard_pf/Outdoor_SLPF_icra_evidence/results/icra_submission/reruns/gnss_stress_full_v2/rh2/outage_20s/seed_22/degraded_noisy_gnss.tum,91c643815ebfb1928f8cedd1ff971cbdc590f263769a7b4b2bbd034936e4b462,/home/pulver/projects/vineyard_pf/Outdoor_SLPF_icra_evidence/results/icra_submission/reruns/gnss_stress_full_v2/rh2/outage_20s/seed_22/affected_mask.npy,27f6be2e69469ae842fdb84e9c1ba909dcfdfcb20ebf5eb1b389eb8d91a2850f,91c643815ebfb1928f8cedd1ff971cbdc590f263769a7b4b2bbd034936e4b462,3caebb5298055d6773cab3b9a37109e66a0160af5609f294899f8f50f28b88e1,1.0
/home/pulver/projects/vineyard_pf/Outdoor_SLPF_icra_evidence/results/icra_submission/reruns/gnss_stress_full_v2/rh2/outage_20s/seed_22/slpf/trajectory_0.5.tum,/home/pulver/projects/vineyard_pf/Outdoor_SLPF_icra_evidence/results/icra_submission/reruns/gnss_stress_full_v2/rh2/outage_20s/seed_22/slpf/gps_pose.tum,393,0,1.0,0.8091512654598702,0.715369783348148,0.6617677175748669,2.752204450782964,0.7080561645567959,0.6030436067354438,0.5185562234226647,3.1430654921881365,1.477949246439049,1.3235639391947807,3.9279056990021552,0.7201017811704835,26.0,440.0,75.29418597987859,88.0,14.73697146229171,2.8959302299953302,0.27989821882951654,0.007633587786259542,0.030534351145038167,0.2926208651399491,nan,nan,nan,nan,nan,nan,nan,nan,nan,nan,nan,nan,nan,nan,1.477949246439049,1.3235639391947807,3.9279056990021552,0.7201017811704835,26.0,440.0,75.29418597987859,88.0,14.73697146229171,2.8959302299953302,0.27989821882951654,0.007633587786259542,0.030534351145038167,0.2926208651399491,0.17096675782948287,0.03135189430224323,0.01293577676619297,0.12818642743382128,0.042475492908946824,rh2,outage_20s,22,SLPF,slpf,live_external_degraded_gnss,/home/pulver/projects/vineyard_pf/Outdoor_SLPF_icra_evidence/results/icra_submission/reruns/gnss_stress_full_v2/rh2/outage_20s/seed_22/degraded_noisy_gnss.tum,91c643815ebfb1928f8cedd1ff971cbdc590f263769a7b4b2bbd034936e4b462,/home/pulver/projects/vineyard_pf/Outdoor_SLPF_icra_evidence/results/icra_submission/reruns/gnss_stress_full_v2/rh2/outage_20s/seed_22/affected_mask.npy,27f6be2e69469ae842fdb84e9c1ba909dcfdfcb20ebf5eb1b389eb8d91a2850f,a3fea235e8c33d00b2fb3d3998a7dd6b5e4d10e74b4fce6345ce5deb95c2a1e5,3caebb5298055d6773cab3b9a37109e66a0160af5609f294899f8f50f28b88e1,1.0
/home/pulver/projects/vineyard_pf/Outdoor_SLPF_icra_evidence/results/icra_submission/reruns/gnss_stress_full_v2/rh2/outage_20s/seed_22/amcl_ngps/trajectory_0.5.tum,/home/pulver/projects/vineyard_pf/Outdoor_SLPF_icra_evidence/results/icra_submission/reruns/gnss_stress_full_v2/rh2/outage_20s/seed_22/amcl_ngps/gps_pose.tum,412,0,1.0,1.6872105020661705,1.4859120733666806,1.6267167170875099,4.663171147049001,1.1845706925244626,1.0327364652202449,0.9532953203435732,5.345129036756678,1.3318104009178806,1.0798130446396152,4.308581970211872,0.6432038834951457,26.0,161.86548328399658,98.8883520709636,33.73325181007385,21.060372598015828,3.8033981565755233,0.3567961165048544,0.11650485436893204,0.3106796116504854,0.49029126213592233,nan,nan,nan,nan,nan,nan,nan,nan,nan,nan,nan,nan,nan,nan,1.3318104009178806,1.0798130446396152,4.308581970211872,0.6432038834951457,26.0,161.86548328399658,98.8883520709636,33.73325181007385,21.060372598015828,3.8033981565755233,0.3567961165048544,0.11650485436893204,0.3106796116504854,0.49029126213592233,0.6566085927113662,0.5090942862690823,1.6463470489217533,0.6204049615990052,1.5917302586059063,rh2,outage_20s,22,AMCL+NoisyGNSS,amcl_ngps,kalman_amcl_degraded_gnss,/home/pulver/projects/vineyard_pf/Outdoor_SLPF_icra_evidence/results/icra_submission/reruns/gnss_stress_full_v2/rh2/outage_20s/seed_22/degraded_noisy_gnss.tum,91c643815ebfb1928f8cedd1ff971cbdc590f263769a7b4b2bbd034936e4b462,/home/pulver/projects/vineyard_pf/Outdoor_SLPF_icra_evidence/results/icra_submission/reruns/gnss_stress_full_v2/rh2/outage_20s/seed_22/affected_mask.npy,27f6be2e69469ae842fdb84e9c1ba909dcfdfcb20ebf5eb1b389eb8d91a2850f,5b697475530d15b2a868743ad6e78d10ae6c586b59cdeb3a3d2401770a503e0c,e6b2e006035edc8bedefa8bfdbda5d0185874d1aa7795a850a559aa448eb9139,1.0
/home/pulver/projects/vineyard_pf/Outdoor_SLPF_icra_evidence/results/icra_submission/reruns/gnss_stress_full_v2/rh2/outage_20s/seed_22/rtab_rgb_ngps/trajectory_0.5.tum,/home/pulver/projects/vineyard_pf/Outdoor_SLPF_icra_evidence/results/icra_submission/reruns/gnss_stress_full_v2/rh2/outage_20s/seed_22/rtab_rgb_ngps/gps_pose.tum,385,0,1.0,28.991558748150798,24.697351871046116,24.979705538834097,56.70845613136315,4.560961283423827,3.721025337829412,3.0147035094470622,13.208522463461415,2.9557258061319653,2.1432985612151314,10.363162537669838,0.3974025974025974,21.0,258.85865092277527,157.6801665990437,54.326311111450195,33.95803289075728,7.508579361859224,0.6025974025974026,0.02857142857142857,0.07532467532467532,0.18181818181818182,nan,nan,nan,nan,nan,nan,nan,nan,nan,nan,nan,nan,nan,nan,2.9557258061319653,2.1432985612151314,10.363162537669838,0.3974025974025974,21.0,258.85865092277527,157.6801665990437,54.326311111450195,33.95803289075728,7.508579361859224,0.6025974025974026,0.02857142857142857,0.07532467532467532,0.18181818181818182,0.6476764064200687,0.6001480113237131,0.8685552956591766,0.467257565607798,0.6126299770654684,rh2,outage_20s,22,RTAB RGB+NoisyGNSS,rtab_rgb_ngps,kalman_start_pose_anchored_rtab_degraded_gnss,/home/pulver/projects/vineyard_pf/Outdoor_SLPF_icra_evidence/results/icra_submission/reruns/gnss_stress_full_v2/rh2/outage_20s/seed_22/degraded_noisy_gnss.tum,91c643815ebfb1928f8cedd1ff971cbdc590f263769a7b4b2bbd034936e4b462,/home/pulver/projects/vineyard_pf/Outdoor_SLPF_icra_evidence/results/icra_submission/reruns/gnss_stress_full_v2/rh2/outage_20s/seed_22/affected_mask.npy,27f6be2e69469ae842fdb84e9c1ba909dcfdfcb20ebf5eb1b389eb8d91a2850f,841dc7499d91ebb06902a851c9838b36a9d7ff6ae7799705d6bc734ebd379a91,1503defd1b14b4241d0f9530c6bd1d2bdde58d08365d9ab5828727c900993062,1.0
/home/pulver/projects/vineyard_pf/Outdoor_SLPF_icra_evidence/results/icra_submission/reruns/gnss_stress_full_v2/rh2/outage_20s/seed_22/rtab_rgbd_ngps/trajectory_0.5.tum,/home/pulver/projects/vineyard_pf/Outdoor_SLPF_icra_evidence/results/icra_submission/reruns/gnss_stress_full_v2/rh2/outage_20s/seed_22/rtab_rgbd_ngps/gps_pose.tum,407,0,1.0,68.50468807331268,67.1424638080724,65.62070844443843,104.11095354302635,8.439808211023145,6.447474862367485,5.072633262098502,60.125567196059635,4.551578533997638,3.347629411275347,46.410357933515755,0.4398034398034398,22.0,254.99694442749023,155.891413763772,36.732593297958374,23.791942842337857,7.085973352898727,0.5601965601965602,0.029484029484029485,0.05405405405405406,0.12776412776412777,nan,nan,nan,nan,nan,nan,nan,nan,nan,nan,nan,nan,nan,nan,4.551578533997638,3.347629411275347,46.410357933515755,0.4398034398034398,22.0,254.99694442749023,155.891413763772,36.732593297958374,23.791942842337857,7.085973352898727,0.5601965601965602,0.029484029484029485,0.05405405405405406,0.12776412776412777,0.8482996426566585,2.8590482523966907,3.302913539900553,0.7947836956563366,1.073596394629452,rh2,outage_20s,22,RTAB RGBD+NoisyGNSS,rtab_rgbd_ngps,kalman_start_pose_anchored_rtab_degraded_gnss,/home/pulver/projects/vineyard_pf/Outdoor_SLPF_icra_evidence/results/icra_submission/reruns/gnss_stress_full_v2/rh2/outage_20s/seed_22/degraded_noisy_gnss.tum,91c643815ebfb1928f8cedd1ff971cbdc590f263769a7b4b2bbd034936e4b462,/home/pulver/projects/vineyard_pf/Outdoor_SLPF_icra_evidence/results/icra_submission/reruns/gnss_stress_full_v2/rh2/outage_20s/seed_22/affected_mask.npy,27f6be2e69469ae842fdb84e9c1ba909dcfdfcb20ebf5eb1b389eb8d91a2850f,b73711181d7c8a06b6b34909af6120cd6763df20161b3ed9f322d229281cfe62,ef7efe153ecc64b7281b500861a946672253ec165579b3656df3a4731e079932,1.0
/home/pulver/projects/vineyard_pf/Outdoor_SLPF_icra_evidence/results/icra_submission/reruns/gnss_stress_full_v2/rh2/outage_20s/seed_33/degraded_noisy_gnss.tum,/home/pulver/projects/vineyard_pf/Outdoor_SLPF_icra_evidence/results/iros_rh2/20260225_105822_multiseed_all_methods/slpf/seed_11/gps_pose.tum,388,5,1.0,1.7951103906509196,1.1583840161235293,0.991204992249459,16.61135091458443,1.7708885135502495,1.14167063662266,1.002733203758564,16.60902614453247,1.4417091651491083,1.2882916473436636,14.548653996919594,0.7268041237113402,55.0,424.0,65.16585087516893,20.0,4.240743705718575,1.1848336522757987,0.27319587628865977,0.10051546391752578,0.17525773195876287,0.3865979381443299,nan,nan,nan,nan,nan,nan,nan,nan,nan,nan,nan,nan,nan,nan,1.4417091651491083,1.2882916473436636,14.548653996919594,0.7268041237113402,55.0,424.0,65.16585087516893,20.0,4.240743705718575,1.1848336522757987,0.27319587628865977,0.10051546391752578,0.17525773195876287,0.3865979381443299,0.37045001032367925,0.10486035746561,0.04047801491562812,0.48075446099252683,0.17865689220779774,rh2,outage_20s,33,NoisyGNSS,ngps,generated_degraded_gnss,/home/pulver/projects/vineyard_pf/Outdoor_SLPF_icra_evidence/results/icra_submission/reruns/gnss_stress_full_v2/rh2/outage_20s/seed_33/degraded_noisy_gnss.tum,9f720afe990ea800853f19a2d7f87acc15235c20625ca3055e9c14af52e763cf,/home/pulver/projects/vineyard_pf/Outdoor_SLPF_icra_evidence/results/icra_submission/reruns/gnss_stress_full_v2/rh2/outage_20s/seed_33/affected_mask.npy,27f6be2e69469ae842fdb84e9c1ba909dcfdfcb20ebf5eb1b389eb8d91a2850f,9f720afe990ea800853f19a2d7f87acc15235c20625ca3055e9c14af52e763cf,3caebb5298055d6773cab3b9a37109e66a0160af5609f294899f8f50f28b88e1,1.0
/home/pulver/projects/vineyard_pf/Outdoor_SLPF_icra_evidence/results/icra_submission/reruns/gnss_stress_full_v2/rh2/outage_20s/seed_33/slpf/trajectory_0.5.tum,/home/pulver/projects/vineyard_pf/Outdoor_SLPF_icra_evidence/results/icra_submission/reruns/gnss_stress_full_v2/rh2/outage_20s/seed_33/slpf/gps_pose.tum,393,0,1.0,0.944385823823077,0.8081507134067001,0.6898699898246095,3.379661570416398,0.8179131294989558,0.7064572384331558,0.6430613634624863,2.914997060535251,1.4633280987552544,1.4105754102629187,4.377796071680149,0.6717557251908397,27.0,516.0,87.22801596684758,72.0,12.095997055863629,3.2306672580313918,0.3282442748091603,0.03816793893129771,0.0916030534351145,0.2951653944020356,nan,nan,nan,nan,nan,nan,nan,nan,nan,nan,nan,nan,nan,nan,1.4633280987552544,1.4105754102629187,4.377796071680149,0.6717557251908397,27.0,516.0,87.22801596684758,72.0,12.095997055863629,3.2306672580313918,0.3282442748091603,0.03816793893129771,0.0916030534351145,0.2951653944020356,0.17200944751925307,0.030713788451376813,0.012827571971338474,0.11965351119505556,0.04254359327629538,rh2,outage_20s,33,SLPF,slpf,live_external_degraded_gnss,/home/pulver/projects/vineyard_pf/Outdoor_SLPF_icra_evidence/results/icra_submission/reruns/gnss_stress_full_v2/rh2/outage_20s/seed_33/degraded_noisy_gnss.tum,9f720afe990ea800853f19a2d7f87acc15235c20625ca3055e9c14af52e763cf,/home/pulver/projects/vineyard_pf/Outdoor_SLPF_icra_evidence/results/icra_submission/reruns/gnss_stress_full_v2/rh2/outage_20s/seed_33/affected_mask.npy,27f6be2e69469ae842fdb84e9c1ba909dcfdfcb20ebf5eb1b389eb8d91a2850f,273ef56f45c6682deb84cde5597f5e3b10045893bad74bee07f8833a0f2edbca,3caebb5298055d6773cab3b9a37109e66a0160af5609f294899f8f50f28b88e1,1.0
/home/pulver/projects/vineyard_pf/Outdoor_SLPF_icra_evidence/results/icra_submission/reruns/gnss_stress_full_v2/rh2/outage_20s/seed_33/amcl_ngps/trajectory_0.5.tum,/home/pulver/projects/vineyard_pf/Outdoor_SLPF_icra_evidence/results/icra_submission/reruns/gnss_stress_full_v2/rh2/outage_20s/seed_33/amcl_ngps/gps_pose.tum,413,0,1.0,3.0713334484801322,2.8711867191986586,3.077668908558618,5.508470627597945,1.498367859888494,1.2157959217179868,0.9365815340131257,6.329621443834677,1.467552380034227,1.3287871888179825,5.894343038161892,0.5956416464891041,31.0,182.80346870422363,112.51492635894984,23.066691875457764,14.347017964916287,3.629513753514511,0.4043583535108959,0.09443099273607748,0.22518159806295399,0.423728813559322,nan,nan,nan,nan,nan,nan,nan,nan,nan,nan,nan,nan,nan,nan,1.467552380034227,1.3287871888179825,5.894343038161892,0.5956416464891041,31.0,182.80346870422363,112.51492635894984,23.066691875457764,14.347017964916287,3.629513753514511,0.4043583535108959,0.09443099273607748,0.22518159806295399,0.423728813559322,0.683619901805798,0.399023565145011,0.7907650949896304,0.643155447434395,1.1042824092474497,rh2,outage_20s,33,AMCL+NoisyGNSS,amcl_ngps,kalman_amcl_degraded_gnss,/home/pulver/projects/vineyard_pf/Outdoor_SLPF_icra_evidence/results/icra_submission/reruns/gnss_stress_full_v2/rh2/outage_20s/seed_33/degraded_noisy_gnss.tum,9f720afe990ea800853f19a2d7f87acc15235c20625ca3055e9c14af52e763cf,/home/pulver/projects/vineyard_pf/Outdoor_SLPF_icra_evidence/results/icra_submission/reruns/gnss_stress_full_v2/rh2/outage_20s/seed_33/affected_mask.npy,27f6be2e69469ae842fdb84e9c1ba909dcfdfcb20ebf5eb1b389eb8d91a2850f,d21f02f3626c76de537fd0174892691470cff97d4edab38ba9e52c5f3399f64b,e6b2e006035edc8bedefa8bfdbda5d0185874d1aa7795a850a559aa448eb9139,1.0
/home/pulver/projects/vineyard_pf/Outdoor_SLPF_icra_evidence/results/icra_submission/reruns/gnss_stress_full_v2/rh2/outage_20s/seed_33/rtab_rgb_ngps/trajectory_0.5.tum,/home/pulver/projects/vineyard_pf/Outdoor_SLPF_icra_evidence/results/icra_submission/reruns/gnss_stress_full_v2/rh2/outage_20s/seed_33/rtab_rgb_ngps/gps_pose.tum,402,0,1.0,30.46651372764147,25.904794775529542,25.47784437267528,56.63340724670878,5.239622799385262,4.131384474878514,3.0389894674707385,16.767103818017908,3.211547164251723,2.286746099077995,15.758629138230077,0.4427860696517413,19.0,250.7454845905304,152.1020301596176,68.43492984771729,42.891997597674575,8.005370008400927,0.5572139303482587,0.03731343283582089,0.08208955223880597,0.22388059701492538,nan,nan,nan,nan,nan,nan,nan,nan,nan,nan,nan,nan,nan,nan,3.211547164251723,2.286746099077995,15.758629138230077,0.4427860696517413,19.0,250.7454845905304,152.1020301596176,68.43492984771729,42.891997597674575,8.005370008400927,0.5572139303482587,0.03731343283582089,0.08208955223880597,0.22388059701492538,0.6368338882988711,0.677659378338237,1.0420057090933954,0.5651388228892819,0.7807703650699628,rh2,outage_20s,33,RTAB RGB+NoisyGNSS,rtab_rgb_ngps,kalman_start_pose_anchored_rtab_degraded_gnss,/home/pulver/projects/vineyard_pf/Outdoor_SLPF_icra_evidence/results/icra_submission/reruns/gnss_stress_full_v2/rh2/outage_20s/seed_33/degraded_noisy_gnss.tum,9f720afe990ea800853f19a2d7f87acc15235c20625ca3055e9c14af52e763cf,/home/pulver/projects/vineyard_pf/Outdoor_SLPF_icra_evidence/results/icra_submission/reruns/gnss_stress_full_v2/rh2/outage_20s/seed_33/affected_mask.npy,27f6be2e69469ae842fdb84e9c1ba909dcfdfcb20ebf5eb1b389eb8d91a2850f,16692282e7324ba217cc30d0850c8d9f09d522816ee4813cc5f4ea70ac2c826a,e262af8871f842305c0fd107e6ca0f1158382e99dc36246cac560609f82381f9,1.0
/home/pulver/projects/vineyard_pf/Outdoor_SLPF_icra_evidence/results/icra_submission/reruns/gnss_stress_full_v2/rh2/outage_20s/seed_33/rtab_rgbd_ngps/trajectory_0.5.tum,/home/pulver/projects/vineyard_pf/Outdoor_SLPF_icra_evidence/results/icra_submission/reruns/gnss_stress_full_v2/rh2/outage_20s/seed_33/rtab_rgbd_ngps/gps_pose.tum,405,0,1.0,30.3301620028908,25.798954515336902,25.559934661088533,56.5574829156996,5.180501018465053,4.088477390116664,2.9787528628435993,16.736844592747325,3.2037144064072676,2.274903325841146,15.708750665699636,0.43950617283950616,23.0,252.12114882469177,152.69681251265746,44.55479836463928,26.00887378305824,6.638991848376412,0.5604938271604938,0.04691358024691358,0.07407407407407407,0.2,nan,nan,nan,nan,nan,nan,nan,nan,nan,nan,nan,nan,nan,nan,3.2037144064072676,2.274903325841146,15.708750665699636,0.43950617283950616,23.0,252.12114882469177,152.69681251265746,44.55479836463928,26.00887378305824,6.638991848376412,0.5604938271604938,0.04691358024691358,0.07407407407407407,0.2,0.6501064334390624,0.662701929786925,0.9981900659729465,0.656442590305304,0.8835824716757613,rh2,outage_20s,33,RTAB RGBD+NoisyGNSS,rtab_rgbd_ngps,kalman_start_pose_anchored_rtab_degraded_gnss,/home/pulver/projects/vineyard_pf/Outdoor_SLPF_icra_evidence/results/icra_submission/reruns/gnss_stress_full_v2/rh2/outage_20s/seed_33/degraded_noisy_gnss.tum,9f720afe990ea800853f19a2d7f87acc15235c20625ca3055e9c14af52e763cf,/home/pulver/projects/vineyard_pf/Outdoor_SLPF_icra_evidence/results/icra_submission/reruns/gnss_stress_full_v2/rh2/outage_20s/seed_33/affected_mask.npy,27f6be2e69469ae842fdb84e9c1ba909dcfdfcb20ebf5eb1b389eb8d91a2850f,c6582cac6f2f614d9b65906d61a2599bce04c69bec1ee1d93b4f9b1b23ab8d86,82e315d25bd7538831ee22871141460c6977bff5c15072b21c5496eb92f88882,1.0
/home/pulver/projects/vineyard_pf/Outdoor_SLPF_icra_evidence/results/icra_submission/reruns/gnss_stress_full_v2/rh2/headland_only_degradation/seed_11/degraded_noisy_gnss.tum,/home/pulver/projects/vineyard_pf/Outdoor_SLPF_icra_evidence/results/iros_rh2/20260225_105822_multiseed_all_methods/slpf/seed_11/gps_pose.tum,393,0,1.0,2.60148048599816,1.252562205181665,4.741179239905481e-07,16.90566084171199,2.5880258375608,1.4176777793610313,0.28076604614899,16.84761032315859,1.8980190801023697,1.177001750539939,18.79905705949288,0.8575063613231552,29.0,224.0,32.193199063749894,36.0,7.537880020752236,1.1101103125430998,0.14249363867684478,0.020356234096692113,0.04834605597964377,0.26717557251908397,nan,nan,nan,nan,nan,nan,nan,nan,nan,nan,nan,nan,nan,nan,1.8980190801023697,1.177001750539939,18.79905705949288,0.8575063613231552,29.0,224.0,32.193199063749894,36.0,7.537880020752236,1.1101103125430998,0.14249363867684478,0.020356234096692113,0.04834605597964377,0.26717557251908397,0.4418032861924632,0.11254575395632088,0.04245975106757173,0.3178136533223052,0.11026422041782863,rh2,headland_only_degradation,11,NoisyGNSS,ngps,generated_degraded_gnss,/home/pulver/projects/vineyard_pf/Outdoor_SLPF_icra_evidence/results/icra_submission/reruns/gnss_stress_full_v2/rh2/headland_only_degradation/seed_11/degraded_noisy_gnss.tum,8e752e93fe75a9fd8e4adacd891c614f6ca06e05024a6660fbc9b5b3ce3d9839,/home/pulver/projects/vineyard_pf/Outdoor_SLPF_icra_evidence/results/icra_submission/reruns/gnss_stress_full_v2/rh2/headland_only_degradation/seed_11/affected_mask.npy,92a77cb51d69fe46e2c17977269fe8b0748dbf110dc1a957cb6b1ffec53a5fa4,8e752e93fe75a9fd8e4adacd891c614f6ca06e05024a6660fbc9b5b3ce3d9839,3caebb5298055d6773cab3b9a37109e66a0160af5609f294899f8f50f28b88e1,0.30025445292620867
/home/pulver/projects/vineyard_pf/Outdoor_SLPF_icra_evidence/results/icra_submission/reruns/gnss_stress_full_v2/rh2/headland_only_degradation/seed_11/slpf/trajectory_0.5.tum,/home/pulver/projects/vineyard_pf/Outdoor_SLPF_icra_evidence/results/icra_submission/reruns/gnss_stress_full_v2/rh2/headland_only_degradation/seed_11/slpf/gps_pose.tum,393,0,1.0,1.5404446643635556,0.8773720486294436,0.2753501806443958,5.958236082069475,1.4491793835525189,1.0007674167244573,0.6292066900299548,5.278294014485918,1.4988330114581319,1.3270355939571576,4.773155397053485,0.6437659033078881,23.0,560.0,86.84288146238121,100.0,16.08527410373128,3.7757774548861396,0.356234096692112,0.02544529262086514,0.04834605597964377,0.33587786259541985,nan,nan,nan,nan,nan,nan,nan,nan,nan,nan,nan,nan,nan,nan,1.4988330114581319,1.3270355939571576,4.773155397053485,0.6437659033078881,23.0,560.0,86.84288146238121,100.0,16.08527410373128,3.7757774548861396,0.356234096692112,0.02544529262086514,0.04834605597964377,0.33587786259541985,0.170731587163968,0.031236955636237594,0.012973045933780136,0.11380721985165862,0.04129874119341189,rh2,headland_only_degradation,11,SLPF,slpf,live_external_degraded_gnss,/home/pulver/projects/vineyard_pf/Outdoor_SLPF_icra_evidence/results/icra_submission/reruns/gnss_stress_full_v2/rh2/headland_only_degradation/seed_11/degraded_noisy_gnss.tum,8e752e93fe75a9fd8e4adacd891c614f6ca06e05024a6660fbc9b5b3ce3d9839,/home/pulver/projects/vineyard_pf/Outdoor_SLPF_icra_evidence/results/icra_submission/reruns/gnss_stress_full_v2/rh2/headland_only_degradation/seed_11/affected_mask.npy,92a77cb51d69fe46e2c17977269fe8b0748dbf110dc1a957cb6b1ffec53a5fa4,e4cffa804211b7c3b3a7d472b914101679b69a25ca15edcc2b28510058cf30d6,3caebb5298055d6773cab3b9a37109e66a0160af5609f294899f8f50f28b88e1,0.30025445292620867
/home/pulver/projects/vineyard_pf/Outdoor_SLPF_icra_evidence/results/icra_submission/reruns/gnss_stress_full_v2/rh2/headland_only_degradation/seed_11/amcl_ngps/trajectory_0.5.tum,/home/pulver/projects/vineyard_pf/Outdoor_SLPF_icra_evidence/results/icra_submission/reruns/gnss_stress_full_v2/rh2/headland_only_degradation/seed_11/amcl_ngps/gps_pose.tum,411,0,1.0,2.8327819015652764,2.66893850595191,2.6529752591027935,4.629988247579313,1.260243854239195,1.086903730670878,1.0025995044947955,5.0114726706513935,1.4231617082599206,1.458836762014291,4.868648963840938,0.6155717761557178,28.0,173.66663551330566,106.43667862938038,35.73243498802185,22.248760682826386,3.801309951049299,0.3844282238442822,0.16058394160583941,0.32116788321167883,0.41362530413625304,nan,nan,nan,nan,nan,nan,nan,nan,nan,nan,nan,nan,nan,nan,1.4231617082599206,1.458836762014291,4.868648963840938,0.6155717761557178,28.0,173.66663551330566,106.43667862938038,35.73243498802185,22.248760682826386,3.801309951049299,0.3844282238442822,0.16058394160583941,0.32116788321167883,0.41362530413625304,0.7104165723070669,0.4287581047224036,0.7905938160046129,0.8485079606785696,1.3728354408112677,rh2,headland_only_degradation,11,AMCL+NoisyGNSS,amcl_ngps,kalman_amcl_degraded_gnss,/home/pulver/projects/vineyard_pf/Outdoor_SLPF_icra_evidence/results/icra_submission/reruns/gnss_stress_full_v2/rh2/headland_only_degradation/seed_11/degraded_noisy_gnss.tum,8e752e93fe75a9fd8e4adacd891c614f6ca06e05024a6660fbc9b5b3ce3d9839,/home/pulver/projects/vineyard_pf/Outdoor_SLPF_icra_evidence/results/icra_submission/reruns/gnss_stress_full_v2/rh2/headland_only_degradation/seed_11/affected_mask.npy,92a77cb51d69fe46e2c17977269fe8b0748dbf110dc1a957cb6b1ffec53a5fa4,5dcfe32ce5c3fe0f7a80257112ab60cd7a815763bd8e76fc8e701fc577ed08c8,e6b2e006035edc8bedefa8bfdbda5d0185874d1aa7795a850a559aa448eb9139,0.30025445292620867
/home/pulver/projects/vineyard_pf/Outdoor_SLPF_icra_evidence/results/icra_submission/reruns/gnss_stress_full_v2/rh2/headland_only_degradation/seed_11/rtab_rgb_ngps/trajectory_0.5.tum,/home/pulver/projects/vineyard_pf/Outdoor_SLPF_icra_evidence/results/icra_submission/reruns/gnss_stress_full_v2/rh2/headland_only_degradation/seed_11/rtab_rgb_ngps/gps_pose.tum,387,0,1.0,28.526502422181522,24.262184011888984,24.61110433965333,56.59895750518529,4.1246284916063365,3.4848133509732726,2.8282823023159587,12.021753672768877,2.6753727425047606,2.210253635507766,9.014772252902889,0.4418604651162791,22.0,242.29903483390808,146.50591288691106,42.12404489517212,24.50895264478623,6.659359676677775,0.5581395348837209,0.046511627906976744,0.11627906976744186,0.2532299741602067,nan,nan,nan,nan,nan,nan,nan,nan,nan,nan,nan,nan,nan,nan,2.6753727425047606,2.210253635507766,9.014772252902889,0.4418604651162791,22.0,242.29903483390808,146.50591288691106,42.12404489517212,24.50895264478623,6.659359676677775,0.5581395348837209,0.046511627906976744,0.11627906976744186,0.2532299741602067,0.6827713629372258,0.4488522398214037,0.6003377812149967,0.7547947053230076,1.1039306129914437,rh2,headland_only_degradation,11,RTAB RGB+NoisyGNSS,rtab_rgb_ngps,kalman_start_pose_anchored_rtab_degraded_gnss,/home/pulver/projects/vineyard_pf/Outdoor_SLPF_icra_evidence/results/icra_submission/reruns/gnss_stress_full_v2/rh2/headland_only_degradation/seed_11/degraded_noisy_gnss.tum,8e752e93fe75a9fd8e4adacd891c614f6ca06e05024a6660fbc9b5b3ce3d9839,/home/pulver/projects/vineyard_pf/Outdoor_SLPF_icra_evidence/results/icra_submission/reruns/gnss_stress_full_v2/rh2/headland_only_degradation/seed_11/affected_mask.npy,92a77cb51d69fe46e2c17977269fe8b0748dbf110dc1a957cb6b1ffec53a5fa4,e8dbda7b6e30d98a5d7ae24a44e66ee41edbac985df6130f65ed0d3e5c209008,8a6a2b946a52e3890889dfec5d60b021d3e3420615578072dfa7191726484a5a,0.30025445292620867
/home/pulver/projects/vineyard_pf/Outdoor_SLPF_icra_evidence/results/icra_submission/reruns/gnss_stress_full_v2/rh2/headland_only_degradation/seed_11/rtab_rgbd_ngps/trajectory_0.5.tum,/home/pulver/projects/vineyard_pf/Outdoor_SLPF_icra_evidence/results/icra_submission/reruns/gnss_stress_full_v2/rh2/headland_only_degradation/seed_11/rtab_rgbd_ngps/gps_pose.tum,407,0,1.0,30.21733911741579,25.658314157485588,24.88571879776677,58.087086059330346,4.2856913837795005,3.6274956089410724,2.955184033288179,11.450606944009161,2.8252243514864013,2.1419917859679636,9.057781949077452,0.43734643734643736,23.0,253.42894315719604,153.02799895115123,42.28324866294861,24.655735254272592,6.653391258745706,0.5626535626535627,0.04668304668304668,0.09582309582309582,0.2113022113022113,nan,nan,nan,nan,nan,nan,nan,nan,nan,nan,nan,nan,nan,nan,2.8252243514864013,2.1419917859679636,9.057781949077452,0.43734643734643736,23.0,253.42894315719604,153.02799895115123,42.28324866294861,24.655735254272592,6.653391258745706,0.5626535626535627,0.04668304668304668,0.09582309582309582,0.2113022113022113,0.6747635124712908,0.3310576957779163,0.5201308001149066,0.8305246368997767,1.1094978827221587,rh2,headland_only_degradation,11,RTAB RGBD+NoisyGNSS,rtab_rgbd_ngps,kalman_start_pose_anchored_rtab_degraded_gnss,/home/pulver/projects/vineyard_pf/Outdoor_SLPF_icra_evidence/results/icra_submission/reruns/gnss_stress_full_v2/rh2/headland_only_degradation/seed_11/degraded_noisy_gnss.tum,8e752e93fe75a9fd8e4adacd891c614f6ca06e05024a6660fbc9b5b3ce3d9839,/home/pulver/projects/vineyard_pf/Outdoor_SLPF_icra_evidence/results/icra_submission/reruns/gnss_stress_full_v2/rh2/headland_only_degradation/seed_11/affected_mask.npy,92a77cb51d69fe46e2c17977269fe8b0748dbf110dc1a957cb6b1ffec53a5fa4,e6a38e7911882839ec02ba9b0153616c1c513aa3e0009f4b429b18a5f6ea3d00,9dd19a58e216a29bae2710f19ad078bddea902639cec39177b3080c46dc6ace9,0.30025445292620867
/home/pulver/projects/vineyard_pf/Outdoor_SLPF_icra_evidence/results/icra_submission/reruns/gnss_stress_full_v2/rh2/headland_only_degradation/seed_22/degraded_noisy_gnss.tum,/home/pulver/projects/vineyard_pf/Outdoor_SLPF_icra_evidence/results/iros_rh2/20260225_105822_multiseed_all_methods/slpf/seed_11/gps_pose.tum,393,0,1.0,2.6011409922436455,1.2693581147007404,4.741179239905481e-07,14.41053097804209,2.4302649098452975,1.6675260656075725,0.9321193453212895,13.02541637114666,1.9850074653322032,1.39154407733,12.746838572902496,0.7048346055979644,30.0,464.0,76.32114722692597,68.0,11.703017920094405,2.5440382408975326,0.2951653944020356,0.017811704834605598,0.10687022900763359,0.3511450381679389,nan,nan,nan,nan,nan,nan,nan,nan,nan,nan,nan,nan,nan,nan,1.9850074653322032,1.39154407733,12.746838572902496,0.7048346055979644,30.0,464.0,76.32114722692597,68.0,11.703017920094405,2.5440382408975326,0.2951653944020356,0.017811704834605598,0.10687022900763359,0.3511450381679389,0.40676694662620705,0.09695286107926988,0.039078175587705995,0.3241351764261233,0.11380467675627644,rh2,headland_only_degradation,22,NoisyGNSS,ngps,generated_degraded_gnss,/home/pulver/projects/vineyard_pf/Outdoor_SLPF_icra_evidence/results/icra_submission/reruns/gnss_stress_full_v2/rh2/headland_only_degradation/seed_22/degraded_noisy_gnss.tum,009895d6740d2ab871528a78d4566bdf8bcaab3f9553f64ead06da05ce7762f4,/home/pulver/projects/vineyard_pf/Outdoor_SLPF_icra_evidence/results/icra_submission/reruns/gnss_stress_full_v2/rh2/headland_only_degradation/seed_22/affected_mask.npy,92a77cb51d69fe46e2c17977269fe8b0748dbf110dc1a957cb6b1ffec53a5fa4,009895d6740d2ab871528a78d4566bdf8bcaab3f9553f64ead06da05ce7762f4,3caebb5298055d6773cab3b9a37109e66a0160af5609f294899f8f50f28b88e1,0.30025445292620867
/home/pulver/projects/vineyard_pf/Outdoor_SLPF_icra_evidence/results/icra_submission/reruns/gnss_stress_full_v2/rh2/headland_only_degradation/seed_22/slpf/trajectory_0.5.tum,/home/pulver/projects/vineyard_pf/Outdoor_SLPF_icra_evidence/results/icra_submission/reruns/gnss_stress_full_v2/rh2/headland_only_degradation/seed_22/slpf/gps_pose.tum,393,0,1.0,1.213310549081604,0.7549401048667441,0.28637075092704994,5.526997511356156,1.0922509696764096,0.8322477758445396,0.5967613350423389,5.75386757982335,1.4718911194214952,1.232316994371995,4.2687697094229735,0.7404580152671756,23.0,408.0,70.07971654223245,56.0,9.448072794032118,3.0469441974883673,0.2595419847328244,0.030534351145038167,0.058524173027989825,0.3231552162849873,nan,nan,nan,nan,nan,nan,nan,nan,nan,nan,nan,nan,nan,nan,1.4718911194214952,1.232316994371995,4.2687697094229735,0.7404580152671756,23.0,408.0,70.07971654223245,56.0,9.448072794032118,3.0469441974883673,0.2595419847328244,0.030534351145038167,0.058524173027989825,0.3231552162849873,0.1716222841197353,0.031244148608259248,0.012954188372664889,0.13590308239700627,0.04925311870533181,rh2,headland_only_degradation,22,SLPF,slpf,live_external_degraded_gnss,/home/pulver/projects/vineyard_pf/Outdoor_SLPF_icra_evidence/results/icra_submission/reruns/gnss_stress_full_v2/rh2/headland_only_degradation/seed_22/degraded_noisy_gnss.tum,009895d6740d2ab871528a78d4566bdf8bcaab3f9553f64ead06da05ce7762f4,/home/pulver/projects/vineyard_pf/Outdoor_SLPF_icra_evidence/results/icra_submission/reruns/gnss_stress_full_v2/rh2/headland_only_degradation/seed_22/affected_mask.npy,92a77cb51d69fe46e2c17977269fe8b0748dbf110dc1a957cb6b1ffec53a5fa4,e0601e64abb9c356e8a4317352349282023ed4ccaee3e9aff0e82490b251e87d,3caebb5298055d6773cab3b9a37109e66a0160af5609f294899f8f50f28b88e1,0.30025445292620867
/home/pulver/projects/vineyard_pf/Outdoor_SLPF_icra_evidence/results/icra_submission/reruns/gnss_stress_full_v2/rh2/headland_only_degradation/seed_22/amcl_ngps/trajectory_0.5.tum,/home/pulver/projects/vineyard_pf/Outdoor_SLPF_icra_evidence/results/icra_submission/reruns/gnss_stress_full_v2/rh2/headland_only_degradation/seed_22/amcl_ngps/gps_pose.tum,412,0,1.0,1.6366526873273954,1.4231232511775866,1.673618012936047,5.214676034886635,1.2170974530140128,1.06711181623241,0.9448763240635522,5.6090315643463695,1.2931081838664282,1.14772139722021,4.231924304518176,0.6456310679611651,23.0,159.53340411186218,97.53297443628001,34.79974579811096,21.734166791593637,4.240564105925218,0.35436893203883496,0.16990291262135923,0.3592233009708738,0.4733009708737864,nan,nan,nan,nan,nan,nan,nan,nan,nan,nan,nan,nan,nan,nan,1.2931081838664282,1.14772139722021,4.231924304518176,0.6456310679611651,23.0,159.53340411186218,97.53297443628001,34.79974579811096,21.734166791593637,4.240564105925218,0.35436893203883496,0.16990291262135923,0.3592233009708738,0.4733009708737864,0.6969481967071762,0.41795576538169543,0.7907135724915275,0.9507563107044208,2.0629378043728615,rh2,headland_only_degradation,22,AMCL+NoisyGNSS,amcl_ngps,kalman_amcl_degraded_gnss,/home/pulver/projects/vineyard_pf/Outdoor_SLPF_icra_evidence/results/icra_submission/reruns/gnss_stress_full_v2/rh2/headland_only_degradation/seed_22/degraded_noisy_gnss.tum,009895d6740d2ab871528a78d4566bdf8bcaab3f9553f64ead06da05ce7762f4,/home/pulver/projects/vineyard_pf/Outdoor_SLPF_icra_evidence/results/icra_submission/reruns/gnss_stress_full_v2/rh2/headland_only_degradation/seed_22/affected_mask.npy,92a77cb51d69fe46e2c17977269fe8b0748dbf110dc1a957cb6b1ffec53a5fa4,a92914a58c0d734abb08e1617fb8c59cf15b7a18c063fab79cc0711022870b27,e6b2e006035edc8bedefa8bfdbda5d0185874d1aa7795a850a559aa448eb9139,0.30025445292620867
/home/pulver/projects/vineyard_pf/Outdoor_SLPF_icra_evidence/results/icra_submission/reruns/gnss_stress_full_v2/rh2/headland_only_degradation/seed_22/rtab_rgb_ngps/trajectory_0.5.tum,/home/pulver/projects/vineyard_pf/Outdoor_SLPF_icra_evidence/results/icra_submission/reruns/gnss_stress_full_v2/rh2/headland_only_degradation/seed_22/rtab_rgb_ngps/gps_pose.tum,385,0,1.0,28.41892831978454,24.140660039430305,24.672871735153592,57.516301191988795,3.8697010086857704,3.28187060308534,2.7222088328901393,12.312494564666517,2.575183209921353,2.1211727713490705,8.38108336923348,0.42337662337662335,24.0,248.1798393726349,150.4503285841323,43.15499019622803,25.200256616114576,6.268763691005513,0.5766233766233766,0.05194805194805195,0.11168831168831168,0.23636363636363636,nan,nan,nan,nan,nan,nan,nan,nan,nan,nan,nan,nan,nan,nan,2.575183209921353,2.1211727713490705,8.38108336923348,0.42337662337662335,24.0,248.1798393726349,150.4503285841323,43.15499019622803,25.200256616114576,6.268763691005513,0.5766233766233766,0.05194805194805195,0.11168831168831168,0.23636363636363636,0.6462257239951271,0.3047331090908535,0.48323805268765063,0.748048419185277,1.0806879045325788,rh2,headland_only_degradation,22,RTAB RGB+NoisyGNSS,rtab_rgb_ngps,kalman_start_pose_anchored_rtab_degraded_gnss,/home/pulver/projects/vineyard_pf/Outdoor_SLPF_icra_evidence/results/icra_submission/reruns/gnss_stress_full_v2/rh2/headland_only_degradation/seed_22/degraded_noisy_gnss.tum,009895d6740d2ab871528a78d4566bdf8bcaab3f9553f64ead06da05ce7762f4,/home/pulver/projects/vineyard_pf/Outdoor_SLPF_icra_evidence/results/icra_submission/reruns/gnss_stress_full_v2/rh2/headland_only_degradation/seed_22/affected_mask.npy,92a77cb51d69fe46e2c17977269fe8b0748dbf110dc1a957cb6b1ffec53a5fa4,8605c87764e50ea6dfefea6b70fa92b4fdaf9e9853531d1390a1e69bfb15fb21,1503defd1b14b4241d0f9530c6bd1d2bdde58d08365d9ab5828727c900993062,0.30025445292620867
/home/pulver/projects/vineyard_pf/Outdoor_SLPF_icra_evidence/results/icra_submission/reruns/gnss_stress_full_v2/rh2/headland_only_degradation/seed_22/rtab_rgbd_ngps/trajectory_0.5.tum,/home/pulver/projects/vineyard_pf/Outdoor_SLPF_icra_evidence/results/icra_submission/reruns/gnss_stress_full_v2/rh2/headland_only_degradation/seed_22/rtab_rgbd_ngps/gps_pose.tum,407,0,1.0,66.7623615731413,65.68343775653567,64.74786671566547,87.18278389145448,6.64437185163126,5.245292104320538,4.59691159516848,63.6417240692256,3.4312311037274865,2.607467634377232,49.87115180622417,0.4692874692874693,25.0,239.94681549072266,149.48919631892323,34.60485792160034,22.47696730123196,5.979567852756929,0.5307125307125307,0.02702702702702703,0.07616707616707617,0.14987714987714987,nan,nan,nan,nan,nan,nan,nan,nan,nan,nan,nan,nan,nan,nan,3.4312311037274865,2.607467634377232,49.87115180622417,0.4692874692874693,25.0,239.94681549072266,149.48919631892323,34.60485792160034,22.47696730123196,5.979567852756929,0.5307125307125307,0.02702702702702703,0.07616707616707617,0.14987714987714987,0.7464668266518607,2.347951064079228,1.892654357380538,0.8475873437485147,1.109239410083277,rh2,headland_only_degradation,22,RTAB RGBD+NoisyGNSS,rtab_rgbd_ngps,kalman_start_pose_anchored_rtab_degraded_gnss,/home/pulver/projects/vineyard_pf/Outdoor_SLPF_icra_evidence/results/icra_submission/reruns/gnss_stress_full_v2/rh2/headland_only_degradation/seed_22/degraded_noisy_gnss.tum,009895d6740d2ab871528a78d4566bdf8bcaab3f9553f64ead06da05ce7762f4,/home/pulver/projects/vineyard_pf/Outdoor_SLPF_icra_evidence/results/icra_submission/reruns/gnss_stress_full_v2/rh2/headland_only_degradation/seed_22/affected_mask.npy,92a77cb51d69fe46e2c17977269fe8b0748dbf110dc1a957cb6b1ffec53a5fa4,78ba033673d8d672c946d0a15e2ad66460a0bf88eabd82f16c5e48dc5913b980,ef7efe153ecc64b7281b500861a946672253ec165579b3656df3a4731e079932,0.30025445292620867
/home/pulver/projects/vineyard_pf/Outdoor_SLPF_icra_evidence/results/icra_submission/reruns/gnss_stress_full_v2/rh2/headland_only_degradation/seed_33/degraded_noisy_gnss.tum,/home/pulver/projects/vineyard_pf/Outdoor_SLPF_icra_evidence/results/iros_rh2/20260225_105822_multiseed_all_methods/slpf/seed_11/gps_pose.tum,393,0,1.0,2.230066363641011,1.0507779518475298,4.741179239905481e-07,13.94717043907941,2.2211130620628743,1.1751771733920404,0.2256285682822891,13.765841454656409,1.6866139026915155,1.1949578787071824,15.155742046971659,0.816793893129771,38.0,288.0,48.99975299889385,32.0,5.741777145491138,1.289467184181417,0.183206106870229,0.020356234096692113,0.061068702290076333,0.3460559796437659,nan,nan,nan,nan,nan,nan,nan,nan,nan,nan,nan,nan,nan,nan,1.6866139026915155,1.1949578787071824,15.155742046971659,0.816793893129771,38.0,288.0,48.99975299889385,32.0,5.741777145491138,1.289467184181417,0.183206106870229,0.020356234096692113,0.061068702290076333,0.3460559796437659,0.4440409547781769,0.11971463145409106,0.04821597222427298,0.3169256315605053,0.11311427840834362,rh2,headland_only_degradation,33,NoisyGNSS,ngps,generated_degraded_gnss,/home/pulver/projects/vineyard_pf/Outdoor_SLPF_icra_evidence/results/icra_submission/reruns/gnss_stress_full_v2/rh2/headland_only_degradation/seed_33/degraded_noisy_gnss.tum,f22d9a6d1f78ab72d8dc73510c35820f9d4fee57b1b8e14481ff8e2b9248d9e8,/home/pulver/projects/vineyard_pf/Outdoor_SLPF_icra_evidence/results/icra_submission/reruns/gnss_stress_full_v2/rh2/headland_only_degradation/seed_33/affected_mask.npy,92a77cb51d69fe46e2c17977269fe8b0748dbf110dc1a957cb6b1ffec53a5fa4,f22d9a6d1f78ab72d8dc73510c35820f9d4fee57b1b8e14481ff8e2b9248d9e8,3caebb5298055d6773cab3b9a37109e66a0160af5609f294899f8f50f28b88e1,0.30025445292620867
/home/pulver/projects/vineyard_pf/Outdoor_SLPF_icra_evidence/results/icra_submission/reruns/gnss_stress_full_v2/rh2/headland_only_degradation/seed_33/slpf/trajectory_0.5.tum,/home/pulver/projects/vineyard_pf/Outdoor_SLPF_icra_evidence/results/icra_submission/reruns/gnss_stress_full_v2/rh2/headland_only_degradation/seed_33/slpf/gps_pose.tum,393,0,1.0,1.2625285662135817,0.7989709605553067,0.2734111121439421,3.830834499052844,1.2388621656353023,0.8395242997810233,0.3866097116657426,3.588361280072825,1.477527432133895,1.3044575311809017,5.1530141656748265,0.6844783715012722,22.0,496.0,84.40163113196867,124.0,20.27209781477843,3.836437778725849,0.3155216284987277,0.020356234096692113,0.05343511450381679,0.366412213740458,nan,nan,nan,nan,nan,nan,nan,nan,nan,nan,nan,nan,nan,nan,1.477527432133895,1.3044575311809017,5.1530141656748265,0.6844783715012722,22.0,496.0,84.40163113196867,124.0,20.27209781477843,3.836437778725849,0.3155216284987277,0.020356234096692113,0.05343511450381679,0.366412213740458,0.17677912040728289,0.030228386892418753,0.012546958351027955,0.13814463882293918,0.05210993511073055,rh2,headland_only_degradation,33,SLPF,slpf,live_external_degraded_gnss,/home/pulver/projects/vineyard_pf/Outdoor_SLPF_icra_evidence/results/icra_submission/reruns/gnss_stress_full_v2/rh2/headland_only_degradation/seed_33/degraded_noisy_gnss.tum,f22d9a6d1f78ab72d8dc73510c35820f9d4fee57b1b8e14481ff8e2b9248d9e8,/home/pulver/projects/vineyard_pf/Outdoor_SLPF_icra_evidence/results/icra_submission/reruns/gnss_stress_full_v2/rh2/headland_only_degradation/seed_33/affected_mask.npy,92a77cb51d69fe46e2c17977269fe8b0748dbf110dc1a957cb6b1ffec53a5fa4,66db715f4a7811f4ce0da0ca9c21fc62da7039a33cff54d640ae07b67fc63a71,3caebb5298055d6773cab3b9a37109e66a0160af5609f294899f8f50f28b88e1,0.30025445292620867
/home/pulver/projects/vineyard_pf/Outdoor_SLPF_icra_evidence/results/icra_submission/reruns/gnss_stress_full_v2/rh2/headland_only_degradation/seed_33/amcl_ngps/trajectory_0.5.tum,/home/pulver/projects/vineyard_pf/Outdoor_SLPF_icra_evidence/results/icra_submission/reruns/gnss_stress_full_v2/rh2/headland_only_degradation/seed_33/amcl_ngps/gps_pose.tum,413,0,1.0,3.0067246507507437,2.8320549041140515,3.17231098938804,5.3736016176651225,1.430010697715137,1.2043450903628456,0.9959803181347834,6.528054459631224,1.3759907984636237,1.3795858825248666,5.969976091641483,0.6029055690072639,29.0,180.06680512428284,111.22271190715107,34.79974579811096,21.734166791593637,3.835265927832795,0.39709443099273606,0.16464891041162227,0.3196125907990315,0.43341404358353514,nan,nan,nan,nan,nan,nan,nan,nan,nan,nan,nan,nan,nan,nan,1.3759907984636237,1.3795858825248666,5.969976091641483,0.6029055690072639,29.0,180.06680512428284,111.22271190715107,34.79974579811096,21.734166791593637,3.835265927832795,0.39709443099273606,0.16464891041162227,0.3196125907990315,0.43341404358353514,0.6987419867194917,0.4330100548540433,0.7943832410858324,0.9169667131849051,1.7048200417815065,rh2,headland_only_degradation,33,AMCL+NoisyGNSS,amcl_ngps,kalman_amcl_degraded_gnss,/home/pulver/projects/vineyard_pf/Outdoor_SLPF_icra_evidence/results/icra_submission/reruns/gnss_stress_full_v2/rh2/headland_only_degradation/seed_33/degraded_noisy_gnss.tum,f22d9a6d1f78ab72d8dc73510c35820f9d4fee57b1b8e14481ff8e2b9248d9e8,/home/pulver/projects/vineyard_pf/Outdoor_SLPF_icra_evidence/results/icra_submission/reruns/gnss_stress_full_v2/rh2/headland_only_degradation/seed_33/affected_mask.npy,92a77cb51d69fe46e2c17977269fe8b0748dbf110dc1a957cb6b1ffec53a5fa4,70c4458f8749e22bafab2d32acd8a5bcc97d6277cd6568b83227aac35c0baea0,e6b2e006035edc8bedefa8bfdbda5d0185874d1aa7795a850a559aa448eb9139,0.30025445292620867
/home/pulver/projects/vineyard_pf/Outdoor_SLPF_icra_evidence/results/icra_submission/reruns/gnss_stress_full_v2/rh2/headland_only_degradation/seed_33/rtab_rgb_ngps/trajectory_0.5.tum,/home/pulver/projects/vineyard_pf/Outdoor_SLPF_icra_evidence/results/icra_submission/reruns/gnss_stress_full_v2/rh2/headland_only_degradation/seed_33/rtab_rgb_ngps/gps_pose.tum,402,0,1.0,29.887176454033188,25.38990994486093,24.782488698540558,56.895531052656295,4.280342972416606,3.6395330988297427,2.9911620196493445,10.635647276243812,2.750704557803024,2.064373562259232,9.711324476963082,0.44776119402985076,21.0,248.56436109542847,150.29781283287429,43.15499019622803,25.200256616114576,7.157038706327347,0.5522388059701493,0.05721393034825871,0.10199004975124377,0.2462686567164179,nan,nan,nan,nan,nan,nan,nan,nan,nan,nan,nan,nan,nan,nan,2.750704557803024,2.064373562259232,9.711324476963082,0.44776119402985076,21.0,248.56436109542847,150.29781283287429,43.15499019622803,25.200256616114576,7.157038706327347,0.5522388059701493,0.05721393034825871,0.10199004975124377,0.2462686567164179,0.6481640498477941,0.2829620645060865,0.4233955112085626,0.7831047048046909,1.1478331551178274,rh2,headland_only_degradation,33,RTAB RGB+NoisyGNSS,rtab_rgb_ngps,kalman_start_pose_anchored_rtab_degraded_gnss,/home/pulver/projects/vineyard_pf/Outdoor_SLPF_icra_evidence/results/icra_submission/reruns/gnss_stress_full_v2/rh2/headland_only_degradation/seed_33/degraded_noisy_gnss.tum,f22d9a6d1f78ab72d8dc73510c35820f9d4fee57b1b8e14481ff8e2b9248d9e8,/home/pulver/projects/vineyard_pf/Outdoor_SLPF_icra_evidence/results/icra_submission/reruns/gnss_stress_full_v2/rh2/headland_only_degradation/seed_33/affected_mask.npy,92a77cb51d69fe46e2c17977269fe8b0748dbf110dc1a957cb6b1ffec53a5fa4,ada8080ed465b67894cf0377710d6159366b538a398aa3905cc4ac33f3782aa9,e262af8871f842305c0fd107e6ca0f1158382e99dc36246cac560609f82381f9,0.30025445292620867
/home/pulver/projects/vineyard_pf/Outdoor_SLPF_icra_evidence/results/icra_submission/reruns/gnss_stress_full_v2/rh2/headland_only_degradation/seed_33/rtab_rgbd_ngps/trajectory_0.5.tum,/home/pulver/projects/vineyard_pf/Outdoor_SLPF_icra_evidence/results/icra_submission/reruns/gnss_stress_full_v2/rh2/headland_only_degradation/seed_33/rtab_rgbd_ngps/gps_pose.tum,405,0,1.0,29.853563955523782,25.34708053848391,24.83881059248336,56.91389750960213,4.2774944163176825,3.6112213740688848,2.9126835967447726,11.20011176922515,2.805505727289308,2.2015133816374455,9.904157194426965,0.4345679012345679,22.0,253.15432024002075,153.39655432211626,42.28324866294861,24.655735254272592,6.9725706510052845,0.5654320987654321,0.05432098765432099,0.09382716049382717,0.23703703703703705,nan,nan,nan,nan,nan,nan,nan,nan,nan,nan,nan,nan,nan,nan,2.805505727289308,2.2015133816374455,9.904157194426965,0.4345679012345679,22.0,253.15432024002075,153.39655432211626,42.28324866294861,24.655735254272592,6.9725706510052845,0.5654320987654321,0.05432098765432099,0.09382716049382717,0.23703703703703705,0.6692595526506117,0.39192992545070393,0.5973495257606452,0.8411369133927855,1.100164903635264,rh2,headland_only_degradation,33,RTAB RGBD+NoisyGNSS,rtab_rgbd_ngps,kalman_start_pose_anchored_rtab_degraded_gnss,/home/pulver/projects/vineyard_pf/Outdoor_SLPF_icra_evidence/results/icra_submission/reruns/gnss_stress_full_v2/rh2/headland_only_degradation/seed_33/degraded_noisy_gnss.tum,f22d9a6d1f78ab72d8dc73510c35820f9d4fee57b1b8e14481ff8e2b9248d9e8,/home/pulver/projects/vineyard_pf/Outdoor_SLPF_icra_evidence/results/icra_submission/reruns/gnss_stress_full_v2/rh2/headland_only_degradation/seed_33/affected_mask.npy,92a77cb51d69fe46e2c17977269fe8b0748dbf110dc1a957cb6b1ffec53a5fa4,eee72c6cf3f99c2ba9bda5d7cd2ee72a2bf6c6c55e60fc7062baaabef5c9b8f9,82e315d25bd7538831ee22871141460c6977bff5c15072b21c5496eb92f88882,0.30025445292620867
