method,rmse,extra1,extra2
umeyama,1.2984815193731543
umeyama_noscale,1.2985472215813985
ransac_umeyama,1.3694657460384478,364,1.1790253194960367
timeshift_umeyama,1.2914972349127147,-0.7
