method,rmse,extra1,extra2
umeyama,1.4119853160910814
umeyama_noscale,1.4119931188648707
ransac_umeyama,1.4487636505145267,359,1.2474611932719055
timeshift_umeyama,1.4078173196553336,0.5
