method,ate_evo_rmse,rte2_evo_rmse,rte5_evo_rmse,rte10_evo_rmse,cross_track_mean,row_correct_fraction,row_switch_events
SPF LiDAR,1.4119931188648704,1.1623549787046494,1.7215448213905202,1.789382789466221,18.23816911699815,0.2080200501253132,2
SPF++,2.772753424141649,3.309955888181229,4.410546259068294,4.951651896521166,22.134584489314317,0.2030075187969924,1
Noisy GPS,3.0206277009696114,3.402305832336194,3.6619835655426303,3.632448765445393,2.912776783591833,0.4436090225563909,48
AMCL,1.219469984168321,0.9589282792670224,1.1628485883146966,1.4372180837520827,2.209447404239208,0.2992518703241895,14
RTABMap RGBD,63.96629817407574,1.421251766381138,2.768172786238898,4.414425028198315,24.293427072146898,0.1447368421052631,3
RTABMap RGB,63.96629817407574,1.4327497089389818,2.7474559351430337,4.4490156326699335,22.188919043490795,0.1458885941644562,3
