frame_idx,gps_dist,log_gps,log_semantic,log_corridor,corridor_dist,corridor_heading_misalign,correct_hits,incorrect_hits,no_hits,weight,gps_weight_used,corridor_weight_used,num_background_used,num_observations,semantic_model_used,semantic_classes_mode,gps_enabled,semantic_enabled,corridor_enabled,background_enabled,dynamic_gps_enabled,pose_smoothing_enabled,detection_drop_rate,detections_raw,detections_kept,detections_dropped,pose_backend_used,diagnostics_level,gnss_robust_mode,raw_best_x,raw_best_y,raw_best_theta,raw_weighted_x,raw_weighted_y,raw_weighted_theta,smoothed_x,smoothed_y,smoothed_theta,ess,max_weight,particle_count,gnss_innovation,gnss_robust_scale,gnss_row_gate_scale,gnss_row_gate_reason,row_likelihood_mode,row_mixture_top_k,row_hypothesis_id,row_hypothesis_second_id,row_hypothesis_score,row_hypothesis_second_score,row_hypothesis_prob,row_hypothesis_second_prob,row_hypothesis_entropy,row_hypothesis_gap,row_marginal_logscore,row_switch_event,row_switch_count,headland_flag,delayed_correction_status,delayed_correction_applied,delayed_correction_m,semantic_penalty_cap,smoother_status
0,0.23076899349689484,-0.022005921229720116,-48.51356506347656,-0.5598621368408203,1.5748560428619385,0.04620248079299927,17,0,110,0.030515359714627266,0.5415162454873647,0.3,116,127,wall,both,1,1,1,1,1,1,0.0,4,4,0,alpha,full,huber,10.878023057681729,11.186426263859742,7.653504870179697,10.878023057681729,11.186426263859742,7.653504870179697,10.878023057681729,11.186426263859742,7.653504870179697,49.19914108593999,0.030515355989336967,100,2.4400936365127563,1.0,1.0,disabled,single,3,row_1,row_2,-0.5598621368408203,-3.5020365715026855,0.9497605380535444,0.0501007236927796,0.20017570946637814,2.9421744346618652,-0.5083167454727008,0,0,0,disabled,0,0.0,50.0,alpha
4,0.30084580183029175,-0.037400081753730774,-37.93425750732422,-2.562318801879883,3.052441358566284,0.34711313247680664,81,0,80,0.02404787577688694,0.48231511254019294,0.3,120,161,wall,both,1,1,1,1,1,1,0.0,3,3,0,alpha,full,huber,13.146932978863665,7.666433873487563,-0.5350333370266274,11.775462761283872,8.741874053718306,-0.8438941076223999,11.638224489049945,11.153936068939279,0.3374137869656284,82.06609596239159,0.02404787577688694,250,3.6210349798202515,0.8284924107938113,1.0,disabled,single,3,row_1,row_2,-2.562318801879883,-7.367314338684082,0.9918736999089177,0.00812219342343381,0.04723750266311717,4.804995536804199,-2.5541593034367085,0,0,1,disabled,0,0.0,50.0,alpha
8,0.452515572309494,-0.08461584150791168,-23.91919708251953,-0.40709981322288513,1.3534884452819824,0.0009911060333251953,109,1,31,0.013729452155530453,0.5154639175257733,0.3,120,141,wall,both,1,1,1,1,1,1,0.0,3,3,0,alpha,full,huber,11.573649865291554,6.790695725578428,-1.3625625275179836,11.997221367041059,7.183839116080545,-1.080261950899257,12.494995317377626,9.201692679542903,-0.36453844978308103,155.03405616457744,0.013729452155530453,250,3.2272781133651733,0.9295759133915533,1.0,disabled,single,3,row_1,row_2,-0.40709981322288513,-3.295787811279297,0.9471174712410872,0.05270630738432734,0.20809786785265827,2.8886879980564117,-0.3527676653949265,0,0,0,disabled,0,0.0,50.0,alpha
12,0.22275571525096893,-0.0205041766166687,-19.7779541015625,-0.409954696893692,1.3582285642623901,0.0007826089859008789,98,0,28,0.011473828926682472,0.5434782608695653,0.3,115,126,wall,both,1,1,1,1,1,1,0.0,3,3,0,alpha,full,huber,11.732352448679764,5.859030668220287,-1.3675235351862323,11.724163436121666,6.129125650227858,-1.3400004767667573,12.439862673945958,7.371039740275772,-0.8514055521110673,139.90423421179358,0.011473828926682472,250,1.2316368222236633,1.0,1.0,disabled,single,3,row_1,row_2,-0.409954696893692,-3.294278383255005,0.9468891581378831,0.05292407581544788,0.20881671955019773,2.884323686361313,-0.3553814589863551,0,0,0,disabled,0,0.0,50.0,alpha
16,1.0885177850723267,-0.4896160960197449,-25.93914794921875,-0.3396018445491791,1.235520362854004,0.009613990783691406,95,15,25,0.023706302046775818,0.5263157894736842,0.3,120,135,wall,both,1,1,1,1,1,1,0.0,6,6,0,alpha,full,huber,11.783842235529152,5.1597358033674,-1.4411957603690126,11.79171360708276,5.661125500009907,-1.333920038252993,12.198623098202297,6.299030233411202,-1.0920998402755364,102.70928087065478,0.023706305772066116,148,1.6472628116607666,1.0,1.0,disabled,single,3,row_1,row_2,-0.3396018445491791,-3.0696988105773926,0.9385796084860456,0.06120756002069867,0.2322761767092999,2.7300969660282135,-0.276214243234343,0,0,0,disabled,0,0.0,50.0,alpha
20,0.7911984324455261,-0.25867560505867004,-19.13278579711914,-0.37384703755378723,1.2969188690185547,0.004128456115722656,104,0,26,0.033195335417985916,0.5357142857142857,0.3,104,130,wall,both,1,1,1,1,1,1,0.0,3,3,0,alpha,full,huber,11.927605190367007,4.6855996359588215,-1.3923601912536978,11.98801001216485,4.788026279651417,-1.2976593637558367,12.231260526993193,5.181875059853644,-1.1930366766900327,80.51634631000661,0.033195335417985916,112,0.9924310445785522,1.0,1.0,disabled,single,3,row_1,row_2,-0.37384703755378723,-3.175230026245117,0.9425710733262723,0.057238590909594336,0.2211104641587591,2.80138298869133,-0.314703084415418,0,0,0,disabled,0,0.0,50.0,alpha
24,0.5044853091239929,-0.10516753047704697,-30.942094802856445,-0.45225608348846436,1.4261360168457031,0.008375346660614014,73,14,37,0.022814901545643806,0.5474452554744526,0.3,91,124,wall,both,1,1,1,1,1,1,0.0,4,4,0,alpha,full,huber,12.205279055537147,3.6203278822116784,-1.2698788986494116,12.113337735047345,3.943345700033653,-1.3096819067484025,12.29019773234751,4.188714787994818,-1.2447701086059655,100.2168508525997,0.022814903408288956,148,0.9954661130905151,1.0,1.0,disabled,single,3,row_1,row_2,-0.45225608348846436,-3.3825273513793945,0.9491672029635772,0.05066897061358338,0.2020636154809981,2.93027126789093,-0.4000857761780892,0,0,0,disabled,0,0.0,50.0,alpha
28,1.260803461074829,-0.6568700075149536,-21.093280792236328,-0.4523892104625702,1.4267852306365967,0.0013878941535949707,106,16,32,0.031415391713380814,0.49342105263157904,0.3,120,154,wall,both,1,1,1,1,1,1,0.0,5,5,0,alpha,full,huber,12.349897766337826,2.7968895677650285,-1.3353057045025638,12.189252617885305,3.039526637951883,-1.3316337031893697,12.34702838510608,3.2243528280280547,-1.284781110054697,68.402024031198,0.031415391713380814,102,1.6366842985153198,1.0,1.0,disabled,single,3,row_1,row_2,-0.4523892104625702,-3.329133987426758,0.9465289300772288,0.053306419165240725,0.20972804357314784,2.8767447769641876,-0.3974354669846538,0,0,0,disabled,0,0.0,50.0,alpha
32,0.3433377146720886,-0.04871106892824173,-29.051082611083984,-0.4647753834724426,1.4461973905563354,0.00035697221755981445,71,29,49,0.02897794172167778,0.5016722408026756,0.3,120,149,wall,both,1,1,1,1,1,1,0.0,5,5,0,alpha,full,huber,12.47069140982628,2.2502467519124143,-1.3612771010400129,12.370063409385871,2.3324153647187793,-1.2644757477371917,12.437860418037507,2.4679982393202318,-1.2706015905307344,59.52347174818393,0.02897794358432293,83,0.6182698011398315,1.0,1.0,disabled,single,3,row_1,row_2,-0.4647753834724426,-3.3839669227600098,0.9486346437040337,0.05120474453063599,0.20360272100447566,2.919191539287567,-0.41204383814403345,0,0,0,disabled,0,0.0,50.0,alpha
36,0.928558349609375,-0.35628950595855713,-29.213924407958984,-0.5000820159912109,1.5000284910202026,0.003928661346435547,54,0,51,0.05470071732997894,0.5882352941176471,0.3,96,105,wall,both,1,1,1,1,1,1,0.0,4,4,0,alpha,full,huber,12.77633442068482,0.9358165713984319,-1.2881458955841485,12.71288587972035,1.3462862104691462,-1.2175450418132048,12.713946729296566,1.4478181954450369,-1.2314471329168828,53.322836173261514,0.05470072105526924,80,1.3949717283248901,1.0,1.0,disabled,single,3,row_1,row_2,-0.5000820159912109,-3.481640577316284,0.9516016437794286,0.04825927052135871,0.19472485394539898,2.9815585613250732,-0.45047324282124035,0,0,0,disabled,0,0.0,50.0,alpha
40,0.9405034184455872,-0.36551517248153687,-33.25571060180664,-0.6640275716781616,1.712601900100708,0.054780423641204834,42,0,36,0.03703140839934349,0.6578947368421053,0.3,78,78,wall,both,1,1,1,1,1,1,0.0,2,2,0,alpha,full,huber,12.842711169377434,1.703349702985383,-1.0554676065761583,12.914583168700943,1.0233411948872677,-1.1857793077812802,12.892779539284328,1.0203563093759989,-1.2053809791873806,62.860941723297316,0.03703140839934349,80,1.6670763492584229,1.0,1.0,disabled,single,3,row_1,row_2,-0.6631563901901245,-3.8965725898742676,0.9619840048158848,0.03792390393017664,0.16223343077439942,3.233416199684143,-0.6243989347249489,0,0,0,disabled,0,0.0,50.0,alpha
44,0.6763166189193726,-0.18900999426841736,-28.566850662231445,-1.1555123329162598,2.24167537689209,0.09752577543258667,39,4,33,0.04675210639834404,0.663716814159292,0.3,61,76,wall,both,1,1,1,1,1,1,0.0,4,4,0,alpha,full,huber,13.609381954165153,0.5427130796059669,-0.931499713910152,13.210751198090897,0.6709043472098933,-1.0547874565953628,13.124647673911923,0.6792188884125441,-1.1281275759029699,54.67580357273092,0.04675210639834404,80,1.2924934029579163,1.0,1.0,disabled,single,3,row_1,row_2,-1.1442989110946655,-4.924494743347168,0.9776653509121535,0.02230858545253593,0.10719317838716225,3.7801958322525024,-1.121711066610006,0,0,0,disabled,0,0.0,50.0,alpha
48,0.19021737575531006,-0.014951508492231369,-23.233055114746094,-0.5001055598258972,1.5001304149627686,0.002133190631866455,53,0,41,0.05725892260670662,0.6147540983606558,0.3,79,94,wall,both,1,1,1,1,1,1,0.0,3,3,0,alpha,full,huber,12.979266174682598,-0.004365378464893793,-1.3839026019836058,13.144897598776545,0.3029153156428495,-1.1887476271963453,13.19810548633556,0.34078682974766444,-1.1566643404572226,50.10602684199511,0.05725892260670662,83,0.4527333378791809,1.0,1.0,disabled,single,3,row_1,row_2,-0.5001055598258972,-3.4918718338012695,0.9520813839798811,0.047793241798642715,0.19321120095735855,2.9917662739753723,-0.4510007993551128,0,0,0,disabled,0,0.0,50.0,alpha
52,0.41322678327560425,-0.07056048512458801,-32.506263732910156,-1.4836177825927734,2.3095767498016357,0.27031803131103516,53,0,58,0.024327188730239868,0.5747126436781609,0.3,96,111,wall,both,1,1,1,1,1,1,0.0,3,3,0,alpha,full,huber,13.860833777041666,-0.18159515124395606,-0.5656335064200642,13.384081372868884,-0.07019637046315136,-1.1202070481040005,13.379835787838076,-0.06599125876580841,-1.136329645999342,67.46100986093307,0.024327188730239868,80,0.9642550945281982,1.0,1.0,disabled,single,3,row_1,row_2,-1.4836177825927734,-5.493234634399414,0.9821654354624946,0.017816819203645407,0.08962793920898453,4.009616851806641,-1.4656222656603959,0,0,0,disabled,0,0.0,50.0,alpha
56,0.667107343673706,-0.18389761447906494,-33.34272384643555,-1.7189574241638184,2.548530101776123,0.2598607540130615,39,0,47,0.05204666778445244,0.6355932203389831,0.3,71,86,wall,both,1,1,1,1,1,1,0.0,3,3,0,alpha,full,huber,13.962192012624602,0.382614939635047,-0.5810541870066395,13.671297671931576,-0.18587792844135587,-0.9426387152664557,13.589210669897563,-0.23767632492313034,-1.0382310412838187,53.7934450941445,0.05204667150974274,80,1.4730203747749329,1.0,1.0,disabled,single,3,row_1,row_2,-1.7189574241638184,-5.906469345092773,0.9850315407207589,0.014956735608787745,0.07784605852099034,4.187511920928955,-1.7038758068774111,0,0,1,disabled,0,0.0,50.0,alpha
60,0.34196409583091736,-0.04832208529114723,-30.704919815063477,-0.4937494695186615,1.489775538444519,0.011529386043548584,42,0,63,0.03923146426677704,0.5882352941176471,0.3,105,105,wall,both,1,1,1,1,1,1,0.0,1,1,0,alpha,full,huber,13.137981449937813,-0.8795786461765154,-1.3369875718030102,13.517286999875871,-0.6512550191708881,-1.1449530154222263,13.638346729121544,-0.6156347162193526,-1.0945199729773352,60.0491131259597,0.03923146426677704,102,0.7657523155212402,1.0,1.0,disabled,single,3,row_1,row_2,-0.4937494695186615,-3.5047991275787354,0.9529523640396007,0.0469233424789295,0.1905906409201828,3.011049658060074,-0.4455591076734263,0,0,0,disabled,0,0.0,50.0,alpha
64,0.9824938178062439,-0.3988818824291229,-28.05860137939453,-0.6522582769393921,1.7122938632965088,0.013223886489868164,53,3,47,0.025047875940799713,0.5928853754940712,0.3,98,103,wall,both,1,1,1,1,1,1,0.0,2,2,0,alpha,full,huber,13.356517565467799,-0.8219079084356274,-1.3261770826559205,13.38735446342223,-0.9828008405054097,-1.3221361889477437,13.585455191055484,-0.9826397376207552,-1.2169130998884705,77.51604504005715,0.025047875940799713,127,1.3484734296798706,1.0,1.0,disabled,single,3,row_1,row_2,-0.6522582769393921,-3.909318685531616,0.9628529728394787,0.037071197313902904,0.1593142127458699,3.257060408592224,-0.6144037219200364,0,0,0,disabled,0,0.0,50.0,alpha
68,0.4526045322418213,-0.08464912325143814,-24.856088638305664,-0.7036089897155762,1.7793933153152466,5.960464477539063e-08,66,1,39,0.018463782966136932,0.5859375,0.3,93,106,wall,both,1,1,1,1,1,1,0.0,2,2,0,alpha,full,huber,13.654285803829312,-2.1206117638348605,-1.3611968274386386,13.62865699892442,-2.0058407924611785,-1.2863948543030068,13.776503592913052,-1.9982194061568124,-1.2457088796025027,77.37402861180573,0.018463782966136932,97,0.6793223023414612,1.0,1.0,disabled,single,3,row_1,row_2,-0.7036089897155762,-4.112972259521484,0.9679325573587085,0.032002023746986484,0.14232754979718973,3.409363269805908,-0.6710161234327047,0,0,0,disabled,0,0.0,50.0,alpha
72,1.3708416223526,-0.7765317559242249,-20.900630950927734,-0.4372919201850891,1.402787685394287,0.00015413761138916016,78,10,42,0.023959938436746597,0.5357142857142857,0.3,117,130,wall,both,1,1,1,1,1,1,0.0,1,1,0,alpha,full,huber,13.289202229519326,-2.2143712824344775,-1.378465085708549,13.662982065784973,-2.3647342448290773,-1.2981148570737657,13.783546238031853,-2.4059455374564775,-1.2710354442299312,80.73617183980689,0.023959938436746597,102,1.5755674242973328,1.0,1.0,disabled,single,3,row_1,row_2,-0.4372919201850891,-3.425903797149658,0.9519151095215178,0.04793586555339076,0.19384688987354654,2.988611876964569,-0.3880125013477022,0,0,0,disabled,0,0.0,50.0,alpha
76,2.0701982975006104,-1.7709590196609497,-35.58698272705078,-0.27838534116744995,1.053476333618164,0.08821159601211548,54,9,57,0.03342127427458763,0.5555555555555556,0.3,105,120,wall,both,1,1,1,1,1,1,0.0,2,2,0,alpha,full,huber,12.919095028915228,-2.1535408082109404,-1.7840835309866772,13.638513157731007,-2.8227147938954698,-1.375142386111622,13.781648656829322,-2.887116526965026,-1.3238346592348036,76.6571924435664,0.03342127427458763,112,3.1076358556747437,0.9653640707362178,1.0,disabled,single,3,row_1,row_2,-0.27838534116744995,-2.857534408569336,0.9292062246737949,0.07046961559376444,0.25775680935484657,2.579149067401886,-0.20496076201930427,0,0,0,disabled,0,0.0,50.0,alpha
80,1.0008995532989502,-0.41396692395210266,-33.001609802246094,-0.6206810474395752,1.6709307432174683,0.007579922676086426,59,5,69,0.015090507455170155,0.5300353356890459,0.3,120,133,wall,both,1,1,1,1,1,1,0.0,1,1,0,alpha,full,huber,13.678268887772152,-2.837125372311701,-1.2749152587084134,13.79128283136822,-3.242738988641382,-1.3065558979287832,13.844392549327665,-3.3105679681744387,-1.320404924252671,109.50316048042038,0.015090507455170155,138,1.3139671087265015,1.0,1.0,disabled,single,3,row_1,row_2,-0.6206810474395752,-3.914332628250122,0.9641326784703366,0.03578673655960267,0.155152068453082,3.293651580810547,-0.5841546868653785,0,0,0,disabled,0,0.0,50.0,alpha
84,1.1476598978042603,-0.5442658066749573,-32.51539993286133,-0.5667992234230042,1.5889979600906372,0.03739291429519653,74,0,58,0.03372078388929367,0.5319148936170213,0.3,120,132,wall,both,1,1,1,1,1,1,0.0,2,2,0,alpha,full,huber,13.664842177413595,-3.236997068170313,-1.1237891228622212,13.85363709635863,-3.536137247931484,-1.2255656110702131,13.896678320455974,-3.6191848572032352,-1.2730521819722986,65.3554898604171,0.03372078761458397,97,1.5285987854003906,1.0,1.0,disabled,single,3,row_1,row_2,-0.5667992234230042,-3.7560784816741943,0.9603375833528601,0.039567402644173376,0.1675380291907077,3.18927925825119,-0.5263288164145116,0,0,0,disabled,0,0.0,50.0,alpha
88,1.0153197050094604,-0.4259810447692871,0.0,-0.2553744614124298,1.072000503540039,2.0384788513183594e-05,0,0,0,0.031706247478723526,0.5,0.3,0,0,wall,both,1,1,1,1,1,1,0.0,0,0,0,alpha,full,huber,13.253102079039278,-3.885232016523907,-1.3917364283733424,13.82149732731686,-4.229115457035238,-1.3217678403361153,13.949012163199772,-4.2599373076901905,-1.290236583291961,57.62883083789106,0.031706247478723526,80,1.9014009237289429,1.0,1.0,disabled,single,3,row_1,row_2,-0.2553744614124298,-2.852658748626709,0.9304182769079464,0.0692934203980498,0.25442505244379193,2.597284287214279,-0.183253427581901,0,0,0,disabled,0,0.0,50.0,alpha
92,1.3191750049591064,-0.719100296497345,0.0,-0.3924257755279541,1.3277586698532104,0.012722611427307129,0,0,0,0.028113560751080513,0.5,0.3,0,0,wall,both,1,1,1,1,1,1,0.0,0,0,0,alpha,full,huber,13.81730347314137,-6.978175166938095,-1.5166493181666558,13.989928926818813,-7.263136419122491,-1.5224717802474783,14.369804952819326,-7.2938732027454956,-1.4394259941238456,68.34360940725779,0.028113562613725662,102,1.9515073895454407,1.0,1.0,disabled,single,3,row_1,row_2,-0.3924257755279541,-2.9240684509277344,0.9260432525888238,0.07364662133264646,0.26576280083513243,2.5316426753997803,-0.3155914391603671,0,0,0,disabled,0,0.0,50.0,alpha
96,0.25562965869903564,-0.027002695947885513,0.0,-0.6786808967590332,1.500665545463562,0.2089691162109375,0,0,0,0.01628856360912323,0.5,0.3,0,0,wall,both,1,1,1,1,1,1,0.0,0,0,0,alpha,full,huber,12.360770741023318,-7.813046790012322,-2.0152684957324847,13.692756320812578,-8.09427375667344,-1.8190904601418303,14.048426061128843,-8.120056915772636,-1.7450327299740556,103.55556042033264,0.01628856547176838,127,1.9595892429351807,1.0,1.0,disabled,single,3,row_1,row_2,-0.6786808967590332,-1.476996898651123,0.6841285135888528,0.30791685137106856,0.6608574980946944,0.7983160018920898,-0.29907140311502195,0,0,0,disabled,0,0.0,50.0,alpha
100,0.21728873252868652,-0.01951007917523384,0.0,-0.831845760345459,1.9310853481292725,0.02781975269317627,0,0,0,0.009129554964601994,0.5,0.3,0,0,wall,both,1,1,1,1,1,1,0.0,0,0,0,alpha,full,huber,12.6896476385045,-8.271721996608871,-1.5933948189604095,13.196784872112161,-8.534136898788606,-1.9449873544666942,13.540276765423693,-8.573606827694825,-1.867601463354354,164.2107436157844,0.009129555895924568,213,0.8740499019622803,1.0,1.0,disabled,single,3,row_1,row_2,-0.831845760345459,-1.8923245668411255,0.7391678532184129,0.2559664098314569,0.5981192907452532,1.0604788064956665,-0.5296155121336847,0,0,0,disabled,0,0.0,50.0,alpha
104,0.16801325976848602,-0.011664651334285736,-49.97416305541992,-4.043839454650879,2.8957793712615967,0.7308862209320068,1,0,119,0.022021913900971413,0.5555555555555556,0.3,120,120,wall,both,1,1,1,1,1,1,0.0,3,3,0,alpha,full,huber,13.250327897171555,-9.17437673590728,3.0829520091762266,12.895275742226705,-9.649550987084893,3.0200490721008464,13.017173364579046,-9.715838199818691,3.017927479363392,95.68473258203112,0.022021913900971413,250,0.8577548861503601,1.0,1.0,disabled,single,3,row_1,row_2,-4.043839454650879,-5.483775615692139,0.8068336083056112,0.19117348237176365,0.5018799025639901,1.4399361610412598,-3.829201637184634,0,0,1,disabled,0,0.0,50.0,alpha
108,0.45593753457069397,-0.0859004333615303,-49.6119384765625,-1.5588226318359375,2.6485207080841064,0.0014785528182983398,1,0,123,0.07241103798151016,0.5474452554744526,0.3,120,124,wall,both,1,1,1,1,1,1,0.0,4,4,0,alpha,full,huber,11.993839514792363,-8.906327150197976,1.730242194095137,12.144657222163094,-9.387260792146211,2.4386721362362387,12.338349008686464,-9.510392431360781,2.474616094529071,28.76286664524889,0.07241103798151016,80,1.2840200662612915,1.0,1.0,disabled,single,3,row_1,row_2,-1.5588226318359375,-1.7411102056503296,0.5341221059649233,0.445116881111626,0.7756924578675064,0.1822875738143921,-0.9316918285302906,0,0,1,disabled,0,0.0,50.0,alpha
112,0.2898867726325989,-0.03472493216395378,-47.58305358886719,-1.0245662927627563,2.1472184658050537,0.00021988153457641602,10,7,114,0.042040128260850906,0.5338078291814947,0.3,120,131,wall,both,1,1,1,1,1,1,0.0,13,13,0,alpha,full,huber,11.266697659229512,-8.621911203253507,1.7748325765868467,11.518487731088648,-8.767513523328077,1.6720219290094278,11.642182358263256,-8.908718280791152,1.6905033690225082,37.24119739697908,0.042040128260850906,80,0.7623314261436462,1.0,1.0,disabled,single,3,row_2,row_1,-1.0245662927627563,-1.5828474760055542,0.5980488069276646,0.3421985705840191,0.8427636674875125,0.5582811832427979,-0.5104833813366639,1,1,0,disabled,0,0.0,50.0,alpha
116,1.472432017326355,-0.8958909511566162,-41.583953857421875,-0.3357182741165161,1.2288349866867065,0.006159722805023193,47,9,103,0.045960862189531326,0.4854368932038835,0.3,120,159,wall,both,1,1,1,1,1,1,0.0,13,13,0,alpha,full,huber,11.081804189895724,-7.612829947876978,1.6847519197165326,11.455498693304335,-7.9539216477047,1.527981218263731,11.497615513440863,-8.03530870674804,1.5254618913160733,49.63175694020184,0.045960862189531326,80,1.680090844631195,1.0,1.0,disabled,single,3,row_2,row_1,-0.3357182741165161,-0.9077479839324951,0.6001893173650714,0.3387340968667825,0.843843228883716,0.572029709815979,0.1747918704764767,0,1,0,disabled,0,0.0,50.0,alpha
120,0.3737189471721649,-0.05771316587924957,-35.638946533203125,-0.3620116412639618,1.2763268947601318,0.0015144944190979004,60,9,97,0.03359145671129227,0.4746835443037975,0.3,120,166,wall,both,1,1,1,1,1,1,0.0,10,10,0,alpha,full,huber,11.364913624142233,-7.274818111494728,1.740759183473184,11.270045920357163,-7.467991219353539,1.6119855083909,11.383159055834943,-7.487271826743802,1.5294849852449781,60.44986325662432,0.03359145671129227,80,0.5829858481884003,1.0,1.0,disabled,single,3,row_2,row_1,-0.3620116412639618,-0.5621607303619385,0.5296196464861324,0.43355124942914913,0.8205526952062324,0.20014908909797668,0.2735845369440737,0,1,0,disabled,0,0.0,50.0,alpha
124,0.17179864645004272,-0.012196187861263752,-30.6591796875,-0.1810261756181717,0.9022727608680725,0.0053291916847229,67,2,58,0.033173903822898865,0.5415162454873647,0.3,120,127,wall,both,1,1,1,1,1,1,0.0,7,7,0,alpha,full,huber,11.055936592226592,-6.469022049071922,1.6925167488729898,11.123689997032763,-6.846335310502923,1.5868497102279733,11.251344329424045,-6.871219953429559,1.5382028232553075,57.686387819328715,0.033173903822898865,80,0.4800344556570053,1.0,1.0,disabled,single,3,row_2,row_1,-0.1810261756181717,-0.5599637627601624,0.5652936212059069,0.3869934208764397,0.8350095722383587,0.37893758714199066,0.38938382365597735,0,1,0,disabled,0,0.0,50.0,alpha
128,0.9375254511833191,-0.36320412158966064,-30.247644424438477,-0.3308427035808563,1.2200350761413574,0.0040854811668396,57,2,65,0.028417447581887245,0.5474452554744526,0.3,119,124,wall,both,1,1,1,1,1,1,0.0,7,7,0,alpha,full,huber,11.406165697931398,-6.597924062288223,1.7053779928049089,11.212314887616511,-6.543592942809063,1.6378215221766523,11.235606405801214,-6.51533852953171,1.5845161578468607,62.823773640727765,0.028417447581887245,80,1.2270470261573792,1.0,1.0,disabled,single,3,row_2,row_1,-0.3308427035808563,-0.35981595516204834,0.4926266844132833,0.4785584725859089,0.8036703537785606,0.028973251581192017,0.37716092063129714,0,1,0,disabled,0,0.0,50.0,alpha
132,0.6136221885681152,-0.15559181571006775,-38.03922653198242,-0.11680600047111511,0.6688932776451111,0.0652536153793335,62,0,74,0.04446148872375488,0.5244755244755245,0.3,120,136,wall,both,1,1,1,1,1,1,0.0,10,10,0,alpha,full,huber,10.626572520999924,-5.6138081522290415,1.4051076224959846,11.13419701374913,-5.9915105052285185,1.64902462514111,11.17701515418318,-6.021989386679532,1.6127814816384625,55.53603137363142,0.04446149244904518,80,1.213006854057312,1.0,1.0,disabled,single,3,row_2,row_1,-0.11680600047111511,-0.7617581486701965,0.6108215730765302,0.32049053498623387,0.84975042220097,0.6449521481990814,0.37614438641152587,0,1,0,disabled,0,0.0,50.0,alpha
136,0.3319326937198639,-0.04552864283323288,-31.783750534057617,-0.3127050995826721,1.1861950159072876,0.002495288848876953,80,5,62,0.04022976756095886,0.5050505050505051,0.3,120,147,wall,both,1,1,1,1,1,1,0.0,8,8,0,alpha,full,huber,11.237913812252701,-5.3720484493856775,1.6893492749592287,11.15862249768168,-5.536286764701707,1.690439331889194,11.159556881630824,-5.580076960817374,1.6490373369418858,56.00135696774537,0.04022976756095886,80,0.6219603419303894,1.0,1.0,disabled,single,3,row_1,row_2,-0.3127050995826721,-0.38477689027786255,0.5048160351315796,0.4697131951435731,0.7934868685089379,0.07207179069519043,0.37085610336084407,1,2,0,disabled,0,0.0,50.0,alpha
140,1.4663206338882446,-0.8884695172309875,-30.32431411743164,-0.26385027170181274,1.0896363258361816,0.0010142326354980469,89,4,50,0.051303669810295105,0.5119453924914675,0.3,108,143,wall,both,1,1,1,1,1,1,0.0,13,13,0,alpha,full,huber,11.354724760237145,-5.46863714264543,1.8050505092367946,11.142080274246574,-5.159369590761781,1.7805086862043855,11.133772225271414,-5.142408515942538,1.7524708702296516,57.091526180337205,0.051303669810295105,80,1.9252544045448303,1.0,1.0,disabled,single,3,row_1,row_2,-0.26385027170181274,-0.44266456365585327,0.5327575510930455,0.44552446121229966,0.7788509202154904,0.17881429195404053,0.3658385625999889,0,2,0,disabled,0,0.0,50.0,alpha
144,0.6833775043487549,-0.1929771900177002,-38.37992477416992,-0.1308208853006363,0.5660902261734009,0.12084680795669556,78,15,43,0.029619665816426277,0.5244755244755245,0.3,94,136,wall,both,1,1,1,1,1,1,0.0,11,11,0,alpha,full,huber,10.417978757974849,-5.095502846857709,2.265073266765995,11.046881136827121,-4.751762909852689,1.7782776945226624,11.049166672539505,-4.727142741336513,1.773964303845597,65.4499047860848,0.029619667679071426,80,1.0142667293548584,1.0,1.0,disabled,single,3,row_2,row_1,-0.1308208853006363,-0.8995400667190552,0.6290104291649157,0.29161331346474934,0.8520809574710857,0.7687191814184189,0.3327865565701604,1,3,0,disabled,0,0.0,50.0,alpha
148,0.5804430246353149,-0.1392206996679306,-30.063003540039062,-0.25006434321403503,1.0606082677841187,0.004665076732635498,126,29,26,0.04588603973388672,0.4531722054380664,0.3,120,181,wall,both,1,1,1,1,1,1,0.0,8,8,0,alpha,full,huber,11.088958207897711,-3.8890078009355618,1.8401045986594937,11.0298162046297,-3.903760891917903,1.8546904583737045,10.957249711332338,-3.8797675170054573,1.8414111585512947,52.83779766406323,0.04588603973388672,80,0.7724048495292664,1.0,1.0,disabled,single,3,row_1,row_2,-0.25006434321403503,-0.4713650047779083,0.5437784515441927,0.4358251993986248,0.7726267856637337,0.2213006615638733,0.35914903005512133,1,4,0,disabled,0,0.0,50.0,alpha
152,0.7012431621551514,-0.20319917798042297,-34.986087799072266,-0.17808501422405243,0.8910912275314331,0.01998913288116455,117,30,30,0.0419250912964344,0.4587155963302753,0.3,120,177,wall,both,1,1,1,1,1,1,0.0,7,7,0,alpha,full,huber,11.154595486539934,-3.2787479508693598,1.943754377876993,10.935970549613995,-3.055928923143894,1.755732231488938,10.827651844257701,-3.001689617391647,1.7739159601084138,57.33658158931635,0.0419250912964344,80,1.1879430413246155,1.0,1.0,disabled,single,3,row_1,row_2,-0.17808501422405243,-0.5953459739685059,0.593534754007076,0.39104975804322273,0.7411069835344984,0.41726095974445343,0.343574494702367,0,4,0,disabled,0,0.0,50.0,alpha
156,0.8873032331466675,-0.32533347606658936,-25.92091178894043,-0.1145312637090683,0.7173353433609009,0.006684422492980957,118,8,14,0.02473248355090618,0.5172413793103449,0.3,120,140,wall,both,1,1,1,1,1,1,0.0,5,5,0,alpha,full,huber,11.0370814980541,-1.818062131800215,1.8963752891518357,10.989371072244126,-1.8767801406451583,1.6673650791851458,10.804482345899327,-1.8386355750803272,1.7313352772559387,71.08306684435651,0.024732479825615883,80,1.2310796976089478,1.0,1.0,disabled,single,3,row_1,row_2,-0.1145312637090683,-0.7009294033050537,0.6348418010140556,0.35317994843989176,0.7090405560180706,0.5863981395959854,0.3398481796803038,0,4,0,disabled,0,0.0,50.0,alpha
160,4.2565836906433105,-6.8345046043396,-16.155027389526367,-0.14330606162548065,0.8029281497001648,0.0031622648239135742,128,1,13,0.01791340298950672,0.5136986301369862,0.3,120,142,wall,both,1,1,1,1,1,1,0.0,11,11,0,alpha,full,huber,10.658134348330194,-0.2256122782521519,1.9025670626941809,10.997721324113991,-0.3032181610717218,1.6448607693319282,10.794287549173822,-0.27486716998531013,1.7052756931083408,89.04563288909365,0.01791340298950672,102,4.2309653759002686,0.7090580360425799,1.0,disabled,single,3,row_1,row_2,-0.14330606162548065,-0.6014491319656372,0.6040200242404896,0.38201668274532674,0.7317683986566978,0.45814307034015656,0.3608418672553383,0,4,0,disabled,0,0.0,50.0,alpha
164,0.4244023561477661,-0.07442866265773773,-17.298864364624023,-0.27465546131134033,1.1117299795150757,0.0005703568458557129,120,18,18,0.01806739531457424,0.49019607843137253,0.3,120,156,wall,both,1,1,1,1,1,1,0.0,12,12,0,alpha,full,huber,10.086024191932918,1.0815598385953507,1.7985521920082101,10.445626168196636,0.7363734118673371,1.7720386383081832,10.545899815851138,0.6998345151525548,1.745526594292663,107.74796570177428,0.01806739531457424,169,1.1079051494598389,1.0,1.0,disabled,single,3,row_1,row_2,-0.27465546131134033,-0.40919771790504456,0.5201083106591263,0.45463496535938264,0.7912860059436031,0.13454225659370422,0.3790627380555285,0,4,0,disabled,0,0.0,50.0,alpha
168,0.168594092130661,-0.01174544170498848,-35.95750045776367,-0.1273670196533203,0.4837590157985687,0.13588112592697144,124,36,13,0.01059875637292862,0.46439628482972134,0.3,120,173,wall,both,1,1,1,1,1,1,0.0,11,11,0,alpha,full,huber,9.232344851834306,0.8978527807898521,2.3076482449030067,9.997113485716966,1.4958195092713351,1.8586164253645443,10.180529152425253,1.4975538336275873,1.7988757641176534,149.046725279749,0.01059875637292862,196,1.218995749950409,1.0,1.0,disabled,single,3,row_2,row_1,-0.1273670196533203,-0.9598076939582825,0.6330351278957287,0.27536162687086446,0.8635260797910838,0.8324406743049622,0.3298623444183441,1,5,0,disabled,0,0.0,50.0,alpha
172,0.3806079626083374,-0.059860508888959885,-35.28662872314453,-0.19572535157203674,0.6847989559173584,0.1497364640235901,91,32,22,0.012783589772880077,0.5084745762711864,0.3,84,145,wall,both,1,1,1,1,1,1,0.0,12,12,0,alpha,full,huber,9.204256076269191,2.293079003292519,2.285823582936292,9.510247343890914,2.4686019511320243,1.9140135882014226,9.699608669857547,2.515286397338821,1.852615551496334,149.4614075679838,0.012783589772880077,191,1.0186563730239868,1.0,1.0,disabled,single,3,row_2,row_1,-0.16200226545333862,-0.7649085521697998,0.6036303028515072,0.33031793909719476,0.8500851643886047,0.6029062867164612,0.3427910843639357,0,5,0,disabled,0,0.0,50.0,alpha
176,0.5859073996543884,-0.14185433089733124,-30.13617706298828,-0.16918019950389862,0.8718717098236084,0.00791478157043457,87,35,22,0.010712828487157822,0.5102040816326531,0.3,83,144,wall,both,1,1,1,1,1,1,0.0,6,6,0,alpha,full,huber,7.525759471722593,2.672404829757868,1.9195073295619522,8.85318919208958,3.646862344132174,1.977584052436297,9.063684076921575,3.7261822204564328,1.9078415875964323,211.77280664183283,0.010712828487157822,250,1.4889981150627136,1.0,1.0,disabled,single,3,row_2,row_3,-0.16918019950389862,-0.5928826928138733,0.5705015486012691,0.3734609286694825,0.8495104777761566,0.42370249330997467,0.39205919571656866,0,5,0,disabled,0,0.0,50.0,alpha
180,0.9853066205978394,-0.4011690616607666,-18.152795791625977,-0.3119365870952606,1.1844208240509033,0.006850600242614746,122,7,21,0.012616120278835297,0.5,0.3,120,150,wall,both,1,1,1,1,1,1,0.0,6,6,0,alpha,full,huber,9.494382612304413,4.0286565470772695,1.7754522160838615,9.050722598470303,4.168044600746368,1.898955155115426,8.985336051252478,4.1724484992821615,1.8919025631805368,176.36856624943402,0.012616120278835297,250,1.6075721979141235,1.0,1.0,disabled,single,3,row_1,row_2,-0.3119365870952606,-0.38097235560417175,0.5030987009676235,0.46953864532818446,0.7990531669092693,0.06903576850891113,0.37503231644894275,1,6,0,disabled,0,0.0,50.0,alpha
184,0.4972741901874542,-0.10218249261379242,-30.851055145263672,-0.26262348890304565,1.086944580078125,0.004409730434417725,117,35,25,0.010374638251960278,0.4587155963302753,0.3,120,177,wall,both,1,1,1,1,1,1,0.0,6,6,0,alpha,full,huber,9.278295152240043,3.929627425071453,1.7246703004470474,9.020020140623751,4.597045213723636,1.9105984437557695,8.939668157623847,4.60062708671366,1.898987568938857,206.0121384649086,0.010374638251960278,250,0.8827321827411652,1.0,1.0,disabled,single,3,row_2,row_1,-0.26262348890304565,-0.44086340069770813,0.5229138585083701,0.4375438075027487,0.8284263864092387,0.17823991179466248,0.3857150460647232,1,7,0,disabled,0,0.0,50.0,alpha
188,0.2156095653772354,-0.01920970529317856,-18.970121383666992,-0.2595040500164032,1.0804363489151,0.004813253879547119,115,7,17,0.011928077787160873,0.5190311418685121,0.3,120,139,wall,both,1,1,1,1,1,1,0.0,3,3,0,alpha,full,huber,9.429614308014836,4.986243170395512,1.7410188542665423,9.044584933880966,5.298605893389844,1.7922283361773963,8.888013026534527,5.305683431031465,1.8300184379093603,174.93974719598097,0.011928079649806023,250,0.8757379949092865,1.0,1.0,disabled,single,3,row_1,row_2,-0.2595040500164032,-0.4365328252315521,0.5318192418909831,0.4455345893384893,0.7818024571843594,0.17702877521514893,0.37194756824090447,1,8,0,disabled,0,0.0,50.0,alpha
192,0.6292838454246521,-0.16363559663295746,-33.65813446044922,-0.07331504672765732,0.5014377236366272,0.06536579132080078,122,24,19,0.009983022697269917,0.47619047619047616,0.3,120,165,wall,both,1,1,1,1,1,1,0.0,3,3,0,alpha,full,huber,7.490962216543521,4.848766581209353,2.2125174691458023,8.810574225728054,5.7257140259364165,1.8242930550276808,8.781955190837886,5.776025980316594,1.8266358834755563,184.4010250219099,0.009983022697269917,218,1.4202622771263123,1.0,1.0,disabled,single,3,row_2,row_3,-0.07331504672765732,-0.9214648604393005,0.6359857295444646,0.2723331986268656,0.8611319228090081,0.8481498137116432,0.3792641069892581,1,9,0,disabled,0,0.0,50.0,alpha
196,0.5961332321166992,-0.1468491107225418,-30.491199493408203,-0.18023452162742615,0.899646520614624,0.009596467018127441,128,24,29,0.0072053465992212296,0.4531722054380664,0.3,120,181,wall,both,1,1,1,1,1,1,0.0,4,4,0,alpha,full,huber,8.672508261709062,6.245973450137153,1.6018029614221607,8.674956633325188,6.250464057471027,1.8524246422220787,8.66033580952403,6.276940149846924,1.840254852446039,221.01512111298123,0.007205347530543804,250,0.8936715722084045,1.0,1.0,disabled,single,3,row_2,row_1,-0.18023452162742615,-0.5675284266471863,0.5652648101326899,0.38375349518195323,0.8417395286507074,0.38729390501976013,0.3902264455090193,0,9,0,disabled,0,0.0,50.0,alpha
200,0.6658896207809448,-0.18322685360908508,-33.751461029052734,-0.09924887120723724,0.6666823625564575,0.010830700397491455,110,34,17,0.007590798195451498,0.48231511254019294,0.3,120,161,wall,both,1,1,1,1,1,1,0.0,3,3,0,alpha,full,huber,7.163013956030947,5.781009055147697,1.8877640734401862,8.343847802910387,6.646184185675896,1.9464689262810195,8.425152185282759,6.701315796538555,1.8920008959357277,228.21944707881696,0.007590798195451498,250,1.3323312401771545,1.0,1.0,disabled,single,3,row_2,row_3,-0.09924887120723724,-0.7533287405967712,0.6099599043780939,0.3171304980977972,0.8566633234640812,0.654079869389534,0.3951131832956037,0,9,0,disabled,0,0.0,50.0,alpha
204,0.35050147771835327,-0.05076499283313751,-32.30052947998047,-0.2580428123474121,0.7948184013366699,0.1697821021080017,110,35,19,0.008516950532793999,0.47770700636942676,0.3,120,164,wall,both,1,1,1,1,1,1,0.0,4,4,0,alpha,full,huber,8.463999637305134,6.873532704618065,2.3180593127128333,8.330335081207865,7.0440215018387935,1.9748599027156293,8.313048180726238,7.069995606747282,1.931230992739061,202.93215345927806,0.008516950532793999,250,0.7910861968994141,1.0,1.0,disabled,single,3,row_2,row_1,-0.2580428123474121,-0.7425867319107056,0.5825093621341184,0.3588129916282878,0.8489526790801086,0.48454391956329346,0.2823672089907774,0,9,0,disabled,0,0.0,50.0,alpha
208,0.22531914710998535,-0.020978810265660286,-36.74831771850586,-0.22448214888572693,0.598798930644989,0.18835210800170898,110,40,20,0.009409645572304726,0.46875,0.3,120,170,wall,both,1,1,1,1,1,1,0.0,3,3,0,alpha,full,huber,8.296881799045309,6.674416094167428,2.350590064904689,8.283460855655933,7.400126052960583,1.9887827853431232,8.226384643893601,7.438329519405935,1.9698396541957344,203.81438272196988,0.009409645572304726,250,0.8827869296073914,1.0,1.0,disabled,single,3,row_2,row_1,-0.22329570353031158,-0.9265176057815552,0.6166501938712783,0.30523440247889644,0.8594962595238139,0.7032219022512436,0.2601576590455239,0,9,0,disabled,0,0.0,50.0,alpha
212,0.16272182762622833,-0.010941484943032265,-36.8514518737793,-0.1255764365196228,0.5815556049346924,0.11114287376403809,95,44,34,0.010729661211371422,0.46439628482972134,0.3,120,173,wall,both,1,1,1,1,1,1,0.0,2,2,0,alpha,full,huber,8.243035257996386,6.905847562944536,2.2027127219147173,8.288763279215985,7.561371742603733,2.032214427761318,8.215554188684795,7.613051224686435,1.9921353614376622,188.24221886003906,0.010729661211371422,250,0.9660476446151733,1.0,1.0,disabled,single,3,row_2,row_1,-0.1255764365196228,-0.8521521687507629,0.6207787157782463,0.3001849998910292,0.8577868600311821,0.7265757322311401,0.3512041593322754,0,9,0,disabled,0,0.0,50.0,alpha
216,0.20235702395439148,-0.01692081242799759,-26.274961471557617,-0.1245964989066124,0.743626594543457,0.020479917526245117,97,9,28,0.017568858340382576,0.528169014084507,0.3,120,134,wall,both,1,1,1,1,1,1,0.0,2,2,0,alpha,full,huber,6.804633704213558,7.522331426802332,1.9294936477665177,7.900939013635478,7.924470867575327,2.1013653154753267,7.947957945492677,7.995314189427148,2.0365196217411032,199.39373002039275,0.017568858340382576,250,1.5396009683609009,1.0,1.0,disabled,single,3,row_2,row_3,-0.1245964989066124,-0.7110779285430908,0.5988823817765893,0.33314698585722147,0.8559779597285095,0.5864814296364784,0.3880935588758361,0,9,0,disabled,0,0.0,50.0,alpha
220,0.585852861404419,-0.14182792603969574,0.0,-0.036114469170570374,0.2925657331943512,0.06471389532089233,0,0,0,0.011234268546104431,0.5,0.3,0,0,wall,both,1,1,1,1,1,1,0.0,0,0,0,alpha,full,huber,7.179348432897376,7.9648955732915585,2.1318639186048216,7.306637158862577,8.613616121240161,2.1321731467362772,7.397094308097017,8.729606806831663,2.0831670042370316,183.68089336023047,0.011234268546104431,235,1.4729284048080444,1.0,1.0,disabled,single,3,row_2,row_3,-0.036114469170570374,-1.1319149732589722,0.6575420053922224,0.21979782453618515,0.8660587803058356,1.0958005040884018,0.3831321612722095,0,9,0,disabled,0,0.0,50.0,alpha
224,0.2633110582828522,-0.02864988148212433,0.0,-0.08973117172718048,0.6354400515556335,0.0005816221237182617,0,0,0,0.009164604358375072,0.5,0.3,0,0,wall,both,1,1,1,1,1,1,0.0,0,0,0,alpha,full,huber,6.711494787596459,8.549253908607527,1.8042423611802239,6.703420573711116,9.234704813342773,2.106409158402179,6.814224213831254,9.365381184007422,2.0824642543891567,197.71306972508305,0.009164604358375072,250,1.0574448108673096,1.0,1.0,disabled,single,3,row_2,row_3,-0.08973117172718048,-0.796420156955719,0.6167241333648714,0.3042144344039983,0.8607261831271347,0.7066889852285385,0.3936022929522112,0,9,0,disabled,0,0.0,50.0,alpha
228,0.498626708984375,-0.10273909568786621,0.0,-0.03651086241006851,0.4018475413322449,0.012385249137878418,0,0,0,0.009793336503207684,0.5,0.3,0,0,wall,both,1,1,1,1,1,1,0.0,0,0,0,alpha,full,huber,7.5560620239595275,9.845247242107318,1.858540352654467,6.865749879830777,9.568074315782987,2.0448521161511937,6.7849293073506995,9.579496127111579,2.062032172996587,189.83134603608048,0.009793336503207684,250,1.529168426990509,1.0,1.0,disabled,single,3,row_2,row_1,-0.03651086241006851,-0.9653028845787048,0.6478346905803432,0.2559145333174648,0.8553303865447384,0.9287920221686363,0.3976088598942529,0,9,0,disabled,0,0.0,50.0,alpha
232,0.1911356896162033,-0.015096220187842846,0.0,-0.17761187255382538,0.8934781551361084,0.007192790508270264,0,0,0,0.012332444079220295,0.5,0.3,0,0,wall,both,1,1,1,1,1,1,0.0,0,0,0,alpha,full,huber,8.755528907568342,10.525833904621058,1.5554724304664536,6.951192535880937,10.096579230939252,1.9578777823217561,6.786987162371897,10.030977485348453,2.0149050837882925,172.86363020605214,0.012332444079220295,235,2.2374014854431152,1.0,1.0,disabled,single,3,row_1,row_2,-0.17761187255382538,-0.6774019002914429,0.614513093071929,0.37279930103814357,0.7224769234901732,0.4997900277376175,0.3093131707786993,1,10,0,disabled,0,0.0,50.0,alpha
236,0.5977898240089417,-0.14766639471054077,-29.21426773071289,-0.10407672077417374,0.6669731140136719,0.035763323307037354,66,0,22,0.019086984917521477,0.6302521008403361,0.3,88,88,wall,both,1,1,1,1,1,1,0.0,1,1,0,alpha,full,huber,6.508489842124839,9.613293878038217,1.9692392500204168,6.693902373296114,10.14729213035843,2.016334528942741,6.673092899669908,10.226720932913466,2.057468629387789,151.44199083625563,0.019086984917521477,250,0.9917422831058502,1.0,1.0,disabled,single,3,row_2,row_3,-0.10407672077417374,-0.7926570177078247,0.6158080431400911,0.30931339918685724,0.8555812868290844,0.688580296933651,0.3807432615165814,1,11,0,disabled,0,0.0,50.0,alpha
240,0.5231086015701294,-0.11307545751333237,-43.975868225097656,-0.19186416268348694,0.9197726249694824,0.030785024166107178,54,0,33,0.01251380518078804,0.6329113924050632,0.3,87,87,wall,both,1,1,1,1,1,1,0.0,1,1,0,alpha,full,huber,7.814291433825232,10.475077129177693,1.452216948478168,6.751042290652792,10.593957798416985,1.9918369446558535,6.621698075899793,10.606858834841212,2.07561038728232,192.10584783694878,0.012513803318142891,250,1.921796977519989,1.0,1.0,disabled,single,3,row_2,row_1,-0.19186416268348694,-0.7276044487953186,0.5939317730068336,0.3475901884349362,0.8427676052793789,0.5357402861118317,0.3291266637908056,0,11,0,disabled,0,0.0,50.0,alpha
244,1.6854923963546753,-1.1739193201065063,-43.252708435058594,-0.2517554759979248,1.0643773078918457,0.00016647577285766602,58,0,29,0.01730719581246376,0.6329113924050632,0.3,87,87,wall,both,1,1,1,1,1,1,0.0,2,2,0,alpha,full,huber,7.830544288975883,10.656909902031474,1.7192386683954322,6.709000481931433,10.794338182254265,1.8781468028607662,6.585372402875013,10.862608384026688,1.9811527468881467,154.4257132638825,0.01730719581246376,250,2.5594593286514282,1.0,1.0,disabled,single,3,row_2,row_1,-0.2517554759979248,-0.7372434139251709,0.5850960997282267,0.3600662955685749,0.8406095571396379,0.4854879379272461,0.28422369620399013,0,11,0,disabled,0,0.0,50.0,alpha
248,1.384899377822876,-0.7925398349761963,-29.497358322143555,-0.5283696055412292,1.486122488975525,0.09595173597335815,51,0,22,0.013441098853945732,0.6726457399103138,0.3,73,73,wall,both,1,1,1,1,1,1,0.0,2,2,0,alpha,full,huber,7.988567973874302,11.065179633766155,2.1426396472571474,6.8232204478877545,11.175075075604948,1.828741297480899,6.646262340237559,11.195195280658282,1.9348455882731814,203.37531475831278,0.013441098853945732,250,2.8073251247406006,1.0,1.0,disabled,single,3,row_2,row_1,-0.5283696055412292,-0.7746278643608093,0.5390020601136876,0.4213488589718687,0.8252668107844923,0.24625825881958008,0.0896662804358983,0,11,0,disabled,0,0.0,50.0,alpha
252,0.7921385169029236,-0.2592906653881073,0.0,-0.6305633187294006,1.6844984292984009,7.50422477722168e-05,0,0,0,0.009661313146352768,0.5,0.3,0,0,wall,both,1,1,1,1,1,1,0.0,0,0,0,alpha,full,huber,6.798389689540555,11.483965545178584,1.6887378621798312,6.595533483190361,11.818068240709039,2.35743801406497,6.485064600537445,11.887605755224534,2.433270151621503,199.98698164856455,0.009661314077675343,250,1.5796895027160645,1.0,1.0,disabled,single,3,row_2,row_3,-0.6305633187294006,-1.9958950281143188,0.6720254987406221,0.17156540685421395,0.8597191956667956,1.3653317093849182,-0.2331043241050339,0,11,0,disabled,0,0.0,50.0,alpha
256,0.17429925501346588,-0.012553814798593521,0.0,-1.3712055683135986,2.3779520988464355,0.16757303476333618,0,0,0,0.008068129420280457,0.5,0.3,0,0,wall,both,1,1,1,1,1,1,0.0,0,0,0,alpha,full,huber,6.794713794435157,12.18795044817457,2.2883144375893627,6.662317932646175,12.258811665607379,2.5833005312003428,6.4273785410875535,12.224694736769779,2.6893991268863147,192.86744161512132,0.008068130351603031,250,0.9545202255249023,1.0,1.0,disabled,single,3,row_2,row_1,-1.3712055683135986,-2.722447633743286,0.6712940741506539,0.17381043269657795,0.8605554698172826,1.3512420654296875,-0.9726575928137793,0,11,0,disabled,0,0.0,50.0,alpha
260,0.4272051155567169,-0.07541496306657791,-49.907875061035156,-2.070524215698242,2.9727911949157715,0.16163641214370728,10,0,69,0.0215157400816679,0.6550218340611353,0.3,68,79,wall,both,1,1,1,1,1,1,0.0,12,12,0,alpha,full,huber,6.180533608356771,12.646598299301463,-2.017123719628427,5.444898309171849,12.812642164964497,-2.059950108160163,5.20251737030792,12.88056937074941,-2.03813803733038,103.85786487711614,0.0215157400816679,250,1.6208158731460571,1.0,1.0,disabled,single,3,row_2,row_3,-2.070524215698242,-2.9914865493774414,0.6460114468498898,0.2572002307508955,0.8575421694889908,0.9209623336791992,-1.6335861599235897,0,11,1,disabled,0,0.0,50.0,alpha
264,1.1834349632263184,-0.578726589679718,-48.60274887084961,-0.7545194029808044,1.8062770366668701,0.08499890565872192,15,0,88,0.025617612525820732,0.5928853754940712,0.3,83,103,wall,both,1,1,1,1,1,1,0.0,11,11,0,alpha,full,huber,5.7618959228212985,10.990494666510418,-1.0253158483220943,5.283284009575109,12.090403637914712,-1.6360884979446984,5.144289823523083,12.242561907059809,-1.6454466864486375,105.73674158185261,0.025617612525820732,250,2.6604573726654053,1.0,1.0,disabled,single,3,row_2,row_3,-0.7545194029808044,-0.8561438322067261,0.5072694838996911,0.45825140814240367,0.8179860198683526,0.10162442922592163,-0.07580651280908468,0,11,0,disabled,0,0.0,50.0,alpha
268,0.37252458930015564,-0.057344865053892136,-35.68487548828125,-0.3488035798072815,1.2501847743988037,0.01903378963470459,62,19,57,0.04885124787688255,0.5208333333333334,0.3,91,138,wall,both,1,1,1,1,1,1,0.0,13,13,0,alpha,full,huber,5.277499156923383,10.484808966827345,-1.2066348570528365,5.331562719468842,11.114163634405521,-1.2093794830540086,5.2310723884960835,11.405100076112173,-1.2664088174760229,75.47172743116678,0.04885124787688255,250,1.474083662033081,1.0,1.0,disabled,single,3,row_3,row_2,-0.3488035798072815,-0.8770192265510559,0.5911957879991782,0.3486022538056263,0.8472731025820175,0.5282156467437744,0.17680445406019052,1,12,0,disabled,0,0.0,50.0,alpha
272,0.7586168646812439,-0.23780973255634308,-32.573665618896484,-0.20451872050762177,0.9593195915222168,0.0014769434928894043,74,0,62,0.011592637747526169,0.5244755244755245,0.3,120,136,wall,both,1,1,1,1,1,1,0.0,9,9,0,alpha,full,huber,6.208906773228902,9.649502538673474,-1.3862455760895973,5.888217599898784,9.68763366149391,-1.1834658514960958,5.76451202803921,9.912953563902693,-1.2193678487902606,172.7694767869147,0.011592637747526169,250,1.3017120957374573,1.0,1.0,disabled,single,3,row_2,row_3,-0.20451872050762177,-0.5660723447799683,0.5603430795425264,0.39033120172060165,0.8401983088582153,0.3615536242723465,0.37468732029361707,1,13,0,disabled,0,0.0,50.0,alpha
276,0.4718889594078064,-0.09201619029045105,-37.956459045410156,-0.1603529155254364,0.0668572261929512,0.19759327173233032,101,1,38,0.019952163100242615,0.5172413793103449,0.3,120,140,wall,both,1,1,1,1,1,1,0.0,10,10,0,alpha,full,huber,7.30604166365926,9.174464819828184,-0.8011224583921588,6.227903224117794,9.131348126056123,-1.1665285617042187,6.1098612628977715,9.23628335967103,-1.1989977943330785,124.45230238505438,0.019952164962887764,153,1.4597134590148926,1.0,1.0,disabled,single,3,row_2,row_1,-0.10416729003190994,-1.384059190750122,0.6661884652975909,0.18524526628233973,0.866206434879603,1.2798919007182121,0.30201537751407503,0,13,0,disabled,0,0.0,50.0,alpha
280,0.8185514807701111,-0.2768704891204834,-40.12577438354492,-0.1970350742340088,0.9415687918663025,0.0024027228355407715,48,16,75,0.01480678841471672,0.5190311418685121,0.3,120,139,wall,both,1,1,1,1,1,1,0.0,10,10,0,alpha,full,huber,6.251720185540197,9.459248889995854,-1.3712660144740407,6.405456917384201,8.814447246250339,-1.1860319308058789,6.346307128476978,8.814835513125734,-1.197471242129694,120.69560476655941,0.01480678841471672,143,1.3737947940826416,1.0,1.0,disabled,single,3,row_2,row_3,-0.1970350742340088,-0.5733700394630432,0.5628038921231371,0.3862930489636237,0.8425200883940653,0.3763349652290344,0.37778896389012784,0,13,0,disabled,0,0.0,50.0,alpha
284,1.0868418216705322,-0.4881095886230469,-41.918182373046875,-0.11886635422706604,0.7233422994613647,0.0252113938331604,62,23,70,0.012344321236014366,0.49180327868852464,0.3,120,155,wall,both,1,1,1,1,1,1,0.0,13,13,0,alpha,full,huber,6.58049807730904,8.753778019574451,-1.596483055069845,6.527546708270174,8.20749074226028,-1.2451166889062983,6.5711811429328115,8.161177944164248,-1.2160458697121643,151.09479165363396,0.012344321236014366,180,1.7791085243225098,1.0,1.0,disabled,single,3,row_2,row_3,-0.11886635422706604,-0.7257634401321411,0.6018621359378609,0.32803861270167334,0.8575340906710844,0.6068970859050751,0.3888605157430588,0,13,0,disabled,0,0.0,50.0,alpha
288,1.4499820470809937,-0.8687801957130432,-38.36863708496094,-0.2077789306640625,0.6748390197753906,0.16159027814865112,105,22,42,0.009657777845859528,0.47021943573667707,0.3,120,169,wall,both,1,1,1,1,1,1,0.0,9,9,0,alpha,full,huber,8.199530128209433,7.783060736235777,-0.8383940882869032,6.752169511327347,7.772776658837434,-1.1929598128793877,6.751723497943516,7.7288906878266195,-1.2102438341387414,207.24904867460623,0.009657777845859528,235,1.8782284259796143,1.0,1.0,disabled,single,3,row_2,row_1,-0.18069975078105927,-0.8020985722541809,0.6061816776328608,0.32563623596005975,0.8519032266959161,0.6213988214731216,0.31987578898819824,0,13,0,disabled,0,0.0,50.0,alpha
292,0.4199790954589844,-0.07288530468940735,-35.04058074951172,-0.4545692801475525,0.8770119547843933,0.26361626386642456,104,24,52,0.011552819982171059,0.45454545454545453,0.3,120,180,wall,both,1,1,1,1,1,1,0.0,15,15,0,alpha,full,huber,6.610922182102363,7.827149377034714,-0.6283716619015043,6.701481380390371,7.493288246741864,-1.2364422428356168,6.786272262584864,7.434385306128089,-1.2182090958451044,194.00454639719712,0.011552819982171059,250,1.0364510416984558,1.0,1.0,disabled,single,3,row_2,row_3,-0.4545692801475525,-0.898564338684082,0.5747497405789809,0.3686839060444415,0.8486646415436077,0.44399505853652954,0.09925128655463011,0,13,0,disabled,0,0.0,50.0,alpha
296,0.3122088611125946,-0.04027866572141647,-33.68376159667969,-2.5733678340911865,0.21996945142745972,0.7923640012741089,137,24,19,0.011133591644465923,0.45454545454545453,0.3,112,180,wall,both,1,1,1,1,1,1,0.0,14,14,0,alpha,full,huber,7.3633155071964325,7.340505209749557,-0.05319272942652642,6.9404603764223145,7.053418240806512,-1.097056162742537,6.941286665820288,7.034043761283423,-1.1469236557998743,201.09379073040432,0.011133591644465923,250,0.8862351477146149,1.0,1.0,disabled,single,3,row_2,row_3,-2.3382763862609863,-3.5288589000701904,0.6650234381651312,0.20219645445414133,0.8625902859882836,1.190582513809204,-1.9303433926746998,0,13,0,disabled,0,0.0,50.0,alpha
300,0.6060804724693298,-0.15179072320461273,-32.71216583251953,-0.20730528235435486,0.6727735996246338,0.1617000699043274,137,0,29,0.013065614737570286,0.4746835443037975,0.3,109,166,wall,both,1,1,1,1,1,1,0.0,15,15,0,alpha,full,huber,8.34294136878967,6.8577253489316385,-0.8381924637501812,7.162536676457044,6.847341184588792,-1.0579326728366274,7.122942423421416,6.7984565260741086,-1.0974077797172206,214.03462287661225,0.013065614737570286,250,1.1716658473014832,1.0,1.0,disabled,single,3,row_2,row_1,-0.20730528235435486,-0.827982485294342,0.6049590730667331,0.3252140578235548,0.8552135436195639,0.6206772029399872,0.29528918870873955,0,13,0,disabled,0,0.0,50.0,alpha
304,0.46571239829063416,-0.08962316066026688,-31.723176956176758,-0.4559100866317749,0.9534715414047241,0.2494034767150879,132,1,40,0.011412356048822403,0.46439628482972134,0.3,114,173,wall,both,1,1,1,1,1,1,0.0,14,14,0,alpha,full,huber,6.789545719566211,6.267353587831354,-2.1366636696808006,7.14033260841026,6.473762822901286,-1.145756214365652,7.186147360347028,6.515157009910004,-1.1184019803417011,184.22538637904609,0.011412356048822403,250,0.629055917263031,1.0,1.0,disabled,single,3,row_2,row_3,-0.4559100866317749,-0.8124343156814575,0.5599613315479959,0.39203201269261845,0.8375861568332452,0.3565242290496826,0.1239774618124343,0,13,0,disabled,0,0.0,50.0,alpha
308,0.6050792932510376,-0.1512896567583084,-38.3154182434082,-0.07650185376405716,0.579239547252655,0.021813690662384033,94,17,44,0.007527329958975315,0.49180327868852464,0.3,108,155,wall,both,1,1,1,1,1,1,0.0,11,11,0,alpha,full,huber,7.224298807494413,5.941143610874928,-1.610393022703378,7.320420818514672,6.02676078963724,-1.1614881393976808,7.336258659649763,6.089627387795716,-1.1346505269135774,213.97162757892593,0.007527329958975315,250,0.8648263216018677,1.0,1.0,disabled,single,3,row_2,row_3,-0.07650185376405716,-0.8315878510475159,0.6243917774781108,0.29344552656192857,0.8591861116333772,0.7550859972834587,0.39447540534046327,0,13,0,disabled,0,0.0,50.0,alpha
312,0.31066814064979553,-0.039882104843854904,-28.007097244262695,-0.2063935101032257,0.9634020328521729,0.005843937397003174,108,0,32,0.011199508793652058,0.5172413793103449,0.3,120,140,wall,both,1,1,1,1,1,1,0.0,11,11,0,alpha,full,huber,6.388931485203193,5.158699856096113,-1.2731089636087103,7.194080489971677,5.5571678233711355,-1.308528247461516,7.331965353375724,5.638208307187295,-1.2173041237402245,181.92310811763127,0.011199509724974632,250,1.2377964854240417,1.0,1.0,disabled,single,3,row_3,row_2,-0.2063935101032257,-0.5236908197402954,0.551965666925325,0.40189406625213003,0.8363002437017846,0.3172973096370697,0.3878759221352157,1,14,0,disabled,0,0.0,50.0,alpha
316,0.26008862257003784,-0.027952931821346283,-26.099578857421875,-0.1783185452222824,0.8771086931228638,0.04246014356613159,101,0,29,0.014339637011289597,0.5357142857142857,0.3,120,130,wall,both,1,1,1,1,1,1,0.0,15,15,0,alpha,full,huber,7.229804267103144,4.391889732961937,-1.585094299149099,7.078658656288027,4.931364498847102,-1.377027841127163,7.262814569902456,5.0592827088389605,-1.2812976780395815,170.8957713009251,0.014339637011289597,250,1.0496881604194641,1.0,1.0,disabled,single,3,row_2,row_3,-0.1783185452222824,-0.606553316116333,0.5719469884816476,0.3727140630659717,0.8475660419276245,0.4282347708940506,0.3803904241545166,1,15,0,disabled,0,0.0,50.0,alpha
320,0.6877529621124268,-0.19545625150203705,-27.9534969329834,-0.23655962944030762,1.031752347946167,0.0005455613136291504,103,4,34,0.010173690505325794,0.5154639175257733,0.3,120,141,wall,both,1,1,1,1,1,1,0.0,11,11,0,alpha,full,huber,7.189384271454959,3.444757913618612,-1.3149503632351507,7.251721723955777,3.8192708736240455,-1.3063882758271204,7.3981462325189185,3.9024576096720436,-1.2827599194836041,173.674283604599,0.010173691436648369,218,1.0423725247383118,1.0,1.0,disabled,single,3,row_2,row_3,-0.23655962944030762,-0.45767661929130554,0.5321759868480579,0.4266044541949508,0.8305526958614041,0.22111698985099792,0.39422141255724397,0,15,0,disabled,0,0.0,50.0,alpha
324,0.42592060565948486,-0.07496213167905807,-33.00786590576172,-0.1629730463027954,0.8436794877052307,0.034279823303222656,107,0,35,0.01620113104581833,0.5136986301369862,0.3,120,142,wall,both,1,1,1,1,1,1,0.0,6,6,0,alpha,full,huber,7.357540286989726,3.70728615206921,-1.773461484248636,7.319535876565251,3.13838842965018,-1.3406247372987237,7.454147467424461,3.1472715067022468,-1.3089198880015458,141.26012032124612,0.016201132908463478,191,1.2515738010406494,1.0,1.0,disabled,single,3,row_2,row_3,-0.1629730463027954,-0.6279012560844421,0.579425547647383,0.3639836568493229,0.8465853608243141,0.46492820978164673,0.3827450550345305,0,15,0,disabled,0,0.0,50.0,alpha
328,0.3815343677997589,-0.060152262449264526,-34.49420928955078,-0.29184311628341675,0.5202389359474182,0.23825669288635254,119,14,23,0.01406080648303032,0.49019607843137253,0.3,120,156,wall,both,1,1,1,1,1,1,0.0,9,9,0,alpha,full,huber,8.189335338776173,1.0233111735773672,-0.7052829123123749,7.663653204332309,1.3402804317476407,-1.3035463778458785,7.788085508275081,1.337441505469252,-1.297890645538874,137.36603196030248,0.01406080648303032,175,1.291894793510437,1.0,1.0,disabled,single,3,row_2,row_3,-0.24406404793262482,-1.0642766952514648,0.6314629787528697,0.27805715009679827,0.8635763734915971,0.82021264731884,0.21565191528009892,0,15,0,disabled,0,0.0,50.0,alpha
332,0.13620974123477936,-0.007666567340493202,-31.889501571655273,-0.3156105577945709,1.1917396783828735,0.0004674196243286133,92,16,41,0.017355024814605713,0.5016722408026756,0.3,102,149,wall,both,1,1,1,1,1,1,0.0,11,11,0,alpha,full,huber,7.524436632909047,0.9285042195853255,-1.3795034308861123,7.654790470778573,0.7475174541559324,-1.3330631348491562,7.793556386189483,0.7315032068279224,-1.314253762690956,138.1902052548243,0.017355024814605713,191,0.7103980183601379,1.0,1.0,disabled,single,3,row_2,row_3,-0.3156105577945709,-0.38044026494026184,0.49817440846536837,0.466902532655529,0.8198928074235722,0.06482970714569092,0.38119448767290853,0,15,0,disabled,0,0.0,50.0,alpha
336,0.5188129544258118,-0.11122598499059677,-22.77922248840332,-0.2409418523311615,1.041183352470398,0.0030907392501831055,113,0,28,0.009877904318273067,0.5154639175257733,0.3,120,141,wall,both,1,1,1,1,1,1,0.0,5,5,0,alpha,full,huber,7.522952760068492,-0.6046471700205235,-1.3215457624946128,7.669431813037955,-0.7964007743212844,-1.4621993201025714,7.9094129678589,-0.8107466902192617,-1.401961750074019,184.45901379519805,0.009877904318273067,246,1.042305052280426,1.0,1.0,disabled,single,3,row_3,row_2,-0.2409418523311615,-0.500456690788269,0.5418955445717386,0.41803218293016303,0.8255313433772509,0.25951483845710754,0.37174016597700166,1,16,0,disabled,0,0.0,50.0,alpha
340,0.8438684940338135,-0.29426199197769165,-26.42852210998535,-0.2597828209400177,1.0807615518569946,0.007293581962585449,112,10,28,0.01826309971511364,0.5,0.3,101,150,wall,both,1,1,1,1,1,1,0.0,7,7,0,alpha,full,huber,7.784685518620363,-1.828524180115446,-1.286605730911948,7.6952912308757275,-1.3511046486956846,-1.4441519711759048,7.823360236865401,-1.2939973459049687,-1.4225753738892837,169.3399241459646,0.01826309971511364,250,1.5552115440368652,1.0,1.0,disabled,single,3,row_3,row_2,-0.2597828209400177,-0.4656747877597809,0.5291350376478892,0.4306741200397498,0.82878004777538,0.20589196681976318,0.3767287891038298,0,16,0,disabled,0,0.0,50.0,alpha
344,0.7659695148468018,-0.24244187772274017,-24.333038330078125,-0.26032331585884094,1.082302212715149,0.0020439624786376953,101,3,29,0.014161101542413235,0.5300353356890459,0.3,120,133,wall,both,1,1,1,1,1,1,0.0,5,5,0,alpha,full,huber,7.790488721142112,-1.8542605453258147,-1.3435087354089932,7.9885359846272195,-2.1369914078050023,-1.3567281126575,7.976188372405813,-2.1727467170919152,-1.4071480644565177,140.92404713948468,0.01416110247373581,202,1.0939289331436157,1.0,1.0,disabled,single,3,row_3,row_2,-0.26032331585884094,-0.46235084533691406,0.5282934334946586,0.43165400160073186,0.828623351367136,0.20202752947807312,0.3777800885312028,0,16,0,disabled,0,0.0,50.0,alpha
348,0.3321097195148468,-0.04557722061872482,-26.074010848999023,-0.2962498962879181,1.154592752456665,0.0014774799346923828,108,13,29,0.013539668172597885,0.5,0.3,120,150,wall,both,1,1,1,1,1,1,0.0,3,3,0,alpha,full,huber,7.983558312822347,-2.5374789923080288,-1.339171549804493,7.993782393198282,-2.6079664390722472,-1.354847106483405,8.024008086874382,-2.643112342606126,-1.37641685880065,163.73444974570776,0.013539668172597885,229,0.6785622835159302,1.0,1.0,disabled,single,3,row_3,row_2,-0.2962498962879181,-0.4088030457496643,0.509467785044908,0.45523486502233723,0.8198551234753391,0.11255314946174622,0.378138760597853,0,16,0,disabled,0,0.0,50.0,alpha
352,0.43580320477485657,-0.07848117500543594,-31.02543067932129,-0.32262271642684937,1.2046369314193726,0.005958139896392822,110,10,37,0.014459437690675259,0.4885993485342019,0.3,120,157,wall,both,1,1,1,1,1,1,0.0,6,6,0,alpha,full,huber,8.251444766168872,-3.774743806758205,-1.3009629530478075,8.211796231063783,-3.406910840399414,-1.3008376913251418,8.189427887345397,-3.378830374217735,-1.3393421001138401,163.8761599544418,0.014459437690675259,229,1.0149754285812378,1.0,1.0,disabled,single,3,row_3,row_2,-0.32262271642684937,-0.38111039996147156,0.49776437668617973,0.46948631131279717,0.8142065172361727,0.05848768353462219,0.37500573668067505,0,16,0,disabled,0,0.0,50.0,alpha
356,0.24404315650463104,-0.024610357359051704,-31.20085906982422,-0.3275674879550934,1.2140530347824097,0.0026490092277526855,89,17,41,0.011800882406532764,0.5050505050505051,0.3,115,147,wall,both,1,1,1,1,1,1,0.0,5,5,0,alpha,full,huber,8.449322360850367,-4.302704712277571,-1.3095092905013568,8.404322383333978,-4.2252325877728705,-1.3124871538730265,8.387617021719862,-4.183785975133754,-1.3247224561147442,153.15955072889548,0.011800880543887615,213,0.5863214731216431,1.0,1.0,disabled,single,3,row_2,row_3,-0.3275674879550934,-0.38468778133392334,0.4981846385670747,0.47052565051513057,0.8102610261660396,0.057120293378829956,0.36921702254211175,1,17,0,disabled,0,0.0,50.0,alpha
360,0.7108396291732788,-0.20879875123500824,-37.12971878051758,-0.30826836824417114,1.177797794342041,1.33514404296875e-05,62,14,72,0.01631544902920723,0.5033557046979865,0.3,120,148,wall,both,1,1,1,1,1,1,0.0,3,3,0,alpha,full,huber,8.455395938426866,-5.126422068663427,-1.3723480391973955,8.51289673934674,-4.762132368548462,-1.3492680770498144,8.51007593642457,-4.715104003709701,-1.3402828860622344,114.69369305307896,0.01631545089185238,143,1.2695956230163574,1.0,1.0,disabled,single,3,row_3,row_2,-0.30826836824417114,-0.4136771261692047,0.5072371529613061,0.45649141495314904,0.8225769800116672,0.10540875792503357,0.3705082591910047,1,18,0,disabled,0,0.0,50.0,alpha
364,0.2838726341724396,-0.0332990363240242,-32.73941421508789,-0.36767616868019104,0.6927556991577148,0.2528877258300781,103,12,30,0.03424462676048279,0.5084745762711864,0.3,120,145,wall,both,1,1,1,1,1,1,0.0,3,3,0,alpha,full,huber,9.02462277856913,-4.536542355943802,-0.6552235202245429,8.713109850146376,-4.849476727833085,-1.2236395455031648,8.645015281188815,-4.888166129891326,-1.2817990778663868,72.80944697984839,0.03424462676048279,102,0.9004892706871033,1.0,1.0,disabled,single,3,row_2,row_3,-0.36767616868019104,-1.0107134580612183,0.6102170691045528,0.32078703336087866,0.8506135872654068,0.6430372893810272,0.12626436544346642,1,19,0,disabled,0,0.0,50.0,alpha
368,0.45270851254463196,-0.08468801528215408,0.0,-0.0884188711643219,0.6019420623779297,0.0439947247505188,0,0,0,0.02993825078010559,0.5,0.3,0,0,wall,both,1,1,1,1,1,1,0.0,0,0,0,alpha,full,huber,8.027906766289354,-5.903827829146778,-1.6649135895579292,8.727162286085374,-5.48419976041582,-1.309643041883242,8.76100192386404,-5.454130516518816,-1.296387210550283,72.17845557755561,0.02993825264275074,92,1.0390507578849792,1.0,1.0,disabled,single,3,row_3,row_2,-0.0884188711643219,-0.8403196930885315,0.6231520173426756,0.29379718303969593,0.8612465599645986,0.7519008219242096,0.38454591021988943,1,20,0,disabled,0,0.0,50.0,alpha
372,0.528167724609375,-0.11527320742607117,0.0,-0.04211946204304695,0.42511123418807983,0.021911025047302246,0,0,0,0.02056013233959675,0.5,0.3,0,0,wall,both,1,1,1,1,1,1,0.0,0,0,0,alpha,full,huber,9.61935378529871,-6.141892529906763,-1.1360694441024668,9.002369139787872,-6.043458506447505,-1.271395081946178,8.960763822644108,-6.016297711958708,-1.2846666125299506,86.87557387758592,0.0205601304769516,107,1.057923436164856,1.0,1.0,disabled,single,3,row_2,row_3,-0.04211946204304695,-0.9949700236320496,0.6486208362478711,0.2501342457469796,0.8592902912485296,0.9528505615890026,0.3907874986236948,1,21,0,disabled,0,0.0,50.0,alpha
376,0.14658823609352112,-0.008879384957253933,0.0,-0.08830651640892029,0.6302741765975952,0.002698957920074463,0,0,0,0.013291300274431705,0.5,0.3,0,0,wall,both,1,1,1,1,1,1,0.0,0,0,0,alpha,full,huber,9.675372073854305,-7.113954970208777,-1.2723032783065022,9.485726655745434,-7.131901065990551,-1.2387906567044953,9.413317199543567,-7.186719527364291,-1.2736544243028258,117.01573277233483,0.013291300274431705,153,0.554801344871521,1.0,1.0,disabled,single,3,row_2,row_3,-0.08830651640892029,-0.8904868364334106,0.6321914190682681,0.28344324426695733,0.8558504373032252,0.8021803200244904,0.3702565360121478,0,21,0,disabled,0,0.0,50.0,alpha
380,0.4889697730541229,-0.09879811853170395,0.0,-0.050210461020469666,0.46066001057624817,0.027350246906280518,0,0,0,0.01021480094641447,0.5,0.3,0,0,wall,both,1,1,1,1,1,1,0.0,0,0,0,alpha,full,huber,9.640320850100704,-6.392830147383643,-1.1113727262945141,9.552826188968375,-7.249018251658646,-1.2707111178666457,9.520190602453237,-7.319425132509322,-1.2724910754952372,171.93157682416643,0.01021480094641447,202,1.0616332292556763,1.0,1.0,disabled,single,3,row_2,row_3,-0.050210461020469666,-0.9689767956733704,0.6453315563425222,0.2574943790440158,0.8585440262218038,0.9187663346529007,0.38778059239850965,0,21,0,disabled,0,0.0,50.0,alpha
384,0.10792882740497589,-0.0048134843818843365,0.0,-0.13396745920181274,0.6625962257385254,0.09444087743759155,0,0,0,0.010425974614918232,0.5,0.3,0,0,wall,both,1,1,1,1,1,1,0.0,0,0,0,alpha,full,huber,10.710438312896807,-7.178913305439063,-0.9076900133452979,9.884690383308538,-7.51938783618032,-1.1803340967539548,9.771946841711637,-7.596183952103198,-1.227772868227099,162.48855656376242,0.010425974614918232,202,1.1291242241859436,1.0,1.0,disabled,single,3,row_2,row_1,-0.13396745920181274,-1.034287929534912,0.6462191720801006,0.2626489242335956,0.8515967374886734,0.9003204703330994,0.3026490978729061,0,21,0,disabled,0,0.0,50.0,alpha
388,11.266700744628906,-24.2149600982666,0.0,-0.2500118911266327,1.0333027839660645,0.05587285757064819,0,0,0,0.01702774688601494,0.5,0.3,0,0,wall,both,1,1,1,1,1,1,0.0,0,0,0,alpha,full,huber,11.14025492417553,-7.181932430249159,-1.0099303767485788,10.381933434304468,-7.875411527370354,-1.0855345564394485,10.190570709503099,-7.982526949827895,-1.1587367817511058,134.13019376360012,0.01702774688601494,180,12.339584827423096,0.24312001108277945,1.0,disabled,single,3,row_2,row_1,-0.2500118911266327,-0.6798011064529419,0.5753080787361108,0.37432203051768276,0.8364056425057451,0.4297892153263092,0.3028377014356086,0,21,0,disabled,0,0.0,50.0,alpha
392,0.47161009907722473,-0.09190747886896133,0.0,-0.5378482937812805,1.5545352697372437,0.014264881610870361,0,0,0,0.006995068397372961,0.5,0.3,0,0,wall,both,1,1,1,1,1,1,0.0,0,0,0,alpha,full,huber,9.759992465684038,-8.251991629220063,-1.1766814109939254,10.25924854061966,-8.267988626794118,-1.2224728371380071,10.286701708315956,-8.273048590094756,-1.1921397546697552,190.39843112098137,0.006995068397372961,240,0.9061684906482697,1.0,1.0,disabled,single,3,row_2,row_3,-0.5378482937812805,-1.222244381904602,0.616230679322134,0.31082351795584456,0.8525196925106169,0.6843960881233215,-0.05371438765179454,0,21,0,disabled,0,0.0,50.0,alpha
396,0.20070137083530426,-0.016645057126879692,0.0,-0.49699774384498596,1.4945101737976074,0.012628614902496338,0,0,0,0.008097774349153042,0.5,0.3,0,0,wall,both,1,1,1,1,1,1,0.0,0,0,0,alpha,full,huber,10.56317898605474,-8.209080896971352,-1.1866976178743558,10.365345854420898,-8.448092904684103,-1.218577983336704,10.371709681678276,-8.47426976023335,-1.1993433082310707,185.3325931047123,0.008097774349153042,229,0.5591481924057007,1.0,1.0,disabled,single,3,row_2,row_1,-0.49699774384498596,-1.7463394403457642,0.6711074335386927,0.19240211622285364,0.8565869024640121,1.2493416965007782,-0.09817169861402464,0,21,0,disabled,0,0.0,50.0,alpha
400,0.7043740153312683,-0.20501767098903656,0.0,-0.5223352909088135,1.5330153703689575,0.00450509786605835,0,0,0,0.011714912950992584,0.5,0.3,0,0,wall,both,1,1,1,1,1,1,0.0,0,0,0,alpha,full,huber,9.721647580290325,-8.217601513867915,-1.2508326278370017,10.264955952912732,-8.682840123217357,-1.482759781342798,10.362668821640494,-8.716503708031997,-1.419534050080046,189.0236773788049,0.011714913882315159,246,1.5122920870780945,1.0,1.0,disabled,single,3,row_2,row_3,-0.5223352909088135,-1.1697232723236084,0.6106177308159939,0.3196041301923706,0.8515513082368469,0.6473879814147949,-0.029051130155003935,0,21,0,disabled,0,0.0,50.0,alpha
404,0.1429266780614853,-0.008441337384283543,0.0,-1.0870757102966309,2.2115938663482666,0.006142973899841309,0,0,0,0.008250623010098934,0.5,0.3,0,0,wall,both,1,1,1,1,1,1,0.0,0,0,0,alpha,full,huber,10.064715559611797,-8.9677704463027,-1.4566894788258997,10.223040421953781,-9.254759308147493,-2.0203516132720583,10.329702956546612,-9.300090963345962,-1.9991979441078374,199.1067404551586,0.008250623010098934,250,0.6156480312347412,1.0,1.0,disabled,single,3,row_2,row_3,-1.0870757102966309,-1.9782918691635132,0.6432242970490523,0.2638227123807267,0.8561930791385797,0.8912161588668823,-0.6458139237286133,0,21,0,disabled,0,0.0,50.0,alpha
408,0.09144993126392365,-0.0034558221232146025,0.0,-1.7172175645828247,2.509195566177368,0.27916425466537476,0,0,0,0.008536150678992271,0.5,0.3,0,0,wall,both,1,1,1,1,1,1,0.0,0,0,0,alpha,full,huber,9.411198251612202,-9.143123926204087,2.5615912310995625,9.964703101924712,-9.40861303032473,-2.3410092961084503,10.081082180507995,-9.464599926751928,-2.312173515118233,205.16858883059766,0.008536150678992271,250,0.8125615417957306,1.0,1.0,disabled,single,3,row_2,row_3,-1.7172175645828247,-1.883234977722168,0.5223703391051943,0.44246412383476996,0.8177227593112784,0.16601741313934326,-1.0678390838215561,0,21,1,disabled,0,0.0,50.0,alpha
412,0.09280809015035629,-0.0035592319909483194,0.0,-1.4974815845489502,2.543379545211792,0.12121832370758057,0,0,0,0.008586890995502472,0.5,0.3,0,0,wall,both,1,1,1,1,1,1,0.0,0,0,0,alpha,full,huber,10.322529351362217,-9.300412404422614,-1.8432838136079341,10.012112080429048,-9.423785578669847,-2.310315578434276,10.018139941109194,-9.469465479738584,-2.361034053303942,197.85404320243373,0.008586890995502472,250,0.638809084892273,1.0,1.0,disabled,single,3,row_2,row_3,-1.4974815845489502,-2.6047775745391846,0.6616707780374456,0.21864996725570443,0.85974327327045,1.1072959899902344,-1.0844944236592975,0,21,1,disabled,0,0.0,50.0,alpha
416,0.1352451592683792,-0.007558369543403387,0.0,-1.2278766632080078,2.2154228687286377,0.18333327770233154,0,0,0,0.01433988194912672,0.5,0.3,0,0,wall,both,1,1,1,1,1,1,0.0,0,0,0,alpha,full,huber,10.645426853918007,-8.929691327430092,-1.9609756368326814,10.053114257803635,-9.396687148193875,-2.462697607908229,9.993162359349462,-9.473224963505555,-2.4957049114502157,159.73312077059833,0.01433988194912672,202,0.835757315158844,1.0,1.0,disabled,single,3,row_2,row_1,-1.2278766632080078,-2.5120885372161865,0.6695642333408652,0.18538138225959105,0.8610604934987992,1.2842118740081787,-0.8267484870116409,0,21,0,disabled,0,0.0,50.0,alpha
420,0.19963662326335907,-0.016468917950987816,-46.760379791259766,-2.2981715202331543,2.7497477531433105,0.38909047842025757,20,0,100,0.018571771681308746,0.5555555555555556,0.3,120,120,wall,both,1,1,1,1,1,1,0.0,1,1,0,alpha,full,huber,9.533427224632563,-9.428622930961186,-2.259377976583079,9.656598915818082,-9.458330329854881,-2.746254523938472,9.699185232800396,-9.547090046607602,-2.8062528890748686,102.76812951232138,0.018571773543953896,246,0.5309819281101227,1.0,1.0,disabled,single,3,row_2,row_3,-2.2981715202331543,-2.448488712310791,0.51631993750113,0.44425975057018546,0.8292151497772279,0.15031719207763672,-1.6371428485078883,0,21,1,disabled,0,0.0,50.0,alpha
424,0.5617878437042236,-0.13041552901268005,-44.353355407714844,-2.481163501739502,2.657726287841797,0.4725634455680847,16,0,80,0.0428428128361702,0.6097560975609756,0.3,96,96,wall,both,1,1,1,1,1,1,0.0,3,3,0,alpha,full,huber,9.281863549223079,-9.29840291933075,2.7866834438708583,9.460711293499696,-9.415206878456491,-2.9648057762685496,9.503675083851142,-9.496980233847832,-2.9773041396991173,58.36717986344691,0.042842816561460495,117,0.947609007358551,1.0,1.0,disabled,single,3,row_2,row_3,-2.4518938064575195,-2.481163501739502,0.4928029451525272,0.47858780437920556,0.8030867873646226,0.029269695281982422,-1.74424791604154,0,21,1,disabled,0,0.0,50.0,alpha
428,0.4243353605270386,-0.07440516352653503,-44.27849578857422,-5.049498558044434,2.548841953277588,0.9399061799049377,18,0,102,0.031182721257209778,0.5555555555555556,0.3,120,120,wall,both,1,1,1,1,1,1,0.0,3,3,0,alpha,full,huber,8.821735979564542,-9.457803258569784,-3.00105115338251,9.146365690065204,-9.365293014358997,2.979412170690231,9.159820860155541,-9.448977706254773,3.0026705342362705,66.6949795763694,0.031182724982500076,92,0.6056284010410309,1.0,1.0,disabled,single,3,row_3,row_2,-5.049498558044434,-5.459481239318848,0.569640623438947,0.3780486894978823,0.8426507368980036,0.40998268127441406,-4.486748955856691,1,22,1,disabled,0,0.0,50.0,alpha
432,1.3452744483947754,-0.7478361129760742,-44.91704177856445,-0.9095272421836853,2.0226762294769287,0.009488582611083984,18,1,102,0.04668738320469856,0.5535055350553506,0.3,113,121,wall,both,1,1,1,1,1,1,0.0,3,3,0,alpha,full,huber,8.71511798197513,-8.916230568544126,1.9093344885946566,8.496424194689961,-9.142775966237819,2.1010442585921196,8.444236957280234,-9.231528701585976,2.147863103112079,57.2060288664193,0.04668738692998886,80,1.3457282781600952,1.0,1.0,disabled,single,3,row_3,row_2,-0.9095272421836853,-1.5211937427520752,0.604517859060738,0.3279183723333652,0.8519572445705909,0.6116665005683899,-0.4062031763447882,0,22,0,disabled,0,0.0,50.0,alpha
436,1.483798861503601,-0.9097764492034912,-39.6663932800293,-0.2518281638622284,1.058989405632019,0.02531224489212036,47,3,82,0.032284751534461975,0.5319148936170213,0.3,105,132,wall,both,1,1,1,1,1,1,0.0,5,5,0,alpha,full,huber,8.73380145889895,-7.186273243943812,1.5459913860705612,8.333823255523901,-7.6964574466091475,1.3825614979969327,8.103296886761559,-7.9567950506182346,1.519687625395603,74.06862197956819,0.032284751534461975,127,1.6242787837982178,1.0,1.0,disabled,single,3,row_3,row_2,-0.2518281638622284,-0.5200290083885193,0.5422425642170547,0.41468226158800964,0.832359337903177,0.2682008445262909,0.3602136783385652,0,22,0,disabled,0,0.0,50.0,alpha
440,0.7881526350975037,-0.25668784976005554,-34.57677459716797,-0.23903879523277283,1.0315632820129395,0.025078535079956055,60,1,69,0.07163935154676437,0.5357142857142857,0.3,120,130,wall,both,1,1,1,1,1,1,0.0,7,7,0,alpha,full,huber,6.647562154779668,-7.306585789049186,1.9958961166811129,8.258033394206734,-6.731032155930665,1.512303945118673,8.2143155056862,-6.776039059800558,1.5188856118600365,50.65072738653095,0.07163935154676437,80,2.318920612335205,1.0,1.0,disabled,single,3,row_3,row_4,-0.23903879523277283,-0.47599923610687256,0.5369729066923701,0.4236837055073087,0.8250325704869311,0.23696044087409973,0.3827688436001335,0,22,0,disabled,0,0.0,50.0,alpha
444,1.3557369709014893,-0.7595135569572449,-36.26859664916992,-0.24201202392578125,1.0435774326324463,0.00010031461715698242,83,5,73,0.07074180245399475,0.48231511254019294,0.3,120,161,wall,both,1,1,1,1,1,1,0.0,6,6,0,alpha,full,huber,6.504030098950427,-6.6612268256906475,1.7856319945402754,7.548646097989394,-6.455722580534139,1.7363282878502624,7.863838518103067,-6.298826287847223,1.6177240362365755,42.774652949124466,0.07074179500341415,80,2.556805968284607,1.0,1.0,disabled,single,3,row_3,row_4,-0.24201202392578125,-0.45468422770500183,0.531248887287238,0.42947280514208164,0.8261642204155971,0.21267220377922058,0.39051262933806286,0,22,0,disabled,0,0.0,50.0,alpha
448,0.761124312877655,-0.23938439786434174,-36.16707992553711,-0.2589823603630066,1.0793315172195435,0.005026102066040039,77,11,63,0.017375493422150612,0.4983388704318937,0.3,120,151,wall,both,1,1,1,1,1,1,0.0,8,8,0,alpha,full,huber,8.524541735332393,-5.948270839748136,1.6741048541482604,7.799475145659447,-5.766310162754806,1.6966743808642972,7.817122981711217,-5.764989388084612,1.6479499648621445,90.04293594132336,0.017375491559505463,107,1.5420608520507812,1.0,1.0,disabled,single,3,row_3,row_2,-0.2589823603630066,-0.4724051058292389,0.5300848767223987,0.42821028414371554,0.8321391708354686,0.2134227454662323,0.3757357801355232,0,22,0,disabled,0,0.0,50.0,alpha
452,1.2423555850982666,-0.6377881765365601,-28.634830474853516,-0.25704142451286316,1.075493574142456,6.556510925292969e-06,102,24,43,0.017670312896370888,0.47021943573667707,0.3,120,169,wall,both,1,1,1,1,1,1,0.0,7,7,0,alpha,full,huber,8.605952622389735,-4.384343780467732,1.7629012630206367,7.946421837507875,-4.612154450579224,1.6813743436985449,7.849328496416981,-4.627627641818695,1.6591271170892608,107.03144204070215,0.017670312896370888,133,1.2389416694641113,1.0,1.0,disabled,single,3,row_2,row_3,-0.25704142451286316,-0.4718029201030731,0.5318358078322859,0.42904993648665213,0.8256461298904565,0.21476149559020996,0.37437904465845373,1,23,0,disabled,0,0.0,50.0,alpha
456,0.8721810579299927,-0.3143387734889984,-31.70713996887207,-0.34379011392593384,1.2437207698822021,0.0034152865409851074,90,22,55,0.012293729931116104,0.47318611987381703,0.3,120,167,wall,both,1,1,1,1,1,1,0.0,10,10,0,alpha,full,huber,8.193409297466793,-3.2034693135895815,1.8307251201698271,8.034847067454473,-3.8237098563954506,1.7548555267491053,7.927708889835283,-3.918371573233671,1.7236847691287265,185.54945745683068,0.012293729931116104,250,1.4708433151245117,1.0,1.0,disabled,single,3,row_3,row_2,-0.34379011392593384,-0.35481777787208557,0.4875001747118756,0.48215372024451864,0.8080413366235231,0.011027663946151733,0.3746745162350309,1,24,0,disabled,0,0.0,50.0,alpha
460,0.557902455329895,-0.12861783802509308,-33.53718566894531,-0.25356000661849976,0.648804247379303,0.1979999542236328,134,11,17,0.013801949098706245,0.4807692307692307,0.3,120,162,wall,both,1,1,1,1,1,1,0.0,9,9,0,alpha,full,huber,7.526767017462946,-2.855942538825999,2.388214813777039,7.937314403584983,-3.4105156278529907,1.812641975594573,7.9083485922305545,-3.479123615086004,1.7643687957519019,190.79617222038877,0.013801949098706245,250,1.275669515132904,1.0,1.0,disabled,single,3,row_3,row_2,-0.25356000661849976,-0.934712290763855,0.6148471457991561,0.31113329117648614,0.8550134292106625,0.6811522841453552,0.2328215788651593,0,24,0,disabled,0,0.0,50.0,alpha
464,0.4084652066230774,-0.06894373148679733,-30.209579467773438,-0.2160312980413437,0.8603973984718323,0.1123536229133606,113,0,20,0.012252413667738438,0.5300353356890459,0.3,120,133,wall,both,1,1,1,1,1,1,0.0,9,9,0,alpha,full,huber,6.165117909775981,-3.8137317878945747,2.2266420052746536,7.59119540501139,-3.0968172469510575,1.9261993570839253,7.69680231272025,-3.0795341221673436,1.8507092096828668,201.31980056372507,0.012252413667738438,250,1.7394998669624329,1.0,1.0,disabled,single,3,row_3,row_4,-0.2160312980413437,-0.6473883986473083,0.5730423975274822,0.3722637489361177,0.8458614427160387,0.43135710060596466,0.34076427476878246,0,24,0,disabled,0,0.0,50.0,alpha
468,0.9454367160797119,-0.36935973167419434,-22.653650283813477,-0.34257370233535767,1.2416013479232788,0.0006498098373413086,85,0,42,0.01485851313918829,0.5415162454873647,0.3,120,127,wall,both,1,1,1,1,1,1,0.0,6,6,0,alpha,full,huber,5.64515299903289,-3.073004815029082,1.7841067150589094,7.099435543810339,-2.7769695158606345,1.9785956466679864,7.31474708715186,-2.7269985581812293,1.920541788194166,190.8879544184766,0.01485851313918829,250,2.095130681991577,1.0,1.0,disabled,single,3,row_3,row_4,-0.34257370233535767,-0.35162684321403503,0.4871668207011436,0.4827763346729328,0.8072431367823562,0.009053140878677368,0.3765749645792863,0,24,0,disabled,0,0.0,50.0,alpha
472,0.3665850758552551,-0.05553083494305611,-23.093158721923828,-0.31450125575065613,1.1804534196853638,0.03443962335586548,105,0,23,0.011968436650931835,0.539568345323741,0.3,120,128,wall,both,1,1,1,1,1,1,0.0,8,8,0,alpha,full,huber,5.727361168830427,-3.1851347551540266,2.0112622696552283,6.515533721676055,-2.6679804987903015,1.9895529114116717,6.828145377499961,-2.5655855355802384,1.9595338921497172,194.8306894482918,0.01196843758225441,250,2.170015573501587,1.0,1.0,disabled,single,3,row_3,row_4,-0.31450125575065613,-0.3925265371799469,0.5022501488194361,0.46455177620283444,0.8150898652849795,0.07802528142929077,0.37415572323098356,0,24,0,disabled,0,0.0,50.0,alpha
476,1.855354905128479,-1.4224553108215332,-24.328813552856445,-0.2469615638256073,1.0535038709640503,0.008905172348022461,108,6,21,0.015020630322396755,0.5263157894736842,0.3,120,135,wall,both,1,1,1,1,1,1,0.0,9,9,0,alpha,full,huber,5.744594233090675,-2.5613862360974466,1.8816089442973283,6.004556004956155,-2.3976995328084394,1.962698360147243,6.280945778666867,-2.2431943775183294,1.966486313271984,173.7505544118096,0.015020630322396755,250,2.287798047065735,1.0,1.0,disabled,single,3,row_3,row_4,-0.2469615638256073,-0.46285194158554077,0.5314593780732692,0.42826252694976913,0.8284964661342445,0.21589037775993347,0.38516694913210614,0,24,0,disabled,0,0.0,50.0,alpha
480,0.9526957273483276,-0.37505337595939636,-21.308521270751953,-0.22679296135902405,1.0089627504348755,0.011811435222625732,111,0,16,0.02093667909502983,0.5415162454873647,0.3,120,127,wall,both,1,1,1,1,1,1,0.0,7,7,0,alpha,full,huber,5.7717008471961835,-2.4601031541570113,1.9019035760361724,5.921695236623651,-1.8525259671967702,1.944950948367823,5.966498715535692,-1.748573064035389,1.9624130850774755,173.27330093692734,0.02093667909502983,250,1.6409727931022644,1.0,1.0,disabled,single,3,row_3,row_4,-0.22679296135902405,-0.4912495017051697,0.5413566983161175,0.41555785758078917,0.8326185357721937,0.26445654034614563,0.3868839245870377,0,24,0,disabled,0,0.0,50.0,alpha
484,1.070976734161377,-0.47396329045295715,-22.78123664855957,-0.23587092757225037,1.026288390159607,0.02106642723083496,109,0,23,0.01708749495446682,0.5319148936170213,0.3,120,132,wall,both,1,1,1,1,1,1,0.0,8,8,0,alpha,full,huber,5.692812124769404,-2.093072931715411,1.939761438189163,5.584154451668865,-1.7773372434680148,1.9400217497590384,5.70403132515065,-1.6380377824709291,1.944170096725494,165.66071396797122,0.01708749681711197,250,1.7150771021842957,1.0,1.0,disabled,single,3,row_3,row_4,-0.23587092757225037,-0.4793891906738281,0.5375283732349008,0.421349764340039,0.8290814429500112,0.24351826310157776,0.38490280538750665,0,24,0,disabled,0,0.0,50.0,alpha
488,0.5127212405204773,-0.10862936824560165,-21.766294479370117,-0.21999789774417877,0.9924853444099426,0.016438722610473633,102,10,18,0.010700313374400139,0.5357142857142857,0.3,120,130,wall,both,1,1,1,1,1,1,0.0,11,11,0,alpha,full,huber,5.62262997527372,-1.5099033207291286,1.9414729967102682,5.5485916787616745,-1.4099611903429505,1.8860446228267815,5.548330828181269,-1.3333773601844445,1.927830436978203,188.2912424353293,0.010700313374400139,250,0.8634118437767029,1.0,1.0,disabled,single,3,row_3,row_4,-0.21999789774417877,-0.5098381638526917,0.5480533225171539,0.41015384456743087,0.8278218216101095,0.2898402661085129,0.38138479516023716,0,24,0,disabled,0,0.0,50.0,alpha
492,1.0376700162887573,-0.44494178891181946,-29.106082916259766,-0.3083966374397278,1.1780335903167725,0.001087784767150879,112,14,28,0.00735124945640564,0.49342105263157904,0.3,120,154,wall,both,1,1,1,1,1,1,0.0,9,9,0,alpha,full,huber,5.242756591108069,-0.44046573754957996,1.7880516242500875,5.330795652453894,-0.2415511097260986,1.771256898573151,5.234706201968448,-0.2128471665021936,1.8272423071252009,216.82834557000865,0.007351249922066927,250,1.2511194944381714,1.0,1.0,disabled,single,3,row_3,row_4,-0.3083966374397278,-0.4054602086544037,0.5068937850271409,0.46000525505065964,0.8144274341204188,0.0970635712146759,0.3710571568866732,0,24,0,disabled,0,0.0,50.0,alpha
496,0.21207571029663086,-0.018585169687867165,-27.03896141052246,-0.19241860508918762,0.9295200705528259,0.010106921195983887,134,2,18,0.019332008436322212,0.49342105263157904,0.3,120,154,wall,both,1,1,1,1,1,1,0.0,5,5,0,alpha,full,huber,4.921674659295365,2.6912144716517323,1.886887153934662,4.896123989226275,2.1296004734578675,1.7400483361589116,4.7784751816326505,2.105211581511538,1.7706176647223177,161.54886845411554,0.01933201029896736,250,1.2463490962982178,1.0,1.0,disabled,single,3,row_3,row_4,-0.19241860508918762,-0.5639680027961731,0.5613253328839072,0.3871264004079137,0.8443772332705313,0.3715493977069855,0.38503602044246943,0,24,0,disabled,0,0.0,50.0,alpha
500,0.6325989961624146,-0.16536426544189453,-26.445026397705078,-0.16010186076164246,0.8448742032051086,0.019022047519683838,110,12,13,0.010158674791455269,0.5263157894736842,0.3,120,135,wall,both,1,1,1,1,1,1,0.0,3,3,0,alpha,full,huber,4.766732107506648,3.9911923169284,1.94475164553418,4.8147405550289,4.660018342377347,1.6985580618193754,4.5689165141579,4.643576937836076,1.74236705403173,192.28984538030082,0.010158674791455269,250,1.334758996963501,1.0,1.0,disabled,single,3,row_3,row_4,-0.16010186076164246,-0.6081859469413757,0.5763772661572449,0.36821917167214313,0.8457477174405146,0.4480840861797333,0.39089099596030885,0,24,0,disabled,0,0.0,50.0,alpha
504,0.9309667348861694,-0.35814011096954346,-35.86384582519531,-0.14712001383304596,0.7054319977760315,0.09460961818695068,106,16,20,0.009816170670092106,0.5136986301369862,0.3,120,142,wall,both,1,1,1,1,1,1,0.0,3,3,0,alpha,full,huber,6.260727782326332,4.441934504498526,2.1878899415948005,5.027769897741623,5.214334749379063,1.6621212584112484,4.767202895830936,5.269617278552031,1.7101592867285147,203.40230568560705,0.009816170670092106,250,2.1251962184906006,1.0,1.0,disabled,single,3,row_3,row_2,-0.14712001383304596,-0.7293726801872253,0.5976950006806252,0.33389545172180035,0.8573685638882328,0.5822526663541794,0.3675546736158253,0,24,0,disabled,0,0.0,50.0,alpha
508,0.6743927001953125,-0.18793617188930511,-33.68873596191406,-0.2683655023574829,1.0989248752593994,0.0006924867630004883,92,23,29,0.011732840910553932,0.5102040816326531,0.3,103,144,wall,both,1,1,1,1,1,1,0.0,6,6,0,alpha,full,huber,6.367112448559361,5.991810291681547,1.7975383912144967,5.128638154053192,6.357564646233005,1.653072742511043,4.889229615087002,6.415228901104554,1.6801295208639484,201.70660437858322,0.011732840910553932,250,1.2947285175323486,1.0,1.0,disabled,single,3,row_3,row_2,-0.2683655023574829,-0.4453045725822449,0.5236620979776458,0.4387402511370794,0.8235675886109923,0.17693907022476196,0.3785431514972647,0,24,0,disabled,0,0.0,50.0,alpha
512,0.7328508496284485,-0.22192992269992828,-31.525066375732422,-0.2835146486759186,1.1292130947113037,0.006145656108856201,94,28,36,0.012112747877836227,0.48701298701298706,0.3,118,158,wall,both,1,1,1,1,1,1,0.0,4,4,0,alpha,full,huber,6.261171882645197,6.785216176843219,1.8484212216293576,5.208147942700835,7.04322625295408,1.6887438142111135,5.027770269101582,7.0964579300333535,1.7109530938428676,200.65126821948027,0.012112747877836227,250,1.1665053367614746,1.0,1.0,disabled,single,3,row_3,row_2,-0.2835146486759186,-0.43266722559928894,0.5178331843342233,0.44608101143126366,0.8207599498213027,0.14915257692337036,0.37458747787691615,0,24,0,disabled,0,0.0,50.0,alpha
516,0.33240896463394165,-0.045659389346838,0.0,-0.02903076820075512,0.36050164699554443,0.006071269512176514,0,0,0,0.007135520223528147,0.5,0.3,0,0,wall,both,1,1,1,1,1,1,0.0,0,0,0,alpha,full,huber,4.439780355225364,8.420645437206502,1.6554337574764233,4.55226928723015,8.271598857520011,1.763232731444751,4.6837913071242205,8.327222513750012,1.7402863951662955,190.36574274798426,0.007135521154850721,250,1.0839499235153198,1.0,1.0,disabled,single,3,row_3,row_4,-0.02903076820075512,-0.9987186789512634,0.6491151640521504,0.24614535580123825,0.8618881547393782,0.9696879107505083,0.4031143613569268,0,24,0,disabled,0,0.0,50.0,alpha
520,0.1795857697725296,-0.01332687959074974,0.0,-0.0034641826059669256,0.1247369572520256,0.0012676119804382324,0,0,0,0.007552160415798426,0.5,0.3,0,0,wall,both,1,1,1,1,1,1,0.0,0,0,0,alpha,full,huber,4.580647650425025,8.960939125613816,1.7898944422578218,4.5310472288364645,8.523503550708986,1.7030457806717128,4.5864676490392995,8.512979143127342,1.721736699464218,203.28908695888256,0.007552159484475851,250,1.1161973476409912,1.0,1.0,disabled,single,3,row_3,row_4,-0.0034641826059669256,-1.2342380285263062,0.6668693608048748,0.19477018400085938,0.8624830620013932,1.2307738459203392,0.40169693050604666,0,24,0,disabled,0,0.0,50.0,alpha
524,0.33048489689826965,-0.0451323427259922,0.0,-0.0940968245267868,0.41076862812042236,0.1177593469619751,0,0,0,0.008980410173535347,0.5,0.3,0,0,wall,both,1,1,1,1,1,1,0.0,0,0,0,alpha,full,huber,4.364156492212337,8.544190859969191,2.2558783857394173,4.39996972754832,9.123338413988803,1.7146545009197987,4.4295681978199895,9.205853545415692,1.7188530870788945,197.42335840818595,0.008980410173535347,250,1.2863320112228394,1.0,1.0,disabled,single,3,row_3,row_4,-0.0940968245267868,-1.0085479021072388,0.6436478301364545,0.257933203782663,0.8612936137084994,0.914451077580452,0.34650672554088663,0,24,0,disabled,0,0.0,50.0,alpha
528,0.6620232462882996,-0.18110528588294983,0.0,-0.07915948331356049,0.5915583372116089,0.018485546112060547,0,0,0,0.006007110234349966,0.5,0.3,0,0,wall,both,1,1,1,1,1,1,0.0,0,0,0,alpha,full,huber,4.038416185915741,9.432263973682888,1.9321137157523243,4.0929048732395685,9.487562093009748,1.7632101217232976,4.21834232215023,9.535525841448973,1.7413824790003183,220.82971353430568,0.006007110234349966,250,1.1157435774803162,1.0,1.0,disabled,single,3,row_3,row_4,-0.07915948331356049,-0.8153282999992371,0.6251294505517896,0.2994028324875449,0.8497654641319199,0.7361688166856766,0.3906370464958805,0,24,0,disabled,0,0.0,50.0,alpha
532,0.1526348739862442,-0.009627026505768299,0.0,-0.13821305334568024,0.7885751724243164,0.002424478530883789,0,0,0,0.007503190077841282,0.5,0.3,0,0,wall,both,1,1,1,1,1,1,0.0,0,0,0,alpha,full,huber,3.997401457904055,9.88669574387428,1.6698894939685296,4.143528911869572,9.927346510890732,1.7452717175163563,4.146988868234936,9.92637856497344,1.7433764199678956,196.594392656904,0.007503189146518707,250,0.6730214357376099,1.0,1.0,disabled,single,3,row_3,row_4,-0.13821305334568024,-0.9148232936859131,0.6306381361375475,0.2900699152224368,0.8507137623644516,0.7766102403402328,0.32281000439857876,0,24,0,disabled,0,0.0,50.0,alpha
536,0.2598316967487335,-0.027897732332348824,0.0,-0.22567224502563477,1.0077290534973145,0.0006291866302490234,0,0,0,0.006744879297912121,0.5,0.3,0,0,wall,both,1,1,1,1,1,1,0.0,0,0,0,alpha,full,huber,3.8303803922694466,10.029158949688037,1.775013788988666,3.976900562170714,10.140191937285252,1.7843020845441384,4.032210810011133,10.165764616400644,1.763154573435724,215.41186556456512,0.006744878366589546,250,0.7163474261760712,1.0,1.0,disabled,single,3,row_3,row_4,-0.22567224502563477,-0.8465033769607544,0.6080591072163316,0.32683026247207264,0.8458587334582768,0.6208311319351196,0.2718109408991517,0,24,0,disabled,0,0.0,50.0,alpha
540,0.5600730180740356,-0.12962056696414948,0.0,-0.2364359349012375,1.0304431915283203,0.010815739631652832,0,0,0,0.010097273625433445,0.5,0.3,0,0,wall,both,1,1,1,1,1,1,0.0,0,0,0,alpha,full,huber,2.5306216225506932,9.963260690225807,1.9073041822661345,3.7055504036843594,10.317287033467442,1.8448403528511839,3.8242247751079064,10.394521320652384,1.8056079502554354,207.52961928459672,0.01009727269411087,250,1.7674670815467834,1.0,1.0,disabled,single,3,row_4,row_3,-0.2364359349012375,-1.0466498136520386,0.6336525628893555,0.2818251709222863,0.854862051963801,0.8102138787508011,0.2198185479159252,1,25,0,disabled,0,0.0,50.0,alpha
544,0.822253942489624,-0.27938082814216614,0.0,-0.24663123488426208,1.0403872728347778,0.03864806890487671,0,0,0,0.00938328169286251,0.5,0.3,0,0,wall,both,1,1,1,1,1,1,0.0,0,0,0,alpha,full,huber,2.5419794564515614,9.969635838927932,1.481169707561218,3.520964320621863,10.42318689158818,1.890989964366525,3.6306065875157305,10.522420269871196,1.859778535229955,212.27424653617948,0.00938328169286251,250,1.7756123542785645,1.0,1.0,disabled,single,3,row_4,row_3,-0.24663123488426208,-1.0413352251052856,0.6315445146100683,0.2852780844218653,0.8549151049186712,0.7947039902210236,0.21295561451442585,0,25,0,disabled,0,0.0,50.0,alpha
548,0.17902421951293945,-0.013243665918707848,0.0,-0.3363845646381378,1.2292754650115967,0.011925876140594482,0,0,0,0.008951079100370407,0.5,0.3,0,0,wall,both,1,1,1,1,1,1,0.0,0,0,0,alpha,full,huber,3.628994359452291,10.129409613623015,1.584943501596081,3.447479526484681,10.543224741703378,1.9369829533872278,3.4964432177704055,10.646351655911985,1.9344986491988934,197.99774952584966,0.008951080031692982,250,0.7470427751541138,1.0,1.0,disabled,single,3,row_3,row_4,-0.3363845646381378,-0.7564920783042908,0.5733701922545945,0.3766905598373391,0.8363621836482056,0.42010751366615295,0.2198391464548941,1,26,0,disabled,0,0.0,50.0,alpha
552,0.2759014070034027,-0.03145520016551018,-23.86050033569336,-0.6938487887382507,1.7649496793746948,0.0198976993560791,57,0,22,0.019049955531954765,0.6550218340611353,0.3,79,79,wall,both,1,1,1,1,1,1,0.0,1,1,0,alpha,full,huber,3.290345628059159,10.56490600552131,1.9393578627826216,3.208534053514677,10.755528743134239,2.1008153887332974,3.2844545048525613,10.847317737838088,2.0692559130080337,147.6725743740198,0.019049957394599915,250,0.461664155125618,1.0,1.0,disabled,single,3,row_3,row_4,-0.6938487887382507,-0.8245667219161987,0.5149373534375351,0.4518396301289635,0.8138312935408574,0.130717933177948,-0.030138759210029842,0,26,0,disabled,0,0.0,50.0,alpha
556,0.9268110990524292,-0.3549499213695526,0.0,-1.9777839183807373,2.736802339553833,0.27706217765808105,0,0,0,0.02933969721198082,0.5,0.3,0,0,wall,both,1,1,1,1,1,1,0.0,0,0,0,alpha,full,huber,2.0039983894620113,11.727891103153036,2.522846301184159,2.55776782781543,11.626857407919756,2.6966555227814197,2.655133333809074,11.697967551779406,2.6787582206735046,67.76979257164372,0.02933969907462597,83,1.7236369848251343,1.0,1.0,disabled,single,3,row_4,row_3,-1.9777839183807373,-3.0669713020324707,0.6712737119645821,0.22587677035237938,0.8375368804338923,1.0891873836517334,-1.5792056096846592,1,27,1,disabled,0,0.0,50.0,alpha
560,0.2828434407711029,-0.03305802494287491,-49.407936096191406,-1.816089391708374,2.2499892711639404,0.4114845395088196,6,0,78,0.04517858475446701,0.641025641025641,0.3,83,84,wall,both,1,1,1,1,1,1,0.0,3,3,0,alpha,full,huber,1.5315301642023933,11.152619307159823,-2.3230726331188567,1.563583149842114,11.856639732245856,-2.687365220766958,1.697026181782006,11.963751027366744,-2.722324503549018,41.92507043028304,0.04517858475446701,80,0.9050669372081757,1.0,1.0,disabled,single,3,row_4,row_5,-1.816089391708374,-2.989558458328247,0.6638649339862374,0.2053281948547142,0.8630998717105631,1.173469066619873,-1.4064128288401783,0,27,0,disabled,0,0.0,50.0,alpha
564,0.14005176723003387,-0.008105164393782616,-44.42616653442383,-2.103929042816162,2.977588653564453,0.1809869408607483,16,0,104,0.026901010423898697,0.5555555555555556,0.3,120,120,wall,both,1,1,1,1,1,1,0.0,2,2,0,alpha,full,huber,0.4945184076674982,11.454931918968427,-1.9926051930748085,0.8627313285117387,11.527453194842554,-2.1350416445273925,1.0333234320166906,11.632490790352843,-2.166951294410524,57.39383651325327,0.026901014149188995,112,0.791618138551712,1.0,1.0,disabled,single,3,row_4,row_5,-2.103929042816162,-2.2412514686584473,0.5164152692704621,0.4501535745772553,0.8141754464844865,0.13732242584228516,-1.4430849910573267,0,27,1,disabled,0,0.0,50.0,alpha
568,0.4743877649307251,-0.09299328923225403,-48.226600646972656,-1.3391680717468262,2.454732894897461,0.0054354071617126465,4,4,98,0.018654385581612587,0.5859375,0.3,99,106,wall,both,1,1,1,1,1,1,0.0,10,10,0,alpha,full,huber,-0.2009163870296895,10.919583149986464,-1.498001457614736,0.28334939847543683,10.86894446348354,-1.2206809826045826,0.40579270183767246,10.895601740818641,-1.2474252083803825,89.03032498574836,0.018654385581612587,175,1.0878701210021973,1.0,1.0,disabled,single,3,row_5,row_4,-1.3391680717468262,-2.0757970809936523,0.6152230739201333,0.2945226513142173,0.8759541838111454,0.7366290092468262,-0.8533977166249052,1,28,0,disabled,0,0.0,50.0,alpha
572,0.14347992837429047,-0.008506814017891884,-49.106719970703125,-0.7027540802955627,1.77695894241333,0.016183018684387207,28,0,90,0.0205420833081007,0.5597014925373135,0.3,104,118,wall,both,1,1,1,1,1,1,0.0,12,12,0,alpha,full,huber,-0.013882596367418159,10.223363255163964,-1.5738400122644247,0.22152830335591941,10.527132666633564,-1.1856724503468863,0.33614734240754307,10.5983548055557,-1.1444287685421857,80.9301536371134,0.0205420833081007,164,0.6131590604782104,1.0,1.0,disabled,single,3,row_5,row_4,-0.7027540802955627,-1.399950385093689,0.6119458485078388,0.3047365067634073,0.8697066541426439,0.6971963047981262,-0.21164259708058636,0,28,0,disabled,0,0.0,50.0,alpha
576,0.6634460091590881,-0.1818845421075821,-38.692222595214844,-0.33677777647972107,1.2291704416275024,0.015893936157226562,33,0,73,0.04058140888810158,0.5859375,0.3,96,106,wall,both,1,1,1,1,1,1,0.0,12,12,0,alpha,full,huber,-0.12310793539326863,9.685498352967885,-1.2151625182533063,0.253843135959137,10.123394447209417,-1.2310747228770433,0.37547913907001695,10.150880069407744,-1.1408266175668973,49.60576704898802,0.04058140888810158,80,1.0205260515213013,1.0,1.0,disabled,single,3,row_5,row_4,-0.33677777647972107,-1.2791942358016968,0.6413054155232649,0.2499071256398031,0.8727669482703669,0.9424164593219757,0.10747169178125066,0,28,0,disabled,0,0.0,50.0,alpha
580,0.5055444836616516,-0.10560960322618484,-39.955116271972656,-0.6287921071052551,1.6794747114181519,0.02204841375350952,35,4,69,0.02544548362493515,0.5813953488372093,0.3,88,108,wall,both,1,1,1,1,1,1,0.0,10,10,0,alpha,full,huber,0.08733714960920377,10.10544847426403,-1.183310687436414,0.2502685153587957,9.834794461841904,-1.278469518037564,0.36747457767806324,9.844317422563677,-1.195394577393217,65.21171729437559,0.02544548362493515,80,0.9676648080348969,1.0,1.0,disabled,single,3,row_5,row_4,-0.6287921071052551,-1.2427536249160767,0.6002758140697417,0.3248708510266782,0.865658297222841,0.6139615178108215,-0.1184260678303678,0,28,0,disabled,0,0.0,50.0,alpha
584,0.9846979379653931,-0.4006735682487488,-34.08557891845703,-0.17552386224269867,0.8792109489440918,0.030284345149993896,65,0,78,0.03917238861322403,0.5119453924914675,0.3,120,143,wall,both,1,1,1,1,1,1,0.0,12,12,0,alpha,full,huber,0.4106729227536304,9.013471063691755,-1.1469586139958128,0.3978594738410826,9.26408376068531,-1.2354704803793501,0.4522448221846678,9.35249119998796,-1.201036458427756,54.71376927054811,0.03917238861322403,80,1.338785469532013,1.0,1.0,disabled,single,3,row_5,row_4,-0.17552386224269867,-0.6943070292472839,0.5873174601396794,0.3495974412198294,0.8543030140597236,0.5187831670045853,0.35666592514550577,0,28,0,disabled,0,0.0,50.0,alpha
588,0.8150590658187866,-0.2745129466056824,-32.5883903503418,-0.2102830857038498,0.9473881125450134,0.05150783061981201,59,1,69,0.034926846623420715,0.5376344086021506,0.3,120,129,wall,both,1,1,1,1,1,1,0.0,13,13,0,alpha,full,huber,0.4248728025259677,9.10202151810542,-1.0713364537687728,0.6377886891989835,8.743504731091857,-1.2096839817287963,0.6639082929053419,8.734736361457255,-1.2024571524252021,62.08443491392587,0.034926846623420715,80,1.306387186050415,1.0,1.0,disabled,single,3,row_5,row_4,-0.2102830857038498,-0.6918697953224182,0.5807511922444769,0.35878944597589113,0.8530013801845062,0.4815867096185684,0.3331497686906131,0,28,0,disabled,0,0.0,50.0,alpha
592,0.11371833086013794,-0.005343743599951267,-38.10829162597656,-0.10436267405748367,0.6832788586616516,0.01226276159286499,92,1,54,0.028948208317160606,0.5050505050505051,0.3,120,147,wall,both,1,1,1,1,1,1,0.0,13,13,0,alpha,full,huber,0.4834365292066404,8.09383364806291,-1.2369244026783344,0.7636629186270396,8.134355948902625,-1.2643519721803125,0.8103921622126631,8.167144199737788,-1.2261357581798,57.569948841862185,0.028948208317160606,80,0.4722261428833008,1.0,1.0,disabled,single,3,row_5,row_4,-0.10436267405748367,-0.7450319528579712,0.6074975953411418,0.320114562046535,0.8574859983653941,0.6406692788004875,0.3940443880039701,0,28,0,disabled,0,0.0,50.0,alpha
596,0.795915424823761,-0.26176917552948,-31.278902053833008,-0.11594956368207932,0.6974198222160339,0.0438881516456604,99,0,42,0.034547749906778336,0.5154639175257733,0.3,113,141,wall,both,1,1,1,1,1,1,0.0,10,10,0,alpha,full,huber,0.5854236438456184,7.590691599142643,-1.1049455212359645,0.8009842594962187,7.623395191978133,-1.303573161940422,0.8811656741693128,7.6565220283562585,-1.2558244342843345,64.36968313312762,0.034547749906778336,80,1.1296108961105347,1.0,1.0,disabled,single,3,row_5,row_4,-0.11594956368207932,-0.7433043718338013,0.6055268684529223,0.3233528454788074,0.8568334940520521,0.627354808151722,0.3857067792981419,0,28,0,disabled,0,0.0,50.0,alpha
600,1.9050819873809814,-1.4997261762619019,-32.10358428955078,-0.3033008575439453,1.1674848794937134,0.009989380836486816,93,2,53,0.03091965802013874,0.5033557046979865,0.3,118,148,wall,both,1,1,1,1,1,1,0.0,12,12,0,alpha,full,huber,1.340012465481098,7.059190086089873,-1.2569183260297367,1.1136021742878293,7.118626147788854,-1.2056579962918037,1.088417264341902,7.116949882938709,-1.2245346172656142,61.376727674188224,0.03091965802013874,80,2.2382874488830566,1.0,1.0,disabled,single,3,row_4,row_5,-0.3033008575439453,-0.406773179769516,0.5075856382342223,0.45769046716212103,0.8185858608256222,0.10347232222557068,0.37478897946902623,1,29,0,disabled,0,0.0,50.0,alpha
604,1.54900324344635,-0.9914921522140503,-33.85736846923828,-0.26955655217170715,1.101362943649292,0.0004725456237792969,83,35,40,0.027826422825455666,0.48701298701298706,0.3,110,158,wall,both,1,1,1,1,1,1,0.0,14,14,0,alpha,full,huber,1.1689015406318202,6.574728798249377,-1.3419411780911945,1.2726462023396288,6.6827489669096405,-1.2060002035052295,1.266713906458481,6.664804607237318,-1.2200163928844192,68.51418011672807,0.027826426550745964,80,1.6789546608924866,1.0,1.0,disabled,single,3,row_5,row_4,-0.26955655217170715,-0.4469861686229706,0.5228538025810322,0.43784819886130555,0.8278488902958301,0.17742961645126343,0.3788968379969604,1,30,0,disabled,0,0.0,50.0,alpha
608,0.2627200484275818,-0.02852141484618187,-36.051578521728516,-0.3904806971549988,1.1988455057144165,0.1319793462753296,85,22,45,0.04054125398397446,0.49668874172185423,0.3,113,152,wall,both,1,1,1,1,1,1,0.0,15,15,0,alpha,full,huber,1.399384536075336,6.524239621098648,-0.889786441592046,1.5005057650066944,6.127372642831048,-1.1373274323224263,1.4957607645660829,6.094666943178687,-1.1787826883847796,61.65755816538198,0.04054125398397446,80,0.8409915566444397,1.0,1.0,disabled,single,3,row_4,row_5,-0.3904806971549988,-0.4390449523925781,0.4954902923180394,0.4720021339479122,0.8136830071191624,0.048564255237579346,0.31172681993813844,1,31,0,disabled,0,0.0,50.0,alpha
612,15.705134391784668,-35.21934127807617,-31.045394897460938,-0.20711936056613922,0.946980893611908,0.043817222118377686,98,35,17,0.05007359758019447,0.5,0.3,106,150,wall,both,1,1,1,1,1,1,0.0,14,14,0,alpha,full,huber,1.3579520034951027,4.831325980054184,-1.0855093760598478,1.7683317782149452,5.242808169842541,-1.1637995287233862,1.7891117139794837,5.279184858839469,-1.1710179675016925,56.647080162583464,0.05007360503077507,83,16.138601303100586,0.1858897152024961,1.0,disabled,single,3,row_5,row_4,-0.20711936056613922,-0.523973286151886,0.5511276399499735,0.4014618491969419,0.8392973981351458,0.31685392558574677,0.38866948463828044,1,32,0,disabled,0,0.0,50.0,alpha
616,0.6001615524291992,-0.14884044229984283,-31.328359603881836,-0.16294218599796295,0.8468570709228516,0.029581785202026367,108,18,12,0.04544247314333916,0.5208333333333334,0.3,101,138,wall,both,1,1,1,1,1,1,0.0,14,14,0,alpha,full,huber,1.3755258697565238,4.203772164101085,-1.1387931467116923,1.8611984308683103,4.197733763698856,-1.3285093587420356,2.0200478232853487,4.2316673824337565,-1.2699560562142942,53.670591085117024,0.04544247314333916,80,1.245843231678009,1.0,1.0,disabled,single,3,row_5,row_4,-0.16294218599796295,-0.5906786918640137,0.5716843056219487,0.37272855491547013,0.8481512988125777,0.4277365058660507,0.3962261672128966,0,32,0,disabled,0,0.0,50.0,alpha
620,1.1382369995117188,-0.535365104675293,-34.18128204345703,-0.2462780624628067,1.005414366722107,0.07281839847564697,110,0,28,0.09559061378240585,0.5208333333333334,0.3,106,138,wall,both,1,1,1,1,1,1,0.0,12,12,0,alpha,full,huber,-0.3578892826227773,3.3948084770217726,-1.7825002708850086,1.592433013989316,3.4400913126238506,-1.4499949818193998,1.8871597576649126,3.466573816520759,-1.3600979527035932,39.054317212005856,0.09559059888124466,80,2.3982592821121216,1.0,1.0,disabled,single,3,row_5,row_6,-0.2462780624628067,-0.5156501531600952,0.5410522245800435,0.4132875992816074,0.8384527813593693,0.2693720906972885,0.36796140891222573,0,32,0,disabled,0,0.0,50.0,alpha
624,0.8212937116622925,-0.2787286639213562,-24.2609920501709,-0.1593444049358368,0.8387063145637512,0.027232646942138672,116,9,10,0.05762339383363724,0.5263157894736842,0.3,120,135,wall,both,1,1,1,1,1,1,0.0,6,6,0,alpha,full,huber,1.5983231021919013,2.9134668321478756,-1.161586156318429,1.6039414904965916,2.952409961208425,-1.456784595607179,1.7790673456183712,2.960858352644405,-1.4136472612573783,53.57392076689962,0.05762339383363724,80,1.295742154121399,1.0,1.0,disabled,single,3,row_5,row_4,-0.1593444049358368,-0.6119034886360168,0.576591958882797,0.3667116174539907,0.848082142247792,0.45255908370018005,0.3912760346853442,0,32,0,disabled,0,0.0,50.0,alpha
628,0.49353110790252686,-0.10064998269081116,-30.45613670349121,-0.3222897946834564,1.2042841911315918,0.0004462599754333496,89,21,29,0.023955212906003,0.5190311418685121,0.3,118,139,wall,both,1,1,1,1,1,1,0.0,7,7,0,alpha,full,huber,1.9928507991011695,2.7821420150949727,-1.3656199630615609,2.0802855299294847,2.4103299919652117,-1.330574470222792,1.9884554661452207,2.3821663988430064,-1.3718209212074068,65.08146631601979,0.023955212906003,83,1.0421323776245117,1.0,1.0,disabled,single,3,row_5,row_4,-0.3222897946834564,-0.3639814853668213,0.49396650324822405,0.4737956056632688,0.8130285998252402,0.04169169068336487,0.38299777659959966,0,32,0,disabled,0,0.0,50.0,alpha
632,0.3616844415664673,-0.05405605211853981,-22.022781372070312,-0.23213909566402435,0.9841421246528625,0.06436371803283691,111,7,8,0.03462217003107071,0.5434782608695653,0.3,110,126,wall,both,1,1,1,1,1,1,0.0,13,13,0,alpha,full,huber,1.8436949907160491,2.363922694410822,-1.032137084393118,2.029668172080676,2.167830817045694,-1.3103208689332844,2.034008553005204,2.150784038162632,-1.341201256945367,70.07016950561612,0.03462217003107071,97,0.7765294909477234,1.0,1.0,disabled,single,3,row_5,row_4,-0.23213909566402435,-0.5074060559272766,0.5429153175783255,0.4122732652327003,0.8360687826063091,0.27526696026325226,0.37866282844052257,0,32,0,disabled,0,0.0,50.0,alpha
636,1.5231038331985474,-0.9586137533187866,-28.617271423339844,-0.08445733040571213,0.6022276878356934,0.030760884284973145,118,13,9,0.028999127447605133,0.5172413793103449,0.3,120,140,wall,both,1,1,1,1,1,1,0.0,10,10,0,alpha,full,huber,1.53344342086766,1.9313361297426035,-1.1441999722384744,1.9732771840917436,1.886581571309154,-1.386165596231743,2.0406721762567637,1.8340431287314787,-1.3597561995098078,101.12742389751178,0.028999129310250282,143,2.1513478755950928,1.0,1.0,disabled,single,3,row_5,row_4,-0.08445733040571213,-0.7870832681655884,0.6168235349176349,0.30550221843629566,0.8587717227343913,0.7026259377598763,0.39871497057399546,0,32,0,disabled,0,0.0,50.0,alpha
640,0.15991199016571045,-0.010566878132522106,-31.05733871459961,-0.14030951261520386,0.73524409532547,0.07031387090682983,110,15,16,0.01459463220089674,0.5154639175257733,0.3,120,141,wall,both,1,1,1,1,1,1,0.0,12,12,0,alpha,full,huber,1.8545669197756436,0.8976711110765082,-1.0151334571210975,2.0293162140009233,1.3406699863008615,-1.3434378140323737,2.0771853769297177,1.3630941610962943,-1.3477916038270463,130.31689992426067,0.01459463220089674,175,0.9035218954086304,1.0,1.0,disabled,single,3,row_5,row_4,-0.14030951261520386,-0.7093805074691772,0.597160060148993,0.3380230843540951,0.8518628001902613,0.5690709948539734,0.3752605814564617,0,32,0,disabled,0,0.0,50.0,alpha
644,0.6818675994873047,-0.1921253800392151,-20.412269592285156,-0.2996143102645874,1.1611478328704834,5.340576171875e-05,104,5,29,0.016959602013230324,0.5208333333333334,0.3,102,138,wall,both,1,1,1,1,1,1,0.0,13,13,0,alpha,full,huber,2.255930207445559,1.0718438876519458,-1.4027037075014033,2.170770517465259,1.0159660223324565,-1.2837769363367308,2.1737327207869246,0.9734074505472361,-1.312124437333005,140.01084337712513,0.016959603875875473,196,0.9475206434726715,1.0,1.0,disabled,single,3,row_5,row_4,-0.2996143102645874,-0.39698514342308044,0.5065223816382788,0.4595269902511962,0.8166883371827303,0.09737083315849304,0.3805724571832356,0,32,0,disabled,0,0.0,50.0,alpha
648,0.13438163697719574,-0.007462159264832735,-26.260046005249023,-0.31562864780426025,1.1917697191238403,0.0008682012557983398,85,16,35,0.023017223924398422,0.5244755244755245,0.3,120,136,wall,both,1,1,1,1,1,1,0.0,6,6,0,alpha,full,huber,2.4790790927449984,0.007031085618659727,-1.4340428997373564,2.547064990538927,-0.04816193215619958,-1.2813841408571118,2.505584102533428,-0.06660635012880838,-1.2942556994373218,95.37792262734021,0.023017223924398422,148,0.5112720727920532,1.0,1.0,disabled,single,3,row_5,row_4,-0.31562864780426025,-0.37771573662757874,0.49833107226881246,0.46833205851773635,0.8157309127389623,0.06208708882331848,0.3808619712847122,0,32,0,disabled,0,0.0,50.0,alpha
652,0.5412509441375732,-0.12105479091405869,-26.6339111328125,-0.17165417969226837,0.8788836598396301,0.0006295442581176758,94,5,36,0.02949664182960987,0.5263157894736842,0.3,120,135,wall,both,1,1,1,1,1,1,0.0,5,5,0,alpha,full,huber,2.2386145460038187,-0.42072422387545694,-1.3537024869827126,2.5439045915292633,-0.5663739561275973,-1.3152850175939588,2.598585971725375,-0.5949049029448522,-1.3062698437702644,79.85777682093133,0.02949664555490017,117,1.0350747108459473,1.0,1.0,disabled,single,3,row_5,row_4,-0.17165417969226837,-0.579118549823761,0.5681005906396043,0.37797729553993525,0.8464425801482387,0.4074643701314926,0.39380260005191126,0,32,0,disabled,0,0.0,50.0,alpha
656,0.4557378590106964,-0.08582520484924316,-24.228349685668945,-0.10308832675218582,0.677125871181488,0.017143309116363525,104,0,25,0.03099890798330307,0.5376344086021506,0.3,120,129,wall,both,1,1,1,1,1,1,0.0,4,4,0,alpha,full,huber,2.3016688470097435,-1.858000691529066,-1.177633140673392,2.5938629159740763,-1.7959867753947962,-1.380285222812302,2.7367477681419823,-1.7751487662651981,-1.323724439011342,64.96259686434442,0.03099890798330307,97,0.9379630088806152,1.0,1.0,disabled,single,3,row_5,row_4,-0.10308832675218582,-0.7071968913078308,0.6016763117658882,0.32885306762681604,0.8566728856898312,0.604108564555645,0.40494733962374363,0,32,0,disabled,0,0.0,50.0,alpha
660,0.8571397066116333,-0.3035902678966522,-30.493661880493164,-0.12311045825481415,0.7442314624786377,0.002519547939300537,113,24,34,0.03942890092730522,0.4672897196261683,0.3,120,171,wall,both,1,1,1,1,1,1,0.0,5,5,0,alpha,full,huber,2.5749552258582016,-2.9630471126321725,-1.3394897205826966,2.7398019654050683,-3.148290257552966,-1.3871527953160894,2.8958180933017283,-3.1543844368379474,-1.350509535583315,62.34000383469514,0.03942890092730522,97,1.2551764249801636,1.0,1.0,disabled,single,3,row_5,row_4,-0.12311045825481415,-0.6810342669487,0.5939101537743836,0.3399519360152642,0.855866289325765,0.5579238086938858,0.397916769077143,0,32,0,disabled,0,0.0,50.0,alpha
664,1.8454220294952393,-1.407265543937683,-28.608308792114258,-0.12388170510530472,0.7466292381286621,0.0008225440979003906,99,16,39,0.02315651625394821,0.49342105263157904,0.3,120,154,wall,both,1,1,1,1,1,1,0.0,3,3,0,alpha,full,huber,2.8339998662041754,-4.493307065825084,-1.3496972138291716,2.7986677497389887,-4.4771908815231445,-1.3711085940835224,2.9794650856495757,-4.49410791347268,-1.3187880348050685,64.495591338487,0.02315651625394821,80,1.9414132833480835,1.0,1.0,disabled,single,3,row_5,row_4,-0.12388170510530472,-0.6833437085151672,0.5948576874914628,0.3399709568189527,0.8537474745317237,0.5594620034098625,0.3955513776260816,0,32,0,disabled,0,0.0,50.0,alpha
668,0.7412335872650146,-0.22703604400157928,-29.135173797607422,-0.1989879608154297,0.9462644457817078,0.0012659430503845215,85,18,51,0.03322127088904381,0.49342105263157904,0.3,120,154,wall,both,1,1,1,1,1,1,0.0,3,3,0,alpha,full,huber,3.165998081713969,-5.200420101927717,-1.3399369291092431,3.0034069359261393,-5.28881922207953,-1.3111116174306925,3.0980607967874536,-5.340655288505362,-1.304066672599495,58.5093124515547,0.03322127088904381,80,0.9471455216407776,1.0,1.0,disabled,single,3,row_5,row_4,-0.1989879608154297,-0.5433505177497864,0.5567441611787465,0.39454896898324665,0.8401812041647679,0.3443625569343567,0.3866614994147186,0,32,0,disabled,0,0.0,50.0,alpha
672,0.5435587763786316,-0.12208931893110275,0.0,-0.19064204394817352,0.872288167476654,0.07267218828201294,0,0,0,0.024514304473996162,0.5,0.3,0,0,wall,both,1,1,1,1,1,1,0.0,0,0,0,alpha,full,huber,4.084358030284102,-6.290271952895898,-0.9931273911390157,3.5670820704401422,-6.891801354883036,-1.2355069089909478,3.569424662344957,-6.974790597774641,-1.2582352953078844,69.59809458550238,0.02451430819928646,80,1.1281156539916992,1.0,1.0,disabled,single,3,row_4,row_5,-0.19064204394817352,-0.6418201327323914,0.5758374483123962,0.3667378634419031,0.849778022050899,0.45117808878421783,0.3612878219571629,1,33,0,disabled,0,0.0,50.0,alpha
676,0.3016429543495178,-0.037598542869091034,0.0,-0.19867867231369019,0.9132009148597717,0.05721098184585571,0,0,0,0.019923290237784386,0.5,0.3,0,0,wall,both,1,1,1,1,1,1,0.0,0,0,0,alpha,full,huber,4.233754391875429,-7.27781303440336,-1.733388542541288,4.158085708230635,-7.779429413150743,-1.1410387829250555,4.047674886259796,-7.895401376074828,-1.19227160129234,86.87394129304072,0.019923290237784386,107,1.0393463373184204,1.0,1.0,disabled,single,3,row_4,row_5,-0.19867867231369019,-0.6179841160774231,0.5712385370468872,0.3755912427892212,0.8436783568957464,0.4193054437637329,0.36126973110007554,0,33,0,disabled,0,0.0,50.0,alpha
680,1.633498191833496,-1.1026101112365723,0.0,-0.04248091205954552,0.20837055146694183,0.0896880030632019,0,0,0,0.02737795002758503,0.5,0.3,0,0,wall,both,1,1,1,1,1,1,0.0,0,0,0,alpha,full,huber,4.9598419459119905,-7.333794376968893,-0.9667323187973076,4.6442431159774085,-7.969771046099314,-1.0458712981985316,4.458454434723544,-8.144165839617452,-1.1130094144079745,88.73774325020962,0.02737794630229473,122,2.376713991165161,1.0,1.0,disabled,single,3,row_4,row_5,-0.04248091205954552,-1.1866410970687866,0.6571000351785231,0.20928063080472642,0.8722039706488187,1.144160185009241,0.37743809948274426,0,33,0,disabled,0,0.0,50.0,alpha
684,0.9522850513458252,-0.37473011016845703,0.0,-0.30991145968437195,1.1509532928466797,0.061693668365478516,0,0,0,0.020750951021909714,0.5,0.3,0,0,wall,both,1,1,1,1,1,1,0.0,0,0,0,alpha,full,huber,3.885265817513929,-8.279128884860148,-1.643963319663973,4.718317211794275,-8.670277135835969,-1.1494002787870867,4.758073953657107,-8.751563258054755,-1.1002442127543741,99.12451776115566,0.020750952884554863,122,2.320672869682312,1.0,1.0,disabled,single,3,row_5,row_4,-0.30991145968437195,-0.501762866973877,0.5252794672391986,0.43358117440563243,0.8317885100591688,0.191851407289505,0.3339133797865469,1,34,0,disabled,0,0.0,50.0,alpha
688,0.020680680871009827,-0.00017673164256848395,0.0,-0.4226699471473694,1.2855005264282227,0.11655068397521973,0,0,0,0.01064004935324192,0.5,0.3,0,0,wall,both,1,1,1,1,1,1,0.0,0,0,0,alpha,full,huber,4.876095205602331,-8.839540723903443,-0.9058692482355006,4.951638327330083,-8.950786330223018,-1.126064240736617,4.937374533937135,-9.004335883146343,-1.105716951330486,150.74904839322417,0.01064004935324192,185,0.902668833732605,1.0,1.0,disabled,single,3,row_4,row_5,-0.4226699471473694,-1.162597894668579,0.6188223864582892,0.2952700459874734,0.8680440187334748,0.7399279475212097,0.057267036579038255,1,35,0,disabled,0,0.0,50.0,alpha
692,0.694653332233429,-0.19939804077148438,0.0,-0.5499548316001892,1.4368642568588257,0.14944589138031006,0,0,0,0.011031191796064377,0.5,0.3,0,0,wall,both,1,1,1,1,1,1,0.0,0,0,0,alpha,full,huber,3.5075996140743335,-9.249276698255102,-1.8446248241839278,4.778566131955125,-9.613497646933371,-1.6648878501783588,5.0000224416292784,-9.638289204701717,-1.577133729942902,197.14508392918427,0.011031190864741802,250,1.9245874285697937,1.0,1.0,disabled,single,3,row_5,row_4,-0.5499548316001892,-1.2959363460540771,0.6138904167951421,0.29114893008589193,0.882360737565401,0.7459815144538879,-0.062015990561753,1,36,0,disabled,0,0.0,50.0,alpha
696,0.16408254206180573,-0.011125240474939346,0.0,-1.0139737129211426,2.109374761581421,0.07858157157897949,0,0,0,0.00800873152911663,0.5,0.3,0,0,wall,both,1,1,1,1,1,1,0.0,0,0,0,alpha,full,huber,3.5121146628307316,-9.992066937049975,-1.6899475197363394,4.251427063904554,-10.199132260675766,-1.9365028391710626,4.586562738908974,-10.220085943312109,-1.829444299794773,199.8587488584601,0.00800873152911663,250,1.15452641248703,1.0,1.0,disabled,single,3,row_5,row_4,-1.0139737129211426,-1.9262642860412598,0.6333934198868569,0.25437286737340525,0.8829468769702269,0.9122905731201172,-0.5573101794307851,0,36,0,disabled,0,0.0,50.0,alpha
700,0.19657588005065918,-0.015967799350619316,0.0,-2.8908779621124268,3.4878597259521484,0.2143346667289734,0,0,0,0.007578391116112471,0.5,0.3,0,0,wall,both,1,1,1,1,1,1,0.0,0,0,0,alpha,full,huber,4.531760227389222,-11.026482578116184,-1.9578920894761904,4.282155074397703,-10.642880730893756,-2.26793320584549,4.374260598616502,-10.622246186172378,-2.2434665184309437,205.7266820319982,0.007578390184789896,250,1.1965840458869934,1.0,1.0,disabled,single,3,row_4,row_5,-2.8112103939056396,-2.8908779621124268,0.5006166068650607,0.4622810244389571,0.8252898216806602,0.07966756820678711,-2.1192956672923495,1,37,1,disabled,0,0.0,50.0,alpha
704,0.14758092164993286,-0.009000052697956562,-49.551002502441406,-3.483506202697754,3.212801694869995,0.5398873090744019,4,0,116,0.015275057405233383,0.5555555555555556,0.3,120,120,wall,both,1,1,1,1,1,1,0.0,1,1,0,alpha,full,huber,3.813871078379305,-11.056240006180749,-2.3835405574046358,3.906220853332271,-10.962792124381963,-2.9750843034706995,3.9616259068064195,-11.004388236233943,-2.9449977190380334,119.62344855975542,0.015275057405233383,250,0.8109765946865082,1.0,1.0,disabled,single,3,row_5,row_4,-3.483506202697754,-3.9239535331726074,0.532419157483943,0.34274397457972916,0.9623511730387146,0.4404473304748535,-2.853181992842278,1,38,1,disabled,0,0.0,50.0,alpha
708,0.656364381313324,-0.17802239954471588,-49.54347229003906,-3.1677112579345703,3.5628793239593506,0.29148852825164795,7,0,111,0.016911473125219345,0.5597014925373135,0.3,118,118,wall,both,1,1,1,1,1,1,0.0,2,2,0,alpha,full,huber,3.4709002204047374,-11.511879706690431,2.6341359226903585,3.5822738998537016,-11.105126600840308,2.9061418994148434,3.575019960505096,-11.095238648555215,2.8955714519829936,127.198941569995,0.016911473125219345,250,1.2672828435897827,1.0,1.0,disabled,single,3,row_5,row_4,-3.1677112579345703,-4.63001823425293,0.6939199822020862,0.16078204307989546,0.8276948854140143,1.4623069763183594,-2.8023126333911237,0,38,1,disabled,0,0.0,50.0,alpha
712,0.3871549963951111,-0.0619376003742218,-48.88731002807617,-2.6309432983398438,3.4316747188568115,0.05849814414978027,4,0,116,0.0160616934299469,0.5555555555555556,0.3,120,120,wall,both,1,1,1,1,1,1,0.0,3,3,0,alpha,full,huber,2.622503464952229,-11.44861344680101,2.1944633405019767,3.1456442704229497,-11.076446032330583,2.6227151289514086,3.211915959273205,-11.053025210759316,2.626040941209384,120.4268874532859,0.0160616934299469,250,1.2198043465614319,1.0,1.0,disabled,single,3,row_5,row_6,-2.6309432983398438,-3.094099760055542,0.5745749327054557,0.3615766521393595,0.861873872552371,0.46315646171569824,-2.0768185393081366,0,38,1,disabled,0,0.0,50.0,alpha
716,0.2828209102153778,-0.03305275738239288,-46.527671813964844,-1.7283790111541748,2.7888050079345703,0.0038472414016723633,9,4,116,0.013432309962809086,0.5376344086021506,0.3,120,129,wall,both,1,1,1,1,1,1,0.0,3,3,0,alpha,full,huber,3.526830206017846,-10.702270981996659,1.9384727768887524,2.6671532768386124,-10.608811675181048,1.8530543069708825,2.617815890405347,-10.641834377529733,1.8591429227018406,130.7084780611327,0.013432309962809086,250,1.3232319951057434,1.0,1.0,disabled,single,3,row_5,row_4,-1.7283790111541748,-2.7756175994873047,0.6438806458958003,0.2259411999335447,0.8849602728882215,1.0472385883331299,-1.2881371086402713,0,38,1,disabled,0,0.0,50.0,alpha
720,0.46116864681243896,-0.087882861495018,-36.78083419799805,-0.7752000689506531,1.8649473190307617,0.02376312017440796,33,0,84,0.028745826333761215,0.5617977528089888,0.3,104,117,wall,both,1,1,1,1,1,1,0.0,4,4,0,alpha,full,huber,2.3568391356525056,-9.839834199511046,2.0691655761474195,2.603627941831865,-9.82302275734607,1.4553481572505835,2.505662088509839,-9.839681360916174,1.4938787420449113,130.0188307966101,0.028745826333761215,250,0.6731615960597992,1.0,1.0,disabled,single,3,row_5,row_6,-0.7752000689506531,-1.3099687099456787,0.5882609231680057,0.34460607578837793,0.8605810387796293,0.5347686409950256,-0.24461538632497437,0,38,0,disabled,0,0.0,50.0,alpha
724,0.27957460284233093,-0.03229833021759987,-27.70173454284668,-0.31427016854286194,1.189146876335144,0.0028145909309387207,67,0,53,0.018648628145456314,0.5555555555555556,0.3,120,120,wall,both,1,1,1,1,1,1,0.0,2,2,0,alpha,full,huber,2.054941459214949,-8.974552687801687,1.925771753825341,2.4391311345279996,-9.073360188005257,1.4936320343270602,2.4976738025494063,-9.047063227350234,1.4610615563125258,161.94603947452143,0.018648628145456314,250,0.7981321513652802,1.0,1.0,disabled,single,3,row_5,row_6,-0.31427016854286194,-0.7160218358039856,0.5661531709615191,0.3788396370890725,0.8493338801793735,0.40175166726112366,0.2546204487737439,0,38,0,disabled,0,0.0,50.0,alpha
728,0.6380941867828369,-0.16824966669082642,-24.05875015258789,-0.33144092559814453,1.2212631702423096,0.0001596212387084961,73,1,49,0.016364241018891335,0.5494505494505495,0.3,120,123,wall,both,1,1,1,1,1,1,0.0,3,3,0,alpha,full,huber,1.5786165372828576,-8.31708056270092,1.8685946401542939,2.1671012895522326,-8.4607215239425,1.6607769787489923,2.352722979131915,-8.38998698489869,1.5377035608421483,151.32904820619692,0.016364241018891335,250,1.6943815350532532,1.0,1.0,disabled,single,3,row_5,row_6,-0.33144092559814453,-0.36864858865737915,0.4929018046882753,0.47489907701294093,0.8129663262817298,0.03720766305923462,0.37600437831138733,0,38,0,disabled,0,0.0,50.0,alpha
732,0.5324246287345886,-0.11713884025812149,-33.9773063659668,-0.0737001895904541,0.5468853116035461,0.04210829734802246,73,0,78,0.012714438140392303,0.4983388704318937,0.3,120,151,wall,both,1,1,1,1,1,1,0.0,4,4,0,alpha,full,huber,2.2893762455877527,-8.291723865241819,2.1419553674288814,2.1338411280772123,-8.197613847286215,1.6879508577585398,2.237254686594975,-8.135661970949544,1.5972519643008845,189.21722907264828,0.012714439071714878,250,1.0732008814811707,1.0,1.0,disabled,single,3,row_5,row_6,-0.0737001895904541,-0.9088460206985474,0.6352845978803673,0.2755935824195757,0.8588844197501284,0.8351458311080933,0.37998200526580184,0,38,0,disabled,0,0.0,50.0,alpha
736,0.6235914826393127,-0.16068856418132782,-39.40125274658203,-0.24913831055164337,1.0587713718414307,0.002614140510559082,44,28,83,0.008699450641870499,0.49180327868852464,0.3,120,155,wall,both,1,1,1,1,1,1,0.0,4,4,0,alpha,full,huber,1.364607334153707,-8.43350942731278,1.6699368565573884,1.7084254660520912,-7.964428316991155,1.811749947495975,1.9420931367957524,-7.878778102780437,1.686907727521234,191.6855722273744,0.008699450641870499,250,1.344869077205658,1.0,1.0,disabled,single,3,row_6,row_5,-0.24913831055164337,-0.4742225110530853,0.5328911649240504,0.4254864103479912,0.8313321236763902,0.22508420050144196,0.3802997585032305,1,39,0,disabled,0,0.0,50.0,alpha
740,0.08808213472366333,-0.003205976216122508,-36.0106201171875,-0.29713717103004456,0.34549835324287415,0.25748711824417114,99,32,23,0.03958854824304581,0.49342105263157904,0.3,120,154,wall,both,1,1,1,1,1,1,0.0,4,4,0,alpha,full,huber,0.5163200434695701,-7.7197018256281424,2.5141303076971244,1.439503003996922,-7.635165714169658,1.8124490511074847,1.6467993212512768,-7.583012440493134,1.7281595044747018,80.88440572611084,0.039588551968336105,117,1.1570518016815186,1.0,1.0,disabled,single,3,row_6,row_5,-0.29713717103004456,-1.158535122871399,0.6275658607360728,0.2651910927959183,0.883813469387365,0.8613979518413544,0.1687694851054674,0,39,0,disabled,0,0.0,50.0,alpha
744,0.5100448131561279,-0.10749823600053787,-36.129520416259766,-0.1609848141670227,0.8472949266433716,0.018845200538635254,67,23,53,0.017116118222475052,0.5119453924914675,0.3,120,143,wall,both,1,1,1,1,1,1,0.0,4,4,0,alpha,full,huber,1.0078503287335918,-7.618662803542004,1.585701840194556,1.3459649221964045,-7.2278225028651235,1.8455838448308703,1.4467382049861441,-7.169588508809751,1.7970355423582305,95.47488400483658,0.0171161200851202,112,0.9332342147827148,1.0,1.0,disabled,single,3,row_6,row_5,-0.1609848141670227,-0.5643206238746643,0.5685512138578418,0.37984207922927304,0.8416949805331887,0.4033358097076416,0.4036790697403443,0,39,0,disabled,0,0.0,50.0,alpha
748,0.7561932802200317,-0.23629269003868103,-27.329252243041992,-0.1660814732313156,0.8644668459892273,0.0018625259399414062,112,16,27,0.023908108472824097,0.49180327868852464,0.3,120,155,wall,both,1,1,1,1,1,1,0.0,3,3,0,alpha,full,huber,1.5234647409401476,-6.295269740981127,1.7987634673116943,1.3546172630258386,-6.73098151284193,1.8404637582432148,1.3469193471983,-6.714815834165105,1.8190548218619949,92.197124400384,0.023908108472824097,133,0.8307228684425354,1.0,1.0,disabled,single,3,row_5,row_6,-0.1660814732313156,-0.5880244970321655,0.5720313471758888,0.37512179834874104,0.8427119177010561,0.4219430238008499,0.3924800131175893,1,40,0,disabled,0,0.0,50.0,alpha
752,0.2891658842563629,-0.0345524400472641,-37.60541534423828,-0.32099729776382446,0.9510263800621033,0.17147010564804077,104,34,27,0.02125457674264908,0.47619047619047616,0.3,120,165,wall,both,1,1,1,1,1,1,0.0,3,3,0,alpha,full,huber,0.9456294885117622,-6.826683775938639,2.374467285925647,1.2511287118492622,-6.445002604193604,1.9194145170876533,1.258520353876383,-6.425527521283847,1.871626687614211,79.26149281445555,0.02125457674264908,92,0.9223790168762207,1.0,1.0,disabled,single,3,row_6,row_5,-0.32099729776382446,-0.6719017624855042,0.5601653605034769,0.39438498914711184,0.8320672701147778,0.3509044647216797,0.2585259544642775,1,41,0,disabled,0,0.0,50.0,alpha
756,0.403199702501297,-0.06717769056558609,-30.60499382019043,-0.2496243566274643,1.0598623752593994,0.0002637505531311035,124,41,29,0.03224210813641548,0.43604651162790703,0.3,120,194,wall,both,1,1,1,1,1,1,0.0,12,12,0,alpha,full,huber,1.1253956615948146,-5.193119743890934,1.7743008109916536,1.1492398047554298,-5.593797132231929,1.8995873542304351,1.0865306483447108,-5.607441681272917,1.9123808209727517,88.5506545361481,0.03224210813641548,143,0.5021182298660278,1.0,1.0,disabled,single,3,row_5,row_6,-0.2496243566274643,-0.45864003896713257,0.5297775652489589,0.42985225125190224,0.829071528056474,0.20901568233966827,0.38567369211176206,1,42,0,disabled,0,0.0,50.0,alpha
760,0.980574369430542,-0.3973248302936554,-26.195974349975586,-0.2173735648393631,0.9890265464782715,0.0006408095359802246,130,31,23,0.029559288173913956,0.44910179640718567,0.3,120,184,wall,both,1,1,1,1,1,1,0.0,9,9,0,alpha,full,huber,1.1322772109572419,-4.836319470113318,1.787134665000151,1.1949076124534392,-5.362459720024855,1.8130899881944949,1.1118575478318231,-5.376278422527255,1.8643897627712978,90.12068400513584,0.029559288173913956,138,1.0075246691703796,1.0,1.0,disabled,single,3,row_5,row_6,-0.2173735648393631,-0.5044183135032654,0.5454018228373058,0.40931214838693714,0.8364187496177659,0.2870447486639023,0.38885890153425673,0,42,0,disabled,0,0.0,50.0,alpha
764,0.9231925010681152,-0.35218364000320435,-25.69447135925293,-0.21175074577331543,0.9760328531265259,0.0036017298698425293,136,22,33,0.031534433364868164,0.4398826979472141,0.3,120,191,wall,both,1,1,1,1,1,1,0.0,9,9,0,alpha,full,huber,1.1295926224589161,-4.746788089120367,1.8226116643434764,0.9599314513167579,-4.635515159188621,1.8724730910269423,0.9270517857604921,-4.633972037587665,1.874761473959035,61.463222450817284,0.031534433364868164,80,0.9041148722171783,1.0,1.0,disabled,single,3,row_5,row_6,-0.21175074577331543,-0.5125300884246826,0.5480794553348304,0.40571093581559986,0.8376515864106625,0.3007793426513672,0.38958426528413925,0,42,0,disabled,0,0.0,50.0,alpha
768,0.6343799829483032,-0.16629667580127716,-31.76140594482422,-0.3110257685184479,1.1830536127090454,1.3887882232666016e-05,115,30,33,0.01907065138220787,0.4573170731707317,0.3,120,178,wall,both,1,1,1,1,1,1,0.0,9,9,0,alpha,full,huber,0.6827024142123228,-4.065642382951876,1.7217043875029496,0.6277409519073031,-3.7281863443478205,1.86989443300331,0.6184916078517502,-3.676926142274934,1.8778490659745088,83.4772035704629,0.01907065138220787,97,0.9602704048156738,1.0,1.0,disabled,single,3,row_6,row_5,-0.3110257685184479,-0.37760642170906067,0.5005007588587157,0.4682622310560249,0.809975007088968,0.06658065319061279,0.3811203955083332,1,43,0,disabled,0,0.0,50.0,alpha
772,0.3266015350818634,-0.04407791793346405,-32.157936096191406,-0.16865281760692596,0.7643756866455078,0.09751754999160767,108,3,37,0.01723315194249153,0.5033557046979865,0.3,120,148,wall,both,1,1,1,1,1,1,0.0,5,5,0,alpha,full,huber,0.046617207800833046,-2.8670318208967664,1.314224051066792,0.28716204292208036,-2.8281233278077953,1.9007527379032738,0.3038092733943175,-2.7923644443264717,1.894635654752972,92.83906620494213,0.01723315194249153,107,0.8042399883270264,1.0,1.0,disabled,single,3,row_6,row_5,-0.16865281760692596,-0.6999281048774719,0.5888089306360037,0.3461341606856714,0.8568559869258813,0.531275287270546,0.36100072655518367,0,43,0,disabled,0,0.0,50.0,alpha
776,0.13225163519382477,-0.007227477617561817,-30.592819213867188,-0.11972074210643768,0.6829810738563538,0.06273162364959717,114,13,11,0.013672098517417908,0.5208333333333334,0.3,120,138,wall,both,1,1,1,1,1,1,0.0,7,7,0,alpha,full,huber,-1.5375471385891673,-2.449600071682468,2.157290328511044,-0.12738104013181534,-2.1383926761933303,2.0039960123925855,-0.04474187308537146,-2.1008028833692065,1.9610574449092244,198.3259597990223,0.013672098517417908,224,1.7437378764152527,1.0,1.0,disabled,single,3,row_6,row_7,-0.11972074210643768,-0.7552024722099304,0.6087035103453429,0.32241823600845354,0.8513999557307117,0.6354817301034927,0.3767032344377217,0,43,0,disabled,0,0.0,50.0,alpha
780,0.0,0.0,-28.435932159423828,-0.15396858751773834,0.8307657241821289,0.012095093727111816,111,19,17,0.00869790930300951,0.02,0.3,120,147,wall,both,1,1,1,1,1,1,0.0,5,5,0,alpha,full,huber,0.670422603997794,-1.3467276097556518,1.9080939141409097,-0.2832786640278933,-1.3477806779303572,1.9535135037296656,-0.3197686295132418,-1.3369920503884025,1.9715855389460364,214.00934639335892,0.008697910234332085,250,inf,0.0,1.0,disabled,single,3,row_5,row_6,-0.15396858751773834,-0.6245346069335938,0.5789578758911076,0.36164522950800804,0.8519495163017159,0.4705660194158554,0.3925569697485688,1,44,0,disabled,0,0.0,50.0,alpha
784,0.0,0.0,-27.597084045410156,-0.26204487681388855,1.0859034061431885,0.0009225010871887207,112,14,31,0.013706947676837444,0.02,0.3,120,157,wall,both,1,1,1,1,1,1,0.0,5,5,0,alpha,full,huber,0.18185783129196298,-0.08831516716488164,1.7921789452634975,-0.21147390138240724,-0.7377802148310861,1.891922090629095,-0.35905263792780917,-0.774145972785647,1.9151626997808409,193.18428228019334,0.013706948608160019,250,inf,0.0,1.0,disabled,single,3,row_5,row_6,-0.26204487681388855,-0.44491663575172424,0.5241258213207721,0.4365312712399862,0.8277279041074035,0.1828717589378357,0.3839786296463109,0,44,0,disabled,0,0.0,50.0,alpha
788,0.0,0.0,-26.967639923095703,-0.2617298364639282,1.0852574110031128,0.00018274784088134766,105,18,37,0.0347946435213089,0.02,0.3,120,160,wall,both,1,1,1,1,1,1,0.0,7,7,0,alpha,full,huber,0.12873296194552436,0.20989951359530362,1.768339893834213,-0.020079663389147212,-0.3112136217357774,1.837941061509485,-0.21052100229115225,-0.41385149934567833,1.8748486203874073,113.32736927391355,0.0347946435213089,250,inf,0.0,1.0,disabled,single,3,row_5,row_6,-0.2617298364639282,-0.44877269864082336,0.525087937948451,0.43551223378040615,0.8276868286292032,0.18704286217689514,0.38245969309909456,0,44,0,disabled,0,0.0,50.0,alpha
792,0.9654470682144165,-0.385160356760025,-25.0642147064209,-0.25826454162597656,1.078047275543213,0.0004995465278625488,97,8,41,0.014133480377495289,0.5067567567567568,0.3,120,146,wall,both,1,1,1,1,1,1,0.0,5,5,0,alpha,full,huber,0.21214777937974771,-0.21200727713962902,1.780832214270518,-0.09022235477522375,-0.04336468314316368,1.917433018241196,-0.18803496738789566,-0.07088444909189182,1.8955382885216174,183.8886567960122,0.014133480377495289,250,1.050898015499115,1.0,1.0,disabled,single,3,row_5,row_6,-0.25826454162597656,-0.44841837882995605,0.5255998773550244,0.4345827592390129,0.8285908646863254,0.1901538372039795,0.3849505035285866,0,44,0,disabled,0,0.0,50.0,alpha
796,1.080188274383545,-0.4821515381336212,-24.87950325012207,-0.247201070189476,1.0547051429748535,0.0003215670585632324,98,13,37,0.013085851445794106,0.5033557046979865,0.3,119,148,wall,both,1,1,1,1,1,1,0.0,8,8,0,alpha,full,huber,0.0761122446860589,0.673821732077347,1.7745846100537168,-0.2634652203808981,0.23044915645988392,1.9843146449723703,-0.27619284655546483,0.23347904075347922,1.9409640364696976,190.4718759337388,0.013085849583148956,250,0.9880098700523376,1.0,1.0,disabled,single,3,row_5,row_6,-0.247201070189476,-0.47372061014175415,0.5333745607351527,0.42526154430036395,0.8306212590127753,0.22651953995227814,0.38133029084208425,0,44,0,disabled,0,0.0,50.0,alpha
800,1.5590763092041016,-1.0044293403625488,-27.49087142944336,-0.21571661531925201,0.985222339630127,0.0018329024314880371,112,13,27,0.013955005444586277,0.49668874172185423,0.3,120,152,wall,both,1,1,1,1,1,1,0.0,5,5,0,alpha,full,huber,0.17801025538510956,0.5002973133421073,1.8097778709147105,-0.4321446599055941,0.5074625440031142,1.9862490376828357,-0.4252055765095291,0.5471341120768917,1.9636618930222438,195.71459257178807,0.013955003581941128,250,1.2675079107284546,1.0,1.0,disabled,single,3,row_5,row_6,-0.21571661531925201,-0.5175600647926331,0.5484814510782468,0.4055767029447325,0.836948025215879,0.30184344947338104,0.3848852020613647,0,44,0,disabled,0,0.0,50.0,alpha
804,0.7853432893753052,-0.25486117601394653,-22.480648040771484,-0.2315083146095276,1.020574927330017,0.0034152865409851074,102,6,27,0.015873480588197708,0.5263157894736842,0.3,120,135,wall,both,1,1,1,1,1,1,0.0,6,6,0,alpha,full,huber,-2.524426599839089,1.143931753322958,1.8234552935293946,-0.8133756751562122,0.9352637637238893,2.041912956040612,-0.7280438687076068,0.9762011698038966,2.009947628602662,204.6440247598079,0.015873480588197708,250,1.8757718801498413,1.0,1.0,disabled,single,3,row_6,row_7,-0.2315083146095276,-0.49680987000465393,0.5417373872432231,0.41549883200918525,0.8317874887469405,0.26530155539512634,0.3814656057348236,1,45,0,disabled,0,0.0,50.0,alpha
808,0.7481298446655273,-0.23128028213977814,-33.88706970214844,-0.06629520654678345,0.4274009168148041,0.07935285568237305,132,10,18,0.009437980130314827,0.48387096774193555,0.3,113,160,wall,both,1,1,1,1,1,1,0.0,6,6,0,alpha,full,huber,-1.9342632582326411,1.212009137728808,2.1418460776556403,-0.9682769525223052,1.302705411257033,1.9869234243064937,-0.9459533561439688,1.338391298837108,1.9865478104168517,213.4900027467242,0.009437980130314827,250,0.9539842903614044,1.0,1.0,disabled,single,3,row_6,row_7,-0.06629520654678345,-0.9863365888595581,0.6444339634550903,0.2568085776056389,0.8608973433410422,0.9200413823127747,0.37308771697348625,0,45,0,disabled,0,0.0,50.0,alpha
812,0.3622177839279175,-0.05421559140086174,-21.75664710998535,-0.32799986004829407,1.2148855924606323,0.001688241958618164,106,7,29,0.015036564320325851,0.5136986301369862,0.3,120,142,wall,both,1,1,1,1,1,1,0.0,4,4,0,alpha,full,huber,-0.3363836566332178,2.0624024485270978,1.806832521090282,-0.738061828001013,2.0607602300415824,1.880990090980204,-0.9606372748097742,2.027943904219805,1.9482362513375167,160.5241003492744,0.015036564320325851,250,0.7400833070278168,1.0,1.0,disabled,single,3,row_5,row_6,-0.32799986004829407,-0.37057068943977356,0.4936196914215054,0.4730468990411429,0.8159682906507506,0.04257082939147949,0.37799005365883975,1,46,0,disabled,0,0.0,50.0,alpha
816,0.4054614305496216,-0.06793346256017685,-31.71466827392578,-0.12731456756591797,0.756134033203125,0.008004724979400635,100,11,25,0.010151226073503494,0.5244755244755245,0.3,120,136,wall,both,1,1,1,1,1,1,0.0,4,4,0,alpha,full,huber,-1.0636474076436115,3.165084398237328,1.616816606813182,-1.0466183376783889,3.369797269388987,1.819765277781567,-1.24733156376686,3.3698385433171882,1.855416708519444,195.76010623452834,0.010151226073503494,250,0.8146360814571381,1.0,1.0,disabled,single,3,row_6,row_5,-0.12731456756591797,-0.6731400489807129,0.5928712427081951,0.34348785875733645,0.8522911829831368,0.5458254814147949,0.39546346464830373,1,47,0,disabled,0,0.0,50.0,alpha
820,0.22512640058994293,-0.0209429319947958,-28.419675827026367,-0.33234602212905884,1.2229294776916504,0.00018960237503051758,93,18,42,0.00985238328576088,0.49504950495049505,0.3,120,153,wall,both,1,1,1,1,1,1,0.0,4,4,0,alpha,full,huber,-0.842469719927837,4.784936502192073,1.7494351238189436,-1.0631058559389124,4.863623946437572,1.7080775482850385,-1.3305648222501114,4.8222491447873805,1.767134486132833,170.14753810690456,0.00985238328576088,240,0.6226435601711273,1.0,1.0,disabled,single,3,row_5,row_6,-0.33234602212905884,-0.36982864141464233,0.4925067221243814,0.4743879705703699,0.8154066618086842,0.037482619285583496,0.37590114735056557,1,48,0,disabled,0,0.0,50.0,alpha
824,0.30579808354377747,-0.038641516119241714,-26.905174255371094,-0.2931630611419678,1.1485790014266968,4.5299530029296875e-06,78,0,48,0.01326330378651619,0.5434782608695653,0.3,120,126,wall,both,1,1,1,1,1,1,0.0,2,2,0,alpha,full,huber,-1.0810160518616723,6.379190727406226,1.7422875771810036,-1.235076287852333,6.804409628138135,1.7292159904361437,-1.4591802789460122,6.8231144487447075,1.754632999762487,164.99474968980016,0.01326330378651619,250,0.6960944533348083,1.0,1.0,disabled,single,3,row_5,row_6,-0.2931630611419678,-0.39622363448143005,0.5077786950688647,0.45805311073395555,0.8171282131935603,0.10306057333946228,0.384546504808417,0,48,0,disabled,0,0.0,50.0,alpha
828,0.37985995411872864,-0.059625450521707535,0.0,-0.20352518558502197,0.9563425183296204,0.008322954177856445,0,0,0,0.006540847942233086,0.5,0.3,0,0,wall,both,1,1,1,1,1,1,0.0,0,0,0,alpha,full,huber,-1.9475883771095943,8.592872077153629,1.6290523710204532,-1.5453509760082063,8.34900463929565,1.8161827401754895,-1.6303653801292823,8.328127196363203,1.820585423530055,214.9204946266257,0.006540847942233086,250,0.8725120425224304,1.0,1.0,disabled,single,3,row_6,row_5,-0.20352518558502197,-0.6237342953681946,0.570287281910003,0.37462709857737403,0.8477857106185438,0.4202091097831726,0.3580898561846665,1,49,0,disabled,0,0.0,50.0,alpha
832,0.11021058261394501,-0.005019162315875292,0.0,-0.14459678530693054,0.770550012588501,0.05567735433578491,0,0,0,0.008405783213675022,0.5,0.3,0,0,wall,both,1,1,1,1,1,1,0.0,0,0,0,alpha,full,huber,-1.046927493664509,8.50409492940951,2.083168296126404,-1.4424382343393392,8.836831779282438,1.8015675907498738,-1.591096102448641,8.85913506820807,1.81570184191248,196.65624915732923,0.008405783213675022,250,0.9246198236942291,1.0,1.0,disabled,single,3,row_5,row_6,-0.14459678530693054,-0.6892076134681702,0.592407890063201,0.343636555089538,0.8530735804247862,0.5446108281612396,0.37896309255999217,1,50,0,disabled,0,0.0,50.0,alpha
836,0.19577297568321228,-0.01583762653172016,0.0,-0.301249623298645,1.1640547513961792,0.005714237689971924,0,0,0,0.010549385100603104,0.5,0.3,0,0,wall,both,1,1,1,1,1,1,0.0,0,0,0,alpha,full,huber,-2.392934417992154,9.16025116084907,1.8651163412723655,-1.8826938918185978,9.689398202665217,1.8945241601745446,-1.8647606470672105,9.769063747923996,1.854630285094359,194.78314675626362,0.010549385100603104,250,1.063208520412445,1.0,1.0,disabled,single,3,row_6,row_5,-0.301249623298645,-1.1019173860549927,0.6288323259992389,0.2823639625386801,0.8637979521841264,0.8006677627563477,0.16264100685802585,1,51,0,disabled,0,0.0,50.0,alpha
840,0.44749268889427185,-0.08274780958890915,0.0,-0.6081568598747253,1.615846872329712,0.0827411413192749,0,0,0,0.009730028919875622,0.5,0.3,0,0,wall,both,1,1,1,1,1,1,0.0,0,0,0,alpha,full,huber,-0.6153414150451024,10.04613519255261,1.3382481953762273,-1.6395643282876737,10.17534808630688,1.9450864080977106,-1.7981306236834285,10.188701171183329,1.9728113792749635,174.9734363829307,0.009730028919875622,229,1.1509590148925781,1.0,1.0,disabled,single,3,row_5,row_6,-0.6081568598747253,-1.91534423828125,0.6588430086147862,0.17826975863453348,0.8779250180571833,1.3071873784065247,-0.1908868603299167,1,52,0,disabled,0,0.0,50.0,alpha
844,0.22353489696979523,-0.020647872239351273,0.0,-1.3591759204864502,2.472278356552124,0.014996886253356934,0,0,0,0.007261247839778662,0.5,0.3,0,0,wall,both,1,1,1,1,1,1,0.0,0,0,0,alpha,full,huber,-1.7096464784847496,10.481131523009564,1.921306103268349,-1.8333608062366373,10.678820946490916,2.2930723492459846,-1.9260165234060922,10.71348066110373,2.3075840424923424,197.5662418012642,0.007261248305439949,250,0.5646656155586243,1.0,1.0,disabled,single,3,row_5,row_6,-1.3591759204864502,-1.5501042604446411,0.5236603279910929,0.4326438642419631,0.8380385270576045,0.19092833995819092,-0.7122638866094495,0,52,0,disabled,0,0.0,50.0,alpha
848,0.5368543863296509,-0.11909613013267517,-49.21209716796875,-4.849564552307129,3.8911807537078857,0.6031453609466553,15,0,70,0.013899018988013268,0.6382978723404256,0.3,85,85,wall,both,1,1,1,1,1,1,0.0,3,3,0,alpha,full,huber,-2.4705284652524666,11.929242213441674,2.9208701809126625,-2.4762353649053805,11.560377106446673,3.033951503241868,-2.556593891275953,11.540771858075972,3.07913238995381,136.53559779288844,0.013899018988013268,250,1.1645821332931519,1.0,1.0,disabled,single,3,row_6,row_5,-4.849564552307129,-5.265874862670898,0.5757534282670457,0.37969533561100216,0.8241552460127753,0.41631031036376953,-4.2974887664449595,1,53,1,disabled,0,0.0,50.0,alpha
852,0.6602964997291565,-0.1801617592573166,-47.71023178100586,-1.7174580097198486,2.550710678100586,0.2579822540283203,11,0,103,0.03177811577916145,0.5681818181818182,0.3,114,114,wall,both,1,1,1,1,1,1,0.0,1,1,0,alpha,full,huber,-2.8126538119833446,10.596367893252351,-2.118152516910424,-3.1298066990223683,11.259603394737763,-2.554584894501534,-3.1316322610461373,11.402375721643667,-2.605552488804701,87.57964150215867,0.03177811950445175,224,1.7890135645866394,1.0,1.0,disabled,single,3,row_6,row_5,-1.7174580097198486,-2.694380760192871,0.6427554000557103,0.2419767136946605,0.8764720710282805,0.9769227504730225,-1.2754669783353263,0,53,1,disabled,0,0.0,50.0,alpha
856,0.10680193454027176,-0.004713493399322033,-48.700927734375,-1.2715704441070557,2.384204387664795,0.045266807079315186,13,4,112,0.01684444025158882,0.5376344086021506,0.3,119,129,wall,both,1,1,1,1,1,1,0.0,5,5,0,alpha,full,huber,-3.696229824376573,10.227775351571697,-1.6854659185295358,-3.609742267153255,10.632100743700397,-1.9630285073612277,-3.5977468527962593,10.858038832137463,-2.044008649899588,92.76902272358787,0.01684444025158882,196,0.8303387463092804,1.0,1.0,disabled,single,3,row_6,row_7,-1.2715704441070557,-2.001915693283081,0.6195774723060606,0.2984768872714398,0.8624832325062921,0.7303452491760254,-0.7928529145593604,0,53,0,disabled,0,0.0,50.0,alpha
860,0.9021188020706177,-0.33628857135772705,-47.572391510009766,-1.6478588581085205,2.6591644287109375,0.13689517974853516,23,0,98,0.05504909157752991,0.5535055350553506,0.3,112,121,wall,both,1,1,1,1,1,1,0.0,9,9,0,alpha,full,huber,-4.661588544906131,10.234270184449894,-1.9493212621126936,-4.006893192860557,10.105533845799076,-1.61522115900848,-3.91683015109269,10.260469112462674,-1.641183716813973,34.14557023402826,0.055049099028110504,83,1.573116660118103,1.0,1.0,disabled,single,3,row_7,row_6,-1.6478588581085205,-1.9891618490219116,0.5567437292669708,0.3957576591409099,0.837636808011884,0.3413029909133911,-1.0622086220966516,1,54,1,disabled,0,0.0,50.0,alpha
864,0.3422386348247528,-0.048399705439805984,-45.52455139160156,-1.2844398021697998,2.399876356124878,0.03346717357635498,17,0,92,0.07584097981452942,0.5791505791505792,0.3,96,109,wall,both,1,1,1,1,1,1,0.0,8,8,0,alpha,full,huber,-4.809771433584042,9.997624814466311,-1.679354451942442,-4.366499933170476,10.005778516431022,-1.5613064671908372,-4.1716171549019645,10.01445716464765,-1.5017745636527466,31.435045809251285,0.07584098726511002,80,0.78852379322052,1.0,1.0,disabled,single,3,row_7,row_6,-1.2844398021697998,-1.8119820356369019,0.5893120547132942,0.3477255830176485,0.8530495679455805,0.527542233467102,-0.7556403708095726,0,54,0,disabled,0,0.0,50.0,alpha
868,0.6540075540542603,-0.17674623429775238,-42.436370849609375,-1.0209602117538452,2.143435001373291,0.0006498098373413086,21,2,99,0.024722173810005188,0.551470588235294,0.3,120,122,wall,both,1,1,1,1,1,1,0.0,5,5,0,alpha,full,huber,-4.682684498043516,9.710740668034195,-1.4559625777502232,-4.521068549485386,9.655023622615005,-1.4438014206805179,-4.349288222181647,9.606630311782105,-1.3567985791240873,66.94885844974677,0.024722173810005188,87,0.8667777180671692,1.0,1.0,disabled,single,3,row_7,row_6,-1.0209602117538452,-1.4601380825042725,0.5737315985862947,0.36980795040687225,0.8489154616048691,0.43917787075042725,-0.46536662145138963,0,54,0,disabled,0,0.0,50.0,alpha
872,0.06809109449386597,-0.001915866625495255,-47.99986267089844,-0.6618949770927429,1.7236844301223755,0.02012556791305542,42,2,83,0.035014718770980835,0.5415162454873647,0.3,78,127,wall,both,1,1,1,1,1,1,0.0,8,8,0,alpha,full,huber,-4.535159667411445,9.222953454702113,-1.6208754767988416,-4.488761925915557,9.185679085944152,-1.4003868355413303,-4.391958153309134,9.218472861511898,-1.2785901970062579,38.48001996344167,0.035014718770980835,80,0.3489534854888916,1.0,1.0,disabled,single,3,row_7,row_6,-0.6618949770927429,-1.032475471496582,0.5611861178993728,0.3874055654620464,0.8441464785655223,0.3705804944038391,-0.08419230957425206,0,54,0,disabled,0,0.0,50.0,alpha
876,1.0590510368347168,-0.4634665548801422,-42.740325927734375,-0.3329482972621918,1.22006094455719,0.0230027437210083,52,4,84,0.03672491014003754,0.5172413793103449,0.3,107,140,wall,both,1,1,1,1,1,1,0.0,11,11,0,alpha,full,huber,-4.800045272878034,8.784437147238252,-1.2050087931654134,-4.5090396009609375,8.794433868075394,-1.3538788450766353,-4.406640721829463,8.819994018049734,-1.2763027796815003,61.5873347994202,0.036724913865327835,80,1.3837882280349731,1.0,1.0,disabled,single,3,row_7,row_6,-0.3329482972621918,-1.0715984106063843,0.6207970482587984,0.29659100457634313,0.8624439418185414,0.7386501133441925,0.14380276760000038,0,54,0,disabled,0,0.0,50.0,alpha
880,0.6738386154174805,-0.18762746453285217,-36.68358612060547,-0.18065591156482697,0.8939223885536194,0.02746438980102539,62,9,60,0.039741624146699905,0.5338078291814947,0.3,94,131,wall,both,1,1,1,1,1,1,0.0,11,11,0,alpha,full,huber,-4.322296128052479,7.84971923757414,-1.185001939063811,-4.3904825596809305,8.081883477472223,-1.2680253584660095,-4.315559002420028,8.143043496764275,-1.2316667506407024,55.63761644190847,0.039741624146699905,80,1.02260023355484,1.0,1.0,disabled,single,3,row_7,row_6,-0.18065591156482697,-0.5716755390167236,0.5648329041588884,0.38203426941828067,0.8462001558711707,0.39101962745189667,0.39056942486352697,0,54,0,disabled,0,0.0,50.0,alpha
884,0.32191595435142517,-0.04282226413488388,-34.915557861328125,-0.32674115896224976,1.2122035026550293,0.0069918036460876465,80,15,58,0.026949426159262657,0.49504950495049505,0.3,120,153,wall,both,1,1,1,1,1,1,0.0,11,11,0,alpha,full,huber,-3.789772989411791,7.107476698158119,-1.283326163204823,-4.080443156994433,7.164681984499606,-1.2494872530987506,-4.040636900268073,7.192173151861024,-1.230469053988039,62.67526279226654,0.026949426159262657,80,0.4377167820930481,1.0,1.0,disabled,single,3,row_6,row_7,-0.32674115896224976,-0.378432035446167,0.4960004393230954,0.4710131137439479,0.8149346530233675,0.051690876483917236,0.37443730756330484,1,55,0,disabled,0,0.0,50.0,alpha
888,0.4328366816043854,-0.07741636037826538,-38.026580810546875,-0.27479907870292664,1.0548827648162842,0.08210492134094238,76,8,61,0.025817085057497025,0.5084745762711864,0.3,120,145,wall,both,1,1,1,1,1,1,0.0,12,12,0,alpha,full,huber,-3.881511947818475,6.274508590804548,-0.966605971668498,-3.745890044334967,6.224771763128201,-1.2619509248687018,-3.728251646190087,6.23572424668295,-1.2589139113627803,70.6012003283455,0.025817085057497025,80,0.7188810408115387,1.0,1.0,disabled,single,3,row_7,row_6,-0.27479907870292664,-0.49804502725601196,0.5331955521339323,0.4265127657414778,0.8281473474320186,0.22324594855308533,0.35406795384378564,1,56,0,disabled,0,0.0,50.0,alpha
892,0.30636459589004517,-0.03878482058644295,-32.474281311035156,-0.19072629511356354,0.9264156818389893,0.001100778579711914,80,19,49,0.03569832816720009,0.5033557046979865,0.3,116,148,wall,both,1,1,1,1,1,1,0.0,11,11,0,alpha,full,huber,-3.1384254022835187,5.026946785902627,-1.4401052137859573,-3.0615555040576234,4.961674344195033,-1.3063903659450637,-3.1501877827842266,4.879357387385915,-1.351148756922445,53.44163487166816,0.03569833189249039,80,0.5197905600070953,1.0,1.0,disabled,single,3,row_6,row_7,-0.19072629511356354,-0.53597092628479,0.5564416270497621,0.3939868925284951,0.8420859727635666,0.3452446311712265,0.39546671164697,1,57,0,disabled,0,0.0,50.0,alpha
896,0.9622540473937988,-0.38261687755584717,-29.907211303710938,-0.2557509243488312,1.0727883577346802,0.00048357248306274414,95,11,36,0.03337140008807182,0.5136986301369862,0.3,120,142,wall,both,1,1,1,1,1,1,0.0,10,10,0,alpha,full,huber,-3.1860113571685447,4.4635936851720155,-1.424280028343467,-2.821447748614525,4.273155325617183,-1.3005654953742478,-2.886619841573629,4.175235633299327,-1.324613689970633,60.32989584887779,0.03337140008807182,80,1.294741928577423,1.0,1.0,disabled,single,3,row_6,row_7,-0.2557509243488312,-0.4390386939048767,0.5244079738159686,0.436584607371102,0.8268674244648145,0.18328776955604553,0.3897343972606454,0,57,0,disabled,0,0.0,50.0,alpha
900,1.9856963157653809,-1.6293346881866455,-34.15300750732422,-0.14094580709934235,0.777319610118866,0.040434956550598145,106,8,38,0.021002966910600662,0.49668874172185423,0.3,120,152,wall,both,1,1,1,1,1,1,0.0,10,10,0,alpha,full,huber,-2.8812642104756545,4.438215650004116,-1.678523138170457,-2.71422609570815,4.224412536742791,-1.2618360533715116,-2.7702099426923907,4.116349420338997,-1.2932861872131953,91.11131682454179,0.02100296877324581,107,2.2891716957092285,1.0,1.0,disabled,single,3,row_6,row_7,-0.14094580709934235,-0.6497575044631958,0.5867929038008936,0.35278551138494035,0.8499426530651613,0.5088116973638535,0.3921375187326014,0,57,0,disabled,0,0.0,50.0,alpha
904,0.5175880193710327,-0.11070139706134796,-28.250089645385742,-0.3248458504676819,1.2090463638305664,0.0008499026298522949,111,11,36,0.017089178785681725,0.48701298701298706,0.3,120,158,wall,both,1,1,1,1,1,1,0.0,12,12,0,alpha,full,huber,-3.123390209025204,3.46014096254115,-1.4115002787019824,-2.72470246247673,3.5237090838054153,-1.4648140803544438,-2.6531523641813255,3.467332220045375,-1.3790839905102228,109.97303633101136,0.017089176923036575,148,0.8258914351463318,1.0,1.0,disabled,single,3,row_6,row_7,-0.3248458504676819,-0.36848196387290955,0.4945392929812497,0.4734235746967869,0.812464048790339,0.04363611340522766,0.37928282058571905,0,57,0,disabled,0,0.0,50.0,alpha
908,1.5682523250579834,-1.0162874460220337,-28.51555061340332,-0.321967750787735,1.203670620918274,0.0013193488121032715,99,6,42,0.023401321843266487,0.5050505050505051,0.3,120,147,wall,both,1,1,1,1,1,1,0.0,13,13,0,alpha,full,huber,-3.1144536799367524,3.4431633103082953,-1.4216426790140846,-2.8805547652353045,3.558296961601903,-1.5483266583414843,-2.778223684761014,3.5173628279014655,-1.4637053244258533,99.33293303953897,0.023401321843266487,148,1.7120496034622192,1.0,1.0,disabled,single,3,row_6,row_7,-0.321967750787735,-0.371783584356308,0.4958842921467984,0.471786609093568,0.8131856645025868,0.049815833568573,0.379444910646044,0,57,0,disabled,0,0.0,50.0,alpha
912,0.15311291813850403,-0.009687423706054688,-27.753751754760742,-0.3379480540752411,1.2331926822662354,0.0003324151039123535,105,6,36,0.017062822356820107,0.5050505050505051,0.3,120,147,wall,both,1,1,1,1,1,1,0.0,9,9,0,alpha,full,huber,-3.041653895837032,2.928023109105653,-1.423948016796619,-3.035557807802194,2.9510927037648242,-1.586290360438474,-2.896336863719705,2.9880529379804166,-1.527331738727395,87.81394274836488,0.017062820494174957,127,0.3577292859554291,1.0,1.0,disabled,single,3,row_6,row_7,-0.3379480540752411,-0.35918688774108887,0.48954192401050844,0.47925426022128537,0.8103658873144348,0.02123883366584778,0.37633712000418285,0,57,0,disabled,0,0.0,50.0,alpha
916,1.5195075273513794,-0.954092264175415,-28.104263305664062,-0.2580725848674774,1.0775877237319946,0.002673923969268799,99,5,33,0.03182830661535263,0.5226480836236934,0.3,120,137,wall,both,1,1,1,1,1,1,0.0,5,5,0,alpha,full,huber,-3.103460325499929,2.225111142140537,-1.3951571544051515,-3.1203146882788233,2.437734715339062,-1.6047916522371024,-3.0100347059596393,2.4671776544621373,-1.5709160383720477,64.0325494748655,0.03182830661535263,80,1.7219926714897156,1.0,1.0,disabled,single,3,row_7,row_6,-0.2580435574054718,-0.44440120458602905,0.5245286578773471,0.435346566128695,0.8295263560303373,0.18635764718055725,0.3872116567632603,1,58,0,disabled,0,0.0,50.0,alpha
920,0.2041860669851303,-0.017228079959750175,-33.16151428222656,-0.2216690629720688,0.998754620552063,2.473592758178711e-05,88,18,35,0.03169979155063629,0.5154639175257733,0.3,120,141,wall,both,1,1,1,1,1,1,0.0,9,9,0,alpha,full,huber,-3.0914949784442567,1.4377620764635872,-1.3754723387759311,-3.144341696185347,1.6406236006537762,-1.488887031517205,-3.083944632460356,1.669399128657279,-1.4875771615348634,58.83868412582014,0.03169979155063629,80,0.5292870700359344,1.0,1.0,disabled,single,3,row_7,row_6,-0.2216690629720688,-0.520038902759552,0.5477364679970599,0.40643517032608567,0.8369241778540534,0.2983698397874832,0.3802919425460759,0,58,0,disabled,0,0.0,50.0,alpha
924,1.333696722984314,-0.7350194454193115,-33.79414367675781,-0.0823056697845459,0.6046909093856812,0.01603800058364868,110,18,25,0.0618702732026577,0.49504950495049505,0.3,120,153,wall,both,1,1,1,1,1,1,0.0,7,7,0,alpha,full,huber,-3.2994472966251163,0.4906394136564851,-1.1890976419081,-3.1055827532741214,0.8461299447683055,-1.4090112588396215,-3.0676745552077636,0.8788665980217267,-1.4330830003616437,53.69549006357486,0.0618702732026577,80,1.8647244572639465,1.0,1.0,disabled,single,3,row_7,row_6,-0.0823056697845459,-0.7999922037124634,0.6172656148480301,0.3011513286565041,0.8636859292812121,0.7176865339279175,0.400150183847109,0,58,0,disabled,0,0.0,50.0,alpha
928,0.9544785618782043,-0.37645840644836426,-37.60093688964844,-0.22817952930927277,1.0133153200149536,3.3974647521972656e-06,103,26,38,0.04900810122489929,0.47318611987381703,0.3,120,167,wall,both,1,1,1,1,1,1,0.0,7,7,0,alpha,full,huber,-2.711146756407126,-0.5221546056236296,-1.4158088461586482,-2.800225656188016,-0.1554849454839439,-1.3137036373456705,-2.85855213517304,-0.13757185527526067,-1.3676190767746368,52.81174421799006,0.04900810867547989,80,1.5165199637413025,1.0,1.0,disabled,single,3,row_7,row_6,-0.22817952930927277,-0.5047273635864258,0.541668736202661,0.4108001291714419,0.8423626062633717,0.276547834277153,0.3849211229025993,0,58,0,disabled,0,0.0,50.0,alpha
932,0.4286252558231354,-0.07591719180345535,-31.219791412353516,-0.1471685767173767,0.8063384294509888,0.02564215660095215,103,25,21,0.03211225941777229,0.5016722408026756,0.3,120,149,wall,both,1,1,1,1,1,1,0.0,5,5,0,alpha,full,huber,-2.815210790112151,-1.1860871007701903,-1.1862499675367848,-2.802326030670671,-0.9472998160017032,-1.38569372338959,-2.757207764338467,-0.9247337963650564,-1.375795770042501,60.304405247055385,0.03211226314306259,80,0.853495180606842,1.0,1.0,disabled,single,3,row_7,row_6,-0.1471685767173767,-0.6731051802635193,0.5871004031645709,0.34697726054496747,0.85920106500179,0.5259366035461426,0.3853908524897445,0,58,0,disabled,0,0.0,50.0,alpha
936,1.7719999551773071,-1.2975140810012817,-39.113948822021484,-0.06024171784520149,0.4820842444896698,0.04589170217514038,98,7,24,0.02515195682644844,0.5376344086021506,0.3,120,129,wall,both,1,1,1,1,1,1,0.0,3,3,0,alpha,full,huber,-4.000234427511083,-1.8934270510758728,-1.7009389702431998,-2.8523406249624252,-1.4584815897787191,-1.4237866146276885,-2.7717746234089358,-1.409455736697741,-1.3814310210839138,86.71253916644899,0.02515195682644844,112,2.6218401193618774,1.0,1.0,disabled,single,3,row_7,row_8,-0.06024171784520149,-0.8536948561668396,0.6286494825076828,0.2843257823117521,0.8618617203685968,0.7934531383216381,0.4039397212784185,0,58,0,disabled,0,0.0,50.0,alpha
940,1.6859912872314453,-1.174614429473877,-18.496850967407227,-0.28867238759994507,1.1397428512573242,0.000804901123046875,137,0,20,0.018825508654117584,0.4885993485342019,0.3,120,157,wall,both,1,1,1,1,1,1,0.0,5,5,0,alpha,full,huber,-2.2095803904928264,-2.6232992353774915,-1.3247054288195979,-2.488746306664787,-2.5525529009963046,-1.2759723681357686,-2.523124273125052,-2.5233095891106405,-1.3138272136064302,115.59664608608871,0.018825508654117584,164,2.0468829870224,1.0,1.0,disabled,single,3,row_7,row_6,-0.28867238759994507,-0.42131486535072327,0.5122022185293454,0.4485755094826777,0.8293165786602292,0.1326424777507782,0.3803633862529624,0,58,0,disabled,0,0.0,50.0,alpha
944,0.5497179627418518,-0.12487183511257172,-20.276466369628906,-0.21718458831310272,0.9885786771774292,0.0015261173248291016,139,3,15,0.030235037207603455,0.4885993485342019,0.3,120,157,wall,both,1,1,1,1,1,1,0.0,4,4,0,alpha,full,huber,-2.2825467180934824,-2.9107925041080733,-1.3398352018911346,-2.1915966209966684,-3.153871585925206,-1.274795703734823,-2.252695350189847,-3.20533874259025,-1.2941190458864498,68.22678937159948,0.030235037207603455,92,0.9945022463798523,1.0,1.0,disabled,single,3,row_7,row_6,-0.21718458831310272,-0.5091192722320557,0.5451457158793852,0.40712425903207944,0.8418019600798534,0.29193468391895294,0.389517563156373,0,58,0,disabled,0,0.0,50.0,alpha
948,1.0832735300064087,-0.4849097430706024,-28.114492416381836,-0.14117571711540222,0.7928445935249329,0.019082307815551758,108,21,23,0.04932789504528046,0.49668874172185423,0.3,120,152,wall,both,1,1,1,1,1,1,0.0,2,2,0,alpha,full,huber,-2.215807723321556,-4.516589015411328,-1.206917952848255,-1.995960773278369,-4.02627775968795,-1.2353179762294648,-2.0156545150572307,-3.994355988367463,-1.2552431958668075,53.46465167995475,0.04932789504528046,80,1.6916453838348389,1.0,1.0,disabled,single,3,row_7,row_6,-0.14117571711540222,-0.6826900839805603,0.5907041126187091,0.34371089059844734,0.8567181699197693,0.5415143668651581,0.38526432529792887,0,58,0,disabled,0,0.0,50.0,alpha
952,1.0121328830718994,-0.42331117391586304,-31.39165496826172,-0.17534887790679932,0.8849027156829834,0.018099665641784668,110,29,29,0.036897093057632446,0.4716981132075471,0.3,120,168,wall,both,1,1,1,1,1,1,0.0,2,2,0,alpha,full,huber,-2.027361654698541,-5.076438902822812,-1.2120381446881001,-1.8559050841302462,-4.682939710320479,-1.2264836651378357,-1.8597497107068235,-4.58150171947274,-1.2394648368152361,57.158038052625784,0.036897093057632446,80,1.6072835326194763,1.0,1.0,disabled,single,3,row_7,row_6,-0.17534887790679932,-0.6076257228851318,0.5714386551583954,0.37088064247171126,0.8521966303367549,0.4322768449783325,0.3842492636571294,0,58,0,disabled,0,0.0,50.0,alpha
956,0.7606287002563477,-0.23907272517681122,-30.674619674682617,-0.21254000067710876,0.9779468774795532,0.0016492605209350586,96,11,52,0.03180583566427231,0.4854368932038835,0.3,120,159,wall,both,1,1,1,1,1,1,0.0,2,2,0,alpha,full,huber,-1.8664383540947873,-5.436520588659017,-1.4231841280019557,-1.7743917505618954,-5.125639315142155,-1.2380818636896556,-1.7652547350161167,-5.018993286561307,-1.23713346281841,61.28993101588197,0.03180583566427231,80,1.1765297651290894,1.0,1.0,disabled,single,3,row_7,row_6,-0.21254000067710876,-0.5345826148986816,0.5508822612255994,0.3992063655640423,0.8446464295539375,0.3220426142215729,0.38369417397157035,0,58,0,disabled,0,0.0,50.0,alpha
960,0.5296616554260254,-0.11592623591423035,-29.901775360107422,-0.30143946409225464,1.1646784543991089,0.0002976059913635254,97,25,48,0.0354069359600544,0.46875,0.3,120,170,wall,both,1,1,1,1,1,1,0.0,3,3,0,alpha,full,huber,-1.6372645601887565,-5.621380574403866,-1.34134609901248,-1.6064874834297944,-5.470727931889669,-1.2331886740751965,-1.6371961944511915,-5.384971555556715,-1.2421216911527346,65.52848363811809,0.035406939685344696,92,0.7787606418132782,1.0,1.0,disabled,single,3,row_7,row_6,-0.30143946409225464,-0.4099479615688324,0.5076892561203953,0.45548421523365124,0.8239295888583262,0.10850849747657776,0.3764462550269151,0,58,0,disabled,0,0.0,50.0,alpha
964,1.2521060705184937,-0.6478387117385864,-34.072288513183594,-0.21548230946063995,0.8722196221351624,0.10664719343185425,96,39,38,0.02497032843530178,0.46439628482972134,0.3,120,173,wall,both,1,1,1,1,1,1,0.0,2,2,0,alpha,full,huber,-1.0497582278594684,-6.141890144498486,-0.9266361531557008,-1.361588678667528,-5.843846722408943,-1.1393776708360115,-1.427637288713043,-5.807344619139348,-1.16281650913912,68.42696189621347,0.02497032843530178,87,1.7666534185409546,1.0,1.0,disabled,single,3,row_6,row_7,-0.21548230946063995,-0.6299793720245361,0.5695796310562413,0.37630558403661535,0.8462091412822685,0.4144970625638962,0.347374370146984,1,59,0,disabled,0,0.0,50.0,alpha
968,0.5872679948806763,-0.1425139307975769,-34.9245719909668,-0.2344227284193039,1.0267713069915771,0.0059168338775634766,95,24,48,0.03300575539469719,0.47318611987381703,0.3,120,167,wall,both,1,1,1,1,1,1,0.0,3,3,0,alpha,full,huber,-1.164402580783295,-6.377368339627267,-1.2838442194115232,-1.142576002803911,-6.232606327891334,-1.1535716233564646,-1.210847225161558,-6.180067764181499,-1.1874624025445997,54.8565511917632,0.03300575539469719,80,0.7789729535579681,1.0,1.0,disabled,single,3,row_6,row_7,-0.2344227284193039,-0.4826667308807373,0.5376169240278096,0.4194323573251307,0.8332710323717704,0.2482440024614334,0.3861862811429093,0,59,0,disabled,0,0.0,50.0,alpha
972,0.30641084909439087,-0.03879653289914131,-36.6103630065918,-0.11395711451768875,0.7127543091773987,0.016146063804626465,85,27,48,0.03405332192778587,0.48387096774193555,0.3,120,160,wall,both,1,1,1,1,1,1,0.0,2,2,0,alpha,full,huber,-0.7284782648927058,-6.952874510366445,-1.1815017108016603,-0.8634337214042074,-6.647401579147759,-1.089093842538175,-0.9550911275879141,-6.597481447555475,-1.1440021742099569,57.50227625156467,0.03405332565307617,80,0.617473304271698,1.0,1.0,disabled,single,3,row_6,row_7,-0.11395711451768875,-0.7210313677787781,0.6021478102295422,0.32813617629405245,0.8567681639082176,0.6070742532610893,0.39329521735090034,0,59,0,disabled,0,0.0,50.0,alpha
976,0.17569099366664886,-0.012755093164741993,-30.354402542114258,-0.23718410730361938,1.0314953327178955,0.013496756553649902,98,7,27,0.030695289373397827,0.5319148936170213,0.3,120,132,wall,both,1,1,1,1,1,1,0.0,1,1,0,alpha,full,huber,-1.0471738996828106,-6.986575724044673,-1.1969620850960725,-0.7402359224954975,-7.055390288220372,-1.0801664488200005,-0.7399021844872251,-7.062677793855308,-1.109687532717679,58.51410065250195,0.03069528564810753,80,0.6113618612289429,1.0,1.0,disabled,single,3,row_6,row_7,-0.23718410730361938,-0.4875129163265228,0.5376669376081383,0.418597770685946,0.8350385844445922,0.25032880902290344,0.3833318783006435,0,59,0,disabled,0,0.0,50.0,alpha
980,0.8604814410209656,-0.30596211552619934,0.0,-0.09650157392024994,0.6589767336845398,0.0006059408187866211,0,0,0,0.022953955456614494,0.5,0.3,0,0,wall,both,1,1,1,1,1,1,0.0,0,0,0,alpha,full,huber,-0.4704499547253279,-7.908563505655143,-1.396257695074144,-0.27830173259085766,-8.175044439728328,-1.1299538732153174,-0.227652284104221,-8.194515261940964,-1.0988129469510568,71.2379880910213,0.022953957319259644,87,1.3414289951324463,1.0,1.0,disabled,single,3,row_6,row_7,-0.09650157392024994,-0.7928383350372314,0.6139526939517858,0.30599878102954237,0.8639972481333441,0.6963367611169815,0.39133582556404634,0,59,0,disabled,0,0.0,50.0,alpha
984,1.4490344524383545,-0.8676450252532959,0.0,-0.04101809859275818,0.42637431621551514,0.012316763401031494,0,0,0,0.022080056369304657,0.5,0.3,0,0,wall,both,1,1,1,1,1,1,0.0,0,0,0,alpha,full,huber,-0.16095348176974208,-8.316202555755236,-1.5564456972525411,-0.09533093109698557,-8.641744434398579,-1.1500671661803468,-0.02975842862497669,-8.685596186844585,-1.12499803561799,80.70191435982639,0.022080058231949806,102,1.8816161751747131,1.0,1.0,disabled,single,3,row_6,row_7,-0.04101809859275818,-0.9682262539863586,0.642131885370283,0.25406383545313105,0.8676927659748744,0.9272081553936005,0.4019434688713757,0,59,0,disabled,0,0.0,50.0,alpha
988,1.0664088726043701,-0.46992889046669006,0.0,-0.2852603495121002,1.1327332258224487,0.00565338134765625,0,0,0,0.023421254009008408,0.5,0.3,0,0,wall,both,1,1,1,1,1,1,0.0,0,0,0,alpha,full,huber,-0.38644083432191656,-9.44175538330201,-1.2929498894779168,0.20805727038603844,-9.645520191211894,-1.169433649226382,0.32056615172493724,-9.672925758513447,-1.1390865512676736,89.60231076615607,0.023421254009008408,112,1.868048071861267,1.0,1.0,disabled,single,3,row_6,row_7,-0.2852603495121002,-0.7354012131690979,0.5776788607506137,0.3682924215399373,0.8425418136924642,0.4501408636569977,0.263476819440581,0,59,0,disabled,0,0.0,50.0,alpha
992,0.688812255859375,-0.19605882465839386,0.0,-0.9875010251998901,2.0910396575927734,0.06230807304382324,0,0,0,0.016244838014245033,0.5,0.3,0,0,wall,both,1,1,1,1,1,1,0.0,0,0,0,alpha,full,huber,-0.14696190630531414,-10.590187685387217,-1.7542027427103422,0.49266133216124364,-10.783013618745056,-1.6174084766030665,0.6576461759187622,-10.809699086390099,-1.57337253103836,122.15531586954161,0.016244838014245033,153,1.4958457946777344,1.0,1.0,disabled,single,3,row_6,row_7,-0.9875010251998901,-1.507274866104126,0.5936242468639407,0.35300163803823376,0.8335637658719074,0.5197738409042358,-0.46599228437945917,0,59,0,disabled,0,0.0,50.0,alpha
996,0.23593184351921082,-0.02300158515572548,-48.90666198730469,-2.7449820041656494,3.025667428970337,0.41725295782089233,2,0,88,0.02187543734908104,0.625,0.3,90,90,wall,both,1,1,1,1,1,1,0.0,1,1,0,alpha,full,huber,-1.0211135875032618,-11.779252605686809,2.778783963524063,0.02264362271165921,-11.839185042157023,-2.901864895750747,0.30711864207990175,-11.871267906893602,-2.794952031177302,93.35240664893317,0.02187543734908104,185,1.3497371673583984,1.0,1.0,disabled,single,3,row_7,row_6,-2.7449820041656494,-3.695305824279785,0.6605295061070963,0.2553711495084872,0.8307311370540037,0.9503238201141357,-2.3302685205282723,1,60,1,disabled,0,0.0,50.0,alpha
1000,0.5751410126686096,-0.13668891787528992,-49.6901741027832,-1.4212721586227417,2.52897310256958,0.001034855842590332,1,2,132,0.022768191993236542,0.5263157894736842,0.3,120,135,wall,both,1,1,1,1,1,1,0.0,4,4,0,alpha,full,huber,-1.8808551238027043,-11.484667291677036,1.8755903669977574,-1.1589650617725615,-11.907105908026516,2.209540492024067,-0.8507757363025924,-12.017967258797986,2.3102258827113973,89.46458902154166,0.02276819385588169,250,1.8973168730735779,1.0,1.0,disabled,single,3,row_7,row_8,-1.4212721586227417,-2.6178736686706543,0.6613562301632468,0.19987478805226136,0.8693184085719989,1.1966015100479126,-1.0078095004406293,0,60,1,disabled,0,0.0,50.0,alpha
1004,0.8534250855445862,-0.3009646236896515,-39.387020111083984,-0.9101735353469849,2.0236406326293945,0.005992770195007324,41,10,79,0.013855054043233395,0.5357142857142857,0.3,120,130,wall,both,1,1,1,1,1,1,0.0,3,3,0,alpha,full,huber,-3.4986453131070805,-11.08703365848409,1.7274637314045709,-2.180712702637491,-10.653081701699993,1.4230750083002182,-2.01945052081856,-10.787907018824622,1.5198184909456538,162.2357123396564,0.013855052180588245,250,1.1788583397865295,1.0,1.0,disabled,single,3,row_8,row_7,-0.9101735353469849,-1.4049874544143677,0.5835295017948212,0.35576880347491574,0.8520750497426741,0.4948139190673828,-0.3715132668730182,1,61,0,disabled,0,0.0,50.0,alpha
1008,0.5465397238731384,-0.12343209236860275,-39.5738410949707,-0.5899838805198669,1.2840131521224976,0.23405992984771729,48,6,81,0.011427236720919609,0.5263157894736842,0.3,120,135,wall,both,1,1,1,1,1,1,0.0,4,4,0,alpha,full,huber,-2.35784905819092,-10.235275838243233,1.131798677637871,-2.1285281955273385,-10.23121768542514,1.2891883894317535,-2.0734994471381416,-10.36523323661074,1.359197121377841,186.29548893858075,0.011427237652242184,250,0.979072242975235,1.0,1.0,disabled,single,3,row_7,row_8,-0.5899838805198669,-1.5073702335357666,0.6361884102790046,0.2541967082011559,0.8782172466566553,0.9173863530158997,-0.1377233635837351,1,62,0,disabled,0,0.0,50.0,alpha
1012,0.6129286885261536,-0.15524032711982727,-44.73503875732422,-0.14429971575737,0.5271528363227844,0.14221060276031494,48,10,72,0.01841040328145027,0.5357142857142857,0.3,120,130,wall,both,1,1,1,1,1,1,0.0,7,7,0,alpha,full,huber,-2.324605977430379,-9.464283557399504,1.2902496821177794,-2.075916171751219,-9.755512653176082,1.2935417730722352,-2.0404466078434913,-9.8698326448148,1.332828075949446,113.58022935007426,0.01841040328145027,164,1.1949728727340698,1.0,1.0,disabled,single,3,row_7,row_8,-0.14429971575737,-1.2371841669082642,0.6528996712959981,0.21888336840418415,0.8742447347378809,1.0928844511508942,0.2820320884845988,0,62,0,disabled,0,0.0,50.0,alpha
1016,1.5542571544647217,-0.998229444026947,-35.54043197631836,-0.36365365982055664,1.2792084217071533,0.0019119977951049805,59,19,72,0.020197752863168716,0.5,0.3,120,150,wall,both,1,1,1,1,1,1,0.0,5,5,0,alpha,full,huber,-3.5005773798100384,-10.044689114040432,1.775148532029446,-2.025859186851583,-9.17763192028331,1.4032655068920532,-1.9739429278127858,-9.248029112746515,1.372132961288096,124.79367491566184,0.020197754725813866,164,1.8384606838226318,1.0,1.0,disabled,single,3,row_8,row_7,-0.36365365982055664,-0.6664357781410217,0.5480590733804203,0.4048841435839251,0.8394896009995021,0.3027821183204651,0.23771853988391378,1,63,0,disabled,0,0.0,50.0,alpha
1020,1.0529779195785522,-0.45816633105278015,-40.61713790893555,-0.11316041648387909,0.704383909702301,0.02667069435119629,70,30,67,0.03403271362185478,0.47318611987381703,0.3,120,167,wall,both,1,1,1,1,1,1,0.0,8,8,0,alpha,full,huber,-2.9989527764345065,-8.490462986063193,2.0615666201278575,-2.2219150699953665,-8.283502892705783,1.5199904063929268,-2.015422997160594,-8.246125279022447,1.4296247240547952,97.63795122382456,0.03403271362185478,185,2.3488595485687256,1.0,1.0,disabled,single,3,row_7,row_8,-0.11316041648387909,-0.7063301205635071,0.6029547011565557,0.33317649592573306,0.84692957910728,0.593169704079628,0.39275279105301253,1,64,0,disabled,0,0.0,50.0,alpha
1024,0.6492242217063904,-0.17417028546333313,-35.064109802246094,-0.21708498895168304,0.9489132761955261,0.06451404094696045,86,28,63,0.01210905984044075,0.4587155963302753,0.3,120,177,wall,both,1,1,1,1,1,1,0.0,8,8,0,alpha,full,huber,-3.3879145423178034,-7.70318380225901,2.098773585633964,-2.6316908363845064,-7.736256145481924,1.6324796811160567,-2.3092037733546,-7.64788483821079,1.5229098793816433,187.59513692987358,0.01210905984044075,250,2.2060405015945435,1.0,1.0,disabled,single,3,row_7,row_8,-0.21708498895168304,-0.5536751747131348,0.5559068645165292,0.3970294997475305,0.8369955709305761,0.3365901857614517,0.37006951967357316,0,64,0,disabled,0,0.0,50.0,alpha
1028,0.22310666739940643,-0.020568836480379105,-37.94303894042969,-0.14272034168243408,0.6211403012275696,0.11815661191940308,93,32,27,0.01141380425542593,0.49668874172185423,0.3,107,152,wall,both,1,1,1,1,1,1,0.0,7,7,0,alpha,full,huber,-3.1980975125790065,-6.886906724733286,2.2668881568335877,-2.9531586331673774,-7.1490838425612555,1.7213712421263239,-2.6500584759518513,-7.095589092717148,1.6258732239614222,181.76167654539412,0.01141380425542593,250,1.276646614074707,1.0,1.0,disabled,single,3,row_7,row_8,-0.14272034168243408,-0.8657220005989075,0.6207787752366151,0.3012598315111697,0.8563431188187003,0.7230016589164734,0.33406015838917325,0,64,0,disabled,0,0.0,50.0,alpha
1032,0.977296769618988,-0.3946731388568878,-33.070743560791016,-0.09973330795764923,0.6681273579597473,0.011444568634033203,106,27,32,0.010997025296092033,0.47619047619047616,0.3,120,165,wall,both,1,1,1,1,1,1,0.0,9,9,0,alpha,full,huber,-3.319799429692761,-6.532493328069966,1.9272851416680332,-3.4874404190003103,-7.04344532935009,1.8890744473134626,-3.117153529713917,-6.948378003042258,1.7705771824576262,156.61278366696,0.010997025296092033,250,0.8719244003295898,1.0,1.0,disabled,single,3,row_7,row_8,-0.09973330795764923,-0.7432658672332764,0.608706528098256,0.319834508417021,0.8553232529133636,0.6435325592756271,0.3966857109258732,0,64,0,disabled,0,0.0,50.0,alpha
1036,0.5536640286445618,-0.12667101621627808,-35.12154006958008,-0.08406593650579453,0.6145093441009521,0.0060620903968811035,100,38,40,0.015561400912702084,0.4573170731707317,0.3,120,178,wall,both,1,1,1,1,1,1,0.0,10,10,0,alpha,full,huber,-3.2985591040886795,-6.371296519054958,1.8860147425647504,-3.471853114527832,-6.591663865256581,1.9342597753382962,-3.3441038312873808,-6.594810516246177,1.8562065153186893,139.95414024453942,0.015561400912702084,196,0.9893726706504822,1.0,1.0,disabled,single,3,row_7,row_8,-0.08406593650579453,-0.7795953750610352,0.6162371024938054,0.3073854069808162,0.8573909879048717,0.6955294385552406,0.40005754635459495,0,64,0,disabled,0,0.0,50.0,alpha
1040,1.0034042596817017,-0.41604137420654297,-27.186443328857422,-0.14714746177196503,0.813487708568573,0.004674434661865234,141,10,30,0.023991404101252556,0.4531722054380664,0.3,104,181,wall,both,1,1,1,1,1,1,0.0,7,7,0,alpha,full,huber,-3.644764121743723,-5.683866835475072,1.87257653516249,-3.528420122619628,-6.099992995337933,1.870922219691189,-3.498981793419442,-6.140315402911884,1.8694824044237777,130.0626054187862,0.023991404101252556,218,1.3428145051002502,1.0,1.0,disabled,single,3,row_7,row_8,-0.14714746177196503,-0.5938411951065063,0.5760007564049182,0.36849061403174405,0.8461151041403918,0.4466937333345413,0.4044988433121599,0,64,0,disabled,0,0.0,50.0,alpha
1044,0.3551000952720642,-0.052105821669101715,-26.05278968811035,-0.21500855684280396,0.983632504940033,0.000550389289855957,124,7,49,0.05213718116283417,0.45454545454545453,0.3,120,180,wall,both,1,1,1,1,1,1,0.0,6,6,0,alpha,full,huber,-3.927535766804933,-5.04764655447135,1.772184982380839,-3.777303071552102,-5.379723339817061,1.8971257831173711,-3.7336945738809777,-5.456849059354643,1.8849710464613674,64.69003093985948,0.05213718116283417,117,0.8739522099494934,1.0,1.0,disabled,single,3,row_7,row_8,-0.21500855684280396,-0.4773740768432617,0.5411986847444121,0.41630615788619113,0.8313177174509941,0.26236552000045776,0.398960256103576,0,64,0,disabled,0,0.0,50.0,alpha
1048,0.12760592997074127,-0.006728625390678644,-29.682861328125,-0.273919939994812,1.1098825931549072,0.006600558757781982,96,10,30,0.029285132884979248,0.5244755244755245,0.3,120,136,wall,both,1,1,1,1,1,1,0.0,8,8,0,alpha,full,huber,-4.206258560966546,-4.0863458421539125,1.7898848870542663,-4.188090033655311,-4.126180475663819,1.9379867491144291,-4.155195886272104,-4.196928440269751,1.914087610923107,55.98282977205303,0.02928512915968895,80,0.2961426377296448,1.0,1.0,disabled,single,3,row_7,row_8,-0.273919939994812,-0.4070006012916565,0.5142927491050189,0.45020903305701654,0.8197744871402626,0.13308066129684448,0.3910426848766768,0,64,0,disabled,0,0.0,50.0,alpha
1052,0.12163171917200089,-0.0061133368872106075,-36.86661148071289,-0.28222188353538513,0.9926789999008179,0.12447559833526611,112,23,31,0.026221996173262596,0.4746835443037975,0.3,120,166,wall,both,1,1,1,1,1,1,0.0,9,9,0,alpha,full,huber,-4.639078084434516,-3.667402995094461,2.233813531260891,-4.441673968356902,-3.5361443929783034,1.9879598518040138,-4.415852896858068,-3.545077292887898,1.9530589202316264,67.14491105497311,0.026221998035907745,80,0.45883406698703766,1.0,1.0,disabled,single,3,row_8,row_7,-0.26048582792282104,-0.5105976462364197,0.5362466640329531,0.41758262587259415,0.8408254402364995,0.25011181831359863,0.36267520175400936,1,65,0,disabled,0,0.0,50.0,alpha
1056,1.2336465120315552,-0.628877580165863,-28.94961166381836,-0.20620669424533844,0.9632713794708252,0.0014447569847106934,99,17,28,0.04290282726287842,0.5102040816326531,0.3,120,144,wall,both,1,1,1,1,1,1,0.0,6,6,0,alpha,full,huber,-4.339091867122898,-2.7451778520480987,1.7985430564235223,-4.549666908002172,-2.949665247104051,1.9143383467137034,-4.592773331278689,-2.9606036612323017,1.9359940230479324,60.059269127121205,0.04290282726287842,80,1.6689799427986145,1.0,1.0,disabled,single,3,row_7,row_8,-0.20620669424533844,-0.4808376431465149,0.5430698048941668,0.4126529466882961,0.83483742426531,0.27463094890117645,0.40431071893233395,1,66,0,disabled,0,0.0,50.0,alpha
1060,0.9421852231025696,-0.36682355403900146,-26.034870147705078,-0.23888623714447021,1.0368151664733887,0.0003593564033508301,116,20,13,0.03448548913002014,0.5016722408026756,0.3,120,149,wall,both,1,1,1,1,1,1,0.0,8,8,0,alpha,full,huber,-4.687571864073868,-1.147837240659876,1.7552041801867935,-4.878332448050918,-0.7953516478247313,1.8002600992755644,-5.109297613148504,-0.8295606213081697,1.8868269895696432,59.35086948349327,0.03448549285531044,80,1.5904471278190613,1.0,1.0,disabled,single,3,row_7,row_8,-0.23888623714447021,-0.4381883442401886,0.5278835006776341,0.43249618676700347,0.8276751976448036,0.19930210709571838,0.3999934251325734,0,66,0,disabled,0,0.0,50.0,alpha
1064,0.6527189612388611,-0.17605043947696686,-26.241817474365234,-0.16728827357292175,0.867638885974884,1.1205673217773438e-05,100,11,28,0.03164650499820709,0.5190311418685121,0.3,120,139,wall,both,1,1,1,1,1,1,0.0,5,5,0,alpha,full,huber,-4.745707545198419,0.21409359002994666,1.76842592040751,-4.799135470602022,-0.05671970041979272,1.783643397680485,-5.024859768494502,-0.14103025987962722,1.844853913588537,61.51787881322725,0.03164650872349739,83,1.1332350969314575,1.0,1.0,disabled,single,3,row_7,row_8,-0.16728827357292175,-0.573296308517456,0.5677090815638086,0.3782672938164742,0.8467994358169162,0.4060080349445343,0.3988578982426283,0,66,0,disabled,0,0.0,50.0,alpha
1068,0.7071022391319275,-0.20660890638828278,-24.09576416015625,-0.08759363740682602,0.6263108253479004,0.010187149047851562,107,0,15,0.015908820554614067,0.551470588235294,0.3,120,122,wall,both,1,1,1,1,1,1,0.0,3,3,0,alpha,full,huber,-4.59498098297031,0.6801922455021833,1.916016836686616,-4.590172944438161,0.6170870897868402,1.7096574463416971,-4.8570505600795535,0.5294404095376368,1.7793880299206393,93.97915636295168,0.015908820554614067,127,0.8806572556495667,1.0,1.0,disabled,single,3,row_7,row_8,-0.08759363740682602,-0.764824628829956,0.6135018411285142,0.31167228704199595,0.8570812436780674,0.67723099142313,0.40097837640437495,0,66,0,disabled,0,0.0,50.0,alpha
1072,0.38286247849464417,-0.06057176738977432,-30.289396286010742,-0.057247698307037354,0.4393768310546875,0.059288084506988525,100,0,20,0.04645378142595291,0.5555555555555556,0.3,120,120,wall,both,1,1,1,1,1,1,0.0,4,4,0,alpha,full,huber,-4.4626897062724815,0.9655001349394875,2.1192300942452853,-4.558767721410202,0.7096398010260159,1.758416732612661,-4.69299499881141,0.6285500748562454,1.76890238126665,54.12420363394559,0.04645378142595291,80,0.7948046922683716,1.0,1.0,disabled,single,3,row_7,row_8,-0.057247698307037354,-0.9421073794364929,0.6407752332231658,0.26449413155145235,0.8602077212997068,0.8848596811294556,0.387828835444455,0,66,0,disabled,0,0.0,50.0,alpha
1076,0.979177713394165,-0.39619380235671997,-23.445907592773438,-0.15235920250415802,0.8279885053634644,0.0016734004020690918,93,0,27,0.028636509552598,0.5555555555555556,0.3,120,120,wall,both,1,1,1,1,1,1,0.0,4,4,0,alpha,full,huber,-4.819933853417997,0.7731599990196214,1.8310160895873864,-4.738457979641633,1.2088557017498938,1.8624823758141906,-4.766923650164227,1.1914376617878006,1.820767417698983,63.20277718764133,0.02863651141524315,80,1.4048420190811157,1.0,1.0,disabled,single,3,row_7,row_8,-0.15235920250415802,-0.6091142892837524,0.5779933364560284,0.3660636601833183,0.8460340996892364,0.4567550867795944,0.3958337364948449,0,66,0,disabled,0,0.0,50.0,alpha
1080,0.8248867392539978,-0.28117281198501587,-24.25092124938965,-0.0996733233332634,0.6581688523292542,0.028902947902679443,109,7,23,0.037476252764463425,0.5190311418685121,0.3,120,139,wall,both,1,1,1,1,1,1,0.0,3,3,0,alpha,full,huber,-4.75446426667728,1.3138774632319037,2.014168210711393,-4.7828225794276005,1.5342299431127242,1.9326892303302443,-4.815329949786482,1.5353206938432433,1.880081302981191,61.832405045479334,0.037476252764463425,80,1.0014416873455048,1.0,1.0,disabled,single,3,row_7,row_8,-0.0996733233332634,-0.752719521522522,0.6116251622164964,0.3183251729086618,0.851308386502351,0.6530461981892586,0.39196234081747283,0,66,0,disabled,0,0.0,50.0,alpha
1084,0.3442770838737488,-0.04897798225283623,-30.94945526123047,-0.09673739969730377,0.3607647120952606,0.12889784574508667,118,10,17,0.032200176268815994,0.5084745762711864,0.3,120,145,wall,both,1,1,1,1,1,1,0.0,5,5,0,alpha,full,huber,-4.528137039193291,2.0201144360132086,2.186644645495061,-4.897970052076072,2.078481545714031,1.9728162167708885,-4.94505125662436,2.0977802519272073,1.923044495764981,60.967762167103366,0.032200176268815994,80,0.9051945507526398,1.0,1.0,disabled,single,3,row_7,row_8,-0.06038019806146622,-1.023247480392456,0.6454851009033176,0.24644401455530093,0.8681919109456973,0.9628672823309898,0.3773729523824348,0,66,0,disabled,0,0.0,50.0,alpha
1088,0.5978549718856812,-0.14769858121871948,-31.80360984802246,-0.21047018468379974,0.866458535194397,0.10339730978012085,114,5,27,0.02933952957391739,0.5067567567567568,0.3,120,146,wall,both,1,1,1,1,1,1,0.0,3,3,0,alpha,full,huber,-3.545747264994033,3.4282947133983135,1.2919131016817982,-5.2500387157953785,3.2065276767565933,2.005975454382609,-5.304013247323083,3.227803975770679,1.9713619531047204,57.64954968692621,0.02933952957391739,80,1.7727833986282349,1.0,1.0,disabled,single,3,row_7,row_6,-0.21047018468379974,-0.6417758464813232,0.5745841743154074,0.3732845294091705,0.840217320602013,0.4313056617975235,0.343638490221879,0,66,0,disabled,0,0.0,50.0,alpha
1092,1.1320613622665405,-0.5295714735984802,-29.673484802246094,-0.13579118251800537,0.7759537696838379,0.022081851959228516,104,25,25,0.030951349064707756,0.49342105263157904,0.3,120,154,wall,both,1,1,1,1,1,1,0.0,4,4,0,alpha,full,huber,-5.313564203323672,3.9698187821359014,1.9612125850948967,-5.423404202158091,3.904712524212605,1.9968702736734119,-5.506570561086969,3.923374475589494,1.990621614556325,61.81603444673768,0.030951349064707756,80,1.4492626190185547,1.0,1.0,disabled,single,3,row_7,row_8,-0.13579118251800537,-0.6879405379295349,0.5936662646027577,0.341780241548216,0.8533844834194804,0.5521493554115295,0.38564677909812994,0,66,0,disabled,0,0.0,50.0,alpha
1096,0.7003095149993896,-0.20265844464302063,-35.68318176269531,-0.11881623417139053,0.7274812459945679,0.017216265201568604,92,25,47,0.032296981662511826,0.47770700636942676,0.3,120,164,wall,both,1,1,1,1,1,1,0.0,4,4,0,alpha,full,huber,-5.34761094398071,4.428794980676034,1.9361694941268937,-5.655638793098678,4.542686556255461,1.9907529089419274,-5.719602045841623,4.557577699937704,2.0008690075990536,61.265741927130996,0.032296985387802124,80,1.1928470134735107,1.0,1.0,disabled,single,3,row_7,row_8,-0.11881623417139053,-0.7259865403175354,0.6026356605272962,0.3283704844047461,0.8553493456976073,0.6071703061461449,0.38762624209034635,0,66,0,disabled,0,0.0,50.0,alpha
1100,1.3777670860290527,-0.7843976020812988,-35.487003326416016,-0.14624270796775818,0.7860880494117737,0.04675859212875366,67,21,38,0.0310961976647377,0.5434782608695653,0.3,98,126,wall,both,1,1,1,1,1,1,0.0,4,4,0,alpha,full,huber,-5.606378641811474,5.509042601921613,2.073943654925759,-5.847552215095619,5.648588426320391,1.8786445189319863,-6.0089115249415315,5.63492288018513,1.941785020401869,56.898689241547096,0.031096193939447403,92,1.923153579235077,1.0,1.0,disabled,single,3,row_7,row_8,-0.14624270796775818,-0.6893014311790466,0.5928153607664821,0.34440705686461714,0.8508591102367945,0.5430587232112885,0.37662958514405753,0,66,0,disabled,0,0.0,50.0,alpha
1104,0.6554795503616333,-0.17754274606704712,-28.508203506469727,-0.14953510463237762,0.7948145270347595,0.047348737716674805,99,8,39,0.03728633373975754,0.5067567567567568,0.3,120,146,wall,both,1,1,1,1,1,1,0.0,2,2,0,alpha,full,huber,-5.717283859926317,6.022441434433637,2.075890231004169,-5.8167482656351694,6.103113653856655,1.9037987073947293,-5.975886663934881,6.079226621678557,1.923444219610717,57.102094108171116,0.03728633373975754,80,0.98641636967659,1.0,1.0,disabled,single,3,row_7,row_8,-0.14953510463237762,-0.6631036996841431,0.5878610720584547,0.35175047729915115,0.8493381903132827,0.5135685950517654,0.3817295263771917,0,66,0,disabled,0,0.0,50.0,alpha
1108,0.4029266834259033,-0.06708674132823944,0.0,-0.04020032659173012,0.42525798082351685,0.0017632842063903809,0,0,0,0.024672748520970345,0.5,0.3,0,0,wall,both,1,1,1,1,1,1,0.0,0,0,0,alpha,full,huber,-5.547418799751408,7.161094562131626,1.662288174028168,-5.950562729854744,6.975223714841696,1.839350836611655,-6.0986681014777195,6.943486084161007,1.874657004949789,62.585170023229075,0.024672744795680046,80,0.9946908354759216,1.0,1.0,disabled,single,3,row_7,row_8,-0.04020032659173012,-0.9348821640014648,0.6397348627401264,0.2614837071313901,0.8651841428278122,0.8946818374097347,0.4065011388416526,0,66,0,disabled,0,0.0,50.0,alpha
1112,0.008129783906042576,-2.731131826294586e-05,0.0,-0.09798114001750946,0.4101272523403168,0.12185066938400269,0,0,0,0.029386132955551147,0.5,0.3,0,0,wall,both,1,1,1,1,1,1,0.0,0,0,0,alpha,full,huber,-4.790645719139263,7.7284353707886835,1.2228653867733748,-5.912655194574891,7.295972287585685,1.8221892812381604,-6.038687829197114,7.272336540936408,1.8564237435477526,70.60930162108613,0.029386132955551147,92,1.4010581374168396,1.0,1.0,disabled,single,3,row_7,row_6,-0.09798114001750946,-1.0434799194335938,0.6469680014841629,0.2513378517878467,0.8612655090627063,0.9454987794160843,0.3374773024345687,0,66,0,disabled,0,0.0,50.0,alpha
1116,0.9645427465438843,-0.3844391405582428,0.0,-0.09088585525751114,0.0977478176355362,0.14746809005737305,0,0,0,0.01634090580046177,0.5,0.3,0,0,wall,both,1,1,1,1,1,1,0.0,0,0,0,alpha,full,huber,-5.260195944202577,7.450823164536615,1.1716960286594977,-5.822533992594465,7.832724635435026,1.7681286158428047,-5.991746123057496,7.825539569861846,1.8355880884409057,104.73026770512271,0.01634090766310692,133,1.8015491962432861,1.0,1.0,disabled,single,3,row_7,row_8,-0.09088585525751114,-1.3796738386154175,0.6690683410878502,0.18439832464563463,0.8620498113319012,1.2887879833579063,0.31098321472131996,0,66,0,disabled,0,0.0,50.0,alpha
1120,0.49308955669403076,-0.10046996921300888,-33.90829086303711,-0.08277694135904312,0.6102734804153442,0.0018444061279296875,72,0,48,0.028357485309243202,0.5555555555555556,0.3,120,120,wall,both,1,1,1,1,1,1,0.0,2,2,0,alpha,full,huber,-5.749329733233547,7.867776145424376,1.6609367522967622,-5.717138436160377,8.22367985501464,1.714044652137541,-5.905500896786263,8.283450353720063,1.7779167844857273,79.70844207826288,0.028357485309243202,112,0.9736993908882141,1.0,1.0,disabled,single,3,row_7,row_8,-0.08277694135904312,-0.8940957188606262,0.6301065966725103,0.27993858186844733,0.8640900872535274,0.8113187775015831,0.379089331482925,0,66,0,disabled,0,0.0,50.0,alpha
1124,0.15606635808944702,-0.010064755566418171,-37.695838928222656,-0.2968849837779999,1.1557248830795288,0.003921568393707275,45,0,64,0.01755056343972683,0.5791505791505792,0.3,109,109,wall,both,1,1,1,1,1,1,0.0,3,3,0,alpha,full,huber,-5.647607830666525,8.688281942004581,1.6330917663646893,-5.6814981075538515,8.617726926109711,1.5880420659238244,-5.823071048482856,8.661329616058648,1.6814386051206274,96.21245584644258,0.01755056343972683,127,0.5400668978691101,1.0,1.0,disabled,single,3,row_7,row_8,-0.2968849837779999,-1.3721643686294556,0.6548579715968471,0.22343912152000803,0.8684023561326564,1.0752793848514557,0.12645192033820424,0,66,0,disabled,0,0.0,50.0,alpha
1128,1.9464739561080933,-1.5656037330627441,-48.36406707763672,-1.2908341884613037,2.382725954055786,0.0845719575881958,18,0,36,0.03513510897755623,0.7352941176470589,0.3,54,54,wall,both,1,1,1,1,1,1,0.0,3,3,0,alpha,full,huber,-4.305597542910101,9.840997399159185,1.3074557282751043,-5.295643607985471,10.142625037764189,1.600844114228104,-5.62129477712905,10.27092970682343,1.7389897771335283,53.621672926919345,0.03513510897755623,97,2.4359588623046875,1.0,1.0,disabled,single,3,row_7,row_6,-1.2908341884613037,-1.3057093620300293,0.48824090788999175,0.4810319895241739,0.8090826027777394,0.014875173568725586,-0.5738878572294722,0,66,0,disabled,0,0.0,50.0,alpha
1132,0.9939844012260437,-0.40826651453971863,-49.62732696533203,-1.7804491519927979,2.8305485248565674,0.000932157039642334,4,3,123,0.10754592716693878,0.5357142857142857,0.3,120,130,wall,both,1,1,1,1,1,1,0.0,3,3,0,alpha,full,huber,-9.099983493605981,9.635827289090066,-1.34088543437462,-6.171485887215757,11.17688842490619,-2.1292756981075196,-6.05774032372596,11.55744207766885,-2.1856619864928257,25.10002932125341,0.10754593461751938,102,4.03620719909668,0.7432720502236388,1.0,disabled,single,3,row_8,row_9,-1.7804491519927979,-2.0223841667175293,0.5359387520630656,0.420769371021475,0.8344589746385563,0.24193501472473145,-1.1567137590132592,1,67,1,disabled,0,0.0,50.0,alpha
1136,0.28795748949050903,-0.03426426276564598,-49.04229736328125,-0.7195165157318115,1.7987221479415894,0.01148533821105957,19,6,88,0.01802157424390316,0.5703422053231939,0.3,98,113,wall,both,1,1,1,1,1,1,0.0,8,8,0,alpha,full,huber,-7.807672758941932,8.99987916014369,-1.2323606324666563,-7.7703581059606535,9.035778672626478,-1.02431077135617,-7.6039674616699475,9.314821674284168,-1.197449411827896,89.04579780830996,0.01802157238125801,191,1.706424593925476,1.0,1.0,disabled,single,3,row_8,row_7,-0.7195165157318115,-1.9444000720977783,0.6626568443130029,0.19468321899072627,0.8690584862512294,1.2248835563659668,-0.30801851272294306,0,67,0,disabled,0,0.0,50.0,alpha
1140,0.3428233861923218,-0.04856523871421814,-37.00655746459961,-0.10665212571620941,0.597581148147583,0.08177703619003296,60,0,65,0.012421001680195332,0.5454545454545454,0.3,120,125,wall,both,1,1,1,1,1,1,0.0,2,2,0,alpha,full,huber,-7.506618230776556,7.790297135804542,-0.9768404316956776,-7.46410583901838,8.149880456694042,-0.9177593494645339,-7.35804328518218,8.242671122312021,-1.0186920404561244,163.35640592801101,0.012421001680195332,250,1.0613351464271545,1.0,1.0,disabled,single,3,row_8,row_7,-0.10665212571620941,-1.238355040550232,0.6613779286727205,0.21328355287079198,0.8632799288700641,1.1317029148340225,0.3067777238938545,0,67,0,disabled,0,0.0,50.0,alpha
1144,1.9517431259155273,-1.5740914344787598,-38.23014831542969,-0.31460312008857727,1.1270004510879517,0.08902943134307861,87,25,37,0.010939177125692368,0.5016722408026756,0.3,120,149,wall,both,1,1,1,1,1,1,0.0,7,7,0,alpha,full,huber,-6.336243553269251,6.265096649546637,-1.0023795316451634,-6.984066213776967,7.399350118030054,-0.9134214041152585,-6.9528484206659495,7.454971028303695,-0.9648960552962973,192.45262995923662,0.010939177125692368,250,2.412620425224304,1.0,1.0,disabled,single,3,row_8,row_7,-0.31460312008857727,-0.42692744731903076,0.5097378140824825,0.4555803844234792,0.8182451686921094,0.11232432723045349,0.35925565539912496,0,67,0,disabled,0,0.0,50.0,alpha
1148,0.6862747073173523,-0.19461694359779358,-43.624656677246094,-0.1456536054611206,0.8014622926712036,0.026705682277679443,72,19,74,0.010784479789435863,0.47619047619047616,0.3,120,165,wall,both,1,1,1,1,1,1,0.0,7,7,0,alpha,full,huber,-8.27502241104106,6.198252570451263,-1.6591709747520922,-6.740371652437206,6.939824678298239,-1.0298336769150072,-6.678155038798492,6.943835334016571,-1.006025779498784,200.06700206286672,0.010784479789435863,250,1.2556691765785217,1.0,1.0,disabled,single,3,row_8,row_9,-0.1456536054611206,-0.6804832816123962,0.5906693876776395,0.34599584731735916,0.852962937290676,0.5348296761512756,0.3808452243569911,0,67,0,disabled,0,0.0,50.0,alpha
1152,1.527601957321167,-0.9642842411994934,-35.046138763427734,-0.2163821905851364,0.9863576889038086,0.006675243377685547,93,21,41,0.015378694981336594,0.49180327868852464,0.3,120,155,wall,both,1,1,1,1,1,1,0.0,7,7,0,alpha,full,huber,-6.356589135093005,5.420997183741137,-1.311936073677815,-6.316638522617156,5.779756328404961,-1.1329441443537789,-6.189107454519172,5.845563890451064,-1.0536624226069033,156.02105180280628,0.015378694981336594,250,2.12048077583313,1.0,1.0,disabled,single,3,row_8,row_7,-0.2163821905851364,-0.5264041423797607,0.5505465307003382,0.4037878132375677,0.8357145055966901,0.31002195179462433,0.38046161137330603,0,67,0,disabled,0,0.0,50.0,alpha
1156,1.377232551574707,-0.7837890982627869,-37.253509521484375,-0.23512457311153412,1.0286206007003784,0.00011879205703735352,106,24,50,0.012970165349543095,0.45454545454545453,0.3,120,180,wall,both,1,1,1,1,1,1,0.0,11,11,0,alpha,full,huber,-6.2034197244502645,4.7876808039970165,-1.4055122843908798,-6.282766418493603,5.279157804075535,-1.225068009972568,-6.139134488361121,5.355608563692607,-1.150932732987011,202.58408147103566,0.01297016628086567,250,1.4716687202453613,1.0,1.0,disabled,single,3,row_8,row_7,-0.23512457311153412,-0.5036348700523376,0.5425970106549729,0.41482493753653765,0.8311354886728965,0.26851029694080353,0.376263814958823,0,67,0,disabled,0,0.0,50.0,alpha
1160,0.9586024284362793,-0.37971845269203186,-33.70697021484375,-0.3029356896877289,1.1675466299057007,0.0015742778778076172,101,20,35,0.030017875134944916,0.49019607843137253,0.3,120,156,wall,both,1,1,1,1,1,1,0.0,5,5,0,alpha,full,huber,-8.455115283478314,3.8589730780643468,-1.4694044450314314,-6.518696265197429,4.581479456996888,-1.3927214265777892,-6.252492187911878,4.716129298587549,-1.2729851721095309,145.12618693239423,0.030017871409654617,250,2.9686359167099,1.0,1.0,disabled,single,3,row_9,row_8,-0.3029356896877289,-0.40703335404396057,0.5085822595217382,0.4583024361024552,0.8142953269506273,0.10409766435623169,0.3731926179180127,1,68,0,disabled,0,0.0,50.0,alpha
1164,0.4929933249950409,-0.10043075680732727,-26.294710159301758,-0.13450971245765686,0.7747138142585754,0.016683220863342285,105,0,24,0.010644860565662384,0.5376344086021506,0.3,120,129,wall,both,1,1,1,1,1,1,0.0,6,6,0,alpha,full,huber,-6.2197019824676545,3.4651371999639755,-1.2066037219358146,-6.247595219013601,3.913930495974216,-1.3738084419671186,-6.163931391748845,3.995166317463638,-1.301159465901462,180.8326486199619,0.010644860565662384,250,0.931811511516571,1.0,1.0,disabled,single,3,row_8,row_7,-0.13450971245765686,-0.6877779364585876,0.5964626600029508,0.3430061637398209,0.8449997907471702,0.5532682240009308,0.38222892543212816,1,69,0,disabled,0,0.0,50.0,alpha
1168,0.5350857973098755,-0.11831273138523102,-28.692626953125,-0.14830878376960754,0.8167814016342163,0.0037456154823303223,111,11,26,0.01701049879193306,0.5033557046979865,0.3,120,148,wall,both,1,1,1,1,1,1,0.0,7,7,0,alpha,full,huber,-8.405655779932028,1.822432766194595,-1.179612696801315,-6.383606556000147,2.743511359638947,-1.4249899780711381,-6.152395851310776,2.8278393793448524,-1.3566966384302033,177.6446663389888,0.01701049879193306,250,2.7393404245376587,1.0,1.0,disabled,single,3,row_9,row_8,-0.14830878376960754,-0.6284162402153015,0.5819093753208732,0.360037166591874,0.8481074282612748,0.48010745644569397,0.3931317721126336,1,70,0,disabled,0,0.0,50.0,alpha
1172,0.49991273880004883,-0.10326973348855972,-25.951581954956055,-0.1154753789305687,0.7203508615493774,0.00632089376449585,101,10,21,0.012957935221493244,0.5319148936170213,0.3,120,132,wall,both,1,1,1,1,1,1,0.0,2,2,0,alpha,full,huber,-8.467895915790603,1.6988780633984397,-1.1536969118119136,-6.79318589348521,2.0341416028587336,-1.4433028237651002,-6.445917745065751,2.120358418632806,-1.39897810067569,184.45321269441615,0.012957935221493244,250,3.012949228286743,0.9957021418863714,1.0,disabled,single,3,row_9,row_8,-0.1154753789305687,-0.6990972757339478,0.599365319160693,0.33437041223824865,0.8529584084715357,0.5836218968033791,0.39640860610102,0,70,0,disabled,0,0.0,50.0,alpha
1176,0.6802876591682434,-0.19123607873916626,-21.06892204284668,-0.21287594735622406,0.9785104393959045,0.004999399185180664,113,12,28,0.011025415733456612,0.49504950495049505,0.3,120,153,wall,both,1,1,1,1,1,1,0.0,4,4,0,alpha,full,huber,-8.098519394039878,1.234442799691798,-1.37148922947981,-7.008249388298261,1.650137555258635,-1.4378877243611183,-6.730282025963121,1.7181408150445594,-1.413110104369168,202.80458841701227,0.011025415733456612,250,2.3919705152511597,1.0,1.0,disabled,single,3,row_9,row_8,-0.21287594735622406,-0.5049838423728943,0.546765588982681,0.40826328645465887,0.8353298865039154,0.2921078950166702,0.3908591603901185,0,70,0,disabled,0,0.0,50.0,alpha
1180,0.2872539460659027,-0.034097038209438324,-19.90736961364746,-0.19040459394454956,0.9255703091621399,0.0027638673782348633,97,6,23,0.010115817189216614,0.5434782608695653,0.3,120,126,wall,both,1,1,1,1,1,1,0.0,4,4,0,alpha,full,huber,-8.173032798040937,1.4201751486603222,-1.3971590659350959,-7.3540881141730265,1.2415886607025595,-1.4422075543296287,-7.047910244366521,1.2958854313972492,-1.421197201560641,198.79709079635475,0.010115817189216614,250,1.5489404201507568,1.0,1.0,disabled,single,3,row_9,row_8,-0.19040459394454956,-0.5399260520935059,0.5583458267049901,0.3936479859930733,0.8381554810635892,0.3495214581489563,0.3923721535088315,0,70,0,disabled,0,0.0,50.0,alpha
1184,0.7944083213806152,-0.2607787549495697,-21.55246925354004,-0.22194691002368927,0.9993749856948853,0.0007633566856384277,115,4,23,0.011641417630016804,0.5136986301369862,0.3,120,142,wall,both,1,1,1,1,1,1,0.0,4,4,0,alpha,full,huber,-7.9188465920675375,0.10201501924234313,-1.355689347970994,-7.884426207105963,0.3728728727026451,-1.4129287495354994,-7.466704339406597,0.51428839103286,-1.4063322354563177,156.6430825443999,0.011641417630016804,250,1.334213674068451,1.0,1.0,disabled,single,3,row_9,row_8,-0.22194691002368927,-0.5101127624511719,0.5465078287977505,0.40968262739736433,0.8328252014984392,0.2881658524274826,0.382259736105485,0,70,0,disabled,0,0.0,50.0,alpha
1188,0.8928723931312561,-0.3294302225112915,-19.945064544677734,-0.24363967776298523,1.0470772981643677,0.0006466507911682129,109,5,22,0.014340883120894432,0.5244755244755245,0.3,120,136,wall,both,1,1,1,1,1,1,0.0,5,5,0,alpha,full,huber,-7.7824125768575385,-0.39262310302644676,-1.3588010583568528,-7.86183599196801,-0.16760015601446254,-1.3888651014803586,-7.655379189585769,-0.03336428881364747,-1.388006520154779,129.08683660925834,0.014340883120894432,175,1.2587350606918335,1.0,1.0,disabled,single,3,row_9,row_8,-0.24363967776298523,-0.4931899607181549,0.539227637227973,0.42013980768030645,0.8275217157144565,0.24955028295516968,0.3739777869480011,0,70,0,disabled,0,0.0,50.0,alpha
1192,3.7886245250701904,-5.6742753982543945,-22.787050247192383,-0.3215627670288086,1.2029266357421875,2.1457672119140625e-06,105,14,20,0.03737330064177513,0.5190311418685121,0.3,120,139,wall,both,1,1,1,1,1,1,0.0,2,2,0,alpha,full,huber,-7.490818474482453,-1.1172828776143442,-1.3886279743489318,-7.676124875049272,-0.8907671337104318,-1.3548322804832447,-7.6164970538755945,-0.7770018313075758,-1.3683854789451784,54.24155468425989,0.03737330064177513,83,4.1860671043396,0.716663141135499,1.0,disabled,single,3,row_9,row_8,-0.3215627670288086,-0.4039859175682068,0.5041133128924388,0.4642289788630693,0.8108402432039885,0.0824231505393982,0.36339144198426276,0,70,0,disabled,0,0.0,50.0,alpha
1196,0.9163581728935242,-0.3469885587692261,-24.877946853637695,-0.212039515376091,0.9764077067375183,0.006623685359954834,106,0,14,0.03544771298766136,0.5555555555555556,0.3,120,120,wall,both,1,1,1,1,1,1,0.0,4,4,0,alpha,full,huber,-7.794012683057728,-0.726775233276519,-1.2713869996867404,-7.672009147739953,-1.4339403512952402,-1.3537178012753694,-7.588164295100488,-1.4251520091627743,-1.3596343087201432,58.294672278570935,0.03544771298766136,80,1.4052491188049316,1.0,1.0,disabled,single,3,row_9,row_8,-0.212039515376091,-0.5505232214927673,0.5574518708681881,0.39737978600484947,0.8323928217687354,0.33848370611667633,0.3723395942797223,0,70,0,disabled,0,0.0,50.0,alpha
1200,0.455795019865036,-0.08584673702716827,-22.86382484436035,-0.2766907215118408,1.1155341863632202,0.0061370134353637695,107,8,23,0.031500350683927536,0.5208333333333334,0.3,120,138,wall,both,1,1,1,1,1,1,0.0,4,4,0,alpha,full,huber,-7.387574403147407,-2.1815599401550068,-1.3044528442809478,-7.5340625242686565,-2.1069842649212482,-1.3754842279603776,-7.5064397689976206,-2.042598381701938,-1.366212100994404,54.584241534370165,0.031500350683927536,80,0.6304359436035156,1.0,1.0,disabled,single,3,row_9,row_8,-0.2766907215118408,-0.45854616165161133,0.5252579362111142,0.4379190206265036,0.8213708046072412,0.1818554401397705,0.3671751084616851,0,70,0,disabled,0,0.0,50.0,alpha
1204,0.5839315056800842,-0.1408991813659668,-18.597309112548828,-0.26183146238327026,1.0854032039642334,0.0027760863304138184,115,6,17,0.03452669829130173,0.5208333333333334,0.3,120,138,wall,both,1,1,1,1,1,1,0.0,7,7,0,alpha,full,huber,-7.2251422954196665,-3.344603146940254,-1.3388766594946937,-7.319957912006695,-3.2491950558824954,-1.3453341702854118,-7.30914988084729,-3.162760303548642,-1.3566276268006436,54.988946927892194,0.03452669829130173,80,0.8427181839942932,1.0,1.0,disabled,single,3,row_9,row_8,-0.26183146238327026,-0.483534038066864,0.5325724834986781,0.42667236852338647,0.8293769419333283,0.22170257568359375,0.36820480903232666,0,70,0,disabled,0,0.0,50.0,alpha
1208,0.11710114777088165,-0.005666396580636501,-29.115644454956055,-0.2696358263492584,1.101189374923706,0.006361484527587891,99,34,29,0.031770527362823486,0.4807692307692307,0.3,120,162,wall,both,1,1,1,1,1,1,0.0,3,3,0,alpha,full,huber,-6.900817119782303,-4.825272886135738,-1.3484305582827243,-6.837029075017298,-4.995381491876266,-1.2281246251823121,-6.869499116932653,-4.998199227934386,-1.2796903271996432,55.79962388340157,0.031770527362823486,80,0.4612574428319931,1.0,1.0,disabled,single,3,row_9,row_8,-0.2696358263492584,-0.4507747292518616,0.5242557455928658,0.4373967712212341,0.8252950382268873,0.18113890290260315,0.3761398232678618,0,70,0,disabled,0,0.0,50.0,alpha
1212,0.4125247001647949,-0.07032091915607452,-27.362812042236328,-0.31846562027931213,1.1967897415161133,0.006556570529937744,97,32,27,0.04275543987751007,0.49019607843137253,0.3,120,156,wall,both,1,1,1,1,1,1,0.0,4,4,0,alpha,full,huber,-6.592151030321219,-6.062969400451717,-1.2859993677512567,-6.662267192365995,-5.781716959426757,-1.2785648950958366,-6.6592142135677586,-5.750568105393821,-1.281202424798485,56.4352618755573,0.04275543987751007,80,0.7883222997188568,1.0,1.0,disabled,single,3,row_9,row_8,-0.31846562027931213,-0.39590176939964294,0.5021676491597499,0.4647491870072216,0.8147928521461562,0.07743614912033081,0.3703556322945275,0,70,0,disabled,0,0.0,50.0,alpha
1216,0.23233027756214142,-0.02230469509959221,-28.629467010498047,-0.29415324330329895,1.1504939794540405,0.0017014145851135254,101,31,30,0.034292109310626984,0.4807692307692307,0.3,120,162,wall,both,1,1,1,1,1,1,0.0,2,2,0,alpha,full,huber,-6.635824223080926,-6.082176196204123,-1.342232511071735,-6.6413273079461,-6.1547352256998344,-1.2756712010827707,-6.603264388398484,-6.127613645990978,-1.2793211163434821,59.08872034490389,0.03429211303591728,80,0.4867973178625107,1.0,1.0,disabled,single,3,row_9,row_8,-0.29415324330329895,-0.4237184226512909,0.5133900449813955,0.4510015149220162,0.8201729487232867,0.12956517934799194,0.3725661578049485,0,70,0,disabled,0,0.0,50.0,alpha
1220,1.054343581199646,-0.45935550332069397,-35.857337951660156,-0.22378261387348175,1.0035017728805542,0.0005671977996826172,102,47,36,0.026965081691741943,0.44776119402985076,0.3,120,185,wall,both,1,1,1,1,1,1,0.0,3,3,0,alpha,full,huber,-6.697318601917429,-6.628510725070006,-1.382558736660052,-6.600105934866239,-6.727816617355165,-1.323691340476523,-6.525672588883225,-6.7105571963928625,-1.2885618576147047,66.59873035532178,0.026965085417032242,80,1.2954949140548706,1.0,1.0,disabled,single,3,row_9,row_8,-0.22378261387348175,-0.5176570415496826,0.5469403073817168,0.40767294253906217,0.8361933050839425,0.29387442767620087,0.3796329959144007,0,70,0,disabled,0,0.0,50.0,alpha
1224,0.7844452261924744,-0.25427863001823425,-34.92756652832031,-0.2405373603105545,1.040185809135437,0.004847288131713867,98,46,37,0.03933663293719292,0.4531722054380664,0.3,120,181,wall,both,1,1,1,1,1,1,0.0,3,3,0,alpha,full,huber,-6.630927683249446,-6.816343390794694,-1.3177390229946107,-6.645390337165253,-7.098488032123897,-1.3318417988743023,-6.542290488969165,-7.093681520391002,-1.3025451640941634,59.407191894514916,0.039336636662483215,80,0.9940016865730286,1.0,1.0,disabled,single,3,row_9,row_8,-0.2405373603105545,-0.4928978383541107,0.5384148076397974,0.41832925044363206,0.8337653946647928,0.2523604780435562,0.3785886376735802,0,70,0,disabled,0,0.0,50.0,alpha
1228,1.2165372371673584,-0.6115549206733704,0.0,-0.029419410973787308,0.3622347414493561,0.00799262523651123,0,0,0,0.03080753982067108,0.5,0.3,0,0,wall,both,1,1,1,1,1,1,0.0,0,0,0,alpha,full,huber,-7.23311573160381,-7.355127380006394,-1.2897229822357708,-6.700116468579404,-7.46742592138959,-1.3660854699183844,-6.5747018352496935,-7.4971225021094,-1.3310025648408876,62.21408838279585,0.03080753982067108,80,1.5748445391654968,1.0,1.0,disabled,single,3,row_9,row_8,-0.029419410973787308,-1.0430011749267578,0.6513454060906121,0.2363841687581056,0.8656958410538242,1.0135817639529705,0.3992957887942127,0,70,0,disabled,0,0.0,50.0,alpha
1232,0.17738626897335052,-0.013002432882785797,0.0,-0.08442804217338562,0.33336353302001953,0.12097269296646118,0,0,0,0.028395218774676323,0.5,0.3,0,0,wall,both,1,1,1,1,1,1,0.0,0,0,0,alpha,full,huber,-7.076264376504007,-8.350123802546108,-1.8685359436155131,-6.785786664166637,-7.973017520703747,-1.5068756694308942,-6.642337814691792,-7.957069458130305,-1.4166740623008205,62.44750742964774,0.028395218774676323,80,0.6725197434425354,1.0,1.0,disabled,single,3,row_9,row_8,-0.08442804217338562,-1.1151303052902222,0.650650346436777,0.23212363345632217,0.8699432242304137,1.0307022631168365,0.3453548411389172,0,70,0,disabled,0,0.0,50.0,alpha
1236,0.02812020853161812,-0.000326754612615332,0.0,-0.005997136235237122,0.1477915197610855,0.016736328601837158,0,0,0,0.025937752798199654,0.5,0.3,0,0,wall,both,1,1,1,1,1,1,0.0,0,0,0,alpha,full,huber,-7.295068843315153,-8.204087564076758,-1.5547693906819793,-6.9874016168772926,-8.451100358237422,-1.582472768659125,-6.794179444588103,-8.473024703965212,-1.4884567344462791,61.367465305652324,0.025937752798199654,80,0.5895933210849762,1.0,1.0,disabled,single,3,row_9,row_8,-0.005997136235237122,-1.2529950141906738,0.6629888894617718,0.19052060550803265,0.8697468532090988,1.2469978779554367,0.40499991067766533,0,70,0,disabled,0,0.0,50.0,alpha
1240,0.19356852769851685,-0.015482965856790543,0.0,-0.2768665552139282,1.1161490678787231,0.0024553537368774414,0,0,0,0.022425860166549683,0.5,0.3,0,0,wall,both,1,1,1,1,1,1,0.0,0,0,0,alpha,full,huber,-5.885278320278124,-8.897620835802186,-1.3151123466499628,-6.836087072468636,-9.181575580901038,-1.4743274184423918,-6.788361641415089,-9.212519695282312,-1.476787000348645,66.23585872138905,0.022425860166549683,80,1.4329654574394226,1.0,1.0,disabled,single,3,row_8,row_9,-0.2768457233905792,-0.4242413640022278,0.5165847328770797,0.4457880819540522,0.8247880547042623,0.14739564061164856,0.3836702284499881,1,71,0,disabled,0,0.0,50.0,alpha
1244,0.4425183832645416,-0.08091840147972107,0.0,-0.019886497408151627,0.299145370721817,0.0002644658088684082,0,0,0,0.02224547415971756,0.5,0.3,0,0,wall,both,1,1,1,1,1,1,0.0,0,0,0,alpha,full,huber,-6.8909762429332995,-10.058348090230218,-1.3010676459280432,-6.92542216893885,-10.35949962642251,-1.518201766223684,-6.806971826420833,-10.445487826362513,-1.495796724134065,86.90068874903305,0.02224547415971756,133,1.126475214958191,1.0,1.0,disabled,single,3,row_9,row_8,-0.019886497408151627,-1.2674524784088135,0.6705507737980502,0.19258419681045522,0.857410135452092,1.2475659810006618,0.37976935644253224,1,72,0,disabled,0,0.0,50.0,alpha
1248,0.11860355734825134,-0.0058127292431890965,0.0,-1.1199891567230225,1.9298635721206665,0.2676301598548889,0,0,0,0.01109293568879366,0.5,0.3,0,0,wall,both,1,1,1,1,1,1,0.0,0,0,0,alpha,full,huber,-6.197726155918582,-11.537042731958799,-2.027070333193923,-6.466526318752214,-11.644234088275681,-2.315065388210257,-6.573450040854418,-11.720667610465602,-2.3801295287362048,129.8858864647082,0.011092936620116234,164,0.8910835683345795,1.0,1.0,disabled,single,3,row_9,row_8,-1.1199891567230225,-1.8488510847091675,0.614727897091827,0.29658023774253983,0.8744500723174722,0.728861927986145,-0.6334136038871591,0,72,0,disabled,0,0.0,50.0,alpha
1252,1.0477921962738037,-0.4536646604537964,0.0,-1.7372078895568848,2.1417911052703857,0.4193621277809143,0,0,0,0.008469540625810623,0.5,0.3,0,0,wall,both,1,1,1,1,1,1,0.0,0,0,0,alpha,full,huber,-6.22224590711056,-11.781241769918154,2.8148070327863266,-6.731705835490494,-12.150070588204049,-3.1125754089501316,-6.921236077778243,-12.205392195351791,3.1116969072642098,206.0607194940602,0.008469540625810623,250,1.842072308063507,1.0,1.0,disabled,single,3,row_9,row_8,-1.7372078895568848,-2.652477502822876,0.6725973993421699,0.26931382073393295,0.7853726557625904,0.9152696132659912,-1.340599543299207,0,72,0,disabled,0,0.0,50.0,alpha
1256,1.162738561630249,-0.5586615800857544,-41.04758071899414,-1.312428593635559,2.342219352722168,0.15120601654052734,51,0,73,0.018517838791012764,0.5474452554744526,0.3,115,124,wall,both,1,1,1,1,1,1,0.0,2,2,0,alpha,full,huber,-7.877005032694063,-12.000500512742953,2.420619043886296,-7.5250104236808975,-12.229742274439568,2.2576267266628633,-7.642238592196103,-12.20715402194179,2.2153140768230015,153.26368556664505,0.018517840653657913,250,1.0395707488059998,1.0,1.0,disabled,single,3,row_9,row_10,-1.312428593635559,-1.550832748413086,0.5391342125616992,0.42477532752755104,0.8166452322145495,0.23840415477752686,-0.6946378574637441,0,72,0,disabled,0,0.0,50.0,alpha
1260,1.1883091926574707,-0.5835036039352417,-22.446020126342773,-0.337822824716568,1.232741117477417,0.005482017993927002,89,6,32,0.023046545684337616,0.5415162454873647,0.3,120,127,wall,both,1,1,1,1,1,1,0.0,7,7,0,alpha,full,huber,-8.397808423595922,-9.621156254292798,1.7587652039087587,-8.465717471299637,-10.51415296014923,1.4904011310825418,-8.624128680679583,-10.572192975015827,1.505462315127775,157.8110838246345,0.023046543821692467,250,1.4154813885688782,1.0,1.0,disabled,single,3,row_9,row_10,-0.337822824716568,-0.3532331585884094,0.4881138311872052,0.48064949574937316,0.8104818429934678,0.01541033387184143,0.3793838149839338,0,72,0,disabled,0,0.0,50.0,alpha
1264,1.118409514427185,-0.5168759822845459,-30.155193328857422,-0.14778973162174225,0.8152854442596436,0.004448354244232178,92,23,32,0.011291696690022945,0.5050505050505051,0.3,120,147,wall,both,1,1,1,1,1,1,0.0,8,8,0,alpha,full,huber,-8.17750921550286,-8.69970157694493,1.8643921121943352,-8.210929515602498,-9.186114591883442,1.4875687087112883,-8.360476530939067,-9.253618702893894,1.4873177134157576,199.12437952399117,0.011291696690022945,250,1.4962869882583618,1.0,1.0,disabled,single,3,row_9,row_10,-0.14778973162174225,-0.6023048758506775,0.5770321836490714,0.3662744435887715,0.8478767901265833,0.45451514422893524,0.40206750485308873,0,72,0,disabled,0,0.0,50.0,alpha
1268,0.6242772936820984,-0.1610422134399414,-23.270795822143555,-0.17421923577785492,0.8852617740631104,0.004028677940368652,131,13,39,0.021225430071353912,0.4504504504504505,0.3,120,183,wall,both,1,1,1,1,1,1,0.0,11,11,0,alpha,full,huber,-8.405082297832553,-7.926192604951343,1.8598276214166285,-8.244855052875916,-8.437672396141085,1.5638412840129128,-8.277279695496519,-8.570543180752466,1.5169480620653992,162.66066758375928,0.021225430071353912,250,1.1985347270965576,1.0,1.0,disabled,single,3,row_9,row_10,-0.17421923577785492,-0.5546106696128845,0.5640313309131936,0.38556830677490167,0.8410348502855115,0.3803914338350296,0.39842624198460996,0,72,0,disabled,0,0.0,50.0,alpha
1272,0.21221695840358734,-0.01860993355512619,-13.955297470092773,-0.22991089522838593,1.016903281211853,0.005252659320831299,156,7,29,0.020734405145049095,0.43859649122807015,0.3,120,192,wall,both,1,1,1,1,1,1,0.0,9,9,0,alpha,full,huber,-8.631974313051296,-7.335338776649717,1.8278929990840336,-8.49162913063054,-7.793620564676018,1.6994278849629911,-8.38429780994417,-7.941491774608785,1.5901874035924166,140.9586136288095,0.020734405145049095,250,1.0549840927124023,1.0,1.0,disabled,single,3,row_9,row_10,-0.22991089522838593,-0.4761173725128174,0.5379970740685187,0.42058501894047945,0.82965421695567,0.24620647728443146,0.38999126214110735,0,72,0,disabled,0,0.0,50.0,alpha
1276,0.669436514377594,-0.18518398702144623,-20.594192504882812,-0.2452225238084793,1.050419569015503,0.00255739688873291,124,27,28,0.01269615814089775,0.45592705167173253,0.3,120,179,wall,both,1,1,1,1,1,1,0.0,10,10,0,alpha,full,huber,-8.715318578476783,-7.018110863759987,1.7968860039940031,-8.54069917303747,-7.139062092518596,1.7225613518568668,-8.474848933341551,-7.266552854752128,1.6538999639589722,181.02051894142386,0.01269615814089775,250,0.810570627450943,1.0,1.0,disabled,single,3,row_9,row_10,-0.2452225238084793,-0.4600585103034973,0.5317080875291313,0.4289149487450778,0.8263018509018416,0.214835986495018,0.3864381240791567,0,72,0,disabled,0,0.0,50.0,alpha
1280,0.173420712351799,-0.012427580542862415,-18.561689376831055,-0.26114341616630554,1.0840356349945068,0.0008107423782348633,97,0,26,0.01368257962167263,0.5494505494505495,0.3,120,123,wall,both,1,1,1,1,1,1,0.0,4,4,0,alpha,full,huber,-8.90484946366399,-6.072131555641265,1.7812876484868552,-8.828060986561924,-5.968081160483067,1.7285437588194528,-8.715160936207408,-5.999597822326285,1.6804207046195687,166.69428840242531,0.01368258148431778,235,0.6889724731445312,1.0,1.0,disabled,single,3,row_9,row_10,-0.26114341616630554,-0.446047842502594,0.5256327289533299,0.43689736665267487,0.8228972418185256,0.18490442633628845,0.38200912788599173,0,72,0,disabled,0,0.0,50.0,alpha
1284,0.23721539974212646,-0.023252541199326515,-21.910717010498047,-0.12554509937763214,0.7457520961761475,0.021896958351135254,101,0,26,0.011072097346186638,0.5415162454873647,0.3,120,127,wall,both,1,1,1,1,1,1,0.0,11,11,0,alpha,full,huber,-8.692554198666256,-5.310286315383981,1.9506716647841502,-8.802253513509058,-5.38578342071704,1.6854333383310687,-8.788601571610199,-5.429959105015075,1.6765364640312068,186.20723455528915,0.011072098277509212,250,0.6768555641174316,1.0,1.0,disabled,single,3,row_9,row_10,-0.12554509937763214,-0.6864798665046692,0.5968806644048837,0.34062509154224574,0.8481337164688714,0.560934767127037,0.39049297831211793,0,72,0,disabled,0,0.0,50.0,alpha
1288,0.5200707912445068,-0.11176596581935883,-27.98385238647461,-0.15027561783790588,0.8178137540817261,0.02010047435760498,125,27,20,0.013438158668577671,0.46583850931677023,0.3,120,172,wall,both,1,1,1,1,1,1,0.0,8,8,0,alpha,full,huber,-8.871875877679894,-4.457005221316033,1.8811454601053876,-8.93396892580591,-4.680780584264497,1.706401083470946,-8.899326851730581,-4.727969379620426,1.6873778575322422,145.80999297951195,0.013438158668577671,180,0.879707008600235,1.0,1.0,disabled,single,3,row_9,row_10,-0.14949288964271545,-0.6560782790184021,0.5868511706718295,0.3536069041940088,0.8483534414788274,0.5065853893756866,0.38349114395532025,0,72,0,disabled,0,0.0,50.0,alpha
1292,0.7913029789924622,-0.2587439715862274,-22.197349548339844,-0.1130354031920433,0.7096493244171143,0.016593217849731445,125,0,20,0.012018929235637188,0.5084745762711864,0.3,120,145,wall,both,1,1,1,1,1,1,0.0,8,8,0,alpha,full,huber,-9.058188354713618,-3.309752222069535,1.9087192850587016,-8.954580302112035,-3.3550628561963345,1.6158269669620553,-9.000515850388638,-3.368327707359475,1.6421380470301798,156.56335161043148,0.012018929235637188,180,0.99880051612854,1.0,1.0,disabled,single,3,row_9,row_10,-0.1130354031920433,-0.7029976844787598,0.6033160581083925,0.3344471670068459,0.8439958221318438,0.5899622812867165,0.39227867357777857,0,72,0,disabled,0,0.0,50.0,alpha
1296,0.3006097674369812,-0.037341415882110596,-30.021501541137695,-0.21547891199588776,0.9846896529197693,0.0015009641647338867,113,53,21,0.01135349739342928,0.44510385756676557,0.3,120,187,wall,both,1,1,1,1,1,1,0.0,8,8,0,alpha,full,huber,-9.487617365929417,-2.346331625071676,1.7810915431140337,-9.295856421789184,-1.9666132533522833,1.7341274831909315,-9.212878143285785,-1.8987718052971427,1.702234110000039,186.544150631531,0.011353498324751854,246,1.1207085847854614,1.0,1.0,disabled,single,3,row_9,row_10,-0.21547891199588776,-0.5277804136276245,0.5527246500348811,0.40446226960241866,0.8287260527731058,0.31230150163173676,0.3774164098383468,0,72,0,disabled,0,0.0,50.0,alpha
1300,0.46393391489982605,-0.08893994987010956,-27.781949996948242,-0.19464141130447388,0.9358873963356018,0.0002416372299194336,135,36,25,0.010309979319572449,0.43352601156069365,0.3,120,196,wall,both,1,1,1,1,1,1,0.0,7,7,0,alpha,full,huber,-9.628716095845178,-1.3197897956829117,1.7770294262887685,-9.530674068119842,-0.991048340206536,1.7805898381727943,-9.45277506398245,-0.9070187131829734,1.75402992284915,185.26307701054316,0.010309980250895023,250,0.9031797349452972,1.0,1.0,disabled,single,3,row_9,row_10,-0.19464141130447388,-0.5615126490592957,0.5636150485723653,0.39052822379671503,0.8317050023464925,0.3668712377548218,0.3787423872069626,0,72,0,disabled,0,0.0,50.0,alpha
1304,0.8261706233024597,-0.28204870223999023,-20.48810577392578,-0.14375481009483337,0.7992489337921143,0.02099710702896118,113,5,19,0.011206825263798237,0.5226480836236934,0.3,120,137,wall,both,1,1,1,1,1,1,0.0,4,4,0,alpha,full,huber,-9.608763913389508,-0.6678499858607595,1.952113141859173,-9.902236697932358,-0.1759192111917267,1.841285705690751,-9.782264694163327,-0.06087553980840446,1.8045023002070302,189.61168944768195,0.011206825263798237,250,1.5789642333984375,1.0,1.0,disabled,single,3,row_9,row_10,-0.14375481009483337,-0.6606689691543579,0.5902478638415786,0.3519990222254253,0.8434053339583555,0.5169141590595245,0.38345791200221835,0,72,0,disabled,0,0.0,50.0,alpha
1308,0.8461722135543823,-0.295870840549469,-18.469547271728516,-0.22927764058113098,1.0157506465911865,2.9802322387695312e-05,147,5,29,0.011148103512823582,0.4531722054380664,0.3,120,181,wall,both,1,1,1,1,1,1,0.0,9,9,0,alpha,full,huber,-10.13797767670284,1.222408653348808,1.8676815089166343,-10.573613701086618,1.664230913011774,1.9142479626067752,-10.428745904524375,1.775284414015794,1.8794982099554982,146.82980241967692,0.011148103512823582,175,0.9227434992790222,1.0,1.0,disabled,single,3,row_9,row_10,-0.22927764058113098,-0.49500608444213867,0.5410853638275975,0.41482162622112595,0.8349614651932293,0.2657284438610077,0.384900583041454,0,72,0,disabled,0,0.0,50.0,alpha
1312,0.12583306431770325,-0.006542959250509739,-23.680814743041992,-0.16552229225635529,0.8625801801681519,0.0066231489181518555,112,16,20,0.011634619906544685,0.5033557046979865,0.3,120,148,wall,both,1,1,1,1,1,1,0.0,2,2,0,alpha,full,huber,-10.333584742504817,2.808718615428151,1.877712619926096,-10.612544187927025,2.8478059454568854,1.8743822371838996,-10.684148113564667,2.8490681201541075,1.8967119501569565,141.96014092458307,0.011634619906544685,202,0.7871189117431641,1.0,1.0,disabled,single,3,row_9,row_10,-0.16552229225635529,-0.6050342917442322,0.5760034208569681,0.37114825805410195,0.8410039245069183,0.4395119994878769,0.3861193870597346,0,72,0,disabled,0,0.0,50.0,alpha
1316,0.9378958940505981,-0.3634912073612213,-22.79581069946289,-0.2176363617181778,0.9893040657043457,0.005908071994781494,99,24,28,0.016022924333810806,0.4983388704318937,0.3,120,151,wall,both,1,1,1,1,1,1,0.0,3,3,0,alpha,full,huber,-10.486692604645375,2.9324268711092616,1.8713121498342318,-10.6614160573458,3.3545644878033345,1.8506954137129297,-10.765483222457739,3.4047441468354775,1.878745336092983,163.88065601236298,0.016022926196455956,224,1.6242396831512451,1.0,1.0,disabled,single,3,row_9,row_10,-0.2176363617181778,-0.5153022408485413,0.5488682135839752,0.4075617624319438,0.8315983200761166,0.29766587913036346,0.38226055268721015,0,72,0,disabled,0,0.0,50.0,alpha
1320,0.8111577033996582,-0.2718912363052368,-19.729997634887695,-0.306777685880661,1.1722259521484375,0.018646180629730225,103,11,22,0.008422483690083027,0.5244755244755245,0.3,120,136,wall,both,1,1,1,1,1,1,0.0,2,2,0,alpha,full,huber,-10.817520250842252,3.8168200625517166,1.9217204920163455,-11.143353181952453,4.293644998593112,1.9549937536848845,-11.128438273239567,4.381355434738307,1.921296337963641,200.20071469243967,0.008422483690083027,250,1.1161489486694336,1.0,1.0,disabled,single,3,row_9,row_10,-0.306777685880661,-0.41826120018959045,0.5099571154923114,0.45615976983977224,0.816153948713409,0.11148351430892944,0.36665095818861504,0,72,0,disabled,0,0.0,50.0,alpha
1324,0.12033753842115402,-0.005983935669064522,-18.172208786010742,-0.2583315372467041,1.0779141187667847,0.005682229995727539,98,0,35,0.013984868302941322,0.5300353356890459,0.3,120,133,wall,both,1,1,1,1,1,1,0.0,1,1,0,alpha,full,huber,-10.877725756114494,4.753101278844728,1.8590685308103838,-11.193087941583173,4.975082337159473,1.8990133506762779,-11.284211488585868,5.036727618831531,1.9143452936721301,126.10061334664246,0.013984868302941322,169,0.8371028304100037,1.0,1.0,disabled,single,3,row_9,row_10,-0.2583315372467041,-0.47890594601631165,0.532876363264129,0.42739772698438905,0.8268786626919569,0.22057440876960754,0.37113430833453387,0,72,0,disabled,0,0.0,50.0,alpha
1328,1.4412975311279297,-0.8584043383598328,-22.04822540283203,-0.197196826338768,0.941998302936554,0.001163482666015625,92,0,45,0.017902757972478867,0.5226480836236934,0.3,120,137,wall,both,1,1,1,1,1,1,0.0,1,1,0,alpha,full,huber,-10.848796564416988,5.348064420110798,1.800657135828141,-11.165182739891547,5.525537804232587,1.8348438294197653,-11.312468680020693,5.567563277920951,1.8795161444915554,120.71473566879556,0.017902759835124016,169,1.9882242679595947,1.0,1.0,disabled,single,3,row_9,row_10,-0.197196826338768,-0.5447000861167908,0.5585728285837902,0.39460361335706823,0.8355718434536772,0.34750325977802277,0.38517344230641926,0,72,0,disabled,0,0.0,50.0,alpha
1332,0.8153021931648254,-0.27467674016952515,-32.11773681640625,-0.1189643070101738,0.7188767194747925,0.03178447484970093,71,0,49,0.019368870183825493,0.5555555555555556,0.3,120,120,wall,both,1,1,1,1,1,1,0.0,2,2,0,alpha,full,huber,-10.683920641705683,5.685553991643348,1.4996122936031595,-11.075992521647704,5.864989897240184,1.8268811039070312,-11.23523752734895,5.8968048461847715,1.8547069868554136,97.40662780342596,0.019368870183825493,138,1.392586886882782,1.0,1.0,disabled,single,3,row_9,row_10,-0.1189643070101738,-0.6965491771697998,0.5997483419330352,0.3366100931705826,0.8484295556820702,0.577584870159626,0.3922808348528376,0,72,0,disabled,0,0.0,50.0,alpha
1336,1.5281723737716675,-0.9650044441223145,-26.703237533569336,-0.14406733214855194,0.8051705360412598,0.0004304051399230957,75,0,45,0.02659047394990921,0.5555555555555556,0.3,120,120,wall,both,1,1,1,1,1,1,0.0,2,2,0,alpha,full,huber,-10.815264802704489,5.93945133892548,1.7102102395923717,-10.979831396376323,6.1410193509415345,1.7387086017113462,-11.135298934045505,6.17003897236115,1.7989377107701312,76.95534418121164,0.026590468361973763,107,1.9335905313491821,1.0,1.0,disabled,single,3,row_9,row_10,-0.14406733214855194,-0.6209267377853394,0.5828110162380006,0.36176816220709995,0.8428049263344193,0.4768594056367874,0.3958249704296837,0,72,0,disabled,0,0.0,50.0,alpha
1340,0.8841031789779663,-0.32299110293388367,0.0,-0.0525207482278347,0.48550885915756226,0.0058310627937316895,0,0,0,0.022851256653666496,0.5,0.3,0,0,wall,both,1,1,1,1,1,1,0.0,0,0,0,alpha,full,huber,-10.54634265720471,6.416162454538357,1.5728253610094978,-10.795768159501174,6.787523373163329,1.5461907735546865,-11.021100308614681,6.822094638184616,1.6772709015285834,82.57605923654629,0.022851256653666496,102,1.5485877990722656,1.0,1.0,disabled,single,3,row_9,row_10,-0.0525207482278347,-0.8947968482971191,0.6355975121177659,0.2737702963662008,0.8603093359592371,0.8422761000692844,0.40066901032569857,0,72,0,disabled,0,0.0,50.0,alpha
1344,0.3300369381904602,-0.045010074973106384,-26.906070709228516,-0.558617115020752,1.5853127241134644,0.005525052547454834,47,0,40,0.022065332159399986,0.6329113924050632,0.3,87,87,wall,both,1,1,1,1,1,1,0.0,3,3,0,alpha,full,huber,-11.400064102995124,7.695507518059291,1.7860371000792172,-11.205970059886674,7.958369778351252,1.7222839032505568,-11.186464150322067,8.042912468211515,1.7117700324633889,106.10785962087945,0.022065332159399986,153,1.111756682395935,1.0,1.0,disabled,single,3,row_9,row_10,-0.558617115020752,-0.7527188658714294,0.5275167938536849,0.4344491690704223,0.8239199998380823,0.1941017508506775,0.08095746242849022,0,72,0,disabled,0,0.0,50.0,alpha
1348,0.6115739941596985,-0.15455485880374908,-36.84091567993164,-0.5548099875450134,1.5800703763961792,0.0011090636253356934,25,0,59,0.010943468660116196,0.641025641025641,0.3,84,84,wall,both,1,1,1,1,1,1,0.0,3,3,0,alpha,full,huber,-10.746715611961099,8.230792765726362,1.6337679721349572,-10.950381765000802,8.532136151799154,1.9308043875430299,-11.094525406275203,8.579092904232665,2.0013403133397656,187.0174812287781,0.01094346959143877,246,1.2097191214561462,1.0,1.0,disabled,single,3,row_9,row_10,-0.5548099875450134,-1.5871111154556274,0.6584819803957995,0.2345423170889706,0.8543471552554015,1.032301127910614,-0.13699186474886227,0,72,0,disabled,0,0.0,50.0,alpha
1352,0.27802202105522156,-0.03194059804081917,-31.527713775634766,-1.0949739217758179,1.948992133140564,0.24790632724761963,42,0,24,0.01320809405297041,0.6944444444444444,0.3,66,66,wall,both,1,1,1,1,1,1,0.0,2,2,0,alpha,full,huber,-11.63422193290936,7.990392583017044,2.4004323893178174,-11.382580094357674,8.564823305466458,2.3195090357653307,-11.288130815067237,8.647832679103367,2.2668272004089838,173.70557536989298,0.01320809405297041,250,1.2660544514656067,1.0,1.0,disabled,single,3,row_10,row_9,-1.0610160827636719,-1.0949739217758179,0.492881472511731,0.4764252726303177,0.8088763336049348,0.033957839012145996,-0.35352952804979487,1,73,0,disabled,0,0.0,50.0,alpha
1356,0.2703493535518646,-0.030201973393559456,-40.25322341918945,-1.852906346321106,2.535527467727661,0.3224037289619446,17,0,63,0.008725661784410477,0.6521739130434783,0.3,58,80,wall,both,1,1,1,1,1,1,0.0,1,1,0,alpha,full,huber,-11.67855988496438,8.773034782680849,2.507176175317637,-11.706824861014262,8.87893934093971,2.7189947131698466,-11.639078617887815,8.919360652070244,2.688417398774165,186.4131755186576,0.008725661784410477,250,0.560940146446228,1.0,1.0,disabled,single,3,row_9,row_10,-1.852906346321106,-1.9352898597717285,0.501243689399403,0.46160468995836124,0.8253631809362275,0.08238351345062256,-1.1622434561536197,1,74,1,disabled,0,0.0,50.0,alpha
1360,0.3474179208278656,-0.04987570643424988,0.0,-1.7556474208831787,2.5333709716796875,0.2840966582298279,0,0,0,0.00990318227559328,0.5,0.3,0,0,wall,both,1,1,1,1,1,1,0.0,0,0,0,alpha,full,huber,-12.935016712990624,8.763232412027234,-2.1995705985543146,-12.42869932578601,8.992291970229964,-2.859994037471733,-12.30053780073122,9.070098429085206,-2.9357956151337614,180.45603469824874,0.009903181344270706,229,1.107464075088501,1.0,1.0,disabled,single,3,row_10,row_9,-1.7556474208831787,-2.930351734161377,0.7613851813435233,0.23519973000840183,0.5673712004395962,1.1747043132781982,-1.4830315232795914,1,75,1,disabled,0,0.0,50.0,alpha
1364,0.5815452337265015,-0.1397499442100525,0.0,-1.50013267993927,2.5973148345947266,0.015744030475616455,0,0,0,0.009339104406535625,0.5,0.3,0,0,wall,both,1,1,1,1,1,1,0.0,0,0,0,alpha,full,huber,-13.980500298817548,8.427548405602217,-1.604373820063652,-13.135056207796389,8.640442929820306,-2.0713408193273124,-13.009080324004712,8.781692185855277,-2.1898604989146553,192.13883969624123,0.009339104406535625,250,1.7814623713493347,1.0,1.0,disabled,single,3,row_10,row_9,-1.50013267993927,-3.9444518089294434,0.919782580735573,0.07982351919895285,0.2817871253739627,2.4443191289901733,-1.4165147177835773,0,75,1,disabled,0,0.0,50.0,alpha
1368,0.2054060995578766,-0.01743457280099392,0.0,-0.4488951563835144,1.3310645818710327,0.11626821756362915,0,0,0,0.008975321426987648,0.5,0.3,0,0,wall,both,1,1,1,1,1,1,0.0,0,0,0,alpha,full,huber,-13.582413618480563,7.100241352857073,-0.9396722138025035,-13.998211097050623,6.775506058702034,-0.9850471140691246,-14.137219211890525,6.858473269346329,-1.041701320025675,195.82583744599847,0.008975322358310223,250,1.1496533155441284,1.0,1.0,disabled,single,3,row_10,row_9,-0.4488951563835144,-2.789597988128662,0.9116989110205949,0.08776010061064432,0.3018851644416747,2.3407028317451477,-0.35644967154224483,0,75,0,disabled,0,0.0,50.0,alpha
1372,0.2092113196849823,-0.018086519092321396,0.0,-0.557212233543396,1.5676811933517456,0.052086472511291504,0,0,0,0.00694696931168437,0.5,0.3,0,0,wall,both,1,1,1,1,1,1,0.0,0,0,0,alpha,full,huber,-13.915565801245094,7.030465830389269,-1.1025156011347752,-13.89578901677297,6.686325406867511,-1.0092991297733294,-13.945558651026385,6.663101412820606,-1.0066729810038524,208.18224375436466,0.00694696931168437,250,0.8950797617435455,1.0,1.0,disabled,single,3,row_10,row_9,-0.557212233543396,-3.266033411026001,0.9373032265166161,0.06243872442431951,0.2359991600637657,2.708821177482605,-0.49246379865986656,0,75,0,disabled,0,0.0,50.0,alpha
1376,0.40343987941741943,-0.06725773960351944,0.0,-0.6162989139556885,1.658927321434021,0.03405797481536865,0,0,0,0.007955768145620823,0.5,0.3,0,0,wall,both,1,1,1,1,1,1,0.0,0,0,0,alpha,full,huber,-14.134282294330037,5.61990040465017,-1.1649547132070062,-13.88180078410922,6.346521387773162,-0.9629584730680215,-13.847689889329049,6.389723529893402,-0.9496711270776172,209.04147704616477,0.007955768145620823,250,1.2568700909614563,1.0,1.0,disabled,single,3,row_10,row_9,-0.6162989139556885,-3.810685396194458,0.9605364642405195,0.039373990670819856,0.16687010086857967,3.1943864822387695,-0.5760355802726118,0,75,0,disabled,0,0.0,50.0,alpha
1380,0.9598198533058167,-0.3806835412979126,0.0,-0.6440770626068115,1.7010780572891235,0.01596289873123169,0,0,0,0.011246365495026112,0.5,0.3,0,0,wall,both,1,1,1,1,1,1,0.0,0,0,0,alpha,full,huber,-14.11380375749988,5.143077136301698,-1.2740330872519454,-13.848504591893077,5.9454155039023835,-0.9276556442816751,-13.779797204714274,6.049853966269767,-0.905643952305724,190.30204698213362,0.011246365495026112,250,2.04385769367218,1.0,1.0,disabled,single,3,row_10,row_9,-0.6440770626068115,-3.9021501541137695,0.962887301572705,0.037034995314941414,0.15921396019930834,3.258073091506958,-0.6062581600933377,0,75,0,disabled,0,0.0,50.0,alpha
1384,0.5173893570899963,-0.11061643064022064,0.0,-0.28658899664878845,1.1346704959869385,0.01087808609008789,0,0,0,0.007556598633527756,0.5,0.3,0,0,wall,both,1,1,1,1,1,1,0.0,0,0,0,alpha,full,huber,-13.52911239173439,5.022066819535298,-1.3053160177862073,-13.677537784196835,5.543118892477674,-0.9575662744482241,-13.651305207774847,5.679041223425028,-0.9190131884725528,208.38514593310794,0.007556598633527756,250,1.1961811780929565,1.0,1.0,disabled,single,3,row_10,row_9,-0.28658899664878845,-2.9397366046905518,0.9339583911863808,0.06577792397536408,0.24499687901161402,2.6531476080417633,-0.21826560585217147,0,75,0,disabled,0,0.0,50.0,alpha
1388,0.8475611209869385,-0.29684290289878845,-29.52053451538086,-0.3367333710193634,1.2301623821258545,0.010436773300170898,67,0,53,0.01620282232761383,0.5555555555555556,0.3,120,120,wall,both,1,1,1,1,1,1,0.0,1,1,0,alpha,full,huber,-13.585758610546407,4.688321320553537,-1.3083467382554361,-13.466200192869657,5.148912827013446,-1.0101908356834337,-13.47891865792052,5.294971561958926,-0.9697238738534981,170.87503892487135,0.01620282232761383,250,1.3347764015197754,1.0,1.0,disabled,single,3,row_10,row_9,-0.3367333710193634,-3.13022518157959,0.9421252818635021,0.05766477205669783,0.22246853170717104,2.7934918105602264,-0.27711635337927093,0,75,0,disabled,0,0.0,50.0,alpha
1392,0.24955153465270996,-0.02573387138545513,-29.110870361328125,-0.26053735613822937,1.0826376676559448,0.004132211208343506,66,0,54,0.01629249006509781,0.5555555555555556,0.3,120,120,wall,both,1,1,1,1,1,1,0.0,1,1,0,alpha,full,huber,-13.458874638541998,4.871369220728216,-1.3620097095271704,-13.483133106906433,5.016079928581178,-1.1129033602344243,-13.415498015334709,5.045712119674272,-1.0371553000207583,137.65299225409638,0.016292491927742958,207,0.5001004338264465,1.0,1.0,disabled,single,3,row_10,row_9,-0.26053735613822937,-2.872404098510742,0.9313492452967581,0.0683586147346074,0.2520212740841502,2.611866742372513,-0.18941641330220266,0,75,0,disabled,0,0.0,50.0,alpha
1396,0.41185370087623596,-0.0700923427939415,0.0,-0.21913449466228485,0.9802454113960266,0.03705829381942749,0,0,0,0.007419195491820574,0.5,0.3,0,0,wall,both,1,1,1,1,1,1,0.0,0,0,0,alpha,full,huber,-13.250850912615828,3.993394835464221,-1.09903987406574,-12.947634235935288,3.509947197553148,-1.2369034438653363,-12.772501994474187,3.5482674101467966,-1.1518926337820643,194.03788173140254,0.007419195491820574,229,1.0144710540771484,1.0,1.0,disabled,single,3,row_10,row_9,-0.21913449466228485,-2.806546449661255,0.9297307184861953,0.06992918164826502,0.25648723538347157,2.58741195499897,-0.14627420988490647,0,75,0,disabled,0,0.0,50.0,alpha
1400,0.20074978470802307,-0.016653090715408325,-26.443283081054688,-0.2134982794523239,0.9801746010780334,3.68952751159668e-05,80,0,40,0.012904755771160126,0.5555555555555556,0.3,120,120,wall,both,1,1,1,1,1,1,0.0,4,4,0,alpha,full,huber,-13.025938463603259,2.8732595453476937,-1.38072260437906,-12.749372591177774,2.6685640700957984,-1.2232292521201102,-12.580583679413248,2.6619739231569346,-1.1561723763406975,153.61159486085202,0.012904753908514977,207,0.6684716939926147,1.0,1.0,disabled,single,3,row_10,row_9,-0.2134982794523239,-2.724264621734619,0.9245626166750549,0.07508001688149397,0.2697511773467205,2.5107663422822952,-0.13506377931751468,0,75,0,disabled,0,0.0,50.0,alpha
1404,0.18643204867839813,-0.014362359419465065,-29.434188842773438,-0.13982973992824554,0.7932380437850952,0.0006291866302490234,70,0,52,0.01612967625260353,0.551470588235294,0.3,120,122,wall,both,1,1,1,1,1,1,0.0,2,2,0,alpha,full,huber,-12.694975607241446,2.149812911632108,-1.4178761655767589,-12.67262412199418,2.2489579806254456,-1.2532040123346468,-12.566753152583892,2.288378096076877,-1.1980569208656016,118.76577998930665,0.01612967811524868,159,0.5599957704544067,1.0,1.0,disabled,single,3,row_10,row_9,-0.13982973992824554,-2.429202079772949,0.9074980351974037,0.09195681468263754,0.3116308544897107,2.2893723398447037,-0.042765862011039116,0,75,0,disabled,0,0.0,50.0,alpha
1408,0.7805290818214417,-0.25174611806869507,-31.05825424194336,-0.42594173550605774,1.3832242488861084,0.013662278652191162,72,12,50,0.016526848077774048,0.528169014084507,0.3,88,134,wall,both,1,1,1,1,1,1,0.0,2,2,0,alpha,full,huber,-13.286479353413197,2.1020270737689186,-1.2169102292427072,-12.65731285606596,1.753256149592053,-1.3571651716370523,-12.520732251100243,1.7489860440051288,-1.270169029311955,121.7023618999007,0.016526848077774048,159,1.7182673215866089,1.0,1.0,disabled,single,3,row_10,row_9,-0.42594173550605774,-3.3738319873809814,0.9500191929958947,0.04982874048173645,0.1994917989124447,2.9478902518749237,-0.3746686440679993,0,75,0,disabled,0,0.0,50.0,alpha
1412,1.0537407398223877,-0.45883041620254517,-30.02937889099121,-0.41314300894737244,1.3625829219818115,0.011693239212036133,62,5,58,0.016594432294368744,0.5454545454545454,0.3,120,125,wall,both,1,1,1,1,1,1,0.0,1,1,0,alpha,full,huber,-13.134182649121724,1.4134439798150873,-1.2293247987500246,-12.753385180472709,1.1304331409750867,-1.388272513894878,-12.571031113868035,1.158284172862174,-1.3220653386155121,112.13027988587133,0.016594432294368744,148,1.4276172518730164,1.0,1.0,disabled,single,3,row_10,row_9,-0.41314300894737244,-3.3420815467834473,0.9491053617670875,0.05073323804822109,0.20223085346767988,2.928938537836075,-0.3609075464030647,0,75,0,disabled,0,0.0,50.0,alpha
1416,0.45797184109687805,-0.08666868507862091,-30.42790985107422,-0.15949726104736328,0.8471940159797668,2.682209014892578e-05,75,4,45,0.02055221237242222,0.5474452554744526,0.3,120,124,wall,both,1,1,1,1,1,1,0.0,1,1,0,alpha,full,huber,-12.572956265427438,1.2407181178543758,-1.2901994551486602,-12.573444954305794,0.7760412425062131,-1.351412935307029,-12.521950743391063,0.7495865975114969,-1.3394270426481125,87.76035989548316,0.02055221050977707,122,0.9802482724189758,1.0,1.0,disabled,single,3,row_10,row_9,-0.15949726104736328,-2.5084822177886963,0.9123982977359737,0.08710302974862365,0.30002833008055296,2.348984956741333,-0.06781860677443527,0,75,0,disabled,0,0.0,50.0,alpha
1420,1.0991684198379517,-0.4992443323135376,-26.01755142211914,-0.31835290789604187,1.1968944072723389,0.0013151168823242188,71,0,49,0.0318581759929657,0.5555555555555556,0.3,120,120,wall,both,1,1,1,1,1,1,0.0,1,1,0,alpha,full,huber,-12.763800094141658,0.6258630912395456,-1.2462357352116737,-12.655735682643718,0.4727702681174506,-1.3736392754081124,-12.555380260795783,0.4269037713729837,-1.3514534967575784,61.38141847183197,0.0318581759929657,80,1.415810465812683,1.0,1.0,disabled,single,3,row_10,row_9,-0.31835290789604187,-3.041578769683838,0.9381474753239148,0.06160119674442442,0.23366923933601608,2.723225861787796,-0.2545047887216878,0,75,0,disabled,0,0.0,50.0,alpha
1424,0.3891313970088959,-0.06257159262895584,-32.236244201660156,-0.22320501506328583,1.0022039413452148,0.0007306337356567383,65,18,58,0.026143357157707214,0.5154639175257733,0.3,120,141,wall,both,1,1,1,1,1,1,0.0,1,1,0,alpha,full,huber,-12.316289172225252,-0.9898203340266386,-1.3670860433057173,-12.254375139175831,-0.7920119020289198,-1.2794861179416928,-12.26907724647711,-0.7851518174398143,-1.310999344239022,59.67898866549679,0.026143357157707214,80,0.619425892829895,1.0,1.0,disabled,single,3,row_10,row_9,-0.22320501506328583,-2.7554852962493896,0.9260549207488564,0.07360060614489992,0.2659192914602583,2.532280281186104,-0.14638327863257145,0,75,0,disabled,0,0.0,50.0,alpha
1428,0.9347596764564514,-0.3610643148422241,-32.13182830810547,-0.2540127635002136,1.0691325664520264,0.0008431673049926758,66,11,58,0.028964580968022346,0.5263157894736842,0.3,120,135,wall,both,1,1,1,1,1,1,0.0,3,3,0,alpha,full,huber,-12.325880750939394,-1.3386868105113994,-1.3642466864859446,-12.28647157694196,-1.2284867123310408,-1.349194906469218,-12.226011343900632,-1.22699939870577,-1.3298957685876434,63.33298316761095,0.028964580968022346,80,1.1738232970237732,1.0,1.0,disabled,single,3,row_10,row_9,-0.2540127635002136,-2.866985559463501,0.9314276098524639,0.06828879363786582,0.25176982413603005,2.6129727959632874,-0.18297595801594238,0,75,0,disabled,0,0.0,50.0,alpha
1432,1.082284688949585,-0.48402485251426697,-36.16023635864258,-0.3669525682926178,1.2840700149536133,0.011551260948181152,65,12,80,0.031087754294276237,0.4885993485342019,0.3,119,157,wall,both,1,1,1,1,1,1,0.0,3,3,0,alpha,full,huber,-12.398628648655608,-2.1433904116613025,-1.2352494921587396,-12.29191324322294,-1.9811937775482402,-1.4042745904988891,-12.19265106187137,-1.9251373171381094,-1.3638994078967182,61.08644462597239,0.031087754294276237,80,1.4744865894317627,1.0,1.0,disabled,single,3,row_10,row_9,-0.3669525682926178,-3.2260043621063232,0.945623933731977,0.05420608454637763,0.21235423222956318,2.8590517938137054,-0.3110422462722692,0,75,0,disabled,0,0.0,50.0,alpha
1436,0.47693389654159546,-0.09399419277906418,-36.119873046875,-0.27814897894859314,1.1187803745269775,0.00021344423294067383,42,12,64,0.05703439563512802,0.5597014925373135,0.3,85,118,wall,both,1,1,1,1,1,1,0.0,2,2,0,alpha,full,huber,-12.243893564733808,-2.071287342534816,-1.408052049356062,-12.156434029231047,-2.4060514561957103,-1.3806869131701152,-12.112666842839818,-2.475798744589092,-1.3778561586418019,51.55024765473631,0.05703439936041832,83,1.015592098236084,1.0,1.0,disabled,single,3,row_10,row_9,-0.27814897894859314,-2.9516091346740723,0.9352140530169308,0.06454194232477238,0.24154351958886816,2.673460155725479,-0.211169136761768,0,75,0,disabled,0,0.0,50.0,alpha
1440,0.6631671190261841,-0.1817316710948944,-33.90906524658203,-0.18769538402557373,0.9190370440483093,9.500980377197266e-05,61,6,68,0.02859826572239399,0.5263157894736842,0.3,120,135,wall,both,1,1,1,1,1,1,0.0,1,1,0,alpha,full,huber,-11.844926555602138,-3.1112212216929276,-1.3918096413600094,-11.923231932480896,-2.825423098590844,-1.3364494679635968,-11.964372582126753,-2.8938430223122076,-1.353229156936938,64.56110370624546,0.02859826572239399,80,0.8605439960956573,1.0,1.0,disabled,single,3,row_10,row_9,-0.18769538402557373,-2.6174981594085693,0.9187180903132389,0.08089698401074819,0.28433350735542756,2.4298027753829956,-0.10291942333547728,0,75,0,disabled,0,0.0,50.0,alpha
1444,0.8881927728652954,-0.3259861469268799,-35.841304779052734,-0.27202412486076355,1.1063754558563232,0.0015106797218322754,61,1,80,0.03077804110944271,0.5136986301369862,0.3,120,142,wall,both,1,1,1,1,1,1,0.0,2,2,0,alpha,full,huber,-11.960675460914523,-3.4960988819817325,-1.3230515142546857,-11.71922899023097,-3.634394336074973,-1.3214474450245006,-11.734923781529552,-3.7291618061412035,-1.348813732786938,59.74525461345002,0.03077804110944271,80,1.111331045627594,1.0,1.0,disabled,single,3,row_10,row_9,-0.27202412486076355,-2.8896431922912598,0.9317433935750559,0.06799528608970824,0.2508209445489785,2.617619067430496,-0.201326293872161,0,75,0,disabled,0,0.0,50.0,alpha
1448,0.426878422498703,-0.07529966533184052,-37.02517318725586,-0.16319692134857178,0.8563153147697449,0.007774770259857178,56,0,69,0.02493494376540184,0.5454545454545454,0.3,120,125,wall,both,1,1,1,1,1,1,0.0,1,1,0,alpha,full,huber,-11.549686218686457,-4.289335219810648,-1.4676729853954242,-11.547619781153799,-4.4985400991715006,-1.331562460625485,-11.541835699436058,-4.55138965387513,-1.3485922378844095,62.37856830411546,0.02493494376540184,80,0.566396564245224,1.0,1.0,disabled,single,3,row_10,row_9,-0.16313718259334564,-2.4674909114837646,0.9088095256538812,0.09072035930774675,0.3082288675254639,2.304353728890419,-0.067517433096537,0,75,0,disabled,0,0.0,50.0,alpha
1452,1.599172592163086,-1.0567574501037598,-39.62052536010742,-0.13500051200389862,0.7559817433357239,0.044268131256103516,58,4,87,0.021840332075953484,0.5016722408026756,0.3,120,149,wall,both,1,1,1,1,1,1,0.0,1,1,0,alpha,full,huber,-11.20050160421193,-5.542285667027099,-1.7060520216509327,-11.232310088859437,-5.396380457020415,-1.313091475906366,-11.28109384446048,-5.416704760967127,-1.3196090872968447,71.92362681913397,0.021840332075953484,80,1.7405527830123901,1.0,1.0,disabled,single,3,row_10,row_9,-0.13500051200389862,-2.3606202602386475,0.9019795480656563,0.09741421042424168,0.32439905950928644,2.225619748234749,-0.031837078842466546,0,75,0,disabled,0,0.0,50.0,alpha
1456,0.7053358554840088,-0.20557796955108643,-43.6960563659668,-0.09595800936222076,0.6132441759109497,0.055089712142944336,41,52,79,0.024625470861792564,0.46583850931677023,0.3,120,172,wall,both,1,1,1,1,1,1,0.0,1,1,0,alpha,full,huber,-10.839671282014658,-6.798890238392485,-1.0670201429319581,-10.93721501590592,-6.971885828856784,-1.2848487291829223,-10.8962330479945,-7.0348062498493,-1.2830974613165735,68.02379156258206,0.024625470861792564,80,1.1102508306503296,1.0,1.0,disabled,single,3,row_10,row_9,-0.09595800936222076,-2.167297601699829,0.8873660699985984,0.11182308347700234,0.3567955067375221,2.0713395923376083,0.023539666701792056,0,75,0,disabled,0,0.0,50.0,alpha
1460,0.7533124089241028,-0.23449571430683136,0.0,-0.24883325397968292,1.049182653427124,0.032133519649505615,0,0,0,0.014974826015532017,0.5,0.3,0,0,wall,both,1,1,1,1,1,1,0.0,0,0,0,alpha,full,huber,-11.185782411964,-7.3398671544844225,-1.1355222231427402,-10.924713452384086,-7.689512995986583,-1.329378202099218,-10.812523870094275,-7.730719773700718,-1.301386432968718,117.41297783162365,0.014974826015532017,138,1.4170085191726685,1.0,1.0,disabled,single,3,row_10,row_9,-0.24883325397968292,-2.7925753593444824,0.9268480798856481,0.0728241450618514,0.26381635414041854,2.5437421053647995,-0.1728676435145109,0,75,0,disabled,0,0.0,50.0,alpha
1464,0.2134505957365036,-0.018826924264431,-32.26328659057617,-0.2559058964252472,1.0723809003829956,0.00926220417022705,58,0,62,0.012786917388439178,0.5555555555555556,0.3,120,120,wall,both,1,1,1,1,1,1,0.0,1,1,0,alpha,full,huber,-10.905397151624287,-8.932395884262757,-1.2310360847429687,-10.771066666533445,-9.164360919562352,-1.355439915800489,-10.607334529954052,-9.179753839845747,-1.3193715557161314,137.75700045653514,0.012786917388439178,191,0.7789728045463562,1.0,1.0,disabled,single,3,row_10,row_9,-0.2559058964252472,-2.7777512073516846,0.9253402974718513,0.07431525508587741,0.2677250460349385,2.5218453109264374,-0.17831217645966935,0,75,0,disabled,0,0.0,50.0,alpha
1468,0.19887270033359528,-0.016343120485544205,0.0,-0.059518735855817795,0.44948336482048035,0.05985307693481445,0,0,0,0.009507139213383198,0.5,0.3,0,0,wall,both,1,1,1,1,1,1,0.0,0,0,0,alpha,full,huber,-10.132745286574137,-9.607708652701845,-1.0617563749030166,-10.422720278791585,-9.958973869119706,-1.2703736865769164,-10.403942148192709,-10.004861833675966,-1.2741318954589531,179.7315685679471,0.009507138282060623,235,1.0174013376235962,1.0,1.0,disabled,single,3,row_10,row_9,-0.05485258623957634,-1.8880289793014526,0.8610041634102454,0.1376787326618251,0.41058368378144333,1.8331763930618763,0.09480335277455196,0,75,0,disabled,0,0.0,50.0,alpha
1472,0.046109721064567566,-0.0008785563404671848,0.0,-0.22272062301635742,0.9832535982131958,0.04393559694290161,0,0,0,0.007107720710337162,0.5,0.3,0,0,wall,both,1,1,1,1,1,1,0.0,0,0,0,alpha,full,huber,-10.643939301801367,-9.789600308757773,-1.1119644003016393,-10.546148883702912,-9.952563568372298,-1.2771660403931102,-10.48215585272332,-9.976097787758949,-1.2756489679260314,200.37787914353322,0.007107720710337162,250,0.5454939007759094,1.0,1.0,disabled,single,3,row_10,row_9,-0.22272062301635742,-2.64375638961792,0.9180224852881375,0.08154753628367205,0.2862592156397206,2.4210357666015625,-0.13718722813267067,0,75,0,disabled,0,0.0,50.0,alpha
1476,0.619605541229248,-0.15864092111587524,0.0,-0.47979339957237244,1.465074896812439,0.0262182354927063,0,0,0,0.01531857717782259,0.5,0.3,0,0,wall,both,1,1,1,1,1,1,0.0,0,0,0,alpha,full,huber,-11.014532369636871,-10.507937446889075,-1.638984972304965,-10.551523138041983,-10.70688998615879,-1.2711810408689064,-10.418801512133864,-10.711906091505245,-1.2611170652636623,89.84330181302762,0.01531857717782259,102,1.2327563762664795,1.0,1.0,disabled,single,3,row_10,row_9,-0.47979339957237244,-3.561917543411255,0.9560209873080062,0.04384478230973324,0.18130122976350288,3.0821241438388824,-0.43481798665172006,0,75,0,disabled,0,0.0,50.0,alpha
1480,0.19115899503231049,-0.015099900774657726,0.0,-0.2635919153690338,1.0890949964523315,0.001392364501953125,0,0,0,0.02315731905400753,0.5,0.3,0,0,wall,both,1,1,1,1,1,1,0.0,0,0,0,alpha,full,huber,-10.653083544306732,-10.392409838725763,-1.462268135966713,-10.537449266707819,-10.685076380873177,-1.2762867050632096,-10.466083978638125,-10.75332245398809,-1.267097263372542,78.87842140403095,0.02315732091665268,102,0.7611033320426941,1.0,1.0,disabled,single,3,row_10,row_9,-0.2635919153690338,-2.9046311378479004,0.9331701993960575,0.0665230419661787,0.24731792682470907,2.6410392224788666,-0.19442424224379923,0,75,0,disabled,0,0.0,50.0,alpha
1484,0.19158481061458588,-0.01516724843531847,0.0,-0.062474917620420456,0.5285004377365112,0.009966433048248291,0,0,0,0.022613318637013435,0.5,0.3,0,0,wall,both,1,1,1,1,1,1,0.0,0,0,0,alpha,full,huber,-9.92557317130061,-10.625627122637356,-1.2681899678338884,-10.235429463482157,-11.184436201897165,-1.1981524561073889,-10.252099338920715,-11.26843866170535,-1.226428385043752,74.81213361909434,0.022613320499658585,92,0.8496149480342865,1.0,1.0,disabled,single,3,row_10,row_9,-0.062474917620420456,-1.9805409908294678,0.8708623247423445,0.12792163187129338,0.39162764752318724,1.9180660732090473,0.07579646274075555,0,75,0,disabled,0,0.0,50.0,alpha
1488,1.381624460220337,-0.7887959480285645,0.0,-0.45472031831741333,1.4119439125061035,0.05354267358779907,0,0,0,0.012765700928866863,0.5,0.3,0,0,wall,both,1,1,1,1,1,1,0.0,0,0,0,alpha,full,huber,-10.764445004067527,-10.991777125723448,-1.0807743511517192,-10.338043125512577,-11.123387832975421,-1.2499491226728885,-10.296180658000164,-11.197548712073804,-1.2380636207060634,127.11504582978941,0.012765699066221714,148,1.8625267148017883,1.0,1.0,disabled,single,3,row_10,row_9,-0.45472031831741333,-3.372401714324951,0.9485422064477711,0.05127713239310044,0.20398688174657684,2.917681396007538,-0.4018913258202507,0,75,0,disabled,0,0.0,50.0,alpha
1492,0.24525246024131775,-0.024854863062500954,0.0,-0.26950904726982117,1.0983117818832397,0.018814682960510254,0,0,0,0.016512298956513405,0.5,0.3,0,0,wall,both,1,1,1,1,1,1,0.0,0,0,0,alpha,full,huber,-10.393161208065328,-10.963162931564503,-1.2152029873035866,-10.23790534064946,-10.9883973769886,-1.1620800363901262,-10.263917892211815,-11.083127031113797,-1.2000666731407015,81.83586880444035,0.016512298956513405,102,0.5279096066951752,1.0,1.0,disabled,single,3,row_10,row_9,-0.26950904726982117,-2.7743752002716064,0.9241116802149394,0.07548747718282355,0.2711121072127637,2.5048661530017853,-0.1905866986591419,0,75,0,disabled,0,0.0,50.0,alpha
1496,0.3428640067577362,-0.04857674986124039,0.0,-0.20274712145328522,0.9495466947555542,0.024162232875823975,0,0,0,0.02193756215274334,0.5,0.3,0,0,wall,both,1,1,1,1,1,1,0.0,0,0,0,alpha,full,huber,-9.957752996564631,-11.098571356531476,-1.1892178666453446,-10.145675674113976,-11.026179786502984,-1.1576173708796604,-10.198884672258004,-11.05180604657785,-1.1788420220101807,65.8079213398668,0.02193756401538849,80,0.5885566771030426,1.0,1.0,disabled,single,3,row_10,row_9,-0.20274712145328522,-2.2440145015716553,0.8842160123545436,0.11482784543596156,0.3639782445818202,2.04126738011837,-0.07969323312540146,0,75,0,disabled,0,0.0,50.0,alpha
1500,0.5632545948028564,-0.13109740614891052,0.0,-0.5992074608802795,1.6419235467910767,0.005323946475982666,0,0,0,0.018454130738973618,0.5,0.3,0,0,wall,both,1,1,1,1,1,1,0.0,0,0,0,alpha,full,huber,-10.693614686976883,-11.43211777487157,-1.3062570095610984,-10.203331912049405,-11.07494857468812,-1.1701191155154336,-10.201235296101364,-11.064765137548289,-1.1744796414627356,78.39104776772359,0.01845412887632847,87,1.234310269355774,1.0,1.0,disabled,single,3,row_10,row_9,-0.5992074608802795,-3.530019760131836,0.9491802039189537,0.05064225817474658,0.20210357883254929,2.9308122992515564,-0.5470508506996602,0,75,0,disabled,0,0.0,50.0,alpha
1504,0.6716441512107849,-0.18640738725662231,0.0,-0.6026853322982788,1.6467037200927734,0.004955291748046875,0,0,0,0.027465524151921272,0.5,0.3,0,0,wall,both,1,1,1,1,1,1,0.0,0,0,0,alpha,full,huber,-10.698589332757411,-11.43401927868901,-1.3098986278553884,-10.301619482247217,-11.152715617595906,-1.2506517544866165,-10.25626385061202,-11.113574618688615,-1.2125628567166737,65.18598690915051,0.027465524151921272,80,1.2112271189689636,1.0,1.0,disabled,single,3,row_10,row_9,-0.6026853322982788,-3.5394458770751953,0.9494673314256828,0.05035714817511334,0.20124979730642728,2.9367605447769165,-0.55083117689515,0,75,0,disabled,0,0.0,50.0,alpha
1508,1.1174372434616089,-0.5159777402877808,0.0,-0.6004093289375305,1.6436505317687988,0.0037264227867126465,0,0,0,0.01678941771388054,0.5,0.3,0,0,wall,both,1,1,1,1,1,1,0.0,0,0,0,alpha,full,huber,-10.716959312556499,-11.41240722291821,-1.3231347251843035,-10.399122196473137,-11.142879906775345,-1.279593750938488,-10.334835940835635,-11.129692527136317,-1.2460783038275807,74.22292485402912,0.01678941771388054,80,1.591626226902008,1.0,1.0,disabled,single,3,row_10,row_9,-0.6004093289375305,-3.553760051727295,0.9502600127202043,0.0495699558789622,0.19888421652361896,2.9533507227897644,-0.5493896947018397,0,75,0,disabled,0,0.0,50.0,alpha
1512,0.08611901104450226,-0.003064662916585803,0.0,-0.3908925950527191,1.326180338859558,0.0037800073623657227,0,0,0,0.01914823055267334,0.5,0.3,0,0,wall,both,1,1,1,1,1,1,0.0,0,0,0,alpha,full,huber,-10.60544431121209,-11.065403507696649,-1.4964670552039339,-10.470919089008952,-11.12293775461967,-1.3558561089268995,-10.409681672330958,-11.125977402252161,-1.3009672063772397,67.1517922255782,0.01914823055267334,80,0.3095502257347107,1.0,1.0,disabled,single,3,row_10,row_9,-0.3908925950527191,-3.156541347503662,0.9405607101167747,0.05919442973222025,0.22701104625652677,2.765648752450943,-0.32961351362337665,0,75,0,disabled,0,0.0,50.0,alpha
1516,0.9869752526283264,-0.4025290012359619,0.0,-0.39419499039649963,1.331652045249939,0.005620837211608887,0,0,0,0.01951586827635765,0.5,0.3,0,0,wall,both,1,1,1,1,1,1,0.0,0,0,0,alpha,full,huber,-10.619596393799716,-11.056515287943487,-1.5155677589493077,-10.547603865231505,-11.13871387297631,-1.416993287966499,-10.485538878426258,-11.132982461150444,-1.358980247171869,68.75217653082112,0.01951586827635765,80,1.078474521636963,1.0,1.0,disabled,single,3,row_10,row_9,-0.39419499039649963,-3.1748857498168945,0.9413991500768464,0.05836266962619865,0.22464922070972546,2.780690759420395,-0.33380693755206825,0,75,0,disabled,0,0.0,50.0,alpha
1520,0.1868128925561905,-0.014421097934246063,0.0,-0.4613654613494873,1.4408211708068848,0.003120720386505127,0,0,0,0.016961097717285156,0.5,0.3,0,0,wall,both,1,1,1,1,1,1,0.0,0,0,0,alpha,full,huber,-10.602125805695097,-11.240738211752898,-1.3304684545454708,-10.563541638230259,-11.169817159124023,-1.3947013604326866,-10.528440396318459,-11.153241545035913,-1.3768408038022777,74.70548335036025,0.016961095854640007,80,0.3208734393119812,1.0,1.0,disabled,single,3,row_10,row_9,-0.4613654613494873,-3.253859758377075,0.9420505521851541,0.057717743592871504,0.22279835469813242,2.792494297027588,-0.4016691202438913,0,75,0,disabled,0,0.0,50.0,alpha
1524,0.4791403114795685,-0.09486588835716248,0.0,-0.6151115298271179,1.6633957624435425,0.007796347141265869,0,0,0,0.01936817355453968,0.5,0.3,0,0,wall,both,1,1,1,1,1,1,0.0,0,0,0,alpha,full,huber,-10.688070111783674,-11.46626582351146,-1.2845393759258352,-10.580377890772962,-11.205963076001446,-1.3965334534859108,-10.557006018268435,-11.182238387066956,-1.386687128644094,73.37841668740866,0.01936817355453968,80,0.8290511965751648,1.0,1.0,disabled,single,3,row_10,row_9,-0.6151115298271179,-3.545971632003784,0.9491825621669092,0.050639963199728105,0.2020963094796953,2.9308601021766663,-0.5629574041536725,0,75,0,disabled,0,0.0,50.0,alpha
1528,0.38912853598594666,-0.06257066875696182,0.0,-0.5990422368049622,1.6416791677474976,0.005616724491119385,0,0,0,0.016051478683948517,0.5,0.3,0,0,wall,both,1,1,1,1,1,1,0.0,0,0,0,alpha,full,huber,-10.745675813583974,-11.38122905671297,-1.303453587905644,-10.595108280276502,-11.221944071476669,-1.4162582746590187,-10.577962262372871,-11.204076513492296,-1.4014727016515562,76.97487675912068,0.016051478683948517,80,0.651128888130188,1.0,1.0,disabled,single,3,row_10,row_9,-0.5990422368049622,-3.578667163848877,0.9514912762547985,0.048347068596345744,0.19518410993050314,2.979624927043915,-0.5493174761037553,0,75,0,disabled,0,0.0,50.0,alpha
1532,0.73152756690979,-0.2211291790008545,0.0,-0.45894378423690796,1.436802864074707,0.006780445575714111,0,0,0,0.025012943893671036,0.5,0.3,0,0,wall,both,1,1,1,1,1,1,0.0,0,0,0,alpha,full,huber,-10.666135761668233,-11.165277348302576,-1.5260081954791958,-10.617590018521877,-11.191495307810577,-1.4466224345583794,-10.599757528254823,-11.19715685036735,-1.4240475681049676,66.46470631058622,0.025012943893671036,80,0.8245452344417572,1.0,1.0,disabled,single,3,row_10,row_9,-0.45894378423690796,-3.3127169609069824,0.9453175753986284,0.054475319886899916,0.2134396310278528,2.8537731766700745,-0.40270943491634964,0,75,0,disabled,0,0.0,50.0,alpha
1536,1.3499696254730225,-0.753065288066864,0.0,-0.4296083152294159,1.3901485204696655,0.006280124187469482,0,0,0,0.028369616717100143,0.5,0.3,0,0,wall,both,1,1,1,1,1,1,0.0,0,0,0,alpha,full,huber,-10.673177115374928,-11.083003678249701,-1.521622567208706,-10.616235318486082,-11.151731918552587,-1.4700552557851267,-10.608820312882015,-11.17217313786923,-1.4470514119450468,67.1872777090388,0.028369618579745293,80,1.453074872493744,1.0,1.0,disabled,single,3,row_10,row_9,-0.4296083152294159,-3.2756283283233643,0.944913912950812,0.05487587479394764,0.21460732974551702,2.8460200130939484,-0.3729468621848526,0,75,0,disabled,0,0.0,50.0,alpha
1540,0.12862588465213776,-0.0068366192281246185,0.0,-0.5424732565879822,1.5619630813598633,0.008733808994293213,0,0,0,0.020806340500712395,0.5,0.3,0,0,wall,both,1,1,1,1,1,1,0.0,0,0,0,alpha,full,huber,-10.595924845657123,-11.412247541938312,-1.277229731218202,-10.629635748790367,-11.186264862125363,-1.455354267357255,-10.62026880263161,-11.179923586210103,-1.4512028396511507,75.08035978605785,0.020806340500712395,80,0.40518659353256226,1.0,1.0,disabled,single,3,row_10,row_9,-0.5424732565879822,-3.359861135482788,0.9433999760458065,0.05637932236597647,0.21895251406187421,2.817387878894806,-0.4842083230646625,0,75,0,disabled,0,0.0,50.0,alpha
1544,0.38193386793136597,-0.06027829647064209,0.0,-0.5829569697380066,1.6195076704025269,0.005224466323852539,0,0,0,0.021613705903291702,0.5,0.3,0,0,wall,both,1,1,1,1,1,1,0.0,0,0,0,alpha,full,huber,-10.646799859113447,-11.444241260762535,-1.3072270063786362,-10.64809543296764,-11.228287533854964,-1.4289764127054598,-10.635573449316427,-11.206523757414777,-1.4400896261783052,73.56842490454898,0.02161370776593685,80,0.6737147569656372,1.0,1.0,disabled,single,3,row_10,row_9,-0.5829569697380066,-3.4635674953460693,0.946694459334557,0.05311003401515045,0.2094271022380219,2.8806105256080627,-0.5281780912640575,0,75,0,disabled,0,0.0,50.0,alpha
1548,0.32853224873542786,-0.04460059478878975,0.0,-0.41266068816185,1.3626493215560913,0.0029502511024475098,0,0,0,0.03245275467634201,0.5,0.3,0,0,wall,both,1,1,1,1,1,1,0.0,0,0,0,alpha,full,huber,-10.679999479935125,-11.028127228830638,-1.486324956865383,-10.62086843653237,-11.133091725276081,-1.461561990999217,-10.627485692285195,-11.166136139738494,-1.4508258085887609,61.281754957499636,0.03245275840163231,80,0.4584888070821762,1.0,1.0,disabled,single,3,row_10,row_9,-0.41266068816185,-3.254525661468506,0.9446967699701523,0.05509169750724493,0.21523221697967657,2.841864973306656,-0.35576940684252295,0,75,0,disabled,0,0.0,50.0,alpha
1552,0.8184013366699219,-0.27676889300346375,0.0,-0.3065677285194397,1.1692533493041992,0.025984346866607666,0,0,0,0.04644252732396126,0.5,0.3,0,0,wall,both,1,1,1,1,1,1,0.0,0,0,0,alpha,full,huber,-10.475844196703177,-10.975949895759895,-1.6379545038026468,-10.6002659598481,-11.0651316377024,-1.497008414871342,-10.61251416751923,-11.110589237478099,-1.4739171117300511,56.90726045234638,0.04644252732396126,80,0.9616599678993225,1.0,1.0,disabled,single,3,row_10,row_9,-0.3065677285194397,-2.9219369888305664,0.931535504896501,0.06813322944190756,0.2517453299325194,2.6153692603111267,-0.23564675468347496,0,75,0,disabled,0,0.0,50.0,alpha
1556,1.3227012157440186,-0.7229498028755188,0.0,-0.288128525018692,1.133307933807373,0.02576345205307007,0,0,0,0.0962969958782196,0.5,0.3,0,0,wall,both,1,1,1,1,1,1,0.0,0,0,0,alpha,full,huber,-10.445580086173939,-10.956118369313565,-1.6369769248783672,-10.550740454395562,-11.033802748894802,-1.5335799098976948,-10.578538625301213,-11.068356668757286,-1.5037485108138728,31.713728137926083,0.0962969958782196,80,1.5112932324409485,1.0,1.0,disabled,single,3,row_10,row_9,-0.288128525018692,-2.8657262325286865,0.9290749794454976,0.07056905527717305,0.2582648872202348,2.5775977075099945,-0.21456269143798296,0,75,0,disabled,0,0.0,50.0,alpha
1560,0.1684768944978714,-0.01172911748290062,0.0,-0.41755256056785583,1.3707612752914429,5.066394805908203e-05,0,0,0,0.023327184841036797,0.5,0.3,0,0,wall,both,1,1,1,1,1,1,0.0,0,0,0,alpha,full,huber,-10.590208405176597,-11.151463237109898,-1.419555939372637,-10.561881260924672,-11.060774246808087,-1.5087210582403352,-10.569377074894117,-11.064186336685227,-1.5062347845271038,68.22834880954993,0.023327186703681946,80,0.27990351617336273,1.0,1.0,disabled,single,3,row_10,row_9,-0.41755256056785583,-3.1804051399230957,0.9404042178249901,0.0593503027679264,0.22744702853332685,2.76285257935524,-0.35610708338086694,0,75,0,disabled,0,0.0,50.0,alpha
1564,1.1358327865600586,-0.5331058502197266,0.0,-0.2753189206123352,1.107759714126587,0.025350213050842285,0,0,0,0.050975579768419266,0.5,0.3,0,0,wall,both,1,1,1,1,1,1,0.0,0,0,0,alpha,full,huber,-10.407169988867812,-10.961634965497446,-1.6351373432639058,-10.51864561927827,-11.031052701788958,-1.5516728988876185,-10.541474774305403,-11.04596283749228,-1.528953841707361,52.570185968895345,0.050975579768419266,80,1.3098626136779785,1.0,1.0,disabled,single,3,row_10,row_9,-0.2753189206123352,-2.8106462955474854,0.926224324124829,0.07339010234175575,0.2657081168044079,2.53532737493515,-0.19868009761318212,0,75,0,disabled,0,0.0,50.0,alpha
1568,0.17808100581169128,-0.013104481622576714,0.0,-0.2663702070713043,1.0879818201065063,0.028540611267089844,0,0,0,0.02647579088807106,0.5,0.3,0,0,wall,both,1,1,1,1,1,1,0.0,0,0,0,alpha,full,huber,-10.39890883355206,-10.941029818694524,-1.6489800405499278,-10.483579004778893,-11.010596859130871,-1.5819448640004052,-10.509632101065822,-11.026511549393504,-1.5554493528538829,65.04336173005775,0.02647579088807106,80,0.3309944123029709,1.0,1.0,disabled,single,3,row_10,row_9,-0.2663702070713043,-2.7905118465423584,0.9254514069414385,0.07415370150650531,0.2677122303622611,2.524141639471054,-0.1888965540689138,0,75,0,disabled,0,0.0,50.0,alpha
