frame_idx,gps_dist,log_gps,log_semantic,log_corridor,corridor_dist,corridor_heading_misalign,correct_hits,incorrect_hits,no_hits,weight,gps_weight_used,corridor_weight_used,num_background_used,num_observations,semantic_model_used,semantic_classes_mode,gps_enabled,semantic_enabled,corridor_enabled,background_enabled,dynamic_gps_enabled,pose_smoothing_enabled,detection_drop_rate,detections_raw,detections_kept,detections_dropped,pose_backend_used,diagnostics_level,gnss_robust_mode,raw_best_x,raw_best_y,raw_best_theta,raw_weighted_x,raw_weighted_y,raw_weighted_theta,smoothed_x,smoothed_y,smoothed_theta,ess,max_weight,particle_count,gnss_innovation,gnss_robust_scale,gnss_row_gate_scale,gnss_row_gate_reason,row_likelihood_mode,row_mixture_top_k,row_hypothesis_id,row_hypothesis_second_id,row_hypothesis_score,row_hypothesis_second_score,row_hypothesis_prob,row_hypothesis_second_prob,row_hypothesis_entropy,row_hypothesis_gap,row_marginal_logscore,row_switch_event,row_switch_count,headland_flag,delayed_correction_status,delayed_correction_applied,delayed_correction_m,semantic_penalty_cap,smoother_status
0,1.1658929586410522,-0.5616968274116516,-35.83916473388672,-0.5707504749298096,1.6022520065307617,0.007966816425323486,47,0,79,0.0784977525472641,0.5434782608695653,0.3,120,126,wall,both,1,1,1,1,1,1,0.0,4,4,0,alpha,full,huber,-11.09772330983052,-10.73135853640833,-4.677396411239938,-11.09772330983052,-10.73135853640833,-4.677396411239938,-11.09772330983052,-10.73135853640833,-4.677396411239938,45.98661200354836,0.0784977450966835,100,2.3022513389587402,1.0,1.0,disabled,single,3,row_10,row_9,-0.5707504749298096,-3.809882640838623,0.9621852777392322,0.037715640002938776,0.16162386853627694,3.2391321659088135,-0.5322022244716014,0,0,0,disabled,0,0.0,50.0,alpha
4,0.9484948515892029,-0.37175309658050537,-35.5540885925293,-0.5368313193321228,1.554063081741333,0.005852341651916504,46,0,79,0.013202385045588017,0.5454545454545454,0.3,120,125,wall,both,1,1,1,1,1,1,0.0,3,3,0,alpha,full,huber,-11.045782565862021,-10.73458986232229,1.6238604684331017,-11.045782565862021,-10.73458986232229,1.6238604684331017,-11.069155900647846,-10.733135765661007,1.6148246821863754,159.36743675111242,0.013202385045588017,250,2.0757603645324707,1.0,1.0,disabled,single,3,row_10,row_9,-0.5368313193321228,-3.719541549682617,0.9600723138451851,0.03981717604823724,0.1684754927360917,3.1827102303504944,-0.4960846488970054,0,0,0,disabled,0,0.0,50.0,alpha
8,1.6483842134475708,-1.1227977275848389,-36.20307159423828,-0.5908363461494446,1.6297909021377563,0.01177126169204712,45,0,80,0.008067886345088482,0.5454545454545454,0.3,120,125,wall,both,1,1,1,1,1,1,0.0,3,3,0,alpha,full,huber,-11.100538012084298,-10.805890399389309,1.5785146571526436,-11.100538012084298,-10.805890399389309,1.5785146571526436,-11.086416061937895,-10.773150814211572,1.5966696696695095,172.1047974787544,0.008067886345088482,250,1.7410329580307007,1.0,1.0,disabled,single,3,row_10,row_9,-0.5908363461494446,-3.8567144870758057,0.9631483813938959,0.03675702417639484,0.15846471023511724,3.265878140926361,-0.5532885495402888,0,0,0,disabled,0,0.0,50.0,alpha
12,0.5807394981384277,-0.13936296105384827,-36.5711784362793,-0.5105968713760376,1.5156679153442383,0.004875540733337402,57,9,63,0.14432483911514282,0.5376344086021506,0.3,120,129,wall,both,1,1,1,1,1,1,0.0,4,4,0,alpha,full,huber,-11.363091703535472,-8.907869715141302,1.6755590510271645,-11.363091703535472,-8.907869715141302,1.6755590510271645,-11.238587664816563,-9.747246209722924,1.636114360348337,23.42726870598462,0.14432485401630402,138,1.3398341536521912,1.0,1.0,disabled,single,3,row_10,row_9,-0.5105968713760376,-3.518490791320801,0.9528035795906007,0.04706430485542128,0.19108458726924749,3.007893919944763,-0.4622503673450209,0,0,0,disabled,0,0.0,50.0,alpha
16,1.0119916200637817,-0.42319297790527344,-36.37172317504883,-0.6109544634819031,1.6569725275039673,0.014264225959777832,37,0,89,0.03446511551737785,0.5434782608695653,0.3,120,126,wall,both,1,1,1,1,1,1,0.0,4,4,0,alpha,full,huber,-11.135101197403433,-10.790763158671991,1.5629962306594916,-11.187119225990347,-10.61355679853116,1.5643152069443675,-11.210280023462145,-10.223717033567453,1.6002147836463525,47.0030718903671,0.03446511551737785,80,1.1101344227790833,1.0,1.0,disabled,single,3,row_10,row_9,-0.6109544634819031,-3.9115982055664062,0.9643655452947786,0.035545966042046184,0.1544320519493853,3.300643742084503,-0.5746696035974184,0,0,0,disabled,0,0.0,50.0,alpha
20,1.657522439956665,-1.1352813243865967,-39.772159576416016,-1.0181399583816528,2.1298413276672363,0.04972022771835327,35,0,90,0.0733347237110138,0.5454545454545454,0.3,120,125,wall,both,1,1,1,1,1,1,0.0,2,2,0,alpha,full,huber,-11.747790966445741,-10.144908764227361,1.4154380081973805,-11.398739140402888,-10.486046490030194,1.495224261848857,-11.313932537779554,-10.367998234621961,1.5477195227476042,31.80695156744928,0.0733347237110138,80,2.0185223817825317,1.0,1.0,disabled,single,3,row_10,row_9,-1.0181399583816528,-4.722813606262207,0.9759483362551454,0.024016377728433107,0.11367936384019262,3.704673647880554,-0.9937943302467359,0,0,0,disabled,0,0.0,50.0,alpha
24,0.546168327331543,-0.12326440215110779,-39.35786056518555,-1.0416715145111084,2.151898145675659,0.0556371808052063,36,0,88,0.0160270556807518,0.5474452554744526,0.3,120,124,wall,both,1,1,1,1,1,1,0.0,6,6,0,alpha,full,huber,-11.763734084930647,-10.184265906243674,1.3969568270500607,-11.438995463099515,-10.449043521269576,1.4844529558550894,-11.382542761716849,-10.405017761921643,1.5165083922043454,76.36244602774204,0.0160270556807518,80,0.9062615036964417,1.0,1.0,disabled,single,3,row_10,row_9,-1.0416715145111084,-4.776381969451904,0.9766442213135937,0.023322346461373846,0.11107882074171169,3.734710454940796,-1.0180386670177168,0,0,0,disabled,0,0.0,50.0,alpha
28,0.4763096272945404,-0.0937482938170433,-37.37759017944336,-0.5493085980415344,1.5718271732330322,0.008243143558502197,38,0,87,0.032720863819122314,0.5454545454545454,0.3,120,125,wall,both,1,1,1,1,1,1,0.0,4,4,0,alpha,full,huber,-11.07761516358745,-10.694375739389073,1.6036140367748146,-11.227020365848684,-10.616685884789938,1.5493449575462903,-11.296282713673179,-10.508135401891506,1.533561201030122,47.482658904280356,0.032720863819122314,80,0.7936905026435852,1.0,1.0,disabled,single,3,row_10,row_9,-0.5493085980415344,-3.7551956176757812,0.9609538282439783,0.03894067533082798,0.16563013366468307,3.205887019634247,-0.5094796813437061,0,0,0,disabled,0,0.0,50.0,alpha
32,0.32757359743118286,-0.04434068873524666,-38.43972396850586,-0.5645870566368103,1.5910661220550537,0.0223197340965271,31,7,89,0.03125110641121864,0.5415162454873647,0.3,120,127,wall,both,1,1,1,1,1,1,0.0,4,4,0,alpha,full,huber,-11.10068055586426,-10.684667681701193,1.5204257950897002,-11.116016249869563,-10.62852918393395,1.55954827383715,-11.195364697432485,-10.52679896982065,1.544787370510985,54.8129986936113,0.03125110641121864,80,0.4557707905769348,1.0,1.0,disabled,single,3,row_10,row_9,-0.5645870566368103,-3.7997467517852783,0.9620394729673285,0.037860024271479616,0.162104292724615,3.235159695148468,-0.5258872596691527,0,0,0,disabled,0,0.0,50.0,alpha
36,1.3899712562561035,-0.7983554005622864,-43.08392333984375,-0.7191920280456543,1.7946122884750366,0.02926534414291382,26,30,104,0.03122137114405632,0.48387096774193555,0.3,120,160,wall,both,1,1,1,1,1,1,0.0,4,4,0,alpha,full,huber,-11.362588795094442,-10.424931232446895,1.4895760454189588,-11.137606655022562,-10.425841444583172,1.5713612724610087,-11.161061259971422,-10.373769681195082,1.555818566717024,67.9791090811028,0.03122137114405632,80,1.6531450152397156,1.0,1.0,disabled,single,3,row_10,row_9,-0.7191920280456543,-4.122348308563232,0.9677368350597692,0.032194766400343744,0.14301262448912214,3.403156280517578,-0.6863969347705361,0,0,0,disabled,0,0.0,50.0,alpha
40,2.648641586303711,-2.8988852500915527,-43.280033111572266,-0.6435597538948059,1.698547124862671,0.02442389726638794,28,25,103,0.03578362613916397,0.49019607843137253,0.3,120,156,wall,both,1,1,1,1,1,1,0.0,5,5,0,alpha,full,huber,-11.264398774946997,-10.430222820390657,1.5106336312227517,-11.189000190729164,-10.270054480426817,1.5860753126113503,-11.175017802515782,-10.222602504086282,1.5725993615159881,59.008016308153906,0.03578362613916397,80,2.9090768098831177,1.0,1.0,disabled,single,3,row_10,row_9,-0.6435597538948059,-3.9468555450439453,0.9644608708731337,0.03545532563011961,0.15408907863388732,3.3032957911491394,-0.6073737370971161,0,0,0,disabled,0,0.0,50.0,alpha
44,2.361668348312378,-2.3047428131103516,-35.36874008178711,-0.6514168381690979,1.7047975063323975,0.03692352771759033,47,2,82,0.033177584409713745,0.5338078291814947,0.3,120,131,wall,both,1,1,1,1,1,1,0.0,4,4,0,alpha,full,huber,-11.281370236791506,-10.364839284384745,1.459510037114164,-11.189737120058798,-10.117849584808287,1.5711377630683456,-11.183282189205901,-10.071389613830124,1.5848412491348958,64.66071098081994,0.033177584409713745,80,2.651556968688965,1.0,1.0,disabled,single,3,row_10,row_9,-0.6514168381690979,-3.944895029067993,0.964123274608439,0.03579259304301473,0.15520458890716304,3.2934781908988953,-0.6148807238463052,0,0,0,disabled,0,0.0,50.0,alpha
48,0.7966426014900208,-0.2622477114200592,-33.696998596191406,-0.2869735062122345,1.1363893747329712,1.5914440155029297e-05,51,0,79,0.0460127592086792,0.5357142857142857,0.3,120,130,wall,both,1,1,1,1,1,1,0.0,3,3,0,alpha,full,huber,-10.741132822769451,-10.145770910452349,1.7264628862706282,-11.13131971064633,-9.981728483477173,1.5420873352619364,-11.156010363248129,-9.928985319055398,1.573969468499656,56.52192092160358,0.0460127592086792,80,0.9976740181446075,1.0,1.0,disabled,single,3,row_10,row_9,-0.2869735062122345,-2.9247586727142334,0.932978233047222,0.06672613491618148,0.24776453107213106,2.637785166501999,-0.21760009773800493,0,0,0,disabled,0,0.0,50.0,alpha
52,1.0615065097808838,-0.4656182527542114,-35.78940963745117,-0.25836658477783203,1.0753108263015747,0.01860255002975464,71,0,65,0.0713508278131485,0.5244755244755245,0.3,120,136,wall,both,1,1,1,1,1,1,0.0,4,4,0,alpha,full,huber,-10.794314393213947,-9.485059838208924,1.9675331985100097,-11.07958972268463,-9.622027633404766,1.6282484739578997,-11.114275270735853,-9.666794087339579,1.6055124639709444,39.66841231190176,0.0713508278131485,80,1.389983355998993,1.0,1.0,disabled,single,3,row_10,row_9,-0.25836658477783203,-2.779682159423828,0.9252973024519965,0.07435117818738857,0.26787139644720476,2.521315574645996,-0.18072639972382812,0,0,0,disabled,0,0.0,50.0,alpha
56,0.8801586627960205,-0.3201153874397278,-32.21540832519531,-0.6031293869018555,1.6424283981323242,0.029982328414916992,63,0,76,0.03482013940811157,0.5190311418685121,0.3,120,139,wall,both,1,1,1,1,1,1,0.0,3,3,0,alpha,full,huber,-11.336029340326428,-9.666046353333684,1.5288539212536882,-11.11666801343074,-9.41150267010024,1.6899824361043172,-11.118840082649982,-9.432839467168874,1.6502168348726727,63.70832554053721,0.03482013940811157,80,1.2393797636032104,1.0,1.0,disabled,single,3,row_10,row_9,-0.6031293869018555,-3.7436835765838623,0.9584347491507871,0.041460754059588545,0.1736169579853459,3.140554189682007,-0.5606755920847895,0,0,0,disabled,0,0.0,50.0,alpha
60,0.9222811460494995,-0.3514886498451233,-34.59935760498047,-0.25420206785202026,1.0695364475250244,0.00023448467254638672,57,16,63,0.045004308223724365,0.5244755244755245,0.3,120,136,wall,both,1,1,1,1,1,1,0.0,5,5,0,alpha,full,huber,-10.7903151676519,-9.475864972554257,1.7526911401107643,-11.026083929491953,-9.306138071431661,1.6835988230546162,-11.07506890207084,-9.272126014707862,1.6690300436485819,50.450072348652654,0.045004311949014664,80,1.2986165881156921,1.0,1.0,disabled,single,3,row_10,row_9,-0.25420206785202026,-2.769127368927002,0.9248522318267649,0.0747918314871325,0.26901577366494095,2.5149253010749817,-0.17608076424454733,0,0,0,disabled,0,0.0,50.0,alpha
64,1.0918561220169067,-0.49262386560440063,-34.03330612182617,-0.27561742067337036,1.1136474609375,0.001920461654663086,71,16,52,0.032021086663007736,0.5190311418685121,0.3,120,139,wall,both,1,1,1,1,1,1,0.0,4,4,0,alpha,full,huber,-10.842078731867463,-9.443296417053803,1.8363317228429379,-10.99317170201184,-9.167220068616205,1.7047853028009,-11.039782414518886,-9.11542336887382,1.6873744062358158,60.08167220802247,0.032021086663007736,80,1.4498165249824524,1.0,1.0,disabled,single,3,row_10,row_9,-0.27561742067337036,-2.8390753269195557,0.9281722153313278,0.07150442859606873,0.2604112110522884,2.5634579062461853,-0.20107943412583237,0,0,0,disabled,0,0.0,50.0,alpha
68,1.896531343460083,-1.486293911933899,-32.71236038208008,-0.2013622224330902,0.9463641047477722,0.023938000202178955,89,0,46,0.03455783799290657,0.5263157894736842,0.3,120,135,wall,both,1,1,1,1,1,1,0.0,7,7,0,alpha,full,huber,-10.737870153882854,-9.12063192992389,1.9935915025599877,-10.998171547559641,-9.032850988966096,1.7575392878747649,-11.029908041167117,-8.958901861703207,1.7228806074604615,62.09645618611067,0.03455784171819687,80,1.9032203555107117,1.0,1.0,disabled,single,3,row_10,row_9,-0.2013622224330902,-2.5839860439300537,0.9150764046525529,0.08446892731430221,0.2934641417518954,2.3826238214969635,-0.11261450759286414,0,0,0,disabled,0,0.0,50.0,alpha
72,0.8567678928375244,-0.30332696437835693,-31.458263397216797,-0.22710321843624115,0.9783439636230469,0.05940043926239014,92,0,40,0.03695835545659065,0.5319148936170213,0.3,120,132,wall,both,1,1,1,1,1,1,0.0,4,4,0,alpha,full,huber,-10.804754142670673,-8.954797829205118,2.1207511902937934,-10.923147162358566,-8.910348335105024,1.8006684990655675,-10.987574430204536,-8.82529385680316,1.7655376221697647,58.71128918424174,0.03695835545659065,80,1.0272141098976135,1.0,1.0,disabled,single,3,row_10,row_9,-0.22710321843624115,-2.646414041519165,0.917902008400075,0.08167760218168091,0.28650037885582513,2.419310823082924,-0.14143857971474988,0,0,0,disabled,0,0.0,50.0,alpha
76,2.8009226322174072,-3.241804838180542,-34.6054801940918,-0.21443256735801697,0.9771043062210083,0.023581385612487793,86,3,46,0.029171837493777275,0.5263157894736842,0.3,120,135,wall,both,1,1,1,1,1,1,0.0,5,5,0,alpha,full,huber,-10.800963295834766,-8.967031324949359,1.9919457958206994,-10.918142981789469,-8.734325608471721,1.8742564242225195,-10.971886321521348,-8.661191804690983,1.824958803728702,62.3245944379726,0.029171837493777275,80,3.107276201248169,0.9654758076526712,1.0,disabled,single,3,row_10,row_9,-0.21443256735801697,-2.6317641735076904,0.9177512950766268,0.08182598247721527,0.28687714124734737,2.4173316061496735,-0.12860372189497887,0,0,0,disabled,0,0.0,50.0,alpha
80,1.7326884269714355,-1.2405823469161987,-35.55388259887695,-0.143424853682518,0.7836098670959473,0.04132533073425293,89,5,38,0.03320815786719322,0.5319148936170213,0.3,120,132,wall,both,1,1,1,1,1,1,0.0,5,5,0,alpha,full,huber,-10.664472474318021,-8.671101634109341,2.0628364616598844,-10.882591707975365,-8.559828459431944,1.865711972184234,-10.952155264873458,-8.492342724887159,1.8469043214912055,56.54806383158678,0.03320815786719322,80,2.1093413829803467,1.0,1.0,disabled,single,3,row_10,row_9,-0.143424853682518,-2.3508472442626953,0.9003480850773636,0.09902368452700783,0.3281266735711045,2.2074223905801773,-0.03845102444892953,0,0,0,disabled,0,0.0,50.0,alpha
84,0.7539675831794739,-0.23490378260612488,-33.34077072143555,-0.22796939313411713,0.9623925685882568,0.07366198301315308,102,5,29,0.031055109575390816,0.5244755244755245,0.3,120,136,wall,both,1,1,1,1,1,1,0.0,5,5,0,alpha,full,huber,-10.878221015846636,-8.51996354456506,2.1605708535765693,-10.987002670254741,-8.386195319977855,1.9242108913212776,-11.003175583772212,-8.321539606244254,1.886469602376481,61.928443904529416,0.031055109575390816,80,1.026846706867218,1.0,1.0,disabled,single,3,row_10,row_9,-0.22796939313411713,-2.632984161376953,0.9168186455346263,0.08275586725570584,0.2891404758344856,2.405014768242836,-0.14112379753067728,0,0,0,disabled,0,0.0,50.0,alpha
88,8.029302597045898,-16.1883544921875,-34.17941665649414,-0.6072762608528137,1.6199076175689697,0.0769088864326477,72,0,55,0.03456668555736542,0.5415162454873647,0.3,120,127,wall,both,1,1,1,1,1,1,0.0,6,6,0,alpha,full,huber,-11.553029353488782,-8.502656536718442,2.169101026050191,-11.186580302386348,-8.223621907288312,1.961621647609987,-11.139559762270734,-8.158951879040211,1.917544694903091,59.7217460780285,0.03456668555736542,80,8.607398509979248,0.3485373654446067,1.0,disabled,single,3,row_10,row_9,-0.6072762608528137,-3.733922243118286,0.9578802984742056,0.04201710673187917,0.17534296606030791,3.1266459822654724,-0.5642438026340899,0,0,0,disabled,0,0.0,50.0,alpha
92,2.176297187805176,-1.9571361541748047,-30.852834701538086,-0.17023825645446777,0.8752554655075073,1.5735626220703125e-05,77,6,43,0.041219789534807205,0.5434782608695653,0.3,120,126,wall,both,1,1,1,1,1,1,0.0,7,7,0,alpha,full,huber,-10.857049363113125,-8.16961343525901,1.7574829390056914,-11.172683249712968,-8.073001082719149,1.9097559051697077,-11.19759304886972,-8.001493264741303,1.9193625998810564,53.123109756575815,0.041219789534807205,80,2.523739218711853,1.0,1.0,disabled,single,3,row_10,row_9,-0.17023825645446777,-2.484793186187744,0.9096135128012318,0.08987904916789825,0.30656689873049237,2.3145549297332764,-0.0755027755604395,0,0,0,disabled,0,0.0,50.0,alpha
96,0.9237451553344727,-0.3526054322719574,-32.39913558959961,-0.2221248745918274,0.9997572302818298,0.001606285572052002,76,18,44,0.030954012647271156,0.5208333333333334,0.3,120,138,wall,both,1,1,1,1,1,1,0.0,7,7,0,alpha,full,huber,-11.000689633497561,-8.076386925008663,1.808564565563744,-11.204941392380267,-7.952422674372337,1.9668400556187173,-11.241243226296264,-7.865511348510901,1.9472303519664766,61.33160955979717,0.030954012647271156,80,1.2020355463027954,1.0,1.0,disabled,single,3,row_10,row_9,-0.2221248745918274,-2.6780591011047363,0.9206387461626714,0.07897516942066539,0.2796478706946635,2.455934226512909,-0.13943731405270662,0,0,0,disabled,0,0.0,50.0,alpha
100,0.05821576341986656,-0.0014004443073645234,-32.15465545654297,-0.8469046354293823,1.601088523864746,0.26062262058258057,97,6,44,0.03103155642747879,0.5050505050505051,0.3,120,147,wall,both,1,1,1,1,1,1,0.0,8,8,0,alpha,full,huber,-11.65708485616639,-7.830228733829572,2.4905284265798358,-11.538203545814051,-7.759734400321409,2.1797436144763616,-11.447674022621761,-7.69829179350392,2.065296027919282,53.848605433161836,0.03103155642747879,80,0.3322887420654297,1.0,1.0,disabled,single,3,row_10,row_9,-0.8469046354293823,-4.019998550415039,0.9597145757268996,0.0401869376329115,0.16954083056210714,3.1730939149856567,-0.8057852797505335,0,0,0,disabled,0,0.0,50.0,alpha
104,0.6081317067146301,-0.1528199017047882,-36.76591491699219,-0.18824557960033417,0.920383095741272,6.395578384399414e-05,72,15,48,0.03733040392398834,0.5263157894736842,0.3,120,135,wall,both,1,1,1,1,1,1,0.0,5,5,0,alpha,full,huber,-10.98442728179684,-7.724466241484018,1.7631868627215157,-11.611869268880213,-7.629789250873437,2.2303969104257755,-11.593295321948744,-7.558026812913412,2.149446291514618,60.20129326367893,0.03733040392398834,80,1.3216584920883179,1.0,1.0,disabled,single,3,row_10,row_9,-0.18824557960033417,-2.5707316398620605,0.9150736422345795,0.08448030963106372,0.29342560527427153,2.3824860602617264,-0.0994948459715905,0,0,0,disabled,0,0.0,50.0,alpha
108,1.8506518602371216,-1.4152530431747437,-37.973167419433594,-0.15310974419116974,0.8300183415412903,0.0018572807312011719,68,12,52,0.047193847596645355,0.5319148936170213,0.3,120,132,wall,both,1,1,1,1,1,1,0.0,7,7,0,alpha,full,huber,-10.905889066919988,-7.651665651771057,1.6909203778264663,-11.536511085926445,-7.467069596302719,2.0833523460853614,-11.623491302594442,-7.413965606014785,2.1299240885911015,55.43060136989154,0.04719384014606476,80,2.6825854778289795,1.0,1.0,disabled,single,3,row_10,row_9,-0.15310974419116974,-2.438235282897949,0.9071489706286442,0.09231264613874278,0.31239449568887184,2.2851255387067795,-0.05566114729341863,0,0,0,disabled,0,0.0,50.0,alpha
112,1.8718823194503784,-1.4479105472564697,-32.85749053955078,-0.20634187757968903,0.9635812640190125,0.0016440153121948242,66,0,54,0.0409049428999424,0.5555555555555556,0.3,120,120,wall,both,1,1,1,1,1,1,0.0,5,5,0,alpha,full,huber,-11.042806659131838,-7.645469719512488,1.6945283511816251,-11.484616030498973,-7.301822797856733,1.9830414089338992,-11.601081765375577,-7.266033531477889,2.0567836915099758,58.72451821701598,0.0409049428999424,83,2.579608678817749,1.0,1.0,disabled,single,3,row_10,row_9,-0.20634187757968903,-2.640004873275757,0.91898693253351,0.0806088872704172,0.2837822180027614,2.433662995696068,-0.12185850162854317,0,0,0,disabled,0,0.0,50.0,alpha
116,2.6874611377716064,-2.984482526779175,-35.415740966796875,-0.2142428308725357,0.9817861318588257,0.0032053589820861816,58,1,62,0.03013164922595024,0.5535055350553506,0.3,120,121,wall,both,1,1,1,1,1,1,0.0,5,5,0,alpha,full,huber,-11.089464594878367,-7.491715676807691,1.6717884576576,-11.392134749389244,-7.080080010583237,1.883766980585779,-11.54063255504413,-7.0606409201257,1.9729083536907774,77.70268106635564,0.030131645500659943,97,3.3902993202209473,0.8848776218981422,1.0,disabled,single,3,row_10,row_9,-0.2142428308725357,-2.674487829208374,0.9209534148707257,0.07866233534040186,0.2788646247470267,2.4602449983358383,-0.13189700583574243,0,0,0,disabled,0,0.0,50.0,alpha
120,1.2882251739501953,-0.6857537627220154,-34.15132141113281,-0.17980913817882538,0.8995227217674255,3.784894943237305e-05,64,0,56,0.019372761249542236,0.5555555555555556,0.3,120,120,wall,both,1,1,1,1,1,1,0.0,6,6,0,alpha,full,huber,-11.03189530859167,-7.349368528387893,1.7431779573575277,-11.267320839419792,-6.873269638011479,1.7730404249597569,-11.430548695334103,-6.8629734952645185,1.8746778162739925,130.88818829197183,0.019372761249542236,169,2.0475287437438965,1.0,1.0,disabled,single,3,row_10,row_9,-0.17980913817882538,-2.554368495941162,0.9144514438347804,0.08509472202495243,0.29494630490423124,2.3745593577623367,-0.09037822975660713,0,0,0,disabled,0,0.0,50.0,alpha
124,4.01548957824707,-6.236751079559326,-30.67815589904785,-0.25789040327072144,1.077263593673706,0.0007331967353820801,75,0,50,0.010683191940188408,0.5454545454545454,0.3,120,125,wall,both,1,1,1,1,1,1,0.0,7,7,0,alpha,full,huber,-11.277077496878844,-6.993248704108694,1.779392402497403,-11.16256766357504,-6.622017784343646,1.7122718893070634,-11.322438534224705,-6.605192363990733,1.7941266877073287,168.08774116247633,0.010683191940188408,202,4.337449312210083,0.6916507338898202,1.0,disabled,single,3,row_10,row_9,-0.25789040327072144,-2.8446218967437744,0.9297222485119416,0.06997614446109582,0.2563018565678916,2.586731493473053,-0.18502100831480794,0,0,0,disabled,0,0.0,50.0,alpha
128,0.9016557335853577,-0.33594340085983276,-41.63724136352539,-0.1284891664981842,0.7603414058685303,0.002115488052368164,67,16,53,0.013685525394976139,0.5244755244755245,0.3,120,136,wall,both,1,1,1,1,1,1,0.0,4,4,0,alpha,full,huber,-10.945889590401162,-7.046294509085821,1.686819530171796,-11.063400876229572,-6.472615262609384,1.7135971368763638,-11.205743415162722,-6.418785554774824,1.7540512004328672,147.47881272042366,0.013685525394976139,185,1.5717263221740723,1.0,1.0,disabled,single,3,row_10,row_9,-0.1284891664981842,-2.359866142272949,0.9024916736722723,0.0969099782723304,0.32321766402144936,2.231376975774765,-0.02589335183262706,0,0,0,disabled,0,0.0,50.0,alpha
132,2.297501564025879,-2.181203842163086,-34.21639633178711,-0.21723672747612,0.988713800907135,0.0007485747337341309,73,5,47,0.011299998499453068,0.5454545454545454,0.3,120,125,wall,both,1,1,1,1,1,1,0.0,9,9,0,alpha,full,huber,-11.238187842021636,-6.69691217978345,1.7024006413197021,-10.962965055212003,-6.294971306221158,1.630590372416339,-11.093600247030704,-6.235301936675932,1.692117944065159,171.58054043411536,0.011299999430775642,213,2.576251268386841,1.0,1.0,disabled,single,3,row_10,row_9,-0.21723672747612,-2.705899715423584,0.9230065467115028,0.07662882714159767,0.2736796772966949,2.488662987947464,-0.1371177758335474,0,0,0,disabled,0,0.0,50.0,alpha
136,0.9674310088157654,-0.3867449462413788,-36.929054260253906,-0.23828014731407166,0.8969667553901672,0.12072861194610596,104,6,37,0.028119707480072975,0.5050505050505051,0.3,120,147,wall,both,1,1,1,1,1,1,0.0,8,8,0,alpha,full,huber,-9.373910859074073,-6.411495337290075,1.2446305800696562,-10.726321633433322,-6.143942702856923,1.5004411548101897,-10.905690597995347,-6.069457704527002,1.5966504967621606,167.56792046678953,0.028119707480072975,250,2.0963797569274902,1.0,1.0,disabled,single,3,row_10,row_9,-0.23828014731407166,-0.6310533881187439,0.5875730477189192,0.3967186479196306,0.7444676836812663,0.39277324080467224,0.2934745568360575,0,0,0,disabled,0,0.0,50.0,alpha
140,2.038346529006958,-1.7168829441070557,-43.81019592285156,-0.21621572971343994,0.9800560474395752,0.02604663372039795,69,0,72,0.012927927076816559,0.5154639175257733,0.3,120,141,wall,both,1,1,1,1,1,1,0.0,6,6,0,alpha,full,huber,-11.226587706958378,-6.713288088838773,1.969834195178108,-10.827323737278682,-6.0115210184848165,1.5959850741491268,-10.865608578918085,-5.9208190453584235,1.5966334508696383,175.23597466114452,0.01292792521417141,240,3.0107098817825317,0.996442738688528,1.0,disabled,single,3,row_10,row_9,-0.21621572971343994,-2.6952579021453857,0.9223167311732933,0.07731179400083105,0.2754296651667543,2.479042172431946,-0.13534914151459754,0,0,0,disabled,0,0.0,50.0,alpha
144,0.8058543801307678,-0.2683476507663727,-44.82663345336914,-0.07456289976835251,0.5683809518814087,0.02606254816055298,62,9,75,0.009810521267354488,0.5067567567567568,0.3,120,146,wall,both,1,1,1,1,1,1,0.0,7,7,0,alpha,full,huber,-10.900443577614277,-6.180771244637339,1.5122885346161699,-10.823764934725272,-5.858699728632732,1.6145529575430597,-10.845597900699897,-5.770438561009634,1.6059286701158069,199.31304784522584,0.009810521267354488,250,1.326772391796112,1.0,1.0,disabled,single,3,row_10,row_9,-0.07456289976835251,-2.0960891246795654,0.8822477800176886,0.1168565040967172,0.3676846360343089,2.021526224911213,0.05071943293508935,0,0,0,disabled,0,0.0,50.0,alpha
148,0.8273307085037231,-0.28284135460853577,-40.65365982055664,-0.24943773448467255,1.059445858001709,0.0015521049499511719,50,15,70,0.011408011429011822,0.5263157894736842,0.3,120,135,wall,both,1,1,1,1,1,1,0.0,8,8,0,alpha,full,huber,-11.4356771842832,-5.965841441960324,1.7968186082283726,-11.11510552778747,-5.705363474306638,1.7122644549988213,-10.997943128068629,-5.617537543485041,1.6591522731473773,183.76191452299582,0.011408011429011822,250,1.3395809531211853,1.0,1.0,disabled,single,3,row_10,row_9,-0.24943773448467255,-2.816810369491577,0.9284389810681702,0.07124552611973378,0.25968431244755175,2.5673726350069046,-0.17518711638476173,0,0,0,disabled,0,0.0,50.0,alpha
152,0.44449764490127563,-0.08164387196302414,-39.95252227783203,-0.14811398088932037,0.8164022564888,0.00011986494064331055,56,12,64,0.0090067433193326,0.5319148936170213,0.3,120,132,wall,both,1,1,1,1,1,1,0.0,7,7,0,alpha,full,huber,-11.243629526847958,-5.648550490764443,1.725611690682661,-11.127506014502032,-5.519559578566763,1.6889061370094391,-11.079541582261898,-5.446940503160924,1.6728694583858692,193.07668160243526,0.009006744250655174,246,0.5248440206050873,1.0,1.0,disabled,single,3,row_10,row_9,-0.14811398088932037,-2.4453799724578857,0.9081663290903277,0.09130098280172991,0.3100342417662144,2.2972659915685654,-0.051786245550277624,0,0,0,disabled,0,0.0,50.0,alpha
156,1.3956178426742554,-0.8048550486564636,-34.67006301879883,-0.37176039814949036,1.2933818101882935,0.0021557211875915527,57,0,63,0.0368930958211422,0.5555555555555556,0.3,120,120,wall,both,1,1,1,1,1,1,0.0,6,6,0,alpha,full,huber,-11.887343953062123,-4.7679657602906325,1.8643713043096701,-11.396810458436228,-5.298825459915662,1.7796001819600251,-11.265917746649981,-5.249511346384191,1.7260236054294271,85.37699583311141,0.0368930958211422,143,2.111071825027466,1.0,1.0,disabled,single,3,row_10,row_9,-0.37176039814949036,-3.1903090476989746,0.9434925765193636,0.056319444425899444,0.21850764826786712,2.8185486495494843,-0.313593615921013,0,0,0,disabled,0,0.0,50.0,alpha
160,0.6227694153785706,-0.16026517748832703,-39.43716049194336,-0.27595800161361694,0.13826008141040802,0.2580096125602722,116,3,7,0.04023123160004616,0.5434782608695653,0.3,120,126,wall,both,1,1,1,1,1,1,0.0,5,5,0,alpha,full,huber,-10.340998219714905,-5.258362453681667,0.9994378079838855,-11.343204500381152,-5.00508026935293,1.7063098169987527,-11.326467288515294,-4.999780826471569,1.7158334178885166,80.9439927155489,0.04023123160004616,107,1.753164291381836,1.0,1.0,disabled,single,3,row_10,row_9,-0.27595800161361694,-1.446623682975769,0.7603743950926379,0.23583802997520686,0.5701138740962983,1.170665681362152,-0.0020136597338286655,0,0,0,disabled,0,0.0,50.0,alpha
164,1.4161592721939087,-0.8287219405174255,-40.6560173034668,-0.18527047336101532,0.9126971364021301,0.006177961826324463,62,6,66,0.021127808839082718,0.528169014084507,0.3,120,134,wall,both,1,1,1,1,1,1,0.0,3,3,0,alpha,full,huber,-11.408375637683971,-5.2448257608252336,1.845414186072416,-11.338153134430948,-4.927331776289811,1.6846178904866647,-11.349874843583965,-4.8436800850493675,1.7002151935027614,83.70771949097504,0.021127808839082718,107,1.8499222993850708,1.0,1.0,disabled,single,3,row_10,row_9,-0.18527047336101532,-2.6078972816467285,0.9181387920016219,0.081428208964567,0.28599337132626557,2.422626808285713,-0.0998637631156318,0,0,0,disabled,0,0.0,50.0,alpha
168,0.4792943000793457,-0.0949268713593483,-35.572471618652344,-0.24737781286239624,1.0548746585845947,0.004892289638519287,55,1,72,0.020164435729384422,0.539568345323741,0.3,120,128,wall,both,1,1,1,1,1,1,0.0,5,5,0,alpha,full,huber,-11.579817628911199,-5.078969588102737,1.8331570371431294,-11.427820953595818,-4.719796871409445,1.7312719301602033,-11.40774839813832,-4.6602648633404495,1.715808315271353,100.48949223657941,0.020164435729384422,133,0.7524903416633606,1.0,1.0,disabled,single,3,row_10,row_9,-0.24737781286239624,-2.8446831703186035,0.9303914711121322,0.06928996404976076,0.25465903874079676,2.5973053574562073,-0.17522796813828245,0,0,0,disabled,0,0.0,50.0,alpha
172,0.48074740171432495,-0.09550333768129349,-43.963722229003906,-0.1613004207611084,0.30298715829849243,0.18579703569412231,118,4,13,0.016601664945483208,0.5263157894736842,0.3,120,135,wall,both,1,1,1,1,1,1,0.0,4,4,0,alpha,full,huber,-10.275499676769705,-4.651995133402722,1.1792570452539914,-11.332729358401107,-4.456404021937443,1.6610223329536924,-11.383406381175629,-4.432290989123155,1.688647486710046,97.61621945155566,0.016601664945483208,117,1.000059723854065,1.0,1.0,disabled,single,3,row_10,row_9,-0.11235858500003815,-1.1710662841796875,0.7385451839748371,0.2562041491678678,0.6002898169850456,1.0587076991796494,0.19071441043634102,0,0,0,disabled,0,0.0,50.0,alpha
176,1.9558316469192505,-1.5806931257247925,-37.72797775268555,-0.24220535159111023,1.0439943075180054,6.616115570068359e-06,53,15,80,0.0317516066133976,0.5033557046979865,0.3,120,148,wall,both,1,1,1,1,1,1,0.0,5,5,0,alpha,full,huber,-11.67406875409274,-4.58372569481007,1.7950536005440538,-11.533867690255159,-4.31301999748924,1.7613329259507922,-11.479886986548347,-4.250755231344831,1.7254799852479046,67.52337610859401,0.0317516028881073,92,2.418972611427307,1.0,1.0,disabled,single,3,row_10,row_9,-0.24220535159111023,-2.769228458404541,0.9257182207481026,0.07396165507748181,0.26663946609586414,2.527023106813431,-0.16501996369908117,0,0,0,disabled,0,0.0,50.0,alpha
180,0.8532189726829529,-0.3008192777633667,-40.71238708496094,-0.26983290910720825,0.4863261878490448,0.230721116065979,112,11,17,0.02833680994808674,0.5172413793103449,0.3,120,140,wall,both,1,1,1,1,1,1,0.0,4,4,0,alpha,full,huber,-10.180263039734829,-4.251149184172113,1.105613581331661,-11.504614324866422,-4.090368218032876,1.7454177908615962,-11.51141129679391,-4.04759107568018,1.7359642520578733,70.71503176058336,0.02833680994808674,83,1.5531662702560425,1.0,1.0,disabled,single,3,row_10,row_9,-0.2340748906135559,-1.0392487049102783,0.6859314073184726,0.3066183513748962,0.6575526619356125,0.8051738142967224,0.14290275497363497,0,0,0,disabled,0,0.0,50.0,alpha
184,0.41377753019332886,-0.0707486942410469,-39.84190368652344,-0.1503022313117981,0.8219805359840393,0.00620877742767334,52,23,74,0.025345779955387115,0.5016722408026756,0.3,120,149,wall,both,1,1,1,1,1,1,0.0,4,4,0,alpha,full,huber,-11.593298037462331,-3.8937259945932996,1.652075980100511,-11.474237788347205,-3.884531063774876,1.659265502861205,-11.510238335409886,-3.8422869832585924,1.6978969340146586,67.6238558618719,0.025345779955387115,80,0.4561396688222885,1.0,1.0,disabled,single,3,row_10,row_9,-0.1503022313117981,-2.4268014430999756,0.9064636466621636,0.09304206610891806,0.31372871058057444,2.2764992117881775,-0.05209787875535092,0,0,0,disabled,0,0.0,50.0,alpha
188,0.44498389959335327,-0.08182258903980255,-37.54819869995117,-0.25837472081184387,1.0781172513961792,0.004360973834991455,51,29,70,0.04373174160718918,0.5,0.3,120,150,wall,both,1,1,1,1,1,1,0.0,4,4,0,alpha,full,huber,-11.983465303657551,-3.231840883101682,1.856992809893514,-11.621854842752878,-3.5643267047021943,1.6827898199310753,-11.586406883843104,-3.573754006865702,1.6902998688310689,55.83873759773944,0.04373174160718918,80,1.08132803440094,1.0,1.0,disabled,single,3,row_10,row_9,-0.25837472081184387,-2.8604354858398438,0.9307390290277828,0.06898700547531339,0.2535122738190503,2.602060765028,-0.1865983672745808,0,0,0,disabled,0,0.0,50.0,alpha
192,0.356974720954895,-0.052657417953014374,-36.49979019165039,-0.23039986193180084,1.0182156562805176,0.0014047622680664062,60,18,72,0.03775116801261902,0.5,0.3,120,150,wall,both,1,1,1,1,1,1,0.0,3,3,0,alpha,full,huber,-11.864948091416876,-3.5263423430896537,1.7105564352503126,-11.737073925039464,-3.430569827589689,1.7421577183213812,-11.683240198675723,-3.3786890561086915,1.7162099095586019,56.90767425880732,0.03775116801261902,80,0.5178205668926239,1.0,1.0,disabled,single,3,row_10,row_9,-0.23039986193180084,-2.747305154800415,0.9250249785747683,0.07465783299936984,0.2683717876396507,2.516905292868614,-0.15246532396210533,0,0,0,disabled,0,0.0,50.0,alpha
196,1.1829211711883545,-0.5782241821289062,-37.473690032958984,-0.29340407252311707,1.1473878622055054,0.014420509338378906,65,0,69,0.03686806187033653,0.528169014084507,0.3,120,134,wall,both,1,1,1,1,1,1,0.0,1,1,0,alpha,full,huber,-12.113006708950204,-2.9297684030603808,1.5935366048145045,-11.88248519749856,-3.1796301605570223,1.7593176287765608,-11.809775978447725,-3.1534582980912647,1.7373746355332313,56.75787306379358,0.03686806187033653,80,1.6757988333702087,1.0,1.0,disabled,single,3,row_10,row_9,-0.29340407252311707,-2.9913833141326904,0.9366902625076192,0.06307808624032184,0.23750981629931234,2.6979792416095734,-0.22800145817263973,0,0,0,disabled,0,0.0,50.0,alpha
200,0.47831517457962036,-0.09453942626714706,-37.86417770385742,-0.16810035705566406,0.8694878220558167,0.004908263683319092,63,0,70,0.020649893209338188,0.5300353356890459,0.3,120,133,wall,both,1,1,1,1,1,1,0.0,2,2,0,alpha,full,huber,-11.894781377578662,-2.5865068402129463,1.6550822460098455,-11.797952746893394,-2.915244515015994,1.648651885967889,-11.822615479645524,-2.907401481274701,1.693025766026433,69.44920021648355,0.02064989134669304,83,0.5738545656204224,1.0,1.0,disabled,single,3,row_10,row_9,-0.16810035705566406,-2.562450408935547,0.9160090507428946,0.08356929713377467,0.29106299119334406,2.394350051879883,-0.08037132342252731,0,0,0,disabled,0,0.0,50.0,alpha
204,10.885221481323242,-23.269142150878906,-39.775455474853516,-0.1562570184469223,0.8369851112365723,0.01192629337310791,61,0,75,0.03448732569813728,0.5244755244755245,0.3,120,136,wall,both,1,1,1,1,1,1,0.0,3,3,0,alpha,full,huber,-11.785840473064697,-2.9856371828940462,1.60897109528268,-11.862691739837992,-2.747193517882316,1.5936958326080222,-11.858944839060833,-2.702979655944132,1.6437501836008677,60.443109593375915,0.03448732569813728,80,11.203736305236816,0.26776781586672554,1.0,disabled,single,3,row_10,row_9,-0.1562570184469223,-2.5003294944763184,0.9120449584610455,0.08749807642328733,0.3006402298726006,2.344072476029396,-0.06419102488224517,0,0,0,disabled,0,0.0,50.0,alpha
208,0.42101478576660156,-0.07324522733688354,-42.64053726196289,-0.18394802510738373,0.8071256279945374,0.0979762077331543,49,0,85,0.026293817907571793,0.528169014084507,0.3,120,134,wall,both,1,1,1,1,1,1,0.0,2,2,0,alpha,full,huber,-11.787207510319483,-2.8227717696306462,1.3172063203966573,-11.866399216314639,-2.5496125312875946,1.5997092229953065,-11.871361129848653,-2.5048349315623724,1.622380546554349,72.37705755504368,0.026293814182281494,92,0.8361077308654785,1.0,1.0,disabled,single,3,row_10,row_9,-0.1810123473405838,-2.492466926574707,0.9093802023557309,0.09013501311094092,0.30698872750372547,2.3114545792341232,-0.08602033950549329,0,0,0,disabled,0,0.0,50.0,alpha
212,0.4206651449203491,-0.07312361896038055,-33.41575622558594,-0.34329280257225037,1.2429066896438599,0.00016564130783081055,62,0,75,0.026773855090141296,0.5226480836236934,0.3,120,137,wall,both,1,1,1,1,1,1,0.0,3,3,0,alpha,full,huber,-12.268857382501118,-2.6173009395165923,1.736001368703497,-11.921646826967132,-2.3646647819207027,1.623138676250712,-11.904830848065465,-2.3151598605120487,1.6236810927295107,76.41111001380585,0.026773851364850998,102,0.7287309765815735,1.0,1.0,disabled,single,3,row_10,row_9,-0.34329280257225037,-3.1568398475646973,0.9432271294388894,0.05658591298297762,0.21924932932905825,2.813547044992447,-0.2848446355875878,0,0,0,disabled,0,0.0,50.0,alpha
216,2.0901124477386475,-1.8051941394805908,-34.81312942504883,-0.2652706801891327,1.08965003490448,0.018638670444488525,55,0,65,0.05698368698358536,0.5555555555555556,0.3,120,120,wall,both,1,1,1,1,1,1,0.0,1,1,0,alpha,full,huber,-12.29075679617115,-1.6589115907465326,1.9475758110097594,-12.103776552083037,-2.0303204383132143,1.7735168992897632,-12.020220914004593,-2.0457178336504183,1.6991217228732465,51.66847030985843,0.05698368698358536,80,2.6464532613754272,1.0,1.0,disabled,single,3,row_10,row_9,-0.2652706801891327,-2.905444383621216,0.9331595132756701,0.0665798814075513,0.24709419451281212,2.640173703432083,-0.19609155558207803,0,0,0,disabled,0,0.0,50.0,alpha
220,15.236915588378906,-34.058467864990234,-31.370651245117188,-0.35946059226989746,1.2715543508529663,0.0062705278396606445,54,0,66,0.08151574432849884,0.5555555555555556,0.3,120,120,wall,both,1,1,1,1,1,1,0.0,1,1,0,alpha,full,huber,-12.536998958286436,-1.303406978475898,1.848323430601729,-12.186275949514055,-1.6739443690292095,1.8057745818427435,-12.126434737225832,-1.7258968576638094,1.7530860783584554,44.34852181804895,0.08151574432849884,80,15.848904609680176,0.18928752957271655,1.0,disabled,single,3,row_10,row_9,-0.35946059226989746,-3.1980838775634766,0.944553285087351,0.05526218263334441,0.21548772017763596,2.838623285293579,-0.3024174148236466,0,0,0,disabled,0,0.0,50.0,alpha
224,0.4789212942123413,-0.09477917850017548,-47.32197189331055,-0.005789864342659712,0.1299421191215515,0.022343337535858154,106,7,14,0.03279963135719299,0.5415162454873647,0.3,120,127,wall,both,1,1,1,1,1,1,0.0,1,1,0,alpha,full,huber,-11.097064447965007,-1.4071357524428025,1.5424135095956348,-12.077277287522932,-1.2688952684511516,1.7530263308422873,-12.136423834509994,-1.2736862691922857,1.7537827802134602,64.6748577357878,0.03279963135719299,80,1.6169180274009705,1.0,1.0,disabled,single,3,row_10,row_9,-0.005789864342659712,-1.277151346206665,0.7783217544903183,0.2182799739557838,0.5465938015403,1.2713614818640053,0.2448254097730801,0,0,0,disabled,0,0.0,50.0,alpha
228,0.42491477727890015,-0.07460850477218628,-43.685813903808594,-0.01972194015979767,0.11435320228338242,0.06418663263320923,111,2,17,0.019956614822149277,0.5357142857142857,0.3,120,130,wall,both,1,1,1,1,1,1,0.0,1,1,0,alpha,full,huber,-11.162397842588627,-1.1207761341280489,1.3760411015881076,-12.019820374371038,-1.06374298645821,1.636813307459323,-12.093575466300408,-1.0432064911891676,1.6961412401239429,76.34987359738699,0.019956614822149277,87,0.7125601172447205,1.0,1.0,disabled,single,3,row_10,row_9,-0.01972194015979767,-1.3076025247573853,0.7811534217570965,0.21548493257641962,0.5428179583615921,1.2878805845975876,0.22726176556424535,0,0,0,disabled,0,0.0,50.0,alpha
232,0.649262011051178,-0.17419056594371796,-42.899497985839844,-0.09960702806711197,0.6541957855224609,0.033211708068847656,54,35,66,0.02747603878378868,0.49180327868852464,0.3,120,155,wall,both,1,1,1,1,1,1,0.0,1,1,0,alpha,full,huber,-12.286427355023786,0.9335528203768282,1.5856197944849093,-12.253995712816728,0.6761004031966329,1.6371358780136054,-12.28029151445726,0.6840044055503993,1.6686189212449296,63.40088547023426,0.02747604064643383,80,1.123402714729309,1.0,1.0,disabled,single,3,row_10,row_9,-0.09960702806711197,-2.2091596126556396,0.8911193487029349,0.10808584614278081,0.3488709178094011,2.1095525845885277,0.01566988325306068,0,0,0,disabled,0,0.0,50.0,alpha
236,0.6893783211708069,-0.19638118147850037,-25.215444564819336,-0.3613075911998749,1.2751003503799438,0.00042068958282470703,74,25,26,0.028455596417188644,0.5454545454545454,0.3,100,125,wall,both,1,1,1,1,1,1,0.0,1,1,0,alpha,full,huber,-13.187780448790445,2.161676937380245,1.7301836652382434,-12.607765195860157,1.8941653093399442,1.7501379985526004,-12.51461407855713,1.902011351380644,1.7108044958170687,65.1232367351039,0.028455596417188644,80,1.598003089427948,1.0,1.0,disabled,single,3,row_10,row_9,-0.3613075911998749,-3.188279151916504,0.9439344246678576,0.05587321676040338,0.21728532528327013,2.826971560716629,-0.3036090105561874,0,0,0,disabled,0,0.0,50.0,alpha
240,0.6476647257804871,-0.173334538936615,0.0,-0.27694806456565857,1.116361141204834,0.00046443939208984375,0,0,0,0.019979221746325493,0.5,0.3,0,0,wall,both,1,1,1,1,1,1,0.0,0,0,0,alpha,full,huber,-13.218856935883899,3.1414841420529513,1.7999401547575236,-12.871334632896106,2.8011965526983484,1.7949281128742947,-12.763787746509824,2.7724752110611925,1.75450511037681,79.23842274110133,0.019979221746325493,97,1.2852362394332886,1.0,1.0,disabled,single,3,row_10,row_9,-0.27694806456565857,-2.9602086544036865,0.9357858402583438,0.06395156866749348,0.24011496832983137,2.683260589838028,-0.21057943273888602,0,0,0,disabled,0,0.0,50.0,alpha
244,1.3663673400878906,-0.7714709639549255,0.0,-0.009174628183245659,0.2031496912240982,0.0009342432022094727,0,0,0,0.012179424986243248,0.5,0.3,0,0,wall,both,1,1,1,1,1,1,0.0,0,0,0,alpha,full,huber,-12.396095081822507,3.6817780499542985,1.8126908948353577,-12.789057531211443,3.349895447225456,1.750900714513098,-12.815079315000327,3.291307347143329,1.7535918444660101,148.29210452647345,0.012179426848888397,191,1.960507869720459,1.0,1.0,disabled,single,3,row_10,row_9,-0.009174628183245659,-1.6835936307907104,0.8406443152302799,0.15755106645027886,0.44848038804374124,1.6744190026074648,0.164412011047048,0,0,0,disabled,0,0.0,50.0,alpha
248,1.0964373350143433,-0.49676644802093506,-31.442079544067383,-0.7805753946304321,1.8728559017181396,0.016499042510986328,42,0,55,0.013581559993326664,0.6072874493927126,0.3,97,97,wall,both,1,1,1,1,1,1,0.0,4,4,0,alpha,full,huber,-14.255425194656024,7.0348381810972835,1.532996683769217,-13.934471615103716,7.055072623771741,1.3872660065814846,-13.748292287821915,7.079158016219876,1.3371226520622796,139.90551080241215,0.013581558130681515,229,1.688803791999817,1.0,1.0,disabled,single,3,row_10,row_9,-0.7805753946304321,-3.852681875228882,0.9556080886102796,0.04426708502734039,0.18251694248560493,3.0721064805984497,-0.7351679954951431,0,0,0,disabled,0,0.0,50.0,alpha
252,0.7357656955718994,-0.22369882464408875,0.0,-0.8141878247261047,1.809372067451477,0.14571994543075562,0,0,0,0.01016644760966301,0.5,0.3,0,0,wall,both,1,1,1,1,1,1,0.0,0,0,0,alpha,full,huber,-13.627271483040458,7.7134502007087065,1.168269179812511,-13.679386410570165,7.977247665955746,0.9384779248829782,-13.60762070850318,8.004888571714583,0.9083618688646764,188.1699628019113,0.01016644760966301,250,1.3267372250556946,1.0,1.0,disabled,single,3,row_10,row_9,-0.8141878247261047,-3.023282289505005,0.9005231413889639,0.09887746911722012,0.3275935120002941,2.2090944647789,-0.709408408407309,0,0,0,disabled,0,0.0,50.0,alpha
256,0.5719265341758728,-0.135165274143219,-48.67475891113281,-1.8472330570220947,2.673124313354492,0.2520599365234375,5,0,115,0.024022016674280167,0.5555555555555556,0.3,120,120,wall,both,1,1,1,1,1,1,0.0,1,1,0,alpha,full,huber,-14.262426013253606,8.31240136531468,0.9890580467812065,-13.7593043082428,8.387998312708183,0.693146243133164,-13.521085180979863,8.433494629446074,0.597723787077058,79.90169339239836,0.024022012948989868,191,1.1773955821990967,1.0,1.0,disabled,single,3,row_10,row_9,-1.8472330570220947,-4.582882404327393,0.9389148779393042,0.06089039690371826,0.2312566730778456,2.735649347305298,-1.7842026013172685,0,0,1,disabled,0,0.0,50.0,alpha
260,1.2270679473876953,-0.6221883296966553,-48.877742767333984,-1.1078097820281982,2.1642489433288574,0.12805110216140747,4,9,120,0.03235648572444916,0.5300353356890459,0.3,120,133,wall,both,1,1,1,1,1,1,0.0,3,3,0,alpha,full,huber,-11.518606609822749,8.423254971705514,-0.9490962171453088,-12.609021496350685,8.91690219342784,-0.6691117727951377,-12.645049634124174,8.954260820849285,-0.6869316104658276,76.71919005387593,0.03235648572444916,207,1.7079412937164307,1.0,1.0,disabled,single,3,row_9,row_10,-1.1078097820281982,-1.3285621404647827,0.5328278819177651,0.42728280053714784,0.8272772129182107,0.22075235843658447,-0.4782529518297616,1,1,0,disabled,0,0.0,50.0,alpha
264,0.7690548896789551,-0.24439895153045654,-41.89142990112305,-0.3774964511394501,1.3020440340042114,0.013635993003845215,52,6,102,0.06677108258008957,0.48387096774193555,0.3,120,160,wall,both,1,1,1,1,1,1,0.0,8,8,0,alpha,full,huber,-11.818983361973608,7.336134894339563,-1.2613607453922313,-11.6497894518899,8.101104097380446,-1.3503383080066305,-11.777910156676837,8.222771648140471,-1.3237467994017664,55.16017250464499,0.06677108258008957,196,1.9360219836235046,1.0,1.0,disabled,single,3,row_10,row_9,-0.3774964511394501,-0.725300133228302,0.5758963214873274,0.40671958392021756,0.7541369980775016,0.34780368208885193,0.17433118076610954,1,2,0,disabled,0,0.0,50.0,alpha
268,0.39141082763671875,-0.0633067935705185,-25.961029052734375,-0.18451400101184845,0.9099226593971252,0.011320352554321289,97,12,24,0.026197977364063263,0.5300353356890459,0.3,88,133,wall,both,1,1,1,1,1,1,0.0,10,10,0,alpha,full,huber,-11.682967357249089,6.53289195583034,-1.2760810251063976,-11.525610532248649,6.949988773610529,-1.4505036354883472,-11.532198912996748,7.098689357223268,-1.4428582499618896,97.96714028550939,0.02619798108935356,153,1.0775549411773682,1.0,1.0,disabled,single,3,row_10,row_9,-0.18451400101184845,-0.571799099445343,0.5855388174996292,0.3975208479698291,0.7491935116350937,0.38728509843349457,0.3507087990949006,0,2,0,disabled,0,0.0,50.0,alpha
272,0.5326809287071228,-0.11725164949893951,-24.369461059570312,-0.16529333591461182,0.8620821237564087,0.005877137184143066,120,7,24,0.01401161216199398,0.4983388704318937,0.3,120,151,wall,both,1,1,1,1,1,1,0.0,8,8,0,alpha,full,huber,-11.666813982233757,6.1708295563646445,-1.3182213463260422,-11.529752061196831,6.251486010345891,-1.4673462438720242,-11.50092765691031,6.400099084654634,-1.467028756514253,152.714554922852,0.01401161216199398,196,1.0264763236045837,1.0,1.0,disabled,single,3,row_10,row_9,-0.16529333591461182,-0.5880547165870667,0.5948436081561634,0.3897623314761819,0.7404879859661886,0.42276138067245483,0.3541634155063046,0,2,0,disabled,0,0.0,50.0,alpha
276,1.0778164863586426,-0.48003649711608887,-24.84036636352539,-0.1683146059513092,0.8694614768028259,0.008892655372619629,120,13,6,0.00966913253068924,0.5190311418685121,0.3,113,139,wall,both,1,1,1,1,1,1,0.0,8,8,0,alpha,full,huber,-11.534361643034714,5.219522671038725,-1.319489131282657,-11.533785146560497,5.432262257304678,-1.4525991227984105,-11.485774147776139,5.5487509083731865,-1.4643296063588203,200.17563518799952,0.009669133462011814,250,1.53026682138443,1.0,1.0,disabled,single,3,row_10,row_9,-0.1683146059513092,-0.5973525047302246,0.5966270110237184,0.3884848788641622,0.7380858523076443,0.4290378987789154,0.34814852704425314,0,2,0,disabled,0,0.0,50.0,alpha
280,0.9294797778129578,-0.35699698328971863,-29.718852996826172,-0.20084552466869354,0.9505857229232788,0.0032299160957336426,92,33,34,0.009557069279253483,0.4854368932038835,0.3,105,159,wall,both,1,1,1,1,1,1,0.0,7,7,0,alpha,full,huber,-11.438905087166592,5.103252336586318,-1.3725553625166673,-11.461694446432666,4.745566859652145,-1.4664842309708177,-11.43209611849923,4.728653267349126,-1.4700769763385106,200.70309046885106,0.009557069279253483,250,1.526830017566681,1.0,1.0,disabled,single,3,row_10,row_9,-0.20084552466869354,-0.545399010181427,0.5752815793813625,0.4076080857809889,0.7534842963696862,0.34455348551273346,0.3520501301096747,0,2,0,disabled,0,0.0,50.0,alpha
284,0.8891295790672302,-0.32667413353919983,-18.877174377441406,-0.1795903891324997,0.8985922336578369,0.006123363971710205,152,5,18,0.012848131358623505,0.46153846153846145,0.3,120,175,wall,both,1,1,1,1,1,1,0.0,6,6,0,alpha,full,huber,-11.405074142463537,4.375285507566972,-1.3422284717972726,-11.529464608594129,4.1484258314621805,-1.473763237335038,-11.45782853846346,4.134247284231807,-1.47655857849649,181.95785183092892,0.012848131358623505,250,1.1890798211097717,1.0,1.0,disabled,single,3,row_10,row_9,-0.1795903891324997,-0.6159299612045288,0.598136907807059,0.38663461451330183,0.7385380397739388,0.4363395720720291,0.33434521928124494,0,2,0,disabled,0,0.0,50.0,alpha
288,0.5631148815155029,-0.13103239238262177,-25.26336669921875,-0.1566663235425949,0.8395962715148926,0.0020418167114257812,103,9,21,0.010587754659354687,0.5300353356890459,0.3,120,133,wall,both,1,1,1,1,1,1,0.0,5,5,0,alpha,full,huber,-11.112923668584514,2.5704292846970422,-1.3184861184986905,-11.162255136063887,2.874011111560717,-1.4270499558500755,-11.249942835312384,2.9616270195322985,-1.4523485898018396,177.40918182676475,0.010587754659354687,250,1.1419900059700012,1.0,1.0,disabled,single,3,row_10,row_9,-0.1566663235425949,-0.6220337748527527,0.6056473241095061,0.3802885824229842,0.7313499468440532,0.4653674513101578,0.3447911121991454,0,2,0,disabled,0,0.0,50.0,alpha
292,1.1781377792358398,-0.5735572576522827,-15.311827659606934,-0.24158474802970886,1.0424705743789673,0.004586696624755859,124,0,6,0.01014852523803711,0.5357142857142857,0.3,120,130,wall,both,1,1,1,1,1,1,0.0,4,4,0,alpha,full,huber,-10.870229754415291,2.380741062165165,-1.2865857835127046,-10.849899457676297,2.20108268449537,-1.2091974891783686,-10.991894228079303,2.2238048097534295,-1.2690541017136494,170.28452698853167,0.01014852523803711,218,1.4195088148117065,1.0,1.0,disabled,single,3,row_10,row_9,-0.24158474802970886,-0.48089849948883057,0.5482899881976195,0.4315962613606125,0.7707218804524051,0.2393137514591217,0.3593662084253141,0,2,0,disabled,0,0.0,50.0,alpha
296,0.7743943333625793,-0.24780437350273132,-19.870981216430664,-0.12990553677082062,0.7643260955810547,0.004551887512207031,117,2,10,0.01779118739068508,0.5376344086021506,0.3,120,129,wall,both,1,1,1,1,1,1,0.0,5,5,0,alpha,full,huber,-11.04557009076686,1.815255959878589,-1.2869505953336338,-10.896914580132865,1.7713702681511045,-1.2672918861910103,-10.883293881129557,1.7938823564190063,-1.2649695211780616,111.2492645377982,0.01779118739068508,159,1.1459530591964722,1.0,1.0,disabled,single,3,row_10,row_9,-0.12990553677082062,-0.6812949180603027,0.6265786816328809,0.36100253279449845,0.7152287403578041,0.5513893812894821,0.3375753865623236,0,2,0,disabled,0,0.0,50.0,alpha
300,0.2613176703453064,-0.028217738494277,-11.97055435180664,-0.19645366072654724,0.939539909362793,0.008433163166046143,128,0,5,0.01570465788245201,0.5300353356890459,0.3,120,133,wall,both,1,1,1,1,1,1,0.0,1,1,0,alpha,full,huber,-10.64174686070719,0.9654073383378189,-1.3229862787159858,-10.69106314937899,1.3580166452115798,-1.2289691784991355,-10.733679103626834,1.4151527410412124,-1.249213453220738,142.50524545606788,0.01570465788245201,185,0.7553399801254272,1.0,1.0,disabled,single,3,row_10,row_9,-0.1961638182401657,-0.5501469969749451,0.5770339698781713,0.4050125115367693,0.7555225317122528,0.35398317873477936,0.3536903226944409,0,2,0,disabled,0,0.0,50.0,alpha
304,0.25642579793930054,-0.02717115357518196,-12.180943489074707,-0.21092544496059418,0.973488450050354,0.008990764617919922,123,3,0,0.021333646029233932,0.5434782608695653,0.3,120,126,wall,both,1,1,1,1,1,1,0.0,2,2,0,alpha,full,huber,-10.484355901543973,0.0348088397303008,-1.271118833420281,-10.403752840271817,0.12564687932303192,-1.2856495417112384,-10.358322470543168,0.12390766034222281,-1.2646284207533989,100.03807610246524,0.021333646029233932,153,0.644056499004364,1.0,1.0,disabled,single,3,row_10,row_9,-0.21092544496059418,-0.5260677933692932,0.5672455462944701,0.41391056496036344,0.7615597259708631,0.31514234840869904,0.35603756179043944,0,2,0,disabled,0,0.0,50.0,alpha
308,1.9824562072753906,-1.6240217685699463,-20.442922592163086,-0.13678734004497528,0.7536302208900452,0.05089902877807617,113,10,7,0.01965486817061901,0.5357142857142857,0.3,120,130,wall,both,1,1,1,1,1,1,0.0,4,4,0,alpha,full,huber,-10.493939312630392,-1.2389195135213127,-1.066964514838165,-10.340907297946556,-0.7181874344737018,-1.3543031165991515,-10.256520242244225,-0.6309932526391688,-1.3086009616486727,115.57764719387644,0.01965486817061901,159,2.685549736022949,1.0,1.0,disabled,single,3,row_10,row_9,-0.13678734004497528,-0.7079625725746155,0.6317718840129256,0.35686342781406744,0.7087219588127603,0.5711752325296402,0.3224395529634369,0,2,0,disabled,0,0.0,50.0,alpha
312,0.8748204708099365,-0.3162441849708557,-17.165971755981445,-0.25240570306777954,1.0653297901153564,0.006992697715759277,121,19,2,0.016791753470897675,0.5136986301369862,0.3,120,142,wall,both,1,1,1,1,1,1,0.0,5,5,0,alpha,full,huber,-10.332927557350516,-0.3143606818488619,-1.2869857059195406,-10.15498648779349,-0.9430404453998421,-1.2897450912447463,-10.159062478072947,-0.9576798863378947,-1.2950635075465897,121.33910362305602,0.016791753470897675,148,1.3162646293640137,1.0,1.0,disabled,single,3,row_10,row_9,-0.25240570306777954,-0.4675644040107727,0.541786720065665,0.4369040988760004,0.7758374290008462,0.21515870094299316,0.3604771573321859,0,2,0,disabled,0,0.0,50.0,alpha
316,36.74631881713867,-87.38756561279297,-23.05337142944336,-0.3457241654396057,1.246125340461731,0.012631118297576904,145,13,4,0.014851315878331661,0.4807692307692307,0.3,120,162,wall,both,1,1,1,1,1,1,0.0,8,8,0,alpha,full,huber,-9.785701127885854,-2.1707970923010524,-1.2274393936758328,-9.945162768313484,-1.4560097600400108,-1.2297268025439034,-9.989562713808102,-1.415033160796205,-1.2578700902886641,138.7699531731209,0.014851314015686512,175,37.380130767822266,0.08025654106546021,1.0,disabled,single,3,row_9,row_10,-0.3457241654396057,-0.3647744655609131,0.49051056692656725,0.4812546374549008,0.8020837864654136,0.019050300121307373,0.36658429159573447,1,3,0,disabled,0,0.0,50.0,alpha
320,1.1898068189620972,-0.5849753022193909,-25.418006896972656,-0.26971328258514404,1.101638674736023,0.0023558735847473145,126,48,3,0.016977082937955856,0.4587155963302753,0.3,98,177,wall,both,1,1,1,1,1,1,0.0,7,7,0,alpha,full,huber,-9.909596262975136,-2.4786223446581968,-1.3093695319127048,-9.732327474434552,-2.2498375662558745,-1.2806152310060641,-9.754724148209604,-2.162715695409205,-1.2745582469446932,133.68125851128903,0.016977082937955856,185,1.5809675455093384,1.0,1.0,disabled,single,3,row_10,row_9,-0.26971328258514404,-0.4495214521884918,0.5334002864267647,0.44561884505170113,0.7764960202657394,0.17980816960334778,0.35876984766616227,1,4,0,disabled,0,0.0,50.0,alpha
324,3.3081438541412354,-4.483001708984375,-8.938928604125977,-0.30777740478515625,1.1764885187149048,0.00689464807510376,154,0,0,0.028590312227606773,0.49342105263157904,0.3,120,154,wall,both,1,1,1,1,1,1,0.0,8,8,0,alpha,full,huber,-9.576295572633743,-3.795447630118172,-1.2605295165164772,-9.465834190795709,-3.5056096412885323,-1.2779161787027942,-9.451031465442036,-3.375731126634202,-1.2685260614561888,79.20353586898314,0.028590315952897072,107,3.6657910346984863,0.8183772538051264,1.0,disabled,single,3,row_10,row_9,-0.30777740478515625,-0.37469688057899475,0.5039959317300384,0.4713725322179692,0.7910823777899302,0.0669194757938385,0.3774096781224002,0,4,0,disabled,0,0.0,50.0,alpha
328,0.23215334117412567,-0.02227073349058628,-20.970762252807617,-0.19967152178287506,0.9476833343505859,0.004771530628204346,122,0,3,0.02490209974348545,0.5454545454545454,0.3,120,125,wall,both,1,1,1,1,1,1,0.0,5,5,0,alpha,full,huber,-9.615998132431924,-4.6800343745415045,-1.309665259560345,-9.440495254142796,-4.6045905144506865,-1.4000176661896706,-9.29703854408985,-4.526863196243909,-1.355785340341768,61.08858833998533,0.02490209974348545,80,0.6709671318531036,1.0,1.0,disabled,single,3,row_10,row_9,-0.19967152178287506,-0.5565952658653259,0.5780646423160828,0.40454458634803486,0.7533939928654879,0.35692374408245087,0.34839805686317993,0,4,0,disabled,0,0.0,50.0,alpha
332,0.7852585911750793,-0.2548062205314636,-20.751848220825195,-0.2135816216468811,0.979683518409729,0.008533477783203125,133,4,0,0.03055591881275177,0.5226480836236934,0.3,120,137,wall,both,1,1,1,1,1,1,0.0,3,3,0,alpha,full,huber,-8.997501263297709,-4.79552024763794,-1.3305528704217682,-9.140064595969534,-5.174718915128377,-1.3081315124009238,-9.148178648207658,-5.169484324587946,-1.33592161375804,61.27778377110712,0.03055591881275177,80,1.3957995772361755,1.0,1.0,disabled,single,3,row_9,row_10,-0.2135816216468811,-0.5264793038368225,0.5512680159420551,0.40315593638193703,0.8352944688213781,0.3128976821899414,0.3819525491271921,1,5,0,disabled,0,0.0,50.0,alpha
336,2.024904489517212,-1.694313406944275,-16.15196418762207,-0.25652915239334106,1.0743770599365234,0.002274751663208008,137,7,5,0.025437286123633385,0.5016722408026756,0.3,120,149,wall,both,1,1,1,1,1,1,0.0,3,3,0,alpha,full,huber,-8.959166079470489,-5.699104882276568,-1.3331116478605696,-8.902427249428825,-5.695277669869554,-1.3142126738505253,-8.945410015592094,-5.741194018146125,-1.3308849675599193,79.98794530397254,0.025437282398343086,102,2.207496762275696,1.0,1.0,disabled,single,3,row_9,row_10,-0.25652915239334106,-0.4521874785423279,0.5278376849296241,0.434037308803049,0.8240788770843968,0.19565832614898682,0.3824373050501978,0,5,0,disabled,0,0.0,50.0,alpha
340,1.5192607641220093,-0.953782320022583,-23.61542320251465,-0.11016681045293808,0.7038787007331848,0.00407785177230835,138,14,23,0.018222689628601074,0.46153846153846145,0.3,120,175,wall,both,1,1,1,1,1,1,0.0,3,3,0,alpha,full,huber,-8.42013453367095,-6.661644449162611,-1.5065799214224957,-8.529718095653795,-6.634583829103736,-1.2731569033506225,-8.605703776741915,-6.686627712024231,-1.310542839551023,94.82777969707367,0.018222689628601074,107,1.7891490459442139,1.0,1.0,disabled,single,3,row_9,row_10,-0.11016681045293808,-0.7149110436439514,0.6040653467207691,0.32994901707952656,0.8497160469129887,0.6047442331910133,0.39390608651144476,0,5,0,disabled,0,0.0,50.0,alpha
344,3.4452829360961914,-4.8230156898498535,-24.62142562866211,-0.1665869951248169,0.865802526473999,0.0012241601943969727,126,14,39,0.013475102372467518,0.45592705167173253,0.3,120,179,wall,both,1,1,1,1,1,1,0.0,4,4,0,alpha,full,huber,-8.540570398903533,-6.940474844589644,-1.4657255827390017,-8.372378235846735,-6.961073209162092,-1.26415022857516,-8.432182516473826,-7.007281346505316,-1.2927324654233334,106.86693948417191,0.013475102372467518,117,3.4660086631774902,0.8655489040958504,1.0,disabled,single,3,row_9,row_10,-0.1665869951248169,-0.5866281390190125,0.5720347026297748,0.37583811842484866,0.8412944377278808,0.42004114389419556,0.39196862538463473,0,5,0,disabled,0,0.0,50.0,alpha
348,0.0469244159758091,-0.0009098763694055378,-38.591407775878906,-0.3721192479133606,1.2093185186386108,0.10745632648468018,95,32,63,0.009168923832476139,0.4411764705882353,0.3,120,190,wall,both,1,1,1,1,1,1,0.0,4,4,0,alpha,full,huber,-6.518367078502212,-6.4401344361348425,-0.9483983201469499,-8.16428692828085,-7.399796044598344,-1.23987908620982,-8.221338213587806,-7.445619046799637,-1.2731633820193082,159.10860917904333,0.009168923832476139,175,2.161144256591797,1.0,1.0,disabled,single,3,row_9,row_8,-0.3721192479133606,-0.43563660979270935,0.49882179932624676,0.4681232212412297,0.8149540640598837,0.06351736187934875,0.32338711467687487,0,5,0,disabled,0,0.0,50.0,alpha
352,2.0080270767211914,-1.666187047958374,-32.151954650878906,-0.24900682270526886,1.0464990139007568,0.03716564178466797,125,27,42,0.011722976341843605,0.43604651162790703,0.3,120,194,wall,both,1,1,1,1,1,1,0.0,2,2,0,alpha,full,huber,-6.545446312011874,-7.323998129066515,-1.1427509060017753,-7.869370615851146,-7.966969623733075,-1.248579747132301,-7.93390120507833,-8.038332479275576,-1.268837753035812,194.34222205829906,0.011722976341843605,224,2.943437337875366,1.0,1.0,disabled,single,3,row_9,row_8,-0.24900682270526886,-0.49371403455734253,0.5363115703404127,0.41989642271695915,0.8355022188487244,0.24470721185207367,0.3740331761399316,0,5,0,disabled,0,0.0,50.0,alpha
356,0.7035778760910034,-0.2045544683933258,-29.78599739074707,-0.2511783838272095,1.0630273818969727,0.003873884677886963,115,36,40,0.01126590371131897,0.4398826979472141,0.3,120,191,wall,both,1,1,1,1,1,1,0.0,2,2,0,alpha,full,huber,-6.089911815677143,-7.519837668293621,-1.2971538603534625,-7.501592980848459,-8.392435821157171,-1.2289095593435648,-7.61850389379865,-8.482308867522837,-1.240098138416721,211.43359307271305,0.01126590371131897,250,1.8497564196586609,1.0,1.0,disabled,single,3,row_8,row_9,-0.2511783838272095,-0.476668119430542,0.5340513624337312,0.42623987858653634,0.8265758747032448,0.22548973560333252,0.37608487648731903,1,6,0,disabled,0,0.0,50.0,alpha
360,2.2678256034851074,-2.12522029876709,-20.084930419921875,-0.3236619830131531,1.2068465948104858,8.64267349243164e-05,103,5,36,0.01303982175886631,0.5102040816326531,0.3,120,144,wall,both,1,1,1,1,1,1,0.0,1,1,0,alpha,full,huber,-6.146852852133636,-7.9959472359653105,-1.3983495777308255,-7.032264886827999,-8.394028170894584,-1.2411636924380711,-7.257913712503155,-8.544905531051338,-1.2397456258349973,178.9699428272895,0.01303982175886631,250,3.5151872634887695,0.8534395965643509,1.0,disabled,single,3,row_8,row_9,-0.3236619830131531,-0.3839740455150604,0.49863022459449396,0.4694457416232057,0.8119471189987177,0.06031206250190735,0.37222850779480965,0,6,0,disabled,0,0.0,50.0,alpha
364,2.095241069793701,-1.8140641450881958,0.0,-0.19394491612911224,0.8951730132102966,0.06235605478286743,0,0,0,0.009701179340481758,0.5,0.3,0,0,wall,both,1,1,1,1,1,1,0.0,0,0,0,alpha,full,huber,-6.546439357116528,-8.135569825995685,-1.0165507694821025,-6.761492666277075,-8.62629014058202,-1.2450267919480436,-6.927985485112939,-8.755209032910784,-1.2404038026594604,211.33389614298824,0.009701179340481758,250,2.7742178440093994,1.0,1.0,disabled,single,3,row_9,row_8,-0.19394491612911224,-0.6054720282554626,0.5680928591949684,0.3764396633650153,0.8494299391577598,0.4115271121263504,0.37152547299582384,1,7,0,disabled,0,0.0,50.0,alpha
368,0.17185744643211365,-0.012204538099467754,0.0,-0.07487586885690689,0.5463957786560059,0.045719683170318604,0,0,0,0.008121590130031109,0.5,0.3,0,0,wall,both,1,1,1,1,1,1,0.0,0,0,0,alpha,full,huber,-6.7694168280803915,-8.793454909823698,-1.6751113594869458,-6.367823496519999,-8.887834984971395,-1.2565503632498625,-6.562705903925373,-8.99490716513452,-1.2448318909244669,197.44967811730336,0.008121591061353683,250,0.9081616103649139,1.0,1.0,disabled,single,3,row_9,row_8,-0.07487586885690689,-0.8659286499023438,0.6261141453821707,0.28385964671588765,0.8673702432008565,0.7910527810454369,0.3933467147811194,0,7,0,disabled,0,0.0,50.0,alpha
372,1.7794064283370972,-1.3083831071853638,0.0,-0.09107424318790436,0.4273715615272522,0.1112164855003357,0,0,0,0.011842431500554085,0.5,0.3,0,0,wall,both,1,1,1,1,1,1,0.0,0,0,0,alpha,full,huber,-6.83143855212049,-9.065385888431933,-1.7541823843097746,-6.30278455663721,-9.583654303973852,-1.3602456521054882,-6.29014256036905,-9.702144579038318,-1.2979046196695545,192.8165087572134,0.011842431500554085,250,2.8186899423599243,1.0,1.0,disabled,single,3,row_9,row_8,-0.06293497234582901,-0.9771570563316345,0.639523454260127,0.25633910896201434,0.8703935297255243,0.9142220839858055,0.3840970103554339,0,7,0,disabled,0,0.0,50.0,alpha
376,0.42894303798675537,-0.07602980732917786,0.0,-0.0640505999326706,0.532240092754364,0.016413450241088867,0,0,0,0.007455642335116863,0.5,0.3,0,0,wall,both,1,1,1,1,1,1,0.0,0,0,0,alpha,full,huber,-6.5257546027685915,-9.743386302328407,-1.4595008079779712,-6.285077752680795,-9.970841037779774,-1.4380906813416796,-6.224659827832523,-10.073946743936375,-1.365518485110294,202.04377234021,0.007455642335116863,250,1.0078412294387817,1.0,1.0,disabled,single,3,row_9,row_8,-0.0640505999326706,-0.8478420376777649,0.6310730212347748,0.28819292695841486,0.852227141840725,0.7837914377450943,0.39628310016913876,0,7,0,disabled,0,0.0,50.0,alpha
380,1.8806815147399902,-1.461555004119873,0.0,-0.021362483501434326,0.3090422749519348,0.005828857421875,0,0,0,0.009116937406361103,0.5,0.3,0,0,wall,both,1,1,1,1,1,1,0.0,0,0,0,alpha,full,huber,-6.971163733581078,-10.105299536101612,-1.386093382300985,-6.553215266110218,-10.44491001239193,-1.5508127719434077,-6.3516567948287035,-10.535929314545664,-1.454345408304857,199.38448422312447,0.009116938337683678,250,2.6078503131866455,1.0,1.0,disabled,single,3,row_9,row_8,-0.021362483501434326,-1.36509108543396,0.6728518581344193,0.17552765026071435,0.8580280686474875,1.3437286019325256,0.3748676117090645,0,7,0,disabled,0,0.0,50.0,alpha
384,1.872933030128479,-1.4495364427566528,0.0,-0.1814495027065277,0.6113511323928833,0.15526270866394043,0,0,0,0.009017646312713623,0.5,0.3,0,0,wall,both,1,1,1,1,1,1,0.0,0,0,0,alpha,full,huber,-7.357600223878487,-10.338295992367536,-1.8427924610697242,-6.8169452798988885,-10.72132498697513,-1.6400291981673745,-6.587210006666923,-10.811904659916586,-1.5454606564890252,203.18381899275124,0.009017646312713623,250,2.573696732521057,1.0,1.0,disabled,single,3,row_9,row_10,-0.1814495027065277,-1.1313797235488892,0.643760010370113,0.24898577868136013,0.8691612578226554,0.9499302208423615,0.2589797743290688,0,7,0,disabled,0,0.0,50.0,alpha
388,2.9063432216644287,-3.4904260635375977,0.0,-0.22129705548286438,0.9502537250518799,0.07110148668289185,0,0,0,0.009599919430911541,0.5,0.3,0,0,wall,both,1,1,1,1,1,1,0.0,0,0,0,alpha,full,huber,-6.771659517678557,-10.714902811124297,-1.6574388706001977,-6.99480148711071,-10.996582114238967,-1.7006405026975766,-6.8062181162272495,-11.117383411518798,-1.6213734214525934,200.61370390621366,0.009599919430911541,250,3.3522757291793823,0.8949144528556972,1.0,disabled,single,3,row_9,row_8,-0.22129705548286438,-1.4558101892471313,0.6682922630054545,0.19445727314083727,0.8603459878938431,1.234513133764267,0.18173262617711866,0,7,0,disabled,0,0.0,50.0,alpha
392,0.16936175525188446,-0.011852646246552467,0.0,-0.736310601234436,1.7945752143859863,0.07111787796020508,0,0,0,0.007925725542008877,0.5,0.3,0,0,wall,both,1,1,1,1,1,1,0.0,0,0,0,alpha,full,huber,-7.299836442238806,-11.585268267709472,-1.6574832589637967,-7.12894686914619,-11.50357015902808,-1.8089055173290476,-6.995713683466633,-11.566741680779426,-1.7836699746738067,185.86412707751813,0.007925726473331451,246,0.6160315275192261,1.0,1.0,disabled,single,3,row_9,row_10,-0.736310601234436,-1.5641359090805054,0.6345054789408633,0.27727800036266664,0.8585028560545008,0.8278253078460693,-0.2814012444220415,0,7,0,disabled,0,0.0,50.0,alpha
396,0.2576588988304138,-0.027433102950453758,0.0,-0.8610677719116211,1.2629587650299072,0.35230553150177,0,0,0,0.01281034667044878,0.5,0.3,0,0,wall,both,1,1,1,1,1,1,0.0,0,0,0,alpha,full,huber,-8.94031320359735,-11.32020509321441,-2.2757328790228395,-7.424362780189922,-11.793728977444022,-1.7027257034619538,-7.270052230281104,-11.870080243429388,-1.6396107523759946,170.3894926873311,0.01281034667044878,207,1.7663716077804565,1.0,1.0,disabled,single,3,row_10,row_9,-0.8610677719116211,-2.1542375087738037,0.7802662671961755,0.21410477387799864,0.5527542605221754,1.2931697368621826,-0.6129477225604794,1,8,0,disabled,0,0.0,50.0,alpha
400,0.3545334041118622,-0.051939643919467926,0.0,-1.1428935527801514,2.042156219482422,0.23011672496795654,0,0,0,0.011772161349654198,0.5,0.3,0,0,wall,both,1,1,1,1,1,1,0.0,0,0,0,alpha,full,huber,-8.163980272553257,-11.704128605845161,-2.101629480536853,-7.672422866307893,-12.351905047836041,-1.1004394080935878,-7.512916182862121,-12.447897075115009,-1.0318130230910119,162.99997217514922,0.011772163212299347,213,1.244208812713623,1.0,1.0,disabled,single,3,row_10,row_9,-1.1428935527801514,-1.4920010566711426,0.5732844837128604,0.40434746523896065,0.7700902689803457,0.3491075038909912,-0.5865203484810301,0,8,0,disabled,0,0.0,50.0,alpha
404,1.9333842992782593,-1.544617772102356,-49.4791145324707,-2.694791793823242,3.4499142169952393,0.1105949878692627,4,1,85,0.04122566804289818,0.625,0.3,74,90,wall,both,1,1,1,1,1,1,0.0,6,6,0,alpha,full,huber,-5.971924644936993,-13.083384418028762,1.388768193087813,-6.860336981936626,-13.572819610311466,1.3732548572093302,-6.771641160810615,-13.705944743020662,1.3852762010463806,72.82319665602839,0.04122566804289818,202,2.455844759941101,1.0,1.0,disabled,single,3,row_9,row_8,-2.694791793823242,-3.4927899837493896,0.6315748166650055,0.284353510499554,0.8559869129797446,0.7979981899261475,-2.235252924143006,1,9,1,disabled,0,0.0,50.0,alpha
408,1.2747079133987427,-0.6714381575584412,-36.37333297729492,-0.4334956705570221,1.3539823293685913,0.07996982336044312,74,5,67,0.07990220934152603,0.5067567567567568,0.3,117,146,wall,both,1,1,1,1,1,1,0.0,6,6,0,alpha,full,huber,-5.875512000472428,-10.474065710965728,1.4608838725928948,-6.2229088007430455,-11.460027148683132,1.3744517671785292,-6.294239909043265,-11.535054380197938,1.3868162393775076,80.23224537787968,0.07990220934152603,224,2.390371561050415,1.0,1.0,disabled,single,3,row_9,row_8,-0.4334956705570221,-0.644148051738739,0.5312860174394253,0.4303712181535904,0.8239064398499281,0.21065238118171692,0.19895909295160152,0,9,0,disabled,0,0.0,50.0,alpha
412,1.1112003326416016,-0.5102339386940002,-35.82320022583008,-0.2883076071739197,1.1390275955200195,0.00012451410293579102,85,4,46,0.02365778386592865,0.5263157894736842,0.3,120,135,wall,both,1,1,1,1,1,1,0.0,5,5,0,alpha,full,huber,-5.746984953267493,-9.506811438841565,1.8212179232664267,-5.869402659512327,-10.42357416493418,1.507658864974364,-5.996306241714171,-10.578342278965746,1.5042310132833476,110.12128436052627,0.0236577857285738,191,2.030996322631836,1.0,1.0,disabled,single,3,row_8,row_9,-0.2883076071739197,-0.3997900187969208,0.5084137648228637,0.4547797346720592,0.8237995326352646,0.1114824116230011,0.3881520580701662,1,10,0,disabled,0,0.0,50.0,alpha
416,1.2506728172302246,-0.6463564038276672,-30.51935386657715,-0.2444557398557663,1.0487618446350098,0.0028519034385681152,110,4,27,0.015543670393526554,0.5154639175257733,0.3,120,141,wall,both,1,1,1,1,1,1,0.0,7,7,0,alpha,full,huber,-5.780359108617667,-9.041287760916726,1.9125386535238267,-5.76685842115974,-9.723007410335109,1.6651694709780802,-5.858389268885203,-9.932090478051062,1.630430561834256,137.88030441864484,0.015543668530881405,185,1.6469768285751343,1.0,1.0,disabled,single,3,row_8,row_9,-0.2444557398557663,-0.4612492024898529,0.530671418504792,0.4272415608427487,0.832900922384729,0.2167934626340866,0.3891565069614139,0,10,0,disabled,0,0.0,50.0,alpha
420,0.26313644647598267,-0.028611894696950912,-34.19709396362305,-0.10387624055147171,0.6610121130943298,0.040753960609436035,101,6,30,0.009081126190721989,0.5226480836236934,0.3,120,137,wall,both,1,1,1,1,1,1,0.0,3,3,0,alpha,full,huber,-5.456672457811515,-8.713956238921103,2.0428634998957325,-5.746785461223987,-8.902419320166606,1.7066551189084789,-5.817849577940872,-9.016681753338005,1.6783019006076767,206.25214018342524,0.009081127122044563,250,0.8106200397014618,1.0,1.0,disabled,single,3,row_8,row_9,-0.10139331221580505,-0.75755375623703,0.6100033463958419,0.3164939097888864,0.8575038420538508,0.656160444021225,0.39289752371919995,0,10,0,disabled,0,0.0,50.0,alpha
424,0.9929150938987732,-0.4073885977268219,-37.381717681884766,-0.19220228493213654,0.9282678961753845,0.01325899362564087,124,28,23,0.009137003682553768,0.46153846153846145,0.3,120,175,wall,both,1,1,1,1,1,1,0.0,7,7,0,alpha,full,huber,-5.797189464937324,-8.348629554260178,1.9194131622939263,-5.765251682419569,-8.183988845596776,1.7269203442251306,-5.824947226832646,-8.224879888691591,1.7133625306459273,219.79193508747437,0.009137003682553768,250,1.1611817479133606,1.0,1.0,disabled,single,3,row_8,row_9,-0.19220228493213654,-0.5604925751686096,0.5617081153148159,0.3886549985746798,0.8403421955207158,0.3682902902364731,0.38457064684169673,0,10,0,disabled,0,0.0,50.0,alpha
428,1.361094355583191,-0.7655280232429504,-31.383180618286133,-0.2642523944377899,1.090244174003601,0.005235731601715088,140,14,8,0.011117735877633095,0.4807692307692307,0.3,120,162,wall,both,1,1,1,1,1,1,0.0,6,6,0,alpha,full,huber,-6.201288326104831,-6.98595751245225,1.825590065274981,-5.804811226898881,-7.445382101606885,1.7229201479552618,-5.855552702662468,-7.505782190182167,1.7350074510404738,208.23865596124057,0.011117735877633095,250,1.4768213033676147,1.0,1.0,disabled,single,3,row_8,row_9,-0.2642523944377899,-0.460003137588501,0.5270062933562889,0.43331361381785777,0.8279913692840062,0.19575074315071106,0.3762903942217476,0,10,0,disabled,0,0.0,50.0,alpha
432,0.456853449344635,-0.08624590188264847,-42.44542694091797,-0.11289875209331512,0.7127384543418884,0.001621842384338379,138,18,17,0.008348061703145504,0.46439628482972134,0.3,120,173,wall,both,1,1,1,1,1,1,0.0,6,6,0,alpha,full,huber,-4.315122902318654,-7.349374350003336,1.8133497915357264,-5.710478147416891,-7.114561513382217,1.7118238808542194,-5.799692498015277,-7.146191170282233,1.727737619289634,226.6425619128167,0.008348062634468079,250,2.08108127117157,1.0,1.0,disabled,single,3,row_8,row_7,-0.11289875209331512,-0.7236418724060059,0.6053682666171256,0.3286830319626123,0.8488648207280995,0.6107431203126907,0.3890195488915428,0,10,0,disabled,0,0.0,50.0,alpha
436,0.4872663617134094,-0.09811095148324966,-32.758480072021484,-0.1516052484512329,0.825771689414978,0.004204809665679932,140,6,9,0.012339138425886631,0.49180327868852464,0.3,120,155,wall,both,1,1,1,1,1,1,0.0,4,4,0,alpha,full,huber,-4.3173698127161275,-6.63069793744096,1.81495121044082,-5.557455782280907,-6.419557271024212,1.6302440963384344,-5.716674213889072,-6.429232906853565,1.6879037939099826,201.10697986764168,0.012339138425886631,250,1.5745468735694885,1.0,1.0,disabled,single,3,row_8,row_7,-0.1516052484512329,-0.6159008145332336,0.5800456048838689,0.36460375584886534,0.8439742736768197,0.46429556608200073,0.3930433009714268,0,10,0,disabled,0,0.0,50.0,alpha
440,0.8426716327667236,-0.29342788457870483,-20.565427780151367,-0.18538592755794525,0.9130303263664246,0.005773782730102539,140,1,7,0.01713244430720806,0.5033557046979865,0.3,120,148,wall,both,1,1,1,1,1,1,0.0,6,6,0,alpha,full,huber,-4.395041468812676,-5.580145958573606,1.8523129660958322,-5.3381954121480355,-5.4355917655093,1.5331785772505733,-5.560251482480117,-5.442930256356629,1.562491208768055,188.00687937817034,0.01713244430720806,250,1.7261216640472412,1.0,1.0,disabled,single,3,row_8,row_7,-0.18538592755794525,-0.522879421710968,0.5556145701159755,0.39646245299761984,0.8389182278304057,0.33749349415302277,0.4022945167770222,0,10,0,disabled,0,0.0,50.0,alpha
444,0.2508390545845032,-0.026000093668699265,-10.696173667907715,-0.2053992599248886,0.961403489112854,3.528594970703125e-05,141,6,3,0.018507296219468117,0.5,0.3,120,150,wall,both,1,1,1,1,1,1,0.0,6,6,0,alpha,full,huber,-4.536090826672814,-4.498333977671603,1.7363975897678428,-4.783111038050116,-4.477703880790867,1.4853803845883855,-5.12902494146555,-4.454601778251221,1.492624312903028,132.87352043942752,0.018507296219468117,250,0.9575898051261902,1.0,1.0,disabled,single,3,row_8,row_7,-0.2053992599248886,-0.494438499212265,0.5460655612564873,0.4089937213941267,0.8354661834811259,0.2890392392873764,0.39961697495950443,0,10,0,disabled,0,0.0,50.0,alpha
448,0.8744316697120667,-0.31596311926841736,-22.832725524902344,-0.13078108429908752,0.7671472430229187,1.1920928955078125e-06,115,35,6,0.013356585055589676,0.49019607843137253,0.3,120,156,wall,both,1,1,1,1,1,1,0.0,4,4,0,alpha,full,huber,-4.878015770028736,-3.6274597066282026,1.7824133886051907,-4.778253427497349,-4.005248104675763,1.5800104016372838,-4.923521098095657,-4.046864281790114,1.5355379887254426,177.43977383374997,0.01335658598691225,250,1.5008181929588318,1.0,1.0,disabled,single,3,row_8,row_7,-0.13078108429908752,-0.6450046300888062,0.5861727892991807,0.3505106399866711,0.8552904671283463,0.5142235457897186,0.40335958628408564,0,10,0,disabled,0,0.0,50.0,alpha
452,0.560068666934967,-0.1296185702085495,-28.62615966796875,-0.18476007878780365,0.9118218421936035,0.00026363134384155273,111,47,9,0.01067928597331047,0.47318611987381703,0.3,120,167,wall,both,1,1,1,1,1,1,0.0,5,5,0,alpha,full,huber,-4.803985645994202,-3.280871990455003,1.8038250930899604,-4.849042188853791,-3.6275595119064197,1.6617474211618521,-4.87793068621056,-3.685069338627848,1.5947443996248793,194.00305186670118,0.01067928597331047,250,1.0446117520332336,1.0,1.0,disabled,single,3,row_8,row_7,-0.18476007878780365,-0.5234556794166565,0.5546176276760809,0.39527562901653435,0.843817268533458,0.33869560062885284,0.40471628303150975,0,10,0,disabled,0,0.0,50.0,alpha
456,1.1838098764419556,-0.579093337059021,-36.888877868652344,-0.061013005673885345,0.47745487093925476,0.05036723613739014,100,51,25,0.010233135893940926,0.4601226993865031,0.3,120,176,wall,both,1,1,1,1,1,1,0.0,6,6,0,alpha,full,huber,-5.412713448316342,-2.3688255392712643,2.0612788471578725,-4.989681707385765,-2.980794084868288,1.7205045074939453,-4.945693172999663,-3.0347230567403938,1.6508454399678456,165.98759368113178,0.0102331368252635,202,1.6861320734024048,1.0,1.0,disabled,single,3,row_8,row_7,-0.061013005673885345,-0.8598723411560059,0.6309518661502412,0.2838285169669215,0.8578742578542267,0.7988593354821205,0.39951269553046453,0,10,0,disabled,0,0.0,50.0,alpha
460,1.1039892435073853,-0.5036331415176392,-40.526851654052734,-0.08325506746768951,0.5334414839744568,0.0700342059135437,97,36,30,0.011935646645724773,0.47923322683706066,0.3,120,163,wall,both,1,1,1,1,1,1,0.0,4,4,0,alpha,full,huber,-6.322675195984042,-3.0377496389711687,2.1190208955435477,-5.163088689457109,-2.420085287767386,1.739107240140889,-5.085091040382252,-2.4494745601677503,1.6901895389353987,176.82791873928605,0.011935647577047348,202,2.2598304748535156,1.0,1.0,disabled,single,3,row_8,row_9,-0.08325506746768951,-0.9267984628677368,0.6324276988873082,0.272059966918284,0.8682317324747858,0.8435433954000473,0.37493430750625695,0,10,0,disabled,0,0.0,50.0,alpha
464,0.6042296290397644,-0.15086506307125092,-39.24416732788086,-0.11130715161561966,0.7004344463348389,0.02365058660507202,124,41,26,0.016680004075169563,0.4398826979472141,0.3,120,191,wall,both,1,1,1,1,1,1,0.0,7,7,0,alpha,full,huber,-6.5754108244403415,-2.5578069826818326,1.9604637320220846,-5.3000224124329804,-1.9014234358963082,1.8036546148769088,-5.234669065737734,-1.8865860842013538,1.7410034898512539,153.7127392005212,0.016680004075169563,175,2.251105785369873,1.0,1.0,disabled,single,3,row_8,row_9,-0.11130715161561966,-0.7715328931808472,0.6087980200478733,0.31458704570938506,0.8627665455166003,0.6602257415652275,0.38496157304530015,0,10,0,disabled,0,0.0,50.0,alpha
468,0.8505038619041443,-0.2989077866077423,-34.510189056396484,-0.1257571578025818,0.7515625357627869,0.0076004862785339355,136,40,15,0.012685787864029408,0.4398826979472141,0.3,120,191,wall,both,1,1,1,1,1,1,0.0,10,10,0,alpha,full,huber,-6.640605808920743,-2.481111960664007,1.865915015787146,-5.499878806753923,-1.8476082887877951,1.8869757920214492,-5.400254316202934,-1.7504111013667925,1.8193749684375886,178.79203422583137,0.012685788795351982,213,1.9578250646591187,1.0,1.0,disabled,single,3,row_8,row_9,-0.1257571578025818,-0.7260754108428955,0.5996144727577996,0.32897068723681266,0.8609106387959092,0.6003182530403137,0.385711217887845,0,10,0,disabled,0,0.0,50.0,alpha
472,0.7146907448768616,-0.2110672891139984,-22.621253967285156,-0.23411568999290466,1.0264114141464233,7.998943328857422e-05,118,3,11,0.008108539506793022,0.5319148936170213,0.3,120,132,wall,both,1,1,1,1,1,1,0.0,8,8,0,alpha,full,huber,-5.0803572441414495,-1.099598581168743,1.7380579952874236,-5.4794852625438555,-1.2570982857500193,1.9040867395136611,-5.508510596333474,-1.224274187174506,1.8950321587370649,198.89783384864944,0.008108539506793022,250,0.8272731900215149,1.0,1.0,disabled,single,3,row_8,row_7,-0.23411568999290466,-0.44629934430122375,0.5311953600107752,0.4296393813903523,0.8259050060842876,0.2121836543083191,0.3985097257846323,0,10,0,disabled,0,0.0,50.0,alpha
476,0.3569064438343048,-0.05263727530837059,-35.30586242675781,-0.04100566357374191,0.29400524497032166,0.07307708263397217,122,10,9,0.007772974669933319,0.5154639175257733,0.3,120,141,wall,both,1,1,1,1,1,1,0.0,4,4,0,alpha,full,huber,-6.520388656482674,-0.5610310993010901,2.1353755775442336,-5.746707461873173,-0.7476813767188034,1.9983907549389601,-5.7094615418148535,-0.7540455417726813,1.9728520617334588,213.22556634643996,0.0077729737386107445,250,0.8820322453975677,1.0,1.0,disabled,single,3,row_8,row_9,-0.03349786624312401,-1.154699683189392,0.6612761601882309,0.21550190020575194,0.8622404410046115,1.121201816946268,0.38008586862771604,0,10,0,disabled,0,0.0,50.0,alpha
480,0.45358970761299133,-0.08501803129911423,-13.860307693481445,-0.30102384090423584,1.1638356447219849,0.002261340618133545,114,0,6,0.013371915556490421,0.5555555555555556,0.3,120,120,wall,both,1,1,1,1,1,1,0.0,3,3,0,alpha,full,huber,-4.944330710506065,-0.34147803314188213,1.7956592647451668,-5.528501285205785,-0.32917767070954385,1.894623915793565,-5.672698546071286,-0.3727614174525817,1.9453948626518667,167.18836795536254,0.013371915556490421,250,1.3821775913238525,1.0,1.0,disabled,single,3,row_7,row_8,-0.30102384090423584,-0.37319543957710266,0.5002500667723339,0.46541827075291664,0.8182130522780323,0.07217159867286682,0.39162333113613845,1,11,0,disabled,0,0.0,50.0,alpha
484,0.5001086592674255,-0.1033506840467453,-26.004253387451172,-0.12621594965457916,0.7521277070045471,0.011131107807159424,152,22,6,0.020121021196246147,0.45454545454545453,0.3,120,180,wall,both,1,1,1,1,1,1,0.0,5,5,0,alpha,full,huber,-7.150793339623036,0.16339446394912627,1.9398629943400234,-5.698786523429918,0.06970991165108849,1.9259447591651988,-5.7456844693253,0.019740887748991267,1.9381738638808237,194.62164254973075,0.020121021196246147,250,1.4560556411743164,1.0,1.0,disabled,single,3,row_8,row_9,-0.12621594965457916,-0.6947066783905029,0.5961789991823429,0.33766363168372493,0.8546202519420978,0.5684907287359238,0.3909983731549338,1,12,0,disabled,0,0.0,50.0,alpha
488,0.5224617719650269,-0.11279599368572235,-33.55266189575195,-0.1293310970067978,0.6349599957466125,0.09866875410079956,116,35,21,0.009602813981473446,0.46583850931677023,0.3,120,172,wall,both,1,1,1,1,1,1,0.0,8,8,0,alpha,full,huber,-5.905901692212416,0.9531103486864355,2.2384818782362803,-5.8144710755168205,0.70348294090765,1.9556044767713574,-5.878150977686434,0.6416975797537168,1.9462661985092922,202.74400342056592,0.009602813981473446,250,1.0061021447181702,1.0,1.0,disabled,single,3,row_8,row_7,-0.1293310970067978,-0.8113342523574829,0.6144762055023694,0.3106811208214822,0.8564429936850911,0.6820031553506851,0.35765397544007876,0,12,0,disabled,0,0.0,50.0,alpha
492,1.0314922332763672,-0.43965959548950195,-24.583251953125,-0.3014581501483917,1.1612039804458618,0.021086692810058594,124,7,13,0.014354798942804337,0.5102040816326531,0.3,120,144,wall,both,1,1,1,1,1,1,0.0,5,5,0,alpha,full,huber,-7.722218970906714,0.9585938536468542,1.878959500595732,-6.254705278630267,1.4998885229282601,1.9483182228709899,-6.230184183837856,1.4813829884395147,1.9243242837765626,206.51623960479367,0.014354800805449486,250,1.8954591155052185,1.0,1.0,disabled,single,3,row_8,row_9,-0.3014581501483917,-0.39243221282958984,0.5041906565580784,0.46034693911792746,0.8208147189228622,0.09097406268119812,0.38334264547321306,0,12,0,disabled,0,0.0,50.0,alpha
496,0.261322557926178,-0.028218794614076614,-32.322044372558594,-0.14854364097118378,0.8174413442611694,0.00358504056930542,111,12,26,0.01016944833099842,0.5016722408026756,0.3,120,149,wall,both,1,1,1,1,1,1,0.0,4,4,0,alpha,full,huber,-7.584519786474899,2.096087619943531,1.9129679159289772,-7.140384297388186,2.5422734781055216,2.0476090341460025,-6.932276132941742,2.6108472136303407,1.9996173035340759,200.31883955956852,0.01016944833099842,250,1.322800099849701,1.0,1.0,disabled,single,3,row_8,row_9,-0.14854364097118378,-0.6288387179374695,0.5831415027293845,0.3607318176053573,0.8439654990314382,0.4802950769662857,0.39078176630924455,0,12,0,disabled,0,0.0,50.0,alpha
500,0.6381077766418457,-0.16825683414936066,-35.78561782836914,-0.2785222828388214,1.1185970306396484,0.010669469833374023,105,46,27,0.010141600854694843,0.4573170731707317,0.3,120,178,wall,both,1,1,1,1,1,1,0.0,4,4,0,alpha,full,huber,-8.508124108533545,3.880666979457572,1.8745157617697004,-8.19983891300814,3.534207918542119,2.150256186055359,-7.860111453604935,3.6232415852611686,2.091019730316267,180.84258783666064,0.010141600854694843,250,1.4650535583496094,1.0,1.0,disabled,single,3,row_9,row_8,-0.2785222828388214,-0.43676307797431946,0.5202030523709728,0.4440683204798094,0.8194965844811276,0.15824079513549805,0.3750137754586037,1,13,0,disabled,0,0.0,50.0,alpha
504,0.34485676884651184,-0.04914305359125137,-29.035337448120117,-0.21037961542606354,0.9726393222808838,0.00608903169631958,142,15,27,0.01730949804186821,0.44910179640718567,0.3,120,184,wall,both,1,1,1,1,1,1,0.0,3,3,0,alpha,full,huber,-8.174907009862718,4.443405807849824,1.861904561002703,-8.343763042000823,4.200190104684937,2.063175456029003,-8.283180952829259,4.214734157851346,2.073345061053632,148.30606632667343,0.01730949804186821,250,0.9472439885139465,1.0,1.0,disabled,single,3,row_8,row_9,-0.21037961542606354,-0.5245853066444397,0.5522937790129645,0.40337813482920454,0.8322347684068914,0.31420569121837616,0.38329555049479735,1,14,0,disabled,0,0.0,50.0,alpha
508,0.7522666454315186,-0.2338450849056244,-29.434051513671875,-0.19344942271709442,0.9330015778541565,0.0012868046760559082,107,13,26,0.011279803700745106,0.5067567567567568,0.3,119,146,wall,both,1,1,1,1,1,1,0.0,2,2,0,alpha,full,huber,-8.180891249148933,4.696721215549915,1.802230724394346,-8.363579840230752,4.9730088572872635,1.9795373656853028,-8.496468338578865,4.939396087120264,2.030594613837142,176.25145852857827,0.01127980463206768,250,1.320795476436615,1.0,1.0,disabled,single,3,row_8,row_9,-0.19344942271709442,-0.5476363897323608,0.5600254960674033,0.39299439291252297,0.8353952941952687,0.3541869670152664,0.3863235448804554,0,14,0,disabled,0,0.0,50.0,alpha
512,1.6997803449630737,-1.193906307220459,-34.6243782043457,-0.11925649642944336,0.3306328356266022,0.15253221988677979,93,0,49,0.009356120601296425,0.5136986301369862,0.3,115,142,wall,both,1,1,1,1,1,1,0.0,1,1,0,alpha,full,huber,-7.67330457887049,5.324594366976663,1.1544483881886771,-8.303496894750841,5.4796845948866135,1.832849078842204,-8.480883224839321,5.41940942162555,1.9325594199872533,187.72528081515983,0.009356120601296425,250,2.62488853931427,1.0,1.0,disabled,single,3,row_8,row_9,-0.11925649642944336,-1.1757218837738037,0.6623629143525426,0.23029203648945706,0.850580015733932,1.0564653873443604,0.29268516783558296,0,14,0,disabled,0,0.0,50.0,alpha
516,0.06882087141275406,-0.0019571539014577866,0.0,-0.16030509769916534,0.8493366837501526,9.34600830078125e-05,0,0,0,0.007441350258886814,0.5,0.3,0,0,wall,both,1,1,1,1,1,1,0.0,0,0,0,alpha,full,huber,-8.401670524498334,6.645602195352183,1.771196457812465,-8.467983360788764,6.333559361362013,1.7912342698154795,-8.597703255591338,6.249647924371978,1.8636232194636202,203.4052172911567,0.007441350258886814,250,0.6970438063144684,1.0,1.0,disabled,single,3,row_8,row_9,-0.16030509769916534,-0.6208541393280029,0.5774967950401578,0.3643641760125856,0.8503393607499765,0.4605490416288376,0.38874728861643526,0,14,0,disabled,0,0.0,50.0,alpha
520,0.8425384163856506,-0.2933351397514343,-30.16522789001465,-0.14798833429813385,0.5657346844673157,0.137229323387146,90,0,30,0.012268162332475185,0.5555555555555556,0.3,120,120,wall,both,1,1,1,1,1,1,0.0,1,1,0,alpha,full,huber,-8.057625262595364,6.342246234812959,1.1839759162113674,-8.505921353561146,6.769389594011773,1.757660320506078,-8.631938347752142,6.8164903136143025,1.8112581127564917,179.69078338250662,0.01226816326379776,250,1.6904089450836182,1.0,1.0,disabled,single,3,row_8,row_9,-0.14798833429813385,-0.930916965007782,0.6265604856224126,0.28637916491931104,0.8635505273443798,0.7829286307096481,0.3195216297209054,0,14,0,disabled,0,0.0,50.0,alpha
524,0.04950705170631409,-0.0010127885034307837,-27.564945220947266,-0.20477646589279175,0.9482282400131226,0.03488880395889282,86,0,32,0.011073804460465908,0.5597014925373135,0.3,118,118,wall,both,1,1,1,1,1,1,0.0,4,4,0,alpha,full,huber,-9.119371702658373,6.556362515763361,1.9457977313339185,-8.744350890922325,7.013193319700711,1.812812681244789,-8.735779539838944,7.09601967188611,1.807994088030335,190.34642685653813,0.011073805391788483,250,0.9198664426803589,1.0,1.0,disabled,single,3,row_9,row_8,-0.20477646589279175,-0.5498178005218506,0.5565983969287857,0.39417801987353945,0.8413093998787511,0.34504133462905884,0.38113484411527476,1,15,0,disabled,0,0.0,50.0,alpha
528,0.661254346370697,-0.18068484961986542,-30.62228775024414,-0.17669381201267242,0.8907197713851929,0.009734392166137695,84,0,24,0.01096685603260994,0.5813953488372093,0.3,108,108,wall,both,1,1,1,1,1,1,0.0,4,4,0,alpha,full,huber,-9.18817776905892,6.655422927732051,1.8205130815221686,-9.052397841212226,7.177391729715648,1.856126250980207,-8.95163423741268,7.313328017427962,1.7944798404448186,187.65144251495613,0.01096685603260994,250,1.442334234714508,1.0,1.0,disabled,single,3,row_9,row_8,-0.17669381201267242,-0.5834671854972839,0.5683893968633581,0.3784308525992298,0.8448738235294906,0.4067733734846115,0.3882547252777302,0,15,0,disabled,0,0.0,50.0,alpha
532,1.4951975345611572,-0.9238081574440002,-20.98138999938965,-0.142189159989357,0.7458595037460327,0.06744295358657837,81,0,13,0.022102640941739082,0.6147540983606558,0.3,94,94,wall,both,1,1,1,1,1,1,0.0,1,1,0,alpha,full,huber,-8.346334439661787,7.4588275801768935,1.3881616741243805,-8.880412349666955,7.672658677592853,1.510456711428961,-8.970900997945005,7.767844631742244,1.5514616729810609,152.73667476061019,0.02210264280438423,250,2.4244526624679565,1.0,1.0,disabled,single,3,row_8,row_9,-0.142189159989357,-0.7896741032600403,0.6072795722042404,0.3178260822454646,0.8613008065210583,0.6474849432706833,0.35657685373017406,1,16,0,disabled,0,0.0,50.0,alpha
536,0.4934287667274475,-0.10060824453830719,0.0,-0.6148868799209595,1.1366233825683594,0.2833898663520813,0,0,0,0.008855617605149746,0.5,0.3,0,0,wall,both,1,1,1,1,1,1,0.0,0,0,0,alpha,full,huber,-8.225908820157697,8.184828129557879,0.9856594519034276,-8.695833033131505,8.753923105188058,0.8392387024711354,-8.809610655759858,8.827482548888497,0.877772273780824,197.7759121825881,0.008855616673827171,250,0.9952286779880524,1.0,1.0,disabled,single,3,row_8,row_9,-0.6148868799209595,-1.4322608709335327,0.6209077483574166,0.27418649855656013,0.8872207085304702,0.8173739910125732,-0.13831411846745706,0,16,0,disabled,0,0.0,50.0,alpha
540,1.5384116172790527,-0.9779794216156006,-37.87977600097656,-4.020140647888184,1.7067179679870605,0.9090346693992615,25,0,57,0.021952824667096138,0.646551724137931,0.3,82,82,wall,both,1,1,1,1,1,1,0.0,1,1,0,alpha,full,huber,-7.3199420478768,8.884379024750254,0.27782083251291123,-7.8968418722648765,9.043080321645938,0.43639976684744797,-8.159115725043005,9.124850139302199,0.48733062752308776,132.33900242729044,0.021952824667096138,250,2.4728832244873047,1.0,1.0,disabled,single,3,row_8,row_7,-4.020140647888184,-4.4743428230285645,0.5384439316888586,0.3418873157328349,0.9543343891217446,0.45420217514038086,-3.40106874065524,0,16,0,disabled,0,0.0,50.0,alpha
544,0.5712838172912598,-0.13486166298389435,-37.15500259399414,-4.74589729309082,2.0920119285583496,0.9614925980567932,27,0,64,0.019320426508784294,0.6224066390041494,0.3,91,91,wall,both,1,1,1,1,1,1,0.0,2,2,0,alpha,full,huber,-7.230695586192102,9.25949031948014,0.14821262252632783,-7.361214730245213,9.359095755021492,0.16439464893098368,-7.514470468176287,9.362751705822962,0.1410207862317172,133.41734203036194,0.019320424646139145,207,0.739744246006012,1.0,1.0,disabled,single,3,row_8,row_7,-4.74589729309082,-5.578543663024902,0.6476272238747864,0.28165104879529324,0.8255734226697308,0.832646369934082,-4.311457273130481,0,16,0,disabled,0,0.0,50.0,alpha
548,0.8480668663978577,-0.29719728231430054,-36.07314682006836,-4.4576921463012695,2.328458786010742,0.8927216529846191,32,0,63,0.018445057794451714,0.6122448979591837,0.3,95,95,wall,both,1,1,1,1,1,1,0.0,2,2,0,alpha,full,huber,-7.341525290613027,9.517417957244245,0.07924442510976615,-7.240713787170234,9.497326534946975,0.006226228168268045,-7.247101511665409,9.45334954722381,-0.059004410656188,151.3596015879787,0.018445057794451714,235,1.068683385848999,1.0,1.0,disabled,single,3,row_8,row_7,-4.4576921463012695,-5.342092037200928,0.6761989286874583,0.27924440866406447,0.7594135940254496,0.8843998908996582,-4.066424173278529,0,16,0,disabled,0,0.0,50.0,alpha
552,0.31026801466941833,-0.03977943956851959,-45.647918701171875,-2.3336148262023926,2.683323383331299,0.4239380359649658,10,1,94,0.030279306694865227,0.5882352941176471,0.3,94,105,wall,both,1,1,1,1,1,1,0.0,3,3,0,alpha,full,huber,-6.6006224241690035,9.909305077275604,-0.4630172366302405,-6.800508493464357,9.577791340217326,-0.34528500428116604,-6.839282955941782,9.512211345032217,-0.4183142464279723,61.634524393429736,0.03027930296957493,127,0.9313597083091736,1.0,1.0,disabled,single,3,row_7,row_8,-2.3336148262023926,-2.4994468688964844,0.5159463805914333,0.43710384734329666,0.8467733150844811,0.1658320426940918,-1.6718623937199344,1,17,1,disabled,0,0.0,50.0,alpha
556,0.021691396832466125,-0.00019442840130068362,-42.6137809753418,-1.2819737195968628,2.340165615081787,0.1261957883834839,16,0,60,0.05216509476304054,0.663716814159292,0.3,63,76,wall,both,1,1,1,1,1,1,0.0,4,4,0,alpha,full,huber,-6.357156478501986,9.655086507894042,-0.9120856213713622,-6.451076385514497,9.475064011807806,-0.824734889734091,-6.4787162808623115,9.426407560563653,-0.8391021197020083,39.13428464455339,0.052165087312459946,80,0.43160830438137054,1.0,1.0,disabled,single,3,row_7,row_8,-1.2819737195968628,-1.746614933013916,0.577144966805638,0.3626551068816095,0.8542435694870563,0.4646412134170532,-0.7323119178642308,0,17,0,disabled,0,0.0,50.0,alpha
560,1.1917119026184082,-0.586850106716156,-44.3704719543457,-0.703658401966095,1.7794532775878906,0.000682830810546875,14,1,67,0.031264372169971466,0.646551724137931,0.3,61,82,wall,both,1,1,1,1,1,1,0.0,11,11,0,alpha,full,huber,-5.803689890313718,9.297406292113854,-1.3829536796056037,-6.085024893883196,9.259724154834087,-1.3277414684591027,-6.147787395562488,9.207335213491241,-1.3113760005125132,60.76413217614492,0.031264372169971466,80,1.509368121623993,1.0,1.0,disabled,single,3,row_7,row_8,-0.703658401966095,-1.7218873500823975,0.6506858672168955,0.2350499486005556,0.8678270808678916,1.0182289481163025,-0.2739301098958624,0,17,0,disabled,0,0.0,50.0,alpha
564,0.23613908886909485,-0.023042012006044388,-40.32146453857422,-0.23621106147766113,1.0309540033340454,0.002133011817932129,40,7,72,0.04207460209727287,0.5576208178438662,0.3,105,119,wall,both,1,1,1,1,1,1,0.0,8,8,0,alpha,full,huber,-5.612916988270591,8.567195404416756,-1.4852374757635087,-5.945775037477228,8.839493530340452,-1.4327895387638403,-5.991914478373369,8.836348733052821,-1.4091907033058166,52.98307433539054,0.04207460209727287,80,0.7202677726745605,1.0,1.0,disabled,single,3,row_7,row_8,-0.23621106147766113,-1.3266997337341309,0.6558313699263458,0.2203935971037656,0.868575499367312,1.0904886722564697,0.18564051964457473,0,17,0,disabled,0,0.0,50.0,alpha
568,0.1851169764995575,-0.014160452410578728,-32.67955017089844,-0.3884120285511017,1.3220527172088623,0.0012935996055603027,49,11,48,0.032946109771728516,0.5813953488372093,0.3,89,108,wall,both,1,1,1,1,1,1,0.0,8,8,0,alpha,full,huber,-6.231830942310304,8.439391245372445,-1.3690400139396128,-6.009335546947205,8.573233931905815,-1.4884625470962594,-5.977971611569368,8.547337978340646,-1.4568050702648265,58.66378772384977,0.032946109771728516,80,0.4005948603153229,1.0,1.0,disabled,single,3,row_7,row_8,-0.3884120285511017,-0.7795690298080444,0.564947728518972,0.38205944424771704,0.8458788816352033,0.39115700125694275,0.1826100394600788,0,17,0,disabled,0,0.0,50.0,alpha
572,1.0200470685958862,-0.4299570322036743,-24.62923812866211,-0.23706404864788055,1.0328543186187744,9.530782699584961e-05,61,0,41,0.03133488819003105,0.5952380952380952,0.3,94,102,wall,both,1,1,1,1,1,1,0.0,7,7,0,alpha,full,huber,-6.12314358112635,8.06677826996909,-1.4061037878215912,-6.05346590662624,8.093415154088209,-1.5615339535467048,-5.999808164341255,8.125737659626276,-1.549854978885418,60.719874496097795,0.03133488819003105,80,1.1862879991531372,1.0,1.0,disabled,single,3,row_7,row_8,-0.23706404864788055,-0.6774298548698425,0.5739434162950124,0.36950527168190284,0.848992968023665,0.440365806221962,0.31816041675706264,0,17,0,disabled,0,0.0,50.0,alpha
576,1.4937379360198975,-0.9220053553581238,-28.916152954101562,-0.12626487016677856,0.7537617683410645,0.0013830065727233887,85,21,9,0.08251924812793732,0.5660377358490566,0.3,65,115,wall,both,1,1,1,1,1,1,0.0,8,8,0,alpha,full,huber,-5.852404120094241,6.981580861952008,-1.3673114310797212,-6.043257010986107,7.319714743085755,-1.5035133148241357,-6.0173475501458675,7.378884399318745,-1.540685328398848,40.961855356160584,0.08251924812793732,80,2.048175573348999,1.0,1.0,disabled,single,3,row_7,row_8,-0.12626487016677856,-0.6558852195739746,0.589887572775352,0.34734260068245865,0.8524161514852442,0.529620349407196,0.40155844469147883,0,17,0,disabled,0,0.0,50.0,alpha
580,1.0149149894714355,-0.4256415069103241,-20.51503562927246,-0.1851385533809662,0.9127318263053894,0.0015483498573303223,125,13,12,0.04241347685456276,0.5,0.3,120,150,wall,both,1,1,1,1,1,1,0.0,4,4,0,alpha,full,huber,-5.825796990201441,5.963511257070433,-1.4303144733460393,-5.893591526120545,6.17543969604476,-1.4301634889040138,-5.935171260623555,6.248516089414981,-1.4957680407483824,50.287856478444716,0.04241347685456276,80,1.4772003293037415,1.0,1.0,disabled,single,3,row_7,row_8,-0.1851385533809662,-0.5612092018127441,0.5627042542937915,0.38632675946709527,0.8426911457755346,0.37607064843177795,0.38986253868973353,0,17,0,disabled,0,0.0,50.0,alpha
584,0.6082317233085632,-0.15287017822265625,-18.752229690551758,-0.2577102482318878,1.0768438577651978,0.0023725032806396484,130,9,2,0.036215782165527344,0.5154639175257733,0.3,120,141,wall,both,1,1,1,1,1,1,0.0,7,7,0,alpha,full,huber,-5.8585869193650595,5.2864300503305905,-1.4435569429895159,-5.90929445470024,5.4984151710294125,-1.4421076157388977,-5.902507423620003,5.590759788471727,-1.474438118934466,57.057965535983705,0.036215782165527344,80,0.9770873486995697,1.0,1.0,disabled,single,3,row_7,row_8,-0.2577102482318878,-0.47205835580825806,0.5305841085184508,0.4282171315547966,0.8308506482008027,0.21434810757637024,0.37606653951688707,0,17,0,disabled,0,0.0,50.0,alpha
588,0.7860697507858276,-0.25533291697502136,-36.520118713378906,-0.04169350862503052,0.38668739795684814,0.04554104804992676,89,0,32,0.027579838410019875,0.5535055350553506,0.3,120,121,wall,both,1,1,1,1,1,1,0.0,6,6,0,alpha,full,huber,-7.305873416301194,2.9491304517076102,-1.6924785652196923,-5.9647792366831425,3.1036190389280396,-1.4428815941553994,-5.8355556533037,3.1758239168530706,-1.4138456250756883,64.60600881908378,0.027579838410019875,80,1.8747406601905823,1.0,1.0,disabled,single,3,row_8,row_9,-0.04169350862503052,-1.0239520072937012,0.6535177910533098,0.24471915778324482,0.8550140481591744,0.9822584986686707,0.38369201340432185,1,18,0,disabled,0,0.0,50.0,alpha
592,2.171292304992676,-1.948144793510437,-26.781177520751953,-0.2541464865207672,1.0692830085754395,0.003994166851043701,128,16,23,0.03102458454668522,0.47318611987381703,0.3,120,167,wall,both,1,1,1,1,1,1,0.0,9,9,0,alpha,full,huber,-5.253179439458697,2.0450496691052926,-1.2865613659319661,-5.897199785118273,1.874939221879508,-1.4434093984885312,-5.782730931163059,1.912294703744224,-1.4194859378243811,68.96276434637518,0.031024586409330368,80,1.744843304157257,1.0,1.0,disabled,single,3,row_7,row_8,-0.2541464865207672,-0.4506527781486511,0.5267900317426942,0.4328086683132143,0.8297509756221009,0.1965062916278839,0.38680674505165547,1,19,0,disabled,0,0.0,50.0,alpha
596,0.8626865744590759,-0.30753228068351746,-22.83713150024414,-0.2358561009168625,1.030219554901123,5.811452865600586e-05,106,24,14,0.01687449775636196,0.5102040816326531,0.3,120,144,wall,both,1,1,1,1,1,1,0.0,6,6,0,alpha,full,huber,-5.118726660082698,1.2303242414466393,-1.3576524512315604,-5.611416799234513,1.0842845733502413,-1.4024935765012905,-5.6331789844300975,1.0940173034807632,-1.4289165280574916,118.97836648086535,0.01687449775636196,153,1.0783945322036743,1.0,1.0,disabled,single,3,row_7,row_8,-0.2358561009168625,-0.47152650356292725,0.5360683141465216,0.42351596115913126,0.8277802242459101,0.23567040264606476,0.3876375733498605,0,19,0,disabled,0,0.0,50.0,alpha
600,2.2569515705108643,-2.104888677597046,-26.024551391601562,-0.1964527815580368,0.9402326941490173,9.59634780883789e-06,103,38,18,0.014208052307367325,0.4854368932038835,0.3,120,159,wall,both,1,1,1,1,1,1,0.0,4,4,0,alpha,full,huber,-4.995762733630229,1.0716787541295274,-1.3640520816950246,-5.282777859406665,0.7103816544956261,-1.3980391870709996,-5.405343993291467,0.6371867898022012,-1.4223970352320587,172.19846346783982,0.014208052307367325,240,2.7325618267059326,1.0,1.0,disabled,single,3,row_7,row_8,-0.1964527815580368,-0.533241868019104,0.5561571031983744,0.39712922344550877,0.836163671567015,0.3367890864610672,0.3902516833766878,0,19,0,disabled,0,0.0,50.0,alpha
604,0.6049813628196716,-0.15124067664146423,-29.41857147216797,-0.29084569215774536,1.1439728736877441,0.0026760101318359375,140,4,10,0.011792859993875027,0.49342105263157904,0.3,120,154,wall,both,1,1,1,1,1,1,0.0,6,6,0,alpha,full,huber,-4.9881756417220835,-0.9494475089049184,-1.4640590235789575,-4.97773310455937,-0.5217479625821135,-1.4448297522797706,-5.092276372166006,-0.5211804781622694,-1.4594638102420485,182.87659200556593,0.011792860925197601,250,1.2956172227859497,1.0,1.0,disabled,single,3,row_8,row_7,-0.29084569215774536,-0.3770410716533661,0.5045690383468351,0.46289918899355137,0.81313582098295,0.08619537949562073,0.3932049113052837,1,20,0,disabled,0,0.0,50.0,alpha
608,1.5246508121490479,-0.9605620503425598,-28.95148468017578,-0.1052972674369812,0.6828297972679138,0.02031630277633667,124,18,8,0.013773071579635143,0.5,0.3,120,150,wall,both,1,1,1,1,1,1,0.0,7,7,0,alpha,full,huber,-4.421246438965045,-0.5682778360856839,-1.61511533321806,-4.656478246030979,-0.9159186530427249,-1.380098187381942,-4.82666589568095,-0.9701533259321224,-1.422265092692495,129.13203394009713,0.013773071579635143,159,2.073894739151001,1.0,1.0,disabled,single,3,row_7,row_8,-0.1052972674369812,-0.698725700378418,0.5997776724801557,0.3313352185427799,0.8568978799494651,0.5934284329414368,0.4058989708645,1,21,0,disabled,0,0.0,50.0,alpha
612,2.1130175590515137,-1.844976544380188,-30.188291549682617,-0.228399857878685,1.0138015747070312,0.0005574226379394531,138,19,11,0.04469563066959381,0.4716981132075471,0.3,120,168,wall,both,1,1,1,1,1,1,0.0,7,7,0,alpha,full,huber,-4.647245235157579,-1.2549633352338474,-1.4465884830786409,-4.510621606853528,-1.5764323626393435,-1.3897286610709902,-4.598807951445891,-1.6647136406199023,-1.4028456830947194,57.089148185736704,0.04469563066959381,80,2.598963737487793,1.0,1.0,disabled,single,3,row_7,row_8,-0.228399857878685,-0.4510897099971771,0.5328063394999311,0.4264385025225173,0.8293250034980535,0.22268985211849213,0.4011974034872272,0,21,0,disabled,0,0.0,50.0,alpha
616,1.3631147146224976,-0.767802357673645,-28.1924991607666,-0.2545950412750244,1.0703619718551636,0.00040072202682495117,152,22,8,0.036644939333200455,0.45180722891566266,0.3,120,182,wall,both,1,1,1,1,1,1,0.0,11,11,0,alpha,full,huber,-4.556470511111496,-2.127034101568367,-1.425120151716994,-4.595474254763465,-2.0905581649864997,-1.4052278689689641,-4.550249102873925,-2.174515959320089,-1.375575144093649,55.80648715648252,0.03664494305849075,83,1.4961023330688477,1.0,1.0,disabled,single,3,row_7,row_8,-0.2545950412750244,-0.41248905658721924,0.5194028659271193,0.443539029680271,0.8229481587838858,0.15789401531219482,0.40048042072872936,0,21,0,disabled,0,0.0,50.0,alpha
620,1.1422737836837769,-0.539169192314148,-17.07916831970215,-0.3281559944152832,1.215196132659912,0.00015866756439208984,148,0,15,0.024357691407203674,0.47923322683706066,0.3,120,163,wall,both,1,1,1,1,1,1,0.0,6,6,0,alpha,full,huber,-4.6426811016194165,-2.4732024153422136,-1.4146253504809438,-4.4141411915853865,-2.687460163021239,-1.3553916624733682,-4.418958478646726,-2.7420169817504134,-1.3714761119672372,66.5458375561743,0.024357687681913376,80,1.180069625377655,1.0,1.0,disabled,single,3,row_7,row_8,-0.3281559944152832,-0.329845130443573,0.48559755856213155,0.4847780105895782,0.8060469630606092,0.001689136028289795,0.3942190725069149,0,21,0,disabled,0,0.0,50.0,alpha
624,0.4488814175128937,-0.08326220512390137,-23.31465721130371,-0.2561941146850586,1.0736676454544067,0.002461671829223633,138,0,9,0.039167050272226334,0.5050505050505051,0.3,120,147,wall,both,1,1,1,1,1,1,0.0,5,5,0,alpha,full,huber,-4.6955829514346155,-3.0131529118476825,-1.290549900892687,-4.437493353317933,-3.226298884500264,-1.3560622882144029,-4.379719350376384,-3.2530884564122426,-1.3511748314469725,60.99010306449197,0.039167050272226334,80,0.8977340459823608,1.0,1.0,disabled,single,3,row_8,row_7,-0.2561941146850586,-0.41164517402648926,0.5184323407283529,0.4437931029207356,0.82487198518588,0.15545105934143066,0.4007516355406572,1,22,0,disabled,0,0.0,50.0,alpha
628,0.7640483975410461,-0.24122726917266846,-24.30314826965332,-0.2677735984325409,1.0964956283569336,0.012075960636138916,119,0,5,0.029079485684633255,0.5474452554744526,0.3,120,124,wall,both,1,1,1,1,1,1,0.0,4,4,0,alpha,full,huber,-4.373429951299782,-3.19149848557046,-1.440146939573003,-4.4722039346621445,-3.386480018258092,-1.3378734058289088,-4.405762167856103,-3.4376601539917204,-1.3379795195837252,64.23139715114247,0.029079485684633255,83,1.080185055732727,1.0,1.0,disabled,single,3,row_7,row_8,-0.2677735984325409,-0.40597087144851685,0.5147376916109772,0.44829888375799937,0.823403154145029,0.13819727301597595,0.3963242463195614,1,23,0,disabled,0,0.0,50.0,alpha
632,1.9394172430038452,-1.5542724132537842,-23.764007568359375,-0.2509004771709442,1.0625646114349365,0.0006851553916931152,154,7,11,0.033227112144231796,0.46583850931677023,0.3,120,172,wall,both,1,1,1,1,1,1,0.0,5,5,0,alpha,full,huber,-4.652572365300204,-3.2681263611566873,-1.3237107601441518,-4.615045761430145,-3.7854525796444376,-1.413201243576918,-4.4771656968188775,-3.813253852016138,-1.375447543110674,62.75497987290189,0.033227112144231796,83,1.9644544124603271,1.0,1.0,disabled,single,3,row_8,row_7,-0.2509004771709442,-0.42683863639831543,0.522104979975621,0.4378737030082477,0.8297183030075033,0.17593815922737122,0.3989861230842653,1,24,0,disabled,0,0.0,50.0,alpha
636,0.2041988968849182,-0.017230244353413582,-29.732282638549805,-0.3256605565547943,1.2105029821395874,0.00290524959564209,118,0,22,0.030955249443650246,0.5172413793103449,0.3,120,140,wall,both,1,1,1,1,1,1,0.0,3,3,0,alpha,full,huber,-4.3691949908767524,-3.6097067224515467,-1.2083356669445389,-4.524322350149896,-4.263688754014206,-1.401881721901755,-4.45203983474547,-4.319048581075999,-1.387977990070795,57.80031748457435,0.030955249443650246,80,0.8304969668388367,1.0,1.0,disabled,single,3,row_7,row_8,-0.3256605565547943,-0.35819196701049805,0.4917484040078956,0.4760085428682861,0.8131248019398306,0.032531410455703735,0.3841275106989863,1,25,0,disabled,0,0.0,50.0,alpha
640,1.9806134700775146,-1.6210039854049683,-44.527408599853516,-0.09061379730701447,0.009054564870893955,0.1489829421043396,96,14,49,0.02063770219683647,0.4854368932038835,0.3,120,159,wall,both,1,1,1,1,1,1,0.0,3,3,0,alpha,full,huber,-5.542910297146629,-4.355309774583406,-1.9649327966664134,-4.622570244320009,-4.498868278321221,-1.4414152693331237,-4.524524700562601,-4.53319470525705,-1.4148240874726836,81.30866074331595,0.02063770405948162,92,3.056611657142639,0.9814789500621219,1.0,disabled,single,3,row_8,row_7,-0.09061379730701447,-1.4130795001983643,0.656958263962488,0.17506455443769406,0.8807376511077695,1.3224657028913498,0.3295209903795724,1,26,0,disabled,0,0.0,50.0,alpha
644,1.6691560745239258,-1.1512736082077026,-37.44465637207031,-0.08842472732067108,0.3478744626045227,0.12278181314468384,101,17,53,0.018467504531145096,0.4672897196261683,0.3,120,171,wall,both,1,1,1,1,1,1,0.0,3,3,0,alpha,full,huber,-5.794468404563974,-4.902097098355411,-1.8975506515732932,-4.700658984028255,-5.011587805505675,-1.5100744171767793,-4.585109189664754,-5.02708668183438,-1.463665497299205,122.83004304345188,0.018467504531145096,138,2.739148497581482,1.0,1.0,disabled,single,3,row_8,row_9,-0.08842472732067108,-1.1088155508041382,0.6487185992990845,0.23383323912183118,0.8720766788426499,1.020390823483467,0.3443315202038971,0,26,0,disabled,0,0.0,50.0,alpha
648,2.094695806503296,-1.8131201267242432,-41.969600677490234,-0.19623517990112305,0.7313953638076782,0.13767045736312866,93,18,74,0.008312133140861988,0.44776119402985076,0.3,120,185,wall,both,1,1,1,1,1,1,0.0,3,3,0,alpha,full,huber,-6.125643745055418,-5.233334498126919,-1.9277348892718251,-4.759188752757741,-5.511288445531193,-1.5877361497371862,-4.655948761450055,-5.524972818525912,-1.52897075478802,200.92025970132104,0.008312134072184563,224,3.6598644256591797,0.8197024947063903,1.0,disabled,single,3,row_8,row_9,-0.19623517990112305,-0.7929065823554993,0.5988881110742948,0.32977261956529796,0.86122979884282,0.5966714024543762,0.31644531127780706,0,26,0,disabled,0,0.0,50.0,alpha
652,1.9067230224609375,-1.502311110496521,-40.71567153930664,-0.13089656829833984,0.749329149723053,0.038722336292266846,94,37,48,0.007371483836323023,0.45592705167173253,0.3,120,179,wall,both,1,1,1,1,1,1,0.0,3,3,0,alpha,full,huber,-6.025014955308336,-5.909381361610816,-1.6759857063307453,-4.758769946934553,-6.329888330178745,-1.6001426173121558,-4.696045918663398,-6.360854442870116,-1.5573038314240848,229.77833314454742,0.007371483836323023,250,3.0315643548965454,0.9895880967047382,1.0,disabled,single,3,row_8,row_9,-0.13089656829833984,-0.7112689018249512,0.5963593103735696,0.33377630451671864,0.860435773592831,0.5803723335266113,0.3860153555171013,0,26,0,disabled,0,0.0,50.0,alpha
656,0.3310084939002991,-0.04527546465396881,-28.679210662841797,-0.28272658586502075,1.1279486417770386,0.0002823472023010254,111,31,32,0.01218931283801794,0.4629629629629629,0.3,120,174,wall,both,1,1,1,1,1,1,0.0,2,2,0,alpha,full,huber,-6.560379155999128,-6.699057451649441,-1.4400043483661413,-4.979987123232876,-6.72481232895606,-1.6448091191402434,-4.8494593594210915,-6.7651487947914415,-1.6007970660917321,218.4868581245945,0.01218931283801794,250,1.644087314605713,1.0,1.0,disabled,single,3,row_9,row_8,-0.28272658586502075,-0.43655961751937866,0.5181334705552153,0.44425549786984375,0.8245148837401441,0.1538330316543579,0.3747958188830921,1,27,0,disabled,0,0.0,50.0,alpha
660,0.943568229675293,-0.3679012656211853,-24.736202239990234,-0.24809177219867706,1.0566043853759766,7.194280624389648e-05,128,4,19,0.03586193919181824,0.4983388704318937,0.3,120,151,wall,both,1,1,1,1,1,1,0.0,1,1,0,alpha,full,huber,-6.175737674200685,-6.930724815299179,-1.4303713525082768,-5.565312011932646,-7.308667186510329,-1.7258979599480484,-5.252368889441277,-7.370336818714476,-1.665474322056418,147.87548225953276,0.03586193919181824,250,1.7770437598228455,1.0,1.0,disabled,single,3,row_8,row_9,-0.24809177219867706,-0.4817312955856323,0.5347273607914129,0.4233153830402605,0.8316871208345704,0.23363952338695526,0.37790649577808033,1,28,0,disabled,0,0.0,50.0,alpha
664,0.28377583622932434,-0.033276334404945374,0.0,-0.04200761020183563,0.4096373915672302,0.03399902582168579,0,0,0,0.008519379422068596,0.5,0.3,0,0,wall,both,1,1,1,1,1,1,0.0,0,0,0,alpha,full,huber,-5.295727919882336,-8.20891986914098,-1.6467123629174756,-5.600814269649778,-8.079163229401816,-1.7146298809401472,-5.4744037752531245,-8.080213626265413,-1.6927600890888437,197.29908661829683,0.008519379422068596,250,1.1622233390808105,1.0,1.0,disabled,single,3,row_8,row_9,-0.04200761020183563,-0.9919683337211609,0.647589151778517,0.25045912829678646,0.8609091098502867,0.9499607235193253,0.39249119854004816,0,28,0,disabled,0,0.0,50.0,alpha
668,0.3578559160232544,-0.052917711436748505,0.0,-0.018966935575008392,0.2402874380350113,0.03877347707748413,0,0,0,0.008487483486533165,0.5,0.3,0,0,wall,both,1,1,1,1,1,1,0.0,0,0,0,alpha,full,huber,-4.825317985105359,-9.468192987708182,-1.5839759138167182,-5.459916775632803,-9.017684304413711,-1.6353904019623178,-5.514422424533746,-8.987318516403477,-1.664505004572999,195.83330226040297,0.008487483486533165,250,1.2046805620193481,1.0,1.0,disabled,single,3,row_8,row_9,-0.018966935575008392,-1.1382851600646973,0.6569404081174367,0.21449256738105743,0.8699586031302373,1.1193182244896889,0.40119503205388574,0,28,0,disabled,0,0.0,50.0,alpha
672,1.0224496126174927,-0.4319848120212555,0.0,-0.402639776468277,1.345765233039856,0.00657886266708374,0,0,0,0.00738685904070735,0.5,0.3,0,0,wall,both,1,1,1,1,1,1,0.0,0,0,0,alpha,full,huber,-4.053510370482527,-10.618879161124411,-1.1898252412965986,-5.144167815868702,-10.943644862047359,-1.6214826743325754,-5.394407600202112,-10.953079926222662,-1.6979250694579189,203.10561622332528,0.007386859506368637,250,2.130518674850464,1.0,1.0,disabled,single,3,row_8,row_7,-0.402639776468277,-1.4158598184585571,0.6502864652792409,0.23608524315711163,0.8677709317830692,1.0132200419902802,0.027702520896650873,0,28,0,disabled,0,0.0,50.0,alpha
676,0.8640048503875732,-0.3084728717803955,0.0,-1.1942756175994873,2.0630714893341064,0.24671363830566406,0,0,0,0.008233476430177689,0.5,0.3,0,0,wall,both,1,1,1,1,1,1,0.0,0,0,0,alpha,full,huber,-4.493274091066159,-11.448845793508656,-0.5868440179452614,-4.798179894240388,-12.014403897421687,-0.6461172029842024,-5.137761022456498,-12.094465249835753,-0.7316111646092964,209.2983139543127,0.008233476430177689,250,1.9180225133895874,1.0,1.0,disabled,single,3,row_8,row_9,-1.1942756175994873,-2.270949363708496,0.6529788436234927,0.22248751416150603,0.8721053779889028,1.0766737461090088,-0.7680650686300223,0,28,0,disabled,0,0.0,50.0,alpha
680,0.21546125411987305,-0.019183285534381866,-40.42877960205078,-4.9401679039001465,2.556661367416382,0.9243722558021545,36,0,57,0.022466307505965233,0.6172839506172839,0.3,93,93,wall,both,1,1,1,1,1,1,0.0,2,2,0,alpha,full,huber,-3.557665272780463,-11.723608436798045,0.341900717268254,-3.9140723371834403,-12.154337762362436,0.23850950737725912,-4.233258116268384,-12.335217982440685,0.15053666130357168,138.97973232066428,0.022466307505965233,250,1.3833958506584167,1.0,1.0,disabled,single,3,row_8,row_7,-4.9401679039001465,-5.566263675689697,0.6109861098446319,0.32667913598319515,0.8394959905641701,0.6260957717895508,-4.447486850352687,0,28,1,disabled,0,0.0,50.0,alpha
684,1.6338547468185425,-1.1030914783477783,-42.9377326965332,-1.5184845924377441,2.2952587604522705,0.29189687967300415,16,0,35,0.022726217284798622,0.7462686567164178,0.3,51,51,wall,both,1,1,1,1,1,1,0.0,3,3,0,alpha,full,huber,-2.2123199430291334,-11.263553018022577,1.0461045827233155,-2.975319623905666,-11.755771025680744,0.7894453477561137,-3.3152433188161927,-11.982218986715292,0.6843433469452878,127.61409226092162,0.022726217284798622,250,3.093154549598694,0.9698836420537797,1.0,disabled,single,3,row_7,row_8,-1.5184845924377441,-2.406298875808716,0.631124360561567,0.25974195168154884,0.8823768723780634,0.8878142833709717,-1.0582322414617702,1,29,0,disabled,0,0.0,50.0,alpha
688,2.201340913772583,-2.00243878364563,-44.651329040527344,-0.5354475378990173,1.5499051809310913,0.01994645595550537,15,0,67,0.015245791524648666,0.646551724137931,0.3,67,82,wall,both,1,1,1,1,1,1,0.0,5,5,0,alpha,full,huber,-1.7636191277867717,-10.47204727507716,1.6300269023732668,-2.0663815938335857,-10.922157393094706,1.4868088687588465,-2.2739876093991134,-11.110055540411683,1.417153511550147,147.67800530061487,0.015245791524648666,250,2.4608134031295776,1.0,1.0,disabled,single,3,row_7,row_6,-0.5354475378990173,-1.7785766124725342,0.6628496983564979,0.1912189660654334,0.8697711130862105,1.2431290745735168,-0.1242405240911032,0,29,0,disabled,0,0.0,50.0,alpha
692,0.24990837275981903,-0.025807518512010574,-34.01104736328125,-0.30652081966400146,1.1708093881607056,0.021574199199676514,43,0,77,0.009356223978102207,0.5555555555555556,0.3,120,120,wall,both,1,1,1,1,1,1,0.0,1,1,0,alpha,full,huber,-2.1520957598788404,-10.14011128664697,2.038189858588365,-2.0154679286115136,-9.824717779832524,2.1291836186135673,-2.0528534773574885,-9.893326283179295,2.1008276947613496,187.7680988818912,0.009356223978102207,250,0.7440460324287415,1.0,1.0,disabled,single,3,row_7,row_8,-0.30652081966400146,-1.4573405981063843,0.6597344257268601,0.208724998801296,0.868234839710403,1.1508197784423828,0.10939709053867097,0,29,0,disabled,0,0.0,50.0,alpha
696,0.26684561371803284,-0.029424209147691727,-32.01567840576172,-0.14997483789920807,0.16447964310646057,0.18780553340911865,65,0,67,0.008356981910765171,0.5319148936170213,0.3,120,132,wall,both,1,1,1,1,1,1,0.0,4,4,0,alpha,full,huber,-2.132594325484609,-9.133474510411608,2.4529850601966974,-2.3770732056027546,-9.09178324737946,2.3471070725168883,-2.4073677690732374,-9.151785250883512,2.365802119020783,190.37814538050202,0.008356982842087746,250,0.6217453181743622,1.0,1.0,disabled,single,3,row_7,row_8,-0.14997483789920807,-1.5037529468536377,0.6743477611934536,0.17415885370515535,0.8559923045835872,1.3537781089544296,0.24403449707299896,0,29,0,disabled,0,0.0,50.0,alpha
700,0.5748558640480042,-0.13655342161655426,-35.433414459228516,-0.1837751716375351,0.900460958480835,0.02966022491455078,84,3,45,0.026877345517277718,0.5319148936170213,0.3,120,132,wall,both,1,1,1,1,1,1,0.0,6,6,0,alpha,full,huber,-1.383940578832043,-8.319553792800226,2.0742565650615266,-2.6663620830464074,-8.551991505239968,2.166132497285073,-2.7839171671991183,-8.592251834365829,2.2193267040502516,128.2857833469648,0.026877345517277718,191,2.111131191253662,1.0,1.0,disabled,single,3,row_7,row_6,-0.1837751716375351,-0.6040425896644592,0.5710746789946095,0.3751224737843681,0.8449797863777725,0.42026741802692413,0.3764601199100639,0,29,0,disabled,0,0.0,50.0,alpha
704,0.528439462184906,-0.11539185047149658,-39.13753890991211,-0.19748835265636444,0.9352537393569946,0.027606427669525146,108,41,34,0.02162427268922329,0.4504504504504505,0.3,120,183,wall,both,1,1,1,1,1,1,0.0,7,7,0,alpha,full,huber,-3.4994932273895127,-6.980375219003242,2.0113673122364943,-3.3073462821626065,-7.805416891513137,2.0617826196952143,-3.299232676552828,-7.859409383746914,2.0791606962612654,103.9623122909572,0.02162427268922329,143,1.541682481765747,1.0,1.0,disabled,single,3,row_7,row_8,-0.19748835265636444,-0.5607978105545044,0.5605236659609609,0.38977202100222336,0.8409142793692956,0.36330945789813995,0.3813954617594071,0,29,0,disabled,0,0.0,50.0,alpha
708,0.6510984897613525,-0.17517738044261932,-27.65097427368164,-0.2877068817615509,1.137772798538208,0.002895057201385498,147,5,17,0.029831642284989357,0.47021943573667707,0.3,120,169,wall,both,1,1,1,1,1,1,0.0,9,9,0,alpha,full,huber,-3.6687567962733794,-7.172683870302815,1.813719913492716,-3.5496232074994474,-7.300308266641621,1.9095007784755837,-3.5510488137541474,-7.347132368583793,1.9898553033681177,61.61373348508891,0.029831642284989357,83,0.8834773302078247,1.0,1.0,disabled,single,3,row_7,row_8,-0.2877068817615509,-0.42358502745628357,0.5144676359845352,0.4491040076457157,0.822100510575142,0.13587814569473267,0.3769157477451557,0,29,0,disabled,0,0.0,50.0,alpha
712,1.4665356874465942,-0.8887301683425903,-22.165910720825195,-0.33474621176719666,1.227328896522522,0.0010876059532165527,150,13,12,0.028654975816607475,0.46153846153846145,0.3,120,175,wall,both,1,1,1,1,1,1,0.0,4,4,0,alpha,full,huber,-3.906452324448709,-6.660972318971737,1.7698580290742605,-3.6724546693535345,-6.9578168695374245,1.8631701503836062,-3.677051917618185,-7.000040751025125,1.924693244188445,67.62110902968521,0.028654975816607475,80,1.3593141436576843,1.0,1.0,disabled,single,3,row_8,row_7,-0.33474621176719666,-0.35766106843948364,0.49064604457893696,0.47953079928863557,0.8065385723657422,0.022914856672286987,0.3772860861888653,1,30,0,disabled,0,0.0,50.0,alpha
716,1.937027931213379,-1.5504450798034668,-21.103355407714844,-0.2943379580974579,1.1508702039718628,0.0010048151016235352,142,4,19,0.022782428190112114,0.47619047619047616,0.3,120,165,wall,both,1,1,1,1,1,1,0.0,8,8,0,alpha,full,huber,-3.996330348222843,-6.57945359057849,1.7680471518032803,-3.6402171199977706,-6.567177348987127,1.724994489486827,-3.717479797360613,-6.59770316901208,1.8231312827412367,85.09445009469803,0.022782430052757263,107,1.7363392114639282,1.0,1.0,disabled,single,3,row_8,row_7,-0.2943379580974579,-0.39905020594596863,0.5084402485780003,0.4578929647951536,0.8157543786430353,0.10471224784851074,0.3820696175550179,0,30,0,disabled,0,0.0,50.0,alpha
720,1.0033361911773682,-0.4159848988056183,-37.78444290161133,-0.05315127223730087,0.3835093379020691,0.07081246376037598,106,10,42,0.016019482165575027,0.48701298701298706,0.3,120,158,wall,both,1,1,1,1,1,1,0.0,5,5,0,alpha,full,huber,-3.1834883184266367,-5.790113983583943,1.397261411257456,-3.5220237515267376,-5.928785084634283,1.6014553908644387,-3.682725093837872,-5.947651259755601,1.7205903786984056,92.13829189537286,0.016019482165575027,112,1.544022023677826,1.0,1.0,disabled,single,3,row_7,row_8,-0.05315127223730087,-0.9673226475715637,0.641408050301129,0.25710754566511684,0.866242755766863,0.9141713753342628,0.390938168424651,1,31,0,disabled,0,0.0,50.0,alpha
724,1.0405893325805664,-0.44744881987571716,-27.777254104614258,-0.31400537490844727,1.1887035369873047,0.0006645321846008301,116,20,16,0.009880879893898964,0.49668874172185423,0.3,120,152,wall,both,1,1,1,1,1,1,0.0,6,6,0,alpha,full,huber,-1.7250104679040987,-5.042290919156105,1.775462941841651,-3.3312337747515732,-4.781485044639903,1.5491205240641177,-3.567864768049581,-4.7863981746212225,1.6548150209290178,184.72836488037686,0.009880880825221539,213,0.976950466632843,1.0,1.0,disabled,single,3,row_7,row_6,-0.31400537490844727,-0.4033692479133606,0.5032586489489455,0.4602364492620693,0.8235559068138523,0.08936387300491333,0.3726456535137985,0,31,0,disabled,0,0.0,50.0,alpha
728,1.647865653038025,-1.1220914125442505,-20.615869522094727,-0.2596686780452728,1.0794591903686523,0.013356983661651611,106,4,20,0.01846359670162201,0.5357142857142857,0.3,120,130,wall,both,1,1,1,1,1,1,0.0,6,6,0,alpha,full,huber,-2.055767278581656,-3.6005069631893827,1.8385522653317494,-3.247999300039807,-3.332299710815036,1.5909640075256157,-3.4528925475858214,-3.26287304331854,1.6404883005868447,181.3470183817075,0.01846359670162201,250,2.184362053871155,1.0,1.0,disabled,single,3,row_7,row_6,-0.2596686780452728,-0.459766149520874,0.5271496375920137,0.43155155375366716,0.8317968471393865,0.2000974714756012,0.3806021503996513,0,31,0,disabled,0,0.0,50.0,alpha
732,0.9781142473220825,-0.3953336775302887,-34.180091857910156,-0.11895663291215897,0.688875138759613,0.057513654232025146,97,11,40,0.009156064130365849,0.5033557046979865,0.3,120,148,wall,both,1,1,1,1,1,1,0.0,5,5,0,alpha,full,huber,-4.32359783130717,-1.2212586510686192,1.3875918766208262,-3.749485997385663,-1.0262631731404135,1.6700803802263073,-3.6914364900125225,-0.9523347920691195,1.6308050263138645,192.61294022232045,0.009156064130365849,250,1.7948668003082275,1.0,1.0,disabled,single,3,row_7,row_8,-0.11895663291215897,-0.697276771068573,0.5987253946777698,0.33578897606742053,0.8520636385278599,0.578320138156414,0.3939955926731463,0,31,0,disabled,0,0.0,50.0,alpha
736,1.2750048637390137,-0.6717510223388672,-22.22767448425293,-0.28842008113861084,1.1392159461975098,0.0020518898963928223,108,14,22,0.010786853730678558,0.5102040816326531,0.3,113,144,wall,both,1,1,1,1,1,1,0.0,7,7,0,alpha,full,huber,-5.243675071398846,0.3013852866100899,1.7264471371020127,-4.084657153197699,0.18530493455479227,1.7000136043228882,-3.9391119766632006,0.19606488676257022,1.6588256217584387,186.43084001078205,0.010786853730678558,250,1.6615031957626343,1.0,1.0,disabled,single,3,row_8,row_7,-0.28842008113861084,-0.3977782726287842,0.5092927711493169,0.45653476314397057,0.8169784845404988,0.10935819149017334,0.38631215775227157,1,32,0,disabled,0,0.0,50.0,alpha
740,1.0018727779388428,-0.4147723317146301,-22.788814544677734,-0.2509554624557495,1.0626188516616821,0.002767026424407959,98,1,25,0.01010544691234827,0.5474452554744526,0.3,120,124,wall,both,1,1,1,1,1,1,0.0,5,5,0,alpha,full,huber,-2.894800245782464,0.7968241666841338,1.6987480606576835,-3.9549191420912213,0.8883704007143745,1.7026145887233708,-3.9748087162628227,0.8827880327360791,1.6762518040661671,195.85663190990488,0.01010544691234827,250,1.258149802684784,1.0,1.0,disabled,single,3,row_7,row_6,-0.2509554624557495,-0.4635789394378662,0.5297010038229266,0.42824232987160255,0.8330388824489123,0.2126234769821167,0.38448711289949455,1,33,0,disabled,0,0.0,50.0,alpha
744,0.6324079036712646,-0.16526435315608978,-33.544593811035156,-0.20838123559951782,0.9682212471961975,0.0037853121757507324,94,12,37,0.010280566290020943,0.5119453924914675,0.3,120,143,wall,both,1,1,1,1,1,1,0.0,5,5,0,alpha,full,huber,-5.230837481575126,2.453846518204185,1.6785876083215463,-4.367045599468055,1.7378057366488613,1.704576184477007,-4.227587813851663,1.7030663053302968,1.6734573319241282,198.906852511619,0.010280566290020943,250,1.8610764145851135,1.0,1.0,disabled,single,3,row_7,row_8,-0.20838123559951782,-0.5342304110527039,0.5535408597575597,0.3996089303193045,0.8373229244639373,0.32584917545318604,0.38303847325834317,0,33,0,disabled,0,0.0,50.0,alpha
748,0.4429660141468048,-0.08108218759298325,-18.977249145507812,-0.2666124999523163,1.0953336954116821,0.00010907649993896484,101,0,25,0.01033064629882574,0.5434782608695653,0.3,120,126,wall,both,1,1,1,1,1,1,0.0,3,3,0,alpha,full,huber,-2.783022338372152,2.240685457914893,1.7459961245077276,-3.8515296802659496,2.5436484910074517,1.699812878499732,-4.057132863231997,2.5184819892709047,1.697425928818669,189.60222015922002,0.01033064629882574,250,1.3479003310203552,1.0,1.0,disabled,single,3,row_6,row_7,-0.2666124999523163,-0.43416404724121094,0.5208702487713783,0.4405171690012173,0.826530601483561,0.16755154728889465,0.38564181095802885,1,34,0,disabled,0,0.0,50.0,alpha
752,0.9896495938301086,-0.40471336245536804,-28.625598907470703,-0.10551591962575912,0.682533860206604,0.022098004817962646,98,3,27,0.013062127865850925,0.539568345323741,0.3,120,128,wall,both,1,1,1,1,1,1,0.0,4,4,0,alpha,full,huber,-4.9584333814471115,2.549079992466293,1.9762417971375488,-4.221039063338129,3.3072163128044707,1.7880957365118981,-4.200803593241815,3.372692588971805,1.7847474542402235,198.2739682710118,0.013062127865850925,250,2.3354686498641968,1.0,1.0,disabled,single,3,row_7,row_8,-0.10551591962575912,-0.7507428526878357,0.6095450892343958,0.31973290984450664,0.853674733413444,0.6452269330620766,0.38952643575632234,1,35,0,disabled,0,0.0,50.0,alpha
756,0.5761250853538513,-0.13715708255767822,-26.863996505737305,-0.29544928669929504,1.1529691219329834,0.0031653642654418945,107,23,30,0.009887528605759144,0.48387096774193555,0.3,120,160,wall,both,1,1,1,1,1,1,0.0,3,3,0,alpha,full,huber,-3.2303135332046122,4.26771538379403,1.8509109304598743,-3.9608841308971368,4.586826004102116,1.7901290934118663,-4.196213527680733,4.62665727501488,1.7983172416119029,191.17030227551496,0.009887528605759144,250,1.465945541858673,1.0,1.0,disabled,single,3,row_6,row_7,-0.29544928669929504,-0.3914094567298889,0.5059882026814637,0.4596903837806836,0.8177040261005738,0.09596017003059387,0.38579263812593934,1,36,0,disabled,0,0.0,50.0,alpha
760,1.3313202857971191,-0.7324023842811584,-36.086822509765625,-0.11761031299829483,0.7177411913871765,0.02770090103149414,102,10,45,0.01123128179460764,0.4885993485342019,0.3,120,157,wall,both,1,1,1,1,1,1,0.0,2,2,0,alpha,full,huber,-4.043824409813213,5.338147161123057,1.514419474716548,-4.2764568307101705,5.55801626481182,1.8607901052050173,-4.358806619167099,5.650541817870213,1.8356867773559236,191.4532332314454,0.01123128179460764,250,1.8926488161087036,1.0,1.0,disabled,single,3,row_7,row_6,-0.11761031299829483,-0.6934112906455994,0.5990983994628751,0.3368456723349981,0.8494933596389944,0.5758009776473045,0.39471910846676017,1,37,0,disabled,0,0.0,50.0,alpha
764,1.4314117431640625,-0.8466691970825195,-32.82957077026367,-0.24821430444717407,1.0567338466644287,0.0038896799087524414,80,13,60,0.014529756270349026,0.49504950495049505,0.3,112,153,wall,both,1,1,1,1,1,1,0.0,2,2,0,alpha,full,huber,-5.910658791437716,5.651696553505168,1.8551626126129417,-4.787220357193243,6.012483717573896,1.854393669648292,-4.654649821062382,6.071590800997477,1.8335244728425142,189.97777275343591,0.014529754407703876,250,2.4268146753311157,1.0,1.0,disabled,single,3,row_7,row_8,-0.24821430444717407,-0.47451791167259216,0.5331569223712795,0.42517982074029437,0.8313670273025734,0.2263036072254181,0.3807251802456967,0,37,0,disabled,0,0.0,50.0,alpha
768,0.3008109927177429,-0.03739142790436745,0.0,-0.009273683652281761,0.1634056121110916,0.028606116771697998,0,0,0,0.008181167766451836,0.5,0.3,0,0,wall,both,1,1,1,1,1,1,0.0,0,0,0,alpha,full,huber,-5.239854344736762,6.880231727743712,1.9614465486876291,-5.158828053921242,6.437613374834974,1.8713647162112785,-4.985019479766967,6.470235958227155,1.8528197568561513,201.0976824064166,0.008181167766451836,250,1.159050464630127,1.0,1.0,disabled,single,3,row_7,row_8,-0.009008961729705334,-1.178543210029602,0.6602518899516282,0.20501582378447747,0.8690411820558053,1.1695342482998967,0.4061249036004863,0,37,0,disabled,0,0.0,50.0,alpha
772,2.787999391555786,-3.211958885192871,-26.350337982177734,-0.2672406733036041,0.9952688813209534,0.1074405312538147,91,0,37,0.016107875853776932,0.539568345323741,0.3,107,128,wall,both,1,1,1,1,1,1,0.0,1,1,0,alpha,full,huber,-3.5336529902280627,6.896420155079736,1.2721387805053919,-4.844537519600328,6.694988398263286,1.785948742927213,-4.944253506056869,6.719818961943142,1.8186529065949264,177.78038987878762,0.016107875853776932,250,3.465726852416992,0.8656192850015878,1.0,disabled,single,3,row_6,row_7,-0.2672406733036041,-0.5630060434341431,0.5468932467657778,0.4068677735477198,0.8380692385679591,0.29576537013053894,0.3362609836087055,1,38,0,disabled,0,0.0,50.0,alpha
776,0.6125053763389587,-0.15502597391605377,-37.7888298034668,-0.0981421023607254,0.6645572185516357,0.0004144906997680664,104,6,33,0.013250951655209064,0.5119453924914675,0.3,120,143,wall,both,1,1,1,1,1,1,0.0,1,1,0,alpha,full,huber,-4.286188582478814,6.308336516273701,1.7381397524836188,-4.714270802065893,6.913379643897907,1.703255072152162,-4.8571645989287155,6.981977884750748,1.7630917903689616,183.05588531110848,0.013250952586531639,250,1.6477985978126526,1.0,1.0,disabled,single,3,row_7,row_6,-0.0981421023607254,-0.7491406798362732,0.6093564546315916,0.3177944627918546,0.8569680468917567,0.6509985774755478,0.39720976875748676,1,39,0,disabled,0,0.0,50.0,alpha
780,0.4232894778251648,-0.07403883337974548,0.0,-0.06155102699995041,0.399576872587204,0.07992064952850342,0,0,0,0.008903617970645428,0.5,0.3,0,0,wall,both,1,1,1,1,1,1,0.0,0,0,0,alpha,full,huber,-5.587804496781587,7.626810428723024,1.3191686061796348,-4.99665536883542,7.23564206369643,1.741263949414998,-4.964715567005096,7.279843698343367,1.751774373334639,198.82419461737123,0.008903617970645428,250,1.3729979395866394,1.0,1.0,disabled,single,3,row_7,row_8,-0.06155102699995041,-1.0146007537841797,0.6465539740751571,0.24928752633607118,0.8638486484491029,0.9530497267842293,0.3745475706732491,0,39,0,disabled,0,0.0,50.0,alpha
784,0.36027804017066956,-0.053636472672224045,0.0,-0.23265637457370758,1.0164134502410889,0.02746737003326416,0,0,0,0.006985421292483807,0.5,0.3,0,0,wall,both,1,1,1,1,1,1,0.0,0,0,0,alpha,full,huber,-5.890014402426948,8.363027768475296,1.9566033983993307,-5.437083693946084,8.094674441695464,1.7916799692259346,-5.303642382262006,8.160421003686494,1.7522560029022305,204.56199275970494,0.006985421292483807,250,1.1942149996757507,1.0,1.0,disabled,single,3,row_7,row_8,-0.23265637457370758,-0.9811375737190247,0.6220554674291172,0.29428481754573443,0.8628367865176751,0.7484811991453171,0.24206963971413037,0,39,0,disabled,0,0.0,50.0,alpha
788,0.19001518189907074,-0.01491974014788866,0.0,-0.489907443523407,1.4847640991210938,0.0017927289009094238,0,0,0,0.008635411970317364,0.5,0.3,0,0,wall,both,1,1,1,1,1,1,0.0,0,0,0,alpha,full,huber,-5.916946292813335,8.92141303704845,1.7815696116212223,-5.93543441695547,9.275186471837454,1.8282818398407548,-5.7667181527349936,9.403536825592592,1.7609451123304272,198.2223907589917,0.008635411038994789,250,1.1210169792175293,1.0,1.0,disabled,single,3,row_7,row_8,-0.489907443523407,-1.3144874572753906,0.6316672436439901,0.2769349742187996,0.8644324299194419,0.8245800137519836,-0.030514906809834708,0,39,0,disabled,0,0.0,50.0,alpha
792,0.18444286286830902,-0.014057507738471031,0.0,-1.1578232049942017,2.090500831604004,0.2138548493385315,0,0,0,0.008694215677678585,0.5,0.3,0,0,wall,both,1,1,1,1,1,1,0.0,0,0,0,alpha,full,huber,-5.649579851612779,9.666734945403334,1.055432367872979,-5.953973205237883,10.21282709861015,0.9177623013736583,-5.955728114372768,10.295562029969886,0.899867875946688,202.82876500673112,0.008694215677678585,250,1.0443804264068604,1.0,1.0,disabled,single,3,row_7,row_8,-1.1578232049942017,-2.454676628112793,0.6726265752271278,0.18388984072289233,0.8567209253178767,1.2968534231185913,-0.7612582357287783,0,39,0,disabled,0,0.0,50.0,alpha
796,0.8964332342147827,-0.33206304907798767,-43.4409294128418,-3.8853201866149902,2.3485848903656006,0.8072149753570557,32,0,51,0.018706057220697403,0.6437768240343348,0.3,83,83,wall,both,1,1,1,1,1,1,0.0,1,1,0,alpha,full,huber,-5.79534344324229,9.896535075523925,0.34488529383100675,-5.676017163272736,10.300632355138214,0.3646164649189217,-5.684167890741319,10.446655280883439,0.4066400769224803,119.43315923435547,0.018706059083342552,250,1.7674036026000977,1.0,1.0,disabled,single,3,row_7,row_8,-3.8853201866149902,-5.261877059936523,0.7102245785102952,0.17929354062747352,0.7945587233002634,1.3765568733215332,-3.54314613541444,0,39,0,disabled,0,0.0,50.0,alpha
800,0.8599956035614014,-0.30561670660972595,-49.932132720947266,-0.6785532832145691,1.7239278554916382,0.0666380524635315,1,5,65,0.026845434680581093,0.6787330316742082,0.3,66,71,wall,both,1,1,1,1,1,1,0.0,3,3,0,alpha,full,huber,-4.853678772788807,9.31893165132691,-1.0527823749066356,-4.889566088701802,10.118807242289373,-0.47039626784909333,-5.036874962546638,10.356886562265045,-0.3459696688728995,104.6546250783336,0.026845436543226242,250,1.9616463780403137,1.0,1.0,disabled,single,3,row_7,row_6,-0.6785532832145691,-1.3711503744125366,0.6140124071836834,0.3071751308967957,0.8622863172244586,0.6925970911979675,-0.19081313931496263,0,39,0,disabled,0,0.0,50.0,alpha
804,19.037639617919922,-43.48175048828125,-49.865928649902344,-2.1781108379364014,3.112210273742676,0.07934921979904175,1,3,86,0.019137369468808174,0.625,0.3,75,90,wall,both,1,1,1,1,1,1,0.0,9,9,0,alpha,full,huber,-4.173059270822239,10.805790412927806,-0.9823792581546362,-4.302322706936425,10.093074437035428,-0.993566039492504,-4.418177873718129,10.134399849341875,-0.98103449251398,141.67383254524756,0.019137371331453323,250,19.979771614074707,0.15015186649514334,1.0,disabled,single,3,row_6,row_7,-2.1781108379364014,-2.5096261501312256,0.5540029731796324,0.39768281538627354,0.8402829960549155,0.3315153121948242,-1.587525612437386,1,40,1,disabled,0,0.0,50.0,alpha
808,2.3487038612365723,-2.279508352279663,-41.71803283691406,-0.32868102192878723,1.21616530418396,0.0005994439125061035,34,3,80,0.0319376178085804,0.5617977528089888,0.3,109,117,wall,both,1,1,1,1,1,1,0.0,10,10,0,alpha,full,huber,-3.5549658616779136,8.943042771862965,-1.4180586774846897,-3.7862610281039473,9.57629735084439,-1.31239873882518,-3.974423522137691,9.683691922368418,-1.265289367948393,118.8287786673475,0.0319376178085804,250,3.2185901403427124,0.9320851270862847,1.0,disabled,single,3,row_6,row_7,-0.32868102192878723,-0.9772156476974487,0.6082188406657135,0.3179837009975054,0.8590983381426971,0.6485346257686615,0.16853950454290567,0,40,0,disabled,0,0.0,50.0,alpha
812,1.8943005800247192,-1.4827994108200073,-39.87091827392578,-0.09782707691192627,0.6043802499771118,0.0638781189918518,51,4,91,0.025230491533875465,0.5067567567567568,0.3,103,146,wall,both,1,1,1,1,1,1,0.0,13,13,0,alpha,full,huber,-3.3367141556152218,8.023874904322248,-1.7427918072446533,-3.444746979334678,8.587154275331605,-1.7297717898171032,-3.5737913205589535,8.73399870716634,-1.694940887173874,134.86861796365238,0.025230495259165764,250,2.890814781188965,1.0,1.0,disabled,single,3,row_6,row_7,-0.09782707691192627,-0.8075655698776245,0.6166204784878374,0.3032371685691177,0.8622470480516456,0.7097384929656982,0.38567447522052917,0,40,0,disabled,0,0.0,50.0,alpha
816,2.398531913757324,-2.3772542476654053,-35.50702667236328,-0.06018996983766556,0.33815500140190125,0.0923086404800415,140,0,7,0.04312777891755104,0.5050505050505051,0.3,120,147,wall,both,1,1,1,1,1,1,0.0,14,14,0,alpha,full,huber,-2.168223841883135,6.822058166874547,-0.9686000297581576,-3.356778047535691,6.925125676894369,-1.6043033648721707,-3.544910740734861,7.014065130307686,-1.6758085780074516,137.377397375426,0.04312777891755104,250,3.811851143836975,0.7870191900988628,1.0,disabled,single,3,row_6,row_5,-0.06018996983766556,-1.0585145950317383,0.649246836046892,0.2392450527823995,0.8672321131226686,0.9983246251940727,0.3717523318566269,0,40,0,disabled,0,0.0,50.0,alpha
820,1.7391859292984009,-1.2499040365219116,-36.49488830566406,-0.09086249023675919,0.6116610169410706,0.04349774122238159,100,18,21,0.019553853198885918,0.5190311418685121,0.3,116,139,wall,both,1,1,1,1,1,1,0.0,12,12,0,alpha,full,huber,-1.8297320611210213,6.464724400620289,-1.1056175001109354,-2.9253667651869946,6.482482457441755,-1.3768919176729602,-3.2255291331332887,6.518966152637713,-1.523960682416445,146.0080276828042,0.01955385133624077,250,3.1769849061965942,0.9442915495596496,1.0,disabled,single,3,row_6,row_5,-0.09086249023675919,-0.7868347764015198,0.6147981331136799,0.3065318572866625,0.8615470357941215,0.6959722861647606,0.3955988136605639,0,40,0,disabled,0,0.0,50.0,alpha
824,1.0070141553878784,-0.419040322303772,-32.379268646240234,-0.167967289686203,0.8693905472755432,0.0008366107940673828,100,7,27,0.008466877974569798,0.528169014084507,0.3,101,134,wall,both,1,1,1,1,1,1,0.0,12,12,0,alpha,full,huber,-1.3249710543565385,5.088535554232918,-1.352272539268604,-2.189482983538921,5.259568097586773,-1.2971674610894477,-2.628327409466829,5.242205310133343,-1.4266677198113111,203.25107119276058,0.008466877043247223,250,2.1942092180252075,1.0,1.0,disabled,single,3,row_6,row_5,-0.167967289686203,-0.5949509739875793,0.5712937304255356,0.3727544184181113,0.8490110432440141,0.42698368430137634,0.3918844978502478,0,40,0,disabled,0,0.0,50.0,alpha
828,1.5901978015899658,-1.0449293851852417,-28.625804901123047,-0.26672905683517456,1.095572829246521,0.00021845102310180664,97,15,38,0.01184625830501318,0.5,0.3,110,150,wall,both,1,1,1,1,1,1,0.0,11,11,0,alpha,full,huber,-1.0852826618172733,5.033436046619506,-1.372278039250115,-1.4507700303750055,4.979097776606508,-1.2242088586945268,-1.9513567382660213,4.895517875075994,-1.3296658285950698,172.3547817604238,0.01184625830501318,250,2.0853275060653687,1.0,1.0,disabled,single,3,row_6,row_5,-0.26672905683517456,-0.44310685992240906,0.5222859071899687,0.43783290833754956,0.8293509224681649,0.1763778030872345,0.3828110692820833,0,40,0,disabled,0,0.0,50.0,alpha
832,0.6850383877754211,-0.19391636550426483,-38.05440902709961,-0.26043087244033813,1.0808199644088745,0.014321386814117432,91,12,41,0.022618139162659645,0.5102040816326531,0.3,110,144,wall,both,1,1,1,1,1,1,0.0,12,12,0,alpha,full,huber,-1.2490465291356332,5.8622304752566095,-1.2237355280186255,-1.0484706574948817,4.419424646734205,-1.2468381204400802,-1.3640932014316074,4.264937136009144,-1.3052641211674478,147.68353405993307,0.022618139162659645,250,2.324763059616089,1.0,1.0,disabled,single,3,row_6,row_5,-0.26043087244033813,-0.4420014023780823,0.5231842529228813,0.4363144382777422,0.8306700455883185,0.18157052993774414,0.38739070447621493,0,40,0,disabled,0,0.0,50.0,alpha
836,0.95511394739151,-0.37695977091789246,-20.641681671142578,-0.20140258967876434,0.9518007040023804,0.004590749740600586,105,4,18,0.013063713908195496,0.5415162454873647,0.3,98,127,wall,both,1,1,1,1,1,1,0.0,10,10,0,alpha,full,huber,-0.9321135940183386,3.5278172573913045,-1.2744115797455913,-0.9314302001123153,3.5610595602530575,-1.2580156479344504,-1.010120668655556,3.4512328230249145,-1.2468978576062524,166.31721747147836,0.013063712045550346,250,1.3982540965080261,1.0,1.0,disabled,single,3,row_6,row_5,-0.20140258967876434,-0.5316148996353149,0.5540649068549377,0.3982458508642666,0.83894061196114,0.3302123099565506,0.389070849030857,0,40,0,disabled,0,0.0,50.0,alpha
840,0.5829176306724548,-0.14041031897068024,-21.278860092163086,-0.2385699599981308,1.03612220287323,0.0009195208549499512,116,0,25,0.01379181444644928,0.5154639175257733,0.3,113,141,wall,both,1,1,1,1,1,1,0.0,13,13,0,alpha,full,huber,-0.8272061944860221,3.435021454859872,-1.3273803660500545,-0.770800734970602,3.3257126130048773,-1.2515558395496957,-0.8141767478021268,3.1906154875453625,-1.2424087831794803,175.25146753944367,0.01379181444644928,250,1.231384515762329,1.0,1.0,disabled,single,3,row_6,row_5,-0.2385699599981308,-0.4742140471935272,0.5352787732492782,0.42290332020327437,0.831235470672542,0.23564408719539642,0.38639763630463153,0,40,0,disabled,0,0.0,50.0,alpha
844,0.11703000217676163,-0.005659513175487518,-25.72076416015625,-0.29994720220565796,1.1616286039352417,0.004557013511657715,87,15,18,0.010779005475342274,0.5555555555555556,0.3,81,120,wall,both,1,1,1,1,1,1,0.0,12,12,0,alpha,full,huber,-0.7749993115167695,3.808267851040533,-1.274764747604882,-0.6310307206064555,3.01361029840591,-1.2479693532812608,-0.6290502764767423,2.8455662559984436,-1.2373525361581725,202.37240786349128,0.010779005475342274,250,1.3706485033035278,1.0,1.0,disabled,single,3,row_6,row_5,-0.29994720220565796,-0.39897626638412476,0.5064755549095677,0.4587232080445862,0.8188977066153775,0.0990290641784668,0.3803320170173461,0,40,0,disabled,0,0.0,50.0,alpha
848,0.8945501446723938,-0.3306694030761719,-24.323667526245117,-0.22014445066452026,0.9936137795448303,0.013568878173828125,111,4,21,0.013395071029663086,0.5244755244755245,0.3,113,136,wall,both,1,1,1,1,1,1,0.0,10,10,0,alpha,full,huber,-0.8133305088429881,3.1120135516030936,-1.2332406461717156,-0.6048240200401097,2.532782282207137,-1.2742961080270303,-0.5483867437198918,2.4791253889068123,-1.252177798073074,173.53003122693502,0.013395071029663086,250,1.2549127340316772,1.0,1.0,disabled,single,3,row_6,row_5,-0.22014445066452026,-0.5024872422218323,0.5444327673017191,0.41051056569561156,0.8361887807602426,0.282342791557312,0.387866369598295,0,40,0,disabled,0,0.0,50.0,alpha
852,1.2246978282928467,-0.6197870969772339,-26.695026397705078,-0.16006936132907867,0.8407952785491943,0.026985466480255127,108,6,14,0.013381904922425747,0.539568345323741,0.3,97,128,wall,both,1,1,1,1,1,1,0.0,11,11,0,alpha,full,huber,-0.9114181212293546,2.784910277444796,-1.1653208931917176,-0.6417247222326445,2.3495062574969348,-1.2831873399964078,-0.5541637851667356,2.269717872321165,-1.2652198728737085,166.31903937667755,0.013381905853748322,246,1.6503604054450989,1.0,1.0,disabled,single,3,row_6,row_5,-0.16006936132907867,-0.6118838787078857,0.5761718824250074,0.36671739325499764,0.8490440317508947,0.45181451737880707,0.39127989448381706,0,40,0,disabled,0,0.0,50.0,alpha
856,0.17234103381633759,-0.012273319065570831,-24.63085174560547,-0.34852778911590576,1.25199556350708,0.006930172443389893,112,5,19,0.022917725145816803,0.5244755244755245,0.3,119,136,wall,both,1,1,1,1,1,1,0.0,11,11,0,alpha,full,huber,-0.2702202402056538,1.4445427869707452,-1.28301001184257,-0.44847149904126693,1.7782096051368241,-1.263447428124508,-0.43446855419045727,1.8042286450524225,-1.2599377832378096,100.88192811237207,0.022917727008461952,138,0.6438402533531189,1.0,1.0,disabled,single,3,row_6,row_5,-0.34852778911590576,-0.35245421528816223,0.4856418750326635,0.48373877669672566,0.8088101340042353,0.00392642617225647,0.3737560202460457,0,40,0,disabled,0,0.0,50.0,alpha
860,1.443975567817688,-0.8615972995758057,-26.26129913330078,-0.3353366553783417,1.2284046411514282,0.0014177560806274414,102,13,29,0.024993425235152245,0.5102040816326531,0.3,114,144,wall,both,1,1,1,1,1,1,0.0,12,12,0,alpha,full,huber,-0.31003459580067855,1.8394875689577497,-1.3396197984359453,-0.2985206405938634,1.467311869751816,-1.268759586546701,-0.288188692805716,1.3963467467929938,-1.2620176980554323,87.1986928014587,0.024993425235152245,112,1.9829030632972717,1.0,1.0,disabled,single,3,row_5,row_6,-0.3353366553783417,-0.3638576567173004,0.4906522407466875,0.4768560236894992,0.813827014749734,0.02852100133895874,0.37668301406742255,1,41,0,disabled,0,0.0,50.0,alpha
864,1.0045764446258545,-0.4170140027999878,-23.676050186157227,-0.26289016008377075,1.0876377820968628,0.0016461610794067383,131,9,11,0.027565540745854378,0.4983388704318937,0.3,119,151,wall,both,1,1,1,1,1,1,0.0,11,11,0,alpha,full,huber,-0.15518635548470372,1.7737365946363526,-1.335489699508324,-0.2333776805481607,1.279315276328174,-1.2780098670614415,-0.19611946966039537,1.1378515704893215,-1.2681014239972423,73.08463532483809,0.027565540745854378,97,1.5699818134307861,1.0,1.0,disabled,single,3,row_5,row_6,-0.26289016008377075,-0.4487777054309845,0.5242499222792344,0.4353198186263986,0.8303053827646089,0.18588754534721375,0.3828965973676892,0,41,0,disabled,0,0.0,50.0,alpha
868,1.3644386529922485,-0.7692945599555969,-32.159446716308594,-0.25796258449554443,1.077082633972168,0.006281137466430664,121,13,17,0.03155709058046341,0.4983388704318937,0.3,120,151,wall,both,1,1,1,1,1,1,0.0,13,13,0,alpha,full,huber,-0.06914788158476136,1.3549099366831991,-1.280735827849402,-0.1393232333523476,0.9822581061430056,-1.2760843123218477,-0.11285794836190685,0.8856885238250053,-1.2652490111223251,60.063303338423815,0.03155709058046341,80,1.4976586699485779,1.0,1.0,disabled,single,3,row_5,row_6,-0.25796258449554443,-0.4578213691711426,0.5274368014246928,0.43188971477153854,0.8302670593705511,0.19985878467559814,0.38176364403959073,0,41,0,disabled,0,0.0,50.0,alpha
872,0.5214231014251709,-0.11234796047210693,-33.88374328613281,-0.07218999415636063,0.5699459910392761,0.0009483695030212402,93,8,11,0.024870730936527252,0.5725190839694657,0.3,89,112,wall,both,1,1,1,1,1,1,0.0,9,9,0,alpha,full,huber,0.6878306316947602,0.013201735612035082,-1.4359245404454726,0.5030853597892062,-0.32849724515394063,-1.2499914303348645,0.43797122850631476,-0.45441429027119074,-1.27148388887277,63.831106007129236,0.024870730936527252,80,1.1016481518745422,1.0,1.0,disabled,single,3,row_5,row_6,-0.07218999415636063,-0.8286452889442444,0.6240728201151553,0.29289429197401295,0.8605295065797797,0.7564552947878838,0.3992982243626437,0,41,0,disabled,0,0.0,50.0,alpha
876,0.1841280609369278,-0.014009564183652401,-21.35506820678711,-0.17064231634140015,0.8762933611869812,0.00014358758926391602,110,3,22,0.017928121611475945,0.5263157894736842,0.3,120,135,wall,both,1,1,1,1,1,1,0.0,3,3,0,alpha,full,huber,0.5741233666618126,-1.074387485682213,-1.372239738659299,0.757606861247889,-0.9743659615588623,-1.3467234000302108,0.7096131336853987,-1.0509760760501374,-1.3473181052726386,102.32707844575918,0.017928121611475945,143,0.4661619961261749,1.0,1.0,disabled,single,3,row_5,row_6,-0.17064231634140015,-0.5859778523445129,0.5692635895228247,0.3757815690989502,0.8479623165375495,0.4153355360031128,0.39276938530230154,0,41,0,disabled,0,0.0,50.0,alpha
880,0.6299536228179932,-0.16398411989212036,-26.375635147094727,-0.07679832726716995,0.5837433934211731,0.016226530075073242,108,16,12,0.018653104081749916,0.5244755244755245,0.3,120,136,wall,both,1,1,1,1,1,1,0.0,4,4,0,alpha,full,huber,1.0111835118834995,-1.8347047915090715,-1.5695792016854413,0.9918869410659615,-1.5286283449227445,-1.3119993735588549,0.923216236769351,-1.570433938546357,-1.3383965551764883,101.05941627460726,0.018653102219104767,122,0.8876325786113739,1.0,1.0,disabled,single,3,row_5,row_6,-0.07679832726716995,-0.8310152888298035,0.6219709495227295,0.2925619459100182,0.8651489207743013,0.7542169615626335,0.39806356501387796,0,41,0,disabled,0,0.0,50.0,alpha
884,1.497120976448059,-0.9261864423751831,-33.84805679321289,-0.06660667061805725,0.49964597821235657,0.05221867561340332,104,12,25,0.013659399002790451,0.5154639175257733,0.3,120,141,wall,both,1,1,1,1,1,1,0.0,4,4,0,alpha,full,huber,1.4948912399854382,-4.047598386986257,-1.0792884388993569,1.6214464217907736,-3.4752533553911094,-1.3019110671693817,1.515693247826814,-3.4988257967768046,-1.3451453270640328,134.03778192462167,0.013659399002790451,164,1.9410542249679565,1.0,1.0,disabled,single,3,row_5,row_6,-0.06660667061805725,-0.8910601139068604,0.6320816117855753,0.2771517181212162,0.8633887190479358,0.8244534432888031,0.3921300899820025,0,41,0,disabled,0,0.0,50.0,alpha
888,0.7356860637664795,-0.22365039587020874,-40.45313262939453,-0.1190933808684349,0.7301186323165894,0.012449979782104492,104,13,32,0.010832613334059715,0.5016722408026756,0.3,120,149,wall,both,1,1,1,1,1,1,0.0,6,6,0,alpha,full,huber,2.8523410605553505,-4.685746772105084,-1.2322986394602962,1.986969892905361,-4.3888319309255035,-1.2293138794292247,1.8662645862527687,-4.386346922553294,-1.277858410560576,203.8316247439502,0.010832613334059715,250,1.812742292881012,1.0,1.0,disabled,single,3,row_5,row_4,-0.1190933808684349,-0.6986627578735352,0.5982442437616459,0.3351002456953,0.8542429585088978,0.5795693770051003,0.39466279316566555,0,41,0,disabled,0,0.0,50.0,alpha
892,1.182852864265442,-0.5781574249267578,-39.17742919921875,-0.08353628218173981,0.028926851227879524,0.1429014801979065,116,23,33,0.012118744663894176,0.46583850931677023,0.3,120,172,wall,both,1,1,1,1,1,1,0.0,4,4,0,alpha,full,huber,2.2162385019681317,-5.42802180584795,-0.8490744966377162,2.0094077563777253,-5.092244700623958,-1.1923630130948029,2.020267665118552,-5.024161510854103,-1.2126670326827909,181.78939529887475,0.012118744663894176,250,1.8647937178611755,1.0,1.0,disabled,single,3,row_5,row_6,-0.08353628218173981,-1.439018726348877,0.6674546462440508,0.17208507869565895,0.86626623342388,1.3554824441671371,0.3207475545362029,0,41,0,disabled,0,0.0,50.0,alpha
896,0.463057279586792,-0.0886041522026062,-38.204532623291016,-0.10934565216302872,0.16804872453212738,0.15890926122665405,117,16,35,0.011075193993747234,0.4716981132075471,0.3,120,168,wall,both,1,1,1,1,1,1,0.0,4,4,0,alpha,full,huber,2.0469833625096165,-5.275523099135584,-0.8187604813233236,2.1066076376942267,-5.420488490223352,-1.121456796653813,2.119439272125588,-5.380236346639635,-1.1612377116495973,186.26666880096954,0.011075193993747234,250,0.6927812695503235,1.0,1.0,disabled,single,3,row_5,row_6,-0.10934565216302872,-1.3101948499679565,0.6633000393558498,0.19961255008138598,0.8663656151890885,1.2008491978049278,0.30118219095419146,0,41,0,disabled,0,0.0,50.0,alpha
900,0.24230113625526428,-0.02426026575267315,-39.566768646240234,-0.061145853251218796,0.5114090442657471,0.027228236198425293,96,0,34,0.010614811442792416,0.5357142857142857,0.3,120,130,wall,both,1,1,1,1,1,1,0.0,1,1,0,alpha,full,huber,1.9203909947946505,-6.5260927820640156,-1.1699803627755396,2.0542856886024268,-5.875637659433497,-1.1712663749796608,2.1532565602588996,-5.813155604952781,-1.1661310069039825,197.3599869108582,0.010614811442792416,250,1.160808265209198,1.0,1.0,disabled,single,3,row_5,row_6,-0.061145853251218796,-0.8611387610435486,0.630825473887979,0.2834501670011609,0.8585807455867063,0.7999929077923298,0.3995801879951882,0,41,0,disabled,0,0.0,50.0,alpha
904,0.9577744007110596,-0.3790627419948578,-33.344547271728516,-0.18455873429775238,0.910769522190094,0.007426857948303223,97,3,34,0.01253865472972393,0.528169014084507,0.3,120,134,wall,both,1,1,1,1,1,1,0.0,1,1,0,alpha,full,huber,1.5451649877823561,-6.702741144752362,-1.2819208073136947,2.0476503813184017,-6.2626561334920705,-1.2265976308215318,2.152840817124356,-6.195022965539319,-1.1983624607569137,195.51888971493557,0.01253865472972393,250,1.6557384133338928,1.0,1.0,disabled,single,3,row_5,row_6,-0.18455873429775238,-0.5430824756622314,0.5602334086469577,0.3914390251988301,0.8381614828113325,0.35852374136447906,0.39484304663738123,0,41,0,disabled,0,0.0,50.0,alpha
908,1.3501603603363037,-0.7532780766487122,0.0,-0.06994237750768661,0.5610159635543823,0.0003145933151245117,0,0,0,0.007953020744025707,0.5,0.3,0,0,wall,both,1,1,1,1,1,1,0.0,0,0,0,alpha,full,huber,2.0334829534742345,-7.495862300558712,-1.3787879903969964,2.0031252565060624,-6.897458970514868,-1.3301042001774612,2.1610241274276216,-6.813087334306475,-1.2629206100602646,204.3647280846365,0.007953020744025707,250,2.135575294494629,1.0,1.0,disabled,single,3,row_5,row_6,-0.06994237750768661,-0.7823324203491211,0.6194869029820059,0.3038400819360343,0.8555124989304284,0.7123900428414345,0.4089213419007172,0,41,0,disabled,0,0.0,50.0,alpha
912,1.9921314716339111,-1.6399123668670654,0.0,-0.10893511772155762,0.695626974105835,0.018536627292633057,0,0,0,0.007221889216452837,0.5,0.3,0,0,wall,both,1,1,1,1,1,1,0.0,0,0,0,alpha,full,huber,2.108049657604716,-8.25171812344849,-1.4837090488720148,2.020573375835993,-7.623447002691162,-1.2974184964404676,2.168125439518855,-7.524045266916435,-1.2414335940179808,220.30955765416635,0.007221889216452837,250,2.8456417322158813,1.0,1.0,disabled,single,3,row_5,row_6,-0.10893511772155762,-0.7364648580551147,0.6053345510279593,0.3231936055902581,0.8574855964646918,0.6275297403335571,0.39303887915940894,0,41,0,disabled,0,0.0,50.0,alpha
916,0.6350148916244507,-0.16662971675395966,0.0,-0.10925961285829544,0.6952018141746521,0.021337807178497314,0,0,0,0.0074338968843221664,0.5,0.3,0,0,wall,both,1,1,1,1,1,1,0.0,0,0,0,alpha,full,huber,2.4937171341754443,-8.660406529575864,-1.083916689188738,2.143380918913653,-8.255945909433208,-1.2889339891008837,2.239379581097543,-8.174865643673936,-1.2572775404794427,215.85388438050614,0.0074338968843221664,250,1.3434356451034546,1.0,1.0,disabled,single,3,row_5,row_6,-0.10925961285829544,-1.0701080560684204,0.6460795069865156,0.2471694487705288,0.8665221370434756,0.960848443210125,0.3275730940839287,0,41,0,disabled,0,0.0,50.0,alpha
920,1.1382352113723755,-0.5353634357452393,0.0,-0.2689206898212433,1.0968650579452515,0.01956397294998169,0,0,0,0.008471406996250153,0.5,0.3,0,0,wall,both,1,1,1,1,1,1,0.0,0,0,0,alpha,full,huber,3.563912873136087,-8.770243556299498,-1.0927345956990355,2.6497243112889253,-8.889778925592791,-1.1797968290783474,2.5691237514770213,-8.889014273646428,-1.214698622222736,202.03473751384394,0.008471406996250153,250,2.0871347188949585,1.0,1.0,disabled,single,3,row_5,row_4,-0.2689206898212433,-0.9211785197257996,0.6085354551985805,0.31696689852884496,0.8599107292066923,0.6522578299045563,0.22777941187596673,0,41,0,disabled,0,0.0,50.0,alpha
924,0.29322728514671326,-0.03552985191345215,0.0,-0.4794295132160187,1.4686323404312134,0.005482137203216553,0,0,0,0.007262475788593292,0.5,0.3,0,0,wall,both,1,1,1,1,1,1,0.0,0,0,0,alpha,full,huber,3.3132781595099217,-9.381858536095645,-1.186108109085172,3.0423639243873803,-9.384219030331167,-0.9594709295544029,2.92078189537188,-9.407041679217874,-0.9940115563221492,199.6744229167509,0.007262475788593292,250,0.8788759112358093,1.0,1.0,disabled,single,3,row_5,row_4,-0.4794295132160187,-1.514231562614441,0.6484654174871182,0.23039762624395058,0.8747924240126532,1.0348020493984222,-0.04628290964033521,0,41,0,disabled,0,0.0,50.0,alpha
928,0.7393966913223267,-0.2259121686220169,0.0,-0.8501558303833008,1.9551798105239868,0.012722492218017578,0,0,0,0.008426843211054802,0.5,0.3,0,0,wall,both,1,1,1,1,1,1,0.0,0,0,0,alpha,full,huber,1.3341686313901044,-10.21708228142738,-1.2396492966403079,3.1011238183034013,-10.012127837387208,-0.7445175956903963,3.170149201615515,-9.970677112516368,-0.701489166405024,207.28321535333671,0.008426843211054802,250,1.9553943872451782,1.0,1.0,disabled,single,3,row_6,row_5,-0.8501558303833008,-1.5271044969558716,0.6169507642652051,0.313512915048385,0.8469918229650513,0.6769486665725708,-0.3671897735247514,1,42,0,disabled,0,0.0,50.0,alpha
932,2.456068515777588,-2.4926745891571045,0.0,-2.4758687019348145,3.3132567405700684,0.09441739320755005,0,0,0,0.011041340418159962,0.5,0.3,0,0,wall,both,1,1,1,1,1,1,0.0,0,0,0,alpha,full,huber,3.675045592204667,-11.205363452779832,-0.8528211252457458,3.609998963215874,-10.474698679586602,-0.4087344538801431,3.6005255351886123,-10.40710612494949,-0.3656660504553848,197.95875537735702,0.011041340418159962,250,3.2417023181915283,0.9254396935723671,1.0,disabled,single,3,row_5,row_4,-2.4758687019348145,-3.500457525253296,0.6479158832785276,0.23256553466869273,0.8742993953129887,1.0245888233184814,-2.041874301123578,1,43,1,disabled,0,0.0,50.0,alpha
936,0.2130468785762787,-0.018755774945020676,-48.656803131103516,-2.553901195526123,3.1501805782318115,0.29226499795913696,4,0,69,0.015193558298051357,0.6726457399103138,0.3,66,73,wall,both,1,1,1,1,1,1,0.0,4,4,0,alpha,full,huber,5.20540031886666,-10.750867454392244,0.9635918025728083,4.809671525838532,-10.607262270991658,0.5794368631405161,4.71073427335697,-10.6876444020476,0.5435506812632074,133.23927818869092,0.015193558298051357,250,0.9590764045715332,1.0,1.0,disabled,single,3,row_4,row_5,-2.553901195526123,-3.5359301567077637,0.6635912287659119,0.24854834636613232,0.8318170877089044,0.9820289611816406,-2.1438122571205884,1,44,1,disabled,0,0.0,50.0,alpha
940,1.0549473762512207,-0.45988181233406067,-48.398765563964844,-1.1454378366470337,2.2581229209899902,0.054895997047424316,5,3,74,0.020503804087638855,0.646551724137931,0.3,69,82,wall,both,1,1,1,1,1,1,0.0,3,3,0,alpha,full,huber,5.962856500201099,-9.732931295568243,1.4152175568841345,5.403213257678344,-10.141419439388581,1.0673527169601817,5.270436484578275,-10.279154406605166,1.0179588577125962,116.77443617307907,0.020503804087638855,250,1.8050066232681274,1.0,1.0,disabled,single,3,row_4,row_3,-1.1454378366470337,-2.1139166355133057,0.6483910141874761,0.24616822223711388,0.8631868153670084,0.968478798866272,-0.7121764889903456,0,44,0,disabled,0,0.0,50.0,alpha
944,1.9040391445159912,-1.4980847835540771,-49.498497009277344,-3.5090394020080566,2.9614346027374268,0.6182489395141602,2,0,81,0.021660249680280685,0.6437768240343348,0.3,66,83,wall,both,1,1,1,1,1,1,0.0,4,4,0,alpha,full,huber,6.183340286348283,-10.400867244457189,0.5689949490538009,5.601429277731375,-10.007480178573386,1.1440666580748278,5.492650999661428,-10.064632396397643,1.1448190776741978,138.34929036334773,0.021660249680280685,250,2.783588171005249,1.0,1.0,disabled,single,3,row_4,row_3,-3.5090394020080566,-4.468969821929932,0.6800510033038644,0.260404809621939,0.7805748152255279,0.959930419921875,-3.1234519232419724,0,44,1,disabled,0,0.0,50.0,alpha
948,1.28836989402771,-0.6859078407287598,-48.14558029174805,-2.46267032623291,3.0660688877105713,0.3025459051132202,10,1,93,0.016096990555524826,0.5905511811023622,0.3,93,104,wall,both,1,1,1,1,1,1,0.0,4,4,0,alpha,full,huber,5.782331010945491,-10.614659234636243,0.9491434860711081,5.661069301996378,-9.966346589634597,1.188816114253551,5.607287731085194,-9.962076850979571,1.2231733712467978,143.74145167551612,0.016096990555524826,191,2.071098804473877,1.0,1.0,disabled,single,3,row_4,row_3,-2.46267032623291,-3.8316121101379395,0.6910333522281115,0.17578230135709708,0.8294848078669528,1.3689417839050293,-2.093103136464518,0,44,1,disabled,0,0.0,50.0,alpha
952,2.693410873413086,-2.997711658477783,-44.119529724121094,-0.9634146690368652,2.0525708198547363,0.08160626888275146,23,0,108,0.018996110185980797,0.5338078291814947,0.3,120,131,wall,both,1,1,1,1,1,1,0.0,7,7,0,alpha,full,huber,6.213710292985909,-9.396356006750283,1.3413063731942323,5.9283249238743085,-9.402101763285684,1.8549317076921255,5.882614100038849,-9.38153793062739,1.9115626331796474,163.46114076413278,0.018996112048625946,250,3.0415843725204468,0.9863280555699373,1.0,disabled,single,3,row_4,row_3,-0.9634146690368652,-1.598335862159729,0.6081375013610096,0.32229904212819005,0.8528135786986747,0.6349211931228638,-0.4660604000063273,0,44,0,disabled,0,0.0,50.0,alpha
956,0.22487010061740875,-0.020895274356007576,-44.37931823730469,-0.7725796103477478,1.790489673614502,0.12141299247741699,37,15,102,0.01137636974453926,0.49342105263157904,0.3,116,154,wall,both,1,1,1,1,1,1,0.0,8,8,0,alpha,full,huber,6.115925849354508,-9.15056382535991,1.2502002536866712,5.872876054494605,-9.116252005679886,2.0223934617297745,5.834018263581834,-9.113690468805538,2.0717227413914916,194.28214403149957,0.01137636974453926,250,0.7377616763114929,1.0,1.0,disabled,single,3,row_4,row_3,-0.7725796103477478,-1.4735621213912964,0.619374217896339,0.3072700895415071,0.850932862227729,0.7009825110435486,-0.29353397371863443,0,44,0,disabled,0,0.0,50.0,alpha
960,0.1539193093776703,-0.009789733216166496,-41.97418975830078,-0.6135503649711609,1.661595344543457,0.0020549893379211426,65,22,104,0.018312590196728706,0.4398826979472141,0.3,120,191,wall,both,1,1,1,1,1,1,0.0,10,10,0,alpha,full,huber,6.666483258284158,-8.502245287044982,1.8355881692577105,5.906948002590042,-8.850979415228828,2.022428967698806,5.84194661881146,-8.910418296009723,2.081852779585664,186.61847832167723,0.018312590196728706,250,0.9628844857215881,1.0,1.0,disabled,single,3,row_3,row_4,-0.6135503649711609,-0.6460413336753845,0.49322321513298367,0.4774554570486852,0.8050701772317516,0.03249096870422363,0.09324307340483473,1,45,0,disabled,0,0.0,50.0,alpha
964,2.854304313659668,-3.3665506839752197,-41.76566696166992,-0.521501898765564,1.3992806673049927,0.14548707008361816,33,3,93,0.011652190238237381,0.5376344086021506,0.3,120,129,wall,both,1,1,1,1,1,1,0.0,5,5,0,alpha,full,huber,5.314948540826974,-8.996729899192017,2.2942849999304107,5.510584165034712,-8.430834766898485,2.094059256176104,5.519495552262878,-8.396620456224744,2.094553941683201,198.5553673827873,0.011652190238237381,250,3.611146330833435,0.8307611282281143,1.0,disabled,single,3,row_4,row_5,-0.521501898765564,-1.6964789628982544,0.6547475488176384,0.20220310762955676,0.8786762031680627,1.1749770641326904,-0.09799635947220281,1,46,0,disabled,0,0.0,50.0,alpha
968,1.5589709281921387,-1.0042935609817505,-39.9461555480957,-0.4051191508769989,1.060615062713623,0.19495999813079834,42,8,99,0.011161165311932564,0.5016722408026756,0.3,109,149,wall,both,1,1,1,1,1,1,0.0,13,13,0,alpha,full,huber,4.81719819166189,-8.582130319476958,2.3831545500733275,5.278396407615406,-8.075289279812774,2.0955780606895633,5.262846360134691,-8.005115442203978,2.0995435760535814,197.27947708418426,0.011161165311932564,250,2.103834867477417,1.0,1.0,disabled,single,3,row_4,row_5,-0.4051191508769989,-1.0853644609451294,0.6080462366003714,0.30797099795205835,0.873255764672038,0.6802453100681305,0.09238520199031625,0,46,0,disabled,0,0.0,50.0,alpha
972,0.15760326385498047,-0.010263962671160698,-39.81540298461914,-0.123472198843956,0.7137763500213623,0.05012500286102295,54,14,78,0.012660445645451546,0.5067567567567568,0.3,120,146,wall,both,1,1,1,1,1,1,0.0,11,11,0,alpha,full,huber,4.447565315396107,-7.340373516090673,2.0660616465944246,4.639090263166667,-7.6383946834684835,2.210051726611177,4.809095700835829,-7.61396662137609,2.155989050927362,162.39421392461944,0.012660445645451546,250,0.9543912410736084,1.0,1.0,disabled,single,3,row_4,row_5,-0.123472198843956,-0.7268756628036499,0.6012235562113745,0.3288373906175714,0.8576729281156268,0.6034034639596939,0.3853162410386415,0,46,0,disabled,0,0.0,50.0,alpha
976,2.133244514465332,-1.8804678916931152,-35.2930908203125,-0.2015855312347412,0.9524362683296204,6.35981559753418e-05,81,9,68,0.04155117645859718,0.48701298701298706,0.3,120,158,wall,both,1,1,1,1,1,1,0.0,10,10,0,alpha,full,huber,6.02413159686695,-6.697969340519863,1.753596575659551,5.3234301070585754,-7.041304846632453,1.9416843331050346,4.979132058700154,-7.128696396119026,2.0528178438909688,71.24634897518129,0.04155117645859718,250,4.040098428726196,0.7425561661243661,1.0,disabled,single,3,row_4,row_3,-0.2015855312347412,-0.5141125917434692,0.551822067436458,0.4037107241687713,0.8326896437139488,0.312527060508728,0.39294409503414074,0,46,0,disabled,0,0.0,50.0,alpha
980,1.1901363134384155,-0.5852993726730347,-32.66474533081055,-0.22673983871936798,1.0085662603378296,0.01304018497467041,74,16,47,0.012402346357703209,0.5226480836236934,0.3,107,137,wall,both,1,1,1,1,1,1,0.0,7,7,0,alpha,full,huber,3.4805875172554965,-6.637651801574025,1.8993906790274266,4.949544540075226,-6.542170503813665,1.9782149455933782,4.85586967391561,-6.601610345132752,2.029600760489611,193.32112460120922,0.012402346357703209,250,2.365925669670105,1.0,1.0,disabled,single,3,row_5,row_4,-0.22673983871936798,-0.5217037796974182,0.5461706102759455,0.4066559348468802,0.8403052274517315,0.29496394097805023,0.3780840402945277,1,47,0,disabled,0,0.0,50.0,alpha
984,0.859424352645874,-0.30521082878112793,-30.349212646484375,-0.28434112668037415,1.1310157775878906,0.004292011260986328,101,11,61,0.014494054950773716,0.46439628482972134,0.3,120,173,wall,both,1,1,1,1,1,1,0.0,12,12,0,alpha,full,huber,3.475413208877629,-5.869961287795654,1.830403570133174,4.271016212130036,-6.024006082004725,1.9990018739056088,4.403466695602596,-6.0192640331550304,1.996689979131343,191.09272679595475,0.014494053088128567,250,2.25486958026886,1.0,1.0,disabled,single,3,row_5,row_4,-0.28434112668037415,-0.4285946786403656,0.5161561759023073,0.44682000234761177,0.8233534023623584,0.14425355195999146,0.37700476613711853,0,47,0,disabled,0,0.0,50.0,alpha
988,0.5876761674880981,-0.14271210134029388,-32.671268463134766,-0.20222334563732147,0.9538589715957642,0.0029338598251342773,83,34,46,0.009306280873715878,0.47923322683706066,0.3,118,163,wall,both,1,1,1,1,1,1,0.0,10,10,0,alpha,full,huber,3.062780232585883,-4.592619712915683,1.827952114661966,3.5112961701223995,-4.918871172213897,1.9961294592483863,3.6775053704440137,-4.895449479843271,1.9824209705844824,183.92653747856556,0.009306280873715878,250,1.204529345035553,1.0,1.0,disabled,single,3,row_5,row_4,-0.20222334563732147,-0.5326260924339294,0.5538375708890406,0.3980066459930514,0.8400034572642837,0.33040274679660797,0.3886604829281841,0,47,0,disabled,0,0.0,50.0,alpha
992,0.5510938763618469,-0.1254977136850357,-32.76361083984375,-0.10901489853858948,0.699941873550415,0.005941629409790039,108,7,42,0.009243843145668507,0.4885993485342019,0.3,115,157,wall,both,1,1,1,1,1,1,0.0,12,12,0,alpha,full,huber,5.276423187081822,-4.19869678249846,1.8732712558126225,3.7705664211910914,-4.361778387100985,1.9480651240903781,3.646543434089061,-4.41376669097737,1.9611245113591362,203.39355945751808,0.009243843145668507,250,1.6797128915786743,1.0,1.0,disabled,single,3,row_4,row_3,-0.10901489853858948,-0.7203275561332703,0.6035664315068053,0.32751814363294024,0.854659978096116,0.6113126575946808,0.39588426890218165,1,48,0,disabled,0,0.0,50.0,alpha
996,1.1065640449523926,-0.5059851408004761,-33.8734016418457,-0.0745101273059845,0.5669426321983337,0.027481496334075928,106,22,41,0.010044301860034466,0.47021943573667707,0.3,120,169,wall,both,1,1,1,1,1,1,0.0,13,13,0,alpha,full,huber,5.1178485505289695,-4.081017771276691,1.9991887357372393,3.942108610346503,-3.9319376023169843,1.9331013721760817,3.7329094294583163,-3.963569388065519,1.9517276215548263,201.0751566185668,0.010044301860034466,250,2.1093634366989136,1.0,1.0,disabled,single,3,row_4,row_3,-0.0745101273059845,-0.8391926884651184,0.6257369723456695,0.29126909054639444,0.859214806131187,0.7646825611591339,0.3943150408448051,0,48,0,disabled,0,0.0,50.0,alpha
1000,1.045454978942871,-0.4516430199146271,-27.0302734375,-0.27318137884140015,1.108634114265442,0.0036640167236328125,119,16,23,0.011938725598156452,0.48701298701298706,0.3,120,158,wall,both,1,1,1,1,1,1,0.0,14,14,0,alpha,full,huber,3.0083007868826046,-3.3499793970382523,1.8233431313198238,3.706494951252574,-3.5694232144684133,1.9079744814599633,3.65458574396575,-3.5874960103269653,1.9384940144403222,189.97171634597,0.011938726529479027,250,1.4337739944458008,1.0,1.0,disabled,single,3,row_5,row_4,-0.27318137884140015,-0.428019642829895,0.5177845818843377,0.4435103003793208,0.8272534612019857,0.15483826398849487,0.385014609465272,1,49,0,disabled,0,0.0,50.0,alpha
1004,1.2498095035552979,-0.6454643607139587,-23.429227828979492,-0.24481548368930817,1.0496045351028442,1.3113021850585938e-06,116,5,36,0.013336118310689926,0.4885993485342019,0.3,120,157,wall,both,1,1,1,1,1,1,0.0,11,11,0,alpha,full,huber,2.8480073752492587,-2.7386277583793106,1.7327094946362571,3.428105848453806,-3.0629101635257885,1.8662823841377851,3.425360596651987,-3.0272795423562027,1.8917640648504888,186.7190945858512,0.013336118310689926,250,1.2531400918960571,1.0,1.0,disabled,single,3,row_5,row_4,-0.24481548368930817,-0.4642702341079712,0.5314020061369221,0.42669268979459785,0.8323201393068962,0.21945475041866302,0.3874209867824424,0,49,0,disabled,0,0.0,50.0,alpha
1008,0.23714828491210938,-0.023239385336637497,-19.3748836517334,-0.24988888204097748,1.0603675842285156,0.0025621652603149414,127,0,25,0.018605202436447144,0.49668874172185423,0.3,120,152,wall,both,1,1,1,1,1,1,0.0,15,15,0,alpha,full,huber,2.7212130730039714,-1.9902872264155165,1.7069272813415157,2.7776585084393846,-2.3939997017437467,1.8173013076064979,2.9587506211185763,-2.3469880905448166,1.8490937421338547,137.56837301305526,0.018605202436447144,250,0.8189422488212585,1.0,1.0,disabled,single,3,row_5,row_4,-0.24988888204097748,-0.4436035752296448,0.5263960025251563,0.4336939464425205,0.8286593896180687,0.1937146931886673,0.3918126109460517,0,49,0,disabled,0,0.0,50.0,alpha
1012,0.885201632976532,-0.3237941861152649,-20.398691177368164,-0.30104193091392517,1.163897156715393,0.0013206005096435547,93,12,26,0.01102953776717186,0.5338078291814947,0.3,102,131,wall,both,1,1,1,1,1,1,0.0,8,8,0,alpha,full,huber,2.7370997344435435,-1.5572699593816774,1.701007164780723,2.717529319436811,-1.2502739244544836,1.6779405819831335,2.6816989364659696,-1.2384611164037524,1.752047031815045,136.35284003016045,0.01102953776717186,169,1.1092127561569214,1.0,1.0,disabled,single,3,row_5,row_4,-0.30104193091392517,-0.37402263283729553,0.5009655874211048,0.4657070130439247,0.8155279959904929,0.07298070192337036,0.3901759371246869,0,49,0,disabled,0,0.0,50.0,alpha
1016,0.4098987579345703,-0.06942851096391678,-26.160459518432617,-0.2864444851875305,1.1353373527526855,0.0007095932960510254,85,12,38,0.013161501847207546,0.5263157894736842,0.3,113,135,wall,both,1,1,1,1,1,1,0.0,10,10,0,alpha,full,huber,2.653023438269361,-1.2575462019383672,1.714730689899456,2.491071684491467,-1.018664835983777,1.7679758875683038,2.5472040818658908,-0.9557836194508029,1.7665567099151342,138.67645220313958,0.01316150277853012,191,0.6795099377632141,1.0,1.0,disabled,single,3,row_5,row_4,-0.2864444851875305,-0.39552611112594604,0.5086359720250835,0.45607211871460007,0.8199333855230674,0.10908162593841553,0.38957821577112295,0,49,0,disabled,0,0.0,50.0,alpha
1020,12.914494514465332,-28.30040168762207,-35.421241760253906,-0.1518925577402115,0.37490957975387573,0.17193347215652466,78,6,32,0.02054765075445175,0.5639097744360902,0.3,86,116,wall,both,1,1,1,1,1,1,0.0,9,9,0,alpha,full,huber,3.378829274385959,0.2523728874410579,1.1517837085925517,2.6238752736531445,-0.18516243279084055,1.635869572330202,2.521286701718788,-0.18859075294262695,1.6873423094211804,108.89835314688341,0.02054765075445175,153,13.984406471252441,0.21452465688601516,1.0,disabled,single,3,row_4,row_5,-0.1518925577402115,-1.1219614744186401,0.6501329155797622,0.24643737657832063,0.8597729291902487,0.9700689166784286,0.27868589374922803,1,50,0,disabled,0,0.0,50.0,alpha
1024,0.2972756326198578,-0.036517687141895294,-28.093189239501953,-0.31448566913604736,1.1895931959152222,0.0017071366310119629,85,12,29,0.021512577310204506,0.5434782608695653,0.3,110,126,wall,both,1,1,1,1,1,1,0.0,7,7,0,alpha,full,huber,2.4204585107177663,0.31981545960030455,1.6907823111571716,2.3498438422456944,0.7095744973827773,1.6937715313910813,2.3728277855780586,0.768049106809779,1.6782528079087768,105.5300525485326,0.021512577310204506,148,0.9611751139163971,1.0,1.0,disabled,single,3,row_5,row_4,-0.31448566913604736,-0.37940916419029236,0.4991095941077957,0.46773514398094196,0.8152011928802414,0.064923495054245,0.38044391073862094,1,51,0,disabled,0,0.0,50.0,alpha
1028,0.7473254203796387,-0.23078317940235138,-36.18073654174805,-0.09863705933094025,0.4040776193141937,0.12359797954559326,98,9,36,0.011461806483566761,0.5119453924914675,0.3,116,143,wall,both,1,1,1,1,1,1,0.0,6,6,0,alpha,full,huber,1.3709338634017003,1.7154629228987734,2.2511735669174495,2.075456451829507,1.5474543706332944,1.7472433510512124,2.1685882149689473,1.573885105570075,1.6992533147038174,155.76027377098868,0.011461806483566761,191,1.6971949338912964,1.0,1.0,disabled,single,3,row_5,row_4,-0.09863705933094025,-1.0155880451202393,0.6426829353322357,0.25690349658449146,0.8640748379717719,0.916950985789299,0.34346671915557264,0,51,0,disabled,0,0.0,50.0,alpha
1032,0.4785912334918976,-0.0946485847234726,-37.74667739868164,-0.012874905951321125,0.23536543548107147,0.011760056018829346,104,6,27,0.010617495514452457,0.5226480836236934,0.3,108,137,wall,both,1,1,1,1,1,1,0.0,6,6,0,alpha,full,huber,0.7155652886452886,1.746990616810876,1.902229784217413,1.8572498218218012,1.8043638749881454,1.805856768712863,1.9823900796324452,1.816481997583355,1.7478150896297624,211.7833870172298,0.010617495514452457,250,1.603882372379303,1.0,1.0,disabled,single,3,row_5,row_6,-0.012874905951321125,-1.1505643129348755,0.6592040923558727,0.2113137043131933,0.8678624128446236,1.1376894069835544,0.40384718639069667,0,51,0,disabled,0,0.0,50.0,alpha
1036,1.2529850006103516,-0.648748517036438,-37.929656982421875,-0.017486829310655594,0.19024601578712463,0.04810130596160889,123,6,12,0.01442196685820818,0.5154639175257733,0.3,108,141,wall,both,1,1,1,1,1,1,0.0,7,7,0,alpha,full,huber,0.6424063239490977,2.410690490408831,2.0575180765919985,1.7238498203522787,2.2330564539437736,1.884306358535002,1.8188574803047373,2.1648629125174965,1.8405409494172211,188.77203901151825,0.014421963132917881,250,2.360848546028137,1.0,1.0,disabled,single,3,row_5,row_6,-0.017486829310655594,-1.2005172967910767,0.660729716634299,0.20241385488184108,0.8693406452043517,1.183030467480421,0.3969235941470247,0,51,0,disabled,0,0.0,50.0,alpha
1040,1.0872468948364258,-0.48847347497940063,-30.114990234375,-0.03565381467342377,0.31082668900489807,0.05895024538040161,122,0,13,0.01396858412772417,0.5263157894736842,0.3,102,135,wall,both,1,1,1,1,1,1,0.0,6,6,0,alpha,full,huber,0.4857304372628464,2.60388728337227,2.0911714891549202,1.4371397488976811,2.625133119805147,2.006402420318752,1.5526885257634626,2.6213663732377093,1.9688074264390032,206.79774050304945,0.01396858412772417,250,2.365580916404724,1.0,1.0,disabled,single,3,row_5,row_6,-0.03565381467342377,-1.0820395946502686,0.6537680837889317,0.22960648220502017,0.8662967686138561,1.0463857799768448,0.38934878768472747,0,51,0,disabled,0,0.0,50.0,alpha
1044,0.04376139119267464,-0.000791346887126565,-23.872661590576172,-0.07020118832588196,0.5561731457710266,0.01892268657684326,103,4,21,0.012348254211246967,0.539568345323741,0.3,120,128,wall,both,1,1,1,1,1,1,0.0,2,2,0,alpha,full,huber,0.12530296197906016,3.2384785622930963,1.9379179382824683,1.0815359605202999,3.0982303190257845,2.0096216328589116,1.1959671479391951,3.115743553941514,1.9986265965125432,201.09145493826298,0.012348254211246967,250,1.4836182594299316,1.0,1.0,disabled,single,3,row_5,row_6,-0.07020118832588196,-0.8378228545188904,0.6245033044625633,0.2898417124218062,0.8634521283888464,0.7676216661930084,0.4005974697314222,0,51,0,disabled,0,0.0,50.0,alpha
1048,2.827470302581787,-3.30354905128479,-24.576860427856445,-0.20471689105033875,0.9597212672233582,0.0029612183570861816,89,12,33,0.010574258863925934,0.528169014084507,0.3,116,134,wall,both,1,1,1,1,1,1,0.0,4,4,0,alpha,full,huber,-0.5010001790450919,4.400642176102278,1.8359367050710844,0.38608563310352934,4.031165077352735,2.080728358318647,0.5446773961473464,4.070664058941762,2.052602618657936,207.56219812884382,0.010574258863925934,250,4.036195755004883,0.7432741576718621,1.0,disabled,single,3,row_5,row_6,-0.20471689105033875,-0.5326194763183594,0.5524505189046373,0.3980036935706486,0.8433758613988528,0.32790258526802063,0.38867451709413936,0,51,0,disabled,0,0.0,50.0,alpha
1052,0.29001131653785706,-0.03475477918982506,0.0,-0.01986193098127842,0.2958734631538391,0.010002315044403076,0,0,0,0.00799383781850338,0.5,0.3,0,0,wall,both,1,1,1,1,1,1,0.0,0,0,0,alpha,full,huber,-0.4429656205591429,7.712174752743023,1.8894578633802777,-1.0046691535064622,6.853981660973071,2.03104495603688,-0.9813631298359499,6.890240879409471,2.0289337069428273,206.34720341399347,0.00799383781850338,250,2.2288894653320312,1.0,1.0,disabled,single,3,row_5,row_6,-0.01986193098127842,-1.0649813413619995,0.6546395415378405,0.23020388102590458,0.8643792388881992,1.045119410380721,0.4038085821091182,0,51,0,disabled,0,0.0,50.0,alpha
1056,0.7360421419143677,-0.22386696934700012,0.0,-0.0581699013710022,0.5113896727561951,0.0036533474922180176,0,0,0,0.0066481768153607845,0.5,0.3,0,0,wall,both,1,1,1,1,1,1,0.0,0,0,0,alpha,full,huber,-0.7752231272336341,8.345296592732495,1.833407132269988,-1.4322923508622487,7.712662604774701,1.973513325352369,-1.3974575558108118,7.683422077051027,1.995235000264021,201.658922335431,0.0066481768153607845,250,1.6022093892097473,1.0,1.0,disabled,single,3,row_5,row_6,-0.0581699013710022,-0.8702393174171448,0.6314273757239421,0.2803148725934054,0.8610741484456329,0.8120694160461426,0.40160244524636246,0,51,0,disabled,0,0.0,50.0,alpha
1060,0.19292810559272766,-0.015380683355033398,0.0,-0.034640125930309296,0.3947724997997284,0.0013850927352905273,0,0,0,0.008377171121537685,0.5,0.3,0,0,wall,both,1,1,1,1,1,1,0.0,0,0,0,alpha,full,huber,-0.6054916147074201,8.05888995417564,1.695263315510223,-1.3733751900479207,8.460365849549897,1.9129350787344015,-1.5164006190709844,8.403253457579437,1.9479624693593909,197.4113164351302,0.008377171121537685,250,1.416898250579834,1.0,1.0,disabled,single,3,row_5,row_6,-0.034640125930309296,-0.9728265404701233,0.6452746794045408,0.25251980244004985,0.8633229700800353,0.938186414539814,0.4034390673665704,0,51,0,disabled,0,0.0,50.0,alpha
1064,0.6819797158241272,-0.192188560962677,0.0,-0.5804137587547302,1.6154203414916992,0.011139154434204102,0,0,0,0.006856687366962433,0.5,0.3,0,0,wall,both,1,1,1,1,1,1,0.0,0,0,0,alpha,full,huber,-1.1066293540784917,9.852339102931397,1.5985037161344362,-1.5319311144154786,9.45395047697107,1.5593525810025675,-1.6906872822295071,9.399546654380444,1.5813888876473037,205.96707680004994,0.006856686435639858,250,1.4010776281356812,1.0,1.0,disabled,single,3,row_5,row_6,-0.5804137587547302,-1.3126429319381714,0.6174467362536555,0.2968905743909521,0.8687532512545036,0.7322291731834412,-0.09825128747526923,0,51,0,disabled,0,0.0,50.0,alpha
1068,0.9460352063179016,-0.369827538728714,-31.93593406677246,-1.0114772319793701,2.101733684539795,0.08552968502044678,50,0,41,0.014544501900672913,0.6224066390041494,0.3,91,91,wall,both,1,1,1,1,1,1,0.0,1,1,0,alpha,full,huber,-1.5958603153747084,10.102722138626099,1.3313023962312105,-1.5080901293576634,10.539559261767256,1.3215771629498856,-1.5954727332129028,10.518756572284339,1.3277978055225717,181.07772928652443,0.014544501900672913,250,0.9874407351016998,1.0,1.0,disabled,single,3,row_5,row_6,-1.0114772319793701,-1.2592941522598267,0.5357421592074947,0.4181482684311665,0.8408163283845578,0.24781692028045654,-0.3873749520734925,0,51,0,disabled,0,0.0,50.0,alpha
1072,2.421826124191284,-2.4236538410186768,-41.109195709228516,-1.73932945728302,2.0520849227905273,0.44369733333587646,42,0,51,0.02786119095981121,0.6172839506172839,0.3,93,93,wall,both,1,1,1,1,1,1,0.0,1,1,0,alpha,full,huber,0.013676095060870141,10.497388134572146,0.7670352804327587,-0.9043640919159912,10.880761605817078,1.0249339117172238,-1.170069236599735,10.900571187876974,1.0730710414073004,134.09042847777386,0.02786119095981121,250,3.644280195236206,0.823207832350979,1.0,disabled,single,3,row_5,row_4,-1.73932945728302,-2.3788578510284424,0.606336211036355,0.31986730635910504,0.860309378861286,0.6395283937454224,-1.2390088142138855,0,51,0,disabled,0,0.0,50.0,alpha
1076,2.1712048053741455,-1.9479877948760986,-43.25186538696289,-3.2517714500427246,2.3825106620788574,0.6983107328414917,11,0,60,0.022248582914471626,0.6787330316742082,0.3,71,71,wall,both,1,1,1,1,1,1,0.0,2,2,0,alpha,full,huber,0.7605813479934374,10.914151386674618,-0.11716543721172945,-0.0551825542396147,11.214420695504295,0.1871180864708476,-0.4215482666246445,11.322259288813171,0.2931463251649955,114.2622206678069,0.022248582914471626,250,3.6284945011138916,0.8267891818711718,1.0,disabled,single,3,row_4,row_5,-3.2517714500427246,-3.6285252571105957,0.5698720461685037,0.39098064135360844,0.8144865066844833,0.3767538070678711,-2.6894280262835517,1,52,0,disabled,0,0.0,50.0,alpha
1080,0.165879487991333,-0.011370250023901463,-44.40272903442383,-1.4276150465011597,2.1031651496887207,0.3300626873970032,9,0,61,0.01229942124336958,0.6818181818181818,0.3,70,70,wall,both,1,1,1,1,1,1,0.0,4,4,0,alpha,full,huber,1.344534961396802,10.928960020688415,-0.5448258871593779,0.7541220351297389,11.164792228937273,-0.4625913510117865,0.4336140877262228,11.298599759169477,-0.38234002051587224,134.84656372344247,0.01229942124336958,250,1.2734879851341248,1.0,1.0,disabled,single,3,row_4,row_5,-1.4276150465011597,-2.402050018310547,0.6590646547580877,0.24873465067045944,0.840654683927264,0.9744349718093872,-1.0106814076158286,0,52,0,disabled,0,0.0,50.0,alpha
1084,0.403704971075058,-0.06734616309404373,-47.71967697143555,-2.5269010066986084,3.139214277267456,0.287330687046051,3,0,61,0.014606384560465813,0.7009345794392523,0.3,52,64,wall,both,1,1,1,1,1,1,0.0,5,5,0,alpha,full,huber,0.42510010141834487,11.603118335163266,-0.6039975176341557,0.9758902850956772,11.090261035214358,-0.8562284789987546,0.8969416999670625,11.117631801032992,-0.8621340410206328,139.41612951655176,0.014606386423110962,218,1.3773000836372375,1.0,1.0,disabled,single,3,row_4,row_5,-2.5269010066986084,-2.654052972793579,0.5156799615902131,0.45410769223964575,0.8057291680901739,0.1271519660949707,-1.8646320712998334,0,52,1,disabled,0,0.0,50.0,alpha
1088,1.4489858150482178,-0.8675866723060608,-42.22966003417969,-0.27300596237182617,0.7438177466392517,0.19174009561538696,30,10,81,0.05443135276436806,0.5535055350553506,0.3,95,121,wall,both,1,1,1,1,1,1,0.0,14,14,0,alpha,full,huber,1.7065708841773324,9.574759901535396,-2.011103399374266,1.6602716780717484,9.94568052015234,-2.0369396867047262,1.6653682087172021,10.066394046187504,-1.9625221062439555,60.23101595573677,0.054431356489658356,117,2.11749005317688,1.0,1.0,disabled,single,3,row_4,row_5,-0.27300596237182617,-1.2869157791137695,0.6517848340820777,0.23646605846850235,0.864860924281595,1.0139098167419434,0.15503481822520415,0,52,0,disabled,0,0.0,50.0,alpha
1092,1.7155400514602661,-1.216147780418396,-40.967227935791016,-0.11649063229560852,0.40391743183135986,0.14020568132400513,44,9,89,0.014099588617682457,0.5136986301369862,0.3,104,142,wall,both,1,1,1,1,1,1,0.0,18,18,0,alpha,full,huber,1.8014049905701481,8.796041442943276,-1.9174274348968101,1.545962148434889,9.130281684716172,-1.6870527997467197,1.44881505271194,9.186271004705153,-1.7007961340805273,113.50443995678346,0.014099586755037308,153,2.2056589126586914,1.0,1.0,disabled,single,3,row_4,row_5,-0.11649063229560852,-1.057398796081543,0.6436134356390057,0.25118510234255165,0.8675422087503832,0.9409081637859344,0.3241663560263985,0,52,0,disabled,0,0.0,50.0,alpha
1096,21.92300033569336,-50.635536193847656,-35.36415481567383,-0.2127435952425003,0.9783830046653748,0.0024785399436950684,69,2,69,0.03021111525595188,0.5172413793103449,0.3,97,140,wall,both,1,1,1,1,1,1,0.0,15,15,0,alpha,full,huber,1.2649583153752277,8.543070092161019,-1.4519190162189033,1.4786330423582625,8.517846562254007,-1.6513702427025534,1.438836596813315,8.616871224441068,-1.659804188932688,59.47598387061223,0.03021111525595188,80,21.99301242828369,0.13640696151937365,1.0,disabled,single,3,row_4,row_5,-0.2127435952425003,-0.5213838219642639,0.5493061823318635,0.40343515500631777,0.8395420471649571,0.3086402267217636,0.38635568852655644,0,52,0,disabled,0,0.0,50.0,alpha
1100,0.3270877003669739,-0.04420924186706543,-35.14861297607422,-0.18442688882350922,0.9109912514686584,0.0009327530860900879,72,5,57,0.04880703613162041,0.528169014084507,0.3,105,134,wall,both,1,1,1,1,1,1,0.0,13,13,0,alpha,full,huber,1.410832763600771,8.139833065850947,-1.4246921119443448,1.4664471717056335,8.067066131411263,-1.541842854543573,1.4345908125504578,8.09674194586924,-1.593826799779967,53.17270176287246,0.04880703613162041,80,0.5353851914405823,1.0,1.0,disabled,single,3,row_4,row_5,-0.18442688882350922,-0.5719322562217712,0.5641275373799672,0.38290043273824587,0.846157096985558,0.387505367398262,0.38804803411780286,0,52,0,disabled,0,0.0,50.0,alpha
1104,0.7264001369476318,-0.21804015338420868,-36.973358154296875,-0.0928008034825325,0.6186507940292358,0.043574512004852295,76,13,42,0.02329675294458866,0.5338078291814947,0.3,97,131,wall,both,1,1,1,1,1,1,0.0,17,17,0,alpha,full,huber,1.8427702587566466,7.371210696806403,-1.1020898559037322,1.557933933382654,7.346196875749011,-1.442879659659807,1.4943258958082166,7.332138682622747,-1.5410402877704463,73.53730129310928,0.02329675480723381,92,1.0181685090065002,1.0,1.0,disabled,single,3,row_4,row_5,-0.0928008034825325,-0.8105210661888123,0.6192880929743646,0.3021278639899164,0.8582570368222673,0.7177202627062798,0.38638389432791714,0,52,0,disabled,0,0.0,50.0,alpha
1108,0.945464015007019,-0.3693810701370239,-34.98051834106445,-0.0745595321059227,0.4917653501033783,0.07141858339309692,78,4,31,0.04387859255075455,0.5703422053231939,0.3,77,113,wall,both,1,1,1,1,1,1,0.0,14,14,0,alpha,full,huber,2.0716826047407375,6.79503793391301,-1.0291562697525567,1.760019331357172,6.942912745577331,-1.3016134476620336,1.6456234687305458,6.944497682589674,-1.4261026637005152,52.73727560105346,0.04387859255075455,80,1.480739951133728,1.0,1.0,disabled,single,3,row_4,row_5,-0.07238934934139252,-0.9295509457588196,0.6377372640557696,0.27063330602223196,0.8595823954173547,0.8571615964174271,0.3774395429385436,0,52,0,disabled,0,0.0,50.0,alpha
1112,0.8311712741851807,-0.28547343611717224,-39.170894622802734,-0.08970138430595398,0.5557224154472351,0.07185333967208862,66,6,55,0.03596416860818863,0.5415162454873647,0.3,93,127,wall,both,1,1,1,1,1,1,0.0,10,10,0,alpha,full,huber,2.108313342280891,6.172125979172395,-1.0279865286583507,2.0706549047483795,5.878466262721654,-1.3233857586567346,1.9612091476150897,5.796672741031353,-1.3894475252966747,54.659281103118076,0.03596417233347893,80,1.3774112462997437,1.0,1.0,disabled,single,3,row_4,row_5,-0.08970138430595398,-0.8532055020332336,0.6256004271341166,0.291548902781209,0.8591390780054703,0.7635041177272797,0.37934202268617717,0,52,0,disabled,0,0.0,50.0,alpha
1116,1.4201229810714722,-0.8333675265312195,-42.49515914916992,-0.08405636250972748,0.04657517373561859,0.14309334754943848,78,10,50,0.019903119653463364,0.5208333333333334,0.3,103,138,wall,both,1,1,1,1,1,1,0.0,12,12,0,alpha,full,huber,2.62088379762036,6.192285505029894,-0.8678228202077554,2.361973647383942,5.57422373443462,-1.2276797825020886,2.218536724136922,5.473047263521274,-1.313173488955674,95.22266805449436,0.019903119653463364,112,2.298796534538269,1.0,1.0,disabled,single,3,row_4,row_5,-0.08405636250972748,-1.3970621824264526,0.665244371590797,0.1789575504357006,0.8687286360272163,1.3130058199167252,0.3235444672429658,0,52,0,disabled,0,0.0,50.0,alpha
1120,1.4265508651733398,-0.8409286737442017,-39.33040237426758,-0.0253498163074255,0.22844892740249634,0.05804574489593506,96,0,34,0.013507182709872723,0.5357142857142857,0.3,98,130,wall,both,1,1,1,1,1,1,0.0,13,13,0,alpha,full,huber,2.698355569796157,4.723144966867501,-1.038392793429482,2.525154767153283,5.390744639598438,-1.2192227441964838,2.39467004001559,5.399340498547376,-1.2666183598546803,180.56717141853088,0.013507182709872723,229,2.3004038333892822,1.0,1.0,disabled,single,3,row_4,row_5,-0.0253498163074255,-1.1325474977493286,0.6576801989248177,0.21735264178175753,0.8672177662245484,1.1071976814419031,0.39368666936643215,0,52,0,disabled,0,0.0,50.0,alpha
1124,2.262371063232422,-2.1150095462799072,-29.1657657623291,-0.22053024172782898,0.9218459725379944,0.08810800313949585,109,14,14,0.02716962993144989,0.5226480836236934,0.3,95,137,wall,both,1,1,1,1,1,1,0.0,13,13,0,alpha,full,huber,3.734253970238465,5.427547717976694,-0.9578589669884479,2.872782098546402,4.96588215804311,-1.152041363524373,2.730349217816365,4.929294818454392,-1.214144281274154,170.09177996700978,0.02716962993144989,235,3.3890576362609863,0.8852018236284059,1.0,disabled,single,3,row_4,row_3,-0.22053024172782898,-0.5958170294761658,0.5616118087649875,0.38587909373990076,0.846197067563133,0.3752867877483368,0.35641415776058805,0,52,0,disabled,0,0.0,50.0,alpha
1128,1.8394252061843872,-1.3981343507766724,-30.650968551635742,-0.3083694875240326,0.8366433382034302,0.19349658489227295,118,0,17,0.03416310250759125,0.5263157894736842,0.3,99,135,wall,both,1,1,1,1,1,1,0.0,13,13,0,alpha,full,huber,4.526474479625911,5.312964846409876,-0.7486894521996308,3.459612968132119,4.523772009313214,-1.0430244363458885,3.2384805521113,4.418977408020231,-1.13403749108938,140.35423795008586,0.03416310250759125,250,3.3993051052093506,0.8825333140595631,1.0,disabled,single,3,row_3,row_4,-0.3083694875240326,-0.7781977653503418,0.5812137004228062,0.3633222662539388,0.8436421476974132,0.4698282778263092,0.23426728739217073,1,53,0,disabled,0,0.0,50.0,alpha
1132,0.985325276851654,-0.4011842608451843,-30.920879364013672,-0.38816115260124207,0.6058379411697388,0.27407336235046387,114,1,14,0.010537630878388882,0.5376344086021506,0.3,87,129,wall,both,1,1,1,1,1,1,0.0,12,12,0,alpha,full,huber,4.852225297099882,4.839948942309517,-0.622856173719744,3.9807494443187883,4.332850002939997,-1.012318397920247,3.7204673981107907,4.213649567607497,-1.0776045157935972,181.1656090967692,0.010537630878388882,250,2.0745264291763306,1.0,1.0,disabled,single,3,row_3,row_4,-0.38816115260124207,-1.1123313903808594,0.6162261851408559,0.2987012296926723,0.8689047520513085,0.7241702377796173,0.09598004657258119,0,53,0,disabled,0,0.0,50.0,alpha
1136,0.3202255666255951,-0.04237372428178787,-29.443483352661133,-0.3322692811489105,0.43785935640335083,0.2663978934288025,92,16,13,0.008119548670947552,0.5535055350553506,0.3,96,121,wall,both,1,1,1,1,1,1,0.0,11,11,0,alpha,full,huber,5.183168237204506,3.9754439539594535,-0.6450117409446907,4.623877323382912,3.9235679021304453,-0.941961862436744,4.363982122122593,3.7812848981465774,-1.0152587298106246,198.71436497386145,0.008119548670947552,250,1.2237961888313293,1.0,1.0,disabled,single,3,row_3,row_4,-0.3244686722755432,-1.1806175708770752,0.6281812120196709,0.26684815277313734,0.8811963575223798,0.856148898601532,0.14045792769069265,0,53,0,disabled,0,0.0,50.0,alpha
1140,1.5038657188415527,-0.9345505237579346,-37.28156280517578,-0.12289991974830627,0.6706473231315613,0.07498747110366821,99,0,25,0.010647864080965519,0.5474452554744526,0.3,96,124,wall,both,1,1,1,1,1,1,0.0,13,13,0,alpha,full,huber,5.1291470007709155,3.006533041515391,-1.0072730457098182,4.899942102904287,3.5272813469459736,-0.9452789266281669,4.7463454775449385,3.5004870010102547,-0.982687539104655,196.25407032933103,0.010647864080965519,250,2.164828658103943,1.0,1.0,disabled,single,3,row_3,row_4,-0.11969997733831406,-0.7850564122200012,0.6101485367016088,0.3136714170324676,0.861256566708927,0.6653564348816872,0.3743528713289358,0,53,0,disabled,0,0.0,50.0,alpha
1144,0.96238112449646,-0.38271796703338623,-26.325674057006836,-0.3149399161338806,0.846167802810669,0.19539207220077515,104,10,14,0.010276243090629578,0.539568345323741,0.3,112,128,wall,both,1,1,1,1,1,1,0.0,14,14,0,alpha,full,huber,5.083609298517715,2.250884631085362,-0.7612195033883147,4.912009288451217,2.9477877632505898,-1.0296066206935233,4.9271053173602475,3.062066235854014,-1.0092782151389117,192.6994066158803,0.010276243090629578,250,2.0569136142730713,1.0,1.0,disabled,single,3,row_3,row_4,-0.3149399161338806,-0.7533067464828491,0.572567053489905,0.369356765906142,0.8524392170993501,0.4383668303489685,0.2426855102785076,0,53,0,disabled,0,0.0,50.0,alpha
1148,0.2873349189758301,-0.034116264432668686,-33.469669342041016,-0.11694356799125671,0.7231958508491516,0.01326894760131836,87,13,42,0.008029536344110966,0.5136986301369862,0.3,116,142,wall,both,1,1,1,1,1,1,0.0,17,17,0,alpha,full,huber,5.308042571494121,1.6836889201887684,-1.2339155341908032,5.259125187836517,1.9983719040161194,-1.095348104273686,5.328911702099853,2.1285886842001873,-1.059931456039772,196.37266996967966,0.008029536344110966,250,0.8918874859809875,1.0,1.0,disabled,single,3,row_3,row_4,-0.11694356799125671,-0.7015348672866821,0.6008494455415822,0.3348735832830345,0.8488432862076195,0.5845912992954254,0.39246731442407456,0,53,0,disabled,0,0.0,50.0,alpha
1152,0.6106943488121033,-0.15411056578159332,-37.03630828857422,-0.06168825179338455,0.5060775279998779,0.03419959545135498,85,15,43,0.008346974849700928,0.5119453924914675,0.3,103,143,wall,both,1,1,1,1,1,1,0.0,15,15,0,alpha,full,huber,5.663821297840745,0.9893644995817363,-1.1157725023915672,5.623743640589185,1.3373273607726097,-1.0794002006833026,5.633699974355908,1.4389220840693224,-1.0726387519315033,200.80921479819827,0.008346974849700928,250,0.9961680471897125,1.0,1.0,disabled,single,3,row_3,row_4,-0.06168825179338455,-0.8984249830245972,0.6359426004061667,0.2754404842437995,0.8577630774064079,0.8367367312312126,0.3909587188551909,0,53,0,disabled,0,0.0,50.0,alpha
1156,0.7200279235839844,-0.2142314910888672,-40.5627555847168,-0.06722155213356018,0.10788269340991974,0.12583965063095093,104,4,21,0.010057710111141205,0.5376344086021506,0.3,89,129,wall,both,1,1,1,1,1,1,0.0,13,13,0,alpha,full,huber,6.154549353717207,0.5537252486744167,-0.8709635503430189,5.909626225433898,0.8740607237027711,-1.0332087073649883,5.8813270910558515,0.9519926686882397,-1.0558799445816427,201.8141916077258,0.010057710111141205,246,1.254683017730713,1.0,1.0,disabled,single,3,row_3,row_4,-0.06722155213356018,-1.3647234439849854,0.667981508184421,0.18250153773703534,0.8640954359165811,1.2975018918514252,0.33627323605374576,0,53,0,disabled,0,0.0,50.0,alpha
1160,0.14209319651126862,-0.008343172259628773,-42.811912536621094,-0.046846356242895126,0.006848083343356848,0.10712051391601562,129,0,38,0.007990149781107903,0.47318611987381703,0.3,120,167,wall,both,1,1,1,1,1,1,0.0,10,10,0,alpha,full,huber,6.298700634234262,0.32858960772050505,-0.933092205093391,6.380558298413211,0.2937163937738553,-1.012392307845412,6.327882837097082,0.2860009865946962,-1.039071506714789,206.32757987189026,0.007990149781107903,246,0.5124692618846893,1.0,1.0,disabled,single,3,row_3,row_2,-0.04196520149707794,-1.4267733097076416,0.6687067012474195,0.16742532686568484,0.8647066671130152,1.3848081082105637,0.3604445271691938,0,53,0,disabled,0,0.0,50.0,alpha
1164,0.6346741318702698,-0.16645093262195587,-24.660978317260742,-0.3286048471927643,1.2160260677337646,0.0003604888916015625,101,0,37,0.018612241372466087,0.5208333333333334,0.3,120,138,wall,both,1,1,1,1,1,1,0.0,6,6,0,alpha,full,huber,5.445152616153643,-2.1258438896713034,-1.3847904805816795,6.973966790262572,-1.1451708842091983,-1.1283812453693265,7.052026454266251,-1.1280981153126393,-1.0970113387314857,155.6689023596865,0.018612241372466087,185,2.516589403152466,1.0,1.0,disabled,single,3,row_4,row_3,-0.3286048471927643,-0.3618059456348419,0.49202379309306654,0.4759562683641127,0.812514335270583,0.03320109844207764,0.3806233565211119,1,54,0,disabled,0,0.0,50.0,alpha
1168,0.5139027237892151,-0.10913059115409851,-31.796977996826172,-0.08478080481290817,0.607077419757843,0.026574015617370605,107,4,30,0.008522958494722843,0.5154639175257733,0.3,112,141,wall,both,1,1,1,1,1,1,0.0,6,6,0,alpha,full,huber,7.222417107628415,-1.359378145343059,-1.150638117187247,7.059600373462182,-1.448162244933342,-1.1806862156154188,7.121230859560208,-1.4309796751105748,-1.1401918844766992,208.85625747535983,0.008522958494722843,250,0.8658016324043274,1.0,1.0,disabled,single,3,row_3,row_2,-0.08478080481290817,-0.8448389172554016,0.6265075916371552,0.2929795406241117,0.8554676468475294,0.7600581124424934,0.3828135823691638,1,55,0,disabled,0,0.0,50.0,alpha
1172,0.4780488908290863,-0.09443418681621552,-35.795291900634766,-0.10573360323905945,0.5291355848312378,0.10325276851654053,121,0,24,0.007812882773578167,0.5084745762711864,0.3,120,145,wall,both,1,1,1,1,1,1,0.0,6,6,0,alpha,full,huber,6.3050101200255835,-2.716017460285273,-1.8519705507609219,7.1423947918005775,-2.323085944083365,-1.276327062480929,7.284910476929635,-2.2526243576425466,-1.2208960129773834,208.64559168311757,0.007812882773578167,250,1.0192116498947144,1.0,1.0,disabled,single,3,row_3,row_4,-0.10573360323905945,-0.9022408723831177,0.6299041810817209,0.2840244838410076,0.8597307658358954,0.7965072691440582,0.3564539614459695,0,55,0,disabled,0,0.0,50.0,alpha
1176,0.9910551905632019,-0.40586379170417786,-33.163394927978516,-0.20030011236667633,0.9425503611564636,0.026552200317382812,98,8,26,0.008590202778577805,0.5319148936170213,0.3,100,132,wall,both,1,1,1,1,1,1,0.0,5,5,0,alpha,full,huber,6.119350795559245,-4.0407130228407375,-1.6411357660798804,7.178171339325177,-3.216802597600252,-1.3499270323679817,7.350191015409244,-3.122691607346189,-1.2909574582615404,201.47189465093186,0.008590202778577805,250,1.2380898594856262,1.0,1.0,disabled,single,3,row_3,row_4,-0.20030011236667633,-0.543961763381958,0.5570893627830874,0.39507041384772956,0.83824116409492,0.3436616510152817,0.3847295036803564,0,55,0,disabled,0,0.0,50.0,alpha
1180,0.1221998929977417,-0.006170584354549646,-31.838659286499023,-0.20310132205486298,0.9548494219779968,0.010990262031555176,99,9,38,0.009507437236607075,0.5067567567567568,0.3,120,146,wall,both,1,1,1,1,1,1,0.0,2,2,0,alpha,full,huber,6.121978930849043,-4.133835805408236,-1.5585732511906765,6.741266663784896,-3.863253471468982,-1.4634018849800041,7.080779371370413,-3.757910636710167,-1.348263893117133,198.02824618335646,0.009507437236607075,250,1.1145353317260742,1.0,1.0,disabled,single,3,row_3,row_4,-0.20310132205486298,-0.5296216011047363,0.5537411329754224,0.3994853243532054,0.8370932088686336,0.32652027904987335,0.3879566483816005,0,55,0,disabled,0,0.0,50.0,alpha
1184,0.6607750654220581,-0.18042302131652832,-34.900146484375,-0.1755370795726776,0.646611213684082,0.1422780156135559,92,9,47,0.009913655929267406,0.5033557046979865,0.3,120,148,wall,both,1,1,1,1,1,1,0.0,2,2,0,alpha,full,huber,5.27305198053547,-4.458950988222661,-1.9173599439648605,6.42810214401428,-4.4767679747055835,-1.5893571992131534,6.779207904608807,-4.406954646454572,-1.4774577882811712,193.9447348303724,0.009913655929267406,250,2.17132830619812,1.0,1.0,disabled,single,3,row_4,row_3,-0.1755370795726776,-0.8210014700889587,0.6075593863890321,0.31861565569333433,0.8595651947415998,0.6454643905162811,0.3227682735996087,1,56,0,disabled,0,0.0,50.0,alpha
1188,1.6129363775253296,-1.0750263929367065,0.0,-0.03560790419578552,0.14536626636981964,0.08702558279037476,0,0,0,0.008255583234131336,0.5,0.3,0,0,wall,both,1,1,1,1,1,1,0.0,0,0,0,alpha,full,huber,4.637778557970323,-5.335866578840733,-1.79766684057269,6.145936434859435,-5.622320744576047,-1.6359666192856799,6.481343707785623,-5.6141819684834005,-1.5451887434196325,218.05647712829986,0.008255583234131336,250,3.019868016242981,0.9934208991465465,1.0,disabled,single,3,row_4,row_5,-0.03560790419578552,-1.275338053703308,0.6614245440475588,0.1914574823305195,0.8718569985116338,1.2397301495075226,0.3777514656929007,0,56,0,disabled,0,0.0,50.0,alpha
1192,0.43670642375946045,-0.0788068175315857,0.0,-0.037022583186626434,0.40816861391067505,2.5033950805664062e-05,0,0,0,0.00838248711079359,0.5,0.3,0,0,wall,both,1,1,1,1,1,1,0.0,0,0,0,alpha,full,huber,5.590850533532974,-7.3597452832597465,-1.4005649235289626,5.964723081748507,-6.398974923524577,-1.6048621328074943,6.204612465462208,-6.3351262294343735,-1.5787452662703307,206.87903279533364,0.00838248711079359,250,1.8157994747161865,1.0,1.0,disabled,single,3,row_4,row_3,-0.037022583186626434,-0.959266722202301,0.6422201749152405,0.25536325412422534,0.8663561548061469,0.9222441390156746,0.4058014993186295,0,56,0,disabled,0,0.0,50.0,alpha
1196,0.22243674099445343,-0.02044549770653248,0.0,-0.015273800119757652,0.2514791190624237,0.017289280891418457,0,0,0,0.007734056096524,0.5,0.3,0,0,wall,both,1,1,1,1,1,1,0.0,0,0,0,alpha,full,huber,5.262175671653591,-7.848525740258274,-1.5797137051263404,5.796511542400136,-6.939006000083703,-1.5654427241910893,5.978761368976881,-6.84282558742353,-1.5658468014898446,209.63890083571482,0.007734056096524,250,1.4930647015571594,1.0,1.0,disabled,single,3,row_4,row_3,-0.015273800119757652,-1.394327998161316,0.665742410002939,0.16764499622575166,0.8688410047386745,1.3790541980415583,0.39157865490484084,0,56,0,disabled,0,0.0,50.0,alpha
1200,0.656941294670105,-0.17833548784255981,0.0,-0.0027731468435376883,0.051945317536592484,0.023076236248016357,0,0,0,0.0077434866689145565,0.5,0.3,0,0,wall,both,1,1,1,1,1,1,0.0,0,0,0,alpha,full,huber,5.102039116326268,-6.675729177968819,-1.59196193838063,5.581176743964022,-7.55390048651395,-1.5973628359857526,5.761689362153122,-7.557083908667239,-1.572436237559719,210.30289244216917,0.0077434866689145565,250,2.157398819923401,1.0,1.0,disabled,single,3,row_4,row_3,-0.0027731468435376883,-1.3035413026809692,0.6688984833083227,0.18215612496743738,0.8627896686432834,1.3007681558374316,0.39934982745839426,0,56,0,disabled,0,0.0,50.0,alpha
1204,1.7171399593353271,-1.2184171676635742,0.0,-0.19909349083900452,0.9433724284172058,0.018027424812316895,0,0,0,0.010111299343407154,0.5,0.3,0,0,wall,both,1,1,1,1,1,1,0.0,0,0,0,alpha,full,huber,6.9593222086573245,-7.796407019222519,-1.560292437814022,5.738199082851233,-8.162878927869134,-1.5349201572135138,5.748195555970338,-8.240382934069357,-1.545718671102924,190.25815943629132,0.010111299343407154,250,2.7910826206207275,1.0,1.0,disabled,single,3,row_3,row_4,-0.19909349083900452,-0.6820667386054993,0.584684101685253,0.3607187094840714,0.8403558721297739,0.48297324776649475,0.3375900838814545,1,57,0,disabled,0,0.0,50.0,alpha
1208,0.19912385940551758,-0.01638442650437355,0.0,-0.09462952613830566,0.6484513282775879,0.01705688238143921,0,0,0,0.009313930757343769,0.5,0.3,0,0,wall,both,1,1,1,1,1,1,0.0,0,0,0,alpha,full,huber,5.3272869296022005,-8.240124734180828,-1.5784540555542654,5.36931973108551,-8.49833834238232,-1.4815909295964265,5.544949597787722,-8.5870091603731,-1.4589127026274853,181.15607864688306,0.009313930757343769,250,1.0973163843154907,1.0,1.0,disabled,single,3,row_4,row_3,-0.09462952613830566,-1.4755611419677734,0.6657320187087767,0.16732793999950138,0.8688567359963262,1.3809316158294678,0.31223853758885345,1,58,0,disabled,0,0.0,50.0,alpha
1212,1.0356096029281616,-0.4431765377521515,0.0,-0.31812572479248047,1.0815812349319458,0.11937636137008667,0,0,0,0.008989988826215267,0.5,0.3,0,0,wall,both,1,1,1,1,1,1,0.0,0,0,0,alpha,full,huber,4.882348928784444,-8.628453993725344,-0.8998720187117972,5.148379730671087,-9.151593936066465,-1.0033269415437405,5.371925626951897,-9.29885096916211,-0.9587778793125188,198.8319298412844,0.008989988826215267,250,1.7437151074409485,1.0,1.0,disabled,single,3,row_4,row_5,-0.31812572479248047,-1.1028558015823364,0.6243462243564563,0.28485349185732844,0.8696501400863643,0.784730076789856,0.152924492965669,0,58,0,disabled,0,0.0,50.0,alpha
1216,1.913143277168274,-1.512445092201233,0.0,-0.9914268255233765,1.3331998586654663,0.3822680115699768,0,0,0,0.009915821254253387,0.5,0.3,0,0,wall,both,1,1,1,1,1,1,0.0,0,0,0,alpha,full,huber,4.987016746624379,-8.913515798480486,-0.48855052016715206,5.328863900916395,-9.452317613899709,-0.6252421079608526,5.480658175096848,-9.571904583763025,-0.5998994670431745,199.97415379540703,0.009915821254253387,250,2.620763897895813,1.0,1.0,disabled,single,3,row_4,row_5,-0.9914268255233765,-1.6553404331207275,0.5964419039542417,0.30706769688912344,0.8964008199386805,0.6639136075973511,-0.4746533884562919,0,58,0,disabled,0,0.0,50.0,alpha
1220,0.5869288444519043,-0.14234936237335205,-38.67987060546875,-3.8593225479125977,1.6818467378616333,0.8896808624267578,45,0,32,0.025729950517416,0.6607929515418502,0.3,77,77,wall,both,1,1,1,1,1,1,0.0,1,1,0,alpha,full,huber,7.792505047813647,-8.859306463219193,0.09012729022261068,6.0772705014348904,-9.528738038163985,-0.018985147011824282,5.989723842843437,-9.671916394970033,-0.10637507048115236,150.3921915447386,0.025729950517416,250,2.562179684638977,1.0,1.0,disabled,single,3,row_3,row_4,-3.8593225479125977,-5.22518253326416,0.6725656435686584,0.17161262088243753,0.8589260664798457,1.3658599853515625,-3.4626669868972972,1,59,0,disabled,0,0.0,50.0,alpha
1224,0.5794769525527954,-0.13875766098499298,-42.895057678222656,-2.1321771144866943,1.8236703872680664,0.5842204093933105,62,10,46,0.02184784598648548,0.5597014925373135,0.3,99,118,wall,both,1,1,1,1,1,1,0.0,2,2,0,alpha,full,huber,8.488937981243005,-8.813449260287614,0.6294711835876283,6.8075057768840725,-9.244319167764907,0.8461690647992149,6.707581717062076,-9.46536276716843,0.7168325934123159,157.16653187849266,0.02184784598648548,250,1.8520519733428955,1.0,1.0,disabled,single,3,row_3,row_2,-2.1321771144866943,-3.0864720344543457,0.6493184627808288,0.2500418675505617,0.858075932567566,0.9542949199676514,-1.7003451295151328,0,59,0,disabled,0,0.0,50.0,alpha
1228,0.10378146916627884,-0.004450658801943064,-44.8820686340332,-0.7668838500976562,1.8171077966690063,0.09009706974029541,20,7,101,0.012137062847614288,0.539568345323741,0.3,101,128,wall,both,1,1,1,1,1,1,0.0,3,3,0,alpha,full,huber,7.241466656335384,-8.946258354761481,1.34372140118088,7.061509411433332,-8.888474915280035,1.1723613858294708,6.989859225338148,-9.071717790361925,1.0401373729158605,161.1147275420874,0.012137062847614288,250,1.0413108468055725,1.0,1.0,disabled,single,3,row_3,row_4,-0.7668838500976562,-1.3375273942947388,0.5996253901005907,0.3388852539637793,0.8448712327760004,0.5706435441970825,-0.2554336815117956,0,59,0,disabled,0,0.0,50.0,alpha
1232,0.7784529328346252,-0.25040867924690247,-39.22583770751953,-0.7067548036575317,1.2076075077056885,0.3061988353729248,63,6,54,0.01103081926703453,0.5494505494505495,0.3,98,123,wall,both,1,1,1,1,1,1,0.0,10,10,0,alpha,full,huber,8.544525615042675,-8.019396723714229,0.967425297796658,7.2989227448817395,-8.222025731357887,1.5727095050631967,7.258631207377323,-8.436039133109308,1.4621233057088654,183.23601710621836,0.011030820198357105,250,1.3109870553016663,1.0,1.0,disabled,single,3,row_3,row_2,-0.7067548036575317,-1.3874571323394775,0.6154137518697195,0.31156016953050153,0.8531936969026607,0.6807023286819458,-0.2212943335433012,0,59,0,disabled,0,0.0,50.0,alpha
1236,0.5947014093399048,-0.1461445391178131,-39.137264251708984,-0.21154963970184326,0.9756869673728943,0.0006718635559082031,38,0,79,0.00892592128366232,0.5617977528089888,0.3,104,117,wall,both,1,1,1,1,1,1,0.0,8,8,0,alpha,full,huber,7.376839616753915,-8.11065158150829,1.8081261633281986,7.432977708620875,-7.933333318367053,1.8012775702218793,7.373284082447444,-7.987582021694367,1.770991837703173,198.11875960271533,0.00892592128366232,250,1.0153331756591797,1.0,1.0,disabled,single,3,row_3,row_4,-0.21154963970184326,-1.0921803712844849,0.6429946768545619,0.26653503916646654,0.8537604111216789,0.8806307315826416,0.23006919368571066,0,59,0,disabled,0,0.0,50.0,alpha
1240,1.482530117034912,-0.9082213044166565,-31.290388107299805,-0.3301594853401184,1.2188470363616943,0.0026558637619018555,101,0,59,0.01477145403623581,0.48387096774193555,0.3,114,160,wall,both,1,1,1,1,1,1,0.0,11,11,0,alpha,full,huber,6.363892502744423,-6.85158909075668,1.844365575706287,7.112072270999125,-6.762469718313219,2.220835059417118,7.103639294182781,-6.692923257715043,2.2623552224823458,167.57923581111555,0.01477145403623581,250,1.588311791419983,1.0,1.0,disabled,single,3,row_3,row_4,-0.3301594853401184,-0.35217049717903137,0.49051855958572793,0.4798397070794721,0.8060369186909492,0.022011011838912964,0.3821326772571777,0,59,0,disabled,0,0.0,50.0,alpha
1244,1.1561800241470337,-0.5523769855499268,-26.70210075378418,-0.17781731486320496,0.8939511179924011,0.00748598575592041,121,3,27,0.09569508582353592,0.4983388704318937,0.3,120,151,wall,both,1,1,1,1,1,1,0.0,11,11,0,alpha,full,huber,8.230298235223117,-5.439957086243481,1.6519711082143829,6.968539121852531,-5.819729049425786,1.9841768238963051,6.710532214637459,-5.827621414667094,2.1106828643208706,67.4664077026859,0.09569509327411652,250,2.9001063108444214,1.0,1.0,disabled,single,3,row_3,row_2,-0.17781731486320496,-0.602728545665741,0.5710892922447547,0.37339406830146715,0.8482707051208651,0.424911230802536,0.38239238797644326,0,59,0,disabled,0,0.0,50.0,alpha
1248,1.794115424156189,-1.3301033973693848,-26.637035369873047,-0.33806681632995605,1.2327191829681396,0.009632289409637451,117,16,15,0.03243674710392952,0.5033557046979865,0.3,96,148,wall,both,1,1,1,1,1,1,0.0,12,12,0,alpha,full,huber,8.128481757486277,-2.6497267662911423,1.881640320294233,6.531346683504277,-3.0762510444505837,1.947934415039966,5.951252927470387,-3.2118241350924603,2.069529031584339,76.29908778024351,0.03243674710392952,127,2.2451114654541016,1.0,1.0,disabled,single,3,row_2,row_3,-0.33806681632995605,-0.36296525597572327,0.4905499029405123,0.47848677550124014,0.8096849421432787,0.024898439645767212,0.37416144990130196,1,60,0,disabled,0,0.0,50.0,alpha
1252,0.5144569277763367,-0.10936608910560608,-15.070748329162598,-0.21878556907176971,0.988178014755249,0.02092111110687256,91,0,13,0.010832780040800571,0.5905511811023622,0.3,89,104,wall,both,1,1,1,1,1,1,0.0,9,9,0,alpha,full,huber,4.8671896979964515,-0.3854594294046665,1.9307851669470413,5.320010588336352,-0.47967191812685434,2.0071203740288808,4.990283551593159,-0.5822204722674691,2.0680496959738015,183.37752455355061,0.010832780040800571,250,1.7545257806777954,1.0,1.0,disabled,single,3,row_4,row_3,-0.21878556907176971,-0.5275115370750427,0.5494780184805006,0.4035267588142284,0.838923323392206,0.308725968003273,0.38000093963206316,1,61,0,disabled,0,0.0,50.0,alpha
1256,0.7467709183692932,-0.23044082522392273,-15.624650001525879,-0.1946576088666916,0.9340172410011292,0.01394355297088623,108,1,15,0.010824610479176044,0.5474452554744526,0.3,107,124,wall,both,1,1,1,1,1,1,0.0,13,13,0,alpha,full,huber,4.738855036250127,0.08083788984525064,1.9141188889703145,5.122906058875525,0.10729142612775272,1.9634946090646748,4.938152564121589,0.02745848209119347,2.0305410729133495,184.00144699802664,0.010824611410498619,250,1.3779414892196655,1.0,1.0,disabled,single,3,row_4,row_3,-0.1946576088666916,-0.5599591135978699,0.5608340086233647,0.389211723616267,0.8413151870297473,0.3653015047311783,0.3836726931821317,0,61,0,disabled,0,0.0,50.0,alpha
1260,1.0395128726959229,-0.4465235769748688,-33.4691047668457,-0.06254743784666061,0.12334724515676498,0.12039840221405029,93,21,23,0.010236831381917,0.5226480836236934,0.3,94,137,wall,both,1,1,1,1,1,1,0.0,10,10,0,alpha,full,huber,6.34360834415046,0.7921561701030337,2.259309106439761,5.069676615225209,0.9692599328854254,1.8477694259520923,4.8103779589230165,0.9496107531966196,1.858201615827502,200.85515721294342,0.010236831381917,250,1.940626323223114,1.0,1.0,disabled,single,3,row_3,row_2,-0.06254743784666061,-1.3242876529693604,0.6688939459758771,0.18940456942338807,0.8610160643355376,1.2617402151226997,0.33958231976835684,1,62,0,disabled,0,0.0,50.0,alpha
1264,1.014697790145874,-0.4254593551158905,-19.58100700378418,-0.18000410497188568,0.8996675610542297,0.0057947635650634766,94,8,11,0.00920817069709301,0.5703422053231939,0.3,71,113,wall,both,1,1,1,1,1,1,0.0,13,13,0,alpha,full,huber,4.374862864996653,1.8838976808485475,1.6583983769373027,4.995049326480002,1.7511176964700108,1.743910468249985,4.815987025897005,1.7150799393204337,1.7784574843225451,204.95008616913995,0.00920817069709301,250,1.1127314567565918,1.0,1.0,disabled,single,3,row_4,row_3,-0.18000410497188568,-0.5744321942329407,0.5658892846786556,0.3814464064387889,0.8448593270797093,0.394428089261055,0.3893527250496033,1,63,0,disabled,0,0.0,50.0,alpha
1268,1.8420289754867554,-1.4020953178405762,-23.4932918548584,-0.16292648017406464,0.8562004566192627,0.002213776111602783,87,23,16,0.010948157869279385,0.5434782608695653,0.3,83,126,wall,both,1,1,1,1,1,1,0.0,5,5,0,alpha,full,huber,4.248157544364489,2.300394308117548,1.6995525653328682,4.557210294468918,2.2876781464114946,1.7453036169620286,4.6226917293922085,2.2719094841727143,1.7657400798045977,186.19215122164744,0.010948157869279385,250,2.253304123878479,1.0,1.0,disabled,single,3,row_4,row_3,-0.16292648017406464,-0.6127081513404846,0.5758669724456037,0.3672691699172341,0.8487216914035165,0.44978167116642,0.3889521154006529,0,63,0,disabled,0,0.0,50.0,alpha
1272,1.5589097738265991,-1.0042147636413574,-17.400339126586914,-0.16830991208553314,0.8697953820228577,0.0068051815032958984,118,0,19,0.013184349983930588,0.5226480836236934,0.3,119,137,wall,both,1,1,1,1,1,1,0.0,6,6,0,alpha,full,huber,6.573306445689252,3.6575153703181,1.6426101103937096,4.681032733305724,3.059606363119083,1.7153878111884968,4.587088891134943,3.0479633412955067,1.7302237378704444,199.24129600296507,0.013184349983930588,250,2.3966546058654785,1.0,1.0,disabled,single,3,row_3,row_2,-0.16830991208553314,-0.5900498032569885,0.57154991132138,0.3748822295627761,0.8443229436176201,0.4217398911714554,0.3910935535794432,1,64,0,disabled,0,0.0,50.0,alpha
1276,0.1424008160829544,-0.008379335515201092,-18.405038833618164,-0.25099241733551025,1.0624407529830933,0.006108880043029785,103,4,19,0.015174198895692825,0.5434782608695653,0.3,115,126,wall,both,1,1,1,1,1,1,0.0,7,7,0,alpha,full,huber,6.661998836289451,4.228707147141744,1.6388017797347496,4.963205276038861,3.651870402764116,1.650354157329642,4.75218310588727,3.639887545593399,1.682991408973873,183.0415199734686,0.015174198895692825,250,2.389984965324402,1.0,1.0,disabled,single,3,row_3,row_2,-0.25099241733551025,-0.48080208897590637,0.5341664244467006,0.42449395910272525,0.8303840224856566,0.22980967164039612,0.3760554149739288,0,64,0,disabled,0,0.0,50.0,alpha
1280,0.6823853850364685,-0.19241727888584137,-19.452117919921875,-0.24422131478786469,1.0478613376617432,0.007313847541809082,122,3,14,0.014247857965528965,0.5190311418685121,0.3,120,139,wall,both,1,1,1,1,1,1,0.0,5,5,0,alpha,full,huber,6.579598556704262,4.6031021139169255,1.6283730158696361,5.305487872615359,4.33988030392816,1.6459884359649188,5.023005127164012,4.322177678380486,1.6649179886196137,184.16290192755898,0.014247857965528965,250,2.6558917760849,1.0,1.0,disabled,single,3,row_3,row_2,-0.24422131478786469,-0.4641655385494232,0.5320561577983302,0.427008884490011,0.8299129048996085,0.21994422376155853,0.38678492065237136,0,64,0,disabled,0,0.0,50.0,alpha
1284,1.1765401363372803,-0.5720027685165405,-19.51934814453125,-0.3120633065700531,1.184251070022583,0.00999361276626587,116,8,14,0.01183544285595417,0.5208333333333334,0.3,101,138,wall,both,1,1,1,1,1,1,0.0,5,5,0,alpha,full,huber,6.626155046629952,5.094329925632657,1.6188267815820403,5.644692018706362,4.682098401429146,1.6082053741804652,5.353948853241024,4.63648996435889,1.635468098637423,191.2139947641004,0.01183544285595417,250,2.4696980714797974,1.0,1.0,disabled,single,3,row_3,row_2,-0.3120633065700531,-0.3826123774051666,0.5007018222820463,0.46659502064665626,0.8138942093828948,0.07054907083511353,0.37968121361397145,0,64,0,disabled,0,0.0,50.0,alpha
1288,1.2633723020553589,-0.6595494151115417,-25.80286407470703,-0.2988131046295166,1.1593929529190063,0.005042374134063721,113,21,13,0.010275052860379219,0.5050505050505051,0.3,114,147,wall,both,1,1,1,1,1,1,0.0,6,6,0,alpha,full,huber,6.746304789085804,5.295443163658024,1.6399874590952734,6.422533479631988,5.139185631552657,1.5449099297337303,5.9322554244675,5.058350441110917,1.586388612337525,157.36247039395056,0.010275052860379219,250,1.826088547706604,1.0,1.0,disabled,single,3,row_2,row_3,-0.2988131046295166,-0.3993177115917206,0.5066210541711106,0.45817842821165244,0.8199103340130358,0.10050460696220398,0.3811788778951529,1,65,0,disabled,0,0.0,50.0,alpha
1292,0.5005033016204834,-0.10351385921239853,-21.028249740600586,-0.2349461168050766,1.0280835628509521,0.004052877426147461,113,7,15,0.011993722058832645,0.5263157894736842,0.3,110,135,wall,both,1,1,1,1,1,1,0.0,5,5,0,alpha,full,huber,6.49536797323478,4.947175628616758,1.6702585988430547,6.414693846704328,5.446228587331436,1.6564630098992925,6.194742642503936,5.454702319028856,1.6412206210885811,180.02083749812982,0.011993723921477795,250,1.0096446871757507,1.0,1.0,disabled,single,3,row_3,row_2,-0.2349461168050766,-0.477308988571167,0.536898965727332,0.42134292856909605,0.8307099389990806,0.2423628717660904,0.3869992311289878,1,66,0,disabled,0,0.0,50.0,alpha
1296,0.7031053304672241,-0.2042797952890396,-28.202768325805664,-0.29065006971359253,1.1405128240585327,0.01973825693130493,121,5,23,0.015466146171092987,0.5016722408026756,0.3,120,149,wall,both,1,1,1,1,1,1,0.0,5,5,0,alpha,full,huber,6.754178794765186,5.361299964010336,1.5414375432725675,6.455382236006944,5.695748652511545,1.6652738124028061,6.326734078523251,5.748323837265248,1.6503418038779536,138.02662117586274,0.015466146171092987,185,1.290100336074829,1.0,1.0,disabled,single,3,row_2,row_3,-0.29065006971359253,-0.41351354122161865,0.511429821634153,0.45230055491846943,0.8220938789793568,0.12286347150802612,0.37989483439604665,1,67,0,disabled,0,0.0,50.0,alpha
1300,0.896331787109375,-0.3319878876209259,-24.624277114868164,-0.20333591103553772,0.9558640122413635,0.008527159690856934,117,17,10,0.028209183365106583,0.5102040816326531,0.3,120,144,wall,both,1,1,1,1,1,1,0.0,3,3,0,alpha,full,huber,6.849146429339285,5.900524904080012,1.6097674231657857,6.5341689773126355,6.226051571748113,1.6158605220594666,6.419924079761289,6.27325235067341,1.6288747517276736,81.86232003449192,0.028209183365106583,112,1.421887755393982,1.0,1.0,disabled,single,3,row_2,row_3,-0.20333591103553772,-0.5379509329795837,0.5548716647771903,0.3970736700815607,0.8394460604604168,0.334615021944046,0.38568251557470845,0,67,0,disabled,0,0.0,50.0,alpha
1304,0.46619781851768494,-0.0898100882768631,-27.438175201416016,-0.17508740723133087,0.8876234889030457,0.000985562801361084,112,0,13,0.028910165652632713,0.5454545454545454,0.3,120,125,wall,both,1,1,1,1,1,1,0.0,1,1,0,alpha,full,huber,6.831643258275024,6.42354231524265,1.6823600867386457,6.674542167627195,6.558640432720871,1.6217066203193669,6.5482100696368395,6.632369000175883,1.6238014735862594,56.91191045981757,0.028910165652632713,80,0.8427464067935944,1.0,1.0,disabled,single,3,row_2,row_3,-0.17508740723133087,-0.5917097330093384,0.5704746484189914,0.37609674283119227,0.8445023321817728,0.4166223257780075,0.3861991409137161,0,67,0,disabled,0,0.0,50.0,alpha
1308,0.27420181035995483,-0.03106885775923729,-37.346561431884766,-0.1827545464038849,0.9063738584518433,0.0069290995597839355,111,9,12,0.05013861879706383,0.5319148936170213,0.3,120,132,wall,both,1,1,1,1,1,1,0.0,1,1,0,alpha,full,huber,6.633073157060034,7.5656614110498746,1.8445501711688834,6.684165623247801,7.818238456365694,1.810387952092897,6.590590569367609,7.895192823758393,1.8124323156398061,52.1354840573875,0.05013861879706383,80,0.6796895563602448,1.0,1.0,disabled,single,3,row_2,row_3,-0.1827545464038849,-0.5873963236808777,0.5674461966529497,0.3786090566552625,0.8467523857554508,0.4046417772769928,0.3838547953772251,0,67,0,disabled,0,0.0,50.0,alpha
1312,0.7280675172805786,-0.21904227137565613,0.0,-0.07961846143007278,0.5372853875160217,0.061560869216918945,0,0,0,0.02843475341796875,0.5,0.3,0,0,wall,both,1,1,1,1,1,1,0.0,0,0,0,alpha,full,huber,4.9734569275642695,9.82848201566879,2.0922503021360583,5.843008495074774,10.045507338161901,1.97681906371976,5.920131381189444,10.129955949044934,1.9432079058769336,66.9001971133087,0.0284347552806139,80,1.7860004901885986,1.0,1.0,disabled,single,3,row_3,row_2,-0.07961846143007278,-1.077876091003418,0.6538874498760531,0.24097124525633365,0.8575308281636896,0.9982576295733452,0.34520157589565215,1,68,0,disabled,0,0.0,50.0,alpha
1316,8.230607986450195,-16.687458038330078,-31.91170883178711,-0.5990017056465149,1.6357753276824951,0.032788753509521484,41,0,41,0.03457317501306534,0.646551724137931,0.3,82,82,wall,both,1,1,1,1,1,1,0.0,2,2,0,alpha,full,huber,6.4507433319603775,11.314870363398063,1.4442050752859625,5.91762828215133,11.062739385106983,1.878198278473449,5.751495306835859,11.071154234719248,1.9294062344280167,69.30726173663804,0.03457317128777504,107,9.288901329040527,0.3229660746444679,1.0,disabled,single,3,row_2,row_3,-0.5990017056465149,-1.5462226867675781,0.6483526956849774,0.2514423781654277,0.8585963331746782,0.9472209811210632,-0.16568125841260423,1,69,0,disabled,0,0.0,50.0,alpha
1320,0.48351332545280457,-0.09660542756319046,-42.79500198364258,-1.3713937997817993,2.4842028617858887,0.000688016414642334,20,0,47,0.020038343966007233,0.6912442396313364,0.3,67,67,wall,both,1,1,1,1,1,1,0.0,2,2,0,alpha,full,huber,4.812390086649448,11.89300487767043,1.7766355749228318,5.165856572401532,12.027441333081535,1.6072493473588283,5.239579441862666,12.10353191901366,1.5993647987839879,87.43826096717183,0.020038343966007233,117,1.3328133821487427,1.0,1.0,disabled,single,3,row_3,row_2,-1.3713937997817993,-2.155683994293213,0.6303144087712738,0.2877029608419739,0.8544000358698844,0.7842901945114136,-0.9098572772371507,1,70,0,disabled,0,0.0,50.0,alpha
1324,0.5072038173675537,-0.10630401223897934,-40.5897331237793,-1.521101474761963,2.6162593364715576,0.0027959346771240234,21,0,55,0.024796009063720703,0.663716814159292,0.3,76,76,wall,both,1,1,1,1,1,1,0.0,1,1,0,alpha,full,huber,3.148870499762995,11.572339459755243,1.8143338475083448,4.427076678704994,12.808854362054209,1.133879119998686,4.778823656848502,12.97715164371485,1.0494878343955616,106.87605705695219,0.024796009063720703,224,2.2922120094299316,1.0,1.0,disabled,single,3,row_3,row_4,-1.521101474761963,-1.68563711643219,0.5222261439318499,0.44299792157074686,0.8167576024354908,0.16453564167022705,-0.8714469157702928,0,70,1,disabled,0,0.0,50.0,alpha
1328,0.5704783201217651,-0.13448160886764526,-47.610145568847656,-4.005720138549805,3.0459725856781006,0.6901221871376038,15,0,85,0.025869622826576233,0.6000000000000001,0.3,100,100,wall,both,1,1,1,1,1,1,0.0,1,1,0,alpha,full,huber,4.868985954123966,12.452087199514436,0.48380592552480906,4.471195835998994,12.955237173022066,0.8501152738446771,4.688786389039164,13.10293248764592,0.8346681658070798,96.1914316400498,0.025869622826576233,250,1.5179105997085571,1.0,1.0,disabled,single,3,row_3,row_2,-4.005720138549805,-4.422104835510254,0.5688509264961332,0.375115399541691,0.8501965005316037,0.4163846969604492,-3.4415832672698894,0,70,1,disabled,0,0.0,50.0,alpha
1332,0.0547766275703907,-0.00123986741527915,0.0,-2.5568361282348633,3.1955952644348145,0.2654194235801697,0,0,0,0.009830009192228317,0.5,0.3,0,0,wall,both,1,1,1,1,1,1,0.0,0,0,0,alpha,full,huber,5.0748292781423325,12.579972597266606,-0.6563069586582908,4.848211856734261,13.10873455458377,0.3068875374543383,4.8983891908508,13.240689662906655,0.36841609635692407,198.79198514476585,0.009830009192228317,250,0.952461838722229,1.0,1.0,disabled,single,3,row_3,row_2,-2.5568361282348633,-2.978984832763672,0.5733561967469659,0.37591327074185227,0.8379599074934501,0.4221487045288086,-2.0005880076440405,0,70,1,disabled,0,0.0,50.0,alpha
1336,1.093030333518982,-0.49368399381637573,0.0,-2.091078758239746,3.057548761367798,0.0577467679977417,0,0,0,0.008272383362054825,0.5,0.3,0,0,wall,both,1,1,1,1,1,1,0.0,0,0,0,alpha,full,huber,5.362272397175344,12.384026907580122,-1.0605546197551452,5.267116487328154,13.052867024961923,-0.2526700742949298,5.263054960144197,13.199874207876858,-0.1447912765102375,204.4006437235914,0.008272383362054825,250,2.155203104019165,1.0,1.0,disabled,single,3,row_3,row_2,-2.091078758239746,-2.174144744873047,0.5036209603950006,0.46347754433181143,0.8141959169897631,0.08306598663330078,-1.4051474016796184,0,70,1,disabled,0,0.0,50.0,alpha
1340,1.1332118511199951,-0.530648410320282,-47.97901916503906,-3.2910573482513428,3.7221927642822266,0.22802752256393433,3,0,62,0.028693687170743942,0.6976744186046512,0.3,51,65,wall,both,1,1,1,1,1,1,0.0,3,3,0,alpha,full,huber,5.311511811933373,13.074747561507442,-0.7131970053746359,6.134360783131434,12.692301123772827,-1.0505533326242897,6.292841742329458,12.840429692904701,-1.0157741368620044,143.89462582718227,0.028693687170743942,250,2.502579092979431,1.0,1.0,disabled,single,3,row_3,row_2,-3.2910573482513428,-3.3437063694000244,0.4973450708015262,0.47183770045033757,0.809022169864404,0.05264902114868164,-2.5925861618936663,0,70,1,disabled,0,0.0,50.0,alpha
1344,0.0353693850338459,-0.0005169393843971193,-45.27417755126953,-0.7322250008583069,1.8092509508132935,0.03431147336959839,12,4,86,0.013979820534586906,0.5952380952380952,0.3,67,102,wall,both,1,1,1,1,1,1,0.0,11,11,0,alpha,full,huber,6.8223471659786,11.61596250320547,-1.703316401046938,6.707880583474205,11.614560443014943,-1.8178717480268256,6.69033979714599,11.893271455018322,-1.7331268308521912,105.57984816921913,0.013979821465909481,250,0.7140266001224518,1.0,1.0,disabled,single,3,row_2,row_1,-0.7322250008583069,-2.1377079486846924,0.6725531517369527,0.16494270918835327,0.8593155504223136,1.4054829478263855,-0.3355508662690591,1,71,0,disabled,0,0.0,50.0,alpha
1348,0.7782267332077026,-0.25026315450668335,-41.8077507019043,-0.19399218261241913,0.8991713523864746,0.059238970279693604,33,11,93,0.07800140231847763,0.5226480836236934,0.3,99,137,wall,both,1,1,1,1,1,1,0.0,10,10,0,alpha,full,huber,6.5874132118005875,10.536900349241488,-1.7865301773225117,6.601805517088705,10.891969999800644,-1.922101412520008,6.6114315252610965,11.158064419881896,-1.924434530472334,51.449255765633026,0.07800140976905823,175,1.4463763236999512,1.0,1.0,disabled,single,3,row_2,row_3,-0.19399218261241913,-1.1528592109680176,0.6498210645729022,0.2490939193179182,0.8579986263812454,0.9588670283555984,0.23706605665043912,0,71,0,disabled,0,0.0,50.0,alpha
1352,1.2710695266723633,-0.6676106452941895,-37.073890686035156,-0.09760729968547821,0.6358166933059692,0.04363393783569336,59,6,96,0.053818169981241226,0.48231511254019294,0.3,120,161,wall,both,1,1,1,1,1,1,0.0,13,13,0,alpha,full,huber,6.553926351347016,10.05313941901729,-1.73709778409419,6.48446722322918,10.339444465194102,-1.8510302677479817,6.470935705050806,10.516399582068994,-1.8885402466579146,47.374206057190044,0.053818169981241226,80,1.628312885761261,1.0,1.0,disabled,single,3,row_2,row_3,-0.09760729968547821,-0.925742506980896,0.6354365317919125,0.2775988280915299,0.8562886269637049,0.8281352072954178,0.35583576494980096,0,71,0,disabled,0,0.0,50.0,alpha
1356,0.29304951429367065,-0.03548678383231163,-36.112083435058594,-0.1265164017677307,0.7504408359527588,0.01831686496734619,85,2,75,0.036077357828617096,0.4807692307692307,0.3,120,162,wall,both,1,1,1,1,1,1,0.0,13,13,0,alpha,full,huber,6.416287774898716,9.674557898074335,-1.6322944291943515,6.367254252304516,9.811252654923685,-1.709856011088545,6.350053284989876,9.934406225891617,-1.7753923723861498,54.05591880023579,0.036077357828617096,80,0.5419569909572601,1.0,1.0,disabled,single,3,row_2,row_3,-0.1265164017677307,-0.7265895009040833,0.6025200074827888,0.33064582027869155,0.8520081553545606,0.6000730991363525,0.38011800496063775,0,71,0,disabled,0,0.0,50.0,alpha
1360,0.8305720686912537,-0.2850619852542877,-33.357269287109375,-0.08587239682674408,0.6203386187553406,0.009350121021270752,102,0,64,0.0556720532476902,0.4746835443037975,0.3,120,166,wall,both,1,1,1,1,1,1,0.0,9,9,0,alpha,full,huber,6.61238800667461,9.178988114742983,-1.5774569473721607,6.423275273955509,9.226117056239609,-1.5242680355853717,6.336752788037064,9.286665318314377,-1.584451040955978,40.91897869655918,0.0556720532476902,80,1.1388041973114014,1.0,1.0,disabled,single,3,row_2,row_3,-0.08587239682674408,-0.8157007098197937,0.6202188753913549,0.29894037164679854,0.8605783951111876,0.7298283129930496,0.3918104415900916,0,71,0,disabled,0,0.0,50.0,alpha
1364,1.434982180595398,-0.850898265838623,-45.58768081665039,-0.03898441046476364,0.19249585270881653,0.08679723739624023,85,0,50,0.029518593102693558,0.5263157894736842,0.3,120,135,wall,both,1,1,1,1,1,1,0.0,8,8,0,alpha,full,huber,7.128806331703137,8.720431368288422,-0.9517376893608431,6.537904194684568,8.775517133204971,-1.4550317840954925,6.444597139948258,8.80130043766809,-1.5120345582705672,59.99231017388996,0.029518596827983856,80,2.122753620147705,1.0,1.0,disabled,single,3,row_2,row_3,-0.03898441046476364,-1.2443618774414062,0.6630176223097738,0.19862608800158013,0.8671731928595351,1.2053774669766426,0.37196929903199283,0,71,0,disabled,0,0.0,50.0,alpha
1368,1.0376348495483398,-0.4449115991592407,-28.970029830932617,-0.23431043326854706,1.0261200666427612,0.00896000862121582,131,23,30,0.062261082231998444,0.44910179640718567,0.3,120,184,wall,both,1,1,1,1,1,1,0.0,10,10,0,alpha,full,huber,6.48942727075937,7.67555663271802,-1.505424430137564,6.65817724151856,8.01930517504914,-1.4702846902304887,6.581233291181831,8.045395468124367,-1.5346394311367122,51.93174922398524,0.06226108595728874,80,1.1472528576850891,1.0,1.0,disabled,single,3,row_2,row_3,-0.23431043326854706,-0.5043306946754456,0.5415334658975117,0.41338716747286586,0.8370397373730833,0.2700202614068985,0.3790399789707515,0,71,0,disabled,0,0.0,50.0,alpha
1372,0.39794278144836426,-0.06543737649917603,-38.543212890625,-0.15179967880249023,0.7826712727546692,0.06196492910385132,115,30,41,0.027996590360999107,0.4464285714285714,0.3,120,186,wall,both,1,1,1,1,1,1,0.0,9,9,0,alpha,full,huber,6.684474385108867,7.93948756574908,-1.7253386333278873,6.709177590405908,7.687361938882836,-1.4989299990178422,6.657973828119147,7.672344767433001,-1.530072545801983,64.70882426825122,0.027996594086289406,83,0.7697471380233765,1.0,1.0,disabled,single,3,row_2,row_3,-0.15179967880249023,-0.6943118572235107,0.591681696898537,0.3439363591221841,0.8541840079136057,0.5425121784210205,0.3729867840521015,0,71,0,disabled,0,0.0,50.0,alpha
1376,0.5024869441986084,-0.10433600842952728,-36.747886657714844,-0.04828215390443802,0.4554772973060608,0.02311074733734131,125,10,24,0.043692756444215775,0.4854368932038835,0.3,120,159,wall,both,1,1,1,1,1,1,0.0,9,9,0,alpha,full,huber,8.037540204222868,7.401056728209497,-1.1994235662662764,6.983731049657249,7.2025438711341625,-1.3579502905328589,6.846638379928983,7.180851440453042,-1.4494949639508377,64.06209117058968,0.043692752718925476,80,1.7787641286849976,1.0,1.0,disabled,single,3,row_2,row_1,-0.04828215390443802,-0.912050724029541,0.6383407522912322,0.26910554551103216,0.8600568549113757,0.863768570125103,0.4006008898102485,0,71,0,disabled,0,0.0,50.0,alpha
1380,1.2961221933364868,-0.6941871047019958,-28.836593627929688,-0.3753546476364136,1.0249840021133423,0.186448335647583,100,0,31,0.03157990053296089,0.5338078291814947,0.3,120,131,wall,both,1,1,1,1,1,1,0.0,9,9,0,alpha,full,huber,8.790445628935375,6.299834851696757,-0.7805777131877667,7.508808547802152,6.083377535580267,-1.0128281777061083,7.279663843938139,6.012581496398539,-1.1206495731776922,64.03086658478485,0.03157990053296089,80,2.7913289070129395,1.0,1.0,disabled,single,3,row_2,row_1,-0.3753546476364136,-0.6290627717971802,0.5389075785581295,0.4181482203013774,0.8329322664516351,0.2537081241607666,0.2428565434913691,0,71,0,disabled,0,0.0,50.0,alpha
1384,0.9719556570053101,-0.3903709948062897,-26.003629684448242,-0.08079545944929123,0.5655112266540527,0.04882001876831055,120,5,20,0.021886324509978294,0.5084745762711864,0.3,120,145,wall,both,1,1,1,1,1,1,0.0,11,11,0,alpha,full,huber,8.465462976299795,5.475661971015643,-1.0873806938256543,8.08643514843307,5.466870479722444,-1.0606567493943801,7.8838975378111495,5.380285028280715,-1.1240552453891435,102.87644046102177,0.021886322647333145,138,1.6277071833610535,1.0,1.0,disabled,single,3,row_2,row_1,-0.08079545944929123,-0.8360604643821716,0.6235348623699704,0.29299034979153454,0.861492074072653,0.7552650049328804,0.3915551419903655,0,71,0,disabled,0,0.0,50.0,alpha
1388,1.1554694175720215,-0.5516982078552246,-22.867563247680664,-0.12925991415977478,0.7327864766120911,0.04932868480682373,142,4,10,0.020065568387508392,0.49019607843137253,0.3,103,156,wall,both,1,1,1,1,1,1,0.0,11,11,0,alpha,full,huber,8.909599747301584,4.16131944853232,-1.1954653884707882,8.703053970845131,4.27867552948109,-1.0996066633349688,8.58678303217125,4.247620414133491,-1.1098632797589967,146.61850550516127,0.020065568387508392,224,1.887908697128296,1.0,1.0,disabled,single,3,row_2,row_1,-0.127232164144516,-0.6916402578353882,0.5967468611352719,0.3393679481640038,0.8505497072710221,0.5644080936908722,0.3890301095650297,0,71,0,disabled,0,0.0,50.0,alpha
1392,0.8272513747215271,-0.28278711438179016,-21.946304321289062,-0.2229798287153244,1.0008482933044434,0.009654343128204346,117,24,22,0.010315182618796825,0.47923322683706066,0.3,120,163,wall,both,1,1,1,1,1,1,0.0,13,13,0,alpha,full,huber,9.572686990691508,1.9954183614883716,-1.2710116779492444,9.261604964654866,2.1390709814740716,-1.09047420368449,9.401539359247536,2.1946558595268266,-1.0255582641676737,184.26834075117645,0.0103151835501194,250,1.4652041792869568,1.0,1.0,disabled,single,3,row_2,row_1,-0.2229798287153244,-0.4673142433166504,0.5369267751696771,0.42053483234429234,0.8324988523235045,0.244334414601326,0.3989137241438181,0,71,0,disabled,0,0.0,50.0,alpha
1396,0.39531072974205017,-0.06457462161779404,-22.02511215209961,-0.26541855931282043,1.0924407243728638,0.007217288017272949,115,18,17,0.02408440038561821,0.5,0.3,90,150,wall,both,1,1,1,1,1,1,0.0,10,10,0,alpha,full,huber,9.809137567126726,1.1118499544594305,-1.241127210955782,10.023377027079302,1.1422623246744592,-1.0656832169385075,10.00949346215259,1.1774029966896993,-1.0197772087692867,146.43534882662385,0.02408440038561821,250,0.9590646326541901,1.0,1.0,disabled,single,3,row_2,row_1,-0.26541855931282043,-0.42241862416267395,0.5182615976412175,0.4429602623073775,0.8273570543038542,0.15700006484985352,0.39185659013548135,0,71,0,disabled,0,0.0,50.0,alpha
1400,0.6181765198707581,-0.15791000425815582,-34.651676177978516,-0.13019466400146484,0.7521008849143982,0.033179521560668945,101,23,28,0.007812755182385445,0.49668874172185423,0.3,120,152,wall,both,1,1,1,1,1,1,0.0,9,9,0,alpha,full,huber,10.589330957462472,0.38518253290882565,-1.1184965617913805,10.777430721514412,0.29241252705085696,-1.0660262417374196,10.693658611313888,0.26462711800741534,-1.0625626637934782,197.7180101706895,0.00781275611370802,250,0.8579623699188232,1.0,1.0,disabled,single,3,row_1,row_2,-0.13019466400146484,-0.64913409948349,0.6186826581018974,0.36820985621556673,0.7217630318458663,0.5189394354820251,0.349968142411646,1,72,0,disabled,0,0.0,50.0,alpha
1404,2.3203349113464355,-2.2247743606567383,-24.678701400756836,-0.3062748610973358,1.1739808320999146,0.0005615949630737305,167,0,13,0.01628437452018261,0.45454545454545453,0.3,120,180,wall,both,1,1,1,1,1,1,0.0,8,8,0,alpha,full,huber,10.401403396667934,-0.7168743857780884,-1.2850578536328903,10.681918802988609,-0.22995361547545348,-1.1913466862879134,10.781242988824975,-0.17621487047697473,-1.161624597179617,165.14280546365225,0.01628437452018261,250,2.893076181411743,1.0,1.0,disabled,single,3,row_1,row_2,-0.3062748610973358,-0.37346330285072327,0.5036749505787146,0.4709456426298702,0.7932997528198444,0.06718844175338745,0.3795492972042117,0,72,0,disabled,0,0.0,50.0,alpha
1408,0.5959053039550781,-0.14673683047294617,-19.557924270629883,-0.24323010444641113,1.0461997985839844,0.00027501583099365234,107,0,13,0.00854683481156826,0.5555555555555556,0.3,120,120,wall,both,1,1,1,1,1,1,0.0,2,2,0,alpha,full,huber,10.651483785599389,-1.5709759448090448,-1.3374512511230598,10.6763754742155,-1.1090022550642495,-1.2851508972560133,10.857320000263535,-0.9976882039128253,-1.2280049221072644,188.61616878058,0.00854683481156826,250,1.1180668473243713,1.0,1.0,disabled,single,3,row_1,row_2,-0.24323010444641113,-0.4567762613296509,0.5412922534775336,0.43720980631152695,0.7765128128949803,0.21354615688323975,0.3705658317948608,0,72,0,disabled,0,0.0,50.0,alpha
1412,0.7113683223724365,-0.20910945534706116,-36.84596633911133,-0.07125010341405869,0.5642988085746765,0.010925233364105225,110,11,27,0.014205054379999638,0.5033557046979865,0.3,120,148,wall,both,1,1,1,1,1,1,0.0,5,5,0,alpha,full,huber,10.887728312791399,-0.1590586258135096,-1.1706188456182058,10.948852840312904,-1.4691135667449489,-1.2638763827049464,10.9910659211031,-1.4906717140894647,-1.2487528028354604,199.6525788791012,0.014205052517354488,250,2.00422465801239,1.0,1.0,disabled,single,3,row_1,row_2,-0.07125010341405869,-0.7894455790519714,0.6661164970620527,0.3248193235217383,0.6785244676637626,0.7181954756379128,0.3350405998109059,0,72,0,disabled,0,0.0,50.0,alpha
1416,13.178303718566895,-28.9544734954834,-43.65438461303711,-0.11582395434379578,0.652855634689331,0.07191336154937744,88,0,56,0.011286964640021324,0.5102040816326531,0.3,120,144,wall,both,1,1,1,1,1,1,0.0,4,4,0,alpha,full,huber,12.499405682247374,-2.106229356886126,-0.9793500852819479,11.305924031324633,-2.1838314010364295,-1.2379288125007213,11.27096944412404,-2.1917918126924247,-1.2379756437315752,211.17605067151982,0.011286964640021324,250,14.460821151733398,0.20745709863373799,1.0,disabled,single,3,row_1,row_2,-0.11582395434379578,-2.2591941356658936,0.8943683573223742,0.10487273231248853,0.34178564914402093,2.143370181322098,-0.004186398472045272,0,72,0,disabled,0,0.0,50.0,alpha
1420,0.5591395497322083,-0.12918886542320251,-36.1170539855957,-0.37302881479263306,0.08177778869867325,0.3017084002494812,109,16,18,0.008226558566093445,0.5119453924914675,0.3,120,143,wall,both,1,1,1,1,1,1,0.0,6,6,0,alpha,full,huber,11.916650299753563,-2.9377446204554793,-0.6003300625718984,11.538208311156435,-2.8907425995290286,-1.205601559035199,11.516229308471178,-2.860519937076149,-1.2176255999911398,210.14836923526974,0.008226558566093445,250,1.2095795273780823,1.0,1.0,disabled,single,3,row_1,row_2,-0.32339948415756226,-1.6757054328918457,0.7919339616734891,0.2048282980880653,0.5280740822529694,1.3523059487342834,-0.0901222117880092,0,72,0,disabled,0,0.0,50.0,alpha
1424,0.2877595126628876,-0.03421716392040253,-33.99970626831055,-0.3413722515106201,0.3269138038158417,0.2789580225944519,111,15,19,0.007849757559597492,0.5084745762711864,0.3,120,145,wall,both,1,1,1,1,1,1,0.0,4,4,0,alpha,full,huber,11.748410481422331,-3.39984231175511,-0.6326270729918324,11.567538235028769,-3.160475981152148,-1.180353335276239,11.570974500736224,-3.0974529511287887,-1.1989565470954713,206.41506707402894,0.007849757559597492,250,0.8945542871952057,1.0,1.0,disabled,single,3,row_1,row_2,-0.3413722515106201,-1.3648004531860352,0.7317852379279963,0.2629749757548388,0.6072845913085465,1.023428201675415,-0.029104052633543098,0,72,0,disabled,0,0.0,50.0,alpha
1428,2.1675705909729004,-1.941472053527832,-40.72443389892578,-0.09033418446779251,0.618678867816925,0.03595173358917236,90,0,56,0.014133214950561523,0.5067567567567568,0.3,120,146,wall,both,1,1,1,1,1,1,0.0,8,8,0,alpha,full,huber,12.580119307967076,-2.6650469129509764,-1.1291603427392305,11.786355260678977,-3.4587299137859855,-1.127338178352194,11.767628480429103,-3.496663808140561,-1.1535369086378289,207.6660664578464,0.014133214950561523,250,3.401710271835327,0.8819093221544138,1.0,disabled,single,3,row_1,row_2,-0.08931178599596024,-2.209752082824707,0.8921664204259624,0.10704104813584413,0.3466452109023897,2.120440296828747,0.024790807823919764,0,72,0,disabled,0,0.0,50.0,alpha
1432,1.3269305229187012,-0.7275804281234741,-41.86781311035156,-0.2266002744436264,0.9534417986869812,0.07761621475219727,87,0,63,0.008611898869276047,0.5,0.3,120,150,wall,both,1,1,1,1,1,1,0.0,7,7,0,alpha,full,huber,13.122660352965505,-3.8273619371140812,-1.0015290451755905,12.106434288348794,-3.68040990655132,-1.0783227496967152,12.006049762355925,-3.715205167355826,-1.1143304948248747,223.2036075483125,0.008611898869276047,250,2.5032143592834473,1.0,1.0,disabled,single,3,row_1,row_2,-0.22649554908275604,-2.6898884773254395,0.9211922949832627,0.0784354407472829,0.2782125912598719,2.4633929282426834,-0.1444090739036838,0,72,0,disabled,0,0.0,50.0,alpha
1436,1.9687188863754272,-1.6015925407409668,-42.15152359008789,-0.1514916718006134,0.6740729212760925,0.11125332117080688,87,0,57,0.009797989390790462,0.5102040816326531,0.3,120,144,wall,both,1,1,1,1,1,1,0.0,3,3,0,alpha,full,huber,12.966551485148662,-4.508172441960389,-0.9053924344781752,12.550832517133893,-4.123250231238904,-1.0799590842381255,12.411148061680473,-4.154408009287661,-1.0919024398458768,205.48492991071467,0.009797989390790462,250,2.639321208000183,1.0,1.0,disabled,single,3,row_1,row_2,-0.1514916718006134,-2.2948520183563232,0.8944283591237567,0.10488079953634387,0.34131840619215037,2.14336034655571,-0.03992120214481264,0,72,0,disabled,0,0.0,50.0,alpha
1440,0.3027016818523407,-0.03786293789744377,-32.84189987182617,-0.2564173638820648,0.9115163683891296,0.13261383771896362,79,0,75,0.010988419875502586,0.49342105263157904,0.3,120,154,wall,both,1,1,1,1,1,1,0.0,5,5,0,alpha,full,huber,13.23961937022743,-4.671666006312593,-0.860714024259499,12.958252644252267,-4.460166124660558,-1.0212366205608745,12.787585832332766,-4.46804765128014,-1.0542923790136918,180.28729856408722,0.010988419875502586,250,0.9001548886299133,1.0,1.0,disabled,single,3,row_1,row_2,-0.2564173638820648,-2.6605610847473145,0.9167576934958678,0.08282247636125055,0.2892571846965562,2.4041437208652496,-0.16950528395781037,0,72,0,disabled,0,0.0,50.0,alpha
1444,0.9545958042144775,-0.3765508830547333,-36.80891418457031,-0.3669143617153168,1.0300991535186768,0.1792283058166504,63,0,80,0.012805158272385597,0.5119453924914675,0.3,120,143,wall,both,1,1,1,1,1,1,0.0,1,1,0,alpha,full,huber,13.539980187358656,-5.574020608697967,-0.7489285330610902,13.239238122154834,-4.973488162547239,-0.9810516303474819,13.130506925641116,-4.912455708322716,-1.0151714536622416,187.1808295634277,0.012805158272385597,250,1.7413265109062195,1.0,1.0,disabled,single,3,row_1,row_2,-0.3669143617153168,-2.880734920501709,0.9248056002076698,0.07487072762453632,0.2689589559660397,2.513820558786392,-0.28874263622083596,0,72,0,disabled,0,0.0,50.0,alpha
1448,0.7065234184265137,-0.20627079904079437,0.0,-0.8498886227607727,1.820713758468628,0.1665516495704651,0,0,0,0.008503485471010208,0.5,0.3,0,0,wall,both,1,1,1,1,1,1,0.0,0,0,0,alpha,full,huber,14.466579026751734,-6.495390826767254,-0.7714868698878456,14.007765852895329,-6.127664151162384,-0.9661072227742433,13.922975126669606,-6.0800796610914984,-0.9871607380003442,203.82698999326902,0.008503486402332783,250,1.488204002380371,1.0,1.0,disabled,single,3,row_1,row_2,-0.8498886227607727,-4.171655654907227,0.9651067499754651,0.03482974227402525,0.15182435710910303,3.321767032146454,-0.8143720607357218,0,72,0,disabled,0,0.0,50.0,alpha
1452,0.2398785948753357,-0.02377757802605629,0.0,-2.8476953506469727,3.41523814201355,0.2503066062927246,0,0,0,0.009427832439541817,0.5,0.3,0,0,wall,both,1,1,1,1,1,1,0.0,0,0,0,alpha,full,huber,15.476041559410847,-8.262201475995653,-0.6337665194863522,15.299906492825365,-7.941159648130935,-0.04877431295020888,15.221993916390023,-7.92397253709369,-0.06276303824839324,165.32250797362792,0.009427832439541817,207,0.820889949798584,1.0,1.0,disabled,single,3,row_1,row_2,-2.8476953506469727,-6.9353532791137695,0.9834852931877037,0.016501392242904162,0.0842538979507737,4.087657928466797,-2.831042755836342,0,72,1,disabled,0,0.0,50.0,alpha
1456,1.4899955987930298,-0.9173912405967712,0.0,-2.8400912284851074,3.407031536102295,0.25266313552856445,0,0,0,0.011798745952546597,0.5,0.3,0,0,wall,both,1,1,1,1,1,1,0.0,0,0,0,alpha,full,huber,15.418361259253881,-8.330330324939183,1.0578768961778655,16.535830915490248,-8.276400547137786,0.9531661292362388,16.666839112436932,-8.163197210692513,0.968007293450313,202.26240780742296,0.011798745952546597,250,2.913614273071289,1.0,1.0,disabled,single,3,row_1,row_2,-2.8400912284851074,-6.882542133331299,0.9827326518644494,0.017251277637149173,0.08733272505626684,4.042450904846191,-2.8226730610054767,0,72,1,disabled,0,0.0,50.0,alpha
1460,0.7857864499092102,-0.25514891743659973,-46.617095947265625,-2.532095432281494,3.374809741973877,0.016645491123199463,9,0,111,0.028009673580527306,0.5555555555555556,0.3,120,120,wall,both,1,1,1,1,1,1,0.0,2,2,0,alpha,full,huber,15.969785271513576,-6.961036116788266,1.9673404619420118,16.769896709043913,-7.18753155582443,1.9472893346587719,17.051969629192754,-7.149350361954861,1.9571577882970876,83.05455481004678,0.028009673580527306,250,2.2604589462280273,1.0,1.0,disabled,single,3,row_1,row_2,-2.532095432281494,-7.415513038635254,0.9924829952135646,0.007514182784954025,0.04427633078296774,4.88341760635376,-2.5245500324278454,0,72,1,disabled,0,0.0,50.0,alpha
1464,0.36445140838623047,-0.05488629266619682,-43.63956832885742,-1.8791074752807617,2.8679327964782715,0.1121324896812439,22,5,123,0.020763812586665154,0.5,0.3,116,150,wall,both,1,1,1,1,1,1,0.0,3,3,0,alpha,full,huber,15.450972218473408,-6.96802337009474,2.262735420432846,16.066879013109947,-6.45738600091652,2.441905007373886,16.359104386685186,-6.397426643329922,2.5296753759441213,96.41144729199407,0.020763812586665154,250,1.4316948652267456,1.0,1.0,disabled,single,3,row_1,row_2,-1.8791074752807617,-6.190736770629883,0.9867571127396646,0.013234070826267404,0.07049425968281153,4.311629295349121,-1.8657761190645652,0,72,1,disabled,0,0.0,50.0,alpha
1468,0.9069271087646484,-0.3398829698562622,-46.738548278808594,-1.365628719329834,2.2801342010498047,0.2269839644432068,14,5,115,0.02599221095442772,0.528169014084507,0.3,112,134,wall,both,1,1,1,1,1,1,0.0,7,7,0,alpha,full,huber,14.929843413610937,-6.45223403535127,2.471843050220066,15.400177100975835,-6.185891497726523,2.6661594521635172,15.55729778937247,-6.088517223860634,2.7370574343827894,110.94777305930812,0.025992214679718018,169,0.8784030675888062,1.0,1.0,disabled,single,3,row_1,row_2,-1.365628719329834,-5.1963300704956055,0.9787441253027152,0.021233261564070887,0.10306472408338811,3.8307013511657715,-1.3441436853897053,0,72,0,disabled,0,0.0,50.0,alpha
1472,1.0317596197128296,-0.43988755345344543,-41.710289001464844,-1.509953260421753,2.206627368927002,0.32378607988357544,25,13,72,0.013674084097146988,0.5769230769230769,0.3,75,110,wall,both,1,1,1,1,1,1,0.0,6,6,0,alpha,full,huber,14.681707860803058,-5.287491487924926,2.612813531737075,14.709233502846269,-5.669549365131282,2.4022980259708593,14.747969165674075,-5.7112753437353625,2.463784554266672,122.34050762791044,0.013674084097146988,153,1.4250272512435913,1.0,1.0,disabled,single,3,row_1,row_2,-1.509953260421753,-5.315973281860352,0.9782234727609628,0.0217522700510062,0.10506395276974807,3.8060200214385986,-1.487936125127926,0,72,0,disabled,0,0.0,50.0,alpha
1476,2.672081708908081,-2.9504218101501465,-29.15704917907715,-1.0119649171829224,2.117842197418213,0.06110769510269165,73,0,47,0.019830036908388138,0.5555555555555556,0.3,120,120,wall,both,1,1,1,1,1,1,0.0,1,1,0,alpha,full,huber,14.483975025934276,-4.755787047099607,2.111406002423342,14.513545682360304,-5.279702876885343,2.273710436743843,14.482237151803194,-5.363781395461377,2.3182005670628225,99.84286944471863,0.019830038771033287,127,3.212517023086548,0.9338471916072949,1.0,disabled,single,3,row_1,row_2,-1.0119649171829224,-4.756389141082764,0.9768675866887372,0.023102177760831774,0.11022245904763982,3.7444242238998413,-0.9885607505454148,0,72,0,disabled,0,0.0,50.0,alpha
1480,0.6539484858512878,-0.17671431601047516,-40.631126403808594,-0.6873341202735901,1.7583203315734863,0.00845557451248169,53,39,52,0.02252797596156597,0.5102040816326531,0.3,88,144,wall,both,1,1,1,1,1,1,0.0,3,3,0,alpha,full,huber,13.955799680392573,-3.909215137865928,1.8901424972311514,14.007709587331519,-4.598216913888345,2.158375001248768,13.998739252197012,-4.7026287433165175,2.21825722733288,117.1628490141214,0.02252797782421112,169,1.3102220296859741,1.0,1.0,disabled,single,3,row_1,row_2,-0.6873341202735901,-4.048067569732666,0.9663926079758172,0.03354328615075845,0.14753189374301406,3.360733449459076,-0.6531490194111035,0,72,0,disabled,0,0.0,50.0,alpha
1484,0.282650887966156,-0.03301302716135979,-36.511165618896484,-0.6143189668655396,1.66133713722229,0.015467464923858643,59,23,41,0.07557886838912964,0.5494505494505495,0.3,77,123,wall,both,1,1,1,1,1,1,0.0,4,4,0,alpha,full,huber,13.703599765405837,-3.0381971386442332,1.919585095595865,13.676648614413848,-3.689783554657698,1.9578194745064639,13.658014041485801,-3.929253203718814,2.0840347050421766,35.376534744737114,0.07557886838912964,117,1.3878525495529175,1.0,1.0,disabled,single,3,row_1,row_2,-0.6143189668655396,-3.891045331954956,0.9635429983346204,0.036375328231513175,0.15709590295541762,3.2767263650894165,-0.5771808019705175,0,72,0,disabled,0,0.0,50.0,alpha
1488,0.448877215385437,-0.08326064795255661,-30.25704574584961,-0.37655842304229736,1.3017345666885376,7.510185241699219e-06,67,4,64,0.028568215668201447,0.5263157894736842,0.3,120,135,wall,both,1,1,1,1,1,1,0.0,2,2,0,alpha,full,huber,13.47121473348503,-3.7987125566837356,1.7395987057650792,13.42065209760822,-3.2567598675631486,1.947107612249392,13.383753030053441,-3.304400785427999,2.0181924045475315,69.56927428161733,0.028568217530846596,92,1.225066602230072,1.0,1.0,disabled,single,3,row_1,row_2,-0.37655842304229736,-3.231445074081421,0.9454050869596513,0.054419734142566616,0.21300936299600495,2.8548866510391235,-0.32041664315334045,0,72,0,disabled,0,0.0,50.0,alpha
1492,1.3328897953033447,-0.7341302633285522,-24.530860900878906,-0.43589019775390625,1.4003993272781372,0.004594683647155762,80,0,40,0.028597716242074966,0.5555555555555556,0.3,120,120,wall,both,1,1,1,1,1,1,0.0,1,1,0,alpha,full,huber,13.43901849425199,-3.0398855771388047,1.8393722897494182,13.254956686634776,-2.8088002347379164,1.8728371255051457,13.18708927891499,-2.769600204166632,1.9538188663005993,63.20875191465586,0.028597712516784668,83,1.6943641901016235,1.0,1.0,disabled,single,3,row_1,row_2,-0.43589019775390625,-3.421572685241699,0.9517850356174565,0.048069924865569304,0.19421237056822196,2.985682487487793,-0.38647412514297647,0,72,0,disabled,0,0.0,50.0,alpha
1496,1.3799264430999756,-0.7868582606315613,-26.08955192565918,-0.5065479874610901,1.509140968322754,0.01032876968383789,75,0,45,0.03676195815205574,0.5555555555555556,0.3,120,120,wall,both,1,1,1,1,1,1,0.0,1,1,0,alpha,full,huber,13.266505967950433,-1.5973813300957511,1.9245387368393807,13.169327518207423,-2.228239898795976,1.8249924770356418,13.105680268788577,-2.294050635583614,1.8953606891069938,65.11914898163654,0.03676195815205574,92,2.174317479133606,1.0,1.0,disabled,single,3,row_1,row_2,-0.5065479874610901,-3.573737859725952,0.9553995860584004,0.044475558692845384,0.18315714123961802,3.067189872264862,-0.4609223761694916,0,72,0,disabled,0,0.0,50.0,alpha
1500,1.0795085430145264,-0.4815449118614197,-25.097278594970703,-0.3411649763584137,1.2385375499725342,0.008305907249450684,73,0,47,0.023104803636670113,0.5555555555555556,0.3,120,120,wall,both,1,1,1,1,1,1,0.0,3,3,0,alpha,full,huber,13.095542617513676,-2.0936159892869948,1.909663485292615,13.167231053338107,-1.9746288189535302,1.7639635938775566,13.088533254882748,-1.9667918320544766,1.8324376037174357,72.3499109039026,0.023104803636670113,87,1.1301345825195312,1.0,1.0,disabled,single,3,row_1,row_2,-0.3411649763584137,-3.136213779449463,0.9422042028964469,0.0575798813108914,0.22228143977344483,2.795048803091049,-0.2816317243587034,0,72,0,disabled,0,0.0,50.0,alpha
1504,1.6510677337646484,-1.1264564990997314,-25.59604835510254,-0.31472131609916687,1.1900081634521484,0.0026246309280395508,79,6,48,0.023424701765179634,0.5300353356890459,0.3,109,133,wall,both,1,1,1,1,1,1,0.0,3,3,0,alpha,full,huber,13.013044938675469,-1.93927451283718,1.8531550140314481,13.18332997409087,-1.6211657208222767,1.732648491599818,13.078712409542074,-1.5453168532595238,1.785460728174498,80.2457885407245,0.023424701765179634,112,1.8310884833335876,1.0,1.0,disabled,single,3,row_1,row_2,-0.31472131609916687,-3.044633626937866,0.9385402799482461,0.061216298153642094,0.23255463429577403,2.7299123108386993,-0.25129181171991,0,72,0,disabled,0,0.0,50.0,alpha
1508,0.5746269226074219,-0.13644467294216156,-24.763063430786133,-0.3548920452594757,1.2597684860229492,0.023330628871917725,70,0,50,0.030172022059559822,0.5555555555555556,0.3,120,120,wall,both,1,1,1,1,1,1,0.0,3,3,0,alpha,full,huber,12.888837416874894,-0.6640915425600231,1.8690423009695971,13.002956881132311,-1.1148572831977372,1.7994896013069983,13.002896616768382,-1.1519285399054966,1.7954607422701825,80.76961777435436,0.03017202392220497,127,1.255024790763855,1.0,1.0,disabled,single,3,row_1,row_2,-0.3526749312877655,-3.1243019104003906,0.940940371792277,0.05886535937679839,0.22567677364516966,2.771626979112625,-0.29179942303125356,0,72,0,disabled,0,0.0,50.0,alpha
1512,0.9572949409484863,-0.37868332862854004,-25.510414123535156,-0.533247709274292,1.5193006992340088,0.07051926851272583,78,2,38,0.020851705223321915,0.5597014925373135,0.3,116,118,wall,both,1,1,1,1,1,1,0.0,4,4,0,alpha,full,huber,13.148894996734091,-0.6549359096289558,2.0304015256186103,12.982820600528488,-0.5758700129506243,1.7656231655868453,12.932391171278173,-0.5748869357350723,1.7836751069449157,76.07780704186871,0.020851705223321915,83,1.2513148784637451,1.0,1.0,disabled,single,3,row_1,row_2,-0.5148237943649292,-3.574680805206299,0.9551009593345235,0.044788886552947244,0.18398465958854895,3.0598570108413696,-0.4688855668565714,0,72,0,disabled,0,0.0,50.0,alpha
1516,2.026233196258545,-1.6965376138687134,-33.08299255371094,-0.37247154116630554,1.294437050819397,0.0054953694343566895,62,17,49,0.0127568319439888,0.539568345323741,0.3,106,128,wall,both,1,1,1,1,1,1,0.0,4,4,0,alpha,full,huber,12.54081061251221,1.0681809797422994,1.8696608903660064,12.828640566356343,0.5717984989547316,1.7296017353918924,12.764920579856572,0.5665732394927552,1.7600510404623169,127.49188641961321,0.0127568319439888,143,2.077742576599121,1.0,1.0,disabled,single,3,row_1,row_2,-0.37247154116630554,-3.1339597702026367,0.9403528356960581,0.059428085406846146,0.22744257798145565,2.761488229036331,-0.3109714241428225,0,72,0,disabled,0,0.0,50.0,alpha
1520,1.5597805976867676,-1.0053369998931885,-21.72825050354004,-0.3622213304042816,1.2764134407043457,0.0064522624015808105,93,0,36,0.02205655910074711,0.5376344086021506,0.3,120,129,wall,both,1,1,1,1,1,1,0.0,4,4,0,alpha,full,huber,12.133486337007012,3.1572623841628924,1.855857907567776,12.19609829610495,2.6054210470493624,1.798186080202281,12.280786957336286,2.5821392894243225,1.7650560264602477,133.55427023586017,0.022056560963392258,250,2.5178122520446777,1.0,1.0,disabled,single,3,row_1,row_2,-0.3622213304042816,-3.090265989303589,0.9384489653291275,0.06132476859214921,0.2327083688298808,2.7280446588993073,-0.298694526992097,0,72,0,disabled,0,0.0,50.0,alpha
1524,1.4955836534500122,-0.9242852926254272,-27.796010971069336,-0.21570971608161926,0.9852265119552612,0.0011038780212402344,81,0,50,0.013744783587753773,0.5338078291814947,0.3,115,131,wall,both,1,1,1,1,1,1,0.0,2,2,0,alpha,full,huber,11.507148206105176,5.22194227016953,1.7921828021651898,11.800898774544985,4.431407175832754,1.7710070262775899,11.865090680103819,4.370595815647796,1.7585311985493988,184.80536280783338,0.013744783587753773,250,2.2353553771972656,1.0,1.0,disabled,single,3,row_1,row_2,-0.21570971608161926,-2.6664066314697266,0.9202662710011755,0.07935775214430511,0.2805077305218019,2.4506969153881073,-0.1326174902685099,0,72,0,disabled,0,0.0,50.0,alpha
1528,0.9519186019897461,-0.3744417428970337,-26.520721435546875,-0.15236742794513702,0.827990710735321,0.0021480917930603027,94,3,43,0.009961660020053387,0.5172413793103449,0.3,120,140,wall,both,1,1,1,1,1,1,0.0,4,4,0,alpha,full,huber,11.126182221697258,6.275205861818514,1.668947048932468,11.32285384102094,5.518759292530268,1.8223452386126422,11.477061184362888,5.474783066656947,1.7856971787628755,181.57817622378982,0.009961660020053387,250,1.7770002484321594,1.0,1.0,disabled,single,3,row_1,row_2,-0.15236742794513702,-2.4539201259613037,0.9084961298441184,0.09094345410081289,0.3094177634608646,2.3015526980161667,-0.05640277684972127,0,72,0,disabled,0,0.0,50.0,alpha
1532,0.47288814187049866,-0.09240628033876419,-23.44598388671875,-0.26545026898384094,1.0929042100906372,0.002170860767364502,84,5,41,0.012331445701420307,0.5357142857142857,0.3,107,130,wall,both,1,1,1,1,1,1,0.0,2,2,0,alpha,full,huber,11.302408074944319,6.833833736457568,1.8004076547713925,11.273024414254904,6.348086095571536,1.767331759244637,11.294692688044798,6.276480785233195,1.773116604983091,155.22181819777015,0.012331446632742882,218,0.8835670650005341,1.0,1.0,disabled,single,3,row_1,row_2,-0.26545026898384094,-2.8657026290893555,0.9305917143952577,0.06910093596470283,0.2540781036215933,2.6002523601055145,-0.19351562586440307,0,72,0,disabled,0,0.0,50.0,alpha
1536,0.5868675708770752,-0.14231964945793152,-33.10269546508789,-0.2433660328388214,0.9904969930648804,0.0788041353225708,120,28,9,0.01524975337088108,0.4885993485342019,0.3,99,157,wall,both,1,1,1,1,1,1,0.0,3,3,0,alpha,full,huber,9.17111950660889,6.932340167040528,2.1468061019380587,10.936286506470571,7.263425872306636,1.8092565985082272,11.007019276227513,7.260734919245527,1.7867915247636255,195.41911899499482,0.015249751508235931,246,1.8472540378570557,1.0,1.0,disabled,single,3,row_1,row_2,-0.2433660328388214,-0.5325050950050354,0.5608821676061196,0.42004917232016625,0.7641770599083567,0.289139062166214,0.33487840259988255,0,72,0,disabled,0,0.0,50.0,alpha
1540,1.0342321395874023,-0.4419983923435211,-26.146644592285156,-0.277127742767334,1.1167136430740356,0.0011767148971557617,85,25,25,0.015015159733593464,0.5263157894736842,0.3,77,135,wall,both,1,1,1,1,1,1,0.0,1,1,0,alpha,full,huber,11.063841760854688,8.322220638315473,1.7956691022820737,10.89639372460966,7.785604525227946,1.772599101835748,10.914853453299415,7.692162456095782,1.7775418905690552,161.28601292582638,0.015015159733593464,229,1.292165756225586,1.0,1.0,disabled,single,3,row_1,row_2,-0.277127742767334,-2.8611645698547363,0.9295505999533749,0.07015200701064177,0.2567226463735783,2.5840368270874023,-0.2040737072846721,0,72,0,disabled,0,0.0,50.0,alpha
1544,0.43288469314575195,-0.07743353396654129,0.0,-0.0004788939841091633,0.04642222076654434,3.3974647521972656e-06,0,0,0,0.011811628937721252,0.5,0.3,0,0,wall,both,1,1,1,1,1,1,0.0,0,0,0,alpha,full,huber,9.868722826673752,8.380998018069715,1.7749282655440695,10.455651980535492,8.713012923423623,1.8442666629526736,10.5606069041234,8.738442475843378,1.8085154804136243,141.7409519808729,0.011811630800366402,175,1.4289441108703613,1.0,1.0,disabled,single,3,row_1,row_2,-0.0004788939841091633,-1.3078302145004272,0.7844489381219318,0.21222141947152456,0.5384086453053825,1.307351320516318,0.24229490337931808,0,72,0,disabled,0,0.0,50.0,alpha
1548,0.15930303931236267,-0.01048655342310667,0.0,-0.07792381197214127,0.5813276767730713,0.026311159133911133,0,0,0,0.008491955697536469,0.5,0.3,0,0,wall,both,1,1,1,1,1,1,0.0,0,0,0,alpha,full,huber,10.245770553423826,9.742932079137146,1.9053858548331846,10.386891656870606,9.289329967307985,1.8127704095484765,10.420311129207242,9.226128393849187,1.808978650302553,181.14574961742213,0.008491955697536469,235,0.7324985861778259,1.0,1.0,disabled,single,3,row_1,row_2,-0.07792381197214127,-2.0764641761779785,0.8798390863767471,0.11924720247404019,0.37261376923765493,1.9985403642058372,0.0500924326480717,0,72,0,disabled,0,0.0,50.0,alpha
1552,0.683907687664032,-0.19327674806118011,0.0,-0.022882947698235512,0.3208937644958496,0.00015783309936523438,0,0,0,0.008590740151703358,0.5,0.3,0,0,wall,both,1,1,1,1,1,1,0.0,0,0,0,alpha,full,huber,9.428224130503084,10.522374482460421,1.6932499048233174,9.989870368773808,10.02872073398715,1.892570536021485,10.100878146495358,10.008137461771785,1.8487907393095533,194.74085373761065,0.008590741083025932,250,1.4911848902702332,1.0,1.0,disabled,single,3,row_1,row_2,-0.022882947698235512,-1.255905270576477,0.7715557434904267,0.22483945174429285,0.5559223112257549,1.2330223228782415,0.23646340870078258,0,72,0,disabled,0,0.0,50.0,alpha
1556,0.8271483182907104,-0.28271669149398804,0.0,-0.31801775097846985,1.1961146593093872,0.004605710506439209,0,0,0,0.006303980480879545,0.5,0.3,0,0,wall,both,1,1,1,1,1,1,0.0,0,0,0,alpha,full,huber,10.635264013942896,10.86768418569432,1.5794714495267286,9.955011877988973,10.83247610313958,1.8288744953217175,9.920894484025157,10.811077867471681,1.8414317860668916,219.23402563145024,0.006303979549556971,250,1.8363448977470398,1.0,1.0,disabled,single,3,row_1,row_2,-0.31801775097846985,-2.9327588081359863,0.9315576336905943,0.06817766393258871,0.2513257175285328,2.6147410571575165,-0.2471205320408897,0,72,0,disabled,0,0.0,50.0,alpha
1560,0.12301486730575562,-0.0062531642615795135,0.0,-0.06577464193105698,0.5424260497093201,0.00978851318359375,0,0,0,0.00786227360367775,0.5,0.3,0,0,wall,both,1,1,1,1,1,1,0.0,0,0,0,alpha,full,huber,9.068263072481358,10.19564642427362,1.8155165878990633,9.62089908227481,10.932949331078593,1.9079356836050139,9.725523610763346,10.987583602679194,1.8904289902471483,200.58920202640618,0.00786227360367775,250,1.242750644683838,1.0,1.0,disabled,single,3,row_1,row_2,-0.06577464193105698,-0.844889760017395,0.6800311405258248,0.31200632933260797,0.664118026233125,0.779115118086338,0.3198420450385629,0,72,0,disabled,0,0.0,50.0,alpha
1564,0.06517329812049866,-0.0017551896162331104,0.0,-0.04296696558594704,0.4394643306732178,0.0034800171852111816,0,0,0,0.008220025338232517,0.5,0.3,0,0,wall,both,1,1,1,1,1,1,0.0,0,0,0,alpha,full,huber,9.365728305193777,10.623207811799997,1.7589352335217887,9.424916876531052,11.01334291636685,1.9421391608194687,9.52066578488516,11.121166022954746,1.9380012393632882,191.3504507504555,0.008220026269555092,250,0.6574843525886536,1.0,1.0,disabled,single,3,row_1,row_2,-0.04296696558594704,-1.226532220840454,0.7625717746802186,0.23348816241426407,0.5681535217613524,1.183565255254507,0.22809167861648671,0,72,0,disabled,0,0.0,50.0,alpha
1568,0.7091532945632935,-0.20780925452709198,0.0,-0.6778885722160339,1.7465672492980957,0.00029653310775756836,0,0,0,0.009017780423164368,0.5,0.3,0,0,wall,both,1,1,1,1,1,1,0.0,0,0,0,alpha,full,huber,9.832858976228536,11.988053001266056,1.6998368683343132,9.40829220874723,11.422418948515396,1.9399934976600617,9.400060091643933,11.439721540793494,1.9630962220227506,201.47082262080838,0.009017780423164368,246,1.4728681445121765,1.0,1.0,disabled,single,3,row_1,row_2,-0.6778885722160339,-2.6255245208740234,0.8743438787831127,0.12469089111168878,0.38370610779463776,1.9476359486579895,-0.5436070454919649,0,72,0,disabled,0,0.0,50.0,alpha
1572,0.8573172092437744,-0.3037160336971283,0.0,-0.873977541923523,1.9815096855163574,0.01883852481842041,0,0,0,0.007697995752096176,0.5,0.3,0,0,wall,both,1,1,1,1,1,1,0.0,0,0,0,alpha,full,huber,10.209465369919725,12.143913354152053,1.4810724936402968,9.532570248630098,12.033010663113714,1.8156415322862287,9.36583749268068,12.024892745793803,1.9079129018295093,202.9440570791693,0.007697995752096176,250,1.6740623712539673,1.0,1.0,disabled,single,3,row_1,row_2,-0.873977541923523,-3.2625622749328613,0.9155741778941381,0.08401258863222102,0.29205833917815094,2.3885847330093384,-0.7857736482347478,0,72,0,disabled,0,0.0,50.0,alpha
1576,1.079952359199524,-0.48194095492362976,-43.32738494873047,-1.2483494281768799,2.322157621383667,0.1107182502746582,12,0,50,0.014146064408123493,0.7075471698113207,0.3,62,62,wall,both,1,1,1,1,1,1,0.0,1,1,0,alpha,full,huber,10.537759505224056,12.383713473421373,1.200460285997746,9.752904668955393,12.234737994462092,1.707087770041133,9.55364139562116,12.211872066315017,1.809402665128653,183.79823473868518,0.014146064408123493,250,1.831675946712494,1.0,1.0,disabled,single,3,row_1,row_2,-1.2483494281768799,-4.050344944000244,0.9426112459208331,0.0572059794831397,0.2209546174818181,2.8019955158233643,-1.189248094358835,0,72,0,disabled,0,0.0,50.0,alpha
1580,2.4304327964782715,-2.440910577774048,-35.691959381103516,-0.44519513845443726,1.3689700365066528,0.08390241861343384,38,0,55,0.014889384619891644,0.6172839506172839,0.3,93,93,wall,both,1,1,1,1,1,1,0.0,2,2,0,alpha,full,huber,10.172153411704624,11.503123718532663,1.2629247514151256,10.027447578395192,12.194575703975968,1.5420031196537323,9.81273953707074,12.208506323108766,1.6758592682315214,163.65650093572663,0.014889386482536793,250,2.359223961830139,1.0,1.0,disabled,single,3,row_1,row_2,-0.44519513845443726,-2.680433511734009,0.9028711770211572,0.09657708607168262,0.3221312042988196,2.2352383732795715,-0.3430197416060839,0,72,0,disabled,0,0.0,50.0,alpha
1584,0.12579573690891266,-0.006539077498018742,-46.35478210449219,-1.0382955074310303,2.1271939277648926,0.08957570791244507,20,0,77,0.01257013063877821,0.6072874493927126,0.3,97,97,wall,both,1,1,1,1,1,1,0.0,1,1,0,alpha,full,huber,9.907963204611526,12.36195064174391,1.2489964769419482,9.994156681844123,12.246152534256165,1.6395607571259985,9.912447993332972,12.22988478370145,1.6576969996616828,159.75030206159013,0.012570131570100784,202,0.5693045854568481,1.0,1.0,disabled,single,3,row_1,row_2,-1.0382955074310303,-3.1459555625915527,0.8910148356361517,0.1082778948375851,0.3486561830843387,2.1076600551605225,-0.9229013063267087,0,72,0,disabled,0,0.0,50.0,alpha
1588,0.7128870487213135,-0.21000327169895172,-46.72417068481445,-1.2023016214370728,2.2684695720672607,0.1199803352355957,11,0,97,0.027925478294491768,0.5813953488372093,0.3,108,108,wall,both,1,1,1,1,1,1,0.0,1,1,0,alpha,full,huber,9.828933224808118,12.513727955256032,2.1703771228668725,9.927720636164512,12.299967974485034,1.8186635704391603,9.920823980077024,12.268705639524436,1.7381751206319436,69.75428244013528,0.02792547456920147,87,1.0804470777511597,1.0,1.0,disabled,single,3,row_1,row_2,-1.2023016214370728,-3.23256516456604,0.8832059186753324,0.11596574360818182,0.36541300527030585,2.0302635431289673,-1.078104719354013,0,72,0,disabled,0,0.0,50.0,alpha
1592,1.6086244583129883,-1.0692862272262573,0.0,-1.2634611129760742,2.3358025550842285,0.1118057370185852,0,0,0,0.039809420704841614,0.5,0.3,0,0,wall,both,1,1,1,1,1,1,0.0,0,0,0,alpha,full,huber,10.527804030354034,12.402893604232904,1.1980880261735614,10.060802342310412,12.343200000317326,1.742098999074362,9.997559103438995,12.311174794619122,1.7401055714325135,56.55203329400303,0.039809420704841614,80,2.185046434402466,1.0,1.0,disabled,single,3,row_1,row_2,-1.2634611129760742,-4.05832576751709,0.9422230106570515,0.057591635128399564,0.22205587872683957,2.7948646545410156,-1.2039478222255646,0,72,0,disabled,0,0.0,50.0,alpha
